Iter,Loss,ErrorLambda1,ErrorLambda2
1.000000000000000000e+00,3.239786028861999512e-01,1.000000000000000000e+02,2.212770308849790979e+01
2.000000000000000000e+00,2.884890735149383545e-01,1.000001260383783119e+02,2.212770308849790979e+01
3.000000000000000000e+00,2.176474928855895996e-01,1.000217258435441181e+02,2.212755679669520958e+01
4.000000000000000000e+00,2.317865490913391113e-01,1.001784275751560926e+02,2.212622554129064056e+01
5.000000000000000000e+00,2.117612063884735107e-01,1.000750469975173473e+02,2.212711060669697716e+01
6.000000000000000000e+00,2.103666663169860840e-01,1.001317061833105981e+02,2.212667173128887654e+01
7.000000000000000000e+00,2.054954469203948975e-01,1.003869558218866587e+02,2.212459438769053932e+01
8.000000000000000000e+00,1.873075515031814575e-01,1.014365466311573982e+02,2.211564132936531379e+01
9.000000000000000000e+00,2.016478478908538818e-01,1.044538639485836029e+02,2.209090338552878308e+01
1.000000000000000000e+01,1.733556389808654785e-01,1.027920883148908615e+02,2.210453046695026558e+01
1.100000000000000000e+01,1.574391424655914307e-01,1.037493683397769928e+02,2.209981987090333533e+01
1.200000000000000000e+01,1.191437765955924988e-01,1.075999520719051361e+02,2.209346349207603311e+01
1.300000000000000000e+01,1.108313649892807007e-01,1.072006762027740479e+02,2.214675028120941747e+01
1.400000000000000000e+01,1.020022854208946228e-01,1.071331873536109924e+02,2.217518209306411592e+01
1.500000000000000000e+01,9.813528507947921753e-02,1.069102004170417786e+02,2.225510861946912655e+01
1.600000000000000000e+01,9.538559615612030029e-02,1.057775489985942841e+02,2.241287701409067878e+01
1.700000000000000000e+01,8.895353227853775024e-02,1.010881766676902771e+02,2.294306776543513848e+01
1.800000000000000000e+01,1.704301238059997559e-01,7.530586272478103638e+01,2.578177242174229988e+01
1.900000000000000000e+01,8.013344556093215942e-02,8.965898603200912476e+01,2.421462879991128858e+01
2.000000000000000000e+01,7.338376343250274658e-02,8.887945860624313354e+01,2.439935877377040896e+01
2.100000000000000000e+01,7.198812812566757202e-02,8.833764418959617615e+01,2.452704225916675540e+01
2.200000000000000000e+01,7.115666568279266357e-02,8.797941356897354126e+01,2.456740416753161682e+01
2.300000000000000000e+01,7.038918137550354004e-02,8.929633274674415588e+01,2.443639985821398497e+01
2.400000000000000000e+01,6.838373839855194092e-02,8.852166756987571716e+01,2.463320622038596852e+01
2.500000000000000000e+01,6.066494807600975037e-02,8.692611455917358398e+01,2.546453133299774052e+01
2.600000000000000000e+01,5.526970326900482178e-02,8.532964885234832764e+01,2.645496341022576914e+01
2.700000000000000000e+01,6.337238848209381104e-02,8.453985303640365601e+01,2.722120329981641973e+01
2.800000000000000000e+01,4.933660849928855896e-02,8.500153422355651855e+01,2.677428184256865862e+01
2.900000000000000000e+01,4.533229023218154907e-02,8.998378664255142212e+01,2.633795191183636675e+01
3.000000000000000000e+01,4.198475927114486694e-02,9.062985107302665710e+01,2.643448255784780088e+01
3.100000000000000000e+01,4.065958783030509949e-02,9.152665212750434875e+01,2.662037555153838397e+01
3.200000000000000000e+01,4.031973332166671753e-02,9.191087484359741211e+01,2.648824479533995913e+01
3.300000000000000000e+01,3.995195403695106506e-02,9.179570376873016357e+01,2.647614646325669341e+01
3.400000000000000000e+01,3.939760848879814148e-02,9.186199754476547241e+01,2.651042994721938229e+01
3.500000000000000000e+01,3.878688067197799683e-02,9.195500537753105164e+01,2.647295730195783747e+01
3.600000000000000000e+01,3.755550831556320190e-02,9.227205663919448853e+01,2.643753274193409553e+01
3.700000000000000000e+01,3.677668794989585876e-02,9.276776015758514404e+01,2.629919921330120047e+01
3.800000000000000000e+01,3.647477924823760986e-02,9.295267090201377869e+01,2.632341050664800974e+01
3.900000000000000000e+01,3.632155805826187134e-02,9.297525286674499512e+01,2.633441165021103103e+01
4.000000000000000000e+01,3.597799316048622131e-02,9.297898486256599426e+01,2.634395719033719274e+01
4.100000000000000000e+01,3.520628437399864197e-02,9.292235895991325378e+01,2.628960978563423367e+01
4.200000000000000000e+01,3.461319580674171448e-02,9.282653182744979858e+01,2.620453378777418862e+01
4.300000000000000000e+01,3.428820148110389709e-02,9.285689368844032288e+01,2.614810903947289589e+01
4.400000000000000000e+01,3.403373807668685913e-02,9.258629158139228821e+01,2.611689768336690065e+01
4.500000000000000000e+01,3.352019563317298889e-02,9.214566051959991455e+01,2.606907489306434655e+01
4.600000000000000000e+01,3.241993486881256104e-02,9.104508608579635620e+01,2.603585933926136775e+01
4.700000000000000000e+01,3.125390410423278809e-02,8.871769011020660400e+01,2.611961139630697915e+01
4.800000000000000000e+01,3.107642941176891327e-02,8.832481950521469116e+01,2.629399853971522560e+01
4.900000000000000000e+01,3.068673238158226013e-02,8.813848495483398438e+01,2.625637960265098059e+01
5.000000000000000000e+01,3.062312677502632141e-02,8.791269138455390930e+01,2.627449052782521122e+01
5.100000000000000000e+01,3.058637306094169617e-02,8.777164295315742493e+01,2.627575595191856550e+01
5.200000000000000000e+01,3.051593154668807983e-02,8.736615031957626343e+01,2.630219088066640865e+01
5.300000000000000000e+01,3.041009232401847839e-02,8.669942170381546021e+01,2.632080651255995818e+01
5.400000000000000000e+01,3.022906742990016937e-02,8.581471592187881470e+01,2.635677235225369230e+01
5.500000000000000000e+01,2.995265461504459381e-02,8.450193256139755249e+01,2.641206333908406378e+01
5.600000000000000000e+01,2.964791655540466309e-02,8.336588144302368164e+01,2.649528874563995373e+01
5.700000000000000000e+01,2.920228615403175354e-02,8.217654824256896973e+01,2.662037555153838397e+01
5.800000000000000000e+01,2.863452583551406860e-02,8.147841095924377441e+01,2.680503237949615070e+01
5.900000000000000000e+01,2.786237746477127075e-02,8.109357804059982300e+01,2.700610314771683207e+01
6.000000000000000000e+01,2.757103927433490753e-02,8.069048523902893066e+01,2.715175858107484075e+01
6.100000000000000000e+01,2.732452563941478729e-02,8.015448302030563354e+01,2.727244200371201188e+01
6.200000000000000000e+01,2.712987177073955536e-02,7.912157028913497925e+01,2.743109546373989716e+01
6.300000000000000000e+01,2.697250619530677795e-02,7.999528646469116211e+01,2.747555354258035010e+01
6.400000000000000000e+01,2.668838016688823700e-02,7.984933853149414062e+01,2.747046258784639861e+01
6.500000000000000000e+01,2.650832571089267731e-02,7.986301034688949585e+01,2.736508128777163051e+01
6.600000000000000000e+01,2.638449147343635559e-02,7.960578352212905884e+01,2.744276223500520118e+01
6.700000000000000000e+01,2.626372501254081726e-02,7.975501716136932373e+01,2.753410683661092762e+01
6.800000000000000000e+01,2.616456337273120880e-02,8.013684302568435669e+01,2.753808597364436039e+01
6.900000000000000000e+01,2.607021480798721313e-02,8.065941929817199707e+01,2.754765345754092820e+01
7.000000000000000000e+01,2.598980441689491272e-02,8.091399520635604858e+01,2.756820745582024301e+01
7.100000000000000000e+01,2.581840194761753082e-02,8.150691986083984375e+01,2.756592530369812266e+01
7.200000000000000000e+01,2.558037824928760529e-02,8.177999258041381836e+01,2.755569950668941459e+01
7.300000000000000000e+01,2.515453658998012543e-02,8.179885149002075195e+01,2.750787671638686405e+01
7.400000000000000000e+01,2.472343668341636658e-02,8.090410530567169189e+01,2.751714430208789253e+01
7.500000000000000000e+01,2.434317022562026978e-02,7.930819690227508545e+01,2.750345870394532710e+01
7.600000000000000000e+01,2.411991916596889496e-02,7.881035357713699341e+01,2.750597492295176494e+01
7.700000000000000000e+01,2.395633980631828308e-02,7.858653515577316284e+01,2.745766936970030514e+01
7.800000000000000000e+01,2.378081157803535461e-02,7.837493270635604858e+01,2.739784333698623797e+01
7.900000000000000000e+01,2.327024564146995544e-02,7.793728560209274292e+01,2.708973085673014936e+01
8.000000000000000000e+01,2.283431403338909149e-02,7.755068093538284302e+01,2.687996304083896604e+01
8.100000000000000000e+01,2.225196175277233124e-02,7.633372694253921509e+01,2.651851988390867376e+01
8.200000000000000000e+01,2.185569889843463898e-02,7.492887377738952637e+01,2.640311759534897362e+01
8.300000000000000000e+01,2.127367630600929260e-02,7.290683984756469727e+01,2.627952296583808689e+01
8.400000000000000000e+01,2.066703140735626221e-02,6.809870004653930664e+01,2.582418972993509243e+01
8.500000000000000000e+01,1.977374218404293060e-02,6.817061901092529297e+01,2.599970332022412833e+01
8.600000000000000000e+01,1.930162683129310608e-02,6.911219954490661621e+01,2.595928289513818044e+01
8.700000000000000000e+01,1.920923590660095215e-02,6.750418543815612793e+01,2.574544816713194706e+01
8.800000000000000000e+01,1.900673657655715942e-02,6.820623278617858887e+01,2.583890668528668755e+01
8.900000000000000000e+01,1.898596808314323425e-02,6.802615225315093994e+01,2.582921485335782918e+01
9.000000000000000000e+01,1.886717230081558228e-02,6.811124384403228760e+01,2.583380841596260069e+01
9.100000000000000000e+01,1.877392455935478210e-02,6.837802529335021973e+01,2.574835937400567332e+01
9.200000000000000000e+01,1.875286363065242767e-02,6.863747239112854004e+01,2.564738145719216433e+01
9.300000000000000000e+01,1.865619979798793793e-02,6.822892129421234131e+01,2.562744919907432717e+01
9.400000000000000000e+01,1.854381337761878967e-02,6.790353059768676758e+01,2.564525291146288311e+01
9.500000000000000000e+01,1.837628893554210663e-02,6.628274321556091309e+01,2.562943876759104000e+01
9.600000000000000000e+01,1.812275499105453491e-02,6.575542986392974854e+01,2.556103272064863674e+01
9.700000000000000000e+01,1.791884563863277435e-02,6.539097130298614502e+01,2.551934687146933811e+01
9.800000000000000000e+01,1.783309876918792725e-02,6.487607955932617188e+01,2.547608107082088935e+01
9.900000000000000000e+01,1.772272959351539612e-02,6.443762779235839844e+01,2.546587721758257672e+01
1.000000000000000000e+02,1.734899729490280151e-02,6.217896044254302979e+01,2.526975842688328200e+01
1.010000000000000000e+02,1.697024144232273102e-02,6.111364364624023438e+01,2.513233190742712964e+01
1.020000000000000000e+02,1.655144430696964264e-02,5.866624712944030762e+01,2.479194745549547108e+01
1.030000000000000000e+02,1.631504110991954803e-02,5.892740786075592041e+01,2.467671340250887724e+01
1.040000000000000000e+02,1.606499031186103821e-02,5.894985795021057129e+01,2.483919970776749508e+01
1.050000000000000000e+02,1.598178967833518982e-02,5.886821448802947998e+01,2.482042315489098172e+01
1.060000000000000000e+02,1.593629643321037292e-02,5.859246551990509033e+01,2.476339861019861743e+01
1.070000000000000000e+02,1.585253328084945679e-02,5.839970409870147705e+01,2.470231446798133135e+01
1.080000000000000000e+02,1.555531471967697144e-02,5.706946551799774170e+01,2.439657922951911218e+01
1.090000000000000000e+02,1.527151279151439667e-02,5.700720548629760742e+01,2.418441222806365332e+01
1.100000000000000000e+02,1.487052906304597855e-02,5.616097450256347656e+01,2.406258772936543266e+01
1.110000000000000000e+02,1.461571175605058670e-02,5.637261271476745605e+01,2.405705058463324519e+01
1.120000000000000000e+02,1.452820375561714172e-02,5.685454607009887695e+01,2.411076893458459836e+01
1.130000000000000000e+02,1.448488235473632812e-02,5.699246227741241455e+01,2.405280812235495347e+01
1.140000000000000000e+02,1.442926377058029175e-02,5.721349418163299561e+01,2.402108474493951107e+01
1.150000000000000000e+02,1.426266506314277649e-02,5.730753839015960693e+01,2.382740902734530408e+01
1.160000000000000000e+02,1.410572230815887451e-02,5.748548507690429688e+01,2.367958116071719843e+01
1.170000000000000000e+02,1.384390331804752350e-02,5.629708468914031982e+01,2.333332309290714335e+01
1.180000000000000000e+02,1.361188013106584549e-02,5.514435172080993652e+01,2.303373942474844682e+01
1.190000000000000000e+02,1.350883860141038895e-02,5.474646687507629395e+01,2.289417704497288142e+01
1.200000000000000000e+02,1.335019245743751526e-02,5.456182956695556641e+01,2.302341853806797900e+01
1.210000000000000000e+02,1.326873246580362320e-02,5.477242469787597656e+01,2.314841025429465304e+01
1.220000000000000000e+02,1.324054412543773651e-02,5.451779663562774658e+01,2.310210889874017681e+01
1.230000000000000000e+02,1.321111246943473816e-02,5.444818437099456787e+01,2.305563930761260139e+01
1.240000000000000000e+02,1.315566524863243103e-02,5.431512296199798584e+01,2.291854925930265807e+01
1.250000000000000000e+02,1.306537538766860962e-02,5.414429306983947754e+01,2.272379829695860920e+01
1.260000000000000000e+02,1.465900614857673645e-02,5.325565338134765625e+01,2.185900161988913126e+01
1.270000000000000000e+02,1.297819428145885468e-02,5.389173626899719238e+01,2.247900090891096880e+01
1.280000000000000000e+02,1.291595958173274994e-02,5.311280786991119385e+01,2.163832775010668286e+01
1.290000000000000000e+02,1.282616518437862396e-02,5.342350602149963379e+01,2.197476232336545010e+01
1.300000000000000000e+02,1.268321089446544647e-02,5.335513651371002197e+01,2.191673567982459048e+01
1.310000000000000000e+02,1.290115900337696075e-02,5.235361456871032715e+01,2.148452386333829622e+01
1.320000000000000000e+02,1.251024473458528519e-02,5.292490124702453613e+01,2.173135470744345810e+01
1.330000000000000000e+02,1.237984001636505127e-02,5.185569226741790771e+01,2.154205311474997231e+01
1.340000000000000000e+02,1.230543665587902069e-02,5.174466669559478760e+01,2.144438139267748156e+01
1.350000000000000000e+02,1.219814736396074295e-02,5.128914117813110352e+01,2.109170842931904133e+01
1.360000000000000000e+02,1.207350008189678192e-02,5.107460618019104004e+01,2.077531583303014528e+01
1.370000000000000000e+02,1.184224709868431091e-02,5.018150508403778076e+01,1.989249600586805755e+01
1.380000000000000000e+02,1.165486313402652740e-02,4.982116818428039551e+01,1.934285575935466639e+01
1.390000000000000000e+02,1.149967871606349945e-02,4.945383071899414062e+01,1.934612538114500424e+01
1.400000000000000000e+02,1.141168549656867981e-02,4.883379340171813965e+01,1.951827425997194254e+01
1.410000000000000000e+02,1.137835346162319183e-02,4.827194213867187500e+01,1.955065595049953586e+01
1.420000000000000000e+02,1.135479845106601715e-02,4.827231764793395996e+01,1.956447321126452721e+01
1.430000000000000000e+02,1.134483702480792999e-02,4.812519550323486328e+01,1.949094695122763099e+01
1.440000000000000000e+02,1.132838986814022064e-02,4.792398214340209961e+01,1.951336616999136808e+01
1.450000000000000000e+02,1.127322670072317123e-02,4.749114513397216797e+01,1.955012198541967905e+01
1.460000000000000000e+02,1.119397860020399094e-02,4.718759655952453613e+01,1.959763756293656201e+01
1.470000000000000000e+02,1.109827775508165359e-02,4.729362726211547852e+01,1.949301698023582929e+01
1.480000000000000000e+02,1.101186871528625488e-02,4.755165576934814453e+01,1.921159543938230740e+01
1.490000000000000000e+02,1.097293198108673096e-02,4.822968840599060059e+01,1.904751455347426159e+01
1.500000000000000000e+02,1.092181727290153503e-02,4.806291460990905762e+01,1.906612287077767220e+01
1.510000000000000000e+02,1.087955571711063385e-02,4.783285856246948242e+01,1.893900992341185230e+01
1.520000000000000000e+02,1.080681942403316498e-02,4.761407971382141113e+01,1.865348489749260352e+01
1.530000000000000000e+02,1.071712933480739594e-02,4.731708765029907227e+01,1.826420241050855253e+01
1.540000000000000000e+02,1.061253156512975693e-02,4.707392454147338867e+01,1.785073057394809126e+01
1.550000000000000000e+02,1.052356231957674026e-02,4.669883251190185547e+01,1.751480802199877473e+01
1.560000000000000000e+02,1.045455411076545715e-02,4.676674604415893555e+01,1.746031432549311901e+01
1.570000000000000000e+02,1.038976758718490601e-02,4.629984498023986816e+01,1.717783216907001886e+01
1.580000000000000000e+02,1.036999095231294632e-02,4.623118042945861816e+01,1.727259999885892228e+01
1.590000000000000000e+02,1.033809874206781387e-02,4.614936709403991699e+01,1.730364311939181121e+01
1.600000000000000000e+02,1.031830161809921265e-02,4.603401422500610352e+01,1.723030703869842384e+01
1.610000000000000000e+02,1.028007175773382187e-02,4.571862816810607910e+01,1.692826566825437240e+01
1.620000000000000000e+02,1.021778583526611328e-02,4.533485770225524902e+01,1.641151181898788636e+01
1.630000000000000000e+02,1.014284044504165649e-02,4.489622712135314941e+01,1.562244309358593952e+01
1.640000000000000000e+02,9.980659000575542450e-03,4.444676041603088379e+01,1.455440321502569034e+01
1.650000000000000000e+02,9.738315828144550323e-03,4.295189380645751953e+01,1.237766165134479479e+01
1.660000000000000000e+02,9.631221182644367218e-03,4.224041104316711426e+01,1.168921242783974002e+01
1.670000000000000000e+02,9.462646208703517914e-03,4.149541854858398438e+01,1.158611327988708695e+01
1.680000000000000000e+02,9.412216022610664368e-03,4.080117344856262207e+01,1.169350609224897752e+01
1.690000000000000000e+02,9.423152543604373932e-03,4.036002159118652344e+01,1.218253764490386004e+01
1.700000000000000000e+02,9.396581910550594330e-03,4.060650467872619629e+01,1.190963028696746306e+01
1.710000000000000000e+02,9.379496797919273376e-03,4.017505645751953125e+01,1.181334102243048356e+01
1.720000000000000000e+02,9.370590560138225555e-03,4.000754952430725098e+01,1.190236689896341993e+01
1.730000000000000000e+02,9.361825883388519287e-03,3.995469808578491211e+01,1.190538782468916956e+01
1.740000000000000000e+02,9.325403720140457153e-03,3.982706665992736816e+01,1.194629101272402316e+01
1.750000000000000000e+02,9.257302619516849518e-03,3.987047076225280762e+01,1.195163066352256465e+01
1.760000000000000000e+02,9.107118472456932068e-03,3.963602781295776367e+01,1.154428113890509167e+01
1.770000000000000000e+02,8.955708704888820648e-03,3.973091244697570801e+01,1.076102751266045843e+01
1.780000000000000000e+02,8.996862918138504028e-03,3.908612132072448730e+01,1.048174914671648672e+01
1.790000000000000000e+02,8.877535350620746613e-03,3.942328691482543945e+01,1.062790928679381430e+01
1.800000000000000000e+02,8.763358928263187408e-03,3.871365189552307129e+01,9.490432004082126838e+00
1.810000000000000000e+02,8.692975156009197235e-03,3.838587403297424316e+01,8.945560870336748849e+00
1.820000000000000000e+02,8.648168295621871948e-03,3.747265934944152832e+01,8.092240785189067864e+00
1.830000000000000000e+02,8.603669703006744385e-03,3.703978657722473145e+01,7.379214538830453307e+00
1.840000000000000000e+02,8.563931100070476532e-03,3.657821416854858398e+01,6.697860467756336256e+00
1.850000000000000000e+02,8.496464230120182037e-03,3.652582764625549316e+01,6.267901545031616450e+00
1.860000000000000000e+02,8.413638919591903687e-03,3.606834411621093750e+01,4.837087254136510417e+00
1.870000000000000000e+02,8.269795216619968414e-03,3.613655567169189453e+01,4.405709300925603422e+00
1.880000000000000000e+02,8.138883858919143677e-03,3.565242886543273926e+01,3.369641495845385748e+00
1.890000000000000000e+02,8.055827580392360687e-03,3.501486778259277344e+01,1.471439524504827734e+00
1.900000000000000000e+02,7.968615740537643433e-03,3.536593317985534668e+01,2.546545297135474950e+00
1.910000000000000000e+02,7.896071299910545349e-03,3.453946113586425781e+01,2.091614363689906497e+00
1.920000000000000000e+02,7.831841707229614258e-03,3.445873260498046875e+01,2.114165245076073951e+00
1.930000000000000000e+02,7.775174453854560852e-03,3.412553668022155762e+01,1.804919003349058082e+00
1.940000000000000000e+02,7.703421171754598618e-03,3.386430740356445312e+01,1.912180153088519852e+00
1.950000000000000000e+02,7.678831927478313446e-03,3.333503007888793945e+01,2.474672134469084295e+00
1.960000000000000000e+02,7.648264989256858826e-03,3.316109776496887207e+01,2.391344323651303228e+00
1.970000000000000000e+02,7.633416447788476944e-03,3.341237902641296387e+01,2.528324653109220055e+00
1.980000000000000000e+02,7.616329938173294067e-03,3.314692974090576172e+01,2.583520550267838445e+00
1.990000000000000000e+02,7.587921340018510818e-03,3.263333439826965332e+01,2.766275584790509612e+00
2.000000000000000000e+02,7.545163854956626892e-03,3.232346177101135254e+01,2.988390428829549972e+00
2.010000000000000000e+02,7.490372285246849060e-03,3.216055035591125488e+01,3.220840788729327997e+00
2.020000000000000000e+02,7.422110065817832947e-03,3.238876461982727051e+01,3.397056579671320353e+00
2.030000000000000000e+02,7.292930968105792999e-03,3.282357454299926758e+01,3.263835949542786885e+00
2.040000000000000000e+02,7.172335870563983917e-03,3.286361694335937500e+01,2.932031511839468418e+00
2.050000000000000000e+02,7.079340983182191849e-03,3.258919119834899902e+01,2.801787919895875500e+00
2.060000000000000000e+02,6.960587110370397568e-03,3.180140256881713867e+01,1.278392861662228874e+00
2.070000000000000000e+02,6.842428818345069885e-03,3.131181597709655762e+01,1.520995872669370419e+00
2.080000000000000000e+02,6.816251203417778015e-03,3.096405267715454102e+01,1.513900720238432251e+00
2.090000000000000000e+02,6.825387477874755859e-03,3.030770421028137207e+01,9.412414585702346681e-01
2.100000000000000000e+02,6.806219927966594696e-03,3.067942857742309570e+01,1.265958058432749667e+00
2.110000000000000000e+02,6.788440980017185211e-03,3.041514754295349121e+01,9.275851187882122595e-01
2.120000000000000000e+02,6.776249036192893982e-03,3.036893606185913086e+01,7.009425434556142420e-01
2.130000000000000000e+02,6.755040027201175690e-03,3.029866814613342285e+01,2.984133337370987182e-01
2.140000000000000000e+02,6.732856389135122299e-03,3.011697530746459961e+01,2.770108430021243073e-01
2.150000000000000000e+02,6.710079964250326157e-03,3.000253438949584961e+01,6.944983895466899648e-01
2.160000000000000000e+02,6.680279970169067383e-03,2.965201139450073242e+01,1.017678925480857588e+00
2.170000000000000000e+02,6.603795103728771210e-03,2.910142540931701660e+01,1.291456719643317097e+00
2.180000000000000000e+02,6.432226393371820450e-03,2.790217399597167969e+01,2.336455639278354202e+00
2.190000000000000000e+02,6.251938175410032272e-03,2.664453983306884766e+01,3.086925272537971221e+00
2.200000000000000000e+02,6.436297670006752014e-03,2.556152939796447754e+01,3.339893057766390339e+00
2.210000000000000000e+02,6.162036210298538208e-03,2.621511220932006836e+01,3.187149786567574417e+00
2.220000000000000000e+02,6.050945259630680084e-03,2.664549350738525391e+01,3.862952083729235486e+00
2.230000000000000000e+02,6.015502847731113434e-03,2.711028456687927246e+01,3.385184999882234536e+00
2.240000000000000000e+02,5.989794619381427765e-03,2.678555250167846680e+01,3.770678529176364258e+00
2.250000000000000000e+02,5.965774878859519958e-03,2.625324726104736328e+01,4.547063755284242781e+00
2.260000000000000000e+02,5.932962521910667419e-03,2.586750388145446777e+01,5.017772259650979727e+00
2.270000000000000000e+02,5.866295658051967621e-03,2.498627305030822754e+01,6.049882871468168943e+00
2.280000000000000000e+02,5.758358631283044815e-03,2.430089116096496582e+01,7.076346619701146423e+00
2.290000000000000000e+02,5.566511303186416626e-03,2.335979342460632324e+01,8.820708131322639645e+00
2.300000000000000000e+02,5.470840260386466980e-03,2.320417761802673340e+01,9.534400005383538712e+00
2.310000000000000000e+02,5.427737254649400711e-03,2.419897913932800293e+01,8.685622280709685228e+00
2.320000000000000000e+02,5.393933504819869995e-03,2.396764159202575684e+01,8.707383186361274952e+00
2.330000000000000000e+02,5.376772955060005188e-03,2.405301332473754883e+01,8.306448557292185342e+00
2.340000000000000000e+02,5.364228039979934692e-03,2.402375340461730957e+01,7.909419919355180184e+00
2.350000000000000000e+02,5.347274243831634521e-03,2.392248511314392090e+01,7.772220152193214382e+00
2.360000000000000000e+02,5.335017107427120209e-03,2.369297146797180176e+01,8.040138959657548767e+00
2.370000000000000000e+02,5.324676167219877243e-03,2.341966032981872559e+01,8.271448243496267949e+00
2.380000000000000000e+02,5.318919196724891663e-03,2.324348092079162598e+01,8.568040244289756302e+00
2.390000000000000000e+02,5.310080014169216156e-03,2.313939332962036133e+01,8.853557955618871489e+00
2.400000000000000000e+02,5.295254290103912354e-03,2.306854724884033203e+01,9.337513182720071470e+00
2.410000000000000000e+02,5.264903418719768524e-03,2.312903404235839844e+01,9.882852450234089758e+00
2.420000000000000000e+02,5.205354187637567520e-03,2.344325780868530273e+01,1.074979230221311610e+01
2.430000000000000000e+02,5.083449184894561768e-03,2.385649085044860840e+01,1.170462426925415933e+01
2.440000000000000000e+02,4.974170122295618057e-03,2.485300898551940918e+01,1.301155134703297556e+01
2.450000000000000000e+02,5.059773102402687073e-03,2.566047310829162598e+01,1.411840975543960397e+01
2.460000000000000000e+02,4.889448173344135284e-03,2.522581815719604492e+01,1.352123930222906267e+01
2.470000000000000000e+02,4.845976363867521286e-03,2.526916265487670898e+01,1.271910671884602628e+01
2.480000000000000000e+02,4.802977200597524643e-03,2.489253878593444824e+01,1.325258172116109456e+01
2.490000000000000000e+02,4.751616157591342926e-03,2.475658655166625977e+01,1.313949815767418094e+01
2.500000000000000000e+02,4.705765750259160995e-03,2.426639199256896973e+01,1.319383824778700642e+01
2.510000000000000000e+02,4.675871226936578751e-03,2.426595687866210938e+01,1.359624310947322812e+01
2.520000000000000000e+02,4.650504328310489655e-03,2.393854260444641113e+01,1.383096830690498713e+01
2.530000000000000000e+02,4.613867029547691345e-03,2.411715984344482422e+01,1.416924615687777056e+01
2.540000000000000000e+02,4.579248372465372086e-03,2.387465238571166992e+01,1.472545490533238066e+01
2.550000000000000000e+02,4.517287015914916992e-03,2.335430383682250977e+01,1.463708002732145630e+01
2.560000000000000000e+02,4.465175792574882507e-03,2.300880551338195801e+01,1.368000979569910847e+01
2.570000000000000000e+02,4.458969458937644958e-03,2.275694012641906738e+01,1.321294395721959525e+01
2.580000000000000000e+02,4.425078630447387695e-03,2.286698818206787109e+01,1.341676501133103017e+01
2.590000000000000000e+02,4.396026022732257843e-03,2.295558452606201172e+01,1.296149760673925222e+01
2.600000000000000000e+02,4.383268766105175018e-03,2.294102907180786133e+01,1.247539920472850206e+01
2.610000000000000000e+02,4.378494340926408768e-03,2.297120690345764160e+01,1.228928677333387043e+01
2.620000000000000000e+02,4.376035649329423904e-03,2.305309772491455078e+01,1.211840331860028641e+01
2.630000000000000000e+02,4.372641444206237793e-03,2.318031191825866699e+01,1.218417611309409665e+01
2.640000000000000000e+02,4.367418121546506882e-03,2.326397299766540527e+01,1.226974950308331813e+01
2.650000000000000000e+02,4.357878584414720535e-03,2.342300415039062500e+01,1.240645187811610661e+01
2.660000000000000000e+02,4.343576729297637939e-03,2.346256375312805176e+01,1.253059510188712089e+01
2.670000000000000000e+02,4.313264973461627960e-03,2.346910834312438965e+01,1.271582978246555129e+01
2.680000000000000000e+02,4.252374172210693359e-03,2.332701683044433594e+01,1.310061379651658875e+01
2.690000000000000000e+02,4.154721274971961975e-03,2.310872673988342285e+01,1.399951840738551034e+01
2.700000000000000000e+02,4.061102867126464844e-03,2.175821065902709961e+01,1.557509575164216287e+01
2.710000000000000000e+02,3.962018992751836777e-03,2.215338945388793945e+01,1.691186635717172848e+01
2.720000000000000000e+02,3.906385973095893860e-03,2.202163338661193848e+01,1.605687854547327120e+01
2.730000000000000000e+02,3.907446749508380890e-03,2.196186780929565430e+01,1.606235717348437575e+01
2.740000000000000000e+02,3.870001062750816345e-03,2.199150919914245605e+01,1.605965077513443262e+01
2.750000000000000000e+02,3.854251699522137642e-03,2.165691256523132324e+01,1.690239396294691687e+01
2.760000000000000000e+02,3.846473991870880127e-03,2.156556248664855957e+01,1.704137849010182393e+01
2.770000000000000000e+02,3.836914664134383202e-03,2.140247225761413574e+01,1.728161157390522717e+01
2.780000000000000000e+02,3.823227249085903168e-03,2.111363410949707031e+01,1.774305249257093919e+01
2.790000000000000000e+02,3.795986063778400421e-03,2.082394957542419434e+01,1.839122026820261269e+01
2.800000000000000000e+02,3.749342169612646103e-03,2.037408351898193359e+01,1.918886900783290272e+01
2.810000000000000000e+02,3.657143097370862961e-03,1.992917656898498535e+01,2.012420027757406871e+01
2.820000000000000000e+02,3.576698247343301773e-03,1.946706771850585938e+01,1.997256150948563302e+01
2.830000000000000000e+02,3.548616077750921249e-03,1.930786371231079102e+01,2.045251565578299591e+01
2.840000000000000000e+02,3.516804426908493042e-03,1.976051926612854004e+01,1.952847079862011626e+01
2.850000000000000000e+02,3.510039532557129860e-03,1.958314776420593262e+01,1.955264551901625225e+01
2.860000000000000000e+02,3.505727974697947502e-03,1.957090497016906738e+01,1.956461950306722741e+01
2.870000000000000000e+02,3.500333521515130997e-03,1.949113607406616211e+01,1.962979981576010502e+01
2.880000000000000000e+02,3.495287382975220680e-03,1.944258809089660645e+01,1.963356682967962286e+01
2.890000000000000000e+02,3.477328456938266754e-03,1.924499273300170898e+01,1.982991237267309970e+01
2.900000000000000000e+02,3.434946760535240173e-03,1.893258690834045410e+01,2.053921549265300683e+01
2.910000000000000000e+02,3.388146171346306801e-03,1.715919971466064453e+01,2.323242563658512339e+01
2.920000000000000000e+02,3.266014158725738525e-03,1.739374995231628418e+01,2.356559058805354923e+01
2.930000000000000000e+02,3.138243686407804489e-03,1.700791716575622559e+01,2.519484239472074094e+01
2.940000000000000000e+02,3.048760350793600082e-03,1.619982719421386719e+01,2.772352546274657215e+01
2.950000000000000000e+02,3.048263024538755417e-03,1.573382616043090820e+01,2.972652356695110143e+01
2.960000000000000000e+02,3.009141189977526665e-03,1.595668196678161621e+01,2.876474273928182157e+01
2.970000000000000000e+02,2.993578556925058365e-03,1.600373387336730957e+01,2.855333645520040164e+01
2.980000000000000000e+02,2.957992255687713623e-03,1.582769155502319336e+01,2.947005940763816056e+01
2.990000000000000000e+02,2.936214674264192581e-03,1.579350233078002930e+01,2.967728174616236458e+01
3.000000000000000000e+02,2.911685034632682800e-03,1.617228388786315918e+01,2.984515158976033433e+01
3.010000000000000000e+02,2.897859318181872368e-03,1.619985699653625488e+01,3.002725562576098994e+01
3.020000000000000000e+02,2.892148215323686600e-03,1.618237495422363281e+01,3.000741845731490542e+01
3.030000000000000000e+02,2.881044521927833557e-03,1.605316996574401855e+01,3.017242098157996111e+01
3.040000000000000000e+02,2.840699860826134682e-03,1.582843661308288574e+01,3.006024442726979018e+01
3.050000000000000000e+02,2.797713503241539001e-03,1.506795287132263184e+01,3.045646114570180885e+01
3.060000000000000000e+02,2.754728775471448898e-03,1.471336483955383301e+01,3.021886862893713399e+01
3.070000000000000000e+02,2.700494602322578430e-03,1.436508893966674805e+01,3.021823957418552453e+01
3.080000000000000000e+02,2.650448586791753769e-03,1.440300941467285156e+01,3.029457463683425900e+01
3.090000000000000000e+02,2.625029068440198898e-03,1.460424065589904785e+01,3.031122264398148758e+01
3.100000000000000000e+02,2.595529891550540924e-03,1.500517129898071289e+01,3.019712966705595036e+01
3.110000000000000000e+02,2.564076334238052368e-03,1.510800123214721680e+01,3.086511266736330938e+01
3.120000000000000000e+02,2.531441627070307732e-03,1.546966433525085449e+01,3.079461464764229461e+01
3.130000000000000000e+02,2.483552088961005211e-03,1.541701555252075195e+01,3.115703795965067258e+01
3.140000000000000000e+02,2.401690464466810226e-03,1.521800756454467773e+01,3.255509020133116849e+01
3.150000000000000000e+02,2.336782170459628105e-03,1.501713991165161133e+01,3.375809158247207620e+01
3.160000000000000000e+02,2.285241615027189255e-03,1.448556184768676758e+01,3.670623713637892394e+01
3.170000000000000000e+02,2.243954222649335861e-03,1.385239362716674805e+01,3.756581851068215627e+01
3.180000000000000000e+02,2.214231528341770172e-03,1.394953727722167969e+01,3.816219167356798181e+01
3.190000000000000000e+02,2.212272258475422859e-03,1.387304067611694336e+01,3.841078533389568150e+01
3.200000000000000000e+02,2.203229581937193871e-03,1.323210000991821289e+01,4.028487110156117978e+01
3.210000000000000000e+02,2.195564797148108482e-03,1.347503662109375000e+01,3.936397883274648279e+01
3.220000000000000000e+02,2.192440908402204514e-03,1.343756914138793945e+01,3.954924277168545643e+01
3.230000000000000000e+02,2.185374731197953224e-03,1.314548254013061523e+01,4.051087730755203609e+01
3.240000000000000000e+02,2.179836854338645935e-03,1.291719675064086914e+01,4.105793550374777823e+01
3.250000000000000000e+02,2.174265682697296143e-03,1.271660327911376953e+01,4.153563675628355867e+01
3.260000000000000000e+02,2.168738050386309624e-03,1.252661943435668945e+01,4.182200296006833895e+01
3.270000000000000000e+02,2.158651361241936684e-03,1.232061982154846191e+01,4.224380611479254100e+01
3.280000000000000000e+02,2.141394186764955521e-03,1.208741664886474609e+01,4.235501714320489697e+01
3.290000000000000000e+02,2.108335262164473534e-03,1.193643212318420410e+01,4.276826222747116901e+01
3.300000000000000000e+02,2.061583101749420166e-03,1.192413568496704102e+01,4.272952415811627702e+01
3.310000000000000000e+02,2.026071539148688316e-03,1.171501278877258301e+01,4.327817693496144358e+01
3.320000000000000000e+02,2.005990827456116676e-03,1.196177601814270020e+01,4.290672741872648999e+01
3.330000000000000000e+02,1.980957575142383575e-03,1.168576478958129883e+01,4.310406043138819143e+01
3.340000000000000000e+02,1.968280645087361336e-03,1.139871478080749512e+01,4.359396242026913626e+01
3.350000000000000000e+02,1.955579500645399094e-03,1.118639111518859863e+01,4.346796129060383862e+01
3.360000000000000000e+02,1.939970767125487328e-03,1.087253689765930176e+01,4.350086231703101447e+01
3.370000000000000000e+02,1.931534032337367535e-03,1.077772378921508789e+01,4.343040818485081189e+01
3.380000000000000000e+02,1.921285991556942463e-03,1.074629426002502441e+01,4.333673754358215291e+01
3.390000000000000000e+02,1.910163438878953457e-03,1.089656352996826172e+01,4.318844154318541229e+01
3.400000000000000000e+02,1.902737771160900593e-03,1.101256608963012695e+01,4.307616258461334979e+01
3.410000000000000000e+02,1.896307570859789848e-03,1.117538809776306152e+01,4.286965707592237607e+01
3.420000000000000000e+02,1.890431973151862621e-03,1.126974225044250488e+01,4.287600614015954648e+01
3.430000000000000000e+02,1.884502591565251350e-03,1.137812137603759766e+01,4.272026388700538035e+01
3.440000000000000000e+02,1.876976806670427322e-03,1.139342784881591797e+01,4.274927355148074071e+01
3.450000000000000000e+02,1.864208374172449112e-03,1.141860485076904297e+01,4.291941091802056008e+01
3.460000000000000000e+02,1.854167436249554157e-03,1.107983589172363281e+01,4.394639400215312008e+01
3.470000000000000000e+02,1.833858434110879898e-03,1.115656495094299316e+01,4.413322326338098378e+01
3.480000000000000000e+02,1.817460055463016033e-03,1.094880700111389160e+01,4.480294713614046742e+01
3.490000000000000000e+02,1.799070509150624275e-03,1.042564511299133301e+01,4.566223592683829935e+01
3.500000000000000000e+02,1.783710089512169361e-03,9.999209642410278320e+00,4.608611642516084572e+01
3.510000000000000000e+02,1.764812972396612167e-03,9.463906288146972656e+00,4.599671750453101993e+01
3.520000000000000000e+02,1.752851763740181923e-03,8.737027645111083984e+00,4.617788527299440204e+01
3.530000000000000000e+02,1.740487292408943176e-03,8.438330888748168945e+00,4.631386350360382664e+01
3.540000000000000000e+02,1.734290504828095436e-03,8.627623319625854492e+00,4.567528515563911640e+01
3.550000000000000000e+02,1.729668118059635162e-03,8.515757322311401367e+00,4.587298389780756480e+01
3.560000000000000000e+02,1.724272500723600388e-03,8.338087797164916992e+00,4.588438002923788162e+01
3.570000000000000000e+02,1.718753017485141754e-03,8.218908309936523438e+00,4.564481257313675400e+01
3.580000000000000000e+02,1.713527250103652477e-03,7.972276210784912109e+00,4.551846034314498013e+01
3.590000000000000000e+02,1.709080999717116356e-03,7.816302776336669922e+00,4.474040739048631821e+01
3.600000000000000000e+02,1.700684195384383202e-03,7.779008150100708008e+00,4.518507595397250043e+01
3.610000000000000000e+02,1.694713020697236061e-03,7.668191194534301758e+00,4.533032908487308532e+01
3.620000000000000000e+02,1.686881878413259983e-03,7.561779022216796875e+00,4.556967710327015908e+01
3.630000000000000000e+02,1.670941244810819626e-03,7.302808761596679688e+00,4.581790503409111182e+01
3.640000000000000000e+02,1.640769653022289276e-03,6.873422861099243164e+00,4.625764356382630638e+01
3.650000000000000000e+02,1.594227971509099007e-03,6.626844406127929688e+00,4.652317781490663862e+01
3.660000000000000000e+02,1.563283265568315983e-03,5.723702907562255859e+00,4.698139299932281432e+01
3.670000000000000000e+02,1.507640117779374123e-03,6.379443407058715820e+00,4.606313398295671391e+01
3.680000000000000000e+02,1.486081280745565891e-03,5.888700485229492188e+00,4.689332533409756110e+01
3.690000000000000000e+02,1.466181362047791481e-03,5.710691213607788086e+00,4.730035301674909931e+01
3.700000000000000000e+02,1.454116776585578918e-03,5.638051033020019531e+00,4.714787307079513567e+01
3.710000000000000000e+02,1.447279471904039383e-03,5.749249458312988281e+00,4.722486644655602106e+01
3.720000000000000000e+02,1.442065462470054626e-03,5.600982904434204102e+00,4.729022962400227215e+01
3.730000000000000000e+02,1.438545295968651772e-03,5.485874414443969727e+00,4.719004899751347892e+01
3.740000000000000000e+02,1.435437006875872612e-03,5.539214611053466797e+00,4.720184011681107705e+01
3.750000000000000000e+02,1.432519638910889626e-03,5.630826950073242188e+00,4.707604379566955544e+01
3.760000000000000000e+02,1.428746385499835014e-03,5.749201774597167969e+00,4.698945367765156789e+01
3.770000000000000000e+02,1.423136331140995026e-03,5.886656045913696289e+00,4.689857720981448352e+01
3.780000000000000000e+02,1.410291879437863827e-03,5.867052078247070312e+00,4.680894422230034024e+01
3.790000000000000000e+02,1.388797303661704063e-03,6.063288450241088867e+00,4.690340483930357607e+01
3.800000000000000000e+02,1.352686900645494461e-03,6.242471933364868164e+00,4.715615318682794310e+01
3.810000000000000000e+02,1.316256239078938961e-03,6.435471773147583008e+00,4.769668676862327317e+01
3.820000000000000000e+02,1.297384267672896385e-03,6.777292490005493164e+00,4.780722485474321104e+01
3.830000000000000000e+02,1.286141574382781982e-03,7.070505619049072266e+00,4.791580263070697043e+01
3.840000000000000000e+02,1.275411108508706093e-03,7.222241163253784180e+00,4.803561561711806860e+01
3.850000000000000000e+02,1.268988009542226791e-03,7.068169116973876953e+00,4.820936639118457379e+01
3.860000000000000000e+02,1.261508907191455364e-03,7.178950309753417969e+00,4.834461316278049736e+01
3.870000000000000000e+02,1.252261921763420105e-03,7.134079933166503906e+00,4.912788873279553314e+01
3.880000000000000000e+02,1.247172476723790169e-03,6.825685501098632812e+00,4.955993231370872820e+01
3.890000000000000000e+02,1.242728671059012413e-03,6.423181295394897461e+00,4.996441451899328001e+01
3.900000000000000000e+02,1.238621305674314499e-03,6.082934141159057617e+00,5.019341970693947985e+01
3.910000000000000000e+02,1.233086572028696537e-03,5.723381042480468750e+00,5.028261381904552962e+01
3.920000000000000000e+02,1.226888503879308701e-03,5.546003580093383789e+00,5.023640023857267778e+01
3.930000000000000000e+02,1.220070989802479744e-03,5.508142709732055664e+00,4.995468611411374837e+01
3.940000000000000000e+02,1.212422386743128300e-03,5.596810579299926758e+00,4.975318378507510886e+01
3.950000000000000000e+02,1.204391941428184509e-03,5.780649185180664062e+00,4.925893692965397719e+01
3.960000000000000000e+02,1.196157187223434448e-03,5.784350633621215820e+00,4.928028090366787239e+01
3.970000000000000000e+02,1.187297399155795574e-03,5.653768777847290039e+00,4.934634628176708304e+01
3.980000000000000000e+02,1.189803937450051308e-03,5.294698476791381836e+00,4.965660193693272362e+01
3.990000000000000000e+02,1.183605752885341644e-03,5.495995283126831055e+00,4.948257320844109586e+01
4.000000000000000000e+02,1.177595462650060654e-03,5.241239070892333984e+00,4.959703191487338358e+01
4.010000000000000000e+02,1.175206736661493778e-03,4.878956079483032227e+00,4.976376068241029316e+01
4.020000000000000000e+02,1.166275003924965858e-03,4.893589019775390625e+00,4.961935604396536803e+01
4.030000000000000000e+02,1.162147615104913712e-03,4.866343736648559570e+00,4.959025860440839040e+01
4.040000000000000000e+02,1.156809972599148750e-03,4.864603281021118164e+00,4.944623432465047586e+01
4.050000000000000000e+02,1.155362697318196297e-03,4.690593481063842773e+00,4.961171961186444435e+01
4.060000000000000000e+02,1.147906528785824776e-03,4.761141538619995117e+00,4.939187229076724606e+01
4.070000000000000000e+02,1.141793327406048775e-03,4.756575822830200195e+00,4.932086224973678412e+01
4.080000000000000000e+02,1.132802921347320080e-03,4.742014408111572266e+00,4.913684179112075867e+01
4.090000000000000000e+02,1.130548538640141487e-03,4.562097787857055664e+00,4.908537633493098440e+01
4.100000000000000000e+02,1.115770079195499420e-03,4.677045345306396484e+00,4.907377539497689156e+01
4.110000000000000000e+02,1.104302587918937206e-03,4.706901311874389648e+00,4.862528861544024750e+01
4.120000000000000000e+02,1.088560791686177254e-03,4.737091064453125000e+00,4.857829968841308954e+01
4.130000000000000000e+02,1.074015512131154537e-03,4.884445667266845703e+00,4.817444653788013653e+01
4.140000000000000000e+02,1.061579561792314053e-03,5.139720439910888672e+00,4.812132798431986203e+01
4.150000000000000000e+02,1.049879007041454315e-03,5.191993713378906250e+00,4.818702763291231861e+01
4.160000000000000000e+02,1.039085444062948227e-03,5.138319730758666992e+00,4.873850384154959414e+01
4.170000000000000000e+02,1.035269233398139477e-03,5.063515901565551758e+00,4.902018870764797498e+01
4.180000000000000000e+02,1.028868486173450947e-03,5.024260282516479492e+00,4.900513528115016726e+01
4.190000000000000000e+02,1.025738660246133804e-03,5.022031068801879883e+00,4.898155304255497100e+01
4.200000000000000000e+02,1.021621981635689735e-03,5.067735910415649414e+00,4.900541323557530404e+01
4.210000000000000000e+02,1.015836140140891075e-03,5.086231231689453125e+00,4.892621085359365196e+01
4.220000000000000000e+02,1.007465878501534462e-03,5.085521936416625977e+00,4.873339825763537192e+01
4.230000000000000000e+02,9.977677837014198303e-04,5.054968595504760742e+00,4.857035604352649472e+01
4.240000000000000000e+02,9.810477495193481445e-04,4.847168922424316406e+00,4.839697099896674359e+01
4.250000000000000000e+02,9.661157382652163506e-04,4.607337713241577148e+00,4.841939753232061605e+01
4.260000000000000000e+02,9.584210347384214401e-04,4.351598024368286133e+00,4.839053415964794880e+01
4.270000000000000000e+02,9.433211525902152061e-04,4.099476337432861328e+00,4.892287540049209582e+01
4.280000000000000000e+02,9.315151255577802658e-04,4.477429389953613281e+00,4.874517474775269932e+01
4.290000000000000000e+02,9.260338265448808670e-04,4.376506805419921875e+00,4.854747600558425091e+01
4.300000000000000000e+02,9.192086290568113327e-04,4.406636953353881836e+00,4.864838809108654516e+01
4.310000000000000000e+02,9.132872801274061203e-04,4.378896951675415039e+00,4.877624712664613327e+01
4.320000000000000000e+02,9.078501025214791298e-04,4.457736015319824219e+00,4.858871566476531711e+01
4.330000000000000000e+02,9.040212607942521572e-04,4.458183050155639648e+00,4.854784173509100498e+01
4.340000000000000000e+02,9.022420854307711124e-04,4.528743028640747070e+00,4.850491972017888997e+01
4.350000000000000000e+02,8.996891556307673454e-04,4.506993293762207031e+00,4.858814512673477992e+01
4.360000000000000000e+02,8.954172953963279724e-04,4.534012079238891602e+00,4.864136608455694955e+01
4.370000000000000000e+02,8.852196624502539635e-04,4.467052221298217773e+00,4.875000237724179186e+01
4.380000000000000000e+02,8.737990865483880043e-04,4.410147666931152344e+00,4.875538591558114376e+01
4.390000000000000000e+02,8.622059249319136143e-04,4.125732183456420898e+00,4.861168347778917820e+01
4.400000000000000000e+02,8.527408353984355927e-04,3.815239667892456055e+00,4.856179797306855761e+01
4.410000000000000000e+02,8.590787765569984913e-04,3.771978616714477539e+00,4.771893775181391106e+01
4.420000000000000000e+02,8.457273943349719048e-04,3.795468807220458984e+00,4.817599723098876296e+01
4.430000000000000000e+02,8.378585334867238998e-04,3.584641218185424805e+00,4.804958648427589907e+01
4.440000000000000000e+02,8.315892191603779793e-04,3.317463397979736328e+00,4.772767137243508273e+01
4.450000000000000000e+02,8.275472791865468025e-04,3.322559595108032227e+00,4.778691955252848089e+01
4.460000000000000000e+02,8.248319500125944614e-04,3.308916091918945312e+00,4.765484731305114963e+01
4.470000000000000000e+02,8.227092912420630455e-04,3.316718339920043945e+00,4.756398547439432889e+01
4.480000000000000000e+02,8.187971543520689011e-04,3.373849391937255859e+00,4.732993321925498975e+01
4.490000000000000000e+02,8.155672694556415081e-04,3.489977121353149414e+00,4.702408094735060473e+01
4.500000000000000000e+02,8.122688159346580505e-04,3.659874200820922852e+00,4.686390605257464159e+01
4.510000000000000000e+02,8.099765982478857040e-04,3.655493259429931641e+00,4.667011330153827231e+01
4.520000000000000000e+02,8.082754211500287056e-04,3.530251979827880859e+00,4.681216264195973764e+01
4.530000000000000000e+02,8.072761702351272106e-04,3.396910429000854492e+00,4.688407969216693516e+01
4.540000000000000000e+02,8.072252385318279266e-04,3.256100416183471680e+00,4.680768611279712843e+01
4.550000000000000000e+02,8.062133565545082092e-04,3.325730562210083008e+00,4.684541476871338972e+01
4.560000000000000000e+02,8.027484873309731483e-04,3.316497802734375000e+00,4.685277324638919083e+01
4.570000000000000000e+02,7.981767412275075912e-04,3.318470716476440430e+00,4.675769820381461983e+01
4.580000000000000000e+02,7.908439729362726212e-04,3.399711847305297852e+00,4.675183190252635512e+01
4.590000000000000000e+02,7.831589900888502598e-04,3.393268585205078125e+00,4.656406637376122148e+01
4.600000000000000000e+02,7.716211257502436638e-04,3.304594755172729492e+00,4.675883927987567290e+01
4.610000000000000000e+02,7.591817993670701981e-04,3.060817718505859375e+00,4.683379919957902615e+01
4.620000000000000000e+02,7.472436409443616867e-04,2.274084091186523438e+00,4.700270771497617517e+01
4.630000000000000000e+02,7.349228253588080406e-04,2.163726091384887695e+00,4.688968266821033382e+01
4.640000000000000000e+02,7.277299882844090462e-04,2.063804864883422852e+00,4.699555404582415008e+01
4.650000000000000000e+02,7.208174210973083973e-04,2.060747146606445312e+00,4.705992243901204830e+01
4.660000000000000000e+02,7.130187004804611206e-04,1.897609233856201172e+00,4.706223384949470301e+01
4.670000000000000000e+02,7.083891541697084904e-04,1.892954111099243164e+00,4.725814783167021460e+01
4.680000000000000000e+02,7.038497715257108212e-04,2.073830366134643555e+00,4.733590192480513537e+01
4.690000000000000000e+02,7.015365990810096264e-04,2.169620990753173828e+00,4.735199402310210814e+01
4.700000000000000000e+02,6.980032194405794144e-04,2.329319715499877930e+00,4.738739663935545110e+01
4.710000000000000000e+02,6.954995915293693542e-04,2.387672662734985352e+00,4.744462599257159496e+01
4.720000000000000000e+02,6.971359252929687500e-04,2.079683542251586914e+00,4.768688521784238787e+01
4.730000000000000000e+02,6.931214593350887299e-04,2.253895998001098633e+00,4.754976591117191020e+01
4.740000000000000000e+02,6.897667190060019493e-04,2.138376235961914062e+00,4.760444978702108187e+01
4.750000000000000000e+02,6.855662795715034008e-04,1.725095510482788086e+00,4.768006801983658249e+01
4.760000000000000000e+02,6.834847736172378063e-04,1.590096950531005859e+00,4.772639863375160019e+01
4.770000000000000000e+02,6.812742794863879681e-04,1.574081182479858398e+00,4.776677517129672879e+01
4.780000000000000000e+02,6.789261242374777794e-04,1.552957296371459961e+00,4.782941732121276601e+01
4.790000000000000000e+02,6.767567829228937626e-04,1.550543308258056641e+00,4.782068370059158724e+01
4.800000000000000000e+02,6.743951234966516495e-04,1.548498868942260742e+00,4.780030525247551054e+01
4.810000000000000000e+02,6.693046307191252708e-04,1.517283916473388672e+00,4.786269870632695955e+01
4.820000000000000000e+02,6.632927688769996166e-04,1.471912860870361328e+00,4.786212816829642946e+01
4.830000000000000000e+02,6.562722264789044857e-04,1.424998044967651367e+00,4.785402360242686370e+01
4.840000000000000000e+02,6.467282655648887157e-04,1.508551836013793945e+00,4.760361592374569284e+01
4.850000000000000000e+02,6.852159276604652405e-04,1.347285509109497070e+00,4.737671733775836458e+01
4.860000000000000000e+02,6.418931880034506321e-04,1.453173160552978516e+00,4.752564239290671821e+01
4.870000000000000000e+02,6.321707041934132576e-04,1.574957370758056641e+00,4.726544779262493279e+01
4.880000000000000000e+02,6.149923428893089294e-04,1.854902505874633789e+00,4.657929535042226377e+01
4.890000000000000000e+02,6.106006912887096405e-04,1.929038763046264648e+00,4.590525586948313475e+01
4.900000000000000000e+02,6.064561894163489342e-04,1.901119947433471680e+00,4.615872104684073207e+01
4.910000000000000000e+02,6.050863303244113922e-04,1.991349458694458008e+00,4.558341390354366496e+01
4.920000000000000000e+02,5.976021056994795799e-04,1.658469438552856445e+00,4.510451305822574852e+01
4.930000000000000000e+02,5.946600576862692833e-04,1.589214801788330078e+00,4.551881144347145636e+01
4.940000000000000000e+02,5.893317284062504768e-04,1.750987768173217773e+00,4.538903598529650196e+01
4.950000000000000000e+02,5.873464979231357574e-04,1.734489202499389648e+00,4.512610572830423195e+01
4.960000000000000000e+02,5.860985256731510162e-04,1.722449064254760742e+00,4.502323333264575922e+01
4.970000000000000000e+02,5.845383275300264359e-04,1.739805936813354492e+00,4.494179268608281319e+01
4.980000000000000000e+02,5.831654416397213936e-04,1.785540580749511719e+00,4.495513449848902354e+01
4.990000000000000000e+02,5.799867794848978519e-04,1.807045936584472656e+00,4.503029922671615992e+01
5.000000000000000000e+02,5.718072643503546715e-04,1.795160770416259766e+00,4.534099375728990822e+01
5.010000000000000000e+02,5.701916525140404701e-04,1.647919416427612305e+00,4.559342026284833338e+01
5.020000000000000000e+02,5.676471628248691559e-04,1.709419488906860352e+00,4.548792924392153481e+01
5.030000000000000000e+02,5.698592285625636578e-04,1.546615362167358398e+00,4.585642366574195705e+01
5.040000000000000000e+02,5.655591376125812531e-04,1.640188694000244141e+00,4.564451998953135359e+01
5.050000000000000000e+02,5.614450783468782902e-04,1.522552967071533203e+00,4.554378345419230811e+01
5.060000000000000000e+02,5.596816772595047951e-04,1.474362611770629883e+00,4.554011152994454648e+01
5.070000000000000000e+02,5.591227672994136810e-04,1.470589637756347656e+00,4.548911420752340717e+01
5.080000000000000000e+02,5.584076279774308205e-04,1.458978652954101562e+00,4.546282557057826068e+01
5.090000000000000000e+02,5.571639048866927624e-04,1.446920633316040039e+00,4.542211256188691948e+01
5.100000000000000000e+02,5.602815654128789902e-04,1.487112045288085938e+00,4.519830073293655914e+01
5.110000000000000000e+02,5.567157058976590633e-04,1.457476615905761719e+00,4.536331788638188556e+01
5.120000000000000000e+02,5.549492198042571545e-04,1.479256153106689453e+00,4.538951874824540766e+01
5.130000000000000000e+02,5.529259215109050274e-04,1.443821191787719727e+00,4.544936672472988448e+01
5.140000000000000000e+02,5.485471338033676147e-04,1.337313652038574219e+00,4.556182123346518864e+01
5.150000000000000000e+02,5.454758647829294205e-04,1.239973306655883789e+00,4.572190835315952739e+01
5.160000000000000000e+02,5.424817209132015705e-04,1.191490888595581055e+00,4.575109356779812941e+01
5.170000000000000000e+02,5.397647037170827389e-04,1.048451662063598633e+00,4.603966877780366929e+01
5.180000000000000000e+02,5.366267869248986244e-04,1.136445999145507812e+00,4.596782487349781832e+01
5.190000000000000000e+02,5.336707690730690956e-04,1.170498132705688477e+00,4.587011657847465074e+01
5.200000000000000000e+02,5.317303584888577461e-04,1.169431209564208984e+00,4.591340432289351270e+01
5.210000000000000000e+02,5.296262097544968128e-04,1.181060075759887695e+00,4.587250113485865910e+01
5.220000000000000000e+02,5.270409164950251579e-04,1.172804832458496094e+00,4.582081624096483097e+01
5.230000000000000000e+02,5.241425242274999619e-04,1.224279403686523438e+00,4.572622396133917277e+01
5.240000000000000000e+02,5.218654987402260303e-04,1.151645183563232422e+00,4.548036595772196478e+01
5.250000000000000000e+02,5.185014451853930950e-04,1.405304670333862305e+00,4.535707122640661026e+01
5.260000000000000000e+02,5.153673118911683559e-04,1.452857255935668945e+00,4.534010137729343626e+01
5.270000000000000000e+02,5.124937160871922970e-04,1.453709602355957031e+00,4.529450222239191959e+01
5.280000000000000000e+02,5.095740198157727718e-04,1.536959409713745117e+00,4.512244843323674104e+01
5.290000000000000000e+02,5.046952865086495876e-04,1.588684320449829102e+00,4.478657708341836496e+01
5.300000000000000000e+02,5.239393794909119606e-04,2.183723449707031250e+00,4.449532473342341632e+01
5.310000000000000000e+02,5.031707114540040493e-04,1.717907190322875977e+00,4.472329124957045110e+01
5.320000000000000000e+02,4.988798755221068859e-04,1.732468605041503906e+00,4.434705799138721716e+01
5.330000000000000000e+02,4.949843278154730797e-04,1.706755161285400391e+00,4.409865451040302986e+01
5.340000000000000000e+02,4.939782083965837955e-04,1.737892627716064453e+00,4.369752238740029782e+01
5.350000000000000000e+02,4.883961519226431847e-04,1.718246936798095703e+00,4.366271956753801931e+01
5.360000000000000000e+02,4.854341968894004822e-04,1.653802394866943359e+00,4.394901262542144593e+01
5.370000000000000000e+02,4.823416820727288723e-04,1.592004299163818359e+00,4.404748163781865600e+01
5.380000000000000000e+02,4.799346206709742546e-04,1.575618982315063477e+00,4.380232583485440045e+01
5.390000000000000000e+02,4.785611236002296209e-04,1.477438211441040039e+00,4.369787348772677404e+01
5.400000000000000000e+02,4.776441783178597689e-04,1.446259021759033203e+00,4.351394080419236587e+01
5.410000000000000000e+02,4.769400693476200104e-04,1.429092884063720703e+00,4.347268651583103605e+01
5.420000000000000000e+02,4.761930322274565697e-04,1.433169841766357422e+00,4.339668792432851774e+01
5.430000000000000000e+02,4.746483755297958851e-04,1.499050855636596680e+00,4.331916789807791446e+01
5.440000000000000000e+02,4.721223376691341400e-04,1.498222351074218750e+00,4.322947639384269536e+01
5.450000000000000000e+02,4.688283661380410194e-04,1.520317792892456055e+00,4.314522694466790398e+01
5.460000000000000000e+02,4.643700958695262671e-04,1.481914520263671875e+00,4.312658936900395190e+01
5.470000000000000000e+02,4.584980779327452183e-04,1.373308897018432617e+00,4.301157475372141192e+01
5.480000000000000000e+02,4.550653393380343914e-04,1.290655136108398438e+00,4.283649272425034127e+01
5.490000000000000000e+02,4.524823743849992752e-04,1.264584064483642578e+00,4.259613529241463681e+01
5.500000000000000000e+02,4.520409856922924519e-04,1.318699121475219727e+00,4.249219496659646467e+01
5.510000000000000000e+02,4.499707138165831566e-04,1.297914981842041016e+00,4.249668612493934461e+01
5.520000000000000000e+02,4.491406143642961979e-04,1.278692483901977539e+00,4.247582491387436221e+01
5.530000000000000000e+02,4.478983464650809765e-04,1.259976625442504883e+00,4.245775787624094022e+01
5.540000000000000000e+02,4.459642223082482815e-04,1.218599081039428711e+00,4.238957126700258016e+01
5.550000000000000000e+02,4.423448117449879646e-04,1.181322336196899414e+00,4.230960816764689270e+01
5.560000000000000000e+02,4.371221002656966448e-04,1.020056009292602539e+00,4.210882266844148347e+01
5.570000000000000000e+02,4.320747684687376022e-04,8.918583393096923828e-01,4.212204744740553508e+01
5.580000000000000000e+02,4.291205550543963909e-04,7.335841655731201172e-01,4.207068439547765593e+01
5.590000000000000000e+02,4.267552867531776428e-04,7.566690444946289062e-01,4.219165308713008500e+01
5.600000000000000000e+02,4.248784971423447132e-04,8.479118347167968750e-01,4.218467496814130158e+01
5.610000000000000000e+02,4.231689090374857187e-04,9.026765823364257812e-01,4.210422910583670131e+01
5.620000000000000000e+02,4.213844658806920052e-04,9.535312652587890625e-01,4.192456814294114054e+01
5.630000000000000000e+02,4.209383623674511909e-04,1.042735576629638672e+00,4.168716580551997453e+01
5.640000000000000000e+02,4.189871251583099365e-04,1.075327396392822266e+00,4.153704115758947779e+01
5.650000000000000000e+02,4.174976493231952190e-04,1.106172800064086914e+00,4.150128744100965861e+01
5.660000000000000000e+02,4.152654437348246574e-04,1.191252470016479492e+00,4.137320896774602375e+01
5.670000000000000000e+02,4.134055925533175468e-04,1.344048976898193359e+00,4.131059607619052798e+01
5.680000000000000000e+02,4.117011849302798510e-04,1.381909847259521484e+00,4.126060816720801938e+01
5.690000000000000000e+02,4.103666869923472404e-04,1.414042711257934570e+00,4.123137906502860517e+01
5.700000000000000000e+02,4.097260534763336182e-04,1.373285055160522461e+00,4.126195405179286269e+01
5.710000000000000000e+02,4.092441522516310215e-04,1.320564746856689453e+00,4.128217157892596134e+01
5.720000000000000000e+02,4.086107655894011259e-04,1.256924867630004883e+00,4.130541734637495921e+01
5.730000000000000000e+02,4.076859913766384125e-04,1.156210899353027344e+00,4.123892772204791157e+01
5.740000000000000000e+02,4.067439876962453127e-04,1.094448566436767578e+00,4.119831711761845838e+01
5.750000000000000000e+02,4.046991816721856594e-04,1.123064756393432617e+00,4.112945756608768733e+01
5.760000000000000000e+02,4.057761398144066334e-04,1.516509056091308594e+00,4.090318803485197208e+01
5.770000000000000000e+02,4.036118043586611748e-04,1.286071538925170898e+00,4.103568452055714033e+01
5.780000000000000000e+02,3.999428008683025837e-04,1.266205310821533203e+00,4.077331017241512967e+01
5.790000000000000000e+02,3.939738962799310684e-04,1.147353649139404297e+00,4.032046389715803514e+01
5.800000000000000000e+02,3.875651746056973934e-04,1.178026199340820312e+00,3.968232442460142551e+01
5.810000000000000000e+02,3.895711561199277639e-04,1.074987649917602539e+00,3.896012568221353689e+01
5.820000000000000000e+02,3.836036485154181719e-04,1.125985383987426758e+00,3.931713619752202504e+01
5.830000000000000000e+02,3.764844150282442570e-04,1.182413101196289062e+00,3.865923270242067389e+01
5.840000000000000000e+02,3.727590083144605160e-04,1.245987415313720703e+00,3.846655176908483043e+01
5.850000000000000000e+02,3.701645182445645332e-04,1.252764463424682617e+00,3.815440894966435081e+01
5.860000000000000000e+02,3.683765535242855549e-04,1.241040229797363281e+00,3.823579107950622813e+01
5.870000000000000000e+02,3.667410346679389477e-04,1.197391748428344727e+00,3.814566069986290842e+01
5.880000000000000000e+02,3.658866626210510731e-04,1.146036386489868164e+00,3.819032358722714093e+01
5.890000000000000000e+02,3.653962630778551102e-04,1.159304380416870117e+00,3.806465892870805590e+01
5.900000000000000000e+02,3.649446298368275166e-04,1.171135902404785156e+00,3.799863743814965744e+01
5.910000000000000000e+02,3.642655501607805490e-04,1.186197996139526367e+00,3.785282839839880609e+01
5.920000000000000000e+02,3.636102192103862762e-04,1.194965839385986328e+00,3.769863683835325929e+01
5.930000000000000000e+02,3.627142286859452724e-04,1.205772161483764648e+00,3.753492168195196399e+01
5.940000000000000000e+02,3.625074168667197227e-04,1.216489076614379883e+00,3.709622182401593449e+01
5.950000000000000000e+02,3.605354286264628172e-04,1.233434677124023438e+00,3.716133630539759736e+01
5.960000000000000000e+02,3.594755544327199459e-04,1.238781213760375977e+00,3.707581411753931633e+01
5.970000000000000000e+02,3.577421302907168865e-04,1.248121261596679688e+00,3.692197365782025287e+01
5.980000000000000000e+02,3.566564992070198059e-04,1.265674829483032227e+00,3.663793349369840513e+01
5.990000000000000000e+02,3.559493634384125471e-04,1.277500391006469727e+00,3.644535496462444968e+01
6.000000000000000000e+02,3.554332070052623749e-04,1.274454593658447266e+00,3.633589943784448906e+01
6.010000000000000000e+02,3.545751096680760384e-04,1.306277513504028320e+00,3.609919930107628261e+01
6.020000000000000000e+02,3.530749527271836996e-04,1.262807846069335938e+00,3.579162078590004370e+01
6.030000000000000000e+02,3.510754613671451807e-04,1.295256614685058594e+00,3.570163669805942419e+01
6.040000000000000000e+02,3.472435928415507078e-04,1.335275173187255859e+00,3.538547085406470671e+01
6.050000000000000000e+02,3.457828424870967865e-04,1.350945234298706055e+00,3.456704136386092330e+01
6.060000000000000000e+02,3.435368998907506466e-04,1.381754875183105469e+00,3.451411298964415408e+01
6.070000000000000000e+02,3.402759321033954620e-04,1.414328813552856445e+00,3.450821742999534791e+01
6.080000000000000000e+02,3.374476800672709942e-04,1.470172405242919922e+00,3.397761706160333262e+01
6.090000000000000000e+02,3.340490511618554592e-04,1.610761880874633789e+00,3.314745496882301978e+01
6.100000000000000000e+02,3.316423681098967791e-04,1.695412397384643555e+00,3.254370869908112240e+01
6.110000000000000000e+02,3.292215405963361263e-04,1.767706871032714844e+00,3.218299700116433826e+01
6.120000000000000000e+02,3.260497469455003738e-04,1.806157827377319336e+00,3.155521498823887327e+01
6.130000000000000000e+02,3.231749578844755888e-04,1.807308197021484375e+00,3.146126639254508461e+01
6.140000000000000000e+02,3.209460410289466381e-04,1.796251535415649414e+00,3.124462286192702010e+01
6.150000000000000000e+02,3.197891637682914734e-04,1.731163263320922852e+00,3.143939576804147151e+01
6.160000000000000000e+02,3.190534189343452454e-04,1.691824197769165039e+00,3.170064366930269628e+01
6.170000000000000000e+02,3.185614186804741621e-04,1.654893159866333008e+00,3.178394222175994344e+01
6.180000000000000000e+02,3.181925276294350624e-04,1.640075445175170898e+00,3.181617030589469763e+01
6.190000000000000000e+02,3.176906029693782330e-04,1.641815900802612305e+00,3.188646351709192928e+01
6.200000000000000000e+02,3.173404547851532698e-04,1.641184091567993164e+00,3.195666895320754719e+01
6.210000000000000000e+02,3.167644026689231396e-04,1.639270782470703125e+00,3.210701303884208357e+01
6.220000000000000000e+02,3.165672242175787687e-04,1.529127359390258789e+00,3.230975884820367128e+01
6.230000000000000000e+02,3.229537978768348694e-04,1.766669750213623047e+00,3.275161860907802236e+01
6.240000000000000000e+02,3.159870975650846958e-04,1.583713293075561523e+00,3.241116832583514906e+01
6.250000000000000000e+02,3.150536213070154190e-04,1.618570089340209961e+00,3.233252185270376344e+01
6.260000000000000000e+02,3.143977955915033817e-04,1.599729061126708984e+00,3.234678530346698722e+01
6.270000000000000000e+02,3.130457771476358175e-04,1.540589332580566406e+00,3.232590946322172698e+01
6.280000000000000000e+02,3.112906706519424915e-04,1.450037956237792969e+00,3.248260261309343377e+01
6.290000000000000000e+02,3.088736266363412142e-04,1.364248991012573242e+00,3.238365083774732511e+01
6.300000000000000000e+02,3.065625205636024475e-04,1.306205987930297852e+00,3.245663581811422915e+01
6.310000000000000000e+02,3.050954546779394150e-04,1.158517599105834961e+00,3.262071670402227852e+01
6.320000000000000000e+02,3.037269343622028828e-04,1.187723875045776367e+00,3.191080647306117157e+01
6.330000000000000000e+02,3.008058702107518911e-04,1.214164495468139648e+00,3.217133754448916250e+01
6.340000000000000000e+02,2.988099004141986370e-04,1.187700033187866211e+00,3.198857519537636307e+01
6.350000000000000000e+02,2.949679910670965910e-04,1.220446825027465820e+00,3.104619266074506356e+01
6.360000000000000000e+02,2.930270857177674770e-04,1.323074102401733398e+00,3.030171367680600270e+01
6.370000000000000000e+02,2.925607841461896896e-04,1.385498046875000000e+00,2.973543273773551832e+01
6.380000000000000000e+02,2.915122604463249445e-04,1.358646154403686523e+00,2.997871600562521266e+01
6.390000000000000000e+02,2.902031410485506058e-04,1.457852125167846680e+00,2.952676211036458653e+01
6.400000000000000000e+02,2.892756892833858728e-04,1.470416784286499023e+00,2.936824031295912718e+01
6.410000000000000000e+02,2.886904985643923283e-04,1.426678895950317383e+00,2.904059056245248271e+01
6.420000000000000000e+02,2.885250141844153404e-04,1.414173841476440430e+00,2.911045952742188803e+01
6.430000000000000000e+02,2.877220977097749710e-04,1.420533657073974609e+00,2.906657198661196162e+01
6.440000000000000000e+02,2.872707555070519447e-04,1.410615444183349609e+00,2.903955189065331410e+01
6.450000000000000000e+02,2.865795977413654327e-04,1.380354166030883789e+00,2.889848270530994157e+01
6.460000000000000000e+02,2.860320964828133583e-04,1.329195499420166016e+00,2.889957989383018599e+01
6.470000000000000000e+02,2.855556085705757141e-04,1.293772459030151367e+00,2.868954875269414373e+01
6.480000000000000000e+02,2.847911382559686899e-04,1.295137405395507812e+00,2.862133288509525286e+01
6.490000000000000000e+02,2.835721243172883987e-04,1.302146911621093750e+00,2.851411562289659685e+01
6.500000000000000000e+02,2.813294995576143265e-04,1.345658302307128906e+00,2.823497623416519176e+01
6.510000000000000000e+02,2.785765100270509720e-04,1.377403736114501953e+00,2.788258853982201657e+01
6.520000000000000000e+02,2.749934792518615723e-04,1.426768302917480469e+00,2.761430400285093612e+01
6.530000000000000000e+02,2.723361831158399582e-04,1.480668783187866211e+00,2.715098323452053819e+01
6.540000000000000000e+02,2.701941411942243576e-04,1.485961675643920898e+00,2.726598322062281454e+01
6.550000000000000000e+02,2.682760532479733229e-04,1.425039768218994141e+00,2.754301600739534450e+01
6.560000000000000000e+02,2.656037104316055775e-04,1.419717073440551758e+00,2.732430976235920639e+01
6.570000000000000000e+02,2.639345475472509861e-04,1.392382383346557617e+00,2.713951395718887483e+01
6.580000000000000000e+02,2.624451881274580956e-04,1.291137933731079102e+00,2.699319289612857631e+01
6.590000000000000000e+02,2.676509029697626829e-04,1.426094770431518555e+00,2.643839586357001892e+01
6.600000000000000000e+02,2.618299040477722883e-04,1.324641704559326172e+00,2.685519583864189741e+01
6.610000000000000000e+02,2.607616188470274210e-04,1.279735565185546875e+00,2.677120971471196853e+01
6.620000000000000000e+02,2.600415609776973724e-04,1.293289661407470703e+00,2.661063983206871697e+01
6.630000000000000000e+02,2.595037803985178471e-04,1.369726657867431641e+00,2.639908725618459329e+01
6.640000000000000000e+02,2.589469368103891611e-04,1.454699039459228516e+00,2.629015837989435767e+01
6.650000000000000000e+02,2.583547029644250870e-04,1.547467708587646484e+00,2.606802890667504613e+01
6.660000000000000000e+02,2.576952392701059580e-04,1.615995168685913086e+00,2.591717279973105903e+01
6.670000000000000000e+02,2.578791463747620583e-04,1.857358217239379883e+00,2.551672824820101582e+01
6.680000000000000000e+02,2.573086530901491642e-04,1.725035905838012695e+00,2.573609280634929775e+01
6.690000000000000000e+02,2.566507027950137854e-04,1.741343736648559570e+00,2.564414840835250331e+01
6.700000000000000000e+02,2.560259308665990829e-04,1.694285869598388672e+00,2.583511772759676361e+01
6.710000000000000000e+02,2.554546808823943138e-04,1.678186655044555664e+00,2.588943587393918122e+01
6.720000000000000000e+02,2.549445489421486855e-04,1.669955253601074219e+00,2.583764857578346863e+01
6.730000000000000000e+02,2.544769085943698883e-04,1.669257879257202148e+00,2.570313326320104608e+01
6.740000000000000000e+02,2.539784472901374102e-04,1.656287908554077148e+00,2.549159531649719668e+01
6.750000000000000000e+02,2.534233208280056715e-04,1.671069860458374023e+00,2.522051660609454515e+01
6.760000000000000000e+02,2.525958989281207323e-04,1.664036512374877930e+00,2.484638994987018634e+01
6.770000000000000000e+02,2.513760118745267391e-04,1.641160249710083008e+00,2.438925732479398789e+01
6.780000000000000000e+02,2.501974813640117645e-04,1.596117019653320312e+00,2.403218829276442392e+01
6.790000000000000000e+02,2.489782345946878195e-04,1.590192317962646484e+00,2.377317865608450376e+01
6.800000000000000000e+02,2.476404479239135981e-04,1.510798931121826172e+00,2.351457863645214275e+01
6.810000000000000000e+02,2.463287673890590668e-04,1.499646902084350586e+00,2.354608989075367020e+01
6.820000000000000000e+02,2.447296865284442902e-04,1.502233743667602539e+00,2.359882808562693413e+01
6.830000000000000000e+02,2.431205939501523972e-04,1.523804664611816406e+00,2.337342167602714937e+01
6.840000000000000000e+02,2.413520123809576035e-04,1.472723484039306641e+00,2.342455066107071104e+01
6.850000000000000000e+02,2.394511830061674118e-04,1.441723108291625977e+00,2.303538520752881880e+01
6.860000000000000000e+02,2.363610547035932541e-04,1.337879896163940430e+00,2.299203894638888102e+01
6.870000000000000000e+02,2.332555013708770275e-04,1.230740547180175781e+00,2.288265656551027405e+01
6.880000000000000000e+02,2.313601726200431585e-04,1.145279407501220703e+00,2.309793958236323519e+01
6.890000000000000000e+02,2.292686695000156760e-04,1.087927818298339844e+00,2.303825252686173641e+01
6.900000000000000000e+02,2.279628533869981766e-04,1.062500476837158203e+00,2.288428040452023993e+01
6.910000000000000000e+02,2.276099839946255088e-04,9.960174560546875000e-01,2.285762603806834647e+01
6.920000000000000000e+02,2.267160161864012480e-04,1.010334491729736328e+00,2.270400501605332977e+01
6.930000000000000000e+02,2.264186914544552565e-04,1.079559326171875000e+00,2.272109189860866252e+01
6.940000000000000000e+02,2.261211920995265245e-04,1.057165861129760742e+00,2.275982996796355806e+01
6.950000000000000000e+02,2.259151660837233067e-04,1.053744554519653320e+00,2.272629988678477275e+01
6.960000000000000000e+02,2.255630097351968288e-04,1.053255796432495117e+00,2.275854260009980123e+01
6.970000000000000000e+02,2.254272549180313945e-04,1.156938076019287109e+00,2.268259521072821983e+01
6.980000000000000000e+02,2.251102705486118793e-04,1.126372814178466797e+00,2.270060373164056244e+01
6.990000000000000000e+02,2.247845404781401157e-04,1.122426986694335938e+00,2.267955234123206765e+01
7.000000000000000000e+02,2.239534223917871714e-04,1.133394241333007812e+00,2.256126810415917916e+01
7.010000000000000000e+02,2.230098762083798647e-04,1.173138618469238281e+00,2.233564957144547947e+01
7.020000000000000000e+02,2.218226582044735551e-04,1.227027177810668945e+00,2.201581911779313572e+01
7.030000000000000000e+02,2.215702261310070753e-04,1.212739944458007812e+00,2.131726113072152629e+01
7.040000000000000000e+02,2.195881097577512264e-04,1.221722364425659180e+00,2.139925768613473878e+01
7.050000000000000000e+02,2.181828313041478395e-04,1.196968555450439453e+00,2.114430033238960505e+01
7.060000000000000000e+02,2.161910088034346700e-04,1.140552759170532227e+00,2.076018194604085210e+01
7.070000000000000000e+02,2.144478785339742899e-04,1.087498664855957031e+00,2.013290463983470246e+01
7.080000000000000000e+02,2.117306285072118044e-04,1.040261983871459961e+00,1.950761690214526567e+01
7.090000000000000000e+02,2.091231872327625751e-04,1.077479124069213867e+00,1.894365468814757136e+01
7.100000000000000000e+02,2.171987434849143028e-04,1.175081729888916016e+00,1.851711899360602587e+01
7.110000000000000000e+02,2.077445242321118712e-04,1.107585430145263672e+00,1.881192623440657385e+01
7.120000000000000000e+02,2.054894284810870886e-04,1.054793596267700195e+00,1.878677135893234862e+01
7.130000000000000000e+02,2.032578631769865751e-04,1.047313213348388672e+00,1.842622789658866367e+01
7.140000000000000000e+02,2.009262243518605828e-04,1.014518737792968750e+00,1.795074296486378174e+01
7.150000000000000000e+02,1.993169425986707211e-04,9.244143962860107422e-01,1.744406862080330711e+01
7.160000000000000000e+02,1.985671260626986623e-04,8.829712867736816406e-01,1.744127444737174315e+01
7.170000000000000000e+02,1.977634383365511894e-04,8.808851242065429688e-01,1.732322427718317570e+01
7.180000000000000000e+02,1.969621371245011687e-04,8.813798427581787109e-01,1.705695125249921418e+01
7.190000000000000000e+02,1.965640985872596502e-04,9.005725383758544922e-01,1.713311807957484234e+01
7.200000000000000000e+02,1.962269016075879335e-04,8.780777454376220703e-01,1.693182787365011066e+01
7.210000000000000000e+02,1.959860965143889189e-04,8.569121360778808594e-01,1.672364000922808458e+01
7.220000000000000000e+02,1.958287321031093597e-04,8.598029613494873047e-01,1.665136454410427191e+01
7.230000000000000000e+02,1.956296327989548445e-04,8.714675903320312500e-01,1.656857069836634366e+01
7.240000000000000000e+02,1.953082828549668193e-04,8.891820907592773438e-01,1.654528104337654426e+01
7.250000000000000000e+02,1.948180433828383684e-04,9.850502014160156250e-01,1.627251997724284749e+01
7.260000000000000000e+02,1.942289090948179364e-04,1.020920276641845703e+00,1.613919694285242556e+01
7.270000000000000000e+02,1.937359338626265526e-04,1.010799407958984375e+00,1.606982537001220024e+01
7.280000000000000000e+02,1.929954160004854202e-04,9.893953800201416016e-01,1.591153032490092656e+01
7.290000000000000000e+02,1.925793185364454985e-04,9.867131710052490234e-01,1.576074736385828778e+01
7.300000000000000000e+02,1.919347268994897604e-04,9.778678417205810547e-01,1.586075244018384289e+01
7.310000000000000000e+02,1.911916187964379787e-04,9.382367134094238281e-01,1.594487022673620125e+01
7.320000000000000000e+02,1.903714000945910811e-04,8.802592754364013672e-01,1.612197108308452798e+01
7.330000000000000000e+02,1.893376756925135851e-04,8.006751537322998047e-01,1.620539398357406569e+01
7.340000000000000000e+02,1.881279313238337636e-04,6.881117820739746094e-01,1.619392470624240232e+01
7.350000000000000000e+02,1.874606386991217732e-04,6.194889545440673828e-01,1.616633407225322827e+01
7.360000000000000000e+02,1.870202686404809356e-04,5.865812301635742188e-01,1.596543885419578679e+01
7.370000000000000000e+02,1.866359962150454521e-04,5.834221839904785156e-01,1.595366236407845761e+01
7.380000000000000000e+02,1.860884221969172359e-04,5.742251873016357422e-01,1.590589809049698644e+01
7.390000000000000000e+02,1.856058952398598194e-04,5.542993545532226562e-01,1.587981426207561952e+01
7.400000000000000000e+02,1.852365676313638687e-04,5.354881286621093750e-01,1.596079408946006950e+01
7.410000000000000000e+02,1.850065309554338455e-04,5.326151847839355469e-01,1.585219436972590579e+01
7.420000000000000000e+02,1.847759849624708295e-04,5.291461944580078125e-01,1.587699814487364947e+01
7.430000000000000000e+02,1.844562357291579247e-04,5.261957645416259766e-01,1.593049705712095232e+01
7.440000000000000000e+02,1.839876640588045120e-04,5.347132682800292969e-01,1.580093372205991287e+01
7.450000000000000000e+02,1.832771813496947289e-04,5.638718605041503906e-01,1.555878421564113800e+01
7.460000000000000000e+02,1.828615786507725716e-04,5.890965461730957031e-01,1.539348910777068369e+01
7.470000000000000000e+02,1.823999336920678616e-04,5.581736564636230469e-01,1.517848404534285223e+01
7.480000000000000000e+02,1.822620106395334005e-04,5.925834178924560547e-01,1.509547807649100903e+01
7.490000000000000000e+02,1.817829470383003354e-04,5.370497703552246094e-01,1.533033493654519752e+01
7.500000000000000000e+02,1.811344409361481667e-04,5.221366882324218750e-01,1.517832312435988307e+01
7.510000000000000000e+02,1.807912340154871345e-04,5.032122135162353516e-01,1.507422919214887003e+01
7.520000000000000000e+02,1.800568861654028296e-04,4.502892494201660156e-01,1.473021670351025669e+01
7.530000000000000000e+02,1.805814681574702263e-04,3.315210342407226562e-01,1.448363455546968126e+01
7.540000000000000000e+02,1.797788572730496526e-04,4.055380821228027344e-01,1.463724094830442723e+01
7.550000000000000000e+02,1.796255528461188078e-04,4.383325576782226562e-01,1.456521417924520101e+01
7.560000000000000000e+02,1.794770651031285524e-04,4.738628864288330078e-01,1.455664147960699673e+01
7.570000000000000000e+02,1.793825649656355381e-04,4.892826080322265625e-01,1.453944487819963882e+01
7.580000000000000000e+02,1.791836111806333065e-04,5.241632461547851562e-01,1.454713982702164543e+01
7.590000000000000000e+02,1.790068345144391060e-04,5.488038063049316406e-01,1.468382757287416496e+01
7.600000000000000000e+02,1.788297959137707949e-04,6.014883518218994141e-01,1.470089251165909161e+01
7.610000000000000000e+02,1.786299399100244045e-04,6.241917610168457031e-01,1.481870861496334157e+01
7.620000000000000000e+02,1.782875333447009325e-04,6.354510784149169922e-01,1.485801722234876543e+01
7.630000000000000000e+02,1.780908351065590978e-04,6.202518939971923828e-01,1.498932142986193128e+01
7.640000000000000000e+02,1.777141587808728218e-04,6.285846233367919922e-01,1.486771636886775916e+01
7.650000000000000000e+02,1.772380783222615719e-04,6.439566612243652344e-01,1.467983380666046145e+01
7.660000000000000000e+02,1.767353969626128674e-04,6.574809551239013672e-01,1.455424960863285477e+01
7.670000000000000000e+02,1.758869912009686232e-04,7.018029689788818359e-01,1.444286303005725891e+01
7.680000000000000000e+02,1.749788061715662479e-04,7.452964782714843750e-01,1.408674489474524272e+01
7.690000000000000000e+02,1.738174032652750611e-04,7.401943206787109375e-01,1.405699645666624598e+01
7.700000000000000000e+02,1.730826334096491337e-04,7.330954074859619141e-01,1.364939092139404941e+01
7.710000000000000000e+02,1.722216111375018954e-04,6.813466548919677734e-01,1.375489656950111517e+01
7.720000000000000000e+02,1.716838742140680552e-04,6.710469722747802734e-01,1.367556252489703716e+01
7.730000000000000000e+02,1.708948402665555477e-04,6.542861461639404297e-01,1.340247961679740030e+01
7.740000000000000000e+02,1.701229484751820564e-04,6.278157234191894531e-01,1.314159744504292426e+01
7.750000000000000000e+02,1.693867234280332923e-04,6.600379943847656250e-01,1.257408034023962351e+01
7.760000000000000000e+02,1.682340225670486689e-04,6.439268589019775391e-01,1.231344686454973569e+01
7.770000000000000000e+02,1.668457698542624712e-04,6.648421287536621094e-01,1.196111768692764343e+01
7.780000000000000000e+02,1.656243985053151846e-04,7.156193256378173828e-01,1.120420389975910069e+01
7.790000000000000000e+02,1.650806225370615721e-04,7.837116718292236328e-01,1.109724996280530895e+01
7.800000000000000000e+02,1.648314937483519316e-04,7.900655269622802734e-01,1.094060801506454439e+01
7.810000000000000000e+02,1.647133176447823644e-04,7.769048213958740234e-01,1.074647147829183247e+01
7.820000000000000000e+02,1.644080330152064562e-04,7.730185985565185547e-01,1.100632229283727526e+01
7.830000000000000000e+02,1.641299459151923656e-04,7.546663284301757812e-01,1.117446277627024109e+01
7.840000000000000000e+02,1.636347442399710417e-04,7.246494293212890625e-01,1.141098736287520765e+01
7.850000000000000000e+02,1.630330516491085291e-04,7.156312465667724609e-01,1.179441817775126999e+01
7.860000000000000000e+02,1.620389230083674192e-04,6.324231624603271484e-01,1.210867491372075122e+01
7.870000000000000000e+02,1.610418257769197226e-04,6.618201732635498047e-01,1.203027713665395204e+01
7.880000000000000000e+02,1.602297270437702537e-04,6.850123405456542969e-01,1.234370000934804601e+01
7.890000000000000000e+02,1.598693197593092918e-04,8.101403713226318359e-01,1.221404158461525036e+01
7.900000000000000000e+02,1.590792089700698853e-04,7.946312427520751953e-01,1.222949731357048009e+01
7.910000000000000000e+02,1.583921548444777727e-04,8.123636245727539062e-01,1.246805535623297345e+01
7.920000000000000000e+02,1.578265510033816099e-04,8.527517318725585938e-01,1.249556552973066381e+01
7.930000000000000000e+02,1.571591856190934777e-04,8.469402790069580078e-01,1.259393945245611590e+01
7.940000000000000000e+02,1.563987025292590261e-04,8.307576179504394531e-01,1.253833393824993792e+01
7.950000000000000000e+02,1.559171651024371386e-04,7.803797721862792969e-01,1.265918559646020647e+01
7.960000000000000000e+02,1.555735652800649405e-04,7.511258125305175781e-01,1.244183255059904347e+01
7.970000000000000000e+02,1.553162001073360443e-04,7.289707660675048828e-01,1.240806108794580354e+01
7.980000000000000000e+02,1.551197492517530918e-04,7.440745830535888672e-01,1.236331042549994841e+01
7.990000000000000000e+02,1.549489097669720650e-04,7.498979568481445312e-01,1.223640960124804522e+01
8.000000000000000000e+02,1.547610154375433922e-04,7.460117340087890625e-01,1.211712326532666317e+01
8.010000000000000000e+02,1.545504201203584671e-04,7.237374782562255859e-01,1.193117906950513785e+01
8.020000000000000000e+02,1.541830715723335743e-04,6.906688213348388672e-01,1.166638359202844200e+01
8.030000000000000000e+02,1.535858027637004852e-04,6.177663803100585938e-01,1.140875641288403486e+01
8.040000000000000000e+02,1.528411958133801818e-04,5.673170089721679688e-01,1.136641956518272600e+01
8.050000000000000000e+02,1.520486985100433230e-04,5.493640899658203125e-01,1.148459408340359111e+01
8.060000000000000000e+02,1.513313327450305223e-04,5.356073379516601562e-01,1.160580415653047304e+01
8.070000000000000000e+02,1.508821442257612944e-04,5.251884460449218750e-01,1.153913898204019439e+01
8.080000000000000000e+02,1.504225365351885557e-04,5.046665668487548828e-01,1.141746808973480753e+01
8.090000000000000000e+02,1.500850776210427284e-04,4.673719406127929688e-01,1.110354782491153358e+01
8.100000000000000000e+02,1.497702614869922400e-04,4.417777061462402344e-01,1.085372531344115998e+01
8.110000000000000000e+02,1.495022443123161793e-04,4.237830638885498047e-01,1.064179969346015575e+01
8.120000000000000000e+02,1.491641305619850755e-04,4.342138767242431641e-01,1.049896769189424894e+01
8.130000000000000000e+02,1.488501729909330606e-04,4.559993743896484375e-01,1.032981048043252059e+01
8.140000000000000000e+02,1.484889799030497670e-04,5.022883415222167969e-01,1.029708500416858463e+01
8.150000000000000000e+02,1.479347411077469587e-04,4.950523376464843750e-01,1.022101326676471089e+01
8.160000000000000000e+02,1.473758020438253880e-04,5.189538002014160156e-01,1.005489892479913827e+01
8.170000000000000000e+02,1.467878755647689104e-04,4.552304744720458984e-01,9.715472684175162854e+00
8.180000000000000000e+02,1.462045183870941401e-04,4.764199256896972656e-01,9.591870740074137203e+00
8.190000000000000000e+02,1.456260797567665577e-04,4.862487316131591797e-01,9.299565089099754545e+00
8.200000000000000000e+02,1.452657888876274228e-04,4.667997360229492188e-01,9.191104346578153894e+00
8.210000000000000000e+02,1.448592083761468530e-04,4.845738410949707031e-01,9.262560577606850032e+00
8.220000000000000000e+02,1.443403307348489761e-04,5.700409412384033203e-01,9.175231685985229646e+00
8.230000000000000000e+02,1.440794148948043585e-04,5.950987339019775391e-01,9.124270936514770725e+00
8.240000000000000000e+02,1.435960584785789251e-04,6.254136562347412109e-01,8.901841565099925191e+00
8.250000000000000000e+02,1.434610458090901375e-04,6.172001361846923828e-01,8.963240234693014230e+00
8.260000000000000000e+02,1.431501150364056230e-04,5.823433399200439453e-01,8.727659230215460084e+00
8.270000000000000000e+02,1.430038246326148510e-04,5.774974822998046875e-01,8.880087974038470833e+00
8.280000000000000000e+02,1.428519317414611578e-04,5.800068378448486328e-01,9.016205181860460272e+00
8.290000000000000000e+02,1.427437673555687070e-04,5.901277065277099609e-01,9.107103593467954283e+00
8.300000000000000000e+02,1.426261442247778177e-04,5.946278572082519531e-01,9.126509201096077106e+00
8.310000000000000000e+02,1.425364171154797077e-04,6.076037883758544922e-01,9.122449603571158860e+00
8.320000000000000000e+02,1.424631627742201090e-04,6.130337715148925781e-01,9.130883325996800082e+00
8.330000000000000000e+02,1.423769281245768070e-04,6.120562553405761719e-01,9.173198229927702840e+00
8.340000000000000000e+02,1.422547065885737538e-04,6.006002426147460938e-01,9.254492584687959322e+00
8.350000000000000000e+02,1.421337365172803402e-04,5.389094352722167969e-01,9.394559671182840077e+00
8.360000000000000000e+02,1.419728068867698312e-04,5.141675472259521484e-01,9.456141205529302596e+00
8.370000000000000000e+02,1.417368330294266343e-04,4.665255546569824219e-01,9.442616528369711659e+00
8.380000000000000000e+02,1.424344663973897696e-04,4.582047462463378906e-01,9.509120781877019368e+00
8.390000000000000000e+02,1.416146114934235811e-04,4.641354084014892578e-01,9.461714923212163342e+00
8.400000000000000000e+02,1.413511345162987709e-04,4.142820835113525391e-01,9.389344368416594477e+00
8.410000000000000000e+02,1.410912082064896822e-04,3.637373447418212891e-01,9.302425093842533244e+00
8.420000000000000000e+02,1.409031683579087257e-04,3.468096256256103516e-01,9.299872301885422132e+00
8.430000000000000000e+02,1.407678355462849140e-04,3.593504428863525391e-01,9.030336970001256347e+00
8.440000000000000000e+02,1.405488583259284496e-04,3.609299659729003906e-01,9.078496231450015941e+00
8.450000000000000000e+02,1.403297646902501583e-04,3.584265708923339844e-01,9.002007562408447683e+00
8.460000000000000000e+02,1.400189357809722424e-04,3.452122211456298828e-01,8.827869115064792993e+00
8.470000000000000000e+02,1.395665167365223169e-04,3.026247024536132812e-01,8.491858788033857408e+00
8.480000000000000000e+02,1.393067650496959686e-04,2.932190895080566406e-01,8.191397369058961431e+00
8.490000000000000000e+02,1.388741366099566221e-04,3.331959247589111328e-01,8.284819314263026868e+00
8.500000000000000000e+02,1.385017967550083995e-04,3.328740596771240234e-01,8.260242291409467086e+00
8.510000000000000000e+02,1.379438035655766726e-04,3.281235694885253906e-01,8.062499661700206488e+00
8.520000000000000000e+02,1.371167309116572142e-04,3.930449485778808594e-01,7.644748789910781106e+00
8.530000000000000000e+02,1.366613723803311586e-04,4.556000232696533203e-01,7.591900876185493807e+00
8.540000000000000000e+02,1.361734175588935614e-04,4.884421825408935547e-01,7.183680915341958517e+00
8.550000000000000000e+02,1.358551671728491783e-04,5.135416984558105469e-01,7.211388582773291311e+00
8.560000000000000000e+02,1.354672131128609180e-04,5.239188671112060547e-01,7.196408302176836358e+00
8.570000000000000000e+02,1.347859652014449239e-04,5.813717842102050781e-01,7.092797132914734348e+00
8.580000000000000000e+02,1.339982554782181978e-04,5.804121494293212891e-01,6.802261612753017772e+00
8.590000000000000000e+02,1.335011038463562727e-04,6.677985191345214844e-01,6.659868486595208914e+00
8.600000000000000000e+02,1.334195258095860481e-04,6.456673145294189453e-01,6.707274345260065829e+00
8.610000000000000000e+02,1.327300269622355700e-04,5.656838417053222656e-01,6.512523382916013404e+00
8.620000000000000000e+02,1.323996548308059573e-04,5.488872528076171875e-01,6.500585971815714181e+00
8.630000000000000000e+02,1.321234740316867828e-04,5.364656448364257812e-01,6.464539671630493700e+00
8.640000000000000000e+02,1.316081325057893991e-04,5.084514617919921875e-01,6.250222180675351069e+00
8.650000000000000000e+02,1.312065287493169308e-04,4.572987556457519531e-01,6.181091989309580370e+00
8.660000000000000000e+02,1.308498322032392025e-04,4.495918750762939453e-01,6.075776520546025239e+00
8.670000000000000000e+02,1.305265905102714896e-04,4.839718341827392578e-01,5.869607483001257897e+00
8.680000000000000000e+02,1.302973832935094833e-04,5.181670188903808594e-01,5.838308351813645380e+00
8.690000000000000000e+02,1.300900767091661692e-04,5.453646183013916016e-01,5.700823315636414534e+00
8.700000000000000000e+02,1.298979186685755849e-04,5.707740783691406250e-01,5.583504604461344556e+00
8.710000000000000000e+02,1.297858834732323885e-04,5.659103393554687500e-01,5.540311949714241457e+00
8.720000000000000000e+02,1.296701520914211869e-04,5.618155002593994141e-01,5.512231238186022786e+00
8.730000000000000000e+02,1.297080307267606258e-04,5.358159542083740234e-01,5.600320847181681216e+00
8.740000000000000000e+02,1.296321133850142360e-04,5.510032176971435547e-01,5.548870020172176787e+00
8.750000000000000000e+02,1.295569672947749496e-04,5.401253700256347656e-01,5.594776387859360156e+00
8.760000000000000000e+02,1.294383691856637597e-04,5.532860755920410156e-01,5.565832554695213652e+00
8.770000000000000000e+02,1.293203822569921613e-04,5.671203136444091797e-01,5.620618834806272446e+00
8.780000000000000000e+02,1.292063243454322219e-04,5.798161029815673828e-01,5.650937810915796611e+00
8.790000000000000000e+02,1.290502987103536725e-04,6.019592285156250000e-01,5.696390674014611299e+00
8.800000000000000000e+02,1.321821910096332431e-04,6.641507148742675781e-01,6.097581313738423603e+00
8.810000000000000000e+02,1.289716310566291213e-04,6.105065345764160156e-01,5.751440279370529929e+00
8.820000000000000000e+02,1.287291233893483877e-04,6.343662738800048828e-01,5.761622188838432912e+00
8.830000000000000000e+02,1.283901656279340386e-04,6.659805774688720703e-01,5.721786930963289386e+00
8.840000000000000000e+02,1.280179712921380997e-04,6.820797920227050781e-01,5.701028124160193222e+00
8.850000000000000000e+02,1.277548144571483135e-04,6.793498992919921875e-01,5.689083398469758635e+00
8.860000000000000000e+02,1.274077512789517641e-04,6.681025028228759766e-01,5.723966678823515508e+00
8.870000000000000000e+02,1.270472130272537470e-04,6.607711315155029297e-01,5.776653671565832759e+00
8.880000000000000000e+02,1.266945910174399614e-04,6.839275360107421875e-01,5.906004883512958159e+00
8.890000000000000000e+02,1.262376463273540139e-04,7.008492946624755859e-01,5.980277231743624355e+00
8.900000000000000000e+02,1.254406233783811331e-04,7.614910602569580078e-01,6.241810402020114168e+00
8.910000000000000000e+02,1.246432366315275431e-04,8.029937744140625000e-01,6.291871456903970206e+00
8.920000000000000000e+02,1.239509001607075334e-04,8.651554584503173828e-01,6.521871429108527352e+00
8.930000000000000000e+02,1.234708179254084826e-04,8.543133735656738281e-01,6.705401810185509071e+00
8.940000000000000000e+02,1.230089401360601187e-04,8.230984210968017578e-01,6.898609394011076645e+00
8.950000000000000000e+02,1.224939769599586725e-04,7.510602474212646484e-01,7.050160387017889718e+00
8.960000000000000000e+02,1.219058030983433127e-04,6.573379039764404297e-01,7.209801316713999597e+00
8.970000000000000000e+02,1.214521180372685194e-04,5.785286426544189453e-01,7.262210355031187170e+00
8.980000000000000000e+02,1.213566574733704329e-04,5.424499511718750000e-01,7.005760824898513484e+00
8.990000000000000000e+02,1.209170150104910135e-04,5.905628204345703125e-01,7.128748343428199519e+00
9.000000000000000000e+02,1.207241584779694676e-04,6.336271762847900391e-01,7.131052439320720637e+00
9.010000000000000000e+02,1.205287699121981859e-04,6.447315216064453125e-01,7.188479286470510488e+00
9.020000000000000000e+02,1.203815118060447276e-04,6.460070610046386719e-01,7.162783131326297514e+00
9.030000000000000000e+02,1.203082792926579714e-04,6.326556205749511719e-01,7.200343551669459607e+00
9.040000000000000000e+02,1.202151179313659668e-04,6.190896034240722656e-01,7.235102483990922373e+00
9.050000000000000000e+02,1.200927654281258583e-04,6.086945533752441406e-01,7.230713729909929555e+00
9.060000000000000000e+02,1.199366743094287813e-04,5.861401557922363281e-01,7.237611388407223956e+00
9.070000000000000000e+02,1.197665260406211019e-04,6.068766117095947266e-01,7.203364477395210130e+00
9.080000000000000000e+02,1.196174125652760267e-04,5.829632282257080078e-01,7.110513070221674781e+00
9.090000000000000000e+02,1.194504948216490448e-04,5.853772163391113281e-01,7.054505253558073008e+00
9.100000000000000000e+02,1.192419003928080201e-04,6.159424781799316406e-01,7.047768516043749543e+00
9.110000000000000000e+02,1.189091781270690262e-04,6.297409534454345703e-01,6.956284937225455600e+00
9.120000000000000000e+02,1.185941655421629548e-04,6.227731704711914062e-01,6.940324501550912295e+00
9.130000000000000000e+02,1.180008039227686822e-04,5.772590637207031250e-01,6.760561134393451965e+00
9.140000000000000000e+02,1.171318581327795982e-04,5.310654640197753906e-01,6.545746251309128461e+00
9.150000000000000000e+02,1.160069223260506988e-04,4.053413867950439453e-01,6.101472675690238212e+00
9.160000000000000000e+02,1.151565666077658534e-04,3.508627414703369141e-01,5.861078670903862253e+00
9.170000000000000000e+02,1.140555541496723890e-04,3.223359584808349609e-01,5.694423049268300119e+00
9.180000000000000000e+02,1.131020762841217220e-04,3.042340278625488281e-01,5.539002638080078533e+00
9.190000000000000000e+02,1.120653396355919540e-04,2.482354640960693359e-01,4.861444839286019892e+00
9.200000000000000000e+02,1.112475292757153511e-04,2.627491950988769531e-01,5.100939149485792079e+00
9.210000000000000000e+02,1.105936607928015292e-04,2.556860446929931641e-01,4.974967278181031460e+00
9.220000000000000000e+02,1.097655331250280142e-04,1.971840858459472656e-01,4.551847497232524908e+00
9.230000000000000000e+02,1.094822073355317116e-04,2.418994903564453125e-01,4.423900686591317744e+00
9.240000000000000000e+02,1.091499798349104822e-04,3.006815910339355469e-01,4.339680495777067826e+00
9.250000000000000000e+02,1.089211073121987283e-04,3.056943416595458984e-01,4.144446770484107034e+00
9.260000000000000000e+02,1.086906559066846967e-04,2.918958663940429688e-01,4.009053707085482365e+00
9.270000000000000000e+02,1.083522802218794823e-04,2.676308155059814453e-01,3.775476900304915784e+00
9.280000000000000000e+02,1.081238879123702645e-04,3.060877323150634766e-01,3.689259826383814556e+00
9.290000000000000000e+02,1.079391804523766041e-04,3.247022628784179688e-01,3.489856784713910809e+00
9.300000000000000000e+02,1.078211498679593205e-04,3.325104713439941406e-01,3.491926813722112666e+00
9.310000000000000000e+02,1.077085471479222178e-04,3.352880477905273438e-01,3.432971217234110473e+00
9.320000000000000000e+02,1.076601765817031264e-04,2.879500389099121094e-01,3.373211015831260262e+00
9.330000000000000000e+02,1.102892711060121655e-04,2.978026866912841797e-01,3.225346576252480890e+00
9.340000000000000000e+02,1.075291511369869113e-04,2.897262573242187500e-01,3.346498132658284330e+00
9.350000000000000000e+02,1.074751053238287568e-04,3.297269344329833984e-01,3.377146265323883512e+00
9.360000000000000000e+02,1.072986196959391236e-04,2.953946590423583984e-01,3.357294467697526930e+00
9.370000000000000000e+02,1.072418890544213355e-04,2.689003944396972656e-01,3.342460478903771293e+00
9.380000000000000000e+02,1.071809238055720925e-04,2.488672733306884766e-01,3.288215478462701125e+00
9.390000000000000000e+02,1.071273800334893167e-04,2.450346946716308594e-01,3.257830671041962223e+00
9.400000000000000000e+02,1.070647776941768825e-04,2.488911151885986328e-01,3.185767329032061834e+00
9.410000000000000000e+02,1.069741119863465428e-04,2.735793590545654297e-01,3.140372982654326961e+00
9.420000000000000000e+02,1.068765413947403431e-04,2.970516681671142578e-01,3.070408928013168559e+00
9.430000000000000000e+02,1.067661796696484089e-04,3.355145454406738281e-01,3.013362439550398619e+00
9.440000000000000000e+02,1.066225449903868139e-04,3.579318523406982422e-01,2.970637918571934488e+00
9.450000000000000000e+02,1.064732205122709274e-04,3.818690776824951172e-01,2.944034754250983710e+00
9.460000000000000000e+02,1.062845403794199228e-04,3.656208515167236328e-01,2.927928026773740644e+00
9.470000000000000000e+02,1.060702343238517642e-04,3.396809101104736328e-01,2.992735295369732818e+00
9.480000000000000000e+02,1.057100162142887712e-04,3.340363502502441406e-01,2.994644403394964627e+00
9.490000000000000000e+02,1.052660518325865269e-04,3.475666046142578125e-01,3.060139243463645631e+00
9.500000000000000000e+02,1.048436097335070372e-04,3.757774829864501953e-01,3.092330754647726998e+00
9.510000000000000000e+02,1.046064135152846575e-04,4.363477230072021484e-01,3.051186185138420548e+00
9.520000000000000000e+02,1.041653886204585433e-04,4.918515682220458984e-01,3.288998139607145266e+00
9.530000000000000000e+02,1.036968315020203590e-04,4.528760910034179688e-01,3.138398043317880415e+00
9.540000000000000000e+02,1.028782862704247236e-04,4.330396652221679688e-01,3.021269511486320170e+00
9.550000000000000000e+02,1.020316922222264111e-04,3.892838954925537109e-01,2.783047939970036300e+00
9.560000000000000000e+02,1.013928122119978070e-04,4.110872745513916016e-01,2.759231634490516338e+00
9.570000000000000000e+02,1.009665720630437136e-04,4.484832286834716797e-01,2.637933786282012694e+00
9.580000000000000000e+02,1.006849561235867441e-04,4.845678806304931641e-01,2.517462486758763163e+00
9.590000000000000000e+02,1.004559526336379349e-04,5.010008811950683594e-01,2.529780256546082740e+00
9.600000000000000000e+02,1.003266879706643522e-04,4.880130290985107422e-01,2.524009044929577339e+00
9.610000000000000000e+02,1.001825148705393076e-04,4.846155643463134766e-01,2.581808936176251290e+00
9.620000000000000000e+02,9.998105815611779690e-05,4.313707351684570312e-01,2.572278025230362086e+00
9.630000000000000000e+02,9.975898137781769037e-05,4.489421844482421875e-01,2.591295959581330521e+00
9.640000000000000000e+02,9.964132186723873019e-05,4.673361778259277344e-01,2.579994917822773903e+00
9.650000000000000000e+02,9.954429697245359421e-05,4.802882671356201172e-01,2.500843737972070713e+00
9.660000000000000000e+02,9.942751785274595022e-05,4.971385002136230469e-01,2.470144403175526637e+00
9.670000000000000000e+02,9.931500244420021772e-05,5.263566970825195312e-01,2.332791029620725265e+00
9.680000000000000000e+02,9.924588084686547518e-05,5.217790603637695312e-01,2.298054041069668152e+00
9.690000000000000000e+02,9.919726289808750153e-05,5.165874958038330078e-01,2.287813614880685353e+00
9.700000000000000000e+02,9.914320253301411867e-05,4.988849163055419922e-01,2.259045331879777851e+00
9.710000000000000000e+02,9.911409870255738497e-05,4.830658435821533203e-01,2.234958386565262689e+00
9.720000000000000000e+02,9.908327774610370398e-05,4.779994487762451172e-01,2.239881105726110100e+00
9.730000000000000000e+02,9.903070167638361454e-05,4.643261432647705078e-01,2.216818203030493262e+00
9.740000000000000000e+02,9.904458420351147652e-05,4.664361476898193359e-01,2.222574785466728375e+00
9.750000000000000000e+02,9.901555313263088465e-05,4.652202129364013672e-01,2.219261276135579219e+00
9.760000000000000000e+02,9.896927076624706388e-05,4.588663578033447266e-01,2.210044892565494301e+00
9.770000000000000000e+02,9.885494364425539970e-05,4.484236240386962891e-01,2.177933841872897958e+00
9.780000000000000000e+02,9.875981777440756559e-05,4.505336284637451172e-01,2.152947201971779467e+00
9.790000000000000000e+02,9.875276009552180767e-05,5.210280418395996094e-01,2.126936519451762653e+00
9.800000000000000000e+02,9.866799518931657076e-05,4.865586757659912109e-01,2.139641962516236617e+00
9.810000000000000000e+02,9.853913797996938229e-05,4.971265792846679688e-01,2.140329533988925448e+00
9.820000000000000000e+02,9.833201329456642270e-05,5.089700222015380859e-01,2.174517928279858570e+00
9.830000000000000000e+02,9.822005085879936814e-05,5.214035511016845703e-01,2.196110598358342880e+00
9.840000000000000000e+02,9.796748054213821888e-05,5.270242691040039062e-01,2.178716503017341655e+00
9.850000000000000000e+02,9.767935262061655521e-05,4.711210727691650391e-01,2.211559012723436801e+00
9.860000000000000000e+02,9.923744801199063659e-05,4.205763339996337891e-01,1.822152177707089482e+00
9.870000000000000000e+02,9.749863238539546728e-05,4.587233066558837891e-01,2.115876859167661106e+00
9.880000000000000000e+02,9.717137436382472515e-05,4.163920879364013672e-01,2.089537020091569719e+00
9.890000000000000000e+02,9.633750596549361944e-05,3.757476806640625000e-01,1.903563565909504041e+00
9.900000000000000000e+02,9.586899250280112028e-05,4.355311393737792969e-01,1.858432544776629225e+00
9.910000000000000000e+02,9.516638237982988358e-05,5.335032939910888672e-01,1.703077964899622820e+00
9.920000000000000000e+02,9.464116010349243879e-05,6.393074989318847656e-01,1.616063600653807386e+00
9.930000000000000000e+02,9.461048466619104147e-05,8.299052715301513672e-01,1.362144918707839603e+00
9.940000000000000000e+02,9.437038534088060260e-05,7.377982139587402344e-01,1.484788651501180778e+00
9.950000000000000000e+02,9.490210504736751318e-05,8.340060710906982422e-01,1.333193770953557733e+00
9.960000000000000000e+02,9.395497909281402826e-05,7.766187191009521484e-01,1.423587475841737504e+00
9.970000000000000000e+02,9.365903679281473160e-05,7.193028926849365234e-01,1.468528317631102587e+00
9.980000000000000000e+02,9.342337580164894462e-05,6.266355514526367188e-01,1.444097586580243231e+00
9.990000000000000000e+02,9.329884778708219528e-05,5.792737007141113281e-01,1.394577811366375597e+00
1.000000000000000000e+03,9.316578507423400879e-05,5.495071411132812500e-01,1.356966188892268166e+00
1.001000000000000000e+03,9.304869308834895492e-05,5.404949188232421875e-01,1.328117445399876306e+00
1.002000000000000000e+03,9.297164797317236662e-05,5.504190921783447266e-01,1.272475358243023713e+00
1.003000000000000000e+03,9.291393507737666368e-05,5.611419677734375000e-01,1.361903537233384975e+00
1.004000000000000000e+03,9.286018030252307653e-05,5.566775798797607422e-01,1.385873449105740285e+00
1.005000000000000000e+03,9.278421930503100157e-05,5.478382110595703125e-01,1.416192425215264672e+00
1.006000000000000000e+03,9.273317846236750484e-05,5.496382713317871094e-01,1.416580098492419060e+00
1.007000000000000000e+03,9.298029181081801653e-05,5.879044532775878906e-01,1.553721348933305935e+00
1.008000000000000000e+03,9.267839777749031782e-05,5.611360073089599609e-01,1.457746611772130496e+00
1.009000000000000000e+03,9.262321691494435072e-05,5.725204944610595703e-01,1.490596436068361008e+00
1.010000000000000000e+03,9.254115866497159004e-05,5.849003791809082031e-01,1.552660733363732781e+00
1.011000000000000000e+03,9.245301771443337202e-05,5.857110023498535156e-01,1.620715679979659818e+00
1.012000000000000000e+03,9.221299842465668917e-05,5.678296089172363281e-01,1.796763235348546761e+00
1.013000000000000000e+03,9.195817983709275723e-05,5.551099777221679688e-01,1.970492065644642965e+00
1.014000000000000000e+03,9.165455412585288286e-05,5.255520343780517578e-01,2.172425955501251948e+00
1.015000000000000000e+03,9.145707736024633050e-05,5.158424377441406250e-01,2.331137932250217926e+00
1.016000000000000000e+03,9.131147089647129178e-05,5.023241043090820312e-01,2.277573188691702111e+00
1.017000000000000000e+03,9.120209142565727234e-05,5.035579204559326172e-01,2.286358011443822225e+00
1.018000000000000000e+03,9.096424037124961615e-05,5.001008510589599609e-01,2.325476439485737679e+00
1.019000000000000000e+03,9.071502427104860544e-05,4.811227321624755859e-01,2.417728050268204143e+00
1.020000000000000000e+03,9.053417306859046221e-05,4.416167736053466797e-01,2.557363575945121870e+00
1.021000000000000000e+03,8.995896496344357729e-05,4.395782947540283203e-01,2.473618833489645841e+00
1.022000000000000000e+03,8.954388613346964121e-05,4.536211490631103516e-01,2.284017342600626499e+00
1.023000000000000000e+03,8.918652019929140806e-05,4.529714584350585938e-01,2.332791029620725265e+00
1.024000000000000000e+03,8.895889186533167958e-05,4.639506340026855469e-01,2.218281121057490868e+00
1.025000000000000000e+03,8.874556806404143572e-05,4.996716976165771484e-01,2.212144179934235844e+00
1.026000000000000000e+03,8.842399984132498503e-05,5.663454532623291016e-01,2.214287354843787359e+00
1.027000000000000000e+03,8.812721353024244308e-05,5.940198898315429688e-01,2.216240350409829141e+00
1.028000000000000000e+03,8.780263306107372046e-05,6.347060203552246094e-01,2.227058629219476504e+00
1.029000000000000000e+03,8.749277913011610508e-05,5.904674530029296875e-01,2.344991765965884767e+00
1.030000000000000000e+03,8.718392200535163283e-05,5.048155784606933594e-01,2.460920705015307242e+00
1.031000000000000000e+03,8.706238440936431289e-05,4.976868629455566406e-01,2.547086576805464020e+00
1.032000000000000000e+03,8.694251300767064095e-05,5.116522312164306641e-01,2.488482080643941163e+00
1.033000000000000000e+03,8.685472130309790373e-05,5.209863185882568359e-01,2.463649047135657355e+00
1.034000000000000000e+03,8.675607386976480484e-05,5.113303661346435547e-01,2.450658335055919679e+00
1.035000000000000000e+03,8.668433292768895626e-05,4.906654357910156250e-01,2.424230720898208347e+00
1.036000000000000000e+03,8.661556785227730870e-05,4.714965820312500000e-01,2.402645365409858957e+00
1.037000000000000000e+03,8.653844997752457857e-05,4.622042179107666016e-01,2.342014727780945105e+00
1.038000000000000000e+03,1.055188331520184875e-04,8.076429367065429688e-02,1.726309103168343739e+00
1.039000000000000000e+03,8.649411029182374477e-05,4.433929920196533203e-01,2.311571403639125499e+00
1.040000000000000000e+03,8.639959560241550207e-05,4.450440406799316406e-01,2.247429762745417392e+00
1.041000000000000000e+03,8.627527131466194987e-05,4.547536373138427734e-01,2.137893775473974411e+00
1.042000000000000000e+03,8.617337152827531099e-05,4.719913005828857422e-01,2.060242086600943878e+00
1.043000000000000000e+03,8.609770884504541755e-05,4.697561264038085938e-01,1.946470951641342984e+00
1.044000000000000000e+03,8.601209992775693536e-05,4.601478576660156250e-01,1.818370534607300915e+00
1.045000000000000000e+03,8.595864346716552973e-05,4.449069499969482422e-01,1.788512377676280574e+00
1.046000000000000000e+03,8.591242658440023661e-05,4.485607147216796875e-01,1.761821438273709850e+00
1.047000000000000000e+03,8.587064075982198119e-05,4.565834999084472656e-01,1.803463399912195619e+00
1.048000000000000000e+03,8.583466114941984415e-05,4.700839519500732422e-01,1.793032794379702866e+00
1.049000000000000000e+03,8.579770656069740653e-05,4.823803901672363281e-01,1.779968936398614643e+00
1.050000000000000000e+03,8.574941603001207113e-05,4.864692687988281250e-01,1.731795045769584762e+00
1.051000000000000000e+03,8.576961408834904432e-05,5.294024944305419922e-01,1.629632165354209850e+00
1.052000000000000000e+03,8.572200749767944217e-05,5.051136016845703125e-01,1.687417427420613514e+00
1.053000000000000000e+03,8.565867756260558963e-05,4.958510398864746094e-01,1.608602718716119817e+00
1.054000000000000000e+03,8.559606067137792706e-05,4.811286926269531250e-01,1.534739987533012551e+00
1.055000000000000000e+03,8.554758096579462290e-05,4.778742790222167969e-01,1.423112027482963393e+00
1.056000000000000000e+03,8.551074279239401221e-05,4.795610904693603516e-01,1.398249735614139677e+00
1.057000000000000000e+03,8.547939069103449583e-05,4.959464073181152344e-01,1.319859273137474975e+00
1.058000000000000000e+03,8.545055607100948691e-05,5.077481269836425781e-01,1.300482923869892282e+00
1.059000000000000000e+03,8.539838017895817757e-05,5.207300186157226562e-01,1.245674699988428280e+00
1.060000000000000000e+03,8.530805644113570452e-05,5.364596843719482422e-01,1.152684315602327869e+00
1.061000000000000000e+03,8.534600783605128527e-05,5.235016345977783203e-01,1.096947138773720631e+00
1.062000000000000000e+03,8.524947770638391376e-05,5.307853221893310547e-01,1.128282842912008421e+00
1.063000000000000000e+03,8.512688509654253721e-05,5.217432975769042969e-01,1.091015006174245627e+00
1.064000000000000000e+03,8.496949885739013553e-05,4.825413227081298828e-01,1.068412922657133279e+00
1.065000000000000000e+03,8.474679634673520923e-05,4.200696945190429688e-01,1.148873414141999172e+00
1.066000000000000000e+03,8.456682553514838219e-05,3.725111484527587891e-01,1.060315671377701552e+00
1.067000000000000000e+03,8.435497875325381756e-05,3.448009490966796875e-01,1.248476188010128718e+00
1.068000000000000000e+03,8.416481432504951954e-05,3.620922565460205078e-01,1.240751980827581535e+00
1.069000000000000000e+03,8.394494943786412477e-05,4.231393337249755859e-01,1.099119572043812054e+00
1.070000000000000000e+03,8.393176540266722441e-05,3.627359867095947266e-01,1.089376537984008353e+00
1.071000000000000000e+03,8.384771354030817747e-05,3.919124603271484375e-01,1.094057875670400470e+00
1.072000000000000000e+03,8.371820149477571249e-05,3.989338874816894531e-01,1.048122249622676749e+00
1.073000000000000000e+03,8.353359589818865061e-05,4.221558570861816406e-01,9.701926063245164267e-01
1.074000000000000000e+03,8.347773109562695026e-05,4.171311855316162109e-01,1.004285910943694793e+00
1.075000000000000000e+03,8.337500912602990866e-05,4.346549510955810547e-01,9.742887768001097237e-01
1.076000000000000000e+03,8.325660746777430177e-05,4.532873630523681641e-01,9.947988875386155616e-01
1.077000000000000000e+03,8.315818558912724257e-05,4.697024822235107422e-01,1.033668619515940801e+00
1.078000000000000000e+03,8.304577204398810863e-05,4.728198051452636719e-01,1.005778087331232307e+00
1.079000000000000000e+03,8.293889550259336829e-05,4.861235618591308594e-01,9.885888005140109902e-01
1.080000000000000000e+03,8.284994692075997591e-05,4.787802696228027344e-01,8.544245882580638884e-01
1.081000000000000000e+03,8.273951971204951406e-05,4.751622676849365234e-01,7.426210780447749515e-01
1.082000000000000000e+03,8.263289055321365595e-05,4.673779010772705078e-01,6.136721685550744487e-01
1.083000000000000000e+03,8.257279841927811503e-05,4.862546920776367188e-01,4.458974146288584572e-01
1.084000000000000000e+03,8.249415259342640638e-05,4.756152629852294922e-01,4.312901781292876602e-01
1.085000000000000000e+03,8.240222814492881298e-05,4.639327526092529297e-01,3.956169220409520570e-01
1.086000000000000000e+03,8.230878302128985524e-05,4.667520523071289062e-01,3.470407289544978346e-01
1.087000000000000000e+03,8.220566814998164773e-05,4.658281803131103516e-01,3.403917665217939259e-01
1.088000000000000000e+03,8.210266241803765297e-05,4.621326923370361328e-01,3.499592504183580144e-01
1.089000000000000000e+03,8.201190939871594310e-05,4.417538642883300781e-01,3.998301259587050960e-01
1.090000000000000000e+03,8.192731911549344659e-05,4.171013832092285156e-01,4.632403078389146223e-01
1.091000000000000000e+03,8.187540515791624784e-05,3.944873809814453125e-01,4.272159514240994604e-01
1.092000000000000000e+03,8.183529280358925462e-05,3.877520561218261719e-01,4.302807646906594008e-01
1.093000000000000000e+03,8.179417636711150408e-05,3.870964050292968750e-01,4.243925196319942028e-01
1.094000000000000000e+03,8.172940579243004322e-05,3.868281841278076172e-01,4.535631050903256578e-01
1.095000000000000000e+03,8.167067426256835461e-05,4.085302352905273438e-01,4.341648120523379228e-01
1.096000000000000000e+03,8.160955621860921383e-05,4.231929779052734375e-01,4.400969446518130934e-01
1.097000000000000000e+03,8.155514660757035017e-05,4.329025745391845703e-01,4.698965848617535079e-01
1.098000000000000000e+03,8.151536167133599520e-05,4.318356513977050781e-01,4.936104860793840698e-01
1.099000000000000000e+03,8.147396874846890569e-05,4.262566566467285156e-01,5.329117788746736695e-01
1.100000000000000000e+03,8.142562001012265682e-05,4.151582717895507812e-01,5.616800618755808383e-01
1.101000000000000000e+03,8.137390250340104103e-05,4.078686237335205078e-01,5.959196582974589651e-01
1.102000000000000000e+03,8.130758942570537329e-05,4.066705703735351562e-01,6.394414696006365251e-01
1.103000000000000000e+03,8.124186570057645440e-05,4.179239273071289062e-01,6.732787635650903102e-01
1.104000000000000000e+03,8.118122059386223555e-05,4.304587841033935547e-01,7.007450495219695874e-01
1.105000000000000000e+03,8.112381328828632832e-05,4.466414451599121094e-01,7.310493964512242426e-01
1.106000000000000000e+03,8.106683526420965791e-05,4.531621932983398438e-01,7.720330449775609782e-01
1.107000000000000000e+03,8.100285049295052886e-05,4.565119743347167969e-01,8.278799406581931475e-01
1.108000000000000000e+03,8.092111966107040644e-05,4.561185836791992188e-01,9.146529234295538435e-01
1.109000000000000000e+03,8.084341243375092745e-05,4.539549350738525391e-01,9.878134539597022146e-01
1.110000000000000000e+03,8.077902020886540413e-05,4.516541957855224609e-01,1.055253975004289968e+00
1.111000000000000000e+03,8.073153003351762891e-05,4.529893398284912109e-01,1.088996179296988887e+00
1.112000000000000000e+03,8.069600153248757124e-05,4.569649696350097656e-01,1.114728907391876023e+00
1.113000000000000000e+03,8.066050941124558449e-05,4.593491554260253906e-01,1.132093744372337119e+00
1.114000000000000000e+03,8.061559492489323020e-05,4.471838474273681641e-01,1.158184887383838735e+00
1.115000000000000000e+03,8.069231989793479443e-05,4.234552383422851562e-01,1.156166060506582216e+00
1.116000000000000000e+03,8.057415107032284141e-05,4.383325576782226562e-01,1.157416855419665103e+00
1.117000000000000000e+03,8.048416930250823498e-05,4.051804542541503906e-01,1.217484269608185121e+00
1.118000000000000000e+03,8.038771920837461948e-05,4.003643989562988281e-01,1.240166813616782493e+00
1.119000000000000000e+03,8.030883327592164278e-05,3.923535346984863281e-01,1.255622542572011779e+00
1.120000000000000000e+03,8.025670831557363272e-05,3.980278968811035156e-01,1.290301014401989077e+00
1.121000000000000000e+03,8.019540837267413735e-05,4.074394702911376953e-01,1.261803371236076554e+00
1.122000000000000000e+03,8.014973718672990799e-05,4.117786884307861328e-01,1.316860291182129883e+00
1.123000000000000000e+03,8.010884630493819714e-05,4.088282585144042969e-01,1.316816403641319910e+00
1.124000000000000000e+03,8.006933785509318113e-05,4.018008708953857422e-01,1.314153892832184312e+00
1.125000000000000000e+03,7.999746594578027725e-05,3.887712955474853516e-01,1.297974019453591366e+00
1.126000000000000000e+03,7.992536848178133368e-05,3.801047801971435547e-01,1.304249937789411007e+00
1.127000000000000000e+03,7.982432725839316845e-05,3.682255744934082031e-01,1.314344072175694267e+00
1.128000000000000000e+03,7.972824823809787631e-05,3.650903701782226562e-01,1.318703567896146733e+00
1.129000000000000000e+03,7.978490612003952265e-05,3.549933433532714844e-01,1.323187411648894418e+00
1.130000000000000000e+03,7.967655255924910307e-05,3.609776496887207031e-01,1.320532215429893741e+00
1.131000000000000000e+03,7.952907617436721921e-05,3.618538379669189453e-01,1.382684287806885459e+00
1.132000000000000000e+03,7.936616020742803812e-05,3.700673580169677734e-01,1.391871413016430248e+00
1.133000000000000000e+03,7.919110066723078489e-05,3.741264343261718750e-01,1.470612975819574286e+00
1.134000000000000000e+03,7.899907359387725592e-05,3.812491893768310547e-01,1.464029844698085059e+00
1.135000000000000000e+03,7.874039874877780676e-05,3.878653049468994141e-01,1.470847042703893770e+00
1.136000000000000000e+03,7.847658707760274410e-05,4.184246063232421875e-01,1.355759281519995252e+00
1.137000000000000000e+03,7.916750473668798804e-05,5.944192409515380859e-01,1.180860116802300963e+00
1.138000000000000000e+03,7.834150164853781462e-05,4.693984985351562500e-01,1.305069171884529533e+00
1.139000000000000000e+03,7.813022239133715630e-05,4.694998264312744141e-01,1.372004986209803157e+00
1.140000000000000000e+03,7.779926090734079480e-05,4.454016685485839844e-01,1.210096533571847655e+00
1.141000000000000000e+03,7.757112325634807348e-05,4.136264324188232422e-01,1.217433067477240449e+00
1.142000000000000000e+03,7.721144356764853001e-05,3.698885440826416016e-01,1.250597419149275247e+00
1.143000000000000000e+03,7.690807979088276625e-05,3.491699695587158203e-01,1.312895783328966504e+00
1.144000000000000000e+03,7.670202467124909163e-05,4.184603691101074219e-01,1.348854308432566595e+00
1.145000000000000000e+03,7.651155465282499790e-05,4.028797149658203125e-01,1.266053148104504533e+00
1.146000000000000000e+03,7.639202522113919258e-05,3.871142864227294922e-01,1.363015354933903245e+00
1.147000000000000000e+03,7.627464947290718555e-05,3.952503204345703125e-01,1.373306983253831159e+00
1.148000000000000000e+03,7.612396439071744680e-05,4.118502140045166016e-01,1.377659164384148927e+00
1.149000000000000000e+03,7.598914089612662792e-05,4.221856594085693359e-01,1.348803106301621924e+00
1.150000000000000000e+03,7.591252506244927645e-05,4.311025142669677734e-01,1.326040101801539528e+00
1.151000000000000000e+03,7.585625280626118183e-05,4.283249378204345703e-01,1.285802541468971549e+00
1.152000000000000000e+03,7.580594683531671762e-05,4.238128662109375000e-01,1.249829387185101393e+00
1.153000000000000000e+03,7.575938070658594370e-05,4.175364971160888672e-01,1.225786329411396203e+00
1.154000000000000000e+03,7.571920286864042282e-05,4.123508930206298828e-01,1.204990949657626098e+00
1.155000000000000000e+03,7.568004366476088762e-05,4.090905189514160156e-01,1.202957493600099292e+00
1.156000000000000000e+03,7.564011320937424898e-05,4.013061523437500000e-01,1.207017091125017538e+00
1.157000000000000000e+03,7.559925143141299486e-05,4.044353961944580078e-01,1.212854134052737898e+00
1.158000000000000000e+03,7.556137279607355595e-05,3.992915153503417969e-01,1.228829198907551490e+00
1.159000000000000000e+03,7.549198926426470280e-05,4.131615161895751953e-01,1.224381928105478634e+00
1.160000000000000000e+03,7.542322418885305524e-05,4.268705844879150391e-01,1.207207270468527271e+00
1.161000000000000000e+03,7.535374606959521770e-05,4.351258277893066406e-01,1.183712806954946295e+00
1.162000000000000000e+03,7.532633026130497456e-05,4.332363605499267578e-01,1.182023136633764127e+00
1.163000000000000000e+03,7.527096022386103868e-05,4.268169403076171875e-01,1.184093165641965761e+00
1.164000000000000000e+03,7.522945816162973642e-05,4.153847694396972656e-01,1.184963601868029404e+00
1.165000000000000000e+03,7.520536019001156092e-05,4.043698310852050781e-01,1.185153781211538915e+00
1.166000000000000000e+03,7.518328493461012840e-05,3.928899765014648438e-01,1.181342879751210218e+00
1.167000000000000000e+03,7.516115147154778242e-05,3.767013549804687500e-01,1.174884096662015986e+00
1.168000000000000000e+03,7.513839227613061666e-05,3.683090209960937500e-01,1.165952982107195890e+00
1.169000000000000000e+03,7.510879368055611849e-05,3.583371639251708984e-01,1.160167141310420424e+00
1.170000000000000000e+03,7.508529233746230602e-05,3.766000270843505859e-01,1.150036433973462335e+00
1.171000000000000000e+03,7.506593829020857811e-05,3.855705261230468750e-01,1.144294480717496842e+00
1.172000000000000000e+03,7.504565292038023472e-05,3.920137882232666016e-01,1.148873414141999172e+00
1.173000000000000000e+03,7.501520303776487708e-05,4.122614860534667969e-01,1.114933715915655821e+00
1.174000000000000000e+03,7.497145270463079214e-05,4.160106182098388672e-01,1.126264016034751902e+00
1.175000000000000000e+03,7.492686563637107611e-05,4.241228103637695312e-01,1.086918835698652330e+00
1.176000000000000000e+03,7.487967377528548241e-05,4.254281520843505859e-01,1.051355298462341548e+00
1.177000000000000000e+03,7.484253001166507602e-05,4.201233386993408203e-01,1.037618498188834337e+00
1.178000000000000000e+03,7.480178464902564883e-05,4.083216190338134766e-01,1.040749142766609125e+00
1.179000000000000000e+03,7.477337203454226255e-05,4.053950309753417969e-01,1.037186937370869977e+00
1.180000000000000000e+03,7.473200821550562978e-05,3.993988037109375000e-01,1.040558963423099392e+00
1.181000000000000000e+03,7.515547622460871935e-05,3.978073596954345703e-01,9.773682192469395069e-01
1.182000000000000000e+03,7.468096737284213305e-05,3.989934921264648438e-01,1.024320573323426409e+00
1.183000000000000000e+03,7.461521454388275743e-05,4.106342792510986328e-01,1.031306006902339867e+00
1.184000000000000000e+03,7.452725549228489399e-05,4.189550876617431641e-01,1.002983913899666790e+00
1.185000000000000000e+03,7.435890438500791788e-05,4.201531410217285156e-01,9.313448181175961738e-01
1.186000000000000000e+03,7.426766387652605772e-05,4.328072071075439453e-01,8.420629309299345611e-01
1.187000000000000000e+03,7.411211845465004444e-05,4.197061061859130859e-01,8.509062704031348234e-01
1.188000000000000000e+03,7.419907342409715056e-05,4.083931446075439453e-01,7.804301944525271484e-01
1.189000000000000000e+03,7.404769712593406439e-05,4.149079322814941406e-01,8.210042259313046209e-01
1.190000000000000000e+03,7.389654638245701790e-05,4.018247127532958984e-01,7.880739411435893071e-01
1.191000000000000000e+03,7.378906593658030033e-05,4.083991050720214844e-01,7.574184938878553153e-01
1.192000000000000000e+03,7.362911128439009190e-05,4.363536834716796875e-01,6.844627718814866313e-01
1.193000000000000000e+03,7.351723616011440754e-05,4.519462585449218750e-01,6.941107162695356880e-01
1.194000000000000000e+03,7.336514681810513139e-05,4.930198192596435547e-01,6.044192120343148122e-01
1.195000000000000000e+03,7.327352068386971951e-05,4.959642887115478516e-01,5.920941276568603140e-01
1.196000000000000000e+03,7.320543954847380519e-05,4.975616931915283203e-01,5.907409284818875284e-01
1.197000000000000000e+03,7.311005902010947466e-05,4.969239234924316406e-01,5.613509053195063769e-01
1.198000000000000000e+03,7.302066660486161709e-05,4.903972148895263672e-01,6.145352901910029475e-01
1.199000000000000000e+03,7.292921509360894561e-05,4.735291004180908203e-01,6.700603439056955768e-01
1.200000000000000000e+03,7.281705620698630810e-05,4.456818103790283203e-01,7.557873402877530733e-01
1.201000000000000000e+03,7.275689131347462535e-05,4.370570182800292969e-01,7.866841690179416924e-01
1.202000000000000000e+03,7.262331200763583183e-05,4.205107688903808594e-01,8.467735269768668083e-01
1.203000000000000000e+03,7.250822818605229259e-05,4.325449466705322266e-01,8.565385048070756069e-01
1.204000000000000000e+03,7.237492536660283804e-05,4.474878311157226562e-01,8.898198899212702573e-01
1.205000000000000000e+03,7.225670560728758574e-05,4.701316356658935547e-01,9.046904516657003903e-01
1.206000000000000000e+03,7.217033999040722847e-05,4.689693450927734375e-01,9.166205481758655793e-01
1.207000000000000000e+03,7.207464659586548805e-05,4.618465900421142578e-01,9.383814538274544148e-01
1.208000000000000000e+03,7.195060607045888901e-05,4.498422145843505859e-01,9.775071964595042351e-01
1.209000000000000000e+03,7.178490341175347567e-05,4.076004028320312500e-01,1.028753214945229200e+00
1.210000000000000000e+03,7.176947838161140680e-05,4.194080829620361328e-01,1.155580893295783174e+00
1.211000000000000000e+03,7.167126750573515892e-05,4.137575626373291016e-01,1.094869795175384075e+00
1.212000000000000000e+03,7.155780622269958258e-05,3.880918025970458984e-01,1.082434991945904645e+00
1.213000000000000000e+03,7.143812399590387940e-05,3.642976284027099609e-01,1.086626252093252809e+00
1.214000000000000000e+03,7.132280734367668629e-05,3.633320331573486328e-01,1.109477031674954928e+00
1.215000000000000000e+03,7.124445255612954497e-05,3.673195838928222656e-01,1.069714919701161060e+00
1.216000000000000000e+03,7.119248766684904695e-05,3.584921360015869141e-01,1.094628413700929448e+00
1.217000000000000000e+03,7.114245090633630753e-05,3.530740737915039062e-01,1.102491598096041470e+00
1.218000000000000000e+03,7.107168494258075953e-05,3.320395946502685547e-01,1.106880352177034066e+00
1.219000000000000000e+03,7.102114614099264145e-05,3.168642520904541016e-01,1.123513730143996359e+00
1.220000000000000000e+03,7.096558692865073681e-05,3.083050251007080078e-01,1.164892366537622737e+00
1.221000000000000000e+03,7.090924191288650036e-05,3.054022789001464844e-01,1.221492665002158695e+00
1.222000000000000000e+03,7.085339893819764256e-05,3.131330013275146484e-01,1.275415823477288768e+00
1.223000000000000000e+03,7.081794319674372673e-05,3.267168998718261719e-01,1.374616294887993861e+00
1.224000000000000000e+03,7.074257882777601480e-05,3.272950649261474609e-01,1.369927642611466601e+00
1.225000000000000000e+03,7.068116974551230669e-05,3.235161304473876953e-01,1.365187788203994668e+00
1.226000000000000000e+03,7.061318319756537676e-05,3.160238265991210938e-01,1.367118839999631241e+00
1.227000000000000000e+03,7.055775495246052742e-05,3.046691417694091797e-01,1.410874718187128396e+00
1.228000000000000000e+03,7.051440479699522257e-05,3.041207790374755859e-01,1.418277083403736150e+00
1.229000000000000000e+03,7.053845911286771297e-05,2.775430679321289062e-01,1.498679058167522449e+00
1.230000000000000000e+03,7.047640247037634254e-05,2.924144268035888672e-01,1.453679699657077329e+00
1.231000000000000000e+03,7.040469790808856487e-05,2.812743186950683594e-01,1.455223078175559959e+00
1.232000000000000000e+03,7.079236092977225780e-05,3.024697303771972656e-01,1.432489332036017693e+00
1.233000000000000000e+03,7.037129398668184876e-05,2.859592437744140625e-01,1.450190640162688060e+00
1.234000000000000000e+03,7.029649714240804315e-05,2.781808376312255859e-01,1.449181226724060023e+00
1.235000000000000000e+03,7.019326585577800870e-05,2.497315406799316406e-01,1.486141850676153231e+00
1.236000000000000000e+03,7.014467701083049178e-05,2.468764781951904297e-01,1.477671555299837625e+00
1.237000000000000000e+03,7.007906970102339983e-05,2.361178398132324219e-01,1.526847544777360621e+00
1.238000000000000000e+03,7.000211917329579592e-05,2.241432666778564453e-01,1.586900329785610797e+00
1.239000000000000000e+03,6.993574788793921471e-05,2.310156822204589844e-01,1.640918577932495737e+00
1.240000000000000000e+03,6.985597428865730762e-05,2.399981021881103516e-01,1.703034077358812626e+00
1.241000000000000000e+03,6.979946192586794496e-05,2.432525157928466797e-01,1.750856867661363170e+00
1.242000000000000000e+03,6.972823757678270340e-05,2.460837364196777344e-01,1.802688053357887066e+00
1.243000000000000000e+03,6.965166539885103703e-05,2.503752708435058594e-01,1.866829694251595173e+00
1.244000000000000000e+03,6.957807636354118586e-05,2.666831016540527344e-01,1.925770661559327301e+00
1.245000000000000000e+03,6.959203165024518967e-05,2.398610115051269531e-01,1.966556816152019493e+00
1.246000000000000000e+03,6.954958371352404356e-05,2.546131610870361328e-01,1.944137597388281957e+00
1.247000000000000000e+03,6.950897659407928586e-05,2.626061439514160156e-01,1.953961091939570460e+00
1.248000000000000000e+03,6.945787754375487566e-05,2.758860588073730469e-01,1.977543330534771160e+00
1.249000000000000000e+03,6.942468462511897087e-05,2.745687961578369141e-01,2.004482966001931210e+00
1.250000000000000000e+03,6.938237493159249425e-05,2.733826637268066406e-01,2.022974249863180418e+00
1.251000000000000000e+03,6.935795681783929467e-05,2.652585506439208984e-01,2.009595864506287910e+00
1.252000000000000000e+03,6.933593977009877563e-05,2.615869045257568359e-01,1.980849525275785616e+00
1.253000000000000000e+03,6.931415555300191045e-05,2.637326717376708984e-01,1.951730141948399000e+00
1.254000000000000000e+03,6.929010851308703423e-05,2.582728862762451172e-01,1.954348765216724626e+00
1.255000000000000000e+03,6.945068889763206244e-05,3.429830074310302734e-01,1.783465310483138833e+00
1.256000000000000000e+03,6.926603236934170127e-05,2.807676792144775391e-01,1.908954418838990197e+00
1.257000000000000000e+03,6.923645560164004564e-05,2.844214439392089844e-01,1.936610884139379207e+00
1.258000000000000000e+03,6.918323924764990807e-05,2.927184104919433594e-01,2.010122514996006693e+00
1.259000000000000000e+03,6.915108679095283151e-05,2.893507480621337891e-01,2.026375534275949963e+00
1.260000000000000000e+03,6.910230877110734582e-05,2.819538116455078125e-01,2.055955736781840848e+00
1.261000000000000000e+03,6.919624138390645385e-05,2.403557300567626953e-01,2.231344979038579091e+00
1.262000000000000000e+03,6.907856732141226530e-05,2.691864967346191406e-01,2.109747232634541003e+00
1.263000000000000000e+03,6.901055894559249282e-05,2.622902393341064453e-01,2.162105068820784126e+00
1.264000000000000000e+03,6.894789839861914515e-05,2.490460872650146484e-01,2.167942111748504264e+00
1.265000000000000000e+03,6.880858563818037510e-05,2.226054668426513672e-01,2.157233551790882053e+00
1.266000000000000000e+03,6.870853394502773881e-05,2.083361148834228516e-01,2.171548204685053385e+00
1.267000000000000000e+03,6.859327550046145916e-05,2.050876617431640625e-01,2.219941533018133129e+00
1.268000000000000000e+03,6.858913548057898879e-05,2.131462097167968750e-01,2.196447069504551930e+00
1.269000000000000000e+03,6.855520769022405148e-05,2.093434333801269531e-01,2.207514044378788842e+00
1.270000000000000000e+03,6.849801866337656975e-05,2.143383026123046875e-01,2.290007991921181318e+00
1.271000000000000000e+03,6.846551696071401238e-05,2.110719680786132812e-01,2.322309221957287839e+00
1.272000000000000000e+03,6.842798029538244009e-05,2.094447612762451172e-01,2.361098493443128277e+00
1.273000000000000000e+03,6.843443406978622079e-05,1.735627651214599609e-01,2.418364419609948079e+00
1.274000000000000000e+03,6.840983405709266663e-05,1.929283142089843750e-01,2.387467590879759349e+00
1.275000000000000000e+03,6.876208499306812882e-05,1.798152923583984375e-01,2.489206225067305045e+00
1.276000000000000000e+03,6.837451655883342028e-05,1.899063587188720703e-01,2.410903537672260732e+00
1.277000000000000000e+03,6.834036321379244328e-05,1.894414424896240234e-01,2.402352781804459880e+00
1.278000000000000000e+03,6.827391916885972023e-05,1.928925514221191406e-01,2.401526233119205767e+00
1.279000000000000000e+03,6.820974522270262241e-05,1.998245716094970703e-01,2.413924463398010367e+00
1.280000000000000000e+03,6.802649295423179865e-05,2.298712730407714844e-01,2.461308378292461629e+00
1.281000000000000000e+03,6.793857028242200613e-05,2.538204193115234375e-01,2.547335272870053569e+00
1.282000000000000000e+03,6.781107367714866996e-05,2.775788307189941406e-01,2.527527362784506515e+00
1.283000000000000000e+03,6.772422784706577659e-05,2.646505832672119141e-01,2.518435327246716593e+00
1.284000000000000000e+03,6.766343722119927406e-05,2.643764019012451172e-01,2.542639306003391386e+00
1.285000000000000000e+03,6.758835661457851529e-05,2.725958824157714844e-01,2.579994917822773903e+00
1.286000000000000000e+03,6.746764120180159807e-05,2.864301204681396484e-01,2.638672559885646862e+00
1.287000000000000000e+03,6.842354923719540238e-05,3.975927829742431641e-01,2.681645776928700098e+00
1.288000000000000000e+03,6.740863318555057049e-05,3.080666065216064453e-01,2.647033136409937981e+00
1.289000000000000000e+03,6.721480167470872402e-05,3.461122512817382812e-01,2.644487659042962235e+00
1.290000000000000000e+03,6.699449295410886407e-05,3.538846969604492188e-01,2.592619900395763288e+00
1.291000000000000000e+03,6.688266876153647900e-05,3.889620304107666016e-01,2.493170732920468424e+00
1.292000000000000000e+03,6.715103518217802048e-05,4.308581352233886719e-01,2.327575726854479221e+00
1.293000000000000000e+03,6.679707439616322517e-05,4.032254219055175781e-01,2.436782557569847629e+00
1.294000000000000000e+03,6.670788570772856474e-05,4.063725471496582031e-01,2.381849985656088631e+00
1.295000000000000000e+03,6.652934825979173183e-05,3.926217555999755859e-01,2.338020961567241596e+00
1.296000000000000000e+03,6.640693754889070988e-05,3.682196140289306641e-01,2.293614084857730440e+00
1.297000000000000000e+03,6.621470674872398376e-05,3.174126148223876953e-01,2.280499024745697323e+00
1.298000000000000000e+03,6.614573067054152489e-05,2.799928188323974609e-01,2.220387723016367332e+00
1.299000000000000000e+03,6.607115938095375896e-05,2.688586711883544922e-01,2.272943053136255109e+00
1.300000000000000000e+03,6.602117355214431882e-05,2.795517444610595703e-01,2.280199126550162880e+00
1.301000000000000000e+03,6.594550359295681119e-05,2.873182296752929688e-01,2.271326528716422821e+00
1.302000000000000000e+03,6.582570495083928108e-05,2.812683582305908203e-01,2.240707654411363325e+00
1.303000000000000000e+03,6.567574746441096067e-05,2.856969833374023438e-01,2.148514560349976676e+00
1.304000000000000000e+03,6.619979103561490774e-05,2.090156078338623047e-01,1.911682760959340754e+00
1.305000000000000000e+03,6.563585338881239295e-05,2.691030502319335938e-01,2.097231968913577216e+00
1.306000000000000000e+03,6.556173320859670639e-05,2.524495124816894531e-01,2.041216837659840522e+00
1.307000000000000000e+03,6.546526856254786253e-05,2.321064472198486328e-01,1.931841771371367145e+00
1.308000000000000000e+03,6.539953756146132946e-05,2.301514148712158203e-01,1.813564848888613801e+00
1.309000000000000000e+03,6.538789602927863598e-05,2.320706844329833984e-01,1.671025430928106070e+00
1.310000000000000000e+03,6.532946281367912889e-05,2.312123775482177734e-01,1.734750140184120104e+00
1.311000000000000000e+03,6.524836499011144042e-05,2.496004104614257812e-01,1.744836959980268221e+00
1.312000000000000000e+03,6.515218410640954971e-05,3.023207187652587891e-01,1.710546161427445311e+00
1.313000000000000000e+03,6.521755858557298779e-05,2.906858921051025391e-01,1.760651103852111765e+00
1.314000000000000000e+03,6.512476829811930656e-05,2.982318401336669922e-01,1.728152379882360812e+00
1.315000000000000000e+03,6.505529017886146903e-05,3.150582313537597656e-01,1.766868505466851591e+00
1.316000000000000000e+03,6.494259287137538195e-05,3.237366676330566406e-01,1.752261268967280738e+00
1.317000000000000000e+03,6.489607039839029312e-05,3.288567066192626953e-01,1.734845229855874749e+00
1.318000000000000000e+03,6.484460027422755957e-05,3.315687179565429688e-01,1.785067205722701278e+00
1.319000000000000000e+03,6.479106377810239792e-05,3.293395042419433594e-01,1.737368763452445508e+00
1.320000000000000000e+03,6.475804548244923353e-05,3.318488597869873047e-01,1.700649520974806705e+00
1.321000000000000000e+03,6.472921086242422462e-05,3.321230411529541016e-01,1.670586555520006566e+00
1.322000000000000000e+03,6.469956133514642715e-05,3.292024135589599609e-01,1.636946755489197436e+00
1.323000000000000000e+03,6.475632835645228624e-05,3.125905990600585938e-01,1.573090383610753928e+00
1.324000000000000000e+03,6.468380888691172004e-05,3.238439559936523438e-01,1.616356184259206907e+00
1.325000000000000000e+03,6.465279147960245609e-05,3.184854984283447266e-01,1.607095913148312238e+00
1.326000000000000000e+03,6.462199962697923183e-05,3.212809562683105469e-01,1.597842956627552491e+00
1.327000000000000000e+03,6.458361167460680008e-05,3.228306770324707031e-01,1.623619572263249822e+00
1.328000000000000000e+03,6.452583329519256949e-05,3.150165081024169922e-01,1.630795185185672791e+00
1.329000000000000000e+03,6.446151382988318801e-05,3.003299236297607422e-01,1.665883274063209463e+00
1.330000000000000000e+03,6.442191806854680181e-05,2.900302410125732422e-01,1.638160977451605715e+00
1.331000000000000000e+03,6.438736454583704472e-05,2.828061580657958984e-01,1.649067031342872358e+00
1.332000000000000000e+03,6.434795795939862728e-05,2.820253372192382812e-01,1.638643740400514970e+00
1.333000000000000000e+03,6.431537622120231390e-05,2.699315547943115234e-01,1.596533644993390011e+00
1.334000000000000000e+03,6.436556577682495117e-05,3.031790256500244141e-01,1.501919421597322168e+00
1.335000000000000000e+03,6.429644417949020863e-05,2.814292907714843750e-01,1.563844741680129102e+00
1.336000000000000000e+03,6.427089101634919643e-05,2.902448177337646484e-01,1.553962730407760562e+00
1.337000000000000000e+03,6.424431921914219856e-05,3.019452095031738281e-01,1.533576967701549387e+00
1.338000000000000000e+03,6.422660953830927610e-05,3.085553646087646484e-01,1.497077162927960226e+00
1.339000000000000000e+03,6.419706915039569139e-05,3.176927566528320312e-01,1.447433039681797817e+00
1.340000000000000000e+03,6.416430551325902343e-05,3.243148326873779297e-01,1.380606944208548903e+00
1.341000000000000000e+03,6.411422509700059891e-05,3.258883953094482422e-01,1.337589839624685473e+00
1.342000000000000000e+03,6.405375461326912045e-05,3.207862377166748047e-01,1.272475358243023713e+00
1.343000000000000000e+03,6.400661368388682604e-05,3.128528594970703125e-01,1.284793128030343290e+00
1.344000000000000000e+03,6.395869422703981400e-05,3.036856651306152344e-01,1.256631956010640261e+00
1.345000000000000000e+03,6.390963972080498934e-05,3.035366535186767578e-01,1.274018736761506121e+00
1.346000000000000000e+03,6.385151209542527795e-05,3.052890300750732422e-01,1.300585328131781848e+00
1.347000000000000000e+03,6.380087870638817549e-05,3.165662288665771484e-01,1.299422308300318907e+00
1.348000000000000000e+03,6.375128577928990126e-05,3.217637538909912109e-01,1.308989792196883162e+00
1.349000000000000000e+03,6.371839845087379217e-05,3.217816352844238281e-01,1.340969180267049810e+00
1.350000000000000000e+03,6.418886187020689249e-05,3.333985805511474609e-01,1.251855528652493055e+00
1.351000000000000000e+03,6.370509072439745069e-05,3.234565258026123047e-01,1.328117445399876306e+00
1.352000000000000000e+03,6.364757427945733070e-05,3.219664096832275391e-01,1.332081953253039686e+00
1.353000000000000000e+03,6.356592348311096430e-05,3.158509731292724609e-01,1.335219912420949395e+00
1.354000000000000000e+03,6.354470679070800543e-05,3.101944923400878906e-01,1.418613554549945643e+00
1.355000000000000000e+03,6.347829912556335330e-05,3.122568130493164062e-01,1.422292793387844645e+00
1.356000000000000000e+03,6.345030851662158966e-05,3.170549869537353516e-01,1.419096317498854898e+00
1.357000000000000000e+03,6.341296830214560032e-05,3.217637538909912109e-01,1.456093514401623379e+00
1.358000000000000000e+03,6.338227831292897463e-05,3.251791000366210938e-01,1.483435452326207882e+00
1.359000000000000000e+03,6.334418139886111021e-05,3.341615200042724609e-01,1.523022014136762081e+00
1.360000000000000000e+03,6.331327313091605902e-05,3.376066684722900391e-01,1.558951280879822265e+00
1.361000000000000000e+03,6.328838207991793752e-05,3.445506095886230469e-01,1.573478056887908316e+00
1.362000000000000000e+03,6.326298898784443736e-05,3.519475460052490234e-01,1.604338312667421773e+00
1.363000000000000000e+03,6.324111745925620198e-05,3.585100173950195312e-01,1.637824506305396000e+00
1.364000000000000000e+03,6.321884575299918652e-05,3.711223602294921875e-01,1.671222924861750725e+00
1.365000000000000000e+03,6.319707608781754971e-05,3.805339336395263672e-01,1.713450053711035315e+00
1.366000000000000000e+03,6.317220686469227076e-05,3.906667232513427734e-01,1.738582985414853566e+00
1.367000000000000000e+03,6.314316851785406470e-05,3.955483436584472656e-01,1.764886251540269679e+00
1.368000000000000000e+03,6.312183541012927890e-05,3.966987133026123047e-01,1.778176861815542686e+00
1.369000000000000000e+03,6.325358117464929819e-05,3.566741943359375000e-01,1.864211070983269547e+00
1.370000000000000000e+03,6.310066964942961931e-05,3.857612609863281250e-01,1.801671325329123441e+00
1.371000000000000000e+03,6.307879084488376975e-05,3.629028797149658203e-01,1.802058998606278051e+00
1.372000000000000000e+03,6.305349961621686816e-05,3.603398799896240234e-01,1.787056774239417667e+00
1.373000000000000000e+03,6.302470865193754435e-05,3.488481044769287109e-01,1.780795485083868535e+00
1.374000000000000000e+03,6.300146924331784248e-05,3.390789031982421875e-01,1.789485218164234004e+00
1.375000000000000000e+03,6.295986531767994165e-05,3.253877162933349609e-01,1.828852342270738340e+00
1.376000000000000000e+03,6.296802894212305546e-05,3.185451030731201172e-01,1.865622786879322259e+00
1.377000000000000000e+03,6.294139893725514412e-05,3.223001956939697266e-01,1.845463776467295869e+00
1.378000000000000000e+03,6.290100282058119774e-05,3.152251243591308594e-01,1.870333382926254284e+00
1.379000000000000000e+03,6.287128780968487263e-05,3.122985363006591797e-01,1.894720226436303889e+00
1.380000000000000000e+03,6.283452967181801796e-05,3.131330013275146484e-01,1.923239813372621621e+00
1.381000000000000000e+03,6.280897650867700577e-05,3.125250339508056641e-01,1.926063245164726823e+00
1.382000000000000000e+03,6.277566717471927404e-05,3.049552440643310547e-01,1.892291782511487996e+00
1.383000000000000000e+03,6.278623186517506838e-05,3.172457218170166016e-01,1.951342468671244834e+00
1.384000000000000000e+03,6.276557542150840163e-05,3.099739551544189453e-01,1.916386042416137858e+00
1.385000000000000000e+03,6.274871702771633863e-05,3.091573715209960938e-01,1.913526037673357605e+00
1.386000000000000000e+03,6.272016617003828287e-05,3.117382526397705078e-01,1.897390051835574631e+00
1.387000000000000000e+03,6.269638834055513144e-05,3.219842910766601562e-01,1.895693066924257097e+00
1.388000000000000000e+03,6.266134732868522406e-05,3.428995609283447266e-01,1.880193450428218060e+00
1.389000000000000000e+03,6.263131945161148906e-05,3.466129302978515625e-01,1.936662086270323879e+00
1.390000000000000000e+03,6.256738561205565929e-05,3.577589988708496094e-01,1.913379745870657622e+00
1.391000000000000000e+03,6.248673162190243602e-05,3.625214099884033203e-01,1.935784335454125760e+00
1.392000000000000000e+03,6.240137736313045025e-05,3.546655178070068359e-01,2.010085942045332086e+00
1.393000000000000000e+03,6.229766586329787970e-05,3.443956375122070312e-01,2.122065002421860580e+00
1.394000000000000000e+03,6.219456554390490055e-05,3.255128860473632812e-01,2.239105759171800880e+00
1.395000000000000000e+03,6.206935358932241797e-05,3.142535686492919922e-01,2.312939231994368683e+00
1.396000000000000000e+03,6.197499169502407312e-05,3.013134002685546875e-01,2.288786455368638784e+00
1.397000000000000000e+03,6.188882252899929881e-05,3.149390220642089844e-01,2.239632409661520551e+00
1.398000000000000000e+03,6.182783545227721334e-05,3.301620483398437500e-01,2.136964822526830954e+00
1.399000000000000000e+03,6.183336518006399274e-05,2.871870994567871094e-01,2.145683813967736775e+00
1.400000000000000000e+03,6.176836177473887801e-05,3.091216087341308594e-01,2.141251172345933984e+00
1.401000000000000000e+03,6.156677409308031201e-05,3.105163574218750000e-01,2.021167546099838841e+00
1.402000000000000000e+03,6.135951844044029713e-05,3.040313720703125000e-01,2.057711238414237975e+00
1.403000000000000000e+03,6.136937736300751567e-05,4.120171070098876953e-01,2.093874572041617643e+00
1.404000000000000000e+03,6.120889156591147184e-05,3.574311733245849609e-01,2.075624669654823062e+00
1.405000000000000000e+03,6.098329322412610054e-05,3.091394901275634766e-01,2.334941519120411701e+00
1.406000000000000000e+03,6.249333819141611457e-05,2.429664134979248047e-01,2.403625520487947309e+00
1.407000000000000000e+03,6.092131661716848612e-05,2.979338169097900391e-01,2.346557088254772605e+00
1.408000000000000000e+03,6.068811489967629313e-05,2.795577049255371094e-01,2.422957982214720030e+00
1.409000000000000000e+03,6.031036900822073221e-05,2.859055995941162109e-01,2.535302772097998592e+00
1.410000000000000000e+03,6.014885002514347434e-05,2.886056900024414062e-01,2.435122145609205369e+00
1.411000000000000000e+03,6.001225119689479470e-05,3.139436244964599609e-01,2.383890756303750358e+00
1.412000000000000000e+03,5.992962178424932063e-05,3.046512603759765625e-01,2.398146892476841874e+00
1.413000000000000000e+03,5.985805546515621245e-05,2.892732620239257812e-01,2.373401634050178011e+00
1.414000000000000000e+03,5.980151763651520014e-05,2.846121788024902344e-01,2.343089972530788323e+00
1.415000000000000000e+03,5.976215470582246780e-05,2.831161022186279297e-01,2.300248418110164561e+00
1.416000000000000000e+03,5.974375380901619792e-05,2.870082855224609375e-01,2.288545073894184156e+00
1.417000000000000000e+03,5.973048973828554153e-05,2.915680408477783203e-01,2.293570197316920467e+00
1.418000000000000000e+03,5.971507198410108685e-05,2.896010875701904297e-01,2.296005955831871503e+00
1.419000000000000000e+03,5.969994526822119951e-05,2.824664115905761719e-01,2.296057157962816397e+00
1.420000000000000000e+03,5.968224650132469833e-05,2.687275409698486328e-01,2.292838738303421664e+00
1.421000000000000000e+03,5.966987373540177941e-05,2.619504928588867188e-01,2.280689204089207056e+00
1.422000000000000000e+03,5.965186574030667543e-05,2.598643302917480469e-01,2.275715282797415195e+00
1.423000000000000000e+03,5.963385774521157146e-05,2.632081508636474609e-01,2.254890644683104739e+00
1.424000000000000000e+03,5.960778798907995224e-05,2.751648426055908203e-01,2.234424421485408985e+00
1.425000000000000000e+03,5.965391392237506807e-05,2.821266651153564453e-01,2.071916172456384153e+00
1.426000000000000000e+03,5.959514965070411563e-05,2.773642539978027344e-01,2.183097942508199552e+00
1.427000000000000000e+03,5.955884262220934033e-05,2.947151660919189453e-01,2.143350459714675527e+00
1.428000000000000000e+03,5.953271829639561474e-05,3.034889698028564453e-01,2.099082560217729210e+00
1.429000000000000000e+03,5.951011553406715393e-05,3.040969371795654297e-01,2.037179183905326596e+00
1.430000000000000000e+03,5.949073238298296928e-05,2.996742725372314453e-01,2.029198966068055388e+00
1.431000000000000000e+03,5.945243901805952191e-05,2.919137477874755859e-01,2.020684783150929587e+00
1.432000000000000000e+03,5.944261647528037429e-05,2.935230731964111328e-01,2.041268039790784972e+00
1.433000000000000000e+03,5.940427217865362763e-05,2.951323986053466797e-01,2.046132242230552123e+00
1.434000000000000000e+03,5.938566755503416061e-05,2.963602542877197266e-01,2.028613798857256345e+00
1.435000000000000000e+03,5.935692752245813608e-05,2.912759780883789062e-01,2.041845892411449537e+00
1.436000000000000000e+03,5.932336716796271503e-05,2.820551395416259766e-01,2.027501981156738076e+00
1.437000000000000000e+03,5.929816325078718364e-05,2.628803253173828125e-01,2.047097768128370632e+00
1.438000000000000000e+03,5.927288293605670333e-05,2.504229545593261719e-01,2.037757036525991161e+00
1.439000000000000000e+03,5.923485150560736656e-05,2.176642417907714844e-01,1.989744066879930884e+00
1.440000000000000000e+03,5.921586125623434782e-05,2.088248729705810547e-01,1.998938506679610594e+00
1.441000000000000000e+03,5.920216062804684043e-05,2.055346965789794922e-01,1.997629195045447670e+00
1.442000000000000000e+03,5.919245450058951974e-05,2.043843269348144531e-01,1.989656291798310939e+00
1.443000000000000000e+03,5.918448005104437470e-05,2.024769783020019531e-01,1.989166214259266763e+00
1.444000000000000000e+03,5.916624650126323104e-05,1.990914344787597656e-01,1.966015536482030424e+00
1.445000000000000000e+03,5.913934728596359491e-05,1.939654350280761719e-01,1.958774092248392273e+00
1.446000000000000000e+03,5.909987157792784274e-05,1.991569995880126953e-01,1.923781093042610468e+00
1.447000000000000000e+03,5.905795114813372493e-05,2.116501331329345703e-01,1.889621957112217254e+00
1.448000000000000000e+03,5.901091935811564326e-05,2.400517463684082031e-01,1.864013577049624892e+00
1.449000000000000000e+03,5.898536619497463107e-05,2.567708492279052734e-01,1.822591053115188764e+00
1.450000000000000000e+03,5.896027141716331244e-05,2.697825431823730469e-01,1.813374669545104290e+00
1.451000000000000000e+03,5.894261994399130344e-05,2.691209316253662109e-01,1.799820734024971669e+00
1.452000000000000000e+03,5.892545595997944474e-05,2.721846103668212891e-01,1.740565239341435477e+00
1.453000000000000000e+03,5.890522152185440063e-05,2.709805965423583984e-01,1.712777111418616327e+00
1.454000000000000000e+03,5.889133899472653866e-05,2.725660800933837891e-01,1.716214968782060701e+00
1.455000000000000000e+03,5.885622522328048944e-05,2.729773521423339844e-01,1.691872012812821069e+00
1.456000000000000000e+03,5.881551987840794027e-05,2.748787403106689453e-01,1.660843521460202865e+00
1.457000000000000000e+03,5.877685907762497663e-05,2.632975578308105469e-01,1.628951908471655941e+00
1.458000000000000000e+03,5.873712507309392095e-05,2.530753612518310547e-01,1.616795059667306189e+00
1.459000000000000000e+03,5.868228254257701337e-05,2.376198768615722656e-01,1.501239164714768259e+00
1.460000000000000000e+03,5.865126149728894234e-05,2.308666706085205078e-01,1.564766380037137639e+00
1.461000000000000000e+03,5.862368561793118715e-05,2.288699150085449219e-01,1.570237693458108597e+00
1.462000000000000000e+03,5.858096119482070208e-05,2.340912818908691406e-01,1.555228154501113513e+00
1.463000000000000000e+03,5.854662958881817758e-05,2.435743808746337891e-01,1.544526909133626225e+00
1.464000000000000000e+03,5.850061279488727450e-05,2.517819404602050781e-01,1.555659715319077874e+00
1.465000000000000000e+03,5.842941027367487550e-05,2.719223499298095703e-01,1.609473154942183237e+00
1.466000000000000000e+03,5.839415825903415680e-05,2.538025379180908203e-01,1.592181463863072022e+00
1.467000000000000000e+03,5.834907278767786920e-05,2.487897872924804688e-01,1.591552409111463007e+00
1.468000000000000000e+03,5.831619637319818139e-05,2.482056617736816406e-01,1.624548525210393279e+00
1.469000000000000000e+03,5.828387656947597861e-05,2.428352832794189453e-01,1.598859684656316116e+00
1.470000000000000000e+03,5.823083120048977435e-05,2.282321453094482422e-01,1.531060748695113771e+00
1.471000000000000000e+03,5.819579018861986697e-05,2.220273017883300781e-01,1.529319876242986709e+00
1.472000000000000000e+03,5.815808253828436136e-05,2.191305160522460938e-01,1.484642359698481018e+00
1.473000000000000000e+03,5.812048766529187560e-05,2.134501934051513672e-01,1.536385770313384747e+00
1.474000000000000000e+03,5.807806155644357204e-05,2.179086208343505859e-01,1.611075050181745461e+00
1.475000000000000000e+03,5.804482862004078925e-05,2.208352088928222656e-01,1.635008389103425719e+00
1.476000000000000000e+03,5.801859515486285090e-05,2.134144306182861328e-01,1.682999414979081010e+00
1.477000000000000000e+03,5.799049540655687451e-05,2.156734466552734375e-01,1.649067031342872358e+00
1.478000000000000000e+03,5.795981996925547719e-05,2.158582210540771484e-01,1.559243864485221787e+00
1.479000000000000000e+03,5.793438322143629193e-05,2.061426639556884766e-01,1.572702710333599319e+00
1.480000000000000000e+03,5.790182331111282110e-05,1.865983009338378906e-01,1.602253654478950295e+00
1.481000000000000000e+03,5.786933979834429920e-05,1.768469810485839844e-01,1.598281832035651773e+00
1.482000000000000000e+03,5.781160871265456080e-05,1.727700233459472656e-01,1.601624599727341502e+00
1.483000000000000000e+03,5.777629485237412155e-05,1.715123653411865234e-01,1.605208748893485415e+00
1.484000000000000000e+03,5.773778320872224867e-05,1.731574535369873047e-01,1.613547381647371548e+00
1.485000000000000000e+03,5.800083454232662916e-05,9.331703186035156250e-02,1.448793553446905413e+00
1.486000000000000000e+03,5.772360964328981936e-05,1.582980155944824219e-01,1.582877305211367602e+00
1.487000000000000000e+03,5.766505273641087115e-05,1.655161380767822266e-01,1.596972520401489293e+00
1.488000000000000000e+03,5.759259511251002550e-05,1.736581325531005859e-01,1.594602593197752993e+00
1.489000000000000000e+03,5.753507139161229134e-05,1.870691776275634766e-01,1.595034154015717132e+00
1.490000000000000000e+03,5.749433330493047833e-05,1.947999000549316406e-01,1.576535555564333224e+00
1.491000000000000000e+03,5.745686212321743369e-05,2.020537853240966797e-01,1.545251053556990106e+00
1.492000000000000000e+03,5.740591586800292134e-05,2.030253410339355469e-01,1.522685542990552809e+00
1.493000000000000000e+03,5.734377191402018070e-05,2.032279968261718750e-01,1.516007322197308715e+00
1.494000000000000000e+03,5.728642645408399403e-05,1.931428909301757812e-01,1.535807917692720848e+00
1.495000000000000000e+03,5.722617424908094108e-05,1.883864402770996094e-01,1.573682865411687670e+00
1.496000000000000000e+03,5.716816667700186372e-05,1.807749271392822266e-01,1.590045603543655650e+00
1.497000000000000000e+03,5.711179255740717053e-05,1.912057399749755859e-01,1.593103102220080558e+00
1.498000000000000000e+03,5.706091906176880002e-05,2.128839492797851562e-01,1.546560365191153030e+00
1.499000000000000000e+03,5.703014903701841831e-05,2.331614494323730469e-01,1.525786929207787468e+00
1.500000000000000000e+03,5.699964822269976139e-05,2.489745616912841797e-01,1.481694579874080819e+00
1.501000000000000000e+03,5.696812149835750461e-05,2.574563026428222656e-01,1.467950465010438688e+00
1.502000000000000000e+03,5.691818660125136375e-05,2.587735652923583984e-01,1.436848827756470381e+00
1.503000000000000000e+03,5.689149838872253895e-05,2.459883689880371094e-01,1.484591157567535902e+00
1.504000000000000000e+03,5.684915959136560559e-05,2.368688583374023438e-01,1.518567428744554526e+00
1.505000000000000000e+03,5.681584298145025969e-05,2.352476119995117188e-01,1.530431693943504756e+00
1.506000000000000000e+03,5.677712761098518968e-05,2.325117588043212891e-01,1.559631537762376174e+00
1.507000000000000000e+03,5.673620034940540791e-05,2.337574958801269531e-01,1.603665370375002786e+00
1.508000000000000000e+03,5.669360325555317104e-05,2.392530441284179688e-01,1.621491026533968371e+00
1.509000000000000000e+03,5.664919444825500250e-05,2.459943294525146484e-01,1.632492170096989881e+00
1.510000000000000000e+03,5.660728857037611306e-05,2.285063266754150391e-01,1.644905029556064546e+00
1.511000000000000000e+03,5.659565067617222667e-05,2.417445182800292969e-01,1.586461454377511515e+00
1.512000000000000000e+03,5.654116830555722117e-05,2.297520637512207031e-01,1.583213776357576874e+00
1.513000000000000000e+03,5.651768879033625126e-05,2.183198928833007812e-01,1.606664352330347878e+00
1.514000000000000000e+03,5.648803198710083961e-05,2.074420452117919922e-01,1.553143496312641814e+00
1.515000000000000000e+03,5.644842894980683923e-05,1.977086067199707031e-01,1.625265355043622018e+00
1.516000000000000000e+03,5.641725147143006325e-05,1.945436000823974609e-01,1.680088208105355863e+00
1.517000000000000000e+03,5.638910806737840176e-05,1.963257789611816406e-01,1.718592210575931700e+00
1.518000000000000000e+03,5.636956120724789798e-05,1.937448978424072266e-01,1.760651103852111765e+00
1.519000000000000000e+03,5.635785782942548394e-05,1.939296722412109375e-01,1.751244540938517558e+00
1.520000000000000000e+03,5.634923945763148367e-05,1.953721046447753906e-01,1.747799368984938262e+00
1.521000000000000000e+03,5.633988621411845088e-05,1.930415630340576172e-01,1.756145316328959538e+00
1.522000000000000000e+03,5.633104592561721802e-05,1.922607421875000000e-01,1.763181952038817668e+00
1.523000000000000000e+03,5.631824024021625519e-05,1.940727233886718750e-01,1.776765145919489974e+00
1.524000000000000000e+03,5.630487430607900023e-05,1.973330974578857422e-01,1.785067205722701278e+00
1.525000000000000000e+03,5.642631731461733580e-05,1.933038234710693359e-01,1.831617257341763949e+00
1.526000000000000000e+03,5.630068335449323058e-05,1.967012882232666016e-01,1.792403739628093851e+00
1.527000000000000000e+03,5.628229337162338197e-05,2.023220062255859375e-01,1.793610647000367209e+00
1.528000000000000000e+03,5.625934136332944036e-05,2.086043357849121094e-01,1.783421422942329082e+00
1.529000000000000000e+03,5.623692777589894831e-05,2.132177352905273438e-01,1.752751346506324914e+00
1.530000000000000000e+03,5.621069431072100997e-05,2.172470092773437500e-01,1.735240217723164280e+00
1.531000000000000000e+03,5.617593706119805574e-05,2.212822437286376953e-01,1.689450883478140319e+00
1.532000000000000000e+03,5.613963003270328045e-05,2.208054065704345703e-01,1.684118547269734201e+00
1.533000000000000000e+03,5.610101652564480901e-05,2.204895019531250000e-01,1.693810379198593008e+00
1.534000000000000000e+03,5.608760693576186895e-05,2.321779727935791016e-01,1.655364893449096764e+00
1.535000000000000000e+03,5.603933095699176192e-05,2.263844013214111328e-01,1.717143921729204159e+00
1.536000000000000000e+03,5.600635267910547554e-05,2.369761466979980469e-01,1.714474096329933861e+00
1.537000000000000000e+03,5.605959813692606986e-05,2.514362335205078125e-01,1.640633308917231359e+00
1.538000000000000000e+03,5.598531424766406417e-05,2.420067787170410156e-01,1.688770626595586410e+00
1.539000000000000000e+03,5.597092240350320935e-05,2.190649509429931641e-01,1.656681519673394831e+00
1.540000000000000000e+03,5.592178786173462868e-05,2.305150032043457031e-01,1.665934476194154357e+00
1.541000000000000000e+03,5.590688306256197393e-05,2.313077449798583984e-01,1.649454704620026746e+00
1.542000000000000000e+03,5.587011764873750508e-05,2.392590045928955078e-01,1.623773178656084504e+00
1.543000000000000000e+03,5.582826270256191492e-05,2.429425716400146484e-01,1.589657930266501262e+00
1.544000000000000000e+03,5.579334174399264157e-05,2.467691898345947266e-01,1.582687125867857869e+00
1.545000000000000000e+03,5.577027332037687302e-05,2.453029155731201172e-01,1.606130387250493952e+00
1.546000000000000000e+03,5.574956594500690699e-05,2.430558204650878906e-01,1.653719110668724568e+00
1.547000000000000000e+03,5.572759982896968722e-05,2.408385276794433594e-01,1.706230553247802373e+00
1.548000000000000000e+03,5.569516360992565751e-05,2.417087554931640625e-01,1.786961684567663022e+00
1.549000000000000000e+03,5.566500476561486721e-05,2.454340457916259766e-01,1.843327916147879275e+00
1.550000000000000000e+03,5.562885053222998977e-05,2.460539340972900391e-01,1.884852844344205414e+00
1.551000000000000000e+03,5.559922647080384195e-05,2.425968647003173828e-01,1.900886425920098821e+00
1.552000000000000000e+03,5.558002158068120480e-05,2.402484416961669922e-01,1.870772258334353566e+00
1.553000000000000000e+03,5.555855750571936369e-05,2.389550209045410156e-01,1.823710185405841955e+00
1.554000000000000000e+03,5.554251401918008924e-05,2.375543117523193359e-01,1.829686205546127153e+00
1.555000000000000000e+03,5.551744834519922733e-05,2.296090126037597656e-01,1.859259093461882895e+00
1.556000000000000000e+03,5.550501373363658786e-05,2.351343631744384766e-01,1.868877779489391822e+00
1.557000000000000000e+03,5.549451452679932117e-05,2.094745635986328125e-01,1.852602816439043787e+00
1.558000000000000000e+03,5.546080501517280936e-05,2.166092395782470703e-01,1.864452452457724174e+00
1.559000000000000000e+03,5.543298175325617194e-05,2.220928668975830078e-01,1.845171192861896126e+00
1.560000000000000000e+03,5.539678386412560940e-05,2.178132534027099609e-01,1.843861881227733646e+00
1.561000000000000000e+03,5.534511728910729289e-05,2.027869224548339844e-01,1.838858701575401655e+00
1.562000000000000000e+03,5.541160498978570104e-05,1.385390758514404297e-01,1.903702543122069102e+00
1.563000000000000000e+03,5.533278454095125198e-05,1.843512058258056641e-01,1.857452389698540873e+00
1.564000000000000000e+03,5.533747025765478611e-05,1.906454563140869141e-01,1.902546837880740860e+00
1.565000000000000000e+03,5.531443821382708848e-05,1.873254776000976562e-01,1.878781734532165570e+00
1.566000000000000000e+03,5.532819341169670224e-05,1.451969146728515625e-01,1.949009114418183808e+00
1.567000000000000000e+03,5.529876216314733028e-05,1.695275306701660156e-01,1.908420453759136048e+00
1.568000000000000000e+03,5.526432505575940013e-05,1.766681671142578125e-01,1.901471593130897642e+00
1.569000000000000000e+03,5.524123116629198194e-05,1.764953136444091797e-01,1.878350173714201210e+00
1.570000000000000000e+03,5.521077400771901011e-05,1.741766929626464844e-01,1.869748215715455464e+00
1.571000000000000000e+03,5.517509271157905459e-05,1.654982566833496094e-01,1.822254581968979492e+00
1.572000000000000000e+03,5.515900556929409504e-05,1.470625400543212891e-01,1.771330405449194068e+00
1.573000000000000000e+03,5.512088318937458098e-05,1.384258270263671875e-01,1.738290401809454044e+00
1.574000000000000000e+03,5.509514448931440711e-05,1.350760459899902344e-01,1.747514099969673884e+00
1.575000000000000000e+03,5.502330168383195996e-05,1.293241977691650391e-01,1.752605054703625154e+00
1.576000000000000000e+03,5.495252116816118360e-05,1.370489597320556641e-01,1.737902728532299657e+00
1.577000000000000000e+03,5.489145405590534210e-05,1.352787017822265625e-01,1.712820998959426300e+00
1.578000000000000000e+03,5.482246342580765486e-05,1.491785049438476562e-01,1.617182732944460355e+00
1.579000000000000000e+03,5.474300269270315766e-05,1.399934291839599609e-01,1.624402233407693297e+00
1.580000000000000000e+03,5.469453753903508186e-05,1.243531703948974609e-01,1.572512530990089585e+00
1.581000000000000000e+03,5.462657645693980157e-05,1.305460929870605469e-01,1.580309884073986870e+00
1.582000000000000000e+03,5.456984945340082049e-05,1.353025436401367188e-01,1.551066152714305257e+00
1.583000000000000000e+03,5.450280877994373441e-05,1.368165016174316406e-01,1.525062784784423586e+00
1.584000000000000000e+03,5.445935676107183099e-05,1.392602920532226562e-01,1.493163857205741740e+00
1.585000000000000000e+03,5.439916640170849860e-05,1.388549804687500000e-01,1.472309960730891376e+00
1.586000000000000000e+03,5.436208448372781277e-05,1.395344734191894531e-01,1.439745405449925686e+00
1.587000000000000000e+03,5.431593308458104730e-05,1.389682292938232422e-01,1.456532389809722661e+00
1.588000000000000000e+03,5.428076110547408462e-05,1.368880271911621094e-01,1.470181415001609926e+00
1.589000000000000000e+03,5.421244713943451643e-05,1.292765140533447266e-01,1.513008340241963623e+00
1.590000000000000000e+03,5.418632645159959793e-05,1.338303089141845703e-01,1.545733816505899361e+00
1.591000000000000000e+03,5.414023326011374593e-05,1.311063766479492188e-01,1.589994401412710756e+00
1.592000000000000000e+03,5.410705489339306951e-05,1.322686672210693359e-01,1.577983844411060765e+00
1.593000000000000000e+03,5.407453136285766959e-05,1.323103904724121094e-01,1.595429141883006663e+00
1.594000000000000000e+03,5.402328679338097572e-05,1.331388950347900391e-01,1.607388496753711760e+00
1.595000000000000000e+03,5.398681969381868839e-05,1.340210437774658203e-01,1.621871385220987838e+00
1.596000000000000000e+03,5.394929030444473028e-05,1.424729824066162109e-01,1.635447264511525223e+00
1.597000000000000000e+03,5.413937105913646519e-05,1.207649707794189453e-01,1.493602732613841022e+00
1.598000000000000000e+03,5.392777529777958989e-05,1.371800899505615234e-01,1.600849253173032505e+00
1.599000000000000000e+03,5.387818964663892984e-05,1.449942588806152344e-01,1.614030144596280802e+00
1.600000000000000000e+03,5.381832306738942862e-05,1.592099666595458984e-01,1.617862989827014264e+00
1.601000000000000000e+03,5.374916872824542224e-05,1.688897609710693359e-01,1.617760585565124476e+00
1.602000000000000000e+03,5.367792618926614523e-05,1.849651336669921875e-01,1.615727129507597892e+00
1.603000000000000000e+03,5.361728835850954056e-05,1.908183097839355469e-01,1.615141962296799072e+00
1.604000000000000000e+03,5.357150075724348426e-05,1.895368099212646484e-01,1.595377939752061769e+00
1.605000000000000000e+03,5.353762389859184623e-05,1.855790615081787109e-01,1.590535681082699826e+00
1.606000000000000000e+03,5.349049024516716599e-05,1.872062683105468750e-01,1.567428890846273459e+00
1.607000000000000000e+03,5.346359830582514405e-05,1.895248889923095703e-01,1.584281706517285171e+00
1.608000000000000000e+03,5.342597069102339447e-05,1.792430877685546875e-01,1.574399695244916852e+00
1.609000000000000000e+03,5.338117989595048130e-05,1.918733119964599609e-01,1.572849002136299301e+00
1.610000000000000000e+03,5.333598528522998095e-05,2.043247222900390625e-01,1.610592287232836428e+00
1.611000000000000000e+03,5.331032298272475600e-05,2.089083194732666016e-01,1.622990517511640585e+00
1.612000000000000000e+03,5.328898259904235601e-05,2.201974391937255859e-01,1.636127521394079132e+00
1.613000000000000000e+03,5.327506005414761603e-05,2.275586128234863281e-01,1.649505906750971640e+00
1.614000000000000000e+03,5.326345853973180056e-05,2.334654331207275391e-01,1.623670774394194494e+00
1.615000000000000000e+03,5.325237725628539920e-05,2.354204654693603516e-01,1.620766882110604490e+00
1.616000000000000000e+03,5.323631921783089638e-05,2.334237098693847656e-01,1.610833668707291055e+00
1.617000000000000000e+03,5.321748903952538967e-05,2.250492572784423828e-01,1.609231773467728610e+00
1.618000000000000000e+03,5.319491174304857850e-05,2.121269702911376953e-01,1.633121224848598896e+00
1.619000000000000000e+03,5.317871909937821329e-05,1.940190792083740234e-01,1.643398223988256746e+00
1.620000000000000000e+03,5.315656744642183185e-05,1.964449882507324219e-01,1.666278261930498772e+00
1.621000000000000000e+03,5.315030648489482701e-05,1.701891422271728516e-01,1.780312722134959058e+00
1.622000000000000000e+03,5.310829874360933900e-05,1.880288124084472656e-01,1.744785757849323327e+00
1.623000000000000000e+03,5.308680556481704116e-05,1.892268657684326172e-01,1.731795045769584762e+00
1.624000000000000000e+03,5.304435399011708796e-05,1.887440681457519531e-01,1.736981090175291120e+00
1.625000000000000000e+03,5.302280624164268374e-05,1.815676689147949219e-01,1.755999024526259555e+00
1.626000000000000000e+03,5.302877980284392834e-05,1.940786838531494141e-01,1.775697215759781900e+00
1.627000000000000000e+03,5.300985139911063015e-05,1.872181892395019531e-01,1.764886251540269679e+00
1.628000000000000000e+03,5.298859832691960037e-05,1.914620399475097656e-01,1.823227422456932700e+00
1.629000000000000000e+03,5.296884773997589946e-05,1.930654048919677734e-01,1.837066626992329699e+00
1.630000000000000000e+03,5.295310984365642071e-05,1.970946788787841797e-01,1.856194280195323065e+00
1.631000000000000000e+03,5.294265429256483912e-05,1.998901367187500000e-01,1.850371866447872771e+00
1.632000000000000000e+03,5.295846494846045971e-05,2.194762229919433594e-01,1.863582016231660532e+00
1.633000000000000000e+03,5.293734648148529232e-05,2.063930034637451172e-01,1.854738676758460159e+00
1.634000000000000000e+03,5.292255809763446450e-05,2.062261104583740234e-01,1.838419826167302373e+00
1.635000000000000000e+03,5.290705303195863962e-05,2.078115940093994141e-01,1.829049836204383217e+00
1.636000000000000000e+03,5.288839383865706623e-05,2.136349678039550781e-01,1.827009065556721490e+00
1.637000000000000000e+03,5.287073508952744305e-05,2.231001853942871094e-01,1.833226467171461094e+00
1.638000000000000000e+03,5.284709914121776819e-05,2.405583858489990234e-01,1.844395846307587572e+00
1.639000000000000000e+03,5.282158235786482692e-05,2.593636512756347656e-01,1.834777160280078645e+00
1.640000000000000000e+03,5.279109609546139836e-05,2.780020236968994141e-01,1.821135449678326301e+00
1.641000000000000000e+03,5.277474338072352111e-05,2.799510955810546875e-01,1.790355654390297646e+00
1.642000000000000000e+03,5.276287993183359504e-05,2.759158611297607422e-01,1.771630303644728510e+00
1.643000000000000000e+03,5.275695002637803555e-05,2.690434455871582031e-01,1.761484967127500578e+00
1.644000000000000000e+03,5.274527211440727115e-05,2.615213394165039062e-01,1.753716872404143423e+00
1.645000000000000000e+03,5.272281850920990109e-05,2.545237541198730469e-01,1.738480581152963778e+00
1.646000000000000000e+03,5.269476241664960980e-05,2.468466758728027344e-01,1.737222471649745748e+00
1.647000000000000000e+03,5.265534127829596400e-05,2.484261989593505859e-01,1.716895225664614610e+00
1.648000000000000000e+03,5.259900717646814883e-05,2.519130706787109375e-01,1.742562122448286788e+00
1.649000000000000000e+03,5.256195436231791973e-05,2.545654773712158203e-01,1.705989171773347746e+00
1.650000000000000000e+03,5.253854396869428456e-05,2.557277679443359375e-01,1.723690479900018335e+00
1.651000000000000000e+03,5.250626418273895979e-05,2.501428127288818359e-01,1.774241612322919215e+00
1.652000000000000000e+03,5.246838190942071378e-05,2.512693405151367188e-01,1.781139270820212728e+00
1.653000000000000000e+03,5.242677798378281295e-05,2.511143684387207031e-01,1.819628644110518501e+00
1.654000000000000000e+03,5.238891753833740950e-05,2.476930618286132812e-01,1.871935278165816730e+00
1.655000000000000000e+03,5.235851494944654405e-05,2.464950084686279297e-01,1.899386934942425942e+00
1.656000000000000000e+03,5.229696034803055227e-05,2.381801605224609375e-01,1.953236947516206579e+00
1.657000000000000000e+03,5.223150947131216526e-05,2.203643321990966797e-01,2.000745210442952615e+00
1.658000000000000000e+03,5.215292912907898426e-05,1.894295215606689453e-01,2.021760027900772361e+00
1.659000000000000000e+03,5.210281960899010301e-05,1.700401306152343750e-01,2.021657623638883017e+00
1.660000000000000000e+03,5.204380431678146124e-05,1.642405986785888672e-01,1.993591541290934410e+00
1.661000000000000000e+03,5.199542647460475564e-05,1.553237438201904297e-01,1.985618638043797679e+00
1.662000000000000000e+03,5.195740232011303306e-05,1.455485820770263672e-01,2.019711942662975712e+00
1.663000000000000000e+03,5.191618765820749104e-05,1.149773597717285156e-01,2.054982896293887418e+00
1.664000000000000000e+03,5.185844202060252428e-05,1.228451728820800781e-01,2.205465959140992194e+00
1.665000000000000000e+03,5.180757580092176795e-05,1.187562942504882812e-01,2.129862355505757865e+00
1.666000000000000000e+03,5.176838385523296893e-05,1.221418380737304688e-01,2.133505021392981593e+00
1.667000000000000000e+03,5.171138764126226306e-05,1.285076141357421875e-01,2.146371385440425605e+00
1.668000000000000000e+03,5.167687413631938398e-05,1.284897327423095703e-01,2.187728078063646553e+00
1.669000000000000000e+03,5.163512105355039239e-05,1.347899436950683594e-01,2.201179609321889163e+00
1.670000000000000000e+03,5.160494038136675954e-05,1.374483108520507812e-01,2.239442230318010818e+00
1.671000000000000000e+03,5.157844498171471059e-05,1.364350318908691406e-01,2.267771637910818594e+00
1.672000000000000000e+03,5.158234853297472000e-05,1.221537590026855469e-01,2.264794599725878488e+00
1.673000000000000000e+03,5.156516272109001875e-05,1.297295093536376953e-01,2.266352607424630516e+00
1.674000000000000000e+03,5.164050890016369522e-05,1.080274581909179688e-01,2.277573188691702111e+00
1.675000000000000000e+03,5.155418330105021596e-05,1.241087913513183594e-01,2.269285758068761094e+00
1.676000000000000000e+03,5.153026722837239504e-05,1.202762126922607422e-01,2.276154158205514477e+00
1.677000000000000000e+03,5.149884964339435101e-05,1.198887825012207031e-01,2.263236592027126015e+00
1.678000000000000000e+03,5.146848343429155648e-05,1.197218894958496094e-01,2.260405845644885670e+00
1.679000000000000000e+03,5.142998270457610488e-05,1.278221607208251953e-01,2.243684692596303432e+00
1.680000000000000000e+03,5.138697451911866665e-05,1.410126686096191406e-01,2.241680494899316756e+00
1.681000000000000000e+03,5.134899765835143626e-05,1.363039016723632812e-01,2.269863610689425215e+00
1.682000000000000000e+03,5.133910963195376098e-05,1.519501209259033203e-01,2.227007427088531166e+00
1.683000000000000000e+03,5.129043347551487386e-05,1.259088516235351562e-01,2.306056202677344569e+00
1.684000000000000000e+03,5.127114854985848069e-05,1.294314861297607422e-01,2.256119495825782639e+00
1.685000000000000000e+03,5.125996540300548077e-05,1.346230506896972656e-01,2.239193534253421269e+00
1.686000000000000000e+03,5.124895687913522124e-05,1.335203647613525391e-01,2.222479695794973953e+00
1.687000000000000000e+03,5.124417657498270273e-05,1.417040824890136719e-01,2.218186031385736001e+00
1.688000000000000000e+03,5.123351002112030983e-05,1.336455345153808594e-01,2.216628023686983529e+00
1.689000000000000000e+03,5.122312722960487008e-05,1.293003559112548828e-01,2.218522502531945495e+00
1.690000000000000000e+03,5.120957939652726054e-05,1.289546489715576172e-01,2.216094058607129380e+00
1.691000000000000000e+03,5.119353954796679318e-05,1.333713531494140625e-01,2.203220379969550891e+00
1.692000000000000000e+03,5.117896944284439087e-05,1.383483409881591797e-01,2.193579750171636977e+00
1.693000000000000000e+03,5.121987851453013718e-05,1.221895217895507812e-01,2.207221460773388877e+00
1.694000000000000000e+03,5.117406544741243124e-05,1.343488693237304688e-01,2.196937147043596106e+00
1.695000000000000000e+03,5.116170359542593360e-05,1.394629478454589844e-01,2.192014427882749583e+00
1.696000000000000000e+03,5.115167732583358884e-05,1.376330852508544922e-01,2.183097942508199552e+00
1.697000000000000000e+03,5.114095984026789665e-05,1.281797885894775391e-01,2.172089484355042455e+00
1.698000000000000000e+03,5.113164297654293478e-05,1.233994960784912109e-01,2.178760390558151627e+00
1.699000000000000000e+03,5.112063809065148234e-05,1.147389411926269531e-01,2.194018625579736259e+00
1.700000000000000000e+03,5.112443614052608609e-05,1.050412654876708984e-01,2.228324053312829012e+00
1.701000000000000000e+03,5.111571954330429435e-05,1.105546951293945312e-01,2.208830670603086244e+00
1.702000000000000000e+03,5.110731581225991249e-05,1.070022583007812500e-01,2.225793205126123109e+00
1.703000000000000000e+03,5.109559788252227008e-05,1.047849655151367188e-01,2.234512196567028930e+00
1.704000000000000000e+03,5.108664845465682447e-05,1.030921936035156250e-01,2.225105633653434278e+00
1.705000000000000000e+03,5.107473771204240620e-05,1.036167144775390625e-01,2.199811780966646424e+00
1.706000000000000000e+03,5.106000753585249186e-05,1.061975955963134766e-01,2.167605640602295214e+00
1.707000000000000000e+03,5.104005686007440090e-05,1.125335693359375000e-01,2.115928061298606000e+00
1.708000000000000000e+03,5.101959686726331711e-05,1.227676868438720703e-01,2.089537020091569719e+00
1.709000000000000000e+03,5.099680856801569462e-05,1.384079456329345703e-01,2.063694573144657873e+00
1.710000000000000000e+03,5.097462417325004935e-05,1.446604728698730469e-01,2.070365479347766602e+00
1.711000000000000000e+03,5.094552034279331565e-05,1.424372196197509766e-01,2.113733684258109591e+00
1.712000000000000000e+03,5.113792940392158926e-05,1.403927803039550781e-01,2.194501388528645514e+00
1.713000000000000000e+03,5.093762229080311954e-05,1.420915126800537109e-01,2.127521686662561695e+00
1.714000000000000000e+03,5.090243212180212140e-05,1.202821731567382812e-01,2.169119760760237714e+00
1.715000000000000000e+03,5.087376848678104579e-05,1.114368438720703125e-01,2.169507434037391658e+00
1.716000000000000000e+03,5.084384974907152355e-05,1.024007797241210938e-01,2.164731006679244896e+00
1.717000000000000000e+03,5.081991548649966717e-05,1.001417636871337891e-01,2.160349567188386999e+00
1.718000000000000000e+03,5.078026879345998168e-05,1.012265682220458984e-01,2.178913996950986309e+00
1.719000000000000000e+03,5.074283399153500795e-05,9.703636169433593750e-02,2.095966544820224264e+00
1.720000000000000000e+03,5.069621693110093474e-05,1.138627529144287109e-01,2.186601631182858441e+00
1.721000000000000000e+03,5.065828736405819654e-05,1.098275184631347656e-01,2.168775975023893299e+00
1.722000000000000000e+03,5.063103890279307961e-05,9.728074073791503906e-02,2.139890658580826166e+00
1.723000000000000000e+03,5.061984484200365841e-05,9.261369705200195312e-02,2.114370053599853527e+00
1.724000000000000000e+03,5.060657713329419494e-05,8.744001388549804688e-02,2.085353074534356921e+00
1.725000000000000000e+03,5.059358227299526334e-05,8.273720741271972656e-02,2.047097768128370632e+00
1.726000000000000000e+03,5.058277747593820095e-05,8.524060249328613281e-02,2.031539634911251113e+00
1.727000000000000000e+03,5.061083720647729933e-05,1.135110855102539062e-01,1.969716719090334411e+00
1.728000000000000000e+03,5.057330417912453413e-05,9.474158287048339844e-02,2.010758884337751073e+00
1.729000000000000000e+03,5.055387737229466438e-05,9.595155715942382812e-02,2.019858234465675917e+00
1.730000000000000000e+03,5.053551649325527251e-05,9.456872940063476562e-02,2.040529266187151247e+00
1.731000000000000000e+03,5.050994514022022486e-05,8.698105812072753906e-02,2.076253724406431633e+00
1.732000000000000000e+03,5.048165257903747261e-05,8.431077003479003906e-02,2.091051140249512219e+00
1.733000000000000000e+03,5.045537545811384916e-05,6.088614463806152344e-02,2.093143113028118840e+00
1.734000000000000000e+03,5.040943869971670210e-05,7.642507553100585938e-02,2.068514888043614608e+00
1.735000000000000000e+03,5.038066228735260665e-05,8.847713470458984375e-02,2.016742219068170971e+00
1.736000000000000000e+03,5.035025606048293412e-05,9.559988975524902344e-02,1.955175313901978296e+00
1.737000000000000000e+03,5.032865738030523062e-05,9.744763374328613281e-02,1.905750628359865750e+00
1.738000000000000000e+03,5.030449028708972037e-05,9.417533874511718750e-02,1.895495572990612665e+00
1.739000000000000000e+03,5.027906081522814929e-05,8.496642112731933594e-02,1.884274991723541071e+00
1.740000000000000000e+03,5.025569407735019922e-05,8.766651153564453125e-02,1.890346101535580914e+00
1.741000000000000000e+03,5.023065750719979405e-05,9.120702743530273438e-02,1.906723468847818959e+00
1.742000000000000000e+03,5.019220407120883465e-05,1.148879528045654297e-01,1.890294899404636242e+00
1.743000000000000000e+03,5.014884300180710852e-05,1.355528831481933594e-01,1.923488509437211169e+00
1.744000000000000000e+03,5.010932000004686415e-05,1.634418964385986328e-01,1.884765069262585246e+00
1.745000000000000000e+03,5.006339051760733128e-05,1.732885837554931641e-01,1.895832044136822159e+00
1.746000000000000000e+03,5.001832687412388623e-05,1.662194728851318359e-01,1.923100836160056559e+00
1.747000000000000000e+03,4.998413714929483831e-05,1.669824123382568359e-01,1.910124753260588060e+00
1.748000000000000000e+03,4.994255141355097294e-05,1.722633838653564453e-01,1.923188611241676726e+00
1.749000000000000000e+03,4.988420914742164314e-05,1.902222633361816406e-01,1.980754435604030750e+00
1.750000000000000000e+03,4.984212500858120620e-05,2.070426940917968750e-01,2.017371273819779987e+00
1.751000000000000000e+03,4.981118036084808409e-05,2.085328102111816406e-01,2.058442697427736778e+00
1.752000000000000000e+03,4.979097138857468963e-05,2.060115337371826172e-01,2.078543191118682909e+00
1.753000000000000000e+03,4.977975913789123297e-05,1.967251300811767578e-01,2.106141139697992326e+00
1.754000000000000000e+03,4.976630225428380072e-05,1.878619194030761719e-01,2.104583131999239853e+00
1.755000000000000000e+03,4.975387855665758252e-05,1.816511154174804688e-01,2.113258235899335258e+00
1.756000000000000000e+03,4.974786861566826701e-05,1.844823360443115234e-01,2.117442181456548500e+00
1.757000000000000000e+03,4.974216790287755430e-05,1.881182193756103516e-01,2.118173640470047303e+00
1.758000000000000000e+03,4.973465547664090991e-05,1.923620700836181641e-01,2.119197683088945627e+00
1.759000000000000000e+03,4.972437818651087582e-05,1.961886882781982422e-01,2.117390979325603606e+00
1.760000000000000000e+03,4.971482121618464589e-05,1.980721950531005859e-01,2.107794237068499665e+00
1.761000000000000000e+03,4.970248846802860498e-05,1.997351646423339844e-01,2.107655259855934826e+00
1.762000000000000000e+03,4.969064320903271437e-05,2.002596855163574219e-01,2.109937411978050736e+00
1.763000000000000000e+03,4.967484710505232215e-05,2.023339271545410156e-01,2.125422399293820153e+00
1.764000000000000000e+03,4.965320840710774064e-05,1.991033554077148438e-01,2.142085035621322575e+00
1.765000000000000000e+03,4.963343963027000427e-05,2.047777175903320312e-01,2.153824952787978031e+00
1.766000000000000000e+03,4.963850369676947594e-05,2.041459083557128906e-01,2.131903126153419592e+00
1.767000000000000000e+03,4.962700040778145194e-05,2.045035362243652344e-01,2.144367187743438485e+00
1.768000000000000000e+03,4.961433660355396569e-05,2.136290073394775391e-01,2.125137130278555553e+00
1.769000000000000000e+03,4.960466685588471591e-05,2.142131328582763672e-01,2.101130645455525414e+00
1.770000000000000000e+03,4.959447687724605203e-05,2.146959304809570312e-01,2.071579701310174659e+00
1.771000000000000000e+03,4.958618956152349710e-05,2.122998237609863281e-01,2.042672441096702762e+00
1.772000000000000000e+03,4.957639612257480621e-05,1.987993717193603516e-01,1.998214362256246712e+00
1.773000000000000000e+03,4.956332122674211860e-05,1.985371112823486328e-01,2.001710736340771124e+00
1.774000000000000000e+03,4.955327676725573838e-05,1.942813396453857422e-01,2.006084861241493655e+00
1.775000000000000000e+03,4.953701863996684551e-05,1.865148544311523438e-01,1.995442132595086404e+00
1.776000000000000000e+03,4.951635128236375749e-05,1.774549484252929688e-01,1.960434504209034756e+00
1.777000000000000000e+03,4.950298534822650254e-05,1.709163188934326172e-01,1.929852202854650312e+00
1.778000000000000000e+03,4.949398862663656473e-05,1.651048660278320312e-01,1.896424525937756123e+00
1.779000000000000000e+03,4.948130299453623593e-05,1.653790473937988281e-01,1.897097468230174888e+00
1.780000000000000000e+03,4.946660192217677832e-05,1.639187335968017578e-01,1.901281413787387908e+00
1.781000000000000000e+03,4.945281762047670782e-05,1.601278781890869141e-01,1.914447676030366141e+00
1.782000000000000000e+03,4.944008469465188682e-05,1.569211483001708984e-01,1.929362125315606136e+00
1.783000000000000000e+03,4.942443774780258536e-05,1.522362232208251953e-01,1.948767732943728737e+00
1.784000000000000000e+03,4.940556391375139356e-05,1.508414745330810547e-01,1.954692550953069263e+00
1.785000000000000000e+03,4.939789141644723713e-05,1.386404037475585938e-01,2.016932398411680261e+00
1.786000000000000000e+03,4.937030462315306067e-05,1.500189304351806641e-01,1.980951929537675626e+00
1.787000000000000000e+03,4.935255492455326021e-05,1.603066921234130859e-01,1.949294383433448186e+00
1.788000000000000000e+03,4.932857700623571873e-05,1.697003841400146484e-01,1.929749798592760746e+00
1.789000000000000000e+03,4.931184957968071103e-05,1.787483692169189453e-01,1.929171945972096402e+00
1.790000000000000000e+03,4.930016439175233245e-05,1.908659934997558594e-01,1.917366197494226432e+00
1.791000000000000000e+03,4.955774784320965409e-05,2.348899841308593750e-01,2.063555595932093034e+00
1.792000000000000000e+03,4.929708666168153286e-05,1.952052116394042969e-01,1.931746681699612278e+00
1.793000000000000000e+03,4.928854104946367443e-05,1.984536647796630859e-01,1.925280584020283126e+00
1.794000000000000000e+03,4.927337431581690907e-05,2.023100852966308594e-01,1.903702543122069102e+00
1.795000000000000000e+03,4.926615292788483202e-05,2.002537250518798828e-01,1.876931143228013577e+00
1.796000000000000000e+03,4.924958921037614346e-05,1.938760280609130859e-01,1.863340634757205905e+00
1.797000000000000000e+03,4.923388769384473562e-05,1.880049705505371094e-01,1.855806606918168677e+00
1.798000000000000000e+03,4.921408981317654252e-05,1.917004585266113281e-01,1.837205604204894538e+00
1.799000000000000000e+03,4.918798367725685239e-05,1.916170120239257812e-01,1.799974340417806573e+00
1.800000000000000000e+03,4.916408943245187402e-05,1.885175704956054688e-01,1.769926004143276499e+00
1.801000000000000000e+03,4.912557415082119405e-05,1.778602600097656250e-01,1.741830663434788207e+00
1.802000000000000000e+03,4.908774644718505442e-05,1.707613468170166016e-01,1.739460736231052129e+00
1.803000000000000000e+03,4.909020208287984133e-05,1.460254192352294922e-01,1.764922824490944731e+00
1.804000000000000000e+03,4.906857429887168109e-05,1.587629318237304688e-01,1.751822393559181457e+00
1.805000000000000000e+03,4.904978413833305240e-05,1.784682273864746094e-01,1.827155357359421251e+00
1.806000000000000000e+03,4.901217471342533827e-05,1.764714717864990234e-01,1.809293128249780835e+00
1.807000000000000000e+03,4.898995757685042918e-05,1.665592193603515625e-01,1.811714257584461807e+00
1.808000000000000000e+03,4.896294558420777321e-05,1.768827438354492188e-01,1.835457417162632554e+00
1.809000000000000000e+03,4.893356890534050763e-05,1.901745796203613281e-01,1.860904876242255090e+00
1.810000000000000000e+03,4.890946001978591084e-05,1.948833465576171875e-01,1.873537173405379175e+00
1.811000000000000000e+03,4.887757677352055907e-05,1.938343048095703125e-01,1.877713804372457052e+00
1.812000000000000000e+03,4.883155997958965600e-05,1.876652240753173828e-01,1.858820218053783613e+00
1.813000000000000000e+03,4.876192542724311352e-05,1.738250255584716797e-01,1.849691609565318862e+00
1.814000000000000000e+03,4.873115176451392472e-05,1.495838165283203125e-01,1.793508242738477199e+00
1.815000000000000000e+03,4.866072049480862916e-05,1.465022563934326172e-01,1.845566180729185657e+00
1.816000000000000000e+03,4.862495552515611053e-05,1.598119735717773438e-01,1.886067066306613249e+00
1.817000000000000000e+03,4.858044849243015051e-05,1.632571220397949219e-01,1.892723343329452357e+00
1.818000000000000000e+03,4.854071812587790191e-05,1.639187335968017578e-01,1.947399904588486441e+00
1.819000000000000000e+03,4.854720828006975353e-05,1.761496067047119141e-01,1.909685877852489222e+00
1.820000000000000000e+03,4.852231722907163203e-05,1.696765422821044922e-01,1.929662023511140578e+00
1.821000000000000000e+03,4.849645847571082413e-05,1.708507537841796875e-01,1.921008863381450160e+00
1.822000000000000000e+03,4.846661977353505790e-05,1.662254333496093750e-01,1.940107258223903397e+00
1.823000000000000000e+03,4.844671275350265205e-05,1.585125923156738281e-01,1.950172134249646749e+00
1.824000000000000000e+03,4.842012640438042581e-05,1.460969448089599609e-01,1.978369879220024830e+00
1.825000000000000000e+03,4.838412860408425331e-05,1.342535018920898438e-01,1.993255070144725138e+00
1.826000000000000000e+03,4.837068627239204943e-05,1.375496387481689453e-01,1.997336611440048149e+00
1.827000000000000000e+03,4.831326805287972093e-05,1.242041587829589844e-01,1.949345585564393080e+00
1.828000000000000000e+03,4.828185410588048398e-05,1.360952854156494141e-01,1.898457981995282484e+00
1.829000000000000000e+03,4.823770723305642605e-05,1.583635807037353516e-01,1.814003724296713083e+00
1.830000000000000000e+03,4.820911999559029937e-05,1.647531986236572266e-01,1.733243334616312303e+00
1.831000000000000000e+03,4.821622133022174239e-05,1.829802989959716797e-01,1.610343591168246880e+00
1.832000000000000000e+03,4.818621528102084994e-05,1.732528209686279297e-01,1.675926206318547829e+00
1.833000000000000000e+03,4.814708518097177148e-05,1.636266708374023438e-01,1.648723245606527943e+00
1.834000000000000000e+03,4.811140024685300887e-05,1.469969749450683594e-01,1.659534209826039941e+00
1.835000000000000000e+03,4.807698132935911417e-05,1.341521739959716797e-01,1.697745628691216702e+00
1.836000000000000000e+03,4.804715354111976922e-05,1.403510570526123047e-01,1.695997441648954274e+00
1.837000000000000000e+03,4.798845839104615152e-05,1.646101474761962891e-01,1.733001953141857676e+00
1.838000000000000000e+03,4.795208587893284857e-05,1.674711704254150391e-01,1.721847203186001263e+00
1.839000000000000000e+03,4.792333493242040277e-05,1.620531082153320312e-01,1.719660140735639997e+00
1.840000000000000000e+03,4.789805097971111536e-05,1.473486423492431641e-01,1.724560916126081977e+00
1.841000000000000000e+03,4.788146543432958424e-05,1.341223716735839844e-01,1.728444963487760555e+00
1.842000000000000000e+03,4.785774581250734627e-05,1.115798950195312500e-01,1.743717827689615030e+00
1.843000000000000000e+03,4.783991971635259688e-05,1.030266284942626953e-01,1.734611162971555043e+00
1.844000000000000000e+03,4.782395990332588553e-05,8.926391601562500000e-02,1.749737735370709979e+00
1.845000000000000000e+03,4.781762982020154595e-05,9.120106697082519531e-02,1.756584191737058820e+00
1.846000000000000000e+03,4.780606468557380140e-05,9.409785270690917969e-02,1.758529872712965458e+00
1.847000000000000000e+03,4.779895243700593710e-05,9.291172027587890625e-02,1.762647986958963742e+00
1.848000000000000000e+03,4.778982838615775108e-05,8.955597877502441406e-02,1.775558238547217060e+00
1.849000000000000000e+03,4.778026777785271406e-05,8.821487426757812500e-02,1.791087113403796227e+00
1.850000000000000000e+03,4.776925925398245454e-05,8.131861686706542969e-02,1.804721509415413427e+00
1.851000000000000000e+03,4.776049900101497769e-05,7.418394088745117188e-02,1.819145881161609468e+00
1.852000000000000000e+03,4.775346315000206232e-05,6.809830665588378906e-02,1.819145881161609468e+00
1.853000000000000000e+03,4.774651824845932424e-05,6.851553916931152344e-02,1.814003724296713083e+00
1.854000000000000000e+03,4.773932960233651102e-05,6.667375564575195312e-02,1.810068474804089611e+00
1.855000000000000000e+03,4.773486216436140239e-05,6.971955299377441406e-02,1.792740210774303566e+00
1.856000000000000000e+03,4.773085674969479442e-05,7.168054580688476562e-02,1.794239701751975780e+00
1.857000000000000000e+03,4.772786269313655794e-05,7.259249687194824219e-02,1.791035911272851555e+00
1.858000000000000000e+03,4.772205284098163247e-05,7.439255714416503906e-02,1.784825824248246651e+00
1.859000000000000000e+03,4.771458407049067318e-05,7.215738296508789062e-02,1.789338926361534021e+00
1.860000000000000000e+03,4.771455496666021645e-05,8.324980735778808594e-02,1.711080126507299237e+00
1.861000000000000000e+03,4.771087333210743964e-05,7.761716842651367188e-02,1.750805665530418276e+00
1.862000000000000000e+03,4.778450238518416882e-05,6.474256515502929688e-02,1.784240657037447608e+00
1.863000000000000000e+03,4.770660598296672106e-05,7.512569427490234375e-02,1.757264448619612285e+00
1.864000000000000000e+03,4.769646329805254936e-05,7.388591766357421875e-02,1.770313677420430887e+00
1.865000000000000000e+03,4.768661165144294500e-05,7.235407829284667969e-02,1.766378427927807415e+00
1.866000000000000000e+03,4.767793143400922418e-05,7.511377334594726562e-02,1.761631258930200117e+00
1.867000000000000000e+03,4.766741039929911494e-05,7.811188697814941406e-02,1.756240406000714183e+00
1.868000000000000000e+03,4.765220000990666449e-05,8.130073547363281250e-02,1.741494192288578935e+00
1.869000000000000000e+03,4.763757169712334871e-05,8.161664009094238281e-02,1.732131516915794034e+00
1.870000000000000000e+03,4.761618765769526362e-05,7.994771003723144531e-02,1.707196079145620660e+00
1.871000000000000000e+03,4.759272269438952208e-05,7.862448692321777344e-02,1.679561557615636636e+00
1.872000000000000000e+03,4.756379712489433587e-05,7.585287094116210938e-02,1.641650036945994984e+00
1.873000000000000000e+03,4.754026303999125957e-05,7.640719413757324219e-02,1.596928632860679098e+00
1.874000000000000000e+03,4.752211316372267902e-05,7.970333099365234375e-02,1.587631788799109378e+00
1.875000000000000000e+03,4.750881635118275881e-05,7.840991020202636719e-02,1.577303587528506856e+00
1.876000000000000000e+03,4.748925493913702667e-05,7.316470146179199219e-02,1.564766380037137639e+00
1.877000000000000000e+03,4.746540435007773340e-05,6.119012832641601562e-02,1.525589435274142813e+00
1.878000000000000000e+03,4.954299947712570429e-05,8.523464202880859375e-03,8.877059733722585388e-01
1.879000000000000000e+03,4.745033947983756661e-05,5.567669868469238281e-02,1.475016359080836947e+00
1.880000000000000000e+03,4.742048986372537911e-05,4.554986953735351562e-02,1.438194712341308135e+00
1.881000000000000000e+03,4.739632277050986886e-05,3.725290298461914062e-02,1.383796105507403729e+00
1.882000000000000000e+03,4.738641291623935103e-05,4.216432571411132812e-02,1.362386300182294230e+00
1.883000000000000000e+03,4.737342533189803362e-05,5.390048027038574219e-02,1.351560706782512389e+00
1.884000000000000000e+03,4.735655602416954935e-05,6.557703018188476562e-02,1.333530242099767227e+00
1.885000000000000000e+03,4.733991590910591185e-05,7.370114326477050781e-02,1.316962695444019671e+00
1.886000000000000000e+03,4.732480738312005997e-05,7.840394973754882812e-02,1.306429685649637351e+00
1.887000000000000000e+03,4.730902946903370321e-05,7.881522178649902344e-02,1.284602948686833557e+00
1.888000000000000000e+03,4.729512147605419159e-05,8.015632629394531250e-02,1.273726153156106822e+00
1.889000000000000000e+03,4.728070780402049422e-05,7.972121238708496094e-02,1.252294404060592337e+00
1.890000000000000000e+03,4.726709084934554994e-05,8.438825607299804688e-02,1.242880526556862986e+00
1.891000000000000000e+03,4.725368125946260989e-05,8.516311645507812500e-02,1.212707842250038137e+00
1.892000000000000000e+03,4.723789970739744604e-05,9.091496467590332031e-02,1.221682844345668206e+00
1.893000000000000000e+03,4.722134326584637165e-05,9.425282478332519531e-02,1.208077706694590692e+00
1.894000000000000000e+03,4.720565630123019218e-05,9.540915489196777344e-02,1.217147798461975627e+00
1.895000000000000000e+03,4.719509161077439785e-05,9.517669677734375000e-02,1.192000237577887534e+00
1.896000000000000000e+03,4.718006312032230198e-05,9.276866912841796875e-02,1.171160970283307234e+00
1.897000000000000000e+03,4.725499093183316290e-05,5.718469619750976562e-02,1.206475811455028468e+00
1.898000000000000000e+03,4.717216870631091297e-05,8.434057235717773438e-02,1.179514232217463432e+00
1.899000000000000000e+03,4.808968515135347843e-05,2.197742462158203125e-01,8.644236329725922818e-01
1.900000000000000000e+03,4.714834358310326934e-05,1.029968261718750000e-01,1.136043623045230655e+00
1.901000000000000000e+03,4.712620648206211627e-05,8.140206336975097656e-02,1.133154359941910494e+00
1.902000000000000000e+03,4.710679058916866779e-05,8.742809295654296875e-02,1.110201176098318587e+00
1.903000000000000000e+03,4.707956395577639341e-05,9.619593620300292969e-02,1.094730817962819458e+00
1.904000000000000000e+03,4.705648825620301068e-05,1.035869121551513672e-01,1.046534983563384591e+00
1.905000000000000000e+03,4.702525620814412832e-05,1.148104667663574219e-01,1.010254616493844848e+00
1.906000000000000000e+03,4.698721386375837028e-05,1.278042793273925781e-01,9.651894266721847693e-01
1.907000000000000000e+03,4.693359733209945261e-05,1.440465450286865234e-01,9.371233443242363848e-01
1.908000000000000000e+03,4.689499473897740245e-05,1.668691635131835938e-01,8.695657898374888894e-01
1.909000000000000000e+03,4.683537554228678346e-05,1.758635044097900391e-01,8.896809127087053071e-01
1.910000000000000000e+03,4.678166442317888141e-05,1.769363880157470703e-01,9.103665736104509243e-01
1.911000000000000000e+03,4.674186129705049098e-05,1.772761344909667969e-01,9.205631122586240833e-01
1.912000000000000000e+03,4.670775524573400617e-05,1.725733280181884766e-01,9.282726902609012010e-01
1.913000000000000000e+03,4.668152905651368201e-05,1.686453819274902344e-01,9.159914934242566753e-01
1.914000000000000000e+03,4.666610038839280605e-05,1.625955104827880859e-01,9.030007813445182219e-01
1.915000000000000000e+03,4.665843516704626381e-05,1.589775085449218750e-01,8.989192400491949897e-01
1.916000000000000000e+03,4.665359301725402474e-05,1.569032669067382812e-01,8.924677715501356801e-01
1.917000000000000000e+03,4.664598964154720306e-05,1.498341560363769531e-01,8.930529387609347225e-01
1.918000000000000000e+03,4.663973231799900532e-05,1.445233821868896484e-01,8.994970926698591107e-01
1.919000000000000000e+03,4.663433719542808831e-05,1.336872577667236328e-01,9.095985416462772921e-01
1.920000000000000000e+03,4.662974970415234566e-05,1.344621181488037109e-01,9.660086607673035175e-01
1.921000000000000000e+03,4.661538696382194757e-05,1.362323760986328125e-01,9.559949868725050592e-01
1.922000000000000000e+03,4.659870319301262498e-05,1.438796520233154297e-01,9.488705760810268730e-01
1.923000000000000000e+03,4.658057150663807988e-05,1.450657844543457031e-01,9.549343713029317948e-01
1.924000000000000000e+03,4.655596421798691154e-05,1.509487628936767578e-01,9.432310270869513902e-01
1.925000000000000000e+03,4.653233918361365795e-05,1.449823379516601562e-01,9.441014633130148104e-01
1.926000000000000000e+03,4.651759081752970815e-05,1.397430896759033203e-01,9.183541060378577203e-01
1.927000000000000000e+03,4.651087874663062394e-05,1.341581344604492188e-01,8.939599479376731939e-01
1.928000000000000000e+03,4.650555638363584876e-05,1.333951950073242188e-01,8.828490855226267531e-01
1.929000000000000000e+03,4.650097253033891320e-05,1.322448253631591797e-01,8.759660562056033051e-01
1.930000000000000000e+03,4.649369293474592268e-05,1.284539699554443359e-01,8.716870209766353073e-01
1.931000000000000000e+03,4.648305912269279361e-05,1.229286193847656250e-01,8.795794637322872367e-01
1.932000000000000000e+03,4.650503979064524174e-05,1.166462898254394531e-01,8.949693613763015643e-01
1.933000000000000000e+03,4.647573950933292508e-05,1.208126544952392578e-01,8.847728227281285163e-01
1.934000000000000000e+03,4.646342131309211254e-05,1.158714294433593750e-01,8.969955028436931155e-01
1.935000000000000000e+03,4.644814544008113444e-05,1.158833503723144531e-01,9.247982599467818865e-01
1.936000000000000000e+03,4.643339707399718463e-05,1.120805740356445312e-01,9.041125990450362693e-01
1.937000000000000000e+03,4.642096610041335225e-05,1.109242439270019531e-01,8.982462977567761131e-01
1.938000000000000000e+03,4.640902989194728434e-05,1.092851161956787109e-01,8.912169766370529045e-01
1.939000000000000000e+03,4.640290717361494899e-05,1.085162162780761719e-01,8.960738644866846903e-01
1.940000000000000000e+03,4.639458711608313024e-05,1.089990139007568359e-01,9.013184256134709749e-01
1.941000000000000000e+03,4.638389509636908770e-05,1.107454299926757812e-01,9.036810382270721309e-01
1.942000000000000000e+03,4.638017344404943287e-05,1.077651977539062500e-01,9.182517017759678213e-01
1.943000000000000000e+03,4.636058656615205109e-05,1.105248928070068359e-01,8.919923231913614581e-01
1.944000000000000000e+03,4.635072036762721837e-05,1.096963882446289062e-01,8.889055661543967535e-01
1.945000000000000000e+03,4.634096694644540548e-05,1.044988632202148438e-01,8.659670114910749117e-01
1.946000000000000000e+03,4.633389471564441919e-05,9.922385215759277344e-02,8.688489600042599292e-01
1.947000000000000000e+03,4.632683703675866127e-05,9.281039237976074219e-02,8.697705983612684655e-01
1.948000000000000000e+03,4.631849515135399997e-05,9.036660194396972656e-02,8.704874281944972036e-01
1.949000000000000000e+03,4.632787749869748950e-05,8.080601692199707031e-02,8.957812808812852801e-01
1.950000000000000000e+03,4.631236151908524334e-05,8.666515350341796875e-02,8.802524060247060023e-01
1.951000000000000000e+03,4.629999602911993861e-05,8.829236030578613281e-02,8.787090275062235945e-01
1.952000000000000000e+03,4.629049362847581506e-05,9.105801582336425781e-02,8.819347617557532493e-01
1.953000000000000000e+03,4.627362068276852369e-05,9.387731552124023438e-02,8.954009221942659247e-01
1.954000000000000000e+03,4.626147710951045156e-05,9.381175041198730469e-02,9.161889873579012189e-01
1.955000000000000000e+03,4.626023655873723328e-05,8.325576782226562500e-02,9.293259912403394329e-01
1.956000000000000000e+03,4.624784924089908600e-05,8.836984634399414062e-02,9.229769270031700223e-01
1.957000000000000000e+03,4.622929554898291826e-05,8.620023727416992188e-02,9.485779924756274628e-01
1.958000000000000000e+03,4.621169136953540146e-05,8.377432823181152344e-02,9.591256314502798475e-01
1.959000000000000000e+03,4.618974344339221716e-05,9.109377861022949219e-02,9.387106103835288762e-01
1.960000000000000000e+03,4.616789010469801724e-05,1.023292541503906250e-01,9.513721659071928682e-01
1.961000000000000000e+03,4.614181307260878384e-05,1.253187656402587891e-01,8.934771849887640505e-01
1.962000000000000000e+03,4.611854819813743234e-05,1.347243785858154297e-01,8.895785084468156301e-01
1.963000000000000000e+03,4.609693496604450047e-05,1.435637474060058594e-01,8.893883291033058969e-01
1.964000000000000000e+03,4.607957453117705882e-05,1.457929611206054688e-01,8.956935057996653349e-01
1.965000000000000000e+03,4.606123911798931658e-05,1.551032066345214844e-01,9.086330157484587833e-01
1.966000000000000000e+03,4.603550041792914271e-05,1.559615135192871094e-01,8.847216205971836223e-01
1.967000000000000000e+03,4.601619730237871408e-05,1.622557640075683594e-01,8.593253636485057578e-01
1.968000000000000000e+03,4.599850581143982708e-05,1.711905002593994141e-01,8.375425142265120471e-01
1.969000000000000000e+03,4.597585211740806699e-05,1.848697662353515625e-01,8.077867615573814941e-01
1.970000000000000000e+03,4.595597420120611787e-05,1.948356628417968750e-01,7.787112657708049612e-01
1.971000000000000000e+03,4.593723133439198136e-05,1.974105834960937500e-01,7.642430064837989478e-01
1.972000000000000000e+03,4.592476398102007806e-05,1.943111419677734375e-01,7.391173893701157294e-01
1.973000000000000000e+03,4.591180186253041029e-05,1.883685588836669922e-01,7.194704002675385013e-01
1.974000000000000000e+03,4.589756281347945333e-05,1.882374286651611328e-01,6.793279296067252782e-01
1.975000000000000000e+03,4.588227602653205395e-05,1.926958560943603516e-01,6.369471943646056733e-01
1.976000000000000000e+03,4.585388523992151022e-05,2.041637897491455078e-01,5.730030474045421096e-01
1.977000000000000000e+03,4.582409019349142909e-05,2.158641815185546875e-01,5.239075184185036926e-01
1.978000000000000000e+03,4.578896187013015151e-05,2.251088619232177734e-01,5.161394236951466485e-01
1.979000000000000000e+03,4.575533603201620281e-05,2.260684967041015625e-01,5.275428697155926105e-01
1.980000000000000000e+03,4.573592013912275434e-05,2.367913722991943359e-01,5.564574445191995400e-01
1.981000000000000000e+03,4.571254248730838299e-05,2.205014228820800781e-01,5.270601067666834671e-01
1.982000000000000000e+03,4.567954601952806115e-05,2.277672290802001953e-01,5.021905003077248297e-01
1.983000000000000000e+03,4.564436676446348429e-05,2.280592918395996094e-01,4.762237053285179877e-01
1.984000000000000000e+03,4.561992318485863507e-05,2.263188362121582031e-01,4.180215116244197504e-01
1.985000000000000000e+03,4.558704677037894726e-05,2.218306064605712891e-01,3.428787271676897452e-01
1.986000000000000000e+03,4.555369378067553043e-05,2.062082290649414062e-01,2.826065044553899841e-01
1.987000000000000000e+03,4.552830068860203028e-05,1.912355422973632812e-01,2.648174212470995603e-01
1.988000000000000000e+03,4.551319216261617839e-05,1.794874668121337891e-01,2.721832135130323183e-01
1.989000000000000000e+03,4.550047015072777867e-05,1.768648624420166016e-01,2.928908181851828663e-01
1.990000000000000000e+03,4.548747165245003998e-05,1.718103885650634766e-01,3.134521310546337092e-01
1.991000000000000000e+03,4.547247954178601503e-05,1.652240753173828125e-01,3.151783743264908177e-01
1.992000000000000000e+03,4.547826392808929086e-05,1.488566398620605469e-01,3.355056203116220104e-01
1.993000000000000000e+03,4.546496347757056355e-05,1.582026481628417969e-01,3.238827365871263519e-01
1.994000000000000000e+03,4.545713090919889510e-05,1.563131809234619141e-01,2.745677698970383496e-01
1.995000000000000000e+03,4.543432078207843006e-05,1.564562320709228516e-01,2.828478859298446113e-01
1.996000000000000000e+03,4.541278394754044712e-05,1.608610153198242188e-01,2.953777788310787411e-01
1.997000000000000000e+03,4.538672146736644208e-05,1.657247543334960938e-01,2.981426939021041833e-01
1.998000000000000000e+03,4.536217966233380139e-05,1.692533493041992188e-01,3.129766826958594872e-01
1.999000000000000000e+03,4.533983519650064409e-05,1.676142215728759766e-01,3.137447146600331749e-01
2.000000000000000000e+03,4.532193270279094577e-05,1.666963100433349609e-01,3.324481216351971025e-01
2.001000000000000000e+03,4.530977093963883817e-05,1.574814319610595703e-01,3.375171325987436632e-01
2.002000000000000000e+03,4.530203295871615410e-05,1.553475856781005859e-01,3.455997546979052704e-01
2.003000000000000000e+03,4.529416037257760763e-05,1.552522182464599609e-01,3.440271178188828438e-01
2.004000000000000000e+03,4.528606223175302148e-05,1.580119132995605469e-01,3.404356540626038430e-01
2.005000000000000000e+03,4.527832425083033741e-05,1.543283462524414062e-01,3.318263814737231199e-01
2.006000000000000000e+03,4.526930206338874996e-05,1.518249511718750000e-01,3.098679818884896298e-01
2.007000000000000000e+03,4.526309930952265859e-05,1.421749591827392578e-01,3.164218546494387274e-01
2.008000000000000000e+03,4.525831536739133298e-05,1.411318778991699219e-01,2.745677698970383496e-01
2.009000000000000000e+03,4.525225449469871819e-05,1.397848129272460938e-01,2.906379244236066417e-01
2.010000000000000000e+03,4.524468386080116034e-05,1.397192478179931641e-01,2.986254568510133822e-01
2.011000000000000000e+03,4.523817187873646617e-05,1.411437988281250000e-01,2.921666737618190957e-01
2.012000000000000000e+03,4.523087045527063310e-05,1.459658145904541016e-01,2.700327240133458817e-01
2.013000000000000000e+03,4.522332528722472489e-05,1.474797725677490234e-01,2.559301942330893809e-01
2.014000000000000000e+03,4.523490861174650490e-05,1.556992530822753906e-01,2.649563984596643440e-01
2.015000000000000000e+03,4.521831942838616669e-05,1.503646373748779297e-01,2.590827825812690999e-01
2.016000000000000000e+03,4.520791117101907730e-05,1.543045043945312500e-01,2.307387458081912313e-01
2.017000000000000000e+03,4.520172296906821430e-05,1.559793949127197266e-01,2.414911933066233585e-01
2.018000000000000000e+03,4.519416688708588481e-05,1.559913158416748047e-01,2.655781386211383266e-01
2.019000000000000000e+03,4.519055073615163565e-05,1.524329185485839844e-01,2.829356610114644455e-01
2.020000000000000000e+03,4.518678542808629572e-05,1.480400562286376953e-01,2.992983991434322588e-01
2.021000000000000000e+03,4.518290370469912887e-05,1.444876194000244141e-01,3.022169206072923830e-01
2.022000000000000000e+03,4.517660272540524602e-05,1.441061496734619141e-01,3.004394752044903250e-01
2.023000000000000000e+03,4.542633541859686375e-05,1.028239727020263672e-01,3.138324897416530646e-01
2.024000000000000000e+03,4.517333582043647766e-05,1.398921012878417969e-01,3.018365619202730277e-01
2.025000000000000000e+03,4.516306944424286485e-05,1.404523849487304688e-01,2.864393496861236676e-01
2.026000000000000000e+03,4.515048203757032752e-05,1.510024070739746094e-01,2.663022830445020972e-01
2.027000000000000000e+03,4.513499516178853810e-05,1.580357551574707031e-01,2.331233021921972626e-01
2.028000000000000000e+03,4.512212399276904762e-05,1.632034778594970703e-01,2.217052269914812912e-01
2.029000000000000000e+03,4.510342841967940331e-05,1.749515533447265625e-01,1.819577441979573773e-01
2.030000000000000000e+03,4.508705023908987641e-05,1.736164093017578125e-01,1.872535074556885837e-01
2.031000000000000000e+03,4.507285848376341164e-05,1.640856266021728516e-01,1.921762266165353839e-01
2.032000000000000000e+03,4.506024924921803176e-05,1.595139503479003906e-01,2.054595223016733030e-01
2.033000000000000000e+03,4.504757816903293133e-05,1.536369323730468750e-01,1.962870262723985515e-01
2.034000000000000000e+03,4.503448508330620825e-05,1.482427120208740234e-01,1.836693582895445320e-01
2.035000000000000000e+03,4.502289812080562115e-05,1.409411430358886719e-01,2.195035353608499329e-01
2.036000000000000000e+03,4.501110015553422272e-05,1.429498195648193359e-01,1.243041447539832700e-01
2.037000000000000000e+03,4.499166243476793170e-05,1.455962657928466797e-01,1.549157044689073726e-01
2.038000000000000000e+03,4.498120688367635012e-05,1.456320285797119141e-01,1.637517293519726580e-01
2.039000000000000000e+03,4.496728797676041722e-05,1.500606536865234375e-01,1.564956559380647205e-01
2.040000000000000000e+03,4.502511001192033291e-05,1.378834247589111328e-01,1.024920369714495405e-01
2.041000000000000000e+03,4.496062683756463230e-05,1.471221446990966797e-01,1.434537417273814286e-01
2.042000000000000000e+03,4.494770473684184253e-05,1.507937908172607422e-01,1.191985608397617691e-01
2.043000000000000000e+03,4.494280437938868999e-05,1.544773578643798828e-01,1.100845815315669163e-01
2.044000000000000000e+03,4.493679080042056739e-05,1.582384109497070312e-01,1.085046300624095406e-01
2.045000000000000000e+03,4.493166125030256808e-05,1.611411571502685547e-01,1.097993125163023859e-01
2.046000000000000000e+03,4.492419247981160879e-05,1.631855964660644531e-01,1.122277564411183481e-01
2.047000000000000000e+03,4.491548315854743123e-05,1.613080501556396484e-01,1.057324004012491631e-01
2.048000000000000000e+03,4.490306309890002012e-05,1.554846763610839844e-01,9.032055898682979367e-02
2.049000000000000000e+03,4.488821286940947175e-05,1.441478729248046875e-01,8.378131540615066375e-02
2.050000000000000000e+03,4.503770469455048442e-05,1.379668712615966797e-01,1.143270438098598595e-02
2.051000000000000000e+03,4.487708793021738529e-05,1.428484916687011719e-01,6.373933843628398765e-02
2.052000000000000000e+03,4.485473618842661381e-05,1.342833042144775391e-01,1.875460910610880771e-02
2.053000000000000000e+03,4.483180964598432183e-05,1.239717006683349609e-01,1.414641732106647169e-02
2.054000000000000000e+03,4.481748328544199467e-05,1.218795776367187500e-01,6.552409842922103655e-02
2.055000000000000000e+03,4.480322240851819515e-05,1.273095607757568359e-01,6.904973087428516176e-02
2.056000000000000000e+03,4.479513881960883737e-05,1.165866851806640625e-01,8.863088866564759749e-02
2.057000000000000000e+03,4.478282062336802483e-05,1.215279102325439453e-01,8.591717572556710480e-02
2.058000000000000000e+03,4.477591937757097185e-05,1.222610473632812500e-01,6.891075366172039196e-02
2.059000000000000000e+03,4.476811955100856721e-05,1.157104969024658203e-01,4.698892702716185588e-02
2.060000000000000000e+03,4.475822788663208485e-05,1.152694225311279297e-01,4.189065770307533187e-02
2.061000000000000000e+03,4.473757508094422519e-05,1.165032386779785156e-01,3.688016346060866285e-02
2.062000000000000000e+03,4.472052387427538633e-05,1.217305660247802734e-01,4.041311049580778580e-02
2.063000000000000000e+03,4.471200008993037045e-05,1.337289810180664062e-01,5.466193207876409582e-02
2.064000000000000000e+03,4.468885163078084588e-05,1.331627368927001953e-01,4.269526261792399441e-02
2.065000000000000000e+03,4.466882819542661309e-05,1.314401626586914062e-01,2.415277662572982986e-02
2.066000000000000000e+03,4.464223820832557976e-05,1.266181468963623047e-01,4.564304244232409401e-03
2.067000000000000000e+03,4.462472497834824026e-05,1.219272613525390625e-01,3.564399772779571623e-02
2.068000000000000000e+03,4.461246135178953409e-05,1.201391220092773438e-01,1.708688255533158395e-02
2.069000000000000000e+03,4.459698538994416595e-05,1.114726066589355469e-01,1.136687306977109471e-02
2.070000000000000000e+03,4.458468538359738886e-05,1.080155372619628906e-01,4.513102113287494575e-03
2.071000000000000000e+03,4.456768510863184929e-05,1.087844371795654297e-01,2.597410956934179810e-02
2.072000000000000000e+03,4.455712405615486205e-05,1.088917255401611328e-01,3.073590774721888033e-02
2.073000000000000000e+03,4.454183726920746267e-05,1.146078109741210938e-01,3.802855411180175449e-02
2.074000000000000000e+03,4.454894951777532697e-05,1.331150531768798828e-01,8.977927931684068219e-02
2.075000000000000000e+03,4.453179280972108245e-05,1.228392124176025391e-01,6.104756926660847433e-02
2.076000000000000000e+03,4.451595668797381222e-05,1.290738582611083984e-01,4.922719160846812658e-02
2.077000000000000000e+03,4.450263077160343528e-05,1.378476619720458984e-01,5.003911111345177992e-02
2.078000000000000000e+03,4.448970503290183842e-05,1.435697078704833984e-01,4.451659556153596264e-02
2.079000000000000000e+03,4.447140236152336001e-05,1.530945301055908203e-01,5.251875716921265702e-02
2.080000000000000000e+03,4.444954538485035300e-05,1.608729362487792969e-01,9.392665192337878999e-02
2.081000000000000000e+03,4.445235026651062071e-05,1.665771007537841797e-01,8.072381672972574196e-02
2.082000000000000000e+03,4.443536818143911660e-05,1.635909080505371094e-01,8.763610440728925033e-02
2.083000000000000000e+03,4.442793579073622823e-05,1.716613769531250000e-01,1.678771581881058073e-01
2.084000000000000000e+03,4.440730481292121112e-05,1.662850379943847656e-01,1.486397861330877868e-01
2.085000000000000000e+03,4.439820986590348184e-05,1.642167568206787109e-01,1.535478761136646331e-01
2.086000000000000000e+03,4.438373071025125682e-05,1.611590385437011719e-01,1.780151801151989288e-01
2.087000000000000000e+03,4.437479947227984667e-05,1.648306846618652344e-01,2.033821787033367745e-01
2.088000000000000000e+03,4.436807648744434118e-05,1.620411872863769531e-01,2.066152275430013785e-01
2.089000000000000000e+03,4.436257222550921142e-05,1.638412475585937500e-01,2.118012719487077367e-01
2.090000000000000000e+03,4.435124719748273492e-05,1.689076423645019531e-01,2.144272098071683952e-01
2.091000000000000000e+03,4.434223956195637584e-05,1.725971698760986328e-01,2.306509707265713971e-01
2.092000000000000000e+03,4.432889545569196343e-05,1.782953739166259766e-01,2.388798846284327093e-01
2.093000000000000000e+03,4.432114656083285809e-05,1.806855201721191406e-01,2.546208825989265678e-01
2.094000000000000000e+03,4.431226261658594012e-05,1.767873764038085938e-01,2.271253382815072719e-01
2.095000000000000000e+03,4.430465196492150426e-05,1.771867275238037109e-01,2.139005593174492514e-01
2.096000000000000000e+03,4.429824548424221575e-05,1.732230186462402344e-01,1.778762029026341729e-01
2.097000000000000000e+03,4.429382533999159932e-05,1.737236976623535156e-01,1.573075754430483808e-01
2.098000000000000000e+03,4.429051841725595295e-05,1.705229282379150391e-01,1.337399660281175795e-01
2.099000000000000000e+03,4.428497777553275228e-05,1.729547977447509766e-01,1.334108094720431181e-01
2.100000000000000000e+03,4.427959356689825654e-05,1.712560653686523438e-01,1.385456517468045823e-01
2.101000000000000000e+03,4.427120802574791014e-05,1.693546772003173828e-01,1.465039258136713318e-01
2.102000000000000000e+03,4.426542000146582723e-05,1.678228378295898438e-01,1.422102614044334912e-01
2.103000000000000000e+03,4.425629958859644830e-05,1.705944538116455078e-01,1.606869160854127732e-01
2.104000000000000000e+03,4.424791404744610190e-05,1.694142818450927734e-01,1.358831409376690114e-01
2.105000000000000000e+03,4.424092912813648582e-05,1.717209815979003906e-01,1.563566787254999646e-01
2.106000000000000000e+03,4.423310747370123863e-05,1.713931560516357422e-01,1.471183513850103375e-01
2.107000000000000000e+03,4.422242636792361736e-05,1.643002033233642578e-01,1.441705715606102223e-01
2.108000000000000000e+03,4.421239646035246551e-05,1.643300056457519531e-01,1.543085934877033716e-01
2.109000000000000000e+03,4.421255653141997755e-05,1.362800598144531250e-01,1.733045840682667649e-01
2.110000000000000000e+03,4.420493496581912041e-05,1.504123210906982422e-01,1.637371001717026764e-01
2.111000000000000000e+03,4.419493416207842529e-05,1.581907272338867188e-01,1.899672203957690486e-01
2.112000000000000000e+03,4.418551543494686484e-05,1.569330692291259766e-01,1.936318300533979575e-01
2.113000000000000000e+03,4.417051241034641862e-05,1.624226570129394531e-01,2.008586451067659595e-01
2.114000000000000000e+03,4.416059528011828661e-05,1.546323299407958984e-01,1.921030807151855035e-01
2.115000000000000000e+03,4.414905197336338460e-05,1.464605331420898438e-01,1.872535074556885837e-01
2.116000000000000000e+03,4.413885471876710653e-05,1.381218433380126953e-01,2.068054068865110839e-01
2.117000000000000000e+03,4.413162605487741530e-05,1.364707946777343750e-01,1.948167936552659962e-01
2.118000000000000000e+03,4.412408452481031418e-05,1.375794410705566406e-01,2.031919993598270691e-01
2.119000000000000000e+03,4.411949703353457153e-05,1.378893852233886719e-01,2.082829540937785884e-01
2.120000000000000000e+03,4.411250847624614835e-05,1.381754875183105469e-01,2.149465457067525065e-01
2.121000000000000000e+03,4.410647670738399029e-05,1.388192176818847656e-01,2.146173891506780729e-01
2.122000000000000000e+03,4.410080873640254140e-05,1.423716545104980469e-01,2.156121734090364062e-01
2.123000000000000000e+03,4.409486427903175354e-05,1.441657543182373047e-01,2.146612766914880177e-01
2.124000000000000000e+03,4.409084067447111011e-05,1.459538936614990234e-01,2.085682231090431327e-01
2.125000000000000000e+03,4.410706605995073915e-05,1.423954963684082031e-01,1.851103325461371518e-01
2.126000000000000000e+03,4.408455424709245563e-05,1.447260379791259766e-01,2.004782864197465764e-01
2.127000000000000000e+03,4.407370943226851523e-05,1.450479030609130859e-01,1.823966196060566591e-01
2.128000000000000000e+03,4.406397056300193071e-05,1.437187194824218750e-01,1.812994310858084823e-01
2.129000000000000000e+03,4.405815707286819816e-05,1.399278640747070312e-01,1.810214766606789427e-01
2.130000000000000000e+03,4.405225990922190249e-05,1.359999179840087891e-01,1.814457228885082429e-01
2.131000000000000000e+03,4.404646460898220539e-05,1.330494880676269531e-01,1.738239199678509039e-01
2.132000000000000000e+03,4.403984348755329847e-05,1.312375068664550781e-01,1.667799696678576304e-01
2.133000000000000000e+03,4.402921331347897649e-05,1.285612583160400391e-01,1.503075126838650244e-01
2.134000000000000000e+03,4.402703052619472146e-05,1.243591308593750000e-01,1.633055393537383992e-01
2.135000000000000000e+03,4.400491889100521803e-05,1.246213912963867188e-01,1.379312261754656044e-01
2.136000000000000000e+03,4.399321187520399690e-05,1.240074634552001953e-01,1.385456517468045823e-01
2.137000000000000000e+03,4.397905286168679595e-05,1.194119453430175781e-01,1.395477505952979203e-01
2.138000000000000000e+03,4.397905286168679595e-05,1.160502433776855469e-01,1.661143419655737308e-01
2.139000000000000000e+03,4.397356678964570165e-05,1.177430152893066406e-01,1.527871587396258946e-01
2.140000000000000000e+03,4.396281656227074564e-05,1.144349575042724609e-01,1.514047012041132012e-01
2.141000000000000000e+03,4.394117786432616413e-05,1.100301742553710938e-01,1.586900329785610742e-01
2.142000000000000000e+03,4.392372647998854518e-05,1.101493835449218750e-01,1.617841046056609222e-01
2.143000000000000000e+03,4.390794856590218842e-05,1.163184642791748047e-01,1.820162609190372760e-01
2.144000000000000000e+03,4.389414971228688955e-05,1.225292682647705078e-01,1.954312192266049464e-01
2.145000000000000000e+03,4.387525405036285520e-05,1.308321952819824219e-01,2.224147422345750802e-01
2.146000000000000000e+03,4.387561421026475728e-05,1.323103904724121094e-01,2.834403677307785752e-01
2.147000000000000000e+03,4.386690125102177262e-05,1.315653324127197266e-01,2.528141788355845465e-01
2.148000000000000000e+03,4.384745261631906033e-05,1.323103904724121094e-01,2.509635875314326081e-01
2.149000000000000000e+03,4.383534542284905910e-05,1.270294189453125000e-01,2.578100438977812270e-01
2.150000000000000000e+03,4.381718827062286437e-05,1.129865646362304688e-01,2.482498745913521709e-01
2.151000000000000000e+03,4.380769314593635499e-05,1.073956489562988281e-01,2.590900971714040768e-01
2.152000000000000000e+03,4.379403981147333980e-05,1.044034957885742188e-01,2.528580663763944636e-01
2.153000000000000000e+03,4.378314406494610012e-05,9.495615959167480469e-02,2.512927440875070695e-01
2.154000000000000000e+03,4.378214362077414989e-05,9.505152702331542969e-02,2.296927594188879762e-01
2.155000000000000000e+03,4.377204822958447039e-05,9.500384330749511719e-02,2.402038254428655317e-01
2.156000000000000000e+03,4.376035940367728472e-05,9.967684745788574219e-02,2.293124007318686208e-01
2.157000000000000000e+03,4.373576302896253765e-05,1.059353351593017578e-01,2.406353862608298089e-01
2.158000000000000000e+03,4.371863542473874986e-05,1.066088676452636719e-01,2.374974270929200160e-01
2.159000000000000000e+03,4.369642192614264786e-05,9.679794311523437500e-02,2.361149695574072949e-01
2.160000000000000000e+03,4.367823930806480348e-05,8.788704872131347656e-02,2.458214306665361670e-01
2.161000000000000000e+03,4.366301800473593175e-05,8.201003074645996094e-02,2.528141788355845465e-01
2.162000000000000000e+03,4.364887718111276627e-05,8.169412612915039062e-02,2.552353081702655180e-01
2.163000000000000000e+03,4.362904655863530934e-05,8.600950241088867188e-02,2.451558029642522674e-01
2.164000000000000000e+03,4.360487218946218491e-05,9.531378746032714844e-02,2.234607286238783630e-01
2.165000000000000000e+03,4.360033926786854863e-05,9.928345680236816406e-02,1.310701406288470039e-01
2.166000000000000000e+03,4.358698060968890786e-05,1.104295253753662109e-01,1.705396689972413782e-01
2.167000000000000000e+03,4.356807767180725932e-05,1.064896583557128906e-01,1.755428486495730356e-01
2.168000000000000000e+03,4.356044519226998091e-05,1.072347164154052734e-01,1.790611665045022116e-01
2.169000000000000000e+03,4.354772681836038828e-05,1.076698303222656250e-01,1.861563189354404069e-01
2.170000000000000000e+03,4.353012627689167857e-05,1.076340675354003906e-01,1.994323000304433213e-01
2.171000000000000000e+03,4.351099778432399035e-05,1.047909259796142578e-01,1.873924846682533396e-01
2.172000000000000000e+03,4.350867311586625874e-05,1.010775566101074219e-01,1.906255335079179714e-01
2.173000000000000000e+03,4.350166273070499301e-05,8.783936500549316406e-02,1.462625443392167601e-01
2.174000000000000000e+03,4.347101275925524533e-05,9.956955909729003906e-02,1.705908711281862999e-01
2.175000000000000000e+03,4.345949491835199296e-05,9.893178939819335938e-02,1.654560288534248358e-01
2.176000000000000000e+03,4.344423723523505032e-05,8.605718612670898438e-02,1.448361992628941219e-01
2.177000000000000000e+03,4.342548709246329963e-05,7.311105728149414062e-02,1.395477505952979203e-01
2.178000000000000000e+03,4.340765735832974315e-05,6.392598152160644531e-02,1.497881767842808853e-01
2.179000000000000000e+03,4.339421138865873218e-05,5.576610565185546875e-02,1.111671408715451115e-01
2.180000000000000000e+03,4.337176142144016922e-05,5.286335945129394531e-02,1.546889521747227270e-01
2.181000000000000000e+03,4.335495032137259841e-05,4.919171333312988281e-02,1.684988983495797621e-01
2.182000000000000000e+03,4.333991091698408127e-05,4.830956459045410156e-02,1.513534990731682794e-01
2.183000000000000000e+03,4.332727985456585884e-05,4.898905754089355469e-02,1.697350640823927226e-01
2.184000000000000000e+03,4.330852607381530106e-05,5.120635032653808594e-02,1.622083508334902224e-01
2.185000000000000000e+03,4.327725400798954070e-05,6.338953971862792969e-02,1.597872214988092510e-01
2.186000000000000000e+03,4.325846384745091200e-05,7.288455963134765625e-02,1.655438039350446977e-01
2.187000000000000000e+03,4.323169559938833117e-05,8.841156959533691406e-02,1.839619418949440532e-01
2.188000000000000000e+03,4.320876541896723211e-05,9.757876396179199219e-02,2.065274524613815166e-01
2.189000000000000000e+03,4.317726779845543206e-05,9.930729866027832031e-02,2.057594204972078289e-01
2.190000000000000000e+03,4.320000880397856236e-05,8.908510208129882812e-02,2.142370304636586897e-01
2.191000000000000000e+03,4.316335252951830626e-05,9.533762931823730469e-02,2.090509860579523316e-01
2.192000000000000000e+03,4.313753743190318346e-05,8.429288864135742188e-02,1.729681129220573266e-01
2.193000000000000000e+03,4.311503289500251412e-05,6.737709045410156250e-02,1.051179748299101713e-01
2.194000000000000000e+03,4.310285294195637107e-05,5.878210067749023438e-02,8.001430148663192521e-02
2.195000000000000000e+03,4.309123323764652014e-05,5.379319190979003906e-02,5.671001731656068190e-02
2.196000000000000000e+03,4.308017742005176842e-05,5.930662155151367188e-02,4.303904835426841657e-02
2.197000000000000000e+03,4.307011113269254565e-05,6.374716758728027344e-02,4.717910637067153357e-02
2.198000000000000000e+03,4.306232585804536939e-05,6.980299949645996094e-02,4.307562130494335673e-02
2.199000000000000000e+03,4.305167021811939776e-05,7.507801055908203125e-02,2.291661089291688672e-02
2.200000000000000000e+03,4.304096728446893394e-05,8.004307746887207031e-02,1.004293225533829832e-02
2.201000000000000000e+03,4.303431705920957029e-05,7.981061935424804688e-02,1.200324241151503810e-02
2.202000000000000000e+03,4.304158210288733244e-05,7.751584053039550781e-02,2.352372187412087728e-02
2.203000000000000000e+03,4.302525485400110483e-05,7.882714271545410156e-02,3.159902938314744503e-03
2.204000000000000000e+03,4.301176886656321585e-05,8.036494255065917969e-02,3.111626643423824959e-02
2.205000000000000000e+03,4.300036744098179042e-05,7.641911506652832031e-02,2.882679972198705712e-02
2.206000000000000000e+03,4.298257044865749776e-05,6.969571113586425781e-02,2.844644103496769480e-02
2.207000000000000000e+03,4.297589839552529156e-05,6.675124168395996094e-02,1.114012077558647340e-02
2.208000000000000000e+03,4.296890256227925420e-05,6.327033042907714844e-02,5.017808832601655493e-03
2.209000000000000000e+03,4.296500992495566607e-05,6.487369537353515625e-02,1.475352830227046226e-02
2.210000000000000000e+03,4.296101178624667227e-05,6.566643714904785156e-02,2.552791957110754628e-02
2.211000000000000000e+03,4.295620601624250412e-05,6.613731384277343750e-02,3.221345495448642987e-02
2.212000000000000000e+03,4.294859536457806826e-05,6.684660911560058594e-02,4.684994981459708607e-02
2.213000000000000000e+03,4.294116297387517989e-05,7.027387619018554688e-02,5.109972668302501658e-02
2.214000000000000000e+03,4.293486927053891122e-05,7.131099700927734375e-02,7.366523724946248686e-02
2.215000000000000000e+03,4.293422534829005599e-05,8.774995803833007812e-02,2.672019776311056194e-02
2.216000000000000000e+03,4.292609082767739892e-05,7.971525192260742188e-02,4.966606701656740147e-02
2.217000000000000000e+03,4.291635559638962150e-05,8.177161216735839844e-02,3.620722116818977931e-02
2.218000000000000000e+03,4.289849675842560828e-05,8.541941642761230469e-02,1.565322288887396537e-02
2.219000000000000000e+03,4.289311254979111254e-05,8.714199066162109375e-02,1.317357683311309001e-02
2.220000000000000000e+03,4.288795753382146358e-05,8.859038352966308594e-02,1.436585502511610740e-02
2.221000000000000000e+03,4.288126001483760774e-05,9.120106697082519531e-02,1.999077483892175086e-02
2.222000000000000000e+03,4.287690535420551896e-05,9.200572967529296875e-02,2.014438123175649881e-02
2.223000000000000000e+03,4.287027331884019077e-05,9.198784828186035156e-02,1.856442976259912656e-02
2.224000000000000000e+03,4.286478724679909647e-05,9.366273880004882812e-02,1.470232617132554917e-02
2.225000000000000000e+03,4.285880277166143060e-05,9.689331054687500000e-02,5.785840796775377874e-03
2.226000000000000000e+03,4.285305476514622569e-05,9.931325912475585938e-02,1.327598109500291966e-02
2.227000000000000000e+03,4.284439637558534741e-05,1.039564609527587891e-01,2.147563663632428427e-02
2.228000000000000000e+03,4.283207090338692069e-05,1.078903675079345703e-01,4.408503474357167856e-02
2.229000000000000000e+03,4.281811561668291688e-05,1.160383224487304688e-01,5.505691994605343281e-02
2.230000000000000000e+03,4.279911809135228395e-05,1.178622245788574219e-01,6.793791317376701722e-02
2.231000000000000000e+03,4.277808329788967967e-05,1.226127147674560547e-01,6.259826237522589376e-02
2.232000000000000000e+03,4.281378278392367065e-05,1.437425613403320312e-01,1.966161828284729990e-02
2.233000000000000000e+03,4.277426342014223337e-05,1.277685165405273438e-01,5.210182553151835455e-02
2.234000000000000000e+03,4.276209438103251159e-05,1.313507556915283203e-01,3.301805986933508547e-02
2.235000000000000000e+03,4.275496758054941893e-05,1.343071460723876953e-01,2.314336318710151150e-02
2.236000000000000000e+03,4.274650927982293069e-05,1.346528530120849609e-01,8.887227014010219348e-03
2.237000000000000000e+03,4.273882223060354590e-05,1.345515251159667969e-01,4.227833098022968500e-03
2.238000000000000000e+03,4.272896694601513445e-05,1.314103603363037109e-01,1.356856470040243220e-02
2.239000000000000000e+03,4.272217120160348713e-05,1.281082630157470703e-01,1.838887959935941660e-02
2.240000000000000000e+03,4.271449870429933071e-05,1.234054565429687500e-01,3.197938807016681428e-02
2.241000000000000000e+03,4.270696808816865087e-05,1.220464706420898438e-01,2.034187516540117077e-02
2.242000000000000000e+03,4.270104909664951265e-05,1.251280307769775391e-01,1.552887485657917371e-02
2.243000000000000000e+03,4.269298369763419032e-05,1.287341117858886719e-01,5.376223749216058403e-03
2.244000000000000000e+03,4.268203701940365136e-05,1.313626766204833984e-01,3.276936380474550128e-03
2.245000000000000000e+03,4.266712858225218952e-05,1.310288906097412109e-01,3.832845230733625437e-03
2.246000000000000000e+03,4.264536255504935980e-05,1.362860202789306641e-01,4.532851506651961598e-02
2.247000000000000000e+03,4.262213769834488630e-05,1.326501369476318359e-01,6.106951303701343287e-02
2.248000000000000000e+03,4.260574132786132395e-05,1.215219497680664062e-01,6.398071991073858711e-02
2.249000000000000000e+03,4.258888657204806805e-05,1.262366771697998047e-01,8.354724852183105510e-02
2.250000000000000000e+03,4.257583350408822298e-05,1.264870166778564453e-01,8.230376819888311768e-02
2.251000000000000000e+03,4.255245585227385163e-05,1.329243183135986328e-01,9.561632224456097229e-02
2.252000000000000000e+03,4.253200313542038202e-05,1.288652420043945312e-01,1.157607034763174780e-01
2.253000000000000000e+03,4.250861456966958940e-05,1.293718814849853516e-01,1.345226271725612766e-01
2.254000000000000000e+03,4.249331686878576875e-05,1.305580139160156250e-01,1.466063300755611754e-01
2.255000000000000000e+03,4.248239565640687943e-05,1.362621784210205078e-01,1.486544153133577684e-01
2.256000000000000000e+03,4.246963362675160170e-05,1.412987709045410156e-01,1.527725295593559129e-01
2.257000000000000000e+03,4.245752279530279338e-05,1.415193080902099609e-01,1.513388698928982978e-01
2.258000000000000000e+03,4.243686635163612664e-05,1.335263252258300781e-01,1.625594511599696423e-01
2.259000000000000000e+03,4.272564910934306681e-05,1.180708408355712891e-01,2.130081793209807617e-01
2.260000000000000000e+03,4.243059083819389343e-05,1.315593719482421875e-01,1.690109196590289242e-01
2.261000000000000000e+03,4.240827547619119287e-05,1.217007637023925781e-01,1.797999401081359638e-01
2.262000000000000000e+03,4.237421308062039316e-05,1.018285751342773438e-01,1.831939099307703100e-01
2.263000000000000000e+03,4.235314918332733214e-05,9.531378746032714844e-02,1.764571724164465394e-01
2.264000000000000000e+03,4.233422441757284105e-05,9.865164756774902344e-02,1.510974884184436984e-01
2.265000000000000000e+03,4.231339698890224099e-05,1.052558422088623047e-01,1.151389633148435232e-01
2.266000000000000000e+03,4.229267506161704659e-05,1.171708106994628906e-01,7.557434527469431007e-02
2.267000000000000000e+03,4.227046883897855878e-05,1.280069351196289062e-01,6.550946924895105494e-02
2.268000000000000000e+03,4.333857941674068570e-05,1.287221908569335938e-01,2.362539467699720785e-01
2.269000000000000000e+03,4.226661621942184865e-05,1.280486583709716797e-01,4.756677964782589363e-02
2.270000000000000000e+03,4.224780786898918450e-05,1.280546188354492188e-01,4.408503474357167856e-02
2.271000000000000000e+03,4.223321593599393964e-05,1.227617263793945312e-01,5.295763257731192497e-02
2.272000000000000000e+03,4.221506242174655199e-05,1.145243644714355469e-01,7.538416593118463238e-02
2.273000000000000000e+03,4.219863694743253291e-05,1.087069511413574219e-01,7.133188299640136343e-02
2.274000000000000000e+03,4.217515743221156299e-05,1.053929328918457031e-01,4.856887849631922466e-02
2.275000000000000000e+03,4.216059824102558196e-05,1.099288463592529297e-01,1.556544780725411387e-02
2.276000000000000000e+03,4.215141962049528956e-05,1.137614250183105469e-01,4.418012441532652261e-03
2.277000000000000000e+03,4.214404543745331466e-05,1.186847686767578125e-01,1.075976208856710414e-02
2.278000000000000000e+03,4.213714419165626168e-05,1.204729080200195312e-01,1.257378044204408851e-02
2.279000000000000000e+03,4.213082502246834338e-05,1.219391822814941406e-01,3.035554906019951541e-03
2.280000000000000000e+03,4.212414933135733008e-05,1.209795475006103516e-01,4.279035228967883325e-03
2.281000000000000000e+03,4.211882333038374782e-05,1.178085803985595703e-01,1.938366385771776463e-03
2.282000000000000000e+03,4.210838233120739460e-05,1.117110252380371094e-01,6.136941123254793448e-03
2.283000000000000000e+03,4.210334009258076549e-05,1.112043857574462891e-01,7.043950299993284765e-03
2.284000000000000000e+03,4.209719554637558758e-05,1.099824905395507812e-01,1.114012077558647340e-02
2.285000000000000000e+03,4.209244070807471871e-05,9.699463844299316406e-02,5.749267846100438589e-02
2.286000000000000000e+03,4.207961319480091333e-05,9.547472000122070312e-02,2.120499680132973200e-02
2.287000000000000000e+03,4.206488301861099899e-05,1.006305217742919922e-01,5.427425880160973229e-03
2.288000000000000000e+03,4.205929872114211321e-05,1.004219055175781250e-01,2.084658188471533169e-03
2.289000000000000000e+03,4.204865763313136995e-05,9.967088699340820312e-02,9.662573568318929065e-03
2.290000000000000000e+03,4.204929791740141809e-05,1.177310943603515625e-01,6.986896496940379897e-02
2.291000000000000000e+03,4.204511424177326262e-05,1.083433628082275391e-01,3.859909214233080837e-02
2.292000000000000000e+03,4.203588468953967094e-05,1.008152961730957031e-01,3.774328509653723102e-02
2.293000000000000000e+03,4.202939817332662642e-05,1.005172729492187500e-01,4.222712884928477017e-02
2.294000000000000000e+03,4.202019408694468439e-05,1.010298728942871094e-01,6.071841271053401989e-02
2.295000000000000000e+03,4.201573392492718995e-05,1.000881195068359375e-01,6.599954678799523078e-02
2.296000000000000000e+03,4.200511102681048214e-05,9.635090827941894531e-02,7.749076789006112409e-02
2.297000000000000000e+03,4.199864633847028017e-05,9.630322456359863281e-02,9.778144092451737657e-02
2.298000000000000000e+03,4.202353011351078749e-05,9.108781814575195312e-02,5.036826766952622741e-02
2.299000000000000000e+03,4.199668910587206483e-05,9.518265724182128906e-02,8.758490227634434244e-02
2.300000000000000000e+03,4.198881288175471127e-05,9.477734565734863281e-02,9.683054420696896036e-02
2.301000000000000000e+03,4.198295573587529361e-05,8.988380432128906250e-02,9.015963800386006533e-02
2.302000000000000000e+03,4.197712769382633269e-05,8.545517921447753906e-02,8.296939590116701735e-02
2.303000000000000000e+03,4.197235466563142836e-05,8.319020271301269531e-02,1.000270200959586381e-01
2.304000000000000000e+03,4.196686131763271987e-05,8.163452148437500000e-02,1.131128218474518748e-01
2.305000000000000000e+03,4.197006637696176767e-05,8.493661880493164062e-02,1.272592391685183622e-01
2.306000000000000000e+03,4.196166264591738582e-05,8.308887481689453125e-02,1.193521672325964927e-01
2.307000000000000000e+03,4.195659857941791415e-05,8.342862129211425781e-02,1.248307952437023860e-01
2.308000000000000000e+03,4.194903522147797048e-05,8.042454719543457031e-02,1.279321814609372387e-01
2.309000000000000000e+03,4.194255234324373305e-05,7.787346839904785156e-02,1.313627242342465251e-01
2.310000000000000000e+03,4.193537461105734110e-05,7.296800613403320312e-02,1.378800240445206826e-01
2.311000000000000000e+03,4.193167478661052883e-05,7.170438766479492188e-02,1.503587148148099184e-01
2.312000000000000000e+03,4.192971391603350639e-05,7.395148277282714844e-02,1.522093061189618568e-01
2.313000000000000000e+03,4.192801134195178747e-05,7.433295249938964844e-02,1.551131984025520272e-01
2.314000000000000000e+03,4.192634514765813947e-05,7.658600807189941406e-02,1.547840418464775936e-01
2.315000000000000000e+03,4.192444612272083759e-05,7.805824279785156250e-02,1.493054138353716864e-01
2.316000000000000000e+03,4.192111373413354158e-05,7.787942886352539062e-02,1.427442264842876118e-01
2.317000000000000000e+03,4.191751941107213497e-05,7.746219635009765625e-02,1.128348674223223352e-01
2.318000000000000000e+03,4.191762855043634772e-05,7.588863372802734375e-02,9.916389846003008379e-02
2.319000000000000000e+03,4.191439074929803610e-05,7.667541503906250000e-02,1.060249840066486704e-01
2.320000000000000000e+03,4.191070183878764510e-05,7.463097572326660156e-02,1.022652846772649227e-01
2.321000000000000000e+03,4.190667095826938748e-05,7.206797599792480469e-02,1.048765933554555857e-01
2.322000000000000000e+03,4.190515755908563733e-05,7.067322731018066406e-02,1.196447508379960140e-01
2.323000000000000000e+03,4.189783794572576880e-05,7.045865058898925781e-02,1.145025939730995729e-01
2.324000000000000000e+03,4.188927414361387491e-05,7.117986679077148438e-02,1.069246785932521787e-01
2.325000000000000000e+03,4.188129969406872988e-05,7.228851318359375000e-02,9.707192568142355982e-02
2.326000000000000000e+03,4.187153899692930281e-05,7.551908493041992188e-02,9.959545927799437481e-02
2.327000000000000000e+03,4.186340083833783865e-05,7.786154747009277344e-02,1.069246785932521787e-01
2.328000000000000000e+03,4.185707803117111325e-05,7.827281951904296875e-02,1.175966656001994348e-01
2.329000000000000000e+03,4.185141369816847146e-05,7.891654968261718750e-02,1.262644549101600289e-01
2.330000000000000000e+03,4.184505814919248223e-05,7.873773574829101562e-02,1.465917008952911937e-01
2.331000000000000000e+03,4.183923374512232840e-05,8.145570755004882812e-02,1.634957186972481047e-01
2.332000000000000000e+03,4.183449345873668790e-05,8.335113525390625000e-02,1.714905657147897944e-01
2.333000000000000000e+03,4.182677366770803928e-05,8.568167686462402344e-02,1.775397317564247346e-01
2.334000000000000000e+03,4.182082557235844433e-05,8.757710456848144531e-02,1.569711042968389425e-01
2.335000000000000000e+03,4.181985423201695085e-05,7.539987564086914062e-02,1.381726076499202038e-01
2.336000000000000000e+03,4.181257463642396033e-05,8.224844932556152344e-02,1.407839163281108530e-01
2.337000000000000000e+03,4.180917676421813667e-05,8.414983749389648438e-02,1.404035576410914976e-01
2.338000000000000000e+03,4.180133691988885403e-05,8.451342582702636719e-02,1.481204502335036755e-01
2.339000000000000000e+03,4.179221286904066801e-05,8.734464645385742188e-02,1.603577595293383118e-01
2.340000000000000000e+03,4.178750896244309843e-05,8.623600006103515625e-02,1.839253689442691131e-01
2.341000000000000000e+03,4.178097151452675462e-05,8.314251899719238281e-02,1.769691937258956738e-01
2.342000000000000000e+03,4.177795563009567559e-05,8.136034011840820312e-02,1.660704544247638137e-01
2.343000000000000000e+03,4.177414666628465056e-05,7.674098014831542969e-02,1.496857725223910418e-01
2.344000000000000000e+03,4.177088703727349639e-05,7.479190826416015625e-02,1.366950604426526716e-01
2.345000000000000000e+03,4.177072696620598435e-05,6.405711174011230469e-02,1.385017642059946652e-01
2.346000000000000000e+03,4.176779111730866134e-05,6.938576698303222656e-02,1.376020696193911430e-01
2.347000000000000000e+03,4.176275251666083932e-05,6.704330444335937500e-02,1.321673291490952085e-01
2.348000000000000000e+03,4.175688809482380748e-05,6.256699562072753906e-02,1.356417594632144119e-01
2.349000000000000000e+03,4.174912828602828085e-05,5.801916122436523438e-02,1.387358310903142600e-01
2.350000000000000000e+03,4.174032073933631182e-05,5.106925964355468750e-02,1.362122974937434727e-01
2.351000000000000000e+03,4.173472552793100476e-05,5.148649215698242188e-02,1.378361365037107655e-01
2.352000000000000000e+03,4.173850174993276596e-05,4.258155822753906250e-02,1.366438583117077499e-01
2.353000000000000000e+03,4.173178604105487466e-05,4.792213439941406250e-02,1.373606881449365713e-01
2.354000000000000000e+03,4.172443732386454940e-05,5.210041999816894531e-02,1.152633113471382975e-01
2.355000000000000000e+03,4.171930049778893590e-05,5.895495414733886719e-02,1.138808538116256042e-01
2.356000000000000000e+03,4.171481850789859891e-05,6.343126296997070312e-02,1.043060553249265388e-01
2.357000000000000000e+03,4.171038017375394702e-05,6.658434867858886719e-02,1.017313195974108159e-01
2.358000000000000000e+03,4.170282409177161753e-05,6.911754608154296875e-02,9.139580373667299806e-02
2.359000000000000000e+03,4.169453313807025552e-05,7.125735282897949219e-02,8.854311358402773557e-02
2.360000000000000000e+03,4.168501254753209651e-05,6.882548332214355469e-02,7.858795641030930090e-02
2.361000000000000000e+03,4.167496081208810210e-05,6.810426712036132812e-02,9.059119882182434247e-02
2.362000000000000000e+03,4.166781218373216689e-05,6.678104400634765625e-02,6.691387055486872071e-02
2.363000000000000000e+03,4.165935024502687156e-05,6.837248802185058594e-02,5.795349763950861238e-02
2.364000000000000000e+03,4.165104110143147409e-05,7.181763648986816406e-02,4.503593146112010170e-02
2.365000000000000000e+03,4.164628626313060522e-05,7.075667381286621094e-02,2.530116727692291803e-02
2.366000000000000000e+03,4.163956327829509974e-05,6.975531578063964844e-02,6.275918335819562384e-03
2.367000000000000000e+03,4.163204357610084116e-05,6.809234619140625000e-02,1.074513290829712947e-02
2.368000000000000000e+03,4.162289042142219841e-05,7.013082504272460938e-02,8.455666196045937000e-03
2.369000000000000000e+03,4.161465767538174987e-05,7.116198539733886719e-02,2.772229661160389297e-02
2.370000000000000000e+03,4.163504854659549892e-05,9.897947311401367188e-02,4.293664409237859386e-02
2.371000000000000000e+03,4.160666503594256938e-05,8.091330528259277344e-02,2.918521463860145916e-03
2.372000000000000000e+03,4.159809759585186839e-05,8.389949798583984375e-02,2.018826877256642369e-03
2.373000000000000000e+03,4.158617957727983594e-05,8.975863456726074219e-02,1.751844337329586457e-02
2.374000000000000000e+03,4.157992225373163819e-05,9.434819221496582031e-02,2.843912644483270399e-02
2.375000000000000000e+03,4.156988143222406507e-05,1.011967658996582031e-01,5.300883470825683980e-02
2.376000000000000000e+03,4.156778231845237315e-05,1.002490520477294922e-01,7.500380724416526312e-02
2.377000000000000000e+03,4.158298906986601651e-05,1.166164875030517578e-01,1.380555742077603787e-01
2.378000000000000000e+03,4.156085924478247762e-05,1.063108444213867188e-01,9.833734977477645578e-02
2.379000000000000000e+03,4.155562419327907264e-05,1.065313816070556641e-01,8.688270162338550262e-02
2.380000000000000000e+03,4.155152055318467319e-05,1.064479351043701172e-01,9.013037964332010210e-02
2.381000000000000000e+03,4.154613998252898455e-05,1.085817813873291016e-01,9.557243470375105521e-02
2.382000000000000000e+03,4.154638736508786678e-05,1.065313816070556641e-01,1.456993208988226762e-01
2.383000000000000000e+03,4.154177440796047449e-05,1.075685024261474609e-01,1.203908390317647847e-01
2.384000000000000000e+03,4.153651752858422697e-05,1.171171665191650391e-01,1.511413759592536432e-01
2.385000000000000000e+03,4.152998735662549734e-05,1.202225685119628906e-01,1.403523555101465758e-01
2.386000000000000000e+03,4.152379915467463434e-05,1.225173473358154297e-01,1.480838772828287075e-01
2.387000000000000000e+03,4.151588291279040277e-05,1.281559467315673828e-01,1.608917246091924325e-01
2.388000000000000000e+03,4.150611493969336152e-05,1.323342323303222656e-01,1.897843556423943756e-01
2.389000000000000000e+03,4.153276677243411541e-05,1.456499099731445312e-01,2.423543149425519405e-01
2.390000000000000000e+03,4.150102904532104731e-05,1.361310482025146484e-01,2.047865800092544264e-01
2.391000000000000000e+03,4.149351661908440292e-05,1.299798488616943359e-01,2.222245628910654303e-01
2.392000000000000000e+03,4.148739753873087466e-05,1.309812068939208984e-01,2.313092838387203198e-01
2.393000000000000000e+03,4.148491643718443811e-05,1.313745975494384766e-01,2.183624592997918390e-01
2.394000000000000000e+03,4.148282459937036037e-05,1.332819461822509766e-01,2.117208114572229072e-01
2.395000000000000000e+03,4.148155858274549246e-05,1.356363296508789062e-01,2.112380485083136805e-01
2.396000000000000000e+03,4.147838990320451558e-05,1.374483108520507812e-01,2.224659443655200297e-01
2.397000000000000000e+03,4.147886647842824459e-05,1.481294631958007812e-01,2.258160266473444311e-01
2.398000000000000000e+03,4.147654544794932008e-05,1.424252986907958984e-01,2.240458958346773777e-01
2.399000000000000000e+03,4.147300569457001984e-05,1.428008079528808594e-01,2.332695939948970232e-01
2.400000000000000000e+03,4.146603896515443921e-05,1.413285732269287109e-01,2.466479793517897812e-01
2.401000000000000000e+03,4.145922866882756352e-05,1.422405242919921875e-01,2.452655218162771156e-01
2.402000000000000000e+03,4.145228376728482544e-05,1.414000988006591797e-01,2.575540332430566459e-01
2.403000000000000000e+03,4.144554259255528450e-05,1.432478427886962891e-01,2.490983670470107436e-01
2.404000000000000000e+03,4.143760088481940329e-05,1.459717750549316406e-01,2.490983670470107436e-01
2.405000000000000000e+03,4.146267747273668647e-05,1.373589038848876953e-01,2.359906215251125206e-01
2.406000000000000000e+03,4.143530168221332133e-05,1.440644264221191406e-01,2.461798455831505639e-01
2.407000000000000000e+03,4.142488251090981066e-05,1.460134983062744141e-01,2.601360835607073874e-01
2.408000000000000000e+03,4.140748569625429809e-05,1.461386680603027344e-01,3.022169206072923830e-01
2.409000000000000000e+03,4.138836447964422405e-05,1.453578472137451172e-01,3.611066857840794508e-01
2.410000000000000000e+03,4.137338328291662037e-05,1.423656940460205078e-01,4.088782739556849899e-01
2.411000000000000000e+03,4.136145071242935956e-05,1.408040523529052734e-01,4.305221461651139725e-01
2.412000000000000000e+03,4.134944174438714981e-05,1.411974430084228516e-01,4.416842107111054183e-01
2.413000000000000000e+03,4.134153277846053243e-05,1.443624496459960938e-01,4.544262267262542121e-01
2.414000000000000000e+03,4.133599577471613884e-05,1.483261585235595703e-01,4.712863569874011782e-01
2.415000000000000000e+03,4.132843605475500226e-05,1.535415649414062500e-01,5.000400108080383932e-01
2.416000000000000000e+03,4.131888272240757942e-05,1.563906669616699219e-01,5.374687685287711236e-01
2.417000000000000000e+03,4.131139576202258468e-05,1.596570014953613281e-01,5.442786519444448023e-01
2.418000000000000000e+03,4.130426532356068492e-05,1.575052738189697266e-01,5.950199637108554152e-01
2.419000000000000000e+03,4.129847729927860200e-05,1.542985439300537109e-01,5.744879092019445910e-01
2.420000000000000000e+03,4.129207809455692768e-05,1.494705677032470703e-01,5.460048952163020219e-01
2.421000000000000000e+03,4.128412911086343229e-05,1.501679420471191406e-01,5.560258837012352906e-01
2.422000000000000000e+03,4.126532439840957522e-05,1.538574695587158203e-01,5.725202844556328552e-01
2.423000000000000000e+03,4.124826955376192927e-05,1.582145690917968750e-01,6.130065408527904935e-01
2.424000000000000000e+03,4.122842074139043689e-05,1.617670059204101562e-01,6.835045605738032659e-01
2.425000000000000000e+03,4.121450183447450399e-05,1.588404178619384766e-01,7.229814035323326449e-01
2.426000000000000000e+03,4.119929508306086063e-05,1.538336277008056641e-01,7.456932059014698133e-01
2.427000000000000000e+03,4.119032382732257247e-05,1.493453979492187500e-01,7.287891880995129856e-01
2.428000000000000000e+03,4.118213109904900193e-05,1.474678516387939453e-01,6.931598195519871330e-01
2.429000000000000000e+03,4.117258868063800037e-05,1.480400562286376953e-01,6.575377655945964239e-01
2.430000000000000000e+03,4.143560363445430994e-05,1.286387443542480469e-01,5.808589172095189879e-01
2.431000000000000000e+03,4.116134368814527988e-05,1.447439193725585938e-01,6.445251097444530952e-01
2.432000000000000000e+03,4.114627154194749892e-05,1.475393772125244141e-01,6.445251097444530952e-01
2.433000000000000000e+03,4.112520764465443790e-05,1.499652862548828125e-01,6.531197531530638090e-01
2.434000000000000000e+03,4.111888847546651959e-05,1.502931118011474609e-01,6.543193459352018015e-01
2.435000000000000000e+03,4.111006273888051510e-05,1.462042331695556641e-01,6.484164716962665942e-01
2.436000000000000000e+03,4.109950168640352786e-05,1.407802104949951172e-01,6.310370055355354335e-01
2.437000000000000000e+03,4.108991925022564828e-05,1.356482505798339844e-01,6.306566468485161892e-01
2.438000000000000000e+03,4.109201472601853311e-05,1.356542110443115234e-01,5.381855983619999728e-01
2.439000000000000000e+03,4.108421853743493557e-05,1.356482505798339844e-01,5.880125863615370818e-01
2.440000000000000000e+03,4.107618951820768416e-05,1.362323760986328125e-01,6.106000406983794759e-01
2.441000000000000000e+03,4.106885535293258727e-05,1.357674598693847656e-01,6.476484397320928510e-01
2.442000000000000000e+03,4.106457345187664032e-05,1.343846321105957031e-01,6.679464273566841914e-01
2.443000000000000000e+03,4.106077903998084366e-05,1.329243183135986328e-01,6.750562089678923128e-01
2.444000000000000000e+03,4.105449988855980337e-05,1.295387744903564453e-01,6.787061894452512956e-01
2.445000000000000000e+03,4.105057087144814432e-05,1.253902912139892578e-01,6.579693264125606733e-01
2.446000000000000000e+03,4.104625259060412645e-05,1.210212707519531250e-01,6.456808149857811152e-01
2.447000000000000000e+03,4.104226900381036103e-05,1.252472400665283203e-01,6.297496376717776068e-01
2.448000000000000000e+03,4.103887840756215155e-05,1.268267631530761719e-01,6.302250860305518287e-01
2.449000000000000000e+03,4.103446190129034221e-05,1.295149326324462891e-01,6.392951777979367645e-01
2.450000000000000000e+03,4.103211540495976806e-05,1.299619674682617188e-01,6.458783089194258809e-01
2.451000000000000000e+03,4.102966704522259533e-05,1.274287700653076172e-01,6.489943243169306042e-01
2.452000000000000000e+03,4.102698949282057583e-05,1.248896121978759766e-01,6.454394335113265990e-01
2.453000000000000000e+03,4.102339516975916922e-05,1.228153705596923828e-01,6.690070429262573448e-01
2.454000000000000000e+03,4.101962622371502221e-05,1.218855381011962891e-01,6.512984202094518338e-01
2.455000000000000000e+03,4.101640297449193895e-05,1.258075237274169922e-01,6.499013334936691866e-01
2.456000000000000000e+03,4.101399827050045133e-05,1.307547092437744141e-01,6.564259478940782655e-01
2.457000000000000000e+03,4.101174272364005446e-05,1.305520534515380859e-01,6.774553945321682979e-01
2.458000000000000000e+03,4.100723162991926074e-05,1.337826251983642578e-01,6.850845120429607249e-01
2.459000000000000000e+03,4.099974103155545890e-05,1.310646533966064453e-01,6.840824131944672759e-01
2.460000000000000000e+03,4.098884892300702631e-05,1.198410987854003906e-01,6.772140130577136707e-01
2.461000000000000000e+03,4.097868804819881916e-05,1.027226448059082031e-01,6.505742757860879522e-01
2.462000000000000000e+03,4.096968405065126717e-05,8.879899978637695312e-02,6.342554251949301669e-01
2.463000000000000000e+03,4.095785334357060492e-05,7.016062736511230469e-02,6.094077625063765158e-01
2.464000000000000000e+03,4.094930045539513230e-05,6.166696548461914062e-02,6.043168077724249132e-01
2.465000000000000000e+03,4.094353789696469903e-05,5.828142166137695312e-02,6.081130800524836566e-01
2.466000000000000000e+03,4.093935422133654356e-05,6.001591682434082031e-02,6.285061573488297526e-01
2.467000000000000000e+03,4.093566531082615256e-05,6.138682365417480469e-02,6.384320561620082657e-01
2.468000000000000000e+03,4.093175084562972188e-05,5.999803543090820312e-02,6.588836501794341771e-01
2.469000000000000000e+03,4.092757444595918059e-05,5.301833152770996094e-02,6.754877697858566732e-01
2.470000000000000000e+03,4.092435483471490443e-05,4.590153694152832031e-02,6.813906440247917695e-01
2.471000000000000000e+03,4.092204108019359410e-05,4.162192344665527344e-02,6.843237946689219031e-01
2.472000000000000000e+03,4.092919334652833641e-05,3.429651260375976562e-02,6.596516821436079203e-01
2.473000000000000000e+03,4.092087692697532475e-05,3.951787948608398438e-02,6.772140130577136707e-01
2.474000000000000000e+03,4.091840310138650239e-05,3.813505172729492188e-02,6.669955306391357475e-01
2.475000000000000000e+03,4.091560913366265595e-05,4.104971885681152344e-02,6.692996265316568660e-01
2.476000000000000000e+03,4.091224764124490321e-05,4.545450210571289062e-02,6.738054140548094262e-01
2.477000000000000000e+03,4.090963921044021845e-05,4.722476005554199219e-02,6.700603439056955768e-01
2.478000000000000000e+03,4.090555739821866155e-05,4.608631134033203125e-02,6.696287830877313274e-01
2.479000000000000000e+03,4.090028232894837856e-05,4.054903984069824219e-02,6.585910665740346559e-01
2.480000000000000000e+03,4.090651418664492667e-05,2.369880676269531250e-02,6.957491844597729624e-01
2.481000000000000000e+03,4.089839785592630506e-05,3.519654273986816406e-02,6.704041296420399920e-01
2.482000000000000000e+03,4.089177309651859105e-05,2.755522727966308594e-02,6.544144356069566681e-01
2.483000000000000000e+03,4.088539935764856637e-05,1.988410949707031250e-02,6.527832820068543151e-01
2.484000000000000000e+03,4.088486457476392388e-05,1.557469367980957031e-02,6.521103397144355496e-01
2.485000000000000000e+03,4.088087734999135137e-05,1.766085624694824219e-02,6.524468108606449324e-01
2.486000000000000000e+03,4.087457273271866143e-05,1.800060272216796875e-02,6.466390262934645916e-01
2.487000000000000000e+03,4.086762419319711626e-05,2.113580703735351562e-02,6.477435294038478286e-01
2.488000000000000000e+03,4.086186163476668298e-05,2.807378768920898438e-02,6.462074654755002312e-01
2.489000000000000000e+03,4.085720138391479850e-05,3.690719604492187500e-02,6.450078726933623496e-01
2.490000000000000000e+03,4.089501089765690267e-05,5.234479904174804688e-02,6.233127983529883620e-01
2.491000000000000000e+03,4.085168620804324746e-05,4.106163978576660156e-02,6.391562005853720363e-01
2.492000000000000000e+03,4.084582542418502271e-05,4.158020019531250000e-02,6.388124148490276211e-01
2.493000000000000000e+03,4.084066313225775957e-05,3.899931907653808594e-02,6.358426912542225473e-01
2.494000000000000000e+03,4.083675230504013598e-05,3.913044929504394531e-02,6.265312180123829844e-01
2.495000000000000000e+03,4.083378371433354914e-05,3.919601440429687500e-02,6.300349066870422066e-01
2.496000000000000000e+03,4.083159001311287284e-05,3.936886787414550781e-02,6.260118821127989008e-01
2.497000000000000000e+03,4.082966188434511423e-05,3.927350044250488281e-02,6.272041603048018610e-01
2.498000000000000000e+03,4.082786472281441092e-05,3.761053085327148438e-02,6.310004325848606044e-01
2.499000000000000000e+03,4.082325904164463282e-05,3.475546836853027344e-02,6.307078489794610832e-01
2.500000000000000000e+03,4.082164014107547700e-05,3.365278244018554688e-02,6.235541798274429892e-01
2.501000000000000000e+03,4.081661245436407626e-05,3.272294998168945312e-02,6.314319934028248538e-01
2.502000000000000000e+03,4.081448059878312051e-05,3.293156623840332031e-02,6.317611499588993151e-01
2.503000000000000000e+03,4.081217775819823146e-05,3.299713134765625000e-02,6.292668747228684634e-01
2.504000000000000000e+03,4.081342922290787101e-05,2.928376197814941406e-02,6.287402242331493474e-01
2.505000000000000000e+03,4.081112274434417486e-05,3.157258033752441406e-02,6.290766953793588412e-01
2.506000000000000000e+03,4.080795406480319798e-05,2.892613410949707031e-02,6.248049747405258758e-01
2.507000000000000000e+03,4.080508369952440262e-05,2.403259277343750000e-02,6.226032831098945453e-01
2.508000000000000000e+03,4.080063081346452236e-05,2.005696296691894531e-02,6.179438891939073031e-01
2.509000000000000000e+03,4.079693826497532427e-05,1.726150512695312500e-02,6.217840490147759080e-01
2.510000000000000000e+03,4.079078644281253219e-05,1.755952835083007812e-02,6.283525509559949596e-01
2.511000000000000000e+03,4.078584970557130873e-05,1.773834228515625000e-02,6.352648386335585373e-01
2.512000000000000000e+03,4.078140773344784975e-05,2.125501632690429688e-02,6.360401851878672019e-01
2.513000000000000000e+03,4.077710764249786735e-05,2.233982086181640625e-02,6.358865787950325199e-01
2.514000000000000000e+03,4.077310950378887355e-05,2.256631851196289062e-02,6.281111694815403323e-01
2.515000000000000000e+03,4.076874029124155641e-05,1.947879791259765625e-02,6.258582757199641078e-01
2.516000000000000000e+03,4.076079130754806101e-05,1.075863838195800781e-02,6.145352901910029475e-01
2.517000000000000000e+03,4.075311881024390459e-05,6.049871444702148438e-03,6.178561141122874689e-01
2.518000000000000000e+03,4.074040043633431196e-05,5.400180816650390625e-03,5.970753635387870961e-01
2.519000000000000000e+03,4.073026502737775445e-05,3.099441528320312500e-03,6.060503656344170542e-01
2.520000000000000000e+03,4.071655348525382578e-05,2.330541610717773438e-03,6.136282810142644761e-01
2.521000000000000000e+03,4.070752038387581706e-05,7.259845733642578125e-03,6.075864295627645406e-01
2.522000000000000000e+03,4.069542774232104421e-05,9.435415267944335938e-03,5.901191883204135458e-01
2.523000000000000000e+03,4.068775160703808069e-05,1.025795936584472656e-02,5.605243566342528183e-01
2.524000000000000000e+03,4.068060661666095257e-05,6.902217864990234375e-03,5.446590106314641577e-01
2.525000000000000000e+03,4.067341069458052516e-05,5.125999450683593750e-03,5.288375521694854697e-01
2.526000000000000000e+03,4.066210385644808412e-05,1.062750816345214844e-02,5.124455556769778042e-01
2.527000000000000000e+03,4.065479151904582977e-05,4.065036773681640625e-03,5.154664814027277719e-01
2.528000000000000000e+03,4.065135362907312810e-05,6.204843521118164062e-03,5.253850656257712526e-01
2.529000000000000000e+03,4.064823951921425760e-05,8.434057235717773438e-03,5.294154047901494797e-01
2.530000000000000000e+03,4.064654058311134577e-05,9.429454803466796875e-03,5.391876972104931998e-01
2.531000000000000000e+03,4.064320091856643558e-05,1.084208488464355469e-02,5.425450940824526613e-01
2.532000000000000000e+03,4.063853702973574400e-05,1.428127288818359375e-02,5.303297285570229835e-01
2.533000000000000000e+03,4.063426604261621833e-05,1.227855682373046875e-02,5.138426423927604514e-01
2.534000000000000000e+03,4.062964944751001894e-05,1.469850540161132812e-02,4.926522747717006490e-01
2.535000000000000000e+03,4.063062806380912662e-05,2.922415733337402344e-02,4.584931388413074904e-01
2.536000000000000000e+03,4.062007428728975356e-05,2.179145812988281250e-02,4.759823238540634160e-01
2.537000000000000000e+03,4.060530773131176829e-05,2.064704895019531250e-02,4.676875786409872005e-01
2.538000000000000000e+03,4.057905607623979449e-05,1.347661018371582031e-02,4.534680154185708467e-01
2.539000000000000000e+03,4.056582838529720902e-05,1.104474067687988281e-02,4.541848452517996404e-01
2.540000000000000000e+03,4.055454337503761053e-05,3.653764724731445312e-03,4.661588293027747465e-01
2.541000000000000000e+03,4.054706369061022997e-05,1.573562622070312500e-03,4.858570205362970351e-01
2.542000000000000000e+03,4.053938027936965227e-05,9.799003601074218750e-03,5.023367921104245903e-01
2.543000000000000000e+03,4.052976873936131597e-05,1.515150070190429688e-02,5.213620410515279469e-01
2.544000000000000000e+03,4.051697760587558150e-05,2.404451370239257812e-02,5.543947301011330486e-01
2.545000000000000000e+03,4.050819188705645502e-05,1.744031906127929688e-02,5.783207544326781635e-01
2.546000000000000000e+03,4.049549534101970494e-05,1.891851425170898438e-02,5.679120926705905070e-01
2.547000000000000000e+03,4.047800393891520798e-05,1.348257064819335938e-02,5.703185928250015246e-01
2.548000000000000000e+03,4.046812682645395398e-05,1.258850097656250000e-02,5.612997031885615939e-01
2.549000000000000000e+03,4.046058165840804577e-05,5.948543548583984375e-03,5.838871575254039881e-01
2.550000000000000000e+03,4.045675086672417819e-05,9.655952453613281250e-04,5.988089214007791261e-01
2.551000000000000000e+03,4.045055538881570101e-05,3.862380981445312500e-03,6.056188048164528048e-01
2.552000000000000000e+03,4.044557135784998536e-05,6.330013275146484375e-03,6.141549315039835921e-01
2.553000000000000000e+03,4.043784429086372256e-05,6.830692291259765625e-03,6.303713778332515894e-01
2.554000000000000000e+03,4.043169610667973757e-05,6.318092346191406250e-03,6.371812612489252681e-01
2.555000000000000000e+03,4.051158612128347158e-05,2.205371856689453125e-04,5.915601625770061656e-01
2.556000000000000000e+03,4.042789441882632673e-05,5.173683166503906250e-03,6.292156725919235694e-01
2.557000000000000000e+03,4.042460204800590873e-05,1.323223114013671875e-03,5.934765851923730073e-01
2.558000000000000000e+03,4.042714135721325874e-05,3.755092620849609375e-03,6.106512428293244810e-01
2.559000000000000000e+03,4.041515421704389155e-05,2.479553222656250000e-03,6.015811510619395452e-01
2.560000000000000000e+03,4.040558997076004744e-05,2.276897430419921875e-03,6.054725130137530442e-01
2.561000000000000000e+03,4.039641498820856214e-05,4.208087921142578125e-03,6.047483685903891626e-01
2.562000000000000000e+03,4.038302358821965754e-05,6.425380706787109375e-03,6.131967201963002267e-01
2.563000000000000000e+03,4.037379039800725877e-05,1.443624496459960938e-02,6.451541644960619992e-01
2.564000000000000000e+03,4.036101381643675268e-05,1.107454299926757812e-02,6.346869860128944163e-01
2.565000000000000000e+03,4.034602534375153482e-05,6.675720214843750000e-03,6.392074027163169303e-01
2.566000000000000000e+03,4.033194636576808989e-05,4.184246063232421875e-03,6.344968066693847941e-01
2.567000000000000000e+03,4.031175922136753798e-05,2.956390380859375000e-03,6.526369902041546656e-01
2.568000000000000000e+03,4.029149204143323004e-05,3.325939178466796875e-03,6.682390109620837126e-01
2.569000000000000000e+03,4.027118484373204410e-05,9.214878082275390625e-03,6.737103243830545596e-01
2.570000000000000000e+03,4.024970985483378172e-05,1.097917556762695312e-02,7.053532413070119356e-01
2.571000000000000000e+03,4.023122164653614163e-05,1.863241195678710938e-02,7.066918113017146563e-01
2.572000000000000000e+03,4.021592030767351389e-05,1.895427703857421875e-02,7.360891490542307292e-01
2.573000000000000000e+03,4.020438791485503316e-05,1.343488693237304688e-02,7.619389105912778293e-01
2.574000000000000000e+03,4.019592233817093074e-05,8.428096771240234375e-03,7.840874895200210526e-01
2.575000000000000000e+03,4.018691834062337875e-05,3.802776336669921875e-03,7.957615753754615495e-01
2.576000000000000000e+03,4.018420077045448124e-05,4.291534423828125000e-04,8.384568379933855509e-01
2.577000000000000000e+03,4.017446190118789673e-05,4.410743713378906250e-04,8.048536109132513605e-01
2.578000000000000000e+03,4.016887760371901095e-05,1.013278961181640625e-03,7.828366946069380550e-01
2.579000000000000000e+03,4.016180901089683175e-05,4.601478576660156250e-03,7.601541505983407943e-01
2.580000000000000000e+03,4.014892692794092000e-05,8.440017700195312500e-03,7.221548548470789752e-01
2.581000000000000000e+03,4.013170109828934073e-05,1.745223999023437500e-02,6.904168482513667326e-01
2.582000000000000000e+03,4.063154483446851373e-05,8.243322372436523438e-03,4.474261639670709112e-01
2.583000000000000000e+03,4.012588760815560818e-05,1.487731933593750000e-02,6.660300047413173496e-01
2.584000000000000000e+03,4.011175042251124978e-05,1.739263534545898438e-02,6.829340225432742884e-01
2.585000000000000000e+03,4.027414252050220966e-05,4.547834396362304688e-02,7.653475095941820738e-01
2.586000000000000000e+03,4.010675911558791995e-05,2.164840698242187500e-02,6.954127133135634686e-01
2.587000000000000000e+03,4.009325493825599551e-05,1.786947250366210938e-02,7.463222606530787173e-01
2.588000000000000000e+03,4.008643009001389146e-05,1.448392868041992188e-02,7.900488804800360754e-01
2.589000000000000000e+03,4.008010000688955188e-05,9.965896606445312500e-03,8.238861744444898605e-01
2.590000000000000000e+03,4.007486495538614690e-05,8.761882781982421875e-03,8.527422325270168635e-01
2.591000000000000000e+03,4.006983363069593906e-05,1.106262207031250000e-02,8.560557418581662414e-01
2.592000000000000000e+03,4.006451126770116389e-05,1.335144042968750000e-02,8.519668859727080878e-01
2.593000000000000000e+03,4.005918526672758162e-05,1.351833343505859375e-02,8.511476518775894506e-01
2.594000000000000000e+03,4.005348091595806181e-05,1.013278961181640625e-02,8.528812097395815917e-01
2.595000000000000000e+03,4.004637594334781170e-05,7.033348083496093750e-03,8.586085338152770197e-01
2.596000000000000000e+03,4.004035145044326782e-05,1.114606857299804688e-03,8.647601041188017756e-01
2.597000000000000000e+03,4.003554931841790676e-05,4.154443740844726562e-03,8.652940691986559241e-01
2.598000000000000000e+03,4.003144567832350731e-05,5.072355270385742188e-03,8.684686013172406849e-01
2.599000000000000000e+03,4.002602872787974775e-05,8.231401443481445312e-03,8.666326391933586448e-01
2.600000000000000000e+03,4.002373316325247288e-05,1.083612442016601562e-02,8.710579662250262922e-01
2.601000000000000000e+03,4.002066270913928747e-05,1.568794250488281250e-02,8.669764249297030601e-01
2.602000000000000000e+03,4.001638808404095471e-05,2.195835113525390625e-02,8.570651552967946118e-01
2.603000000000000000e+03,4.002432979177683592e-05,3.775358200073242188e-02,8.672178064041576873e-01
2.604000000000000000e+03,4.001444904133677483e-05,2.693533897399902344e-02,8.602908895463242667e-01
2.605000000000000000e+03,4.003051071777008474e-05,3.740191459655761719e-02,8.597057223355252242e-01
2.606000000000000000e+03,4.001236084150150418e-05,2.945065498352050781e-02,8.601445977436246171e-01
2.607000000000000000e+03,4.000859553343616426e-05,3.075599670410156250e-02,8.638018928111184103e-01
2.608000000000000000e+03,4.000503031420521438e-05,3.047585487365722656e-02,8.678834341064416424e-01
2.609000000000000000e+03,4.000294575234875083e-05,3.030896186828613281e-02,8.674591878786122034e-01
2.610000000000000000e+03,3.999834370915777981e-05,2.804398536682128906e-02,8.621634246208811359e-01
2.611000000000000000e+03,3.999442560598254204e-05,2.793669700622558594e-02,8.411998092940060623e-01
2.612000000000000000e+03,3.999070759164169431e-05,2.892613410949707031e-02,8.445645207561004453e-01
2.613000000000000000e+03,3.998780812253244221e-05,2.862215042114257812e-02,8.391297802858044275e-01
2.614000000000000000e+03,3.998427200713194907e-05,2.806782722473144531e-02,8.304766201561138983e-01
2.615000000000000000e+03,3.997998283011838794e-05,2.703666687011718750e-02,8.191755783975576133e-01
2.616000000000000000e+03,3.997580279246903956e-05,2.777576446533203125e-02,8.145673866125153761e-01
2.617000000000000000e+03,3.997199019067920744e-05,2.996325492858886719e-02,8.131264123559226453e-01
2.618000000000000000e+03,3.996790837845765054e-05,3.442168235778808594e-02,8.216259660927784925e-01
2.619000000000000000e+03,3.996507439296692610e-05,3.685355186462402344e-02,8.327368285078250443e-01
2.620000000000000000e+03,3.996162558905780315e-05,3.820657730102539062e-02,8.361527421008643213e-01
2.621000000000000000e+03,3.995595761807635427e-05,3.990530967712402344e-02,8.349385201384564859e-01
2.622000000000000000e+03,3.994990765932016075e-05,4.416704177856445312e-02,8.305643952377336214e-01
2.623000000000000000e+03,3.995556471636518836e-05,4.940032958984375000e-02,8.169153700458463563e-01
2.624000000000000000e+03,3.994654980488121510e-05,4.617571830749511719e-02,8.253271487010823693e-01
2.625000000000000000e+03,3.994196231360547245e-05,4.714131355285644531e-02,8.192194659383675859e-01
2.626000000000000000e+03,3.993894642917439342e-05,4.768967628479003906e-02,8.152330143147991093e-01
2.627000000000000000e+03,3.993609425378963351e-05,4.779100418090820312e-02,8.179320980746097591e-01
2.628000000000000000e+03,3.993214340880513191e-05,4.932284355163574219e-02,8.122559761298591141e-01
2.629000000000000000e+03,3.992660276708193123e-05,5.010366439819335938e-02,8.058630243518797309e-01
2.630000000000000000e+03,3.992132405983284116e-05,5.055069923400878906e-02,7.934135919421304584e-01
2.631000000000000000e+03,3.991682388004846871e-05,5.036592483520507812e-02,7.736129964467183262e-01
2.632000000000000000e+03,3.991257108282297850e-05,4.951953887939453125e-02,7.491603216254540953e-01
2.633000000000000000e+03,3.991852281615138054e-05,4.121661186218261719e-02,7.520934722695842289e-01
2.634000000000000000e+03,3.991118137491866946e-05,4.699230194091796875e-02,7.500673308021925667e-01
2.635000000000000000e+03,3.990677942056208849e-05,4.664063453674316406e-02,7.223962363215336024e-01
2.636000000000000000e+03,3.990381810581311584e-05,4.594326019287109375e-02,7.197117817419930175e-01
2.637000000000000000e+03,3.990042387158609927e-05,4.382729530334472656e-02,7.185999640414749701e-01
2.638000000000000000e+03,3.989787364844232798e-05,4.407167434692382812e-02,7.287891880995129856e-01
2.639000000000000000e+03,3.989490505773574114e-05,4.590749740600585938e-02,7.322051016925522626e-01
2.640000000000000000e+03,3.988882599514909089e-05,4.785060882568359375e-02,7.364695077412501956e-01
2.641000000000000000e+03,3.988096796092577279e-05,5.375742912292480469e-02,7.233617622193520003e-01
2.642000000000000000e+03,3.987343006883747876e-05,5.720853805541992188e-02,7.116876763639113923e-01
2.643000000000000000e+03,3.986614319728687406e-05,5.966424942016601562e-02,6.972852483881203378e-01
2.644000000000000000e+03,3.985934017691761255e-05,6.114244461059570312e-02,6.945495916776348588e-01
2.645000000000000000e+03,3.985306830145418644e-05,6.133913993835449219e-02,6.936791554515713276e-01
2.646000000000000000e+03,3.984829527325928211e-05,5.921125411987304688e-02,7.190827269903841135e-01
2.647000000000000000e+03,3.984418799518607557e-05,5.691647529602050781e-02,7.288842777712678522e-01
2.648000000000000000e+03,3.984080831287428737e-05,5.586147308349609375e-02,7.322416746432272028e-01
2.649000000000000000e+03,3.983602073276415467e-05,5.542635917663574219e-02,7.286428962968131140e-01
2.650000000000000000e+03,3.983159695053473115e-05,5.639195442199707031e-02,7.254756787683634967e-01
2.651000000000000000e+03,3.982628913945518434e-05,6.144046783447265625e-02,7.192290187930838741e-01
2.652000000000000000e+03,3.984263094025664032e-05,5.252361297607421875e-02,7.592398268314672904e-01
2.653000000000000000e+03,3.982423731940798461e-05,5.921721458435058594e-02,7.292207489174772350e-01
2.654000000000000000e+03,3.981886402470991015e-05,6.420612335205078125e-02,7.306105210431248498e-01
2.655000000000000000e+03,3.981338886660523713e-05,6.934404373168945312e-02,7.349846459438476032e-01
2.656000000000000000e+03,3.980849214713089168e-05,7.069706916809082031e-02,7.455542286889050851e-01
2.657000000000000000e+03,3.980317342211492360e-05,6.648302078247070312e-02,7.320514952997175806e-01
2.658000000000000000e+03,3.979709072154946625e-05,6.319284439086914062e-02,7.407924305110279439e-01
2.659000000000000000e+03,3.978914173785597086e-05,6.284713745117187500e-02,7.719818428466160842e-01
2.660000000000000000e+03,3.978098175139166415e-05,5.662441253662109375e-02,7.530004814463227003e-01
2.661000000000000000e+03,3.977833694079890847e-05,5.161166191101074219e-02,7.443546359067669815e-01
2.662000000000000000e+03,3.976766311097890139e-05,5.220174789428710938e-02,7.368132934775946108e-01
2.663000000000000000e+03,3.975971048930659890e-05,5.484819412231445312e-02,7.284966044941134644e-01
2.664000000000000000e+03,3.974714127252809703e-05,6.064176559448242188e-02,7.061724754021305728e-01
2.665000000000000000e+03,3.980776818934828043e-05,7.363557815551757812e-02,6.801910512426537769e-01
2.666000000000000000e+03,3.974360879510641098e-05,6.309151649475097656e-02,7.012717000116887034e-01
2.667000000000000000e+03,3.973511047661304474e-05,6.917715072631835938e-02,6.885443131768098635e-01
2.668000000000000000e+03,3.972916238126344979e-05,7.470250129699707031e-02,6.805275223888631597e-01
2.669000000000000000e+03,3.972394551965408027e-05,7.892251014709472656e-02,6.736664368422445870e-01
2.670000000000000000e+03,3.972006015828810632e-05,8.050799369812011719e-02,6.629066747536774828e-01
2.671000000000000000e+03,3.971777186961844563e-05,8.051395416259765625e-02,6.598857490279275151e-01
2.672000000000000000e+03,3.971505429944954813e-05,8.059144020080566406e-02,6.621898449204487447e-01
2.673000000000000000e+03,3.971032128902152181e-05,8.130073547363281250e-02,6.666078573619813596e-01
2.674000000000000000e+03,3.970451871282421052e-05,8.378028869628906250e-02,6.645378283537797248e-01
2.675000000000000000e+03,3.969692625105381012e-05,8.691549301147460938e-02,6.655545563825431277e-01
2.676000000000000000e+03,3.969210229115560651e-05,8.652806282043457031e-02,6.607927582046659865e-01
2.677000000000000000e+03,3.968735109083354473e-05,8.932352066040039062e-02,6.630602811465122759e-01
2.678000000000000000e+03,3.968168675783090293e-05,9.141564369201660156e-02,6.579181242816158903e-01
2.679000000000000000e+03,3.967293378082104027e-05,9.050369262695312500e-02,6.686705717800478510e-01
2.680000000000000000e+03,3.966482472606003284e-05,9.512901306152343750e-02,6.436619881085244854e-01
2.681000000000000000e+03,3.965416544815525413e-05,8.974671363830566406e-02,6.931086174210422390e-01
2.682000000000000000e+03,3.964614370488561690e-05,9.034872055053710938e-02,6.873886079354818435e-01
2.683000000000000000e+03,3.969038152717985213e-05,9.785294532775878906e-02,6.596516821436079203e-01
2.684000000000000000e+03,3.964357165386900306e-05,9.180903434753417969e-02,6.819684966454557795e-01
2.685000000000000000e+03,3.963532435591332614e-05,8.642673492431640625e-02,6.808201059942626809e-01
2.686000000000000000e+03,3.963169729104265571e-05,8.373856544494628906e-02,6.920480018514690856e-01
2.687000000000000000e+03,3.962422488257288933e-05,7.539987564086914062e-02,7.244223777889252647e-01
2.688000000000000000e+03,3.961943366448394954e-05,6.498694419860839844e-02,7.313785530072985930e-01
2.689000000000000000e+03,3.961260881624184549e-05,6.321072578430175781e-02,7.441571419731224379e-01
2.690000000000000000e+03,3.960216781706549227e-05,6.226897239685058594e-02,7.553045773388439299e-01
2.691000000000000000e+03,3.959608511650003493e-05,6.120204925537109375e-02,7.517496865332398137e-01
2.692000000000000000e+03,3.958805973525159061e-05,6.014108657836914062e-02,7.374789211798784550e-01
2.693000000000000000e+03,3.958739398512989283e-05,5.108118057250976562e-02,7.211966435393954988e-01
2.694000000000000000e+03,3.958303932449780405e-05,5.541443824768066406e-02,7.289793674430226078e-01
2.695000000000000000e+03,3.957436274504289031e-05,5.562901496887207031e-02,7.049655680298575477e-01
2.696000000000000000e+03,3.955983629566617310e-05,5.363225936889648438e-02,6.687217739109928560e-01
2.697000000000000000e+03,3.954868225264362991e-05,5.325078964233398438e-02,6.549922882276206781e-01
2.698000000000000000e+03,3.953598934458568692e-05,5.151629447937011719e-02,6.540340769199373128e-01
2.699000000000000000e+03,3.952645420213229954e-05,5.117058753967285156e-02,6.592640088664536435e-01
2.700000000000000000e+03,3.951710095861926675e-05,5.151629447937011719e-02,6.661250944130722162e-01
2.701000000000000000e+03,3.950701284338720143e-05,5.205273628234863281e-02,6.835996502455581325e-01
2.702000000000000000e+03,3.950385507778264582e-05,5.527734756469726562e-02,7.100053206328641453e-01
2.703000000000000000e+03,3.948450830648653209e-05,5.077123641967773438e-02,7.373911460982586208e-01
2.704000000000000000e+03,3.947500954382121563e-05,5.054473876953125000e-02,7.314297551382434870e-01
2.705000000000000000e+03,3.946665674448013306e-05,4.657506942749023438e-02,7.379104819978428154e-01
2.706000000000000000e+03,3.945745629607699811e-05,4.239678382873535156e-02,7.571771124134007991e-01
2.707000000000000000e+03,3.944860145566053689e-05,3.832578659057617188e-02,7.705847561308334370e-01
2.708000000000000000e+03,3.943167757824994624e-05,3.734230995178222656e-02,8.118244153118948647e-01
2.709000000000000000e+03,3.942150578950531781e-05,2.950429916381835938e-02,8.065871687752435015e-01
2.710000000000000000e+03,3.941448449040763080e-05,3.026127815246582031e-02,7.966320116015251918e-01
2.711000000000000000e+03,3.940787428291514516e-05,3.263950347900390625e-02,7.698679262976045878e-01
2.712000000000000000e+03,3.940071110264398158e-05,3.175735473632812500e-02,7.462710585221338233e-01
2.713000000000000000e+03,3.939875023206695914e-05,3.896951675415039062e-02,7.320514952997175806e-01
2.714000000000000000e+03,3.938592999475076795e-05,3.260970115661621094e-02,7.416555521469565537e-01
2.715000000000000000e+03,3.938157897209748626e-05,2.931356430053710938e-02,7.572283145443456931e-01
2.716000000000000000e+03,3.937664587283506989e-05,2.440810203552246094e-02,7.998577458510547356e-01
2.717000000000000000e+03,3.937383007723838091e-05,2.477169036865234375e-02,8.212456074057591371e-01
2.718000000000000000e+03,3.937124711228534579e-05,2.636313438415527344e-02,8.236009054292251497e-01
2.719000000000000000e+03,3.936791108571924269e-05,2.721548080444335938e-02,8.279750303299480141e-01
2.720000000000000000e+03,3.936503344448283315e-05,2.648234367370605469e-02,8.311495624485326639e-01
2.721000000000000000e+03,3.936091525247320533e-05,2.204179763793945312e-02,8.396052286445786494e-01
2.722000000000000000e+03,3.935726999770849943e-05,1.530051231384277344e-02,8.526910303960718585e-01
2.723000000000000000e+03,3.935330096282996237e-05,1.080632209777832031e-02,8.648113062497467807e-01
2.724000000000000000e+03,3.934993583243340254e-05,5.894899368286132812e-03,8.698071713119435167e-01
2.725000000000000000e+03,3.934714186470955610e-05,3.027915954589843750e-03,8.697705983612684655e-01
2.726000000000000000e+03,3.934497362934052944e-05,2.807378768920898438e-03,8.659670114910749117e-01
2.727000000000000000e+03,3.934098276658914983e-05,1.263618469238281250e-03,8.694268126249240503e-01
2.728000000000000000e+03,3.933656262233853340e-05,4.553794860839843750e-03,8.756368996495287327e-01
2.729000000000000000e+03,3.933055268134921789e-05,8.934736251831054688e-03,8.784164439008241843e-01
2.730000000000000000e+03,3.932141771656461060e-05,1.448392868041992188e-02,8.796306658632321307e-01
2.731000000000000000e+03,3.931592073058709502e-05,1.765489578247070312e-02,8.789942965214881943e-01
2.732000000000000000e+03,3.931062747142277658e-05,1.659393310546875000e-02,8.715919313048804407e-01
2.733000000000000000e+03,3.930444290745072067e-05,1.668334007263183594e-02,8.705313157353072873e-01
2.734000000000000000e+03,3.929813101422041655e-05,1.488327980041503906e-02,8.678834341064416424e-01
2.735000000000000000e+03,3.929291415261104703e-05,1.174211502075195312e-02,8.658646072291850126e-01
2.736000000000000000e+03,3.928545629605650902e-05,7.838010787963867188e-03,8.602908895463242667e-01
2.737000000000000000e+03,3.927673242287710309e-05,1.561641693115234375e-03,8.577380975892134884e-01
2.738000000000000000e+03,3.927069701603613794e-05,3.015995025634765625e-03,8.473513795975308183e-01
2.739000000000000000e+03,3.926617500837892294e-05,3.314018249511718750e-03,8.324003573616156615e-01
2.740000000000000000e+03,3.926251520169898868e-05,3.540515899658203125e-03,8.133531646501072077e-01
2.741000000000000000e+03,3.925828059436753392e-05,1.662969589233398438e-03,7.912484732621740680e-01
2.742000000000000000e+03,3.925221244571730494e-05,6.914138793945312500e-03,7.741396469364375532e-01
2.743000000000000000e+03,3.924585325876250863e-05,1.110434532165527344e-02,7.680831663046675528e-01
2.744000000000000000e+03,3.924027259927242994e-05,1.514554023742675781e-02,7.759682944701844498e-01
2.745000000000000000e+03,3.923318945453502238e-05,1.463294029235839844e-02,7.999455209326745697e-01
2.746000000000000000e+03,3.922481118934229016e-05,9.256601333618164062e-03,8.297012736018051227e-01
2.747000000000000000e+03,3.922007454093545675e-05,7.236003875732421875e-03,8.322540655589159009e-01
2.748000000000000000e+03,3.921534153050743043e-05,6.210803985595703125e-03,8.242299601808342757e-01
2.749000000000000000e+03,3.921057941624894738e-05,3.689527511596679688e-03,8.223939980569522357e-01
2.750000000000000000e+03,3.920614108210429549e-05,8.404254913330078125e-04,8.163887195561272403e-01
2.751000000000000000e+03,3.920259041478857398e-05,5.364418029785156250e-04,8.180198731562294823e-01
2.752000000000000000e+03,3.921704774256795645e-05,1.755952835083007812e-02,8.525520531835071303e-01
2.753000000000000000e+03,3.920095696230418980e-05,4.637241363525390625e-03,8.263365621397107397e-01
2.754000000000000000e+03,3.919574373867362738e-05,4.160404205322265625e-03,8.226353795314068629e-01
2.755000000000000000e+03,3.919233859051018953e-05,2.861022949218750000e-03,8.185026361051388477e-01
2.756000000000000000e+03,3.918666334357112646e-05,3.755092620849609375e-04,8.071065046748278071e-01
2.757000000000000000e+03,3.918126458302140236e-05,1.591444015502929688e-03,7.999967230636195747e-01
2.758000000000000000e+03,3.917349022231064737e-05,1.525878906250000000e-03,7.922066845698575444e-01
2.759000000000000000e+03,3.916358400601893663e-05,5.263090133666992188e-03,7.753831272593855184e-01
2.760000000000000000e+03,3.916476998711004853e-05,1.490116119384765625e-04,8.043196458333974341e-01
2.761000000000000000e+03,3.915662455256097019e-05,2.795457839965820312e-03,7.893247360566723048e-01
2.762000000000000000e+03,3.914475746569223702e-05,1.009702682495117188e-02,7.595324104368668117e-01
2.763000000000000000e+03,3.913899126928299665e-05,9.882450103759765625e-03,7.551143979953340857e-01
2.764000000000000000e+03,3.913237378583289683e-05,1.145005226135253906e-02,7.438206708269129441e-01
2.765000000000000000e+03,3.912876854883506894e-05,1.283288002014160156e-02,7.370473603619142056e-01
2.766000000000000000e+03,3.912607644451782107e-05,1.315474510192871094e-02,7.235080540220517609e-01
2.767000000000000000e+03,3.912209285772405565e-05,1.524090766906738281e-02,7.053532413070119356e-01
2.768000000000000000e+03,3.911969906766898930e-05,1.519918441772460938e-02,6.918066203770144584e-01
2.769000000000000000e+03,3.911716339644044638e-05,1.497268676757812500e-02,6.882078420306003697e-01
2.770000000000000000e+03,3.911375824827700853e-05,1.424551010131835938e-02,6.804324327171084041e-01
2.771000000000000000e+03,3.911250314558856189e-05,1.071095466613769531e-02,6.905119379231215992e-01
2.772000000000000000e+03,3.910852683475241065e-05,1.356601715087890625e-02,6.867668677740077499e-01
2.773000000000000000e+03,3.910419036401435733e-05,1.373291015625000000e-02,6.687217739109928560e-01
2.774000000000000000e+03,3.910015584551729262e-05,1.483559608459472656e-02,6.745295584781731968e-01
2.775000000000000000e+03,3.909556471626274288e-05,1.438260078430175781e-02,6.831242018867839105e-01
2.776000000000000000e+03,3.909323640982620418e-05,1.283288002014160156e-02,6.884492235050549969e-01
2.777000000000000000e+03,3.909088627551682293e-05,8.559226989746093750e-03,6.988725144474127182e-01
2.778000000000000000e+03,3.908612779923714697e-05,9.298324584960937500e-03,7.077012247403430267e-01
2.779000000000000000e+03,3.908242069883272052e-05,1.003146171569824219e-02,7.164494745417885335e-01
2.780000000000000000e+03,3.907723294105380774e-05,1.295804977416992188e-02,7.233617622193520003e-01
2.781000000000000000e+03,3.907409336534328759e-05,1.396536827087402344e-02,7.325342582486267240e-01
2.782000000000000000e+03,3.907105565303936601e-05,1.599192619323730469e-02,7.279772685945292698e-01
2.783000000000000000e+03,3.906774509232491255e-05,1.757144927978515625e-02,7.270556302375208446e-01
2.784000000000000000e+03,3.906369602191261947e-05,1.939535140991210938e-02,7.179782238800008765e-01
2.785000000000000000e+03,3.905935591319575906e-05,2.187490463256835938e-02,7.142843558618321431e-01
2.786000000000000000e+03,3.905468838638626039e-05,2.334117889404296875e-02,7.114536094795917975e-01
2.787000000000000000e+03,3.905140692950226367e-05,2.506971359252929688e-02,7.106343753844731603e-01
2.788000000000000000e+03,3.904880213667638600e-05,2.405643463134765625e-02,7.136626157003581605e-01
2.789000000000000000e+03,3.904725235770456493e-05,2.350211143493652344e-02,7.131798527514489061e-01
2.790000000000000000e+03,3.904558980138972402e-05,2.358555793762207031e-02,7.184097846979651258e-01
2.791000000000000000e+03,3.904255936504341662e-05,2.223253250122070312e-02,7.188925476468743803e-01
2.792000000000000000e+03,3.903998003806918859e-05,2.210140228271484375e-02,7.204359261653567881e-01
2.793000000000000000e+03,3.903698598151095212e-05,2.208352088928222656e-02,7.232666725475971337e-01
2.794000000000000000e+03,3.903149627149105072e-05,2.099275588989257812e-02,7.336826488998198226e-01
2.795000000000000000e+03,3.902534444932825863e-05,2.013444900512695312e-02,7.466587317992882111e-01
2.796000000000000000e+03,3.903105243807658553e-05,7.897615432739257812e-03,7.617487312477680961e-01
2.797000000000000000e+03,3.902156095136888325e-05,1.541376113891601562e-02,7.524738309566035843e-01
2.798000000000000000e+03,3.904207551386207342e-05,2.674460411071777344e-02,8.076404697546817335e-01
2.799000000000000000e+03,3.901706077158451080e-05,1.885294914245605469e-02,7.692388715459956838e-01
2.800000000000000000e+03,3.900836600223556161e-05,2.015829086303710938e-02,8.005306881434736122e-01
2.801000000000000000e+03,3.899529474438168108e-05,1.758337020874023438e-02,7.798596564219980598e-01
2.802000000000000000e+03,3.897693386534228921e-05,2.492666244506835938e-02,7.541049845567058263e-01
2.803000000000000000e+03,3.896529960911720991e-05,3.438591957092285156e-02,7.388321203548512406e-01
2.804000000000000000e+03,3.896385533153079450e-05,4.349946975708007812e-02,7.376691005233881882e-01
2.805000000000000000e+03,3.895744157489389181e-05,4.078149795532226562e-02,7.452616450835055639e-01
2.806000000000000000e+03,3.895402551279403269e-05,4.087686538696289062e-02,7.552094876670889523e-01
2.807000000000000000e+03,3.894898691214621067e-05,4.084110260009765625e-02,7.592398268314672904e-01
2.808000000000000000e+03,3.894151450367644429e-05,3.970861434936523438e-02,7.705847561308334370e-01
2.809000000000000000e+03,3.895675763487815857e-05,1.383423805236816406e-02,7.432501327963838555e-01
2.810000000000000000e+03,3.893858593073673546e-05,3.225803375244140625e-02,7.627069425554515725e-01
2.811000000000000000e+03,3.892943641403689981e-05,3.638267517089843750e-02,7.858210473820131936e-01
2.812000000000000000e+03,3.892894892487674952e-05,3.235936164855957031e-02,7.728449644825446940e-01
2.813000000000000000e+03,3.892533641192130744e-05,3.426671028137207031e-02,7.789892201959345286e-01
2.814000000000000000e+03,3.891460437444038689e-05,3.277659416198730469e-02,7.801961275682074426e-01
2.815000000000000000e+03,3.890911830239929259e-05,3.270506858825683594e-02,7.833633450966572820e-01
2.816000000000000000e+03,3.890340303769335151e-05,3.687739372253417969e-02,7.787478387214799014e-01
2.817000000000000000e+03,3.889850268024019897e-05,4.032850265502929688e-02,7.690925797432959232e-01
2.818000000000000000e+03,3.889468644047155976e-05,4.352331161499023438e-02,7.562189011057173227e-01
2.819000000000000000e+03,3.888915671268478036e-05,4.497766494750976562e-02,7.504988916201568161e-01
2.820000000000000000e+03,3.888149876729585230e-05,4.522204399108886719e-02,7.311883736637889708e-01
2.821000000000000000e+03,3.887618731823749840e-05,4.141926765441894531e-02,7.340264346361642378e-01
2.822000000000000000e+03,3.886994818458333611e-05,4.090666770935058594e-02,7.303252520278603610e-01
2.823000000000000000e+03,3.886620470439083874e-05,4.163384437561035156e-02,7.290305695739675018e-01
2.824000000000000000e+03,3.886372724082320929e-05,4.174709320068359375e-02,7.272970117119753608e-01
2.825000000000000000e+03,3.886138074449263513e-05,4.478693008422851562e-02,7.264338900760468620e-01
2.826000000000000000e+03,3.885864498442970216e-05,4.610419273376464844e-02,7.248978261476993756e-01
2.827000000000000000e+03,3.885350452037528157e-05,4.849433898925781250e-02,7.217232940291146148e-01
2.828000000000000000e+03,3.884921534336172044e-05,4.923343658447265625e-02,7.218256982910045139e-01
2.829000000000000000e+03,3.883818135363981128e-05,4.779696464538574219e-02,7.258121499145728794e-01
2.830000000000000000e+03,3.889491199515759945e-05,5.933046340942382812e-02,7.569357309389461719e-01
2.831000000000000000e+03,3.883521640091203153e-05,5.000829696655273438e-02,7.317735408745880132e-01
2.832000000000000000e+03,3.882643068209290504e-05,4.979968070983886719e-02,7.319637202180976354e-01
2.833000000000000000e+03,3.881384327542036772e-05,4.985928535461425781e-02,7.355186110237017516e-01
2.834000000000000000e+03,3.880535587086342275e-05,5.277395248413085938e-02,7.297473994071963510e-01
2.835000000000000000e+03,3.879608993884176016e-05,5.558729171752929688e-02,7.294182428511218896e-01
2.836000000000000000e+03,3.878690040437504649e-05,5.860924720764160156e-02,7.248027364759445090e-01
2.837000000000000000e+03,3.877881681546568871e-05,6.127953529357910156e-02,7.035757959042098220e-01
2.838000000000000000e+03,3.877138442476280034e-05,6.079077720642089844e-02,6.816832276301912907e-01
2.839000000000000000e+03,3.876213668263517320e-05,5.462765693664550781e-02,6.497623562811043474e-01
2.840000000000000000e+03,3.875537368003278971e-05,4.558563232421875000e-02,6.249951540840356090e-01
2.841000000000000000e+03,3.875057882396504283e-05,4.161000251770019531e-02,5.996647284465727035e-01
2.842000000000000000e+03,3.874714093399234116e-05,3.787279129028320312e-02,6.122823964294267229e-01
2.843000000000000000e+03,3.874316462315618992e-05,3.454089164733886719e-02,6.305176696359513500e-01
2.844000000000000000e+03,3.874047251883894205e-05,3.423094749450683594e-02,6.355062201080130535e-01
2.845000000000000000e+03,3.873684181598946452e-05,3.582835197448730469e-02,6.368009025619059127e-01
2.846000000000000000e+03,3.875579568557441235e-05,4.094243049621582031e-02,6.638209985205509867e-01
2.847000000000000000e+03,3.873539390042424202e-05,3.688931465148925781e-02,6.424185077855766313e-01
2.848000000000000000e+03,3.873225796269252896e-05,3.960132598876953125e-02,6.422210138519319766e-01
2.849000000000000000e+03,3.872809247695840895e-05,4.360675811767578125e-02,6.424185077855766313e-01
2.850000000000000000e+03,3.872339584631845355e-05,4.305243492126464844e-02,6.420820366393671375e-01
2.851000000000000000e+03,3.871774242725223303e-05,4.462599754333496094e-02,6.383808540310633717e-01
2.852000000000000000e+03,3.871184162562713027e-05,4.092454910278320312e-02,6.402533891056202409e-01
2.853000000000000000e+03,3.870722866849973798e-05,4.193782806396484375e-02,6.176513055885077819e-01
2.854000000000000000e+03,3.870304135489277542e-05,4.169344902038574219e-02,6.186168314863261797e-01
2.855000000000000000e+03,3.869808278977870941e-05,4.061460494995117188e-02,6.241393470382420317e-01
2.856000000000000000e+03,3.871354419970884919e-05,4.731416702270507812e-02,6.065331285833263086e-01
2.857000000000000000e+03,3.869630745612084866e-05,4.226565361022949219e-02,6.198164242684641723e-01
2.858000000000000000e+03,3.869186184601858258e-05,4.246234893798828125e-02,6.150180531399122019e-01
2.859000000000000000e+03,3.868691783281974494e-05,4.367828369140625000e-02,6.222594973735501300e-01
2.860000000000000000e+03,3.868140993290580809e-05,4.498958587646484375e-02,6.387758418983525699e-01
2.861000000000000000e+03,3.867362102027982473e-05,4.684329032897949219e-02,6.614730150872198955e-01
2.862000000000000000e+03,3.866633778670802712e-05,4.972219467163085938e-02,6.898828831715126952e-01
2.863000000000000000e+03,3.866168117383494973e-05,5.005598068237304688e-02,6.974242256006851770e-01
2.864000000000000000e+03,3.865857433993369341e-05,5.143880844116210938e-02,7.017544629605978468e-01
2.865000000000000000e+03,3.865540202241390944e-05,5.439519882202148438e-02,6.904680503823116267e-01
2.866000000000000000e+03,3.865249891532585025e-05,5.500912666320800781e-02,6.817271151710012633e-01
2.867000000000000000e+03,3.864706377498805523e-05,5.855560302734375000e-02,6.742369748727736756e-01
2.868000000000000000e+03,3.866248880513012409e-05,6.154179573059082031e-02,6.703017253801502040e-01
2.869000000000000000e+03,3.864534301101230085e-05,5.929470062255859375e-02,6.732787635650903102e-01
2.870000000000000000e+03,3.864185055135749280e-05,5.858540534973144531e-02,6.882590441615453747e-01
2.871000000000000000e+03,3.863821984850801528e-05,6.192326545715332031e-02,6.820635863172106461e-01
2.872000000000000000e+03,3.863554593408480287e-05,5.952715873718261719e-02,7.005914431291347944e-01
2.873000000000000000e+03,3.863281744997948408e-05,5.896091461181640625e-02,7.026175845965264566e-01
2.874000000000000000e+03,3.862968878820538521e-05,5.804896354675292969e-02,7.064504298272601401e-01
2.875000000000000000e+03,3.862813900923356414e-05,6.133913993835449219e-02,7.017544629605978468e-01
2.876000000000000000e+03,3.862660742015577853e-05,6.276965141296386719e-02,6.971901587163655822e-01
2.877000000000000000e+03,3.862553785438649356e-05,6.381869316101074219e-02,6.954639154445083626e-01
2.878000000000000000e+03,3.862303492496721447e-05,6.495714187622070312e-02,6.979069885495943204e-01
2.879000000000000000e+03,3.862042649416252971e-05,6.555318832397460938e-02,7.029467411526009180e-01
2.880000000000000000e+03,3.861896038870327175e-05,6.628632545471191406e-02,7.040585588531190764e-01
2.881000000000000000e+03,3.861699224216863513e-05,6.591677665710449219e-02,7.089520196534259133e-01
2.882000000000000000e+03,3.861595178022980690e-05,6.548166275024414062e-02,7.152425671695155085e-01
2.883000000000000000e+03,3.861448567477054894e-05,6.495714187622070312e-02,7.235519415628616224e-01
2.884000000000000000e+03,3.861326695187017322e-05,6.414055824279785156e-02,7.331633130002356280e-01
2.885000000000000000e+03,3.861204095301218331e-05,6.417632102966308594e-02,7.423796965703204354e-01
2.886000000000000000e+03,3.860998185700736940e-05,6.440281867980957031e-02,7.506890709636665493e-01
2.887000000000000000e+03,3.860803190036676824e-05,6.563663482666015625e-02,7.606369135472499377e-01
2.888000000000000000e+03,3.860542346956208348e-05,6.600618362426757812e-02,7.614561476423685749e-01
2.889000000000000000e+03,3.861062214127741754e-05,7.017850875854492188e-02,7.966832137324699747e-01
2.890000000000000000e+03,3.860395372612401843e-05,6.733536720275878906e-02,7.726986726798449334e-01
2.891000000000000000e+03,3.860019933199509978e-05,6.756186485290527344e-02,7.691437818742408172e-01
2.892000000000000000e+03,3.859512071358039975e-05,6.707906723022460938e-02,7.592398268314672904e-01
2.893000000000000000e+03,3.858940181089565158e-05,6.564259529113769531e-02,7.506890709636665493e-01
2.894000000000000000e+03,3.858544732793234289e-05,6.334781646728515625e-02,7.286428962968131140e-01
2.895000000000000000e+03,3.858123091049492359e-05,6.120204925537109375e-02,7.353211170900570970e-01
2.896000000000000000e+03,3.857849515043199062e-05,6.079673767089843750e-02,7.431477285344940675e-01
2.897000000000000000e+03,3.857645788230001926e-05,5.779266357421875000e-02,7.324830561176818300e-01
2.898000000000000000e+03,3.857327828882262111e-05,5.723834037780761719e-02,7.462271709813239617e-01
2.899000000000000000e+03,3.857104820781387389e-05,5.757808685302734375e-02,7.471853822890073271e-01
2.900000000000000000e+03,3.856785406242124736e-05,5.607604980468750000e-02,7.408948347729178430e-01
2.901000000000000000e+03,3.856328112306073308e-05,5.119442939758300781e-02,7.335436716872550944e-01
2.902000000000000000e+03,3.856016701320186257e-05,4.952549934387207031e-02,7.309469921893343436e-01
2.903000000000000000e+03,3.855717659462243319e-05,4.733800888061523438e-02,7.382542677341872306e-01
2.904000000000000000e+03,3.855518298223614693e-05,4.705786705017089844e-02,7.435354018116483443e-01
2.905000000000000000e+03,3.855153045151382685e-05,4.503726959228515625e-02,7.377715047852779762e-01
2.906000000000000000e+03,3.854903479805216193e-05,4.441142082214355469e-02,7.320514952997175806e-01
2.907000000000000000e+03,3.854600436170585454e-05,4.218816757202148438e-02,7.120753496410657801e-01
2.908000000000000000e+03,3.854277019854635000e-05,4.156231880187988281e-02,6.964148121620568066e-01
2.909000000000000000e+03,3.853868838632479310e-05,4.112124443054199219e-02,6.747709399526278240e-01
2.910000000000000000e+03,3.853557063848711550e-05,3.976821899414062500e-02,6.585398644430897619e-01
2.911000000000000000e+03,3.853254384011961520e-05,3.790259361267089844e-02,6.612316336127652683e-01
2.912000000000000000e+03,3.853007729048840702e-05,3.627538681030273438e-02,6.649693891717440852e-01
2.913000000000000000e+03,3.852738882414996624e-05,3.346800804138183594e-02,6.802861409144086435e-01
2.914000000000000000e+03,3.852495501632802188e-05,3.002285957336425781e-02,6.815808233683013917e-01
2.915000000000000000e+03,3.852273221127688885e-05,2.517104148864746094e-02,6.809590832068275201e-01
2.916000000000000000e+03,3.852025474770925939e-05,2.117156982421875000e-02,6.761607120782754388e-01
2.917000000000000000e+03,3.852347435895353556e-05,9.793043136596679688e-03,6.712599366878336804e-01
2.918000000000000000e+03,3.851811925414949656e-05,1.679658889770507812e-02,6.742881770037185696e-01
2.919000000000000000e+03,3.851364454021677375e-05,9.262561798095703125e-03,6.503328943116334360e-01
2.920000000000000000e+03,3.850810026051476598e-05,6.616115570068359375e-03,6.539316726580474137e-01
2.921000000000000000e+03,3.850249049719423056e-05,1.740455627441406250e-03,6.566673293685328927e-01
2.922000000000000000e+03,3.849933273158967495e-05,4.196166992187500000e-03,6.470705871114288410e-01
2.923000000000000000e+03,3.850530993076972663e-05,9.512901306152343750e-03,6.767824522397494214e-01
2.924000000000000000e+03,3.849718632409349084e-05,5.996227264404296875e-03,6.571062047766321745e-01
2.925000000000000000e+03,3.849285712931305170e-05,9.000301361083984375e-03,6.670394181799456090e-01
2.926000000000000000e+03,3.848811320494860411e-05,1.344680786132812500e-02,6.798106925556344216e-01
2.927000000000000000e+03,3.848249252769164741e-05,1.828670501708984375e-02,6.812004646812821473e-01
2.928000000000000000e+03,3.847781408694572747e-05,2.454519271850585938e-02,6.894147494028733947e-01
2.929000000000000000e+03,3.847425614367239177e-05,2.666711807250976562e-02,6.957930720005828240e-01
2.930000000000000000e+03,3.847127663902938366e-05,2.923011779785156250e-02,6.991577834626772070e-01
2.931000000000000000e+03,3.846847903332673013e-05,3.051757812500000000e-02,6.950762421673539748e-01
2.932000000000000000e+03,3.846447725663892925e-05,3.207921981811523438e-02,6.964148121620568066e-01
2.933000000000000000e+03,3.846145773422904313e-05,3.337860107421875000e-02,6.947836585619544536e-01
2.934000000000000000e+03,3.845818355330266058e-05,3.359317779541015625e-02,7.029467411526009180e-01
2.935000000000000000e+03,3.845592073048464954e-05,2.591609954833984375e-02,7.145257373362866593e-01
2.936000000000000000e+03,3.845504761557094753e-05,3.321170806884765625e-02,7.370034728211042330e-01
2.937000000000000000e+03,3.844931416097097099e-05,2.862215042114257812e-02,7.298498036690861390e-01
2.938000000000000000e+03,3.844694583676755428e-05,2.651214599609375000e-02,7.332072005410456006e-01
2.939000000000000000e+03,3.844403181574307382e-05,2.458095550537109375e-02,7.370473603619142056e-01
2.940000000000000000e+03,3.844145612674765289e-05,2.411603927612304688e-02,7.475218534352168209e-01
2.941000000000000000e+03,3.843934609903953969e-05,2.608299255371093750e-02,7.543463660311604535e-01
2.942000000000000000e+03,3.843722151941619813e-05,2.874135971069335938e-02,7.570820227416458215e-01
2.943000000000000000e+03,3.843524609692394733e-05,3.067255020141601562e-02,7.544853432437252927e-01
2.944000000000000000e+03,3.843315425910986960e-05,3.228187561035156250e-02,7.462271709813239617e-01
2.945000000000000000e+03,3.842989099211990833e-05,3.039836883544921875e-02,7.345530851258833538e-01
2.946000000000000000e+03,3.842528894892893732e-05,2.692937850952148438e-02,7.362793283977405734e-01
2.947000000000000000e+03,3.841811485472135246e-05,2.256631851196289062e-02,7.443985234475769541e-01
2.948000000000000000e+03,3.842160003841854632e-05,1.815557479858398438e-02,7.941304217753593075e-01
2.949000000000000000e+03,3.841567377094179392e-05,2.081394195556640625e-02,7.641479168120441923e-01
2.950000000000000000e+03,3.841822763206437230e-05,1.412630081176757812e-02,7.115486991513465531e-01
2.951000000000000000e+03,3.841316720354370773e-05,1.808404922485351562e-02,7.426210780447749515e-01
2.952000000000000000e+03,3.840773933916352689e-05,2.101659774780273438e-02,7.637090414039449104e-01
2.953000000000000000e+03,3.840398858301341534e-05,2.382993698120117188e-02,7.644331858273086810e-01
2.954000000000000000e+03,3.839942655758932233e-05,2.448558807373046875e-02,7.524226288256585793e-01
2.955000000000000000e+03,3.839579221676103771e-05,2.356767654418945312e-02,7.377715047852779762e-01
2.956000000000000000e+03,3.839232522295787930e-05,2.021789550781250000e-02,7.214892271447950201e-01
2.957000000000000000e+03,3.838817428913898766e-05,1.370906829833984375e-02,7.091934011278805405e-01
2.958000000000000000e+03,3.838348129647783935e-05,7.128715515136718750e-03,6.990626937909224514e-01
2.959000000000000000e+03,3.837894109892658889e-05,2.884864807128906250e-03,6.989164019882225798e-01
2.960000000000000000e+03,3.837462281808257103e-05,8.583068847656250000e-04,7.027565618090911848e-01
2.961000000000000000e+03,3.837031181319616735e-05,2.163648605346679688e-03,7.035757959042098220e-01
2.962000000000000000e+03,3.836612813756801188e-05,3.051757812500000000e-03,6.980093928114841084e-01
2.963000000000000000e+03,3.836121686617843807e-05,4.327297210693359375e-03,6.929623256183425895e-01
2.964000000000000000e+03,3.863593519781716168e-05,3.751516342163085938e-02,5.496402465133909399e-01
2.965000000000000000e+03,3.835931420326232910e-05,6.794929504394531250e-03,6.823049677916652733e-01
2.966000000000000000e+03,3.835211828118190169e-05,9.524822235107421875e-03,6.798545800964443941e-01
2.967000000000000000e+03,3.833903974737040699e-05,1.511573791503906250e-02,6.743905812656084686e-01
2.968000000000000000e+03,3.832837683148682117e-05,1.664757728576660156e-02,7.014618793551984366e-01
2.969000000000000000e+03,3.831278445431962609e-05,2.224445343017578125e-02,6.758681284728759175e-01
2.970000000000000000e+03,3.830298737739212811e-05,1.769661903381347656e-02,6.762119142092204438e-01
2.971000000000000000e+03,3.829200068139471114e-05,6.252527236938476562e-03,6.773164173196035698e-01
2.972000000000000000e+03,3.829174238489940763e-05,3.159046173095703125e-04,6.848065576178311575e-01
2.973000000000000000e+03,3.828862099908292294e-05,3.111362457275390625e-03,6.812516668122270413e-01
2.974000000000000000e+03,3.828254921245388687e-05,4.708766937255859375e-03,6.915286659518848911e-01
2.975000000000000000e+03,3.827692125923931599e-05,4.148483276367187500e-03,6.861451276125338783e-01
2.976000000000000000e+03,3.827317777904681861e-05,4.720687866210937500e-03,6.728472027471259498e-01
2.977000000000000000e+03,3.827025648206472397e-05,1.704692840576171875e-03,6.621459573796387721e-01
2.978000000000000000e+03,3.826762986136600375e-05,1.001358032226562500e-03,6.633382355716418433e-01
2.979000000000000000e+03,3.826456668321043253e-05,2.080202102661132812e-03,6.663664758875267324e-01
2.980000000000000000e+03,3.826278407359495759e-05,1.722574234008789062e-03,6.861012400717239057e-01
2.981000000000000000e+03,3.825878957286477089e-05,2.980232238769531250e-04,6.902778710388020045e-01
2.982000000000000000e+03,3.825582825811579823e-05,3.695487976074218750e-03,6.896561308773280219e-01
2.983000000000000000e+03,3.825322710326872766e-05,1.144409179687500000e-03,7.066040362200948222e-01
2.984000000000000000e+03,3.846046456601470709e-05,5.795955657958984375e-02,6.516787788964711892e-01
2.985000000000000000e+03,3.825223029707558453e-05,5.304813385009765625e-03,7.025663824655815626e-01
2.986000000000000000e+03,3.824957093456760049e-05,2.837181091308593750e-03,7.002110844421155500e-01
2.987000000000000000e+03,3.824608211289159954e-05,4.744529724121093750e-03,7.039122670504193158e-01
2.988000000000000000e+03,3.824300438282079995e-05,2.861022949218750000e-03,7.082863919511419581e-01
2.989000000000000000e+03,3.824050509138032794e-05,1.442432403564453125e-03,7.093835804713901627e-01
2.990000000000000000e+03,3.823801307589747012e-05,3.874301910400390625e-04,7.150085002851959137e-01
2.991000000000000000e+03,3.823948645731434226e-05,7.414817810058593750e-03,7.098663434202994171e-01
2.992000000000000000e+03,3.823595761787146330e-05,3.397464752197265625e-03,7.127921794742945183e-01
2.993000000000000000e+03,3.823310180450789630e-05,5.388259887695312500e-03,7.138015929129228887e-01
2.994000000000000000e+03,3.822903818218037486e-05,7.939338684082031250e-03,7.032905268889454442e-01
2.995000000000000000e+03,3.822654980467632413e-05,9.489059448242187500e-03,6.990114916599774464e-01
2.996000000000000000e+03,3.822425787802785635e-05,1.005530357360839844e-02,6.967585978984012218e-01
2.997000000000000000e+03,3.822221697191707790e-05,1.020431518554687500e-02,6.917700474263395183e-01
2.998000000000000000e+03,3.821832433459348977e-05,1.035332679748535156e-02,6.840312110635223819e-01
2.999000000000000000e+03,3.821361679001711309e-05,1.320242881774902344e-02,6.767824522397494214e-01
3.000000000000000000e+03,3.820968777290545404e-05,1.678466796875000000e-02,6.715525202932332016e-01
3.001000000000000000e+03,3.820408892352133989e-05,2.027153968811035156e-02,6.719328789802524460e-01
3.002000000000000000e+03,3.819949415628798306e-05,2.537369728088378906e-02,6.669443285081908535e-01
3.003000000000000000e+03,3.819423000095412135e-05,2.967119216918945312e-02,6.694386037442217052e-01
3.004000000000000000e+03,3.818991172011010349e-05,3.171563148498535156e-02,6.803373430453535375e-01
3.005000000000000000e+03,3.818401455646380782e-05,3.266930580139160156e-02,6.923917875878135009e-01
3.006000000000000000e+03,3.817957258434034884e-05,3.427267074584960938e-02,7.001598823111705450e-01
3.007000000000000000e+03,3.817544347839429975e-05,3.624558448791503906e-02,6.975266298625748540e-01
3.008000000000000000e+03,3.817275865003466606e-05,3.765821456909179688e-02,6.914774638209399971e-01
3.009000000000000000e+03,3.817340257228352129e-05,3.626346588134765625e-02,6.812516668122270413e-01
3.010000000000000000e+03,3.817066681222058833e-05,3.700852394104003906e-02,6.867229802331978883e-01
3.011000000000000000e+03,3.816761818598024547e-05,3.489851951599121094e-02,6.726058212726714336e-01
3.012000000000000000e+03,3.816370735876262188e-05,3.670454025268554688e-02,6.562869706815135373e-01
3.013000000000000000e+03,3.815960371866822243e-05,3.647804260253906250e-02,6.514373974220165620e-01
3.014000000000000000e+03,3.815416857833042741e-05,3.516674041748046875e-02,6.470705871114288410e-01
3.015000000000000000e+03,3.815051604760810733e-05,3.569126129150390625e-02,6.429012707344857747e-01
3.016000000000000000e+03,3.814640149357728660e-05,3.725290298461914062e-02,6.551824675711303003e-01
3.017000000000000000e+03,3.814169031102210283e-05,4.175901412963867188e-02,6.473631707168283622e-01
3.018000000000000000e+03,3.813782677752897143e-05,4.646778106689453125e-02,6.404508830392648955e-01
3.019000000000000000e+03,3.813447619904763997e-05,5.159378051757812500e-02,6.304152653740615619e-01
3.020000000000000000e+03,3.813196235569193959e-05,5.335807800292968750e-02,6.262898365379284682e-01
3.021000000000000000e+03,3.812857175944373012e-05,5.455613136291503906e-02,6.187119211580809353e-01
3.022000000000000000e+03,3.812589784502051771e-05,5.702376365661621094e-02,5.945372007619462718e-01
3.023000000000000000e+03,3.812318755080923438e-05,5.791783332824707031e-02,5.985163377953796049e-01
3.024000000000000000e+03,3.812142676906660199e-05,5.759000778198242188e-02,5.908433327437773164e-01
3.025000000000000000e+03,3.811975693679414690e-05,5.771517753601074219e-02,5.868129935793990892e-01
3.026000000000000000e+03,3.811861461144872010e-05,5.819797515869140625e-02,5.878662945588373212e-01
3.027000000000000000e+03,3.811718124779872596e-05,5.916953086853027344e-02,5.905507491383777952e-01
3.028000000000000000e+03,3.811609713011421263e-05,6.073713302612304688e-02,5.954880974794946047e-01
3.029000000000000000e+03,3.811483111348934472e-05,6.177425384521484375e-02,5.995257512340079753e-01
3.030000000000000000e+03,3.811344868154264987e-05,6.369948387145996094e-02,6.026856541723226712e-01
3.031000000000000000e+03,3.811249189311638474e-05,6.585121154785156250e-02,6.032123046620417872e-01
3.032000000000000000e+03,3.811126225627958775e-05,6.806254386901855469e-02,6.036950676109509306e-01
3.033000000000000000e+03,3.811023634625598788e-05,7.038712501525878906e-02,6.004327604107464467e-01
3.034000000000000000e+03,3.810911221080459654e-05,7.176995277404785156e-02,5.977483058312058617e-01
3.035000000000000000e+03,3.810897032963111997e-05,7.557868957519531250e-02,5.963512191154232145e-01
3.036000000000000000e+03,3.810855196206830442e-05,7.381439208984375000e-02,5.969802738670321185e-01
3.037000000000000000e+03,3.810884663835167885e-05,6.820559501647949219e-02,6.092175831628667826e-01
3.038000000000000000e+03,3.810818452620878816e-05,7.126927375793457031e-02,6.025466769597579431e-01
3.039000000000000000e+03,3.810640191659331322e-05,7.131695747375488281e-02,5.945810883027561333e-01
3.040000000000000000e+03,3.810449925367720425e-05,7.066130638122558594e-02,5.929499347026538913e-01
3.041000000000000000e+03,3.810181078733876348e-05,6.967186927795410156e-02,5.952101430543650373e-01
3.042000000000000000e+03,3.810070120380260050e-05,7.137060165405273438e-02,5.939593481412821507e-01
3.043000000000000000e+03,3.809686677413992584e-05,6.850957870483398438e-02,5.918527461824056868e-01
3.044000000000000000e+03,3.809516420005820692e-05,6.645321846008300781e-02,5.901191883204135458e-01
3.045000000000000000e+03,3.809209010796621442e-05,6.418824195861816406e-02,5.893950438970497752e-01
3.046000000000000000e+03,3.808954352280125022e-05,6.262063980102539062e-02,5.901703904513585508e-01
3.047000000000000000e+03,3.808695328189060092e-05,6.112456321716308594e-02,5.901191883204135458e-01
3.048000000000000000e+03,3.808496330748312175e-05,6.132721900939941406e-02,5.907921306128325334e-01
3.049000000000000000e+03,3.808387918979860842e-05,6.051063537597656250e-02,5.885392368512561978e-01
3.050000000000000000e+03,3.808252586168237031e-05,6.057620048522949219e-02,5.954515245288197756e-01
3.051000000000000000e+03,3.808285691775381565e-05,5.533695220947265625e-02,5.961610397719135923e-01
3.052000000000000000e+03,3.808173642028123140e-05,5.819797515869140625e-02,5.957806810848941259e-01
3.053000000000000000e+03,3.807971006608568132e-05,5.604028701782226562e-02,5.979457997648506273e-01
3.054000000000000000e+03,3.807844768743962049e-05,5.469322204589843750e-02,5.988966964823989603e-01
3.055000000000000000e+03,3.807630127994343638e-05,5.223155021667480469e-02,6.020127118799037946e-01
3.056000000000000000e+03,3.807423127000220120e-05,5.063414573669433594e-02,6.093053582444867278e-01
3.057000000000000000e+03,3.807237226283177733e-05,5.038380622863769531e-02,6.177025077194526759e-01
3.058000000000000000e+03,3.807018947554752231e-05,5.189776420593261719e-02,6.186680336172710737e-01
3.059000000000000000e+03,3.806810127571225166e-05,5.465149879455566406e-02,6.166492067400144439e-01
3.060000000000000000e+03,3.806648601312190294e-05,5.671977996826171875e-02,6.114704769244430071e-01
3.061000000000000000e+03,3.806473978329449892e-05,5.891323089599609375e-02,6.019249367982839605e-01
3.062000000000000000e+03,3.806335371336899698e-05,5.897879600524902344e-02,5.919405212640255209e-01
3.063000000000000000e+03,3.806051972787827253e-05,5.733966827392578125e-02,5.984651356644345999e-01
3.064000000000000000e+03,3.805864980677142739e-05,5.456209182739257812e-02,5.943909089592464001e-01
3.065000000000000000e+03,3.805704545811749995e-05,5.041956901550292969e-02,5.910773996280969111e-01
3.066000000000000000e+03,3.805533924605697393e-05,4.717111587524414062e-02,5.935789894542627954e-01
3.067000000000000000e+03,3.805352389463223517e-05,4.385113716125488281e-02,5.962122419028584863e-01
3.068000000000000000e+03,3.805126470979303122e-05,4.380941390991210938e-02,6.020639140108486886e-01
3.069000000000000000e+03,3.804886728175915778e-05,4.394054412841796875e-02,6.060942531752270268e-01
3.070000000000000000e+03,3.804631705861538649e-05,4.490017890930175781e-02,6.139135500295289649e-01
3.071000000000000000e+03,3.804216612479649484e-05,4.352927207946777344e-02,6.274894293200663498e-01
3.072000000000000000e+03,3.803935760515742004e-05,3.915429115295410156e-02,6.338750665079108115e-01
3.073000000000000000e+03,3.803591243922710419e-05,3.308653831481933594e-02,6.458783089194258809e-01
3.074000000000000000e+03,3.803635263466276228e-05,1.856088638305664062e-02,6.349795696182939375e-01
3.075000000000000000e+03,3.803407889790832996e-05,2.614855766296386719e-02,6.406410623827745177e-01
3.076000000000000000e+03,3.803043000516481698e-05,2.184510231018066406e-02,6.530246634813089424e-01
3.077000000000000000e+03,3.802551509579643607e-05,1.919865608215332031e-02,6.549410860966757841e-01
3.078000000000000000e+03,3.801911589107476175e-05,2.164244651794433594e-02,6.551312654401855173e-01
3.079000000000000000e+03,3.801506318268366158e-05,2.214908599853515625e-02,6.575377655945964239e-01
3.080000000000000000e+03,3.801172715611755848e-05,2.241134643554687500e-02,6.595492778817181323e-01
3.081000000000000000e+03,3.801218190346844494e-05,2.753734588623046875e-02,6.728984048780708438e-01
3.082000000000000000e+03,3.801041748374700546e-05,2.486705780029296875e-02,6.659349150695624830e-01
3.083000000000000000e+03,3.800651029450818896e-05,2.464652061462402344e-02,6.703529275110950980e-01
3.084000000000000000e+03,3.800230479100719094e-05,2.313256263732910156e-02,6.752975904423469400e-01
3.085000000000000000e+03,3.799661499215289950e-05,1.890063285827636719e-02,6.899852874334024833e-01
3.086000000000000000e+03,3.799482510657981038e-05,2.110004425048828125e-02,6.828828204123292833e-01
3.087000000000000000e+03,3.799172554863616824e-05,1.866817474365234375e-02,6.894586369436833673e-01
3.088000000000000000e+03,3.798854959313757718e-05,1.868605613708496094e-02,6.909947008720307426e-01
3.089000000000000000e+03,3.798756006290204823e-05,1.919865608215332031e-02,6.826414389378747671e-01
3.090000000000000000e+03,3.798504258156754076e-05,2.048611640930175781e-02,6.818734069737009129e-01
3.091000000000000000e+03,3.798260513576678932e-05,2.096295356750488281e-02,6.813028689431719354e-01
3.092000000000000000e+03,3.798051693593151867e-05,2.239346504211425781e-02,6.768336543706944264e-01
3.093000000000000000e+03,3.797659155679866672e-05,2.571344375610351562e-02,6.659349150695624830e-01
3.094000000000000000e+03,3.798398756771348417e-05,2.473592758178710938e-02,6.511960159475620458e-01
3.095000000000000000e+03,3.797488170675933361e-05,2.542138099670410156e-02,6.615169026280297571e-01
3.096000000000000000e+03,3.797191311605274677e-05,2.551674842834472656e-02,6.561479934689486981e-01
3.097000000000000000e+03,3.796964665525592864e-05,2.431869506835937500e-02,6.526881923350995596e-01
3.098000000000000000e+03,3.796828241320326924e-05,2.245903015136718750e-02,6.530246634813089424e-01
3.099000000000000000e+03,3.796811506617814302e-05,1.889467239379882812e-02,6.463976448190099644e-01
3.100000000000000000e+03,3.796567034441977739e-05,1.847147941589355469e-02,6.560967913380038041e-01
3.101000000000000000e+03,3.796438977587968111e-05,2.000927925109863281e-02,6.618094862334292783e-01
3.102000000000000000e+03,3.796211240114644170e-05,2.055764198303222656e-02,6.789475709197058118e-01
3.103000000000000000e+03,3.796067903749644756e-05,2.110004425048828125e-02,6.799057822273892882e-01
3.104000000000000000e+03,3.795780867221765220e-05,2.312660217285156250e-02,6.764898686343499001e-01
3.105000000000000000e+03,3.795644443016499281e-05,2.123713493347167969e-02,6.774553945321682979e-01
3.106000000000000000e+03,3.795517841354012489e-05,2.019405364990234375e-02,6.740979976602089474e-01
3.107000000000000000e+03,3.795303928200155497e-05,1.658201217651367188e-02,6.746173335597930310e-01
3.108000000000000000e+03,3.795211887336336076e-05,1.413822174072265625e-02,6.683341006338385792e-01
3.109000000000000000e+03,3.794899384956806898e-05,1.317262649536132812e-02,6.717939017676877178e-01
3.110000000000000000e+03,3.794649819610640407e-05,1.369714736938476562e-02,6.800959615708989103e-01
3.111000000000000000e+03,3.794360236497595906e-05,1.342892646789550781e-02,6.792328399349704116e-01
3.112000000000000000e+03,3.793975338339805603e-05,9.572505950927734375e-03,6.741857727418287816e-01
3.113000000000000000e+03,3.793874566326849163e-05,1.233220100402832031e-02,6.581083036251255125e-01
3.114000000000000000e+03,3.793583891820162535e-05,8.749961853027343750e-03,6.607561852539910463e-01
3.115000000000000000e+03,3.793408541241660714e-05,7.116794586181640625e-03,6.593078964072635051e-01
3.116000000000000000e+03,3.793299765675328672e-05,6.467103958129882812e-03,6.536537182329178464e-01
3.117000000000000000e+03,3.793141877395100892e-05,6.693601608276367188e-03,6.469754974396739744e-01
3.118000000000000000e+03,3.792966163018718362e-05,7.861852645874023438e-03,6.371812612489252681e-01
3.119000000000000000e+03,3.792795178014785051e-05,9.602308273315429688e-03,6.330631470029270957e-01
3.120000000000000000e+03,3.792618008446879685e-05,9.989738464355468750e-03,6.307078489794610832e-01
3.121000000000000000e+03,3.792433926719240844e-05,1.009106636047363281e-02,6.312783870099901717e-01
3.122000000000000000e+03,3.792254938161931932e-05,6.496906280517578125e-03,6.360767581385421421e-01
3.123000000000000000e+03,3.792049392359331250e-05,1.996755599975585938e-03,6.392951777979367645e-01
3.124000000000000000e+03,3.791814742726273835e-05,7.951259613037109375e-03,6.304152653740615619e-01
3.125000000000000000e+03,3.791527706198394299e-05,7.712841033935546875e-03,6.254779170329447524e-01
3.126000000000000000e+03,3.791203198488801718e-05,4.947185516357421875e-03,6.071548687448002912e-01
3.127000000000000000e+03,3.792047209572046995e-05,8.922815322875976562e-03,5.858108947309057513e-01
3.128000000000000000e+03,3.791118433582596481e-05,1.716613769531250000e-03,6.021590036826035552e-01
3.129000000000000000e+03,3.790765549638308585e-05,2.056360244750976562e-03,5.830240358894753783e-01
3.130000000000000000e+03,3.790533810388296843e-05,2.098083496093750000e-03,5.882027657050468150e-01
3.131000000000000000e+03,3.790249684243462980e-05,2.449750900268554688e-03,6.082520572650484958e-01
3.132000000000000000e+03,3.790034315898083150e-05,1.513957977294921875e-03,6.136721685550744487e-01
3.133000000000000000e+03,3.789853508351370692e-05,3.588199615478515625e-03,6.145864923219479525e-01
3.134000000000000000e+03,3.789531183429062366e-05,9.059906005859375000e-03,6.207307480353376761e-01
3.135000000000000000e+03,3.789275797316804528e-05,1.082420349121093750e-02,6.142939087165484313e-01
3.136000000000000000e+03,3.788995309150777757e-05,1.240968704223632812e-02,6.099783005369054933e-01
3.137000000000000000e+03,3.788543472182936966e-05,1.684427261352539062e-02,6.003376707389915801e-01
3.138000000000000000e+03,3.788042158703319728e-05,1.364946365356445312e-02,5.740051462530353366e-01
3.139000000000000000e+03,3.787458990700542927e-05,1.085996627807617188e-02,5.511763104417383152e-01
3.140000000000000000e+03,3.786797242355532944e-05,6.437301635742187500e-03,5.288887543004303637e-01
3.141000000000000000e+03,3.786203888012096286e-05,3.433227539062500000e-03,5.170464328718851199e-01
3.142000000000000000e+03,3.785880471696145833e-05,3.564357757568359375e-03,5.011298847381515653e-01
3.143000000000000000e+03,3.784992077271454036e-05,2.920627593994140625e-03,5.014736704744959805e-01
3.144000000000000000e+03,3.784629006986506283e-05,3.349781036376953125e-03,5.060745476694032963e-01
3.145000000000000000e+03,3.784294312936253846e-05,3.170967102050781250e-03,5.122992638742779326e-01
3.146000000000000000e+03,3.784041109611280262e-05,4.529953002929687500e-03,5.107266269952556170e-01
3.147000000000000000e+03,3.783773354371078312e-05,2.634525299072265625e-03,5.049188424280752763e-01
3.148000000000000000e+03,3.783516513067297637e-05,1.668930053710937500e-03,4.974945334410626474e-01
3.149000000000000000e+03,3.783217835007235408e-05,6.055831909179687500e-03,4.604607635876192262e-01
3.150000000000000000e+03,3.783521970035508275e-05,2.920627593994140625e-03,4.683093188024611830e-01
3.151000000000000000e+03,3.782817657338455319e-05,4.696846008300781250e-03,4.638620480003884938e-01
3.152000000000000000e+03,3.782494604820385575e-05,5.877017974853515625e-03,4.790471371206232454e-01
3.153000000000000000e+03,3.782247949857264757e-05,9.310245513916015625e-03,4.942834283718029464e-01
3.154000000000000000e+03,3.782122439588420093e-05,1.196861267089843750e-02,4.914599965796976888e-01
3.155000000000000000e+03,3.781959094339981675e-05,1.517534255981445312e-02,4.828287802204119794e-01
3.156000000000000000e+03,3.781828854698687792e-05,1.752376556396484375e-02,4.698453827308085584e-01
3.157000000000000000e+03,3.781742270803079009e-05,1.574754714965820312e-02,4.672121302822129785e-01
3.158000000000000000e+03,3.781575651373714209e-05,1.168251037597656250e-02,4.575349275336241250e-01
3.159000000000000000e+03,3.781506893574260175e-05,1.049041748046875000e-02,4.523635123081877207e-01
3.160000000000000000e+03,3.781410487135872245e-05,8.797645568847656250e-03,4.427887138214885998e-01
3.161000000000000000e+03,3.781302802963182330e-05,6.294250488281250000e-03,4.314803574727974489e-01
3.162000000000000000e+03,3.781102714128792286e-05,6.556510925292968750e-03,4.126160295146637513e-01
3.163000000000000000e+03,3.780949555221013725e-05,8.368492126464843750e-03,4.167268291705269467e-01
3.164000000000000000e+03,3.780751649173907936e-05,1.221895217895507812e-02,4.253507309396775682e-01
3.165000000000000000e+03,3.780630140681751072e-05,1.312494277954101562e-02,4.263528297881709617e-01
3.166000000000000000e+03,3.780853876378387213e-05,1.662969589233398438e-02,4.216641775116437563e-01
3.167000000000000000e+03,3.780572660616599023e-05,1.426935195922851562e-02,4.248240804499584522e-01
3.168000000000000000e+03,3.781410123337991536e-05,1.760721206665039062e-02,4.703281456797178128e-01
3.169000000000000000e+03,3.780473343795165420e-05,1.500844955444335938e-02,4.348743272954317396e-01
3.170000000000000000e+03,3.780365295824594796e-05,1.368522644042968750e-02,4.287520153524469468e-01
3.171000000000000000e+03,3.780194310820661485e-05,1.182556152343750000e-02,4.275085350294989817e-01
3.172000000000000000e+03,3.780053157242946327e-05,1.056194305419921875e-02,4.217080650524536733e-01
3.173000000000000000e+03,3.779837061301805079e-05,8.773803710937500000e-03,4.197477548962769145e-01
3.174000000000000000e+03,3.779648977797478437e-05,6.842613220214843750e-03,4.129012985299282956e-01
3.175000000000000000e+03,3.779409962589852512e-05,5.483627319335937500e-03,4.160173139274331300e-01
3.176000000000000000e+03,3.779239705181680620e-05,3.659725189208984375e-03,4.197477548962769145e-01
3.177000000000000000e+03,3.779130565817467868e-05,1.835823059082031250e-03,4.219494465269082450e-01
3.178000000000000000e+03,3.778932295972481370e-05,3.278255462646484375e-04,4.261626504446612285e-01
3.179000000000000000e+03,3.778738027904182673e-05,2.926588058471679688e-03,4.284082296161025316e-01
3.180000000000000000e+03,3.778513200813904405e-05,3.492832183837890625e-03,4.336820491034287794e-01
3.181000000000000000e+03,3.779199323616921902e-05,1.509189605712890625e-02,4.190236104729131439e-01
3.182000000000000000e+03,3.778457539738155901e-05,6.067752838134765625e-03,4.304270564933592169e-01
3.183000000000000000e+03,3.778296377277001739e-05,6.574392318725585938e-03,4.324897709114257083e-01
3.184000000000000000e+03,3.778190512093715370e-05,5.370378494262695312e-03,4.336820491034287794e-01
3.185000000000000000e+03,3.778082827921025455e-05,4.583597183227539062e-03,4.334918697599190462e-01
3.186000000000000000e+03,3.778019890887662768e-05,4.392862319946289062e-03,4.342525871339577570e-01
3.187000000000000000e+03,3.777885285671800375e-05,5.477666854858398438e-03,4.368931541726884249e-01
3.188000000000000000e+03,3.777736856136471033e-05,6.568431854248046875e-03,4.374198046624075409e-01
3.189000000000000000e+03,3.777588426601141691e-05,9.840726852416992188e-03,4.327750399266902526e-01
3.190000000000000000e+03,3.777437086682766676e-05,1.157522201538085938e-02,4.267331884751902615e-01
3.191000000000000000e+03,3.777257370529696345e-05,1.618266105651855469e-02,4.188846332603483602e-01
3.192000000000000000e+03,3.777541860472410917e-05,1.067519187927246094e-02,3.837453422518667945e-01
3.193000000000000000e+03,3.777160600293427706e-05,1.438260078430175781e-02,4.073934121582825085e-01
3.194000000000000000e+03,3.776899757212959230e-05,1.716017723083496094e-02,4.034727918459289908e-01
3.195000000000000000e+03,3.776718222070485353e-05,1.726746559143066406e-02,4.168804355633616843e-01
3.196000000000000000e+03,3.776552330236881971e-05,1.478195190429687500e-02,4.241072506167296585e-01
3.197000000000000000e+03,3.776430094148963690e-05,1.424551010131835938e-02,4.280790730600280147e-01
3.198000000000000000e+03,3.776260928134433925e-05,1.522302627563476562e-02,4.309025048521333834e-01
3.199000000000000000e+03,3.776124503929167986e-05,2.039670944213867188e-02,4.191260147348029319e-01
3.200000000000000000e+03,3.775937511818483472e-05,2.029538154602050781e-02,4.157247303220336088e-01
3.201000000000000000e+03,3.775654477067291737e-05,2.077221870422363281e-02,4.113213470607708921e-01
3.202000000000000000e+03,3.775504956138320267e-05,2.077221870422363281e-02,4.057183710173702385e-01
3.203000000000000000e+03,3.775328514166176319e-05,2.104640007019042969e-02,3.933128261484309385e-01
3.204000000000000000e+03,3.775096411118283868e-05,2.046823501586914062e-02,3.819752114391997133e-01
3.205000000000000000e+03,3.774831566261127591e-05,2.049803733825683594e-02,3.658977423224964998e-01
3.206000000000000000e+03,3.774649667320773005e-05,2.108216285705566406e-02,3.611066857840794508e-01
3.207000000000000000e+03,3.774558717850595713e-05,2.237558364868164062e-02,3.586197251381835760e-01
3.208000000000000000e+03,3.774474680540151894e-05,2.313256263732910156e-02,3.612529775867792114e-01
3.209000000000000000e+03,3.774410652113147080e-05,2.333521842956542969e-02,3.624013682379722545e-01
3.210000000000000000e+03,3.774331707973033190e-05,2.277493476867675781e-02,3.609603939813796902e-01
3.211000000000000000e+03,3.774192737182602286e-05,2.169609069824218750e-02,3.598632054611314857e-01
3.212000000000000000e+03,3.774018841795623302e-05,1.972913742065429688e-02,3.615382466020437557e-01
3.213000000000000000e+03,3.776161611313000321e-05,8.213520050048828125e-03,3.713544265631973929e-01
3.214000000000000000e+03,3.773900607484392822e-05,1.482963562011718750e-02,3.632571752837658874e-01
3.215000000000000000e+03,3.773648495553061366e-05,1.436471939086914062e-02,3.669876162526096719e-01
3.216000000000000000e+03,3.773215212277136743e-05,1.460313796997070312e-02,3.701109462402494277e-01
3.217000000000000000e+03,3.772701893467456102e-05,7.218122482299804688e-03,3.849449350340047871e-01
3.218000000000000000e+03,3.772474519792012870e-05,9.942054748535156250e-03,3.714422016448172270e-01
3.219000000000000000e+03,3.772429772652685642e-05,1.411437988281250000e-02,3.609165064405697732e-01
3.220000000000000000e+03,3.772238051169551909e-05,1.214742660522460938e-02,3.658977423224964998e-01
3.221000000000000000e+03,3.772000854951329529e-05,1.246333122253417969e-02,3.670900205144995154e-01
3.222000000000000000e+03,3.771815681830048561e-05,1.262426376342773438e-02,3.608214167688149066e-01
3.223000000000000000e+03,3.771725096157751977e-05,1.261234283447265625e-02,3.574201323560455834e-01
3.224000000000000000e+03,3.771641422645188868e-05,1.266002655029296875e-02,3.528777718822181386e-01
3.225000000000000000e+03,3.771497358684428036e-05,1.291632652282714844e-02,3.506248781206418585e-01
3.226000000000000000e+03,3.771332194446586072e-05,1.505017280578613281e-02,3.488547473079748329e-01
3.227000000000000000e+03,3.771558112930506468e-05,8.863210678100585938e-03,3.655100690453421119e-01
3.228000000000000000e+03,3.771264528040774167e-05,1.302361488342285156e-02,3.543114315486757260e-01
3.229000000000000000e+03,3.771096453419886529e-05,1.958608627319335938e-02,3.640325218380745520e-01
3.230000000000000000e+03,3.771008778130635619e-05,1.929998397827148438e-02,3.725979068861453580e-01
3.231000000000000000e+03,3.770717376028187573e-05,1.811385154724121094e-02,3.712520223013076048e-01
3.232000000000000000e+03,3.770449620787985623e-05,1.803636550903320312e-02,3.738413872090932677e-01
3.233000000000000000e+03,3.770186594920232892e-05,1.825094223022460938e-02,3.821215032418994739e-01
3.234000000000000000e+03,3.769937393371947110e-05,1.859068870544433594e-02,3.809219104597614813e-01
3.235000000000000000e+03,3.769702379941008985e-05,1.884102821350097656e-02,3.920693458254829178e-01
3.236000000000000000e+03,3.769539398490451276e-05,1.839995384216308594e-02,3.903065296029508691e-01
3.237000000000000000e+03,3.769272734643891454e-05,1.671314239501953125e-02,3.844182845442856711e-01
3.238000000000000000e+03,3.769040267798118293e-05,1.513361930847167969e-02,3.774767385061822411e-01
3.239000000000000000e+03,3.768738315557129681e-05,1.275539398193359375e-02,3.698695647657948560e-01
3.240000000000000000e+03,3.768524038605391979e-05,1.029968261718750000e-02,3.593877571023573192e-01
3.241000000000000000e+03,3.768328315345570445e-05,9.477138519287109375e-03,3.664682803530255328e-01
3.242000000000000000e+03,3.768094393308274448e-05,9.554624557495117188e-03,3.757066076935151600e-01
3.243000000000000000e+03,3.767859379877336323e-05,9.280443191528320312e-03,3.817338299647451416e-01
3.244000000000000000e+03,3.767439557122997940e-05,9.459257125854492188e-03,3.970066941665997273e-01
3.245000000000000000e+03,3.767052112380042672e-05,8.523464202880859375e-03,4.011248084125978997e-01
3.246000000000000000e+03,3.766684312722645700e-05,6.526708602905273438e-03,4.098803728041782724e-01
3.247000000000000000e+03,3.766528607229702175e-05,3.790855407714843750e-03,4.014100774278624439e-01
3.248000000000000000e+03,3.766391819226555526e-05,1.406669616699218750e-03,3.962825497432359567e-01
3.249000000000000000e+03,3.766246300074271858e-05,2.026557922363281250e-04,3.936566118847752427e-01
3.250000000000000000e+03,3.766045847442001104e-05,1.120567321777343750e-03,3.880975233821845616e-01
3.251000000000000000e+03,3.765905057662166655e-05,9.417533874511718750e-04,3.858007420797983644e-01
3.252000000000000000e+03,3.765672227018512785e-05,5.960464477539062500e-06,3.818801217674449022e-01
3.253000000000000000e+03,3.765334986383095384e-05,2.086162567138671875e-03,3.884851966593388939e-01
3.254000000000000000e+03,3.765029032365418971e-05,3.987550735473632812e-03,3.853252937210241980e-01
3.255000000000000000e+03,3.764589928323403001e-05,8.267164230346679688e-03,3.791078921062845386e-01
3.256000000000000000e+03,3.764377470361068845e-05,1.018643379211425781e-02,3.917913914003533504e-01
3.257000000000000000e+03,3.764048233279027045e-05,1.005530357360839844e-02,3.827871309441833736e-01
3.258000000000000000e+03,3.763740824069827795e-05,9.268522262573242188e-03,3.729782655731647134e-01
3.259000000000000000e+03,3.763421045732684433e-05,9.924173355102539062e-03,3.631694002021459977e-01
3.260000000000000000e+03,3.763031054404564202e-05,1.171231269836425781e-02,3.466091681365335297e-01
3.261000000000000000e+03,3.765434667002409697e-05,7.063150405883789062e-03,3.432078837237642066e-01
3.262000000000000000e+03,3.762906635529361665e-05,1.083612442016601562e-02,3.459874279750596027e-01
3.263000000000000000e+03,3.762476990232244134e-05,1.516938209533691406e-02,3.137886022008431475e-01
3.264000000000000000e+03,3.762332562473602593e-05,1.909732818603515625e-02,3.202400706999024016e-01
3.265000000000000000e+03,3.762211781577207148e-05,2.044439315795898438e-02,3.145566341650168352e-01
3.266000000000000000e+03,3.761741754715330899e-05,1.528859138488769531e-02,3.076662902578582992e-01
3.267000000000000000e+03,3.761475818464532495e-05,1.341700553894042969e-02,3.029264358503861998e-01
3.268000000000000000e+03,3.761180778383277357e-05,1.011490821838378906e-02,2.932711768722022216e-01
3.269000000000000000e+03,3.760933032026514411e-05,1.138448715209960938e-02,2.851446672322307530e-01
3.270000000000000000e+03,3.760740582947619259e-05,1.542568206787109375e-02,2.830892674042991830e-01
3.271000000000000000e+03,3.760583422263152897e-05,1.655220985412597656e-02,2.829868631424093950e-01
3.272000000000000000e+03,3.760492836590856314e-05,1.677870750427246094e-02,2.864393496861236676e-01
3.273000000000000000e+03,3.760396793950349092e-05,1.732707023620605469e-02,2.903965429491520700e-01
3.274000000000000000e+03,3.760450636036694050e-05,1.534223556518554688e-02,2.692646920491721940e-01
3.275000000000000000e+03,3.760242179851047695e-05,1.641511917114257812e-02,2.806461942992132252e-01
3.276000000000000000e+03,3.760740582947619259e-05,1.429319381713867188e-02,3.115430230294018998e-01
3.277000000000000000e+03,3.759990431717596948e-05,1.564025878906250000e-02,2.919326068774994454e-01
3.278000000000000000e+03,3.759755054488778114e-05,1.487731933593750000e-02,2.932711768722022216e-01
3.279000000000000000e+03,3.759347237064503133e-05,1.095533370971679688e-02,2.910182831106259971e-01
3.280000000000000000e+03,3.759118044399656355e-05,1.026391983032226562e-02,2.865271247677435018e-01
3.281000000000000000e+03,3.758877210202626884e-05,8.296966552734375000e-03,2.863881475551787181e-01
3.282000000000000000e+03,3.758733873837627470e-05,6.926059722900390625e-03,2.884435473831102881e-01
3.283000000000000000e+03,3.758540333365090191e-05,6.073713302612304688e-03,2.944634550642052373e-01
3.284000000000000000e+03,3.758278398890979588e-05,5.507469177246093750e-03,3.031678173248408270e-01
3.285000000000000000e+03,3.757969898288138211e-05,4.255771636962890625e-03,3.126402115496500489e-01
3.286000000000000000e+03,3.757689046324230731e-05,7.009506225585937500e-03,3.174239534979321209e-01
3.287000000000000000e+03,3.757495142053812742e-05,3.880262374877929688e-03,3.204814521743570288e-01
3.288000000000000000e+03,3.757277227123267949e-05,4.839897155761718750e-03,3.160414959624193720e-01
3.289000000000000000e+03,3.756882506422698498e-05,5.888938903808593750e-03,3.079076717323129264e-01
3.290000000000000000e+03,3.756602382054552436e-05,7.128715515136718750e-03,3.120696735191210158e-01
3.291000000000000000e+03,3.756345176952891052e-05,8.308887481689453125e-03,3.190477925078993859e-01
3.292000000000000000e+03,3.756165824597701430e-05,9.900331497192382812e-03,3.330698617966710851e-01
3.293000000000000000e+03,3.756021760636940598e-05,1.117587089538574219e-02,3.418693137290614303e-01
3.294000000000000000e+03,3.755865327548235655e-05,1.215338706970214844e-02,3.479477381312363060e-01
3.295000000000000000e+03,3.756502337637357414e-05,2.378225326538085938e-03,3.536384892562568494e-01
3.296000000000000000e+03,3.755709985853172839e-05,9.131431579589843750e-03,3.497178689439033872e-01
3.297000000000000000e+03,3.755340367206372321e-05,1.634359359741210938e-02,3.481891196056909332e-01
3.298000000000000000e+03,3.755077341338619590e-05,1.667141914367675781e-02,3.414889550420420750e-01
3.299000000000000000e+03,3.754785575438290834e-05,1.610517501831054688e-02,3.280447383739344414e-01
3.300000000000000000e+03,3.754330828087404370e-05,1.816749572753906250e-02,3.000591165174709696e-01
3.301000000000000000e+03,3.753990313271060586e-05,1.687407493591308594e-02,2.744287926844736214e-01
3.302000000000000000e+03,3.753518467419780791e-05,2.129673957824707031e-02,2.854738237883052143e-01
3.303000000000000000e+03,3.753029159270226955e-05,2.552270889282226562e-02,3.006808566789449522e-01
3.304000000000000000e+03,3.752693010028451681e-05,2.674460411071777344e-02,3.036505802737499704e-01
3.305000000000000000e+03,3.752197153517045081e-05,2.859830856323242188e-02,3.078125820605580598e-01
3.306000000000000000e+03,3.751860640477389097e-05,2.716183662414550781e-02,3.122086507316857995e-01
3.307000000000000000e+03,3.751508847926743329e-05,2.465844154357910156e-02,3.120696735191210158e-01
3.308000000000000000e+03,3.751111944438889623e-05,2.181529998779296875e-02,3.219663139717595102e-01
3.309000000000000000e+03,3.750677569769322872e-05,1.935362815856933594e-02,3.344523193321837784e-01
3.310000000000000000e+03,3.750252290046773851e-05,1.850724220275878906e-02,3.502884069744324202e-01
3.311000000000000000e+03,3.749943789443932474e-05,1.744031906127929688e-02,3.516342915592701734e-01
3.312000000000000000e+03,3.749827374122105539e-05,1.779198646545410156e-02,3.509174617260413798e-01
3.313000000000000000e+03,3.749681127374060452e-05,1.814365386962890625e-02,3.438808260161830832e-01
3.314000000000000000e+03,3.749518145923502743e-05,1.938939094543457031e-02,3.353154409681123327e-01
3.315000000000000000e+03,3.749283860088326037e-05,1.945495605468750000e-02,3.304804968888853667e-01
3.316000000000000000e+03,3.750295945792458951e-05,3.347396850585937500e-02,3.364638316193054313e-01
3.317000000000000000e+03,3.749192910618148744e-05,2.267360687255859375e-02,3.318702690145330925e-01
3.318000000000000000e+03,3.748998278751969337e-05,1.959204673767089844e-02,3.302025424637558548e-01
3.319000000000000000e+03,3.748584276763722301e-05,2.030134201049804688e-02,3.395286448858653161e-01
3.320000000000000000e+03,3.748195013031363487e-05,1.968741416931152344e-02,3.483792989492006109e-01
3.321000000000000000e+03,3.747733353520743549e-05,1.864433288574218750e-02,3.605800352943603349e-01
3.322000000000000000e+03,3.747220034711062908e-05,1.733303070068359375e-02,3.715446059067070705e-01
3.323000000000000000e+03,3.746774382307194173e-05,1.658201217651367188e-02,3.834088711056573562e-01
3.324000000000000000e+03,3.746397123904898763e-05,1.745820045471191406e-02,3.876293896135453165e-01
3.325000000000000000e+03,3.745901994989253581e-05,2.084970474243164062e-02,3.805854393135520430e-01
3.326000000000000000e+03,3.745491994777694345e-05,2.709627151489257812e-02,3.729782655731647134e-01
3.327000000000000000e+03,3.745452704606577754e-05,3.242492675781250000e-02,3.550794635128494692e-01
3.328000000000000000e+03,3.745229332707822323e-05,3.184080123901367188e-02,3.561766520330976182e-01
3.329000000000000000e+03,3.745154026546515524e-05,3.077387809753417969e-02,3.604849456226054683e-01
3.330000000000000000e+03,3.745035792235285044e-05,3.059506416320800781e-02,3.595267343149221029e-01
3.331000000000000000e+03,3.744829882634803653e-05,2.989172935485839844e-02,3.613919547993439951e-01
3.332000000000000000e+03,3.748311064555309713e-05,3.126859664916992188e-02,3.229318398695779080e-01
3.333000000000000000e+03,3.744742571143433452e-05,3.008246421813964844e-02,3.561327644922877012e-01
3.334000000000000000e+03,3.744428977370262146e-05,3.008246421813964844e-02,3.547429923666400309e-01
3.335000000000000000e+03,3.744104833458550274e-05,2.760887145996093750e-02,3.485694782927102886e-01
3.336000000000000000e+03,3.743873094208538532e-05,2.613663673400878906e-02,3.450292166673761818e-01
3.337000000000000000e+03,3.743516936083324254e-05,2.412796020507812500e-02,3.408160127496231984e-01
3.338000000000000000e+03,3.743129855138249695e-05,2.180337905883789062e-02,3.398578014419397775e-01
3.339000000000000000e+03,3.742802800843492150e-05,1.847743988037109375e-02,3.380949852194077287e-01
3.340000000000000000e+03,3.742535773199051619e-05,1.643896102905273438e-02,3.416791343855517527e-01
3.341000000000000000e+03,3.742251283256337047e-05,1.403689384460449219e-02,3.479916256720462786e-01
3.342000000000000000e+03,3.742038097698241472e-05,1.233220100402832031e-02,3.583344561229190872e-01
3.343000000000000000e+03,3.741868204087950289e-05,1.183152198791503906e-02,3.685748823119020523e-01
3.344000000000000000e+03,3.741704131243750453e-05,1.249313354492187500e-02,3.776669178496919188e-01
3.345000000000000000e+03,3.741543332580476999e-05,1.395940780639648438e-02,3.819752114391997133e-01
3.346000000000000000e+03,3.741355612874031067e-05,1.631379127502441406e-02,3.836502525801119279e-01
3.347000000000000000e+03,3.741122054634615779e-05,1.998543739318847656e-02,3.852302040492693314e-01
3.348000000000000000e+03,3.741049658856354654e-05,2.567768096923828125e-02,3.674191770705739768e-01
3.349000000000000000e+03,3.740661122719757259e-05,2.180933952331542969e-02,3.814485609494805973e-01
3.350000000000000000e+03,3.740448300959542394e-05,2.047419548034667969e-02,3.779009847340115136e-01
3.351000000000000000e+03,3.740123429452069104e-05,1.840591430664062500e-02,3.805415517727421260e-01
3.352000000000000000e+03,3.739656312973238528e-05,1.831650733947753906e-02,3.814485609494805973e-01
3.353000000000000000e+03,3.739487146958708763e-05,1.889467239379882812e-02,3.933128261484309385e-01
3.354000000000000000e+03,3.744160494534298778e-05,1.962184906005859375e-02,3.280447383739344414e-01
3.355000000000000000e+03,3.739432213478721678e-05,1.896619796752929688e-02,3.867662679776167622e-01
3.356000000000000000e+03,3.739311068784445524e-05,1.972317695617675781e-02,3.887704656746034382e-01
3.357000000000000000e+03,3.739236126421019435e-05,1.869797706604003906e-02,3.814924484902905699e-01
3.358000000000000000e+03,3.739341991604305804e-05,1.972317695617675781e-02,3.888216678055483877e-01
3.359000000000000000e+03,3.739090243470855057e-05,1.913905143737792969e-02,3.846596660187402983e-01
3.360000000000000000e+03,3.738939631148241460e-05,1.779198646545410156e-02,3.825969516006736959e-01
3.361000000000000000e+03,3.738837403943762183e-05,1.572966575622558594e-02,3.771402673599727473e-01
3.362000000000000000e+03,3.738755185622721910e-05,1.258850097656250000e-02,3.691454203424310854e-01
3.363000000000000000e+03,3.738672239705920219e-05,1.225471496582031250e-02,3.674191770705739768e-01
3.364000000000000000e+03,3.738559462362900376e-05,1.218914985656738281e-02,3.667974369090999387e-01
3.365000000000000000e+03,3.738412488019093871e-05,1.257061958312988281e-02,3.620648970917628717e-01
3.366000000000000000e+03,3.738277519005350769e-05,1.419782638549804688e-02,3.604410580817955512e-01
3.367000000000000000e+03,3.738136729225516319e-05,1.649260520935058594e-02,3.589561962843930143e-01
3.368000000000000000e+03,3.737980659934692085e-05,1.820921897888183594e-02,3.532142430284275214e-01
3.369000000000000000e+03,3.737779479706659913e-05,2.035498619079589844e-02,3.497690710748482812e-01
3.370000000000000000e+03,3.737591032404452562e-05,2.081394195556640625e-02,3.403917665217939259e-01
3.371000000000000000e+03,3.737450606422498822e-05,2.264976501464843750e-02,3.353154409681123327e-01
3.372000000000000000e+03,3.737312727025710046e-05,2.258419990539550781e-02,3.332600411401807627e-01
3.373000000000000000e+03,3.737229417311027646e-05,2.142786979675292969e-02,3.356957996551316881e-01
3.374000000000000000e+03,3.737093720701523125e-05,2.117156982421875000e-02,3.388557025934464395e-01
3.375000000000000000e+03,3.736943472176790237e-05,2.018213272094726562e-02,3.451755084700759424e-01
3.376000000000000000e+03,3.736795042641460896e-05,1.893639564514160156e-02,3.490449266514845106e-01
3.377000000000000000e+03,3.736661528819240630e-05,1.767277717590332031e-02,3.540700500742211543e-01
3.378000000000000000e+03,3.736553117050789297e-05,1.696944236755371094e-02,3.558474954770232124e-01
3.379000000000000000e+03,3.737034421646967530e-05,2.822875976562500000e-02,3.312485288530591099e-01
3.380000000000000000e+03,3.736482176464051008e-05,1.980066299438476562e-02,3.496666668129584377e-01
3.381000000000000000e+03,3.736265716725029051e-05,2.062320709228515625e-02,3.451755084700759424e-01
3.382000000000000000e+03,3.736118378583341837e-05,2.144575119018554688e-02,3.423959642187806018e-01
3.383000000000000000e+03,3.736026701517403126e-05,2.430081367492675781e-02,3.388557025934464395e-01
3.384000000000000000e+03,3.735973223228938878e-05,2.449154853820800781e-02,3.372318635834791745e-01
3.385000000000000000e+03,3.735852806130424142e-05,2.505779266357421875e-02,3.350301719528477884e-01
3.386000000000000000e+03,3.735728387255221605e-05,2.512931823730468750e-02,3.370855717807794139e-01
3.387000000000000000e+03,3.735813152161426842e-05,2.759695053100585938e-02,3.414889550420420750e-01
3.388000000000000000e+03,3.735648715519346297e-05,2.612471580505371094e-02,3.388557025934464395e-01
3.389000000000000000e+03,3.735495556611567736e-05,2.727508544921875000e-02,3.429738168394446118e-01
3.390000000000000000e+03,3.735287828021682799e-05,2.911090850830078125e-02,3.498641607466031478e-01
3.391000000000000000e+03,3.735138670890592039e-05,3.067851066589355469e-02,3.527826822104633275e-01
3.392000000000000000e+03,3.735001519089564681e-05,3.204345703125000000e-02,3.548380820383948420e-01
3.393000000000000000e+03,3.734810161404311657e-05,3.412961959838867188e-02,3.541724543361109423e-01
3.394000000000000000e+03,3.734492565854452550e-05,3.677010536193847656e-02,3.520658523772344783e-01
3.395000000000000000e+03,3.734082929440774024e-05,4.398226737976074219e-02,3.457460465006050310e-01
3.396000000000000000e+03,3.734561323653906584e-05,4.188418388366699219e-02,3.239339387180713015e-01
3.397000000000000000e+03,3.733815901796333492e-05,4.318952560424804688e-02,3.374732450579337462e-01
3.398000000000000000e+03,3.733423000085167587e-05,4.724860191345214844e-02,3.321555380297975812e-01
3.399000000000000000e+03,3.733097037184052169e-05,4.885196685791015625e-02,3.261283157585675996e-01
3.400000000000000000e+03,3.732907134690321982e-05,4.864335060119628906e-02,3.246434539611650627e-01
3.401000000000000000e+03,3.732582990778610110e-05,4.704594612121582031e-02,3.179944915284611540e-01
3.402000000000000000e+03,3.732282493729144335e-05,4.900693893432617188e-02,3.116381127011567109e-01
3.403000000000000000e+03,3.731832839548587799e-05,4.683136940002441406e-02,3.042211183042790590e-01
3.404000000000000000e+03,3.731557808350771666e-05,4.711151123046875000e-02,3.067080789501748783e-01
3.405000000000000000e+03,3.731291508302092552e-05,4.807114601135253906e-02,3.136423103981433869e-01
3.406000000000000000e+03,3.731179094756953418e-05,4.931092262268066406e-02,3.192379718514090636e-01
3.407000000000000000e+03,3.731064862222410738e-05,5.006790161132812500e-02,3.243142974050906568e-01
3.408000000000000000e+03,3.730926255229860544e-05,5.145072937011718750e-02,3.296685773839017064e-01
3.409000000000000000e+03,3.730802200152538717e-05,5.170702934265136719e-02,3.342621399886741007e-01
3.410000000000000000e+03,3.730690514203161001e-05,5.199313163757324219e-02,3.389507922652013061e-01
3.411000000000000000e+03,3.730512253241613507e-05,5.148649215698242188e-02,3.439320281471279772e-01
3.412000000000000000e+03,3.730344178620725870e-05,5.086660385131835938e-02,3.457972486315498695e-01
3.413000000000000000e+03,3.730243042809888721e-05,5.101561546325683594e-02,3.433541755264639672e-01
3.414000000000000000e+03,3.730190655915066600e-05,5.115270614624023438e-02,3.411524838958326367e-01
3.415000000000000000e+03,3.730088064912706614e-05,5.142092704772949219e-02,3.380949852194077287e-01
3.416000000000000000e+03,3.729939635377377272e-05,5.093812942504882812e-02,3.302903175453756890e-01
3.417000000000000000e+03,3.730766911758109927e-05,4.859566688537597656e-02,3.535507141746370152e-01
3.418000000000000000e+03,3.729885429493151605e-05,5.047321319580078125e-02,3.348838801501480278e-01
3.419000000000000000e+03,3.729718810063786805e-05,4.900097846984863281e-02,3.291492414843175673e-01
3.420000000000000000e+03,3.729556920006871223e-05,4.589557647705078125e-02,3.286152764044634744e-01
3.421000000000000000e+03,3.729459785972721875e-05,4.233717918395996094e-02,3.279935362429894918e-01
3.422000000000000000e+03,3.729396121343597770e-05,4.169344902038574219e-02,3.277155818178599800e-01
3.423000000000000000e+03,3.729305535671301186e-05,4.174709320068359375e-02,3.236413551126717802e-01
3.424000000000000000e+03,3.729248783201910555e-05,4.200935363769531250e-02,3.169923926799678160e-01
3.425000000000000000e+03,3.729186937562189996e-05,4.216432571411132812e-02,3.135545353165235527e-01
3.426000000000000000e+03,3.730442404048517346e-05,3.411173820495605469e-02,2.905940368827966691e-01
3.427000000000000000e+03,3.729182571987621486e-05,4.145503044128417969e-02,3.115430230294018998e-01
3.428000000000000000e+03,3.729095260496251285e-05,4.171133041381835938e-02,3.122086507316857995e-01
3.429000000000000000e+03,3.729011950781568885e-05,4.175901412963867188e-02,3.140738712161076918e-01
3.430000000000000000e+03,3.728941373992711306e-05,4.110336303710937500e-02,3.134521310546337092e-01
3.431000000000000000e+03,3.728780575329437852e-05,4.099011421203613281e-02,3.153685536700004954e-01
3.432000000000000000e+03,3.728656520252116024e-05,4.072785377502441406e-02,3.158878895695846345e-01
3.433000000000000000e+03,3.728518640855327249e-05,4.053115844726562500e-02,3.145054320340719411e-01
3.434000000000000000e+03,3.728376395883969963e-05,4.048943519592285156e-02,3.102995427064539347e-01
3.435000000000000000e+03,3.728207593667320907e-05,4.183650016784667969e-02,2.981938960330490773e-01
3.436000000000000000e+03,3.729236777871847153e-05,3.575086593627929688e-02,2.586585363534398274e-01
3.437000000000000000e+03,3.728150841197930276e-05,4.068613052368164062e-02,2.907403286854964297e-01
3.438000000000000000e+03,3.728051524376496673e-05,4.107952117919921875e-02,2.825553023244450901e-01
3.439000000000000000e+03,3.727938383235596120e-05,4.036426544189453125e-02,2.753796894020220098e-01
3.440000000000000000e+03,3.727864168467931449e-05,3.962516784667968750e-02,2.747213762898731426e-01
3.441000000000000000e+03,3.727724470081739128e-05,3.583431243896484375e-02,2.688843333621528386e-01
3.442000000000000000e+03,3.727507282746955752e-05,3.439784049987792969e-02,2.685478622159433448e-01
3.443000000000000000e+03,3.727382863871753216e-05,3.399848937988281250e-02,2.667850459934112961e-01
3.444000000000000000e+03,3.727296643774025142e-05,3.351569175720214844e-02,2.664412602570668809e-01
3.445000000000000000e+03,3.727186049218289554e-05,3.298521041870117188e-02,2.665436645189566689e-01
3.446000000000000000e+03,3.727060538949444890e-05,3.244280815124511719e-02,2.632447843680771893e-01
3.447000000000000000e+03,3.726917566382326186e-05,3.355741500854492188e-02,2.575540332430566459e-01
3.448000000000000000e+03,3.726841896423138678e-05,3.738999366760253906e-02,2.393845913477468945e-01
3.449000000000000000e+03,3.726678551174700260e-05,3.721714019775390625e-02,2.423543149425519405e-01
3.450000000000000000e+03,3.726539216586388648e-05,3.796219825744628906e-02,2.416301705191881422e-01
3.451000000000000000e+03,3.726396971615031362e-05,3.880858421325683594e-02,2.394869956096367103e-01
3.452000000000000000e+03,3.726279828697443008e-05,3.976821899414062500e-02,2.345057597277099837e-01
3.453000000000000000e+03,3.726089198607951403e-05,4.010796546936035156e-02,2.215150476479715858e-01
3.454000000000000000e+03,3.725995338754728436e-05,3.932714462280273438e-02,2.198912086380042652e-01
3.455000000000000000e+03,3.725872011273168027e-05,3.843307495117187500e-02,2.159632737355158261e-01
3.456000000000000000e+03,3.725748683791607618e-05,3.800988197326660156e-02,2.165484409463148685e-01
3.457000000000000000e+03,3.725573697010986507e-05,3.836154937744140625e-02,2.149611748870224881e-01
3.458000000000000000e+03,3.725438364199362695e-05,4.011392593383789062e-02,2.148221976744577322e-01
3.459000000000000000e+03,3.725170245161280036e-05,4.027485847473144531e-02,2.219831814166108030e-01
3.460000000000000000e+03,3.725042188307270408e-05,4.186034202575683594e-02,2.217930020731011531e-01
3.461000000000000000e+03,3.724934140336699784e-05,4.350543022155761719e-02,2.262914750061186808e-01
3.462000000000000000e+03,3.724867201526649296e-05,4.469156265258789062e-02,2.233802681323934780e-01
3.463000000000000000e+03,3.724729322129860520e-05,4.597306251525878906e-02,2.189768848711308169e-01
3.464000000000000000e+03,3.724650014191865921e-05,4.655122756958007812e-02,2.177407191383178842e-01
3.465000000000000000e+03,3.724492489709518850e-05,4.702806472778320312e-02,2.228975051834843069e-01
3.466000000000000000e+03,3.724353518919087946e-05,4.712939262390136719e-02,2.304973643337366596e-01
3.467000000000000000e+03,3.724260386661626399e-05,4.967451095581054688e-02,2.530555603100391737e-01
3.468000000000000000e+03,3.724068665178492665e-05,4.903674125671386719e-02,2.648174212470995603e-01
3.469000000000000000e+03,3.723908594110980630e-05,4.993677139282226562e-02,2.656293407520832206e-01
3.470000000000000000e+03,3.723627742147073150e-05,5.149841308593750000e-02,2.760526316944408864e-01
3.471000000000000000e+03,3.723413465195335448e-05,5.204081535339355469e-02,2.842303434653573047e-01
3.472000000000000000e+03,3.723097324836999178e-05,4.965066909790039062e-02,2.999201393049061859e-01
3.473000000000000000e+03,3.722905239555984735e-05,4.801750183105468750e-02,3.010612153659643075e-01
3.474000000000000000e+03,3.722797191585414112e-05,4.670619964599609375e-02,2.915010460595351960e-01
3.475000000000000000e+03,3.722741894307546318e-05,4.602670669555664062e-02,2.831770424859190172e-01
3.476000000000000000e+03,3.722700785147026181e-05,4.598498344421386719e-02,2.767255739868598186e-01
3.477000000000000000e+03,3.722614928847178817e-05,4.516839981079101562e-02,2.727537515435614068e-01
3.478000000000000000e+03,3.722535984707064927e-05,4.374980926513671875e-02,2.730902226897708451e-01
3.479000000000000000e+03,3.722418477991595864e-05,4.181861877441406250e-02,2.801195438094941093e-01
3.480000000000000000e+03,3.722313340404070914e-05,3.898143768310546875e-02,2.864393496861236676e-01
3.481000000000000000e+03,3.722597102751024067e-05,4.131793975830078125e-02,3.038407596172597036e-01
3.482000000000000000e+03,3.722254041349515319e-05,3.971457481384277344e-02,2.918814047465546069e-01
3.483000000000000000e+03,3.722124529303982854e-05,3.694295883178710938e-02,3.001980937300357533e-01
3.484000000000000000e+03,3.722004112205468118e-05,3.651380538940429688e-02,2.986766589819582762e-01
3.485000000000000000e+03,3.721874963957816362e-05,3.619194030761718750e-02,2.937978273619213931e-01
3.486000000000000000e+03,3.721802931977435946e-05,3.544688224792480469e-02,2.879607844342010892e-01
3.487000000000000000e+03,3.721739631146192551e-05,3.496408462524414062e-02,2.865783268986883958e-01
3.488000000000000000e+03,3.721660323208197951e-05,3.448724746704101562e-02,2.869586855857077512e-01
3.489000000000000000e+03,3.721671600942499936e-05,3.555417060852050781e-02,2.811216426579875027e-01
3.490000000000000000e+03,3.721581015270203352e-05,3.501772880554199219e-02,2.840401641218476270e-01
3.491000000000000000e+03,3.721423126989975572e-05,3.654956817626953125e-02,2.833233342886187778e-01
3.492000000000000000e+03,3.721265966305509210e-05,3.648996353149414062e-02,2.882972555804105275e-01
3.493000000000000000e+03,3.722527253557927907e-05,3.562569618225097656e-02,2.894968483625485756e-01
3.494000000000000000e+03,3.721165194292552769e-05,3.629326820373535156e-02,2.885825245956750718e-01
3.495000000000000000e+03,3.720817403518594801e-05,3.051757812500000000e-02,2.998689371739612919e-01
3.496000000000000000e+03,3.726595605257898569e-05,4.037022590637207031e-02,4.145324521300305376e-01
3.497000000000000000e+03,3.720740642165765166e-05,3.162622451782226562e-02,3.127865033523498095e-01
3.498000000000000000e+03,3.720369568327441812e-05,2.885460853576660156e-02,3.158001144879648003e-01
3.499000000000000000e+03,3.719802771229296923e-05,2.250075340270996094e-02,3.225002790516136031e-01
3.500000000000000000e+03,3.719278902281075716e-05,1.827478408813476562e-02,3.359883832605312093e-01
3.501000000000000000e+03,3.718861989909783006e-05,1.632571220397949219e-02,3.416791343855517527e-01
3.502000000000000000e+03,3.718341395142488182e-05,1.596212387084960938e-02,3.490961287824294046e-01
3.503000000000000000e+03,3.718037260114215314e-05,1.785159111022949219e-02,3.498129586156582538e-01
3.504000000000000000e+03,3.717814252013340592e-05,1.950263977050781250e-02,3.510564389386061634e-01
3.505000000000000000e+03,3.717672734637744725e-05,2.006888389587402344e-02,3.557450912151333133e-01
3.506000000000000000e+03,3.717405343195423484e-05,1.779198646545410156e-02,3.680921193629927979e-01
3.507000000000000000e+03,3.717220170074142516e-05,1.509189605712890625e-02,3.745143295015121443e-01
3.508000000000000000e+03,3.716947685461491346e-05,1.191496849060058594e-02,3.776230303088820017e-01
3.509000000000000000e+03,3.716608625836670399e-05,8.326768875122070312e-03,3.687138595244667805e-01
3.510000000000000000e+03,3.716444552992470562e-05,1.064538955688476562e-02,3.709228657452330880e-01
3.511000000000000000e+03,3.716885839821770787e-05,3.784894943237304688e-03,3.647420370811684243e-01
3.512000000000000000e+03,3.716164428624324501e-05,8.004903793334960938e-03,3.685236801809571028e-01
3.513000000000000000e+03,3.715778439072892070e-05,7.134675979614257812e-03,3.499080482874130649e-01
3.514000000000000000e+03,3.715397178893908858e-05,7.152557373046875000e-03,3.348838801501480278e-01
3.515000000000000000e+03,3.715100319823250175e-05,7.945299148559570312e-03,3.223978747897238151e-01
3.516000000000000000e+03,3.714741615112870932e-05,7.468461990356445312e-03,3.139787815443528252e-01
3.517000000000000000e+03,3.714450576808303595e-05,8.547306060791015625e-03,3.026484814252566879e-01
3.518000000000000000e+03,3.714925333042629063e-05,5.847215652465820312e-03,3.171825720234774937e-01
3.519000000000000000e+03,3.714222839334979653e-05,7.539987564086914062e-03,3.080978510758226041e-01
3.520000000000000000e+03,3.714014746947214007e-05,7.808208465576171875e-03,3.011636196278541511e-01
3.521000000000000000e+03,3.713855039677582681e-05,7.200241088867187500e-03,2.958971147306628802e-01
3.522000000000000000e+03,3.713688056450337172e-05,6.210803985595703125e-03,2.900161842621327146e-01
3.523000000000000000e+03,3.713429396157152951e-05,3.629922866821289062e-03,2.831770424859190172e-01
3.524000000000000000e+03,3.713156183948740363e-05,1.960992813110351562e-03,2.859053846062695192e-01
3.525000000000000000e+03,3.712842953973449767e-05,2.861022949218750000e-04,2.944195675233953757e-01
3.526000000000000000e+03,3.712505349540151656e-05,1.454353332519531250e-03,3.111553497522475120e-01
3.527000000000000000e+03,3.712173929670825601e-05,1.645088195800781250e-03,3.242630952741457073e-01
3.528000000000000000e+03,3.711814133566804230e-05,1.144409179687500000e-03,3.341670503169192896e-01
3.529000000000000000e+03,3.711330646183341742e-05,2.235174179077148438e-03,3.422057848752708686e-01
3.530000000000000000e+03,3.720859240274876356e-05,3.343224525451660156e-02,3.481379174747460392e-01
3.531000000000000000e+03,3.711242243298329413e-05,5.072355270385742188e-03,3.427324353649899846e-01
3.532000000000000000e+03,3.710870441864244640e-05,6.067752838134765625e-03,3.322067401607424753e-01
3.533000000000000000e+03,3.710372766363434494e-05,4.297494888305664062e-03,3.159390917005295840e-01
3.534000000000000000e+03,3.710510281962342560e-05,7.271766662597656250e-03,2.646272419035899381e-01
3.535000000000000000e+03,3.710079181473702192e-05,5.632638931274414062e-03,2.929859078569377329e-01
3.536000000000000000e+03,3.709884913405403495e-05,6.639957427978515625e-03,2.968992135791562181e-01
3.537000000000000000e+03,3.709616066771559417e-05,7.826089859008789062e-03,2.994885784869419365e-01
3.538000000000000000e+03,3.709405064000748098e-05,1.008510589599609375e-02,2.994885784869419365e-01
3.539000000000000000e+03,3.709116572281345725e-05,1.393556594848632812e-02,2.941781860489407485e-01
3.540000000000000000e+03,3.708863005158491433e-05,2.061724662780761719e-02,2.860077888681593627e-01
3.541000000000000000e+03,3.708409712999127805e-05,2.406835556030273438e-02,2.709909353210293026e-01
3.542000000000000000e+03,3.708015719894319773e-05,2.475380897521972656e-02,2.612332720809555364e-01
3.543000000000000000e+03,3.707779978867620230e-05,2.376437187194824219e-02,2.527264037539646568e-01
3.544000000000000000e+03,3.707704308908432722e-05,2.330541610717773438e-02,2.531067624409840122e-01
3.545000000000000000e+03,3.707590076373890042e-05,2.220869064331054688e-02,2.574516289811668579e-01
3.546000000000000000e+03,3.707341966219246387e-05,1.859664916992187500e-02,2.664924623880118304e-01
3.547000000000000000e+03,3.707297219079919159e-05,1.745223999023437500e-02,2.690745127056625163e-01
3.548000000000000000e+03,3.707163341459818184e-05,1.640915870666503906e-02,2.690745127056625163e-01
3.549000000000000000e+03,3.707073483383283019e-05,1.646876335144042969e-02,2.659731264884276913e-01
3.550000000000000000e+03,3.706873758346773684e-05,1.416802406311035156e-02,2.615185410962200807e-01
3.551000000000000000e+03,3.710793680511415005e-05,1.766681671142578125e-02,2.404890944581300483e-01
3.552000000000000000e+03,3.706783900270238519e-05,1.459717750549316406e-02,2.589364907785693393e-01
3.553000000000000000e+03,3.706568895722739398e-05,1.591444015502929688e-02,2.521485511333006468e-01
3.554000000000000000e+03,3.706383358803577721e-05,1.493692398071289062e-02,2.499980616336142381e-01
3.555000000000000000e+03,3.706350253196433187e-05,1.940727233886718750e-02,2.401087357711106929e-01
3.556000000000000000e+03,3.706261850311420858e-05,1.741051673889160156e-02,2.445486919830482941e-01
3.557000000000000000e+03,3.706083953147754073e-05,1.935958862304687500e-02,2.527264037539646568e-01
3.558000000000000000e+03,3.705701601575128734e-05,2.402663230895996094e-02,2.677359427109596846e-01
3.559000000000000000e+03,3.705366179929114878e-05,2.917051315307617188e-02,2.776325831635982899e-01
3.560000000000000000e+03,3.705040217027999461e-05,3.283619880676269531e-02,2.859053846062695192e-01
3.561000000000000000e+03,3.704833943629637361e-05,3.348588943481445312e-02,2.804048128247586535e-01
3.562000000000000000e+03,3.704594564624130726e-05,3.222227096557617188e-02,2.728927287561261350e-01
3.563000000000000000e+03,3.704340997501276433e-05,3.342032432556152344e-02,2.493251193411953337e-01
3.564000000000000000e+03,3.704054324771277606e-05,3.439784049987792969e-02,2.372853039790053797e-01
3.565000000000000000e+03,3.703865513671189547e-05,3.589987754821777344e-02,2.260062059908541365e-01
3.566000000000000000e+03,3.703732727444730699e-05,3.750920295715332031e-02,2.238996040319776171e-01
3.567000000000000000e+03,3.703658876474946737e-05,3.964304924011230469e-02,2.236582225575230454e-01
3.568000000000000000e+03,3.703538459376432002e-05,4.075765609741210938e-02,2.259550038599092148e-01
3.569000000000000000e+03,3.703317634062841535e-05,4.135370254516601562e-02,2.194596478200400436e-01
3.570000000000000000e+03,3.703218681039288640e-05,4.116296768188476562e-02,2.077051014731145506e-01
3.571000000000000000e+03,3.703096444951370358e-05,4.121065139770507812e-02,2.053059159088385655e-01
3.572000000000000000e+03,3.703043330460786819e-05,4.025697708129882812e-02,1.928930564497641775e-01
3.573000000000000000e+03,3.702925459947437048e-05,4.244446754455566406e-02,1.964772056159082292e-01
3.574000000000000000e+03,3.702811955008655787e-05,4.481673240661621094e-02,1.965210931567181740e-01
3.575000000000000000e+03,3.702688627527095377e-05,4.635453224182128906e-02,1.938951552982575155e-01
3.576000000000000000e+03,3.702487083501182497e-05,4.724860191345214844e-02,1.895429741679397762e-01
3.577000000000000000e+03,3.702220419654622674e-05,4.700422286987304688e-02,1.837205604204894538e-01
3.578000000000000000e+03,3.701980676851235330e-05,4.577040672302246094e-02,1.816651605925578561e-01
3.579000000000000000e+03,3.701718014781363308e-05,4.492998123168945312e-02,1.858710499201758903e-01
3.580000000000000000e+03,3.701528112287633121e-05,4.250407218933105469e-02,1.982912239693852274e-01
3.581000000000000000e+03,3.703523543663322926e-05,4.134178161621093750e-02,2.035943018172514107e-01
3.582000000000000000e+03,3.701387322507798672e-05,4.225969314575195312e-02,1.993884124896334042e-01
3.583000000000000000e+03,3.701121750054880977e-05,4.116296768188476562e-02,2.058398809886926584e-01
3.584000000000000000e+03,3.700886372826062143e-05,4.224181175231933594e-02,2.120499680132973408e-01
3.585000000000000000e+03,3.700653905980288982e-05,4.102587699890136719e-02,2.228463030525393851e-01
3.586000000000000000e+03,3.700321030919440091e-05,4.687905311584472656e-02,2.180259881535823729e-01
3.587000000000000000e+03,3.700071101775392890e-05,4.665255546569824219e-02,2.251430843549255545e-01
3.588000000000000000e+03,3.699761145981028676e-05,4.842281341552734375e-02,2.315506653131748915e-01
3.589000000000000000e+03,3.699607623275369406e-05,5.162358283996582031e-02,2.352811062820187316e-01
3.590000000000000000e+03,3.699398803291842341e-05,5.447864532470703125e-02,2.383824924992535288e-01
3.591000000000000000e+03,3.699213630170561373e-05,5.409121513366699219e-02,2.378558420095344128e-01
3.592000000000000000e+03,3.699132139445282519e-05,6.088018417358398438e-02,2.494787257340300990e-01
3.593000000000000000e+03,3.698840373544953763e-05,5.751252174377441406e-02,2.473209216442087133e-01
3.594000000000000000e+03,3.698592627188190818e-05,5.617737770080566406e-02,2.464139124674701864e-01
3.595000000000000000e+03,3.698336513480171561e-05,5.734562873840332031e-02,2.450753424727674101e-01
3.596000000000000000e+03,3.698148429975844920e-05,5.981326103210449219e-02,2.438830642807643945e-01
3.597000000000000000e+03,3.699037915794178843e-05,6.680488586425781250e-02,3.088585684498613149e-01
3.598000000000000000e+03,3.698027649079449475e-05,6.151795387268066406e-02,2.597045227427430825e-01
3.599000000000000000e+03,3.697788997669704258e-05,6.451606750488281250e-02,2.516219006435815309e-01
3.600000000000000000e+03,3.697594729601405561e-05,6.579160690307617188e-02,2.472697195132637638e-01
3.601000000000000000e+03,3.697416468639858067e-05,6.520152091979980469e-02,2.501370388461789940e-01
3.602000000000000000e+03,3.697323700180277228e-05,6.312727928161621094e-02,2.542039509612322168e-01
3.603000000000000000e+03,3.697265492519363761e-05,6.105899810791015625e-02,2.593168494655887502e-01
3.604000000000000000e+03,3.697175998240709305e-05,5.946755409240722656e-02,2.618988997832394361e-01
3.605000000000000000e+03,3.697075953823514283e-05,5.854964256286621094e-02,2.635739409241516507e-01
3.606000000000000000e+03,3.696881321957334876e-05,5.854368209838867188e-02,2.613795638836552970e-01
3.607000000000000000e+03,3.696667772601358593e-05,6.005764007568359375e-02,2.580367961919658448e-01
3.608000000000000000e+03,3.696516796480864286e-05,6.141066551208496094e-02,2.518120799870912085e-01
3.609000000000000000e+03,3.696368730743415654e-05,6.108283996582031250e-02,2.472258319724538189e-01
3.610000000000000000e+03,3.696325438795611262e-05,6.017088890075683594e-02,2.490983670470107436e-01
3.611000000000000000e+03,3.696268686326220632e-05,5.851984024047851562e-02,2.507660935977879535e-01
3.612000000000000000e+03,3.696207568282261491e-05,5.547404289245605469e-02,2.538747944051578109e-01
3.613000000000000000e+03,3.696166095323860645e-05,5.359649658203125000e-02,2.552572519406704488e-01
3.614000000000000000e+03,3.696066778502427042e-05,5.270242691040039062e-02,2.548768932536510934e-01
3.615000000000000000e+03,3.696095518535003066e-05,4.705786705017089844e-02,2.663973727162569083e-01
3.616000000000000000e+03,3.696014391607604921e-05,5.019307136535644531e-02,2.599897917580076268e-01
3.617000000000000000e+03,3.695854320540092885e-05,5.731582641601562500e-02,2.513878337592618806e-01
3.618000000000000000e+03,3.695684790727682412e-05,5.897879600524902344e-02,2.521485511333006468e-01
3.619000000000000000e+03,3.695452323881909251e-05,6.358623504638671875e-02,2.514317213000718532e-01
3.620000000000000000e+03,3.695369014167226851e-05,6.413459777832031250e-02,2.509562729412976312e-01
3.621000000000000000e+03,3.695203122333623469e-05,6.410479545593261719e-02,2.517681924462812360e-01
3.622000000000000000e+03,3.695114355650730431e-05,6.304979324340820312e-02,2.520534614615457802e-01
3.623000000000000000e+03,3.694947372423484921e-05,6.160736083984375000e-02,2.529604706382843071e-01
3.624000000000000000e+03,3.694852057378739119e-05,6.099343299865722656e-02,2.553084540716153983e-01
3.625000000000000000e+03,3.694764745887368917e-05,6.186962127685546875e-02,2.557765878402545878e-01
3.626000000000000000e+03,3.694655970321036875e-05,6.346702575683593750e-02,2.546867139101414157e-01
3.627000000000000000e+03,3.694538099807687104e-05,6.640553474426269531e-02,2.499029719618593715e-01
3.628000000000000000e+03,3.694497718242928386e-05,6.595253944396972656e-02,2.496689050775397489e-01
3.629000000000000000e+03,3.694304177770391107e-05,6.759166717529296875e-02,2.481840432801372398e-01
3.630000000000000000e+03,3.694212136906571686e-05,6.909966468811035156e-02,2.437367724780646339e-01
3.631000000000000000e+03,3.694091356010176241e-05,6.814599037170410156e-02,2.427346736295713236e-01
3.632000000000000000e+03,3.693862527143210173e-05,6.755590438842773438e-02,2.425444942860616182e-01
3.633000000000000000e+03,3.693823236972093582e-05,6.474256515502929688e-02,2.411620367505489249e-01
3.634000000000000000e+03,3.693738835863769054e-05,6.598830223083496094e-02,2.417837769120228797e-01
3.635000000000000000e+03,3.693628241308033466e-05,6.460547447204589844e-02,2.436416828063097950e-01
3.636000000000000000e+03,3.693425242090597749e-05,6.201863288879394531e-02,2.472697195132637638e-01
3.637000000000000000e+03,3.693305916385725141e-05,6.091594696044921875e-02,2.483230204927020235e-01
3.638000000000000000e+03,3.693184407893568277e-05,5.970597267150878906e-02,2.500492637645591043e-01
3.639000000000000000e+03,3.693094186019152403e-05,5.899071693420410156e-02,2.533481439154386394e-01
3.640000000000000000e+03,3.692984682857058942e-05,5.986690521240234375e-02,2.546355117791965217e-01
3.641000000000000000e+03,3.692855170811526477e-05,6.107091903686523438e-02,2.536846150616480777e-01
3.642000000000000000e+03,3.692738027893938124e-05,6.132721900939941406e-02,2.541527488302873228e-01
3.643000000000000000e+03,3.692630707519128919e-05,6.155371665954589844e-02,2.499029719618593715e-01
3.644000000000000000e+03,3.692838436109013855e-05,5.401968955993652344e-02,2.700327240133458817e-01
3.645000000000000000e+03,3.692531390697695315e-05,5.878210067749023438e-02,2.573126517686020742e-01
3.646000000000000000e+03,3.692296741064637899e-05,6.222128868103027344e-02,2.312141941669654810e-01
3.647000000000000000e+03,3.692503742058761418e-05,5.342960357666015625e-02,2.321212033437039524e-01
3.648000000000000000e+03,3.692179234349168837e-05,5.886554718017578125e-02,2.315506653131748915e-01
3.649000000000000000e+03,3.692051541293039918e-05,5.732774734497070312e-02,2.339352216971809229e-01
3.650000000000000000e+03,3.691856545628979802e-05,5.514621734619140625e-02,2.422153377299871568e-01
3.651000000000000000e+03,3.691677193273790181e-05,5.401968955993652344e-02,2.438830642807643945e-01
3.652000000000000000e+03,3.691422534757293761e-05,5.121231079101562500e-02,2.515780131027716138e-01
3.653000000000000000e+03,3.691226447699591517e-05,5.041360855102539062e-02,2.563983280017285704e-01
3.654000000000000000e+03,3.691067468025721610e-05,4.738569259643554688e-02,2.655781386211383266e-01
3.655000000000000000e+03,3.690960147650912404e-05,4.821419715881347656e-02,2.642980853475154213e-01
3.656000000000000000e+03,3.690734956762753427e-05,4.969239234924316406e-02,2.558789921021444314e-01
3.657000000000000000e+03,3.690543235279619694e-05,4.922151565551757812e-02,2.524850222795100851e-01
3.658000000000000000e+03,3.691077654366381466e-05,5.884766578674316406e-02,1.849128386124924694e-01
3.659000000000000000e+03,3.690420999191701412e-05,5.206465721130371094e-02,2.325015620307233355e-01
3.660000000000000000e+03,3.690470475703477859e-05,4.509687423706054688e-02,2.466991814827347029e-01
3.661000000000000000e+03,3.690105222631245852e-05,4.870891571044921875e-02,2.393407038069369497e-01
3.662000000000000000e+03,3.689884033519774675e-05,4.655122756958007812e-02,2.401087357711106929e-01
3.663000000000000000e+03,3.689568620757199824e-05,4.389286041259765625e-02,2.434515034628001451e-01
3.664000000000000000e+03,3.689424192998558283e-05,4.248023033142089844e-02,2.471819444316439296e-01
3.665000000000000000e+03,3.689275763463228941e-05,4.070401191711425781e-02,2.529165830974743900e-01
3.666000000000000000e+03,3.689209916046820581e-05,3.798604011535644531e-02,2.565007322636184139e-01
3.667000000000000000e+03,3.689565710374154150e-05,3.486871719360351562e-02,2.691696023774173274e-01
3.668000000000000000e+03,3.689129880513064563e-05,3.712773323059082031e-02,2.599897917580076268e-01
3.669000000000000000e+03,3.689078585011884570e-05,3.718137741088867188e-02,2.620963937168841462e-01
3.670000000000000000e+03,3.688898505060933530e-05,3.761053085327148438e-02,2.707495538465747309e-01
3.671000000000000000e+03,3.688744982355274260e-05,3.846287727355957031e-02,2.782543233250722170e-01
3.672000000000000000e+03,3.688551805680617690e-05,3.809928894042968750e-02,2.851812401829056931e-01
3.673000000000000000e+03,3.688353899633511901e-05,3.846883773803710938e-02,2.931248850695024610e-01
3.674000000000000000e+03,3.697253487189300358e-05,3.504753112792968750e-02,3.174239534979321209e-01
3.675000000000000000e+03,3.688334618345834315e-05,3.826618194580078125e-02,2.945658593260951363e-01
3.676000000000000000e+03,3.688181095640175045e-05,3.839135169982910156e-02,2.961896983360624014e-01
3.677000000000000000e+03,3.688022843562066555e-05,3.790259361267089844e-02,2.959995189925527237e-01
3.678000000000000000e+03,3.702431058627553284e-05,8.116364479064941406e-02,2.772961120173887961e-01
3.679000000000000000e+03,3.687978096422739327e-05,4.018545150756835938e-02,2.949901055539244088e-01
3.680000000000000000e+03,3.687839853228069842e-05,4.032254219055175781e-02,2.874414485346169501e-01
3.681000000000000000e+03,3.687572825583629310e-05,3.911256790161132812e-02,2.771571348048240679e-01
3.682000000000000000e+03,3.687477874336764216e-05,3.873109817504882812e-02,2.651612069834440311e-01
3.683000000000000000e+03,3.687374191940762103e-05,3.766417503356933594e-02,2.666314396005765586e-01
3.684000000000000000e+03,3.687267235363833606e-05,3.455281257629394531e-02,2.694548713926818717e-01
3.685000000000000000e+03,3.687165371957235038e-05,3.386139869689941406e-02,2.696011631953816323e-01
3.686000000000000000e+03,3.687043499667197466e-05,3.275275230407714844e-02,2.682625932006788561e-01
3.687000000000000000e+03,3.686968193505890667e-05,3.201365470886230469e-02,2.679773241854143118e-01
3.688000000000000000e+03,3.686896525323390961e-05,3.148317337036132812e-02,2.683064807414887731e-01
3.689000000000000000e+03,3.686789568746462464e-05,3.025531768798828125e-02,2.716565630233132023e-01
3.690000000000000000e+03,3.686618947540409863e-05,3.056526184082031250e-02,2.740996361283991600e-01
3.691000000000000000e+03,3.686669151647947729e-05,2.278089523315429688e-02,2.780641439815625948e-01
3.692000000000000000e+03,3.686531636049039662e-05,2.707242965698242188e-02,2.758624523509312088e-01
3.693000000000000000e+03,3.686361378640867770e-05,2.762079238891601562e-02,2.784957047995267887e-01
3.694000000000000000e+03,3.686217678477987647e-05,2.794861793518066406e-02,2.793076243045104490e-01
3.695000000000000000e+03,3.686129639390856028e-05,2.825260162353515625e-02,2.782543233250722170e-01
3.696000000000000000e+03,3.686008858494460583e-05,2.901554107666015625e-02,2.755332957948568029e-01
3.697000000000000000e+03,3.685809497255831957e-05,2.910494804382324219e-02,2.729439308870710845e-01
3.698000000000000000e+03,3.685594856506213546e-05,2.841949462890625000e-02,2.677871448419046341e-01
3.699000000000000000e+03,3.685398041852749884e-05,2.710223197937011719e-02,2.640055017421159000e-01
3.700000000000000000e+03,3.685251795104704797e-05,2.563595771789550781e-02,2.603262629042170651e-01
3.701000000000000000e+03,3.685070623760111630e-05,2.513527870178222656e-02,2.606115319194816093e-01
3.702000000000000000e+03,3.684855255414731801e-05,2.438426017761230469e-02,2.579343919300760013e-01
3.703000000000000000e+03,3.685529736685566604e-05,2.852678298950195312e-02,3.005930815973250625e-01
3.704000000000000000e+03,3.684770490508526564e-05,2.543330192565917969e-02,2.687380415594530780e-01
3.705000000000000000e+03,3.684530747705139220e-05,2.611875534057617188e-02,2.660609015700475255e-01
3.706000000000000000e+03,3.684255352709442377e-05,2.537369728088378906e-02,2.641079060040057991e-01
3.707000000000000000e+03,3.683959221234545112e-05,2.520680427551269531e-02,2.651100048524990815e-01
3.708000000000000000e+03,3.683789327624253929e-05,2.339482307434082031e-02,2.603262629042170651e-01
3.709000000000000000e+03,3.683551403810270131e-05,2.254247665405273438e-02,2.610869802782557758e-01
3.710000000000000000e+03,3.683402974274940789e-05,2.086162567138671875e-02,2.548768932536510934e-01
3.711000000000000000e+03,3.683249815367162228e-05,1.928210258483886719e-02,2.511025647439973918e-01
3.712000000000000000e+03,3.683134855236858130e-05,1.942515373229980469e-02,2.504808245825234092e-01
3.713000000000000000e+03,3.682990791276097298e-05,1.999139785766601562e-02,2.534871211280034231e-01
3.714000000000000000e+03,3.682813985506072640e-05,2.095103263854980469e-02,2.587463114350596616e-01
3.715000000000000000e+03,3.682668102555908263e-05,2.112388610839843750e-02,2.624328648630935290e-01
3.716000000000000000e+03,3.682568058138713241e-05,1.965761184692382812e-02,2.608529133939361810e-01
3.717000000000000000e+03,3.682525857584550977e-05,1.859664916992187500e-02,2.587463114350596616e-01
3.718000000000000000e+03,3.682480382849462330e-05,1.755952835083007812e-02,2.550158704662158771e-01
3.719000000000000000e+03,3.682395617943257093e-05,1.530647277832031250e-02,2.505247121233333818e-01
3.720000000000000000e+03,3.682328679133206606e-05,1.389384269714355469e-02,2.496689050775397489e-01
3.721000000000000000e+03,3.682287569972686470e-05,1.130700111389160156e-02,2.566909116071280916e-01
3.722000000000000000e+03,3.682421083794906735e-05,1.295208930969238281e-02,2.642468832165705273e-01
3.723000000000000000e+03,3.682254100567661226e-05,1.186728477478027344e-02,2.592729619247788331e-01
3.724000000000000000e+03,3.682139868033118546e-05,1.395344734191894531e-02,2.597996124144979491e-01
3.725000000000000000e+03,3.682048918562941253e-05,1.336932182312011719e-02,2.642980853475154213e-01
3.726000000000000000e+03,3.681825546664185822e-05,1.181364059448242188e-02,2.814142262633869684e-01
3.727000000000000000e+03,3.681689850054681301e-05,1.198649406433105469e-02,2.893505565598488150e-01
3.728000000000000000e+03,3.681436282931827009e-05,1.283288002014160156e-02,2.980037166895393996e-01
3.729000000000000000e+03,3.681446833070367575e-05,2.118349075317382812e-02,2.929859078569377329e-01
3.730000000000000000e+03,3.681319503812119365e-05,1.698732376098632812e-02,2.955167560436435248e-01
3.731000000000000000e+03,3.681115049403160810e-05,1.893043518066406250e-02,3.008271484816446573e-01
3.732000000000000000e+03,3.680783993331715465e-05,1.863837242126464844e-02,2.928396160542379723e-01
3.733000000000000000e+03,3.680614463519304991e-05,1.834034919738769531e-02,2.898772070495679309e-01
3.734000000000000000e+03,3.680430017993785441e-05,1.882910728454589844e-02,2.854738237883052143e-01
3.735000000000000000e+03,3.680212830659002066e-05,1.821517944335937500e-02,2.864393496861236676e-01
3.736000000000000000e+03,3.679919245769269764e-05,1.757144927978515625e-02,2.874780214852918903e-01
3.737000000000000000e+03,3.679606743389740586e-05,1.589655876159667969e-02,2.906891265545515912e-01
3.738000000000000000e+03,3.679373912746086717e-05,1.475214958190917969e-02,2.901185885240225026e-01
3.739000000000000000e+03,3.679173096315935254e-05,1.279711723327636719e-02,2.885313224647301222e-01
3.740000000000000000e+03,3.680359077407047153e-05,1.125931739807128906e-02,2.801707459404390588e-01
3.741000000000000000e+03,3.679069777717813849e-05,1.245737075805664062e-02,2.866661019803082300e-01
3.742000000000000000e+03,3.678900247905403376e-05,1.187920570373535156e-02,2.833233342886187778e-01
3.743000000000000000e+03,3.678585926536470652e-05,1.096129417419433594e-02,2.780202564407526222e-01
3.744000000000000000e+03,3.678436041809618473e-05,1.061558723449707031e-02,2.782982108658821896e-01
3.745000000000000000e+03,3.678301072795875371e-05,1.007318496704101562e-02,2.780641439815625948e-01
3.746000000000000000e+03,3.678009670693427324e-05,1.074075698852539062e-02,2.879095823032561952e-01
3.747000000000000000e+03,3.677843415061943233e-05,1.138448715209960938e-02,2.928396160542379723e-01
3.748000000000000000e+03,3.677439963212236762e-05,1.358389854431152344e-02,3.015439783148735065e-01
3.749000000000000000e+03,3.677228232845664024e-05,1.618266105651855469e-02,3.020267412637827054e-01
3.750000000000000000e+03,3.676915002870373428e-05,1.947283744812011719e-02,2.963286755486271851e-01
3.751000000000000000e+03,3.676626511150971055e-05,2.211928367614746094e-02,2.865783268986883958e-01
3.752000000000000000e+03,3.676414416986517608e-05,1.924037933349609375e-02,2.740996361283991600e-01
3.753000000000000000e+03,3.676177220768295228e-05,1.972913742065429688e-02,2.698864322106461211e-01
3.754000000000000000e+03,3.676010601338930428e-05,1.820325851440429688e-02,2.714151815488586306e-01
3.755000000000000000e+03,3.675857078633271158e-05,1.668334007263183594e-02,2.728049536745063008e-01
3.756000000000000000e+03,3.675691914395429194e-05,1.445412635803222656e-02,2.802146334812489759e-01
3.757000000000000000e+03,3.675527477753348649e-05,9.638071060180664062e-03,2.861979682116689849e-01
3.758000000000000000e+03,3.675317930174060166e-05,6.592273712158203125e-03,2.941342985081308314e-01
3.759000000000000000e+03,3.675089828902855515e-05,5.096197128295898438e-03,2.986254568510133822e-01
3.760000000000000000e+03,3.674917752505280077e-05,4.529953002929687500e-03,2.990058155380327376e-01
3.761000000000000000e+03,3.674757681437768042e-05,5.722045898437500000e-03,2.963286755486271851e-01
3.762000000000000000e+03,3.674672916531562805e-05,8.720159530639648438e-03,2.948950158821695422e-01
3.763000000000000000e+03,3.675280095194466412e-05,9.536743164062500000e-05,2.965700570230817568e-01
3.764000000000000000e+03,3.674635081551969051e-05,6.753206253051757812e-03,2.952753745691888976e-01
3.765000000000000000e+03,3.674545951071195304e-05,6.020069122314453125e-03,2.968626406284812780e-01
3.766000000000000000e+03,3.674472100101411343e-05,6.377696990966796875e-03,3.007320588098898462e-01
3.767000000000000000e+03,3.674324034363962710e-05,9.000301361083984375e-03,2.967090342356465404e-01
3.768000000000000000e+03,3.674273830256424844e-05,5.906820297241210938e-03,3.145566341650168352e-01
3.769000000000000000e+03,3.674177060020156205e-05,6.300210952758789062e-03,3.066641914093649612e-01
3.770000000000000000e+03,3.674056279123760760e-05,5.948543548583984375e-03,2.974843807899552606e-01
3.771000000000000000e+03,3.673959508887492120e-05,5.286931991577148438e-03,2.948950158821695422e-01
3.772000000000000000e+03,3.673866012832149863e-05,3.677606582641601562e-03,2.944195675233953757e-01
3.773000000000000000e+03,3.673771061585284770e-05,2.086162567138671875e-03,3.023558978198571667e-01
3.774000000000000000e+03,3.673685569083318114e-05,5.602836608886718750e-04,3.107237889342832626e-01
3.775000000000000000e+03,3.673496030387468636e-05,1.668930053710937500e-04,3.193403761132989072e-01
3.776000000000000000e+03,3.673162427730858326e-05,9.655952453613281250e-04,3.317751793427782259e-01
3.777000000000000000e+03,3.672808816190809011e-05,1.472234725952148438e-03,3.336403998272001181e-01
3.778000000000000000e+03,3.672383536468259990e-05,2.855062484741210938e-03,3.301513403328109608e-01
3.779000000000000000e+03,3.671922240755520761e-05,4.458427429199218750e-03,3.166632361238933546e-01
3.780000000000000000e+03,3.671303784358315170e-05,5.096197128295898438e-03,3.013025968404189348e-01
3.781000000000000000e+03,3.670703881653025746e-05,4.094839096069335938e-03,2.924592573672186169e-01
3.782000000000000000e+03,3.670215301099233329e-05,2.902746200561523438e-03,2.883923452521653941e-01
3.783000000000000000e+03,3.669911166070960462e-05,1.919269561767578125e-03,2.875292236162367843e-01
3.784000000000000000e+03,3.669767102110199630e-05,1.376867294311523438e-03,2.882972555804105275e-01
3.785000000000000000e+03,3.669604848255403340e-05,2.193450927734375000e-03,2.879095823032561952e-01
3.786000000000000000e+03,3.669445140985772014e-05,2.819299697875976562e-03,2.839011869092828433e-01
3.787000000000000000e+03,3.669262878247536719e-05,4.184246063232421875e-03,2.806900818400231978e-01
3.788000000000000000e+03,3.669163561426103115e-05,4.774332046508789062e-03,2.797391851224747539e-01
3.789000000000000000e+03,3.669087527669034898e-05,5.245208740234375000e-03,2.787809738147913330e-01
3.790000000000000000e+03,3.668994395411573350e-05,5.501508712768554688e-03,2.781592336533174059e-01
3.791000000000000000e+03,3.668849603855051100e-05,5.358457565307617188e-03,2.756722730074215311e-01
3.792000000000000000e+03,3.668633871711790562e-05,7.587671279907226562e-03,2.748603535024378708e-01
3.793000000000000000e+03,3.668371209641918540e-05,5.942583084106445312e-03,2.656293407520832206e-01
3.794000000000000000e+03,3.668271529022604227e-05,3.349781036376953125e-03,2.712250022053488974e-01
3.795000000000000000e+03,3.668009594548493624e-05,5.215406417846679688e-03,2.604652401167818487e-01
3.796000000000000000e+03,3.667774581117555499e-05,6.997585296630859375e-03,2.623304606012037410e-01
3.797000000000000000e+03,3.667355485958978534e-05,1.123547554016113281e-02,2.694548713926818717e-01
3.798000000000000000e+03,3.667029523057863116e-05,1.655220985412597656e-02,2.710348228618392197e-01
3.799000000000000000e+03,3.666751945274882019e-05,2.277493476867675781e-02,2.721832135130323183e-01
3.800000000000000000e+03,3.666612610686570406e-05,2.567172050476074219e-02,2.674945612365051129e-01
3.801000000000000000e+03,3.666478369268588722e-05,2.679228782653808594e-02,2.637641202676613283e-01
3.802000000000000000e+03,3.666333941509947181e-05,2.742409706115722656e-02,2.598508145454428431e-01
3.803000000000000000e+03,3.666143675218336284e-05,2.697706222534179688e-02,2.590388950404591828e-01
3.804000000000000000e+03,3.665940312203019857e-05,2.539157867431640625e-02,2.586585363534398274e-01
3.805000000000000000e+03,3.665790063678286970e-05,2.458095550537109375e-02,2.621914833886389573e-01
3.806000000000000000e+03,3.665645635919645429e-05,2.495646476745605469e-02,2.664412602570668809e-01
3.807000000000000000e+03,3.665604526759125292e-05,2.296566963195800781e-02,2.683064807414887731e-01
3.808000000000000000e+03,3.665517579065635800e-05,2.611875534057617188e-02,2.675457633674500624e-01
3.809000000000000000e+03,3.665374970296397805e-05,2.671480178833007812e-02,2.649198255089894039e-01
3.810000000000000000e+03,3.665248732431791723e-05,2.681612968444824219e-02,2.585049299606050899e-01
3.811000000000000000e+03,3.665102849481627345e-05,2.749562263488769531e-02,2.521046635924907298e-01
3.812000000000000000e+03,3.664985342766158283e-05,2.740621566772460938e-02,2.497127926183497215e-01
3.813000000000000000e+03,3.664815085357986391e-05,2.689361572265625000e-02,2.507222060569780364e-01
3.814000000000000000e+03,3.664667747216299176e-05,2.635717391967773438e-02,2.557765878402545878e-01
3.815000000000000000e+03,3.664323230623267591e-05,2.659559249877929688e-02,2.649198255089894039e-01
3.816000000000000000e+03,3.663865936687216163e-05,3.040432929992675781e-02,2.696011631953816323e-01
3.817000000000000000e+03,3.663506504381075501e-05,3.306269645690917969e-02,2.681675035289239895e-01
3.818000000000000000e+03,3.663279130705632269e-05,3.741979598999023438e-02,2.811728447889323412e-01
3.819000000000000000e+03,3.663100505946204066e-05,3.778338432312011719e-02,2.793076243045104490e-01
3.820000000000000000e+03,3.662950985017232597e-05,3.973841667175292969e-02,2.707495538465747309e-01
3.821000000000000000e+03,3.662838935269974172e-05,4.267096519470214844e-02,2.685478622159433448e-01
3.822000000000000000e+03,3.662683957372792065e-05,4.695057868957519531e-02,2.801195438094941093e-01
3.823000000000000000e+03,3.662864401121623814e-05,5.530714988708496094e-02,2.622865730603937684e-01
3.824000000000000000e+03,3.662566450657323003e-05,5.014538764953613281e-02,2.733242895740904399e-01
3.825000000000000000e+03,3.662320159492082894e-05,4.621744155883789062e-02,2.777788749662980505e-01
3.826000000000000000e+03,3.662140807136893272e-05,4.483461380004882812e-02,2.828917734706545284e-01
3.827000000000000000e+03,3.661917071440257132e-05,4.502534866333007812e-02,2.886849288575649153e-01
3.828000000000000000e+03,3.661768278107047081e-05,4.636645317077636719e-02,2.912157770442707072e-01
3.829000000000000000e+03,3.661595474113710225e-05,4.904866218566894531e-02,2.934101540847670053e-01
3.830000000000000000e+03,3.661407026811502874e-05,5.159378051757812500e-02,2.953265767001338471e-01
3.831000000000000000e+03,3.661200389615260065e-05,5.410313606262207031e-02,2.996275556995066647e-01
3.832000000000000000e+03,3.661470691440626979e-05,5.809664726257324219e-02,2.984352775075036490e-01
3.833000000000000000e+03,3.661111986730247736e-05,5.546808242797851562e-02,2.992471970124873093e-01
3.834000000000000000e+03,3.660979928099550307e-05,5.550384521484375000e-02,2.985742547200684327e-01
3.835000000000000000e+03,3.660688525997102261e-05,5.658864974975585938e-02,2.974331786590103666e-01
3.836000000000000000e+03,3.660529910121113062e-05,5.822777748107910156e-02,2.953777788310787411e-01
3.837000000000000000e+03,3.660369839053601027e-05,6.099343299865722656e-02,2.959995189925527237e-01
3.838000000000000000e+03,3.660243237391114235e-05,6.258487701416015625e-02,2.964749673513269457e-01
3.839000000000000000e+03,3.660106449387967587e-05,6.300806999206542969e-02,2.980037166895393996e-01
3.840000000000000000e+03,3.659967114799655974e-05,6.222724914550781250e-02,2.980549188204842936e-01
3.841000000000000000e+03,3.659821595647372305e-05,6.028413772583007812e-02,2.982450981639939713e-01
3.842000000000000000e+03,3.662240487756207585e-05,5.313754081726074219e-02,2.479426618056826404e-01
3.843000000000000000e+03,3.659772846731357276e-05,5.950331687927246094e-02,2.927445263824831057e-01
3.844000000000000000e+03,3.659578578663058579e-05,5.912780761718750000e-02,2.904477450800969640e-01
3.845000000000000000e+03,3.659417052404023707e-05,5.878210067749023438e-02,2.905940368827966691e-01
3.846000000000000000e+03,3.659192952909506857e-05,6.118416786193847656e-02,2.860077888681593627e-01
3.847000000000000000e+03,3.658962305053137243e-05,6.366968154907226562e-02,2.807924861019129859e-01
3.848000000000000000e+03,3.658643254311755300e-05,6.923675537109375000e-02,2.727537515435614068e-01
3.849000000000000000e+03,3.658373680082149804e-05,7.184743881225585938e-02,2.655781386211383266e-01
3.850000000000000000e+03,3.658167406683787704e-05,7.199645042419433594e-02,2.576052353740015954e-01
3.851000000000000000e+03,3.658063360489904881e-05,7.165670394897460938e-02,2.553962291532352324e-01
3.852000000000000000e+03,3.657839624793268740e-05,6.727576255798339844e-02,2.561715757075439526e-01
3.853000000000000000e+03,3.657682100310921669e-05,6.605386734008789062e-02,2.536846150616480777e-01
3.854000000000000000e+03,3.657547131297178566e-05,6.523728370666503906e-02,2.443585126395386165e-01
3.855000000000000000e+03,3.657447814475744963e-05,6.502270698547363281e-02,2.393407038069369497e-01
3.856000000000000000e+03,3.657282650237902999e-05,6.558299064636230469e-02,2.325527641616682573e-01
3.857000000000000000e+03,3.657129855128005147e-05,6.556510925292968750e-02,2.256185327136997487e-01
3.858000000000000000e+03,3.656953413155861199e-05,6.628632545471191406e-02,2.305924540054914984e-01
3.859000000000000000e+03,3.656773697002790868e-05,6.666183471679687500e-02,2.382435152866887451e-01
3.860000000000000000e+03,3.656641638372093439e-05,6.592869758605957031e-02,2.435977952654999057e-01
3.861000000000000000e+03,3.656464468804188073e-05,6.319880485534667969e-02,2.455507908315416321e-01
3.862000000000000000e+03,3.656822445918805897e-05,5.822777748107910156e-02,2.625718420756583127e-01
3.863000000000000000e+03,3.656386252259835601e-05,6.169676780700683594e-02,2.507222060569780364e-01
3.864000000000000000e+03,3.656235639937222004e-05,5.866885185241699219e-02,2.506710039260331424e-01
3.865000000000000000e+03,3.656043918454088271e-05,5.555748939514160156e-02,2.513878337592618806e-01
3.866000000000000000e+03,3.655948603409342468e-05,5.482435226440429688e-02,2.538235922742128614e-01
3.867000000000000000e+03,3.655866748886182904e-05,5.503296852111816406e-02,2.573126517686020742e-01
3.868000000000000000e+03,3.655794716905802488e-05,5.547404289245605469e-02,2.596094330709882159e-01
3.869000000000000000e+03,3.655747059383429587e-05,5.494952201843261719e-02,2.630034028936226176e-01
3.870000000000000000e+03,3.655687760328873992e-05,5.396604537963867188e-02,2.655781386211383266e-01
3.871000000000000000e+03,3.655640830402262509e-05,5.280971527099609375e-02,2.696450507361915494e-01
3.872000000000000000e+03,3.655573891592212021e-05,5.037784576416015625e-02,2.763452152998404077e-01
3.873000000000000000e+03,3.655492037069052458e-05,4.881024360656738281e-02,2.823139208499905184e-01
3.874000000000000000e+03,3.655967520899139345e-05,4.305839538574218750e-02,2.923129655645188563e-01
3.875000000000000000e+03,3.655463660834357142e-05,4.782080650329589844e-02,2.840401641218476270e-01
3.876000000000000000e+03,3.655364344012923539e-05,4.587769508361816406e-02,2.953265767001338471e-01
3.877000000000000000e+03,3.655263935797847807e-05,4.470944404602050781e-02,2.965188548921368628e-01
3.878000000000000000e+03,3.655135878943838179e-05,4.398226737976074219e-02,2.954655539126986308e-01
3.879000000000000000e+03,3.655044565675780177e-05,4.365444183349609375e-02,2.918375172057446343e-01
3.880000000000000000e+03,3.654972169897519052e-05,4.308223724365234375e-02,2.863369454242337686e-01
3.881000000000000000e+03,3.654900865512900054e-05,4.392862319946289062e-02,2.831258403549741232e-01
3.882000000000000000e+03,3.654794272733852267e-05,4.342794418334960938e-02,2.834696260913185384e-01
3.883000000000000000e+03,3.654678221209906042e-05,4.392862319946289062e-02,2.861979682116689849e-01
3.884000000000000000e+03,3.654598549474030733e-05,4.412531852722167969e-02,2.887727039391847494e-01
3.885000000000000000e+03,3.654477404779754579e-05,4.473328590393066406e-02,2.914498439285903020e-01
3.886000000000000000e+03,3.654337342595681548e-05,4.470348358154296875e-02,2.899722967213227420e-01
3.887000000000000000e+03,3.654142346931621432e-05,4.451870918273925781e-02,2.810777551171775301e-01
3.888000000000000000e+03,3.654360261862166226e-05,3.960728645324707031e-02,2.768645511994245467e-01
3.889000000000000000e+03,3.654091051430441439e-05,4.295706748962402344e-02,2.797391851224747539e-01
3.890000000000000000e+03,3.653955718618817627e-05,4.330873489379882812e-02,2.728927287561261350e-01
3.891000000000000000e+03,3.653798194136470556e-05,4.414916038513183594e-02,2.678749199235244682e-01
3.892000000000000000e+03,3.653719977592118084e-05,4.396438598632812500e-02,2.642980853475154213e-01
3.893000000000000000e+03,3.654439206002280116e-05,5.002021789550781250e-02,2.572175620968472076e-01
3.894000000000000000e+03,3.653648309409618378e-05,4.527568817138671875e-02,2.627620214191679904e-01
3.895000000000000000e+03,3.653575549833476543e-05,4.488229751586914062e-02,2.616648328989198413e-01
3.896000000000000000e+03,3.653435123851522803e-05,4.449486732482910156e-02,2.601360835607073874e-01
3.897000000000000000e+03,3.653622479760088027e-05,4.396438598632812500e-02,2.492373442595754718e-01
3.898000000000000000e+03,3.653388921520672739e-05,4.433393478393554688e-02,2.568810909506377693e-01
3.899000000000000000e+03,3.653284511528909206e-05,4.075169563293457031e-02,2.558789921021444314e-01
3.900000000000000000e+03,3.653192834462970495e-05,4.016757011413574219e-02,2.552060498097255548e-01
3.901000000000000000e+03,3.653124076663516462e-05,3.866553306579589844e-02,2.560179693147092150e-01
3.902000000000000000e+03,3.653065505204722285e-05,3.839731216430664062e-02,2.543063552231220603e-01
3.903000000000000000e+03,3.653039311757311225e-05,3.733634948730468750e-02,2.528653809665294405e-01
3.904000000000000000e+03,3.652916711871512234e-05,3.472566604614257812e-02,2.522948429360004075e-01
3.905000000000000000e+03,3.652852319646626711e-05,3.305077552795410156e-02,2.514317213000718532e-01
3.906000000000000000e+03,3.652690065791830420e-05,3.128051757812500000e-02,2.519144842489810521e-01
3.907000000000000000e+03,3.652638770290650427e-05,3.029704093933105469e-02,2.486668062290464387e-01
3.908000000000000000e+03,3.652526720543392003e-05,3.119111061096191406e-02,2.528653809665294405e-01
3.909000000000000000e+03,3.652454688563011587e-05,3.107786178588867188e-02,2.539625694867776451e-01
3.910000000000000000e+03,3.652420491562224925e-05,3.252625465393066406e-02,2.686429518876982114e-01
3.911000000000000000e+03,3.653264138847589493e-05,2.246499061584472656e-02,2.488935585232310843e-01
3.912000000000000000e+03,3.652321902336552739e-05,3.009438514709472656e-02,2.638665245295511719e-01
3.913000000000000000e+03,3.652219675132073462e-05,2.812743186950683594e-02,2.594192537274785937e-01
3.914000000000000000e+03,3.652095256256870925e-05,2.546906471252441406e-02,2.560691714456541090e-01
3.915000000000000000e+03,3.652062878245487809e-05,2.361536026000976562e-02,2.581245712735857345e-01
3.916000000000000000e+03,3.651980296126566827e-05,2.187490463256835938e-02,2.622865730603937684e-01
3.917000000000000000e+03,3.651874794741161168e-05,1.945495605468750000e-02,2.647296461654797262e-01
3.918000000000000000e+03,3.651770748547278345e-05,1.892447471618652344e-02,2.664924623880118304e-01
3.919000000000000000e+03,3.651654697023332119e-05,1.999139785766601562e-02,2.632447843680771893e-01
3.920000000000000000e+03,3.651598672149702907e-05,2.050995826721191406e-02,2.585561320915499839e-01
3.921000000000000000e+03,3.651516817626543343e-05,2.352595329284667969e-02,2.533920314562485565e-01
3.922000000000000000e+03,3.651463339338079095e-05,2.259016036987304688e-02,2.489447606541759506e-01
3.923000000000000000e+03,3.651374936453066766e-05,2.148151397705078125e-02,2.535383232589483171e-01
3.924000000000000000e+03,3.651230872492305934e-05,1.946091651916503906e-02,2.669240232059760798e-01
3.925000000000000000e+03,3.651113001978956163e-05,1.885294914245605469e-02,2.727537515435614068e-01
3.926000000000000000e+03,3.651001316029578447e-05,1.828074455261230469e-02,2.820798539656708681e-01
3.927000000000000000e+03,3.650905273389071226e-05,1.804232597351074219e-02,2.811728447889323412e-01
3.928000000000000000e+03,3.650817234301939607e-05,1.921653747558593750e-02,2.783494129968270836e-01
3.929000000000000000e+03,3.650705184554681182e-05,2.000927925109863281e-02,2.687892436903979720e-01
3.930000000000000000e+03,3.650574217317625880e-05,2.005100250244140625e-02,2.622865730603937684e-01
3.931000000000000000e+03,3.650486178230494261e-05,2.096295356750488281e-02,2.568298888196928753e-01
3.932000000000000000e+03,3.650394501164555550e-05,2.058744430541992188e-02,2.521046635924907298e-01
3.933000000000000000e+03,3.650335929705761373e-05,2.070069313049316406e-02,2.527264037539646568e-01
3.934000000000000000e+03,3.650244252639822662e-05,2.050995826721191406e-02,2.543063552231220603e-01
3.935000000000000000e+03,3.650154030765406787e-05,2.030134201049804688e-02,2.535383232589483171e-01
3.936000000000000000e+03,3.650021244538947940e-05,1.840591430664062500e-02,2.525362244104550347e-01
3.937000000000000000e+03,3.649907012004405260e-05,1.570582389831542969e-02,2.562081486582188927e-01
3.938000000000000000e+03,3.649797145044431090e-05,1.294612884521484375e-02,2.532018521127389343e-01
3.939000000000000000e+03,3.649655991466715932e-05,1.051425933837890625e-02,2.630546050245675116e-01
3.940000000000000000e+03,3.649578502518124878e-05,1.133680343627929688e-02,2.670630004185408080e-01
3.941000000000000000e+03,3.649470454547554255e-05,1.269578933715820312e-02,2.669240232059760798e-01
3.942000000000000000e+03,3.649415521067567170e-05,1.429319381713867188e-02,2.664412602570668809e-01
3.943000000000000000e+03,3.649310019682161510e-05,1.554489135742187500e-02,2.667338438624664021e-01
3.944000000000000000e+03,3.649317295639775693e-05,1.258254051208496094e-02,2.674506736956951958e-01
3.945000000000000000e+03,3.649253631010651588e-05,1.414418220520019531e-02,2.670630004185408080e-01
3.946000000000000000e+03,3.649159407359547913e-05,1.409649848937988281e-02,2.677871448419046341e-01
3.947000000000000000e+03,3.649006612249650061e-05,1.325607299804687500e-02,2.713712940080486580e-01
3.948000000000000000e+03,3.648880374385043979e-05,1.173019409179687500e-02,2.708446435183295420e-01
3.949000000000000000e+03,3.648769779829308391e-05,1.162290573120117188e-02,2.702667908976655320e-01
3.950000000000000000e+03,3.648587880888953805e-05,1.225471496582031250e-02,2.641956810856256332e-01
3.951000000000000000e+03,3.648527854238636792e-05,1.186132431030273438e-02,2.618111247016196019e-01
3.952000000000000000e+03,3.648383062682114542e-05,1.085996627807617188e-02,2.548256911227061994e-01
3.953000000000000000e+03,3.648245547083206475e-05,9.638071060180664062e-03,2.517243049054713744e-01
3.954000000000000000e+03,3.648173151304945350e-05,1.122355461120605469e-02,2.412498118321687868e-01
3.955000000000000000e+03,3.648054916993714869e-05,8.368492126464843750e-03,2.443585126395386165e-01
3.956000000000000000e+03,3.647966514108702540e-05,6.550550460815429688e-03,2.468015857446245465e-01
3.957000000000000000e+03,3.647870107670314610e-05,5.030632019042968750e-03,2.487033791797213789e-01
3.958000000000000000e+03,3.647736230050213635e-05,3.731250762939453125e-03,2.515780131027716138e-01
3.959000000000000000e+03,3.647640915005467832e-05,3.927946090698242188e-03,2.529604706382843071e-01
3.960000000000000000e+03,3.647584162536077201e-05,4.482269287109375000e-03,2.554474312841801820e-01
3.961000000000000000e+03,3.647450648713856936e-05,4.273653030395507812e-03,2.606627340504265034e-01
3.962000000000000000e+03,3.647783887572586536e-05,2.139806747436523438e-03,2.771571348048240679e-01
3.963000000000000000e+03,3.647351331892423332e-05,3.594160079956054688e-03,2.658707222265377923e-01
3.964000000000000000e+03,3.647175981313921511e-05,3.725290298461914062e-03,2.706983517156297814e-01
3.965000000000000000e+03,3.647035555331967771e-05,3.653764724731445312e-03,2.718028548260129629e-01
3.966000000000000000e+03,3.646902769105508924e-05,5.543231964111328125e-03,2.678749199235244682e-01
3.967000000000000000e+03,3.646758705144748092e-05,6.401538848876953125e-03,2.722344156439772123e-01
3.968000000000000000e+03,3.646658296929672360e-05,7.593631744384765625e-03,2.696450507361915494e-01
3.969000000000000000e+03,3.646554250735789537e-05,7.712841033935546875e-03,2.716565630233132023e-01
3.970000000000000000e+03,3.646449113148264587e-05,6.812810897827148438e-03,2.756722730074215311e-01
3.971000000000000000e+03,3.646366894827224314e-05,5.143880844116210938e-03,2.806461942992132252e-01
3.972000000000000000e+03,3.646294862846843898e-05,2.795457839965820312e-03,2.864759226367985523e-01
3.973000000000000000e+03,3.646217737696133554e-05,1.740455627441406250e-03,2.915010460595351960e-01
3.974000000000000000e+03,3.646114055300131440e-05,4.708766937255859375e-04,2.943244778516405091e-01
3.975000000000000000e+03,3.646046388894319534e-05,1.198053359985351562e-03,2.965188548921368628e-01
3.976000000000000000e+03,3.646042750915512443e-05,1.323223114013671875e-03,2.965700570230817568e-01
3.977000000000000000e+03,3.645927426987327635e-05,9.715557098388671875e-04,2.954655539126986308e-01
3.978000000000000000e+03,3.645876131486147642e-05,7.867813110351562500e-04,2.951363973566241694e-01
3.979000000000000000e+03,3.645825927378609776e-05,4.649162292480468750e-04,2.968114384975363840e-01
3.980000000000000000e+03,3.645773176685906947e-05,1.049041748046875000e-03,2.962409004670073509e-01
3.981000000000000000e+03,3.645751712610945106e-05,3.457069396972656250e-03,3.035116030611852422e-01
3.982000000000000000e+03,3.645688775577582419e-05,3.790855407714843750e-03,3.104385199190187183e-01
3.983000000000000000e+03,3.645598917501047254e-05,3.528594970703125000e-03,3.113967312267021392e-01
3.984000000000000000e+03,3.645494871307164431e-05,3.468990325927734375e-03,3.150320825237911126e-01
3.985000000000000000e+03,3.645414471975527704e-05,2.789497375488281250e-03,3.190989946388442799e-01
3.986000000000000000e+03,3.645356628112494946e-05,3.063678741455078125e-03,3.201522956182825674e-01
3.987000000000000000e+03,3.645275864982977509e-05,3.147125244140625000e-03,3.186674338208800306e-01
3.988000000000000000e+03,3.645238030003383756e-05,2.682209014892578125e-03,3.185723441491251640e-01
3.989000000000000000e+03,3.645188189693726599e-05,2.181529998779296875e-03,3.145566341650168352e-01
3.990000000000000000e+03,3.645151446107774973e-05,1.215934753417968750e-03,3.152295764574357118e-01
3.991000000000000000e+03,3.645146716735325754e-05,3.933906555175781250e-04,3.193915782442438567e-01
3.992000000000000000e+03,3.645071046776138246e-05,2.008676528930664062e-03,3.196183305384284190e-01
3.993000000000000000e+03,3.645016113296151161e-05,3.010034561157226562e-03,3.194793533258636908e-01
3.994000000000000000e+03,3.644898606580682099e-05,3.838539123535156250e-03,3.159902938314744780e-01
3.995000000000000000e+03,3.644824028015136719e-05,3.755092620849609375e-03,3.120184713881760663e-01
3.996000000000000000e+03,3.644782555056735873e-05,6.896257400512695312e-03,3.095315107422802470e-01
3.997000000000000000e+03,3.644631942734122276e-05,5.155801773071289062e-03,3.042723204352239530e-01
3.998000000000000000e+03,3.644558455562219024e-05,4.023313522338867188e-03,3.060424512478910342e-01
3.999000000000000000e+03,3.644474418251775205e-05,2.789497375488281250e-03,3.088585684498613149e-01
4.000000000000000000e+03,3.644382013590075076e-05,2.235174179077148438e-03,3.106360138526634285e-01
4.001000000000000000e+03,3.644289608928374946e-05,2.712011337280273438e-03,3.118282920446664441e-01
4.002000000000000000e+03,3.644324897322803736e-05,5.060434341430664062e-03,3.179944915284611540e-01
4.003000000000000000e+03,3.644212483777664602e-05,3.761053085327148438e-03,3.146005217058268078e-01
4.004000000000000000e+03,3.644072057795710862e-05,5.215406417846679688e-03,3.119233817164212552e-01
4.005000000000000000e+03,3.643978197942487895e-05,6.604194641113281250e-03,3.083392325502772313e-01
4.006000000000000000e+03,3.643906529759988189e-05,5.251169204711914062e-03,3.071396397681391832e-01
4.007000000000000000e+03,3.643845411716029048e-05,3.898143768310546875e-03,3.046526791222433639e-01
4.008000000000000000e+03,3.643804666353389621e-05,2.896785736083984375e-03,3.024070999508020607e-01
4.009000000000000000e+03,3.653919702628627419e-05,1.370906829833984375e-03,4.050966308558962559e-01
4.010000000000000000e+03,3.643788295448757708e-05,2.849102020263671875e-03,3.057059801016815959e-01
4.011000000000000000e+03,3.643718446255661547e-05,3.778934478759765625e-03,3.043674101069788196e-01
4.012000000000000000e+03,3.643661329988390207e-05,4.637241363525390625e-03,3.034604009302403482e-01
4.013000000000000000e+03,3.643601667135953903e-05,4.673004150390625000e-03,3.035993781428050764e-01
4.014000000000000000e+03,3.643508898676373065e-05,4.458427429199218750e-03,3.039797368298244873e-01
4.015000000000000000e+03,3.643425952759571373e-05,3.248453140258789062e-03,3.031678173248408270e-01
4.016000000000000000e+03,3.643935269792564213e-05,1.475811004638671875e-02,2.908281037671163194e-01
4.017000000000000000e+03,3.643383388407528400e-05,5.865097045898437500e-03,3.003517001228704908e-01
4.018000000000000000e+03,3.643259333330206573e-05,4.357099533081054688e-03,2.967602363665914345e-01
4.019000000000000000e+03,3.643125455710105598e-05,3.963708877563476562e-03,2.928908181851828663e-01
4.020000000000000000e+03,3.642932279035449028e-05,4.625320434570312500e-03,2.888239060701296990e-01
4.021000000000000000e+03,3.645115066319704056e-05,2.605915069580078125e-02,2.837987826473929998e-01
4.022000000000000000e+03,3.642877709353342652e-05,7.593631744384765625e-03,2.880997616467658728e-01
4.023000000000000000e+03,3.642692536232061684e-05,8.201599121093750000e-03,2.854738237883052143e-01
4.024000000000000000e+03,3.642569208750501275e-05,1.044869422912597656e-02,2.844205228088669823e-01
4.025000000000000000e+03,3.642448791651986539e-05,1.167058944702148438e-02,2.867173041112531795e-01
4.026000000000000000e+03,3.642388037405908108e-05,1.230835914611816406e-02,2.878730093525812550e-01
4.027000000000000000e+03,3.642295268946327269e-05,1.217126846313476562e-02,2.860443618188343029e-01
4.028000000000000000e+03,3.642251976998522878e-05,1.167654991149902344e-02,2.863369454242337686e-01
4.029000000000000000e+03,3.642182491603307426e-05,1.138448715209960938e-02,2.855250259192501638e-01
4.030000000000000000e+03,3.642099909484386444e-05,1.143217086791992188e-02,2.864393496861236676e-01
4.031000000000000000e+03,3.641935836640186608e-05,1.207590103149414062e-02,2.875292236162367843e-01
4.032000000000000000e+03,3.641835064627230167e-05,1.444816589355468750e-02,2.905940368827966691e-01
4.033000000000000000e+03,3.641759758465923369e-05,1.673102378845214844e-02,2.918375172057446343e-01
4.034000000000000000e+03,3.641639705165289342e-05,1.824498176574707031e-02,2.940830963771858819e-01
4.035000000000000000e+03,3.641556759248487651e-05,1.890063285827636719e-02,2.942732757206956151e-01
4.036000000000000000e+03,3.641461080405861139e-05,1.993775367736816406e-02,2.970016178410460617e-01
4.037000000000000000e+03,3.641643706941977143e-05,2.508163452148437500e-02,2.897309152468681703e-01
4.038000000000000000e+03,3.641411603894084692e-05,2.138018608093261719e-02,2.949462180131144917e-01
4.039000000000000000e+03,3.641345392679795623e-05,2.231597900390625000e-02,2.967602363665914345e-01
4.040000000000000000e+03,3.641291914391331375e-05,2.431273460388183594e-02,2.979525145585944501e-01
4.041000000000000000e+03,3.641181319835595787e-05,2.723336219787597656e-02,3.024070999508020607e-01
4.042000000000000000e+03,3.641084185801446438e-05,3.049373626708984375e-02,2.989180404564129034e-01
4.043000000000000000e+03,3.640949580585584044e-05,3.393888473510742188e-02,3.084343222220320424e-01
4.044000000000000000e+03,3.640797149273566902e-05,3.485679626464843750e-02,3.238315344561814024e-01
4.045000000000000000e+03,3.640599970822222531e-05,3.376603126525878906e-02,3.299611609893012276e-01
4.046000000000000000e+03,3.640451541286893189e-05,3.148317337036132812e-02,3.346424986756934561e-01
4.047000000000000000e+03,3.640164868556894362e-05,2.804994583129882812e-02,3.434053776574088612e-01
4.048000000000000000e+03,3.639996430138126016e-05,2.785325050354003906e-02,3.490449266514845106e-01
4.049000000000000000e+03,3.639774877228774130e-05,2.927184104919433594e-02,3.560815623613428071e-01
4.050000000000000000e+03,3.639552232925780118e-05,3.246068954467773438e-02,3.621599867635176828e-01
4.051000000000000000e+03,3.639419446699321270e-05,3.431439399719238281e-02,3.657075629789867666e-01
4.052000000000000000e+03,3.639320129877887666e-05,3.493428230285644531e-02,3.613480672585340225e-01
4.053000000000000000e+03,3.639184433268383145e-05,3.507137298583984375e-02,3.564692356384971395e-01
4.054000000000000000e+03,3.639046190073713660e-05,3.516674041748046875e-02,3.534044223719372546e-01
4.055000000000000000e+03,3.639050919446162879e-05,3.108978271484375000e-02,3.632132877429559148e-01
4.056000000000000000e+03,3.638948692241683602e-05,3.315210342407226562e-02,3.582832539919741377e-01
4.057000000000000000e+03,3.638704220065847039e-05,3.221035003662109375e-02,3.634985567582204591e-01
4.058000000000000000e+03,3.638536145444959402e-05,3.153681755065917969e-02,3.699573398474147456e-01
4.059000000000000000e+03,3.638310590758919716e-05,2.884268760681152344e-02,3.845133742160405377e-01
4.060000000000000000e+03,3.638219277490861714e-05,2.868771553039550781e-02,3.938467912282850314e-01
4.061000000000000000e+03,3.638106136349961162e-05,2.769827842712402344e-02,3.977747261307734150e-01
4.062000000000000000e+03,3.638000634964555502e-05,2.788305282592773438e-02,3.991571836662861639e-01
4.063000000000000000e+03,3.637892586993984878e-05,2.747178077697753906e-02,4.059085503608799161e-01
4.064000000000000000e+03,3.637806003098376095e-05,2.813935279846191406e-02,4.036117690584937745e-01
4.065000000000000000e+03,3.637752161012031138e-05,2.841353416442871094e-02,4.062889090478993270e-01
4.066000000000000000e+03,3.637680129031650722e-05,2.843141555786132812e-02,4.107946965710517762e-01
4.067000000000000000e+03,3.637621557572856545e-05,2.781152725219726562e-02,4.139107119685566660e-01
4.068000000000000000e+03,3.637582631199620664e-05,2.632737159729003906e-02,4.177435571992902941e-01
4.069000000000000000e+03,3.637550980783998966e-05,2.477169036865234375e-02,4.190236104729131439e-01
4.070000000000000000e+03,3.637533154687844217e-05,2.357959747314453125e-02,4.191260147348029319e-01
4.071000000000000000e+03,3.637498957687057555e-05,2.222061157226562500e-02,4.189358353912932542e-01
4.072000000000000000e+03,3.637412373791448772e-05,2.053380012512207031e-02,4.197989570272218640e-01
4.073000000000000000e+03,3.637775080278515816e-05,2.113580703735351562e-02,4.012637856251626278e-01
4.074000000000000000e+03,3.637381450971588492e-05,2.068281173706054688e-02,4.152053944224494697e-01
4.075000000000000000e+03,3.637315603555180132e-05,2.018213272094726562e-02,4.216129753806988067e-01
4.076000000000000000e+03,3.637257759692147374e-05,2.062320709228515625e-02,4.106045172275421540e-01
4.077000000000000000e+03,3.637078043539077044e-05,2.217888832092285156e-02,4.154394613067690645e-01
4.078000000000000000e+03,3.636964174802415073e-05,2.400875091552734375e-02,4.145763396708405102e-01
4.079000000000000000e+03,3.636839755927212536e-05,2.626180648803710938e-02,4.093610369045941333e-01
4.080000000000000000e+03,3.636696783360093832e-05,2.721548080444335938e-02,4.003128889076142394e-01
4.081000000000000000e+03,3.636712790466845036e-05,2.915263175964355469e-02,3.747045088450218220e-01
4.082000000000000000e+03,3.636592737166211009e-05,2.814531326293945312e-02,3.880097483005647274e-01
4.083000000000000000e+03,3.636442124843597412e-05,2.797245979309082031e-02,3.793858465314140505e-01
4.084000000000000000e+03,3.636305700638331473e-05,2.754330635070800781e-02,3.759479891679697316e-01
4.085000000000000000e+03,3.636176916188560426e-05,2.718567848205566406e-02,3.755603158908153993e-01
4.086000000000000000e+03,3.636039036791771650e-05,2.785921096801757812e-02,3.760357642495896213e-01
4.087000000000000000e+03,3.635872781160287559e-05,2.869963645935058594e-02,3.815948527521803579e-01
4.088000000000000000e+03,3.635759640019387007e-05,3.034472465515136719e-02,3.860421235542529916e-01
4.089000000000000000e+03,3.635658140410669148e-05,3.049373626708984375e-02,3.886826905929836040e-01
4.090000000000000000e+03,3.635597749962471426e-05,3.015995025634765625e-02,3.897359915724218360e-01
4.091000000000000000e+03,3.635675238911062479e-05,3.455281257629394531e-02,3.821215032418994739e-01
4.092000000000000000e+03,3.635557732195593417e-05,3.187060356140136719e-02,3.867662679776167622e-01
4.093000000000000000e+03,3.635517714428715408e-05,3.066062927246093750e-02,3.876659625642202567e-01
4.094000000000000000e+03,3.635470056906342506e-05,2.912282943725585938e-02,3.883901069875840828e-01
4.095000000000000000e+03,3.635426764958538115e-05,2.831220626831054688e-02,3.873368060081458508e-01
4.096000000000000000e+03,3.635391476564109325e-05,2.780556678771972656e-02,3.860933256851978856e-01
4.097000000000000000e+03,3.635452230810187757e-05,3.073811531066894531e-02,3.813022691467808367e-01
4.098000000000000000e+03,3.635360189946368337e-05,2.897381782531738281e-02,3.841769030698310994e-01
4.099000000000000000e+03,3.635279426816850901e-05,2.788305282592773438e-02,3.819752114391997133e-01
4.100000000000000000e+03,3.635225584730505943e-05,2.788305282592773438e-02,3.806366414444969370e-01
4.101000000000000000e+03,3.635152097558602691e-05,2.836585044860839844e-02,3.831236020903928119e-01
4.102000000000000000e+03,3.635045868577435613e-05,2.840757369995117188e-02,3.799636991520780605e-01
4.103000000000000000e+03,3.634966924437321723e-05,2.837181091308593750e-02,3.816899424239352245e-01
4.104000000000000000e+03,3.634864333434961736e-05,2.791881561279296875e-02,3.864736843722172410e-01
4.105000000000000000e+03,3.634828681242652237e-05,2.717375755310058594e-02,3.889606450181131159e-01
4.106000000000000000e+03,3.634769018390215933e-05,2.766847610473632812e-02,3.910160448460446858e-01
4.107000000000000000e+03,3.634670065366663039e-05,2.835988998413085938e-02,3.947976879458334198e-01
4.108000000000000000e+03,3.634552194853313267e-05,2.830624580383300781e-02,3.988719146510216196e-01
4.109000000000000000e+03,3.634429594967514277e-05,2.745985984802246094e-02,4.025584680790555425e-01
4.110000000000000000e+03,3.634309541666880250e-05,2.556443214416503906e-02,4.038531505329483462e-01
4.111000000000000000e+03,3.634179302025586367e-05,2.332925796508789062e-02,4.038019484020034522e-01
4.112000000000000000e+03,3.634071981650777161e-05,2.020597457885742188e-02,4.034727918459289908e-01
4.113000000000000000e+03,3.634016684372909367e-05,1.915097236633300781e-02,4.033703875840390918e-01
4.114000000000000000e+03,3.633978849393315613e-05,1.865029335021972656e-02,4.024194908664907033e-01
4.115000000000000000e+03,3.633942469605244696e-05,1.891851425170898438e-02,4.029900288970197919e-01
4.116000000000000000e+03,3.633890082710422575e-05,1.910924911499023438e-02,4.043359134818575451e-01
4.117000000000000000e+03,3.637815825641155243e-05,2.686977386474609375e-02,3.722541211498008873e-01
4.118000000000000000e+03,3.633866435848176479e-05,1.960396766662597656e-02,4.022731990637909982e-01
4.119000000000000000e+03,3.633775486377999187e-05,1.929402351379394531e-02,4.042335092199677016e-01
4.120000000000000000e+03,3.633631422417238355e-05,1.805424690246582031e-02,4.040945320074029734e-01
4.121000000000000000e+03,3.633516826084814966e-05,1.679062843322753906e-02,4.025072659481105930e-01
4.122000000000000000e+03,3.633359665400348604e-05,1.410245895385742188e-02,4.001153949739695848e-01
4.123000000000000000e+03,3.633247251855209470e-05,1.074671745300292969e-02,3.974382549845640877e-01
4.124000000000000000e+03,3.633127926150336862e-05,1.046657562255859375e-02,3.975333446563188433e-01
4.125000000000000000e+03,3.633033702499233186e-05,1.014471054077148438e-02,3.996399466151953073e-01
4.126000000000000000e+03,3.632882726378738880e-05,1.087784767150878906e-02,3.985866456357570753e-01
4.127000000000000000e+03,3.632650623330846429e-05,8.237361907958984375e-03,3.806805289853069096e-01
4.128000000000000000e+03,3.632357038441114128e-05,1.133084297180175781e-02,3.746533067140769280e-01
4.129000000000000000e+03,3.632153675425797701e-05,1.240968704223632812e-02,3.688601513271665411e-01
4.130000000000000000e+03,3.631968502304516733e-05,1.119375228881835938e-02,3.581881643202192711e-01
4.131000000000000000e+03,3.631895742728374898e-05,9.578466415405273438e-03,3.553135303971691195e-01
4.132000000000000000e+03,3.631818981375545263e-05,7.712841033935546875e-03,3.517293812310250400e-01
4.133000000000000000e+03,3.631740037235431373e-05,6.103515625000000000e-03,3.534044223719372546e-01
4.134000000000000000e+03,3.631685103755444288e-05,2.092123031616210938e-03,3.567983921945716008e-01
4.135000000000000000e+03,3.634874883573502302e-05,1.311302185058593750e-04,3.762771457240441930e-01
4.136000000000000000e+03,3.631666186265647411e-05,1.919269561767578125e-03,3.583344561229190872e-01
4.137000000000000000e+03,3.631527943070977926e-05,5.602836608886718750e-04,3.552696428563591469e-01
4.138000000000000000e+03,3.631381696322932839e-05,4.172325134277343750e-04,3.545016108921854592e-01
4.139000000000000000e+03,3.631184517871588469e-05,4.744529724121093750e-03,3.609603939813796902e-01
4.140000000000000000e+03,3.631092477007769048e-05,6.258487701416015625e-03,3.552696428563591469e-01
4.141000000000000000e+03,3.630980791058391333e-05,7.843971252441406250e-03,3.490010391106745935e-01
4.142000000000000000e+03,3.630880746641196311e-05,8.130073547363281250e-03,3.464628763338337691e-01
4.143000000000000000e+03,3.630775609053671360e-05,7.796287536621093750e-03,3.470846164953077517e-01
4.144000000000000000e+03,3.630943319876678288e-05,2.956390380859375000e-03,3.460825176468144138e-01
4.145000000000000000e+03,3.630723949754610658e-05,6.186962127685546875e-03,3.467481453490983134e-01
4.146000000000000000e+03,3.630667197285220027e-05,6.330013275146484375e-03,3.496227792721485206e-01
4.147000000000000000e+03,3.630573337431997061e-05,7.057189941406250000e-03,3.553135303971691195e-01
4.148000000000000000e+03,3.630514402175322175e-05,8.809566497802734375e-03,3.533532202409923051e-01
4.149000000000000000e+03,3.630449646152555943e-05,1.080036163330078125e-02,3.484743886209554220e-01
4.150000000000000000e+03,3.630389983300119638e-05,1.173019409179687500e-02,3.434053776574088612e-01
4.151000000000000000e+03,3.630327773862518370e-05,1.182556152343750000e-02,3.403405643908489764e-01
4.152000000000000000e+03,3.630268111010082066e-05,1.142024993896484375e-02,3.385704335781819507e-01
4.153000000000000000e+03,3.630205901572480798e-05,1.034736633300781250e-02,3.394335552141105050e-01
4.154000000000000000e+03,3.630123319453559816e-05,1.140832901000976562e-02,3.409111024213780095e-01
4.155000000000000000e+03,3.629974162322469056e-05,1.202821731567382812e-02,3.511076410695510575e-01
4.156000000000000000e+03,3.629866478149779141e-05,1.381635665893554688e-02,3.472821104289524619e-01
4.157000000000000000e+03,3.629747152444906533e-05,1.500844955444335938e-02,3.517293812310250400e-01
4.158000000000000000e+03,3.629612183431163430e-05,1.784563064575195312e-02,3.578516931740098883e-01
4.159000000000000000e+03,3.629515776992775500e-05,1.899003982543945312e-02,3.578516931740098883e-01
4.160000000000000000e+03,3.629403363447636366e-05,1.939535140991210938e-02,3.593877571023573192e-01
4.161000000000000000e+03,3.629358616308309138e-05,1.826286315917968750e-02,3.594755321839771534e-01
4.162000000000000000e+03,3.629264756455086172e-05,1.574754714965820312e-02,3.594755321839771534e-01
4.163000000000000000e+03,3.629210186772979796e-05,1.382827758789062500e-02,3.588537920225031708e-01
4.164000000000000000e+03,3.629120692494325340e-05,1.064538955688476562e-02,3.578516931740098883e-01
4.165000000000000000e+03,3.629049388109706342e-05,9.822845458984375000e-03,3.579540974358996763e-01
4.166000000000000000e+03,3.628988270065747201e-05,9.644031524658203125e-03,3.573762448152356663e-01
4.167000000000000000e+03,3.628950071288272738e-05,1.039505004882812500e-02,3.572299530125359057e-01
4.168000000000000000e+03,3.628887134254910052e-05,1.058578491210937500e-02,3.573762448152356663e-01
4.169000000000000000e+03,3.628816193668171763e-05,9.608268737792968750e-03,3.570397736690262280e-01
4.170000000000000000e+03,3.628738340921700001e-05,7.820129394531250000e-03,3.594755321839771534e-01
4.171000000000000000e+03,3.628645572462119162e-05,5.662441253662109375e-03,3.618235156173082445e-01
4.172000000000000000e+03,3.629146885941736400e-05,5.251169204711914062e-03,3.644567680659038800e-01
4.173000000000000000e+03,3.628593913163058460e-05,2.968311309814453125e-03,3.624964579097271766e-01
4.174000000000000000e+03,3.628512422437779605e-05,3.302097320556640625e-03,3.657075629789867666e-01
4.175000000000000000e+03,3.628416015999391675e-05,3.981590270996093750e-03,3.664170782220805833e-01
4.176000000000000000e+03,3.628316335380077362e-05,3.564357757568359375e-03,3.631694002021459977e-01
4.177000000000000000e+03,3.628242848208174109e-05,3.993511199951171875e-03,3.559352705586430465e-01
4.178000000000000000e+03,3.628109698183834553e-05,2.086162567138671875e-03,3.514879997565704128e-01
4.179000000000000000e+03,3.627952901297248900e-05,7.271766662597656250e-04,3.502445194336225032e-01
4.180000000000000000e+03,3.627828846219927073e-05,5.185604095458984375e-04,3.500982276309227426e-01
4.181000000000000000e+03,3.627627302194014192e-05,3.993511199951171875e-04,3.492863081259390823e-01
4.182000000000000000e+03,3.627431215136311948e-05,1.329183578491210938e-03,3.378536037449531015e-01
4.183000000000000000e+03,3.627279511420056224e-05,1.174211502075195312e-03,3.375610201395535803e-01
4.184000000000000000e+03,3.627177284215576947e-05,1.400709152221679688e-03,3.351252616246026550e-01
4.185000000000000000e+03,3.627095793490298092e-05,2.831220626831054688e-03,3.312924163938690270e-01
4.186000000000000000e+03,3.627040132414549589e-05,4.804134368896484375e-03,3.312485288530591099e-01
4.187000000000000000e+03,3.626947363954968750e-05,8.451938629150390625e-03,3.323018298324973419e-01
4.188000000000000000e+03,3.626873876783065498e-05,1.100301742553710938e-02,3.341670503169192896e-01
4.189000000000000000e+03,3.626812394941225648e-05,1.235008239746093750e-02,3.353154409681123327e-01
4.190000000000000000e+03,3.626730904215946794e-05,1.312494277954101562e-02,3.360834729322860204e-01
4.191000000000000000e+03,3.626630132202990353e-05,1.283884048461914062e-02,3.324920091760070195e-01
4.192000000000000000e+03,3.626542456913739443e-05,9.983777999877929688e-03,3.244532746176554405e-01
4.193000000000000000e+03,3.626382749644108117e-05,1.119971275329589844e-02,3.219663139717595102e-01
4.194000000000000000e+03,3.626270336098968983e-05,1.223683357238769531e-02,3.188576131643897082e-01
4.195000000000000000e+03,3.626139732659794390e-05,1.380443572998046875e-02,3.178043121849514763e-01
4.196000000000000000e+03,3.626039324444718659e-05,1.441240310668945312e-02,3.202400706999024016e-01
4.197000000000000000e+03,3.626008765422739089e-05,1.618266105651855469e-02,3.280447383739344414e-01
4.198000000000000000e+03,3.625875615398399532e-05,1.295208930969238281e-02,3.375171325987436632e-01
4.199000000000000000e+03,3.625713725341483951e-05,1.342892646789550781e-02,3.309120577068496716e-01
4.200000000000000000e+03,3.625623867264948785e-05,1.398921012878417969e-02,3.326383009787067802e-01
4.201000000000000000e+03,3.625547833507880569e-05,1.114010810852050781e-02,3.366613255529500859e-01
4.202000000000000000e+03,3.625567478593438864e-05,1.714229583740234375e-02,3.423008745470257352e-01
4.203000000000000000e+03,3.625472163548693061e-05,1.395344734191894531e-02,3.392872634114107444e-01
4.204000000000000000e+03,3.625462341005913913e-05,1.623034477233886719e-02,3.356519121143217710e-01
4.205000000000000000e+03,3.625306999310851097e-05,1.357197761535644531e-02,3.350740594936577610e-01
4.206000000000000000e+03,3.625248427852056921e-05,1.344680786132812500e-02,3.345035214631286724e-01
4.207000000000000000e+03,3.625174213084392250e-05,1.278519630432128906e-02,3.345547235940736219e-01
4.208000000000000000e+03,3.625123645178973675e-05,1.292228698730468750e-02,3.358420914578314487e-01
4.209000000000000000e+03,3.625036697485484183e-05,1.291036605834960938e-02,3.370416842399694413e-01
4.210000000000000000e+03,3.624983582994900644e-05,1.336336135864257812e-02,3.391482861988459607e-01
4.211000000000000000e+03,3.624890450737439096e-05,1.344084739685058594e-02,3.380949852194077287e-01
4.212000000000000000e+03,3.624861710704863071e-05,1.260638236999511719e-02,3.412475735675874478e-01
4.213000000000000000e+03,3.624845703598111868e-05,1.407265663146972656e-02,3.255577777280385665e-01
4.214000000000000000e+03,3.624668897828087211e-05,1.283884048461914062e-02,3.294271959094471347e-01
4.215000000000000000e+03,3.624601595220156014e-05,1.263022422790527344e-02,3.286664785354083684e-01
4.216000000000000000e+03,3.624510281952098012e-05,1.231431961059570312e-02,3.241241180615809236e-01
4.217000000000000000e+03,3.624460077844560146e-05,1.260638236999511719e-02,3.202912728308472956e-01
4.218000000000000000e+03,3.624354940257035196e-05,1.317262649536132812e-02,3.168534154674030323e-01
4.219000000000000000e+03,3.624302189564332366e-05,1.679658889770507812e-02,3.105336095907735294e-01
4.220000000000000000e+03,3.624246528488583863e-05,1.655220985412597656e-02,3.223466726587789211e-01
4.221000000000000000e+03,3.624155942816287279e-05,1.645088195800781250e-02,3.217249324973049385e-01
4.222000000000000000e+03,3.624066448537632823e-05,1.574158668518066406e-02,3.212055965977207994e-01
4.223000000000000000e+03,3.623988231993280351e-05,1.627206802368164062e-02,3.216371574156851043e-01
4.224000000000000000e+03,3.623904922278597951e-05,1.611113548278808594e-02,3.228806377386330140e-01
4.225000000000000000e+03,3.623858719947747886e-05,1.519918441772460938e-02,3.256967549406032947e-01
4.226000000000000000e+03,3.623822703957557678e-05,1.491308212280273438e-02,3.261795178895125491e-01
4.227000000000000000e+03,3.623784141382202506e-05,1.475214958190917969e-02,3.268012580509864762e-01
4.228000000000000000e+03,3.623737575253471732e-05,1.478195190429687500e-02,3.268963477227413428e-01
4.229000000000000000e+03,3.623744123615324497e-05,1.366734504699707031e-02,3.277521547685349201e-01
4.230000000000000000e+03,3.623697921284474432e-05,1.427531242370605469e-02,3.272840209998956751e-01
4.231000000000000000e+03,3.623646989581175148e-05,1.441240310668945312e-02,3.286152764044634744e-01
4.232000000000000000e+03,3.623602970037609339e-05,1.394748687744140625e-02,3.267500559200415822e-01
4.233000000000000000e+03,3.623549855547025800e-05,1.317262649536132812e-02,3.235535800310518906e-01
4.234000000000000000e+03,3.623540033004246652e-05,1.302361488342285156e-02,3.221564933152692434e-01
4.235000000000000000e+03,3.623474913183599710e-05,1.264810562133789062e-02,3.204814521743570288e-01
4.236000000000000000e+03,3.623451993917115033e-05,1.274943351745605469e-02,3.197207348003182625e-01
4.237000000000000000e+03,3.623411612352356315e-05,1.247525215148925781e-02,3.192891739823540131e-01
4.238000000000000000e+03,3.623367956606671214e-05,1.167058944702148438e-02,3.180968957903509975e-01
4.239000000000000000e+03,3.623307566158473492e-05,1.017451286315917969e-02,3.164730567803836769e-01
4.240000000000000000e+03,3.623240991146303713e-05,8.791685104370117188e-03,3.129327951550495146e-01
4.241000000000000000e+03,3.623124212026596069e-05,5.745887756347656250e-03,3.096266004140350581e-01
4.242000000000000000e+03,3.623200609581544995e-05,5.561113357543945312e-03,3.001615207793607576e-01
4.243000000000000000e+03,3.623076554504223168e-05,5.674362182617187500e-03,3.060424512478910342e-01
4.244000000000000000e+03,3.622980511863715947e-05,4.303455352783203125e-03,3.053256214146622405e-01
4.245000000000000000e+03,3.622796793933957815e-05,2.712011337280273438e-03,3.037017824046949199e-01
4.246000000000000000e+03,3.622721851570531726e-05,1.519918441772460938e-03,3.036505802737499704e-01
4.247000000000000000e+03,3.622670919867232442e-05,1.478195190429687500e-03,3.026923689660665495e-01
4.248000000000000000e+03,3.622622898546978831e-05,1.525878906250000000e-03,3.008710360224546299e-01
4.249000000000000000e+03,3.622587973950430751e-05,2.342462539672851562e-03,2.974843807899552606e-01
4.250000000000000000e+03,3.622525764512829483e-05,2.187490463256835938e-03,2.977111330841398784e-01
4.251000000000000000e+03,3.622459189500659704e-05,3.445148468017578125e-03,2.964749673513269457e-01
4.252000000000000000e+03,3.622371514211408794e-05,3.838539123535156250e-03,2.986766589819582762e-01
4.253000000000000000e+03,3.622222720878198743e-05,5.084276199340820312e-03,3.003004979919255413e-01
4.254000000000000000e+03,3.622103758971206844e-05,5.596876144409179688e-03,3.033579966683504492e-01
4.255000000000000000e+03,3.621985888457857072e-05,5.418062210083007812e-03,3.017341576583831841e-01
4.256000000000000000e+03,3.621838186518289149e-05,2.330541610717773438e-03,3.018731348709479678e-01
4.257000000000000000e+03,3.621705400291830301e-05,1.698732376098632812e-03,3.001980937300357533e-01
4.258000000000000000e+03,3.621603900683112442e-05,7.152557373046875000e-05,2.986254568510133822e-01
4.259000000000000000e+03,3.621506039053201675e-05,1.537799835205078125e-03,2.984864796384485985e-01
4.260000000000000000e+03,3.621412179199978709e-05,3.504753112792968750e-03,2.976745601334649383e-01
4.261000000000000000e+03,3.621357245719991624e-05,4.231929779052734375e-03,2.977111330841398784e-01
4.262000000000000000e+03,3.621287760324776173e-05,4.410743713378906250e-03,2.988668383254679539e-01
4.263000000000000000e+03,3.621197902248241007e-05,3.874301910400390625e-03,2.988156361945230599e-01
4.264000000000000000e+03,3.621113501139916480e-05,2.467632293701171875e-03,2.970528199719909557e-01
4.265000000000000000e+03,3.621041832957416773e-05,1.573562622070312500e-03,2.934101540847670053e-01
4.266000000000000000e+03,3.620989082264713943e-05,2.026557922363281250e-04,2.903087678675321803e-01
4.267000000000000000e+03,3.620945062721148133e-05,4.649162292480468750e-04,2.892554668880939484e-01
4.268000000000000000e+03,3.620887946453876793e-05,6.794929504394531250e-04,2.892554668880939484e-01
4.269000000000000000e+03,3.620850475272163749e-05,1.168251037597656250e-03,2.905940368827966691e-01
4.270000000000000000e+03,3.620809366111643612e-05,1.227855682373046875e-03,2.916912254030448737e-01
4.271000000000000000e+03,3.620790084823966026e-05,2.217292785644531250e-03,2.919764944183094180e-01
4.272000000000000000e+03,3.620794814196415246e-05,2.801418304443359375e-04,2.906891265545515912e-01
4.273000000000000000e+03,3.620780262281186879e-05,9.894371032714843750e-04,2.913547542568354909e-01
4.274000000000000000e+03,3.620727147790603340e-05,1.907348632812500000e-03,2.898772070495679309e-01
4.275000000000000000e+03,3.620618736022152007e-05,3.230571746826171875e-03,2.861979682116689849e-01
4.276000000000000000e+03,3.620579445851035416e-05,3.588199615478515625e-03,2.843327477272471482e-01
4.277000000000000000e+03,3.620515417424030602e-05,2.610683441162109375e-03,2.842303434653573047e-01
4.278000000000000000e+03,3.620454299380071461e-05,2.658367156982421875e-03,2.860077888681593627e-01
4.279000000000000000e+03,3.620401912485249341e-05,1.668930053710937500e-03,2.902063636056423368e-01
4.280000000000000000e+03,3.620354982558637857e-05,2.157688140869140625e-03,2.924592573672186169e-01
4.281000000000000000e+03,3.620301140472292900e-05,2.491474151611328125e-03,2.931248850695024610e-01
4.282000000000000000e+03,3.620245115598663688e-05,1.561641693115234375e-03,2.892042647571490543e-01
4.283000000000000000e+03,3.620175266405567527e-05,4.172325134277343750e-04,2.863881475551787181e-01
4.284000000000000000e+03,3.620076677179895341e-05,3.892183303833007812e-03,2.804560149557036031e-01
4.285000000000000000e+03,3.619985363911837339e-05,5.233287811279296875e-03,2.754308915329669039e-01
4.286000000000000000e+03,3.619861308834515512e-05,7.969141006469726562e-03,2.709909353210293026e-01
4.287000000000000000e+03,3.619714334490709007e-05,9.971857070922851562e-03,2.696011631953816323e-01
4.288000000000000000e+03,3.619645212893374264e-05,1.026391983032226562e-02,2.730463351489608725e-01
4.289000000000000000e+03,3.619680137489922345e-05,9.125471115112304688e-03,2.773473141483337456e-01
4.290000000000000000e+03,3.619601193349808455e-05,9.769201278686523438e-03,2.749115556333827648e-01
4.291000000000000000e+03,3.619519702624529600e-05,9.363889694213867188e-03,2.745677698970383496e-01
4.292000000000000000e+03,3.619442577473819256e-05,1.002550125122070312e-02,2.762062380872756795e-01
4.293000000000000000e+03,3.619337076088413596e-05,1.175403594970703125e-02,2.799732520067943486e-01
4.294000000000000000e+03,3.619267226895317435e-05,1.410245895385742188e-02,2.805949921682683312e-01
4.295000000000000000e+03,3.619195194914937019e-05,1.556277275085449219e-02,2.873902464036720561e-01
4.296000000000000000e+03,3.619133713073097169e-05,1.496672630310058594e-02,2.910694852415709466e-01
4.297000000000000000e+03,3.619042763602919877e-05,1.506805419921875000e-02,2.937466252309764991e-01
4.298000000000000000e+03,3.618957634898833930e-05,1.430511474609375000e-02,2.943244778516405091e-01
4.299000000000000000e+03,3.618859773268923163e-05,1.379847526550292969e-02,2.943244778516405091e-01
4.300000000000000000e+03,3.618810296757146716e-05,1.423358917236328125e-02,2.935125583466568489e-01
4.301000000000000000e+03,3.618786286097019911e-05,1.491904258728027344e-02,2.922690780237089392e-01
4.302000000000000000e+03,3.618713162722997367e-05,1.596212387084960938e-02,2.917424275339898232e-01
4.303000000000000000e+03,3.618668051785789430e-05,1.631975173950195312e-02,2.919326068774994454e-01
4.304000000000000000e+03,3.618669870775192976e-05,2.024173736572265625e-02,2.945658593260951363e-01
4.305000000000000000e+03,3.618634946178644896e-05,1.821517944335937500e-02,2.931760872004474106e-01
4.306000000000000000e+03,3.618591654230840504e-05,1.766681671142578125e-02,2.931248850695024610e-01
4.307000000000000000e+03,3.618541813921183348e-05,1.697540283203125000e-02,2.952314870283789805e-01
4.308000000000000000e+03,3.618481059675104916e-05,1.536011695861816406e-02,3.002492958609806473e-01
4.309000000000000000e+03,3.618449409259483218e-05,1.541972160339355469e-02,3.023558978198571667e-01
4.310000000000000000e+03,3.618401024141348898e-05,1.563429832458496094e-02,3.057059801016815959e-01
4.311000000000000000e+03,3.618378104874864221e-05,1.551508903503417969e-02,3.080978510758226041e-01
4.312000000000000000e+03,3.618304253905080259e-05,1.487731933593750000e-02,3.112065518831924060e-01
4.313000000000000000e+03,3.618243135861121118e-05,1.366138458251953125e-02,3.143152526905622635e-01
4.314000000000000000e+03,3.620537972892634571e-05,3.179907798767089844e-02,3.277521547685349201e-01
4.315000000000000000e+03,3.618219488998875022e-05,1.498460769653320312e-02,3.152661494081107074e-01
4.316000000000000000e+03,3.618169284891337156e-05,1.379847526550292969e-02,3.178043121849514763e-01
4.317000000000000000e+03,3.618092159740626812e-05,1.422762870788574219e-02,3.202400706999024016e-01
4.318000000000000000e+03,3.618011760408990085e-05,1.291632652282714844e-02,3.235535800310518906e-01
4.319000000000000000e+03,3.617963011492975056e-05,1.287460327148437500e-02,3.246946560921100122e-01
4.320000000000000000e+03,3.617904803832061589e-05,1.228451728820800781e-02,3.248848354356196899e-01
4.321000000000000000e+03,3.617888796725310385e-05,1.072883605957031250e-02,3.314460227867037645e-01
4.322000000000000000e+03,3.617869879235513508e-05,1.139640808105468750e-02,3.286152764044634744e-01
4.323000000000000000e+03,3.617785478127188981e-05,1.156330108642578125e-02,3.264208993639671208e-01
4.324000000000000000e+03,3.617723996285349131e-05,1.110434532165527344e-02,3.244532746176554405e-01
4.325000000000000000e+03,3.617665061028674245e-05,1.053810119628906250e-02,3.221564933152692434e-01
4.326000000000000000e+03,3.617596667027100921e-05,9.512901306152343750e-03,3.214835510228503113e-01
4.327000000000000000e+03,3.617560651036910713e-05,8.130073547363281250e-03,3.218785388901396760e-01
4.328000000000000000e+03,3.617484617279842496e-05,6.556510925292968750e-03,3.246946560921100122e-01
4.329000000000000000e+03,3.617430047597736120e-05,5.775690078735351562e-03,3.286152764044634744e-01
4.330000000000000000e+03,3.617383117671124637e-05,5.441904067993164062e-03,3.362736522757957536e-01
4.331000000000000000e+03,3.617336187744513154e-05,5.972385406494140625e-03,3.390458819369561172e-01
4.332000000000000000e+03,3.617299807956442237e-05,6.705522537231445312e-03,3.427763229057999572e-01
4.333000000000000000e+03,3.617265610955655575e-05,6.508827209472656250e-03,3.452705981418307535e-01
4.334000000000000000e+03,3.617243783082813025e-05,5.757808685302734375e-03,3.484231864900105280e-01
4.335000000000000000e+03,3.617401671363040805e-05,1.305341720581054688e-03,3.424471663497254403e-01
4.336000000000000000e+03,3.617232869146391749e-05,4.857778549194335938e-03,3.472309082980075123e-01
4.337000000000000000e+03,3.617157562985084951e-05,3.111362457275390625e-03,3.520146502462895288e-01
4.338000000000000000e+03,3.617109905462712049e-05,1.198053359985351562e-03,3.540261625334111817e-01
4.339000000000000000e+03,3.617050606408156455e-05,5.483627319335937500e-04,3.513929100848156017e-01
4.340000000000000000e+03,3.617032416514120996e-05,1.204013824462890625e-03,3.496227792721485206e-01
4.341000000000000000e+03,3.616984031395986676e-05,2.461671829223632812e-03,3.486645679644651552e-01
4.342000000000000000e+03,3.616939648054540157e-05,3.808736801147460938e-03,3.490010391106745935e-01
4.343000000000000000e+03,3.616898538894020021e-05,5.233287811279296875e-03,3.510564389386061634e-01
4.344000000000000000e+03,3.616859976318664849e-05,6.020069122314453125e-03,3.534483099127472272e-01
4.345000000000000000e+03,3.616837057052180171e-05,6.365776062011718750e-03,3.569446839972713614e-01
4.346000000000000000e+03,3.616790854721330106e-05,7.122755050659179688e-03,3.601484744763960300e-01
4.347000000000000000e+03,3.616762842284515500e-05,6.794929504394531250e-03,3.607702146378700125e-01
4.348000000000000000e+03,3.616735921241343021e-05,6.586313247680664062e-03,3.609165064405697732e-01
4.349000000000000000e+03,3.616700632846914232e-05,6.431341171264648438e-03,3.611505733248893679e-01
4.350000000000000000e+03,3.616655521909706295e-05,6.330013275146484375e-03,3.617357405356883548e-01
4.351000000000000000e+03,3.616627145675010979e-05,5.900859832763671875e-03,3.621160992227077657e-01
4.352000000000000000e+03,3.616583489929325879e-05,5.167722702026367188e-03,3.617357405356883548e-01
4.353000000000000000e+03,3.616572939790785313e-05,4.130601882934570312e-03,3.606312374253052289e-01
4.354000000000000000e+03,3.616560570662841201e-05,3.445148468017578125e-03,3.599070930019414583e-01
4.355000000000000000e+03,3.616534741013310850e-05,2.741813659667968750e-03,3.591975777588475860e-01
4.356000000000000000e+03,3.616497997427359223e-05,2.151727676391601562e-03,3.594316446431672363e-01
4.357000000000000000e+03,3.616487811086699367e-05,1.722574234008789062e-03,3.613041797177241055e-01
4.358000000000000000e+03,3.616452522692270577e-05,1.686811447143554688e-03,3.638789154452398145e-01
4.359000000000000000e+03,3.616428148234263062e-05,1.537799835205078125e-03,3.663293031404607492e-01
4.360000000000000000e+03,3.616402682382613420e-05,2.217292785644531250e-03,3.693868018168857126e-01
4.361000000000000000e+03,3.616365211200900376e-05,2.402067184448242188e-03,3.703011255837591609e-01
4.362000000000000000e+03,3.616360118030570447e-05,2.366304397583007812e-03,3.700085419783596397e-01
4.363000000000000000e+03,3.616328103817068040e-05,2.402067184448242188e-03,3.697671605039050680e-01
4.364000000000000000e+03,3.616342655732296407e-05,2.402067184448242188e-03,3.697159583729601184e-01
4.365000000000000000e+03,3.616327740019187331e-05,2.437829971313476562e-03,3.696281832913402843e-01
4.366000000000000000e+03,3.616324102040380239e-05,2.461671829223632812e-03,3.695769811603953348e-01
4.367000000000000000e+03,3.616301910369656980e-05,2.521276473999023438e-03,3.690942182114861358e-01
4.368000000000000000e+03,3.616293543018400669e-05,2.545118331909179688e-03,3.690942182114861358e-01
4.369000000000000000e+03,3.616246976889669895e-05,2.646446228027343750e-03,3.689552409989214077e-01
4.370000000000000000e+03,3.616124377003870904e-05,3.665685653686523438e-03,3.637911403636199803e-01
4.371000000000000000e+03,3.616012691054493189e-05,4.619359970092773438e-03,3.589049941534481203e-01
4.372000000000000000e+03,3.615942114265635610e-05,5.114078521728515625e-03,3.583344561229190872e-01
4.373000000000000000e+03,3.615901005105115473e-05,5.149841308593750000e-03,3.608726188997598561e-01
4.374000000000000000e+03,3.615841342252679169e-05,4.887580871582031250e-03,3.616333362737985668e-01
4.375000000000000000e+03,3.615743844420649111e-05,3.731250762939453125e-03,3.645518577376586911e-01
4.376000000000000000e+03,3.615679452195763588e-05,2.390146255493164062e-03,3.645518577376586911e-01
4.377000000000000000e+03,3.615628156694583595e-05,3.242492675781250000e-03,3.639813197071296580e-01
4.378000000000000000e+03,3.615615423768758774e-05,4.035234451293945312e-03,3.623574806971623929e-01
4.379000000000000000e+03,3.615587775129824877e-05,4.124641418457031250e-03,3.614431569302888891e-01
4.380000000000000000e+03,3.615544846979901195e-05,3.725290298461914062e-03,3.608726188997598561e-01
4.381000000000000000e+03,3.615500827436335385e-05,3.492832183837890625e-03,3.589561962843930143e-01
4.382000000000000000e+03,3.615467721829190850e-05,3.051757812500000000e-03,3.600094972638312463e-01
4.383000000000000000e+03,3.615416790125891566e-05,3.188848495483398438e-03,3.582832539919741377e-01
4.384000000000000000e+03,3.615336754592135549e-05,3.802776336669921875e-03,3.547429923666400309e-01
4.385000000000000000e+03,3.615300374804064631e-05,4.303455352783203125e-03,3.511515286103610300e-01
4.386000000000000000e+03,3.615238892962224782e-05,5.352497100830078125e-03,3.451243063391309929e-01
4.387000000000000000e+03,3.615160312619991601e-05,6.651878356933593750e-03,3.400040932446395381e-01
4.388000000000000000e+03,3.615100285969674587e-05,8.362531661987304688e-03,3.358859789986414213e-01
4.389000000000000000e+03,3.615137029555626214e-05,6.210803985595703125e-03,3.309120577068496716e-01
4.390000000000000000e+03,3.615060995798557997e-05,7.468461990356445312e-03,3.338305791707097958e-01
4.391000000000000000e+03,3.615000605350360274e-05,7.706880569458007812e-03,3.349789698219028944e-01
4.392000000000000000e+03,3.614938759710639715e-05,6.747245788574218750e-03,3.360322708013411819e-01
4.393000000000000000e+03,3.614879824453964829e-05,5.882978439331054688e-03,3.371367739117243079e-01
4.394000000000000000e+03,3.614833985920995474e-05,5.006790161132812500e-03,3.353154409681123327e-01
4.395000000000000000e+03,3.614982415456324816e-05,3.349781036376953125e-03,3.414377529110971810e-01
4.396000000000000000e+03,3.614805609686300159e-05,4.595518112182617188e-03,3.368515048964597636e-01
4.397000000000000000e+03,3.614772867877036333e-05,4.786252975463867188e-03,3.341231627761093170e-01
4.398000000000000000e+03,3.614722663769498467e-05,4.935264587402343750e-03,3.317751793427782259e-01
4.399000000000000000e+03,3.614702291088178754e-05,5.102157592773437500e-03,3.318263814737231199e-01
4.400000000000000000e+03,3.614663728512823582e-05,4.357099533081054688e-03,3.337354894989549847e-01
4.401000000000000000e+03,3.614636443671770394e-05,3.254413604736328125e-03,3.367491006345699200e-01
4.402000000000000000e+03,3.614604065660387278e-05,1.621246337890625000e-03,3.394335552141105050e-01
4.403000000000000000e+03,3.614597517298534513e-05,2.360343933105468750e-03,3.400040932446395381e-01
4.404000000000000000e+03,3.614520392147824168e-05,3.933906555175781250e-04,3.372830657144240685e-01
4.405000000000000000e+03,3.614478555391542614e-05,9.775161743164062500e-04,3.338817813016547453e-01
4.406000000000000000e+03,3.614408706198446453e-05,1.406669616699218750e-03,3.276131775559701365e-01
4.407000000000000000e+03,3.614358138293027878e-05,1.996755599975585938e-03,3.256967549406032947e-01
4.408000000000000000e+03,3.614280649344436824e-05,1.591444015502929688e-03,3.259893385460028159e-01
4.409000000000000000e+03,3.614224624470807612e-05,1.794099807739257812e-03,3.230708170821426917e-01
4.410000000000000000e+03,3.614173692767508328e-05,1.990795135498046875e-03,3.270938416563859974e-01
4.411000000000000000e+03,3.614102388382889330e-05,2.467632293701171875e-03,3.321116504889876642e-01
4.412000000000000000e+03,3.614048910094425082e-05,2.425909042358398438e-03,3.350740594936577610e-01
4.413000000000000000e+03,3.613995068008080125e-05,2.491474151611328125e-03,3.377073119422533409e-01
4.414000000000000000e+03,3.613907392718829215e-05,2.008676528930664062e-03,3.387606129216916284e-01
4.415000000000000000e+03,3.613864100771024823e-05,2.110004425048828125e-03,3.402893622599040824e-01
4.416000000000000000e+03,3.613738954300060868e-05,2.282857894897460938e-03,3.415840447137969416e-01
4.417000000000000000e+03,3.613674925873056054e-05,3.021955490112304688e-03,3.414377529110971810e-01
4.418000000000000000e+03,3.613616354414261878e-05,4.923343658447265625e-03,3.423520766779706292e-01
4.419000000000000000e+03,3.613566150306724012e-05,6.294250488281250000e-03,3.430689065111994784e-01
4.420000000000000000e+03,3.613518856582231820e-05,7.414817810058593750e-03,3.424471663497254403e-01
4.421000000000000000e+03,3.613513035816140473e-05,1.306533813476562500e-02,3.397627117701849664e-01
4.422000000000000000e+03,3.613473018049262464e-05,1.039505004882812500e-02,3.410573942240777701e-01
4.423000000000000000e+03,3.613419175962917507e-05,1.026988029479980469e-02,3.393384655423556384e-01
4.424000000000000000e+03,3.613383159972727299e-05,9.524822235107421875e-03,3.385265460373719781e-01
4.425000000000000000e+03,3.613351509557105601e-05,9.065866470336914062e-03,3.347449029375832441e-01
4.426000000000000000e+03,3.613305307226255536e-05,8.815526962280273438e-03,3.341670503169192896e-01
4.427000000000000000e+03,3.613257285906001925e-05,8.398294448852539062e-03,3.336916019581450121e-01
4.428000000000000000e+03,3.613216176745481789e-05,7.778406143188476562e-03,3.333112432711256568e-01
4.429000000000000000e+03,3.613156513893045485e-05,6.377696990966796875e-03,3.316800896710233593e-01
4.430000000000000000e+03,3.613091757870279253e-05,4.833936691284179688e-03,3.292370165659374570e-01
4.431000000000000000e+03,3.613021908677183092e-05,3.200769424438476562e-03,3.286152764044634744e-01
4.432000000000000000e+03,3.612974251154810190e-05,3.743171691894531250e-03,3.241241180615809236e-01
4.433000000000000000e+03,3.613052467699162662e-05,1.025199890136718750e-03,3.196695326693733685e-01
4.434000000000000000e+03,3.612917498685419559e-05,1.871585845947265625e-03,3.223978747897238151e-01
4.435000000000000000e+03,3.612853470258414745e-05,2.425909042358398438e-03,3.214835510228503113e-01
4.436000000000000000e+03,3.612743967096321285e-05,4.035234451293945312e-03,3.173215492360422219e-01
4.437000000000000000e+03,3.612686487031169236e-05,3.731250762939453125e-03,3.144103423623170745e-01
4.438000000000000000e+03,3.612596628954634070e-05,3.319978713989257812e-03,3.126402115496500489e-01
4.439000000000000000e+03,3.612520958995446563e-05,1.674890518188476562e-03,3.097728922167348187e-01
4.440000000000000000e+03,3.612472937675192952e-05,1.430511474609375000e-03,3.090048602525610755e-01
4.441000000000000000e+03,3.612407090258784592e-05,1.287460327148437500e-03,3.058449573142463795e-01
4.442000000000000000e+03,3.612365981098264456e-05,1.609325408935546875e-03,3.024583020817469547e-01
4.443000000000000000e+03,3.612296131905168295e-05,2.223253250122070312e-03,2.964749673513269457e-01
4.444000000000000000e+03,3.612228101701475680e-05,2.896785736083984375e-03,2.892993544289038654e-01
4.445000000000000000e+03,3.612149885157123208e-05,3.814697265625000000e-03,2.825114147836351730e-01
4.446000000000000000e+03,3.612056025303900242e-05,2.741813659667968750e-03,2.610869802782557758e-01
4.447000000000000000e+03,3.611944339354522526e-05,2.032518386840820312e-03,2.631423801061874013e-01
4.448000000000000000e+03,3.611822467064484954e-05,8.344650268554687500e-05,2.615697432271649747e-01
4.449000000000000000e+03,3.611767533584497869e-05,1.132488250732421875e-03,2.576418083246764801e-01
4.450000000000000000e+03,3.611693682614713907e-05,2.205371856689453125e-03,2.517243049054713744e-01
4.451000000000000000e+03,3.611653664847835898e-05,2.396106719970703125e-03,2.489447606541759506e-01
4.452000000000000000e+03,3.611601277953013778e-05,1.764297485351562500e-03,2.489959627851209001e-01
4.453000000000000000e+03,3.611570355133153498e-05,1.156330108642578125e-03,2.497566801591596108e-01
4.454000000000000000e+03,3.611517968238331378e-05,2.026557922363281250e-04,2.469917650881342241e-01
4.455000000000000000e+03,3.611450665630400181e-05,1.609325408935546875e-03,2.418715519936427416e-01
4.456000000000000000e+03,3.611416832427494228e-05,2.646446228027343750e-03,2.349885226766192103e-01
4.457000000000000000e+03,3.611361171351745725e-05,3.904104232788085938e-03,2.281566954905405731e-01
4.458000000000000000e+03,3.611313513829372823e-05,4.100799560546875000e-03,2.248139277988511209e-01
4.459000000000000000e+03,3.611252759583294392e-05,3.695487976074218750e-03,2.251430843549255545e-01
4.460000000000000000e+03,3.611178544815629721e-05,3.993511199951171875e-03,2.252893761576253151e-01
4.461000000000000000e+03,3.612227374105714262e-05,2.604722976684570312e-03,2.594631412682885108e-01
4.462000000000000000e+03,3.611108695622533560e-05,3.713369369506835938e-03,2.321724054746488741e-01
4.463000000000000000e+03,3.611011925386264920e-05,3.796815872192382812e-03,2.328819207177426909e-01
4.464000000000000000e+03,3.610929707065224648e-05,4.756450653076171875e-03,2.275861574600115123e-01
4.465000000000000000e+03,3.610820203903131187e-05,5.388259887695312500e-03,2.297293323695629441e-01
4.466000000000000000e+03,3.610730345826596022e-05,7.128715515136718750e-03,2.303510725310368989e-01
4.467000000000000000e+03,3.610621570260263979e-05,9.137392044067382812e-03,2.290710192574140214e-01
4.468000000000000000e+03,3.610686690080910921e-05,1.402497291564941406e-02,2.267742379550278520e-01
4.469000000000000000e+03,3.610554631450213492e-05,1.121163368225097656e-02,2.280542912286507296e-01
4.470000000000000000e+03,3.610387648222967982e-05,1.474618911743164062e-02,2.228097301018644449e-01
4.471000000000000000e+03,3.610249768826179206e-05,1.456141471862792969e-02,2.189329973303208998e-01
4.472000000000000000e+03,3.610095882322639227e-05,1.310110092163085938e-02,2.143394347255485610e-01
4.473000000000000000e+03,3.610010026022791862e-05,1.115798950195312500e-02,2.136299194824547165e-01
4.474000000000000000e+03,3.609902341850101948e-05,9.077787399291992188e-03,2.092777383521369772e-01
4.475000000000000000e+03,3.609818304539658129e-05,7.963180541992187500e-03,2.012024308431103747e-01
4.476000000000000000e+03,3.609727355069480836e-05,8.827447891235351562e-03,1.924614956317999281e-01
4.477000000000000000e+03,3.609628765843808651e-05,9.137392044067382812e-03,1.788929309313974925e-01
4.478000000000000000e+03,3.609589111874811351e-05,1.009702682495117188e-02,1.765961496290113231e-01
4.479000000000000000e+03,3.609538543969392776e-05,1.084804534912109375e-02,1.759305219267274234e-01
4.480000000000000000e+03,3.620565257733687758e-05,4.391670227050781250e-02,2.010122514996006693e-01
4.481000000000000000e+03,3.609488703659735620e-05,1.322031021118164062e-02,1.777518548703393708e-01
4.482000000000000000e+03,3.609442501328885555e-05,1.242160797119140625e-02,1.782711907699235099e-01
4.483000000000000000e+03,3.609324267017655075e-05,1.042485237121582031e-02,1.779420342138490485e-01
4.484000000000000000e+03,3.609292980399914086e-05,8.535385131835937500e-03,1.729754275121923313e-01
4.485000000000000000e+03,3.609153282013721764e-05,8.505582809448242188e-03,1.713003863712801167e-01
4.486000000000000000e+03,3.609080158639699221e-05,9.804964065551757812e-03,1.685281567101197253e-01
4.487000000000000000e+03,3.609003033488988876e-05,1.046061515808105469e-02,1.583535618323516359e-01
4.488000000000000000e+03,3.608913903008215129e-05,1.150965690612792969e-02,1.530504839844854803e-01
4.489000000000000000e+03,3.608835322665981948e-05,1.226663589477539062e-02,1.442217736915551440e-01
4.490000000000000000e+03,3.608695988077670336e-05,1.295208930969238281e-02,1.330962820962386384e-01
4.491000000000000000e+03,3.609310806496068835e-05,1.969933509826660156e-02,9.514087388578677806e-02
4.492000000000000000e+03,3.608585393521934748e-05,1.482963562011718750e-02,1.225413285314512074e-01
4.493000000000000000e+03,3.608371116570197046e-05,1.572370529174804688e-02,1.128494966025923169e-01
4.494000000000000000e+03,3.608152474043890834e-05,1.695156097412109375e-02,1.051179748299101713e-01
4.495000000000000000e+03,3.608028055168688297e-05,1.734495162963867188e-02,1.038744945069622477e-01
4.496000000000000000e+03,3.607899634516797960e-05,1.755356788635253906e-02,1.034941358199428785e-01
4.497000000000000000e+03,3.607814869610592723e-05,1.749396324157714844e-02,1.036331130325076344e-01
4.498000000000000000e+03,3.607733742683194578e-05,1.707673072814941406e-02,1.026310141840143103e-01
4.499000000000000000e+03,3.607664621085859835e-05,1.667737960815429688e-02,1.017752071382207468e-01
4.500000000000000000e+03,3.607626422308385372e-05,1.548528671264648438e-02,1.014899381229562164e-01
4.501000000000000000e+03,3.607532562455162406e-05,1.614093780517578125e-02,9.914926927976010218e-02
4.502000000000000000e+03,3.607490725698880851e-05,1.673102378845214844e-02,9.795699108775708652e-02
4.503000000000000000e+03,3.607404505601152778e-05,1.757740974426269531e-02,9.451913372431279547e-02
4.504000000000000000e+03,3.607406324590556324e-05,1.837015151977539062e-02,8.473221212369907995e-02
4.505000000000000000e+03,3.607394319260492921e-05,1.794695854187011719e-02,8.998408784062035537e-02
4.506000000000000000e+03,3.607335020205937326e-05,1.983046531677246094e-02,8.702899342608526323e-02
4.507000000000000000e+03,3.607294638641178608e-05,2.006888389587402344e-02,8.697779129514034147e-02
4.508000000000000000e+03,3.607220787671394646e-05,2.039670944213867188e-02,8.807497981538851828e-02
4.509000000000000000e+03,3.607178950915113091e-05,2.127289772033691406e-02,8.979390849711066380e-02
4.510000000000000000e+03,3.607103280955925584e-05,2.242326736450195312e-02,8.841145096159795658e-02
4.511000000000000000e+03,3.607097823987714946e-05,2.430081367492675781e-02,8.211358885537343999e-02
4.512000000000000000e+03,3.607054168242029846e-05,2.338886260986328125e-02,8.516377294166337097e-02
4.513000000000000000e+03,3.606970494729466736e-05,2.238154411315917969e-02,8.416167409317003301e-02
4.514000000000000000e+03,3.606931932154111564e-05,2.187490463256835938e-02,8.321077737562161680e-02
4.515000000000000000e+03,3.606842801673337817e-05,2.118945121765136719e-02,7.776872231519066370e-02
4.516000000000000000e+03,3.606766040320508182e-05,2.186298370361328125e-02,7.553045773388439299e-02
4.517000000000000000e+03,3.606683821999467909e-05,2.382397651672363281e-02,7.032246955777304853e-02
4.518000000000000000e+03,3.606575774028897285e-05,2.570152282714843750e-02,6.583862580502550244e-02
4.519000000000000000e+03,3.606471000239253044e-05,2.772212028503417969e-02,6.183023041105217832e-02
4.520000000000000000e+03,3.606322570703923702e-05,3.054141998291015625e-02,6.155227598592263177e-02
4.521000000000000000e+03,3.606211976148188114e-05,3.318190574645996094e-02,5.968705550150073952e-02
4.522000000000000000e+03,3.606089740060269833e-05,3.443360328674316406e-02,6.112071516795834769e-02
4.523000000000000000e+03,3.605990787036716938e-05,3.666877746582031250e-02,5.839968763774287808e-02
4.524000000000000000e+03,3.605866731959395111e-05,3.710389137268066406e-02,5.424500044106977947e-02
4.525000000000000000e+03,3.605718666221946478e-05,3.711581230163574219e-02,5.309660978987668783e-02
4.526000000000000000e+03,3.605609526857733727e-05,3.613233566284179688e-02,5.472044879984399451e-02
4.527000000000000000e+03,3.605531310313381255e-05,3.481507301330566406e-02,5.902142779921683985e-02
4.528000000000000000e+03,3.605409074225462973e-05,3.345608711242675781e-02,5.902142779921683985e-02
4.529000000000000000e+03,3.605290476116351783e-05,2.934932708740234375e-02,5.777794747626890937e-02
4.530000000000000000e+03,3.605871825129725039e-05,2.126097679138183594e-02,5.028780717804136324e-02
4.531000000000000000e+03,3.605234815040603280e-05,2.751946449279785156e-02,5.611022092549168561e-02
4.532000000000000000e+03,3.605115853133611381e-05,2.825856208801269531e-02,5.085834520857042407e-02
4.533000000000000000e+03,3.605067104217596352e-05,2.960562705993652344e-02,4.293664409237859386e-02
4.534000000000000000e+03,3.604932135203853250e-05,2.976059913635253906e-02,3.788226230910200082e-02
4.535000000000000000e+03,3.604887388064526021e-05,3.006458282470703125e-02,3.826993558625635394e-02
4.536000000000000000e+03,3.604784797062166035e-05,3.089308738708496094e-02,3.583417707130540780e-02
4.537000000000000000e+03,3.604741141316480935e-05,3.206729888916015625e-02,3.492716789456690868e-02
4.538000000000000000e+03,3.604652738431468606e-05,3.175735473632812500e-02,3.278399298501547682e-02
4.539000000000000000e+03,3.604481753427535295e-05,3.094673156738281250e-02,2.437952891991445464e-02
4.540000000000000000e+03,3.604354424169287086e-05,3.091692924499511719e-02,1.823527320652467559e-02
4.541000000000000000e+03,3.604240191634744406e-05,3.146529197692871094e-02,1.327598109500291966e-02
4.542000000000000000e+03,3.604138692026026547e-05,3.217458724975585938e-02,9.933213403313479600e-03
4.543000000000000000e+03,3.604044104577042162e-05,3.237724304199218750e-02,6.839141776213626331e-03
4.544000000000000000e+03,3.603938239393755794e-05,3.175735473632812500e-02,2.018826877256642369e-03
4.545000000000000000e+03,3.603788354666903615e-05,3.018975257873535156e-02,5.427425880160973229e-03
4.546000000000000000e+03,3.604203084250912070e-05,2.892017364501953125e-02,1.081096421951202070e-02
4.547000000000000000e+03,3.603741788538172841e-05,2.987980842590332031e-02,6.751366694593771353e-03
4.548000000000000000e+03,3.603675941121764481e-05,2.887248992919921875e-02,1.143270438098598595e-02
4.549000000000000000e+03,3.603606091928668320e-05,2.776384353637695312e-02,1.495833682605012330e-02
4.550000000000000000e+03,3.603562072385102510e-05,2.747178077697753906e-02,1.743798288181100040e-02
4.551000000000000000e+03,3.603499499149620533e-05,2.741217613220214844e-02,1.643588403331766590e-02
4.552000000000000000e+03,3.603470031521283090e-05,2.709627151489257812e-02,1.375874404391211857e-02
4.553000000000000000e+03,3.603435470722615719e-05,2.712011337280273438e-02,9.801550780883698868e-03
4.554000000000000000e+03,3.603376171668060124e-05,2.704262733459472656e-02,5.515200961780827339e-03
4.555000000000000000e+03,3.603353979997336864e-05,2.697110176086425781e-02,1.799389173207007310e-03
4.556000000000000000e+03,3.603264849516563118e-05,2.627968788146972656e-02,3.276936380474550128e-03
4.557000000000000000e+03,3.603199729695916176e-05,2.607703208923339844e-02,6.136941123254793448e-03
4.558000000000000000e+03,3.603107688832096756e-05,2.579092979431152344e-02,1.280784732636369889e-02
4.559000000000000000e+03,3.603004370233975351e-05,2.564787864685058594e-02,1.558007698752408854e-02
4.560000000000000000e+03,3.602981814765371382e-05,2.448558807373046875e-02,2.287272335210695923e-02
4.561000000000000000e+03,3.602876677177846432e-05,2.356171607971191406e-02,3.045063873195436033e-02
4.562000000000000000e+03,3.602786455303430557e-05,2.246499061584472656e-02,2.448924777193927163e-02
4.563000000000000000e+03,3.602755896281450987e-05,2.205371856689453125e-02,2.263134187765236324e-02
4.564000000000000000e+03,3.602701326599344611e-05,2.036094665527343750e-02,2.677871448419046410e-02
4.565000000000000000e+03,3.602670403779484332e-05,2.148151397705078125e-02,2.958751709602579216e-02
4.566000000000000000e+03,3.602600190788507462e-05,2.203583717346191406e-02,2.753943185822919915e-02
4.567000000000000000e+03,3.602557262638583779e-05,2.236962318420410156e-02,2.721027530215474818e-02
4.568000000000000000e+03,3.602531069191172719e-05,2.291798591613769531e-02,2.759063398917411397e-02
4.569000000000000000e+03,3.602501965360715985e-05,2.331733703613281250e-02,2.573272809488720211e-02
4.570000000000000000e+03,3.602449942263774574e-05,2.305507659912109375e-02,2.844644103496769480e-02
4.571000000000000000e+03,3.602539800340309739e-05,1.823902130126953125e-02,9.523596355754160997e-03
4.572000000000000000e+03,3.602420474635437131e-05,2.132058143615722656e-02,2.163655761929401608e-02
4.573000000000000000e+03,3.602376818889752030e-05,2.139210700988769531e-02,2.415277662572982986e-02
4.574000000000000000e+03,3.602293509175069630e-05,2.120137214660644531e-02,2.859273283766744847e-02
4.575000000000000000e+03,3.602232027333229780e-05,2.039074897766113281e-02,2.821237415064807921e-02
4.576000000000000000e+03,3.602142169256694615e-05,1.966357231140136719e-02,2.764183612011902880e-02
4.577000000000000000e+03,3.602063588914461434e-05,2.000331878662109375e-02,2.573272809488720211e-02
4.578000000000000000e+03,3.601983917178586125e-05,2.158880233764648438e-02,2.015169582189148614e-02
4.579000000000000000e+03,3.601923162932507694e-05,2.264976501464843750e-02,1.623839009967299393e-02
4.580000000000000000e+03,3.601882417569868267e-05,2.325773239135742188e-02,1.119132290653138823e-02
4.581000000000000000e+03,3.601839489419944584e-05,2.337694168090820312e-02,7.709578002277177496e-03
4.582000000000000000e+03,3.601794378482736647e-05,2.332925796508789062e-02,6.612389482029002417e-03
4.583000000000000000e+03,3.601753996917977929e-05,2.269744873046875000e-02,6.232030795009635762e-03
4.584000000000000000e+03,3.601703429012559354e-05,2.251267433166503906e-02,5.186044405706375510e-03
4.585000000000000000e+03,3.601659045671112835e-05,2.153515815734863281e-02,4.564304244232409401e-03
4.586000000000000000e+03,3.601603748393245041e-05,2.244114875793457031e-02,1.265424093352895529e-03
4.587000000000000000e+03,3.601568459998816252e-05,2.357363700866699219e-02,4.900775390441849434e-04
4.588000000000000000e+03,3.601504795369692147e-05,2.518892288208007812e-02,6.802568825538685962e-04
4.589000000000000000e+03,3.601448770496062934e-05,2.561211585998535156e-02,1.111817700518150836e-03
4.590000000000000000e+03,3.601360003813169897e-05,2.596974372863769531e-02,9.874696682233578739e-04
4.591000000000000000e+03,3.601319986046291888e-05,2.619028091430664062e-02,1.843276714016934366e-03
4.592000000000000000e+03,3.601300704758614302e-05,2.557635307312011719e-02,5.427425880160973229e-03
4.593000000000000000e+03,3.601267599151469767e-05,2.540946006774902344e-02,4.374124900722725640e-03
4.594000000000000000e+03,3.601256321417167783e-05,2.532601356506347656e-02,2.655196219000584019e-03
4.595000000000000000e+03,3.601244316087104380e-05,2.564787864685058594e-02,3.137959167909781192e-03
4.596000000000000000e+03,3.601210846682079136e-05,2.594590187072753906e-02,5.844357517855280036e-03
4.597000000000000000e+03,3.601189018809236586e-05,2.629756927490234375e-02,6.992748169048370807e-03
4.598000000000000000e+03,3.601175194489769638e-05,2.682209014892578125e-02,1.552887485657917371e-02
4.599000000000000000e+03,3.601127900765277445e-05,2.689361572265625000e-02,1.533869551306948908e-02
4.600000000000000000e+03,3.601105345296673477e-05,2.672672271728515625e-02,1.495833682605012330e-02
4.601000000000000000e+03,3.601069693104363978e-05,2.653002738952636719e-02,1.391235043674686304e-02
4.602000000000000000e+03,3.601022763177752495e-05,2.657771110534667969e-02,1.391235043674686304e-02
4.603000000000000000e+03,3.600943819037638605e-05,2.696514129638671875e-02,1.276395978555377314e-02
4.604000000000000000e+03,3.600900890887714922e-05,2.729892730712890625e-02,9.662573568318929065e-03
4.605000000000000000e+03,3.600866330089047551e-05,2.747178077697753906e-02,5.705380305290511968e-03
4.606000000000000000e+03,3.600827403715811670e-05,2.735257148742675781e-02,1.748187042262092702e-03
4.607000000000000000e+03,3.600777199608273804e-05,2.713203430175781250e-02,4.783741948282044243e-03
4.608000000000000000e+03,3.600743730203248560e-05,2.673864364624023438e-02,6.502670630004186297e-03
4.609000000000000000e+03,3.600664058467373252e-05,2.555847167968750000e-02,1.021848241857800654e-02
4.610000000000000000e+03,3.600622221711091697e-05,2.464056015014648438e-02,1.308580175149323677e-02
4.611000000000000000e+03,3.600556374294683337e-05,2.385973930358886719e-02,1.727706189884126858e-02
4.612000000000000000e+03,3.600495620048604906e-05,2.347826957702636719e-02,1.875460910610880771e-02
4.613000000000000000e+03,3.600462150643579662e-05,2.338290214538574219e-02,2.257282515657246108e-02
4.614000000000000000e+03,3.600443233153782785e-05,2.325177192687988281e-02,2.333354253061119266e-02
4.615000000000000000e+03,3.600425407057628036e-05,2.294778823852539062e-02,2.486229186882365355e-02
4.616000000000000000e+03,3.600378477131016552e-05,2.247691154479980469e-02,2.739314005552944201e-02
4.617000000000000000e+03,3.600306081352755427e-05,2.191662788391113281e-02,3.273279085407056199e-02
4.618000000000000000e+03,3.600265699787996709e-05,2.090930938720703125e-02,3.211105069259660022e-02
4.619000000000000000e+03,3.600212221499532461e-05,2.046227455139160156e-02,3.254261151056087736e-02
4.620000000000000000e+03,3.600182390073314309e-05,2.039670944213867188e-02,2.753211726809421181e-02
4.621000000000000000e+03,3.600143099902197719e-05,2.027153968811035156e-02,2.228024155117294680e-02
4.622000000000000000e+03,3.600097261369228363e-05,2.031922340393066406e-02,1.918616992407309180e-02
4.623000000000000000e+03,3.600055788410827518e-05,2.055764198303222656e-02,1.727706189884126858e-02
4.624000000000000000e+03,3.600001218728721142e-05,2.061724662780761719e-02,1.727706189884126858e-02
4.625000000000000000e+03,3.599924093578010798e-05,2.080798149108886719e-02,2.519144842489810451e-02
4.626000000000000000e+03,3.599888077587820590e-05,2.273917198181152344e-02,2.748091513714929698e-02
4.627000000000000000e+03,3.599835326895117760e-05,2.285838127136230469e-02,3.330332888459960894e-02
4.628000000000000000e+03,3.599780757213011384e-05,2.293586730957031250e-02,3.507345969726666929e-02
4.629000000000000000e+03,3.599689807742834091e-05,2.281665802001953125e-02,3.644860264264438571e-02
4.630000000000000000e+03,3.599613410187885165e-05,2.272725105285644531e-02,3.469310101024730003e-02
4.631000000000000000e+03,3.599572664825245738e-05,2.248883247375488281e-02,3.159171479301246116e-02
4.632000000000000000e+03,3.599461706471629441e-05,2.237558364868164062e-02,3.235243216705119274e-02
4.633000000000000000e+03,3.599383853725157678e-05,2.248287200927734375e-02,3.263770118231571621e-02
4.634000000000000000e+03,3.599300544010475278e-05,2.220869064331054688e-02,3.311314954108993125e-02
4.635000000000000000e+03,3.599197589210234582e-05,2.247691154479980469e-02,3.736292640951786176e-02
4.636000000000000000e+03,3.599137198762036860e-05,2.311468124389648438e-02,3.941101164731445478e-02
4.637000000000000000e+03,3.599079354899004102e-05,2.367496490478515625e-02,4.322922769777810814e-02
4.638000000000000000e+03,3.599001865950413048e-05,2.288818359375000000e-02,4.679874768365217125e-02
4.639000000000000000e+03,3.598917101044207811e-05,2.207159996032714844e-02,4.785204866309041710e-02
4.640000000000000000e+03,3.598979674279689789e-05,1.977086067199707031e-02,4.919061865779318643e-02
4.641000000000000000e+03,3.598834518925286829e-05,2.110600471496582031e-02,4.842990128375445485e-02
4.642000000000000000e+03,3.598786497605033219e-05,2.023577690124511719e-02,4.775695899133557132e-02
4.643000000000000000e+03,3.598693001549690962e-05,1.853108406066894531e-02,4.598682817866851791e-02
4.644000000000000000e+03,3.598652256187051535e-05,1.769661903381347656e-02,4.641838899663280199e-02
4.645000000000000000e+03,3.598595139919780195e-05,1.629590988159179688e-02,5.004642570358677073e-02
4.646000000000000000e+03,3.598546027205884457e-05,1.592040061950683594e-02,5.347696847689606403e-02
4.647000000000000000e+03,3.598466355470009148e-05,1.519918441772460938e-02,5.954076369880097891e-02
4.648000000000000000e+03,3.598439070628955960e-05,1.488924026489257812e-02,6.249585811333606411e-02
4.649000000000000000e+03,3.598361217882484198e-05,1.430511474609375000e-02,6.426598892600311752e-02
4.650000000000000000e+03,3.598304465413093567e-05,1.403689384460449219e-02,6.426598892600311752e-02
4.651000000000000000e+03,3.598214607336558402e-05,1.351833343505859375e-02,6.207161188550677083e-02
4.652000000000000000e+03,3.598114199121482670e-05,1.310706138610839844e-02,5.753656600181430991e-02
4.653000000000000000e+03,3.598695548134855926e-05,1.794695854187011719e-02,6.441228072870287813e-02
4.654000000000000000e+03,3.598083640099503100e-05,1.390576362609863281e-02,5.867764206287241074e-02
4.655000000000000000e+03,3.598015973693691194e-05,1.252293586730957031e-02,5.925549468353644850e-02
4.656000000000000000e+03,3.597962859203107655e-05,1.167654991149902344e-02,5.906531534002676387e-02
4.657000000000000000e+03,3.597916293074376881e-05,1.116394996643066406e-02,5.916040501178160271e-02
4.658000000000000000e+03,3.597854811232537031e-05,1.101493835449218750e-02,5.581763732009217133e-02
4.659000000000000000e+03,3.597797331167384982e-05,1.087188720703125000e-02,5.286254290555707919e-02
4.660000000000000000e+03,3.597739487304352224e-05,1.082420349121093750e-02,4.913941652684827160e-02
4.661000000000000000e+03,3.597730756155215204e-05,1.067519187927246094e-02,4.894923718333859392e-02
4.662000000000000000e+03,3.597722388803958893e-05,9.202957153320312500e-03,4.446539343059104782e-02
4.663000000000000000e+03,3.597702379920519888e-05,9.846687316894531250e-03,4.641838899663280199e-02
4.664000000000000000e+03,3.597801696741953492e-05,1.290440559387207031e-02,5.462535912808915567e-02
4.665000000000000000e+03,3.597635804908350110e-05,1.097917556762695312e-02,4.947588767305770990e-02
4.666000000000000000e+03,3.597585964598692954e-05,1.206994056701660156e-02,4.665977047108740144e-02
4.667000000000000000e+03,3.597494651330634952e-05,1.459121704101562500e-02,4.393874294087192489e-02
4.668000000000000000e+03,3.597416798584163189e-05,1.615881919860839844e-02,4.241730819279445480e-02
4.669000000000000000e+03,3.597369141061790287e-05,1.754760742187500000e-02,4.279766687981382406e-02
4.670000000000000000e+03,3.597294562496244907e-05,1.772046089172363281e-02,4.560646949164915559e-02
4.671000000000000000e+03,3.597249815356917679e-05,1.564621925354003906e-02,5.042678439060613305e-02
4.672000000000000000e+03,3.597208342398516834e-05,1.539587974548339844e-02,5.009762783453168555e-02
4.673000000000000000e+03,3.597170507418923080e-05,1.434087753295898438e-02,5.137768110815455619e-02
4.674000000000000000e+03,3.597168324631638825e-05,1.435279846191406250e-02,5.004642570358677073e-02
4.675000000000000000e+03,3.597128306864760816e-05,1.415014266967773438e-02,5.028780717804136324e-02
4.676000000000000000e+03,3.597067188820801675e-05,1.491904258728027344e-02,5.443517978457947104e-02
4.677000000000000000e+03,3.597029353841207922e-05,1.477003097534179688e-02,5.548848076401770996e-02
4.678000000000000000e+03,3.596991518861614168e-05,1.431107521057128906e-02,5.581763732009217133e-02
4.679000000000000000e+03,3.596939131966792047e-05,1.382827758789062500e-02,5.839968763774287808e-02
4.680000000000000000e+03,3.596864553401246667e-05,1.354217529296875000e-02,6.158884893659756499e-02
4.681000000000000000e+03,3.596835813368670642e-05,1.345276832580566406e-02,6.536317744625129433e-02
4.682000000000000000e+03,3.596791793825104833e-05,1.414418220520019531e-02,6.888880989131543342e-02
4.683000000000000000e+03,3.596747774281539023e-05,1.463890075683593750e-02,7.098809726005693432e-02
4.684000000000000000e+03,3.596703754737973213e-05,1.563429832458496094e-02,7.204139823949519406e-02
4.685000000000000000e+03,3.596674650907516479e-05,1.627802848815917969e-02,7.271434053191405678e-02
4.686000000000000000e+03,3.596644455683417618e-05,1.644492149353027344e-02,7.524518871861986258e-02
4.687000000000000000e+03,3.596609531086869538e-05,1.637935638427734375e-02,7.734447608736136348e-02
4.688000000000000000e+03,3.597034447011537850e-05,1.846551895141601562e-02,9.327565340136487193e-02
4.689000000000000000e+03,3.596609531086869538e-05,1.663565635681152344e-02,7.929015706326814072e-02
4.690000000000000000e+03,3.596623719204217196e-05,1.646280288696289062e-02,7.795890165870035526e-02
4.691000000000000000e+03,3.596623355406336486e-05,1.638531684875488281e-02,7.738836362817129444e-02
4.692000000000000000e+03,3.596621900214813650e-05,1.637935638427734375e-02,7.734447608736136348e-02
4.693000000000000000e+03,3.596609531086869538e-05,1.637935638427734375e-02,7.734447608736136348e-02
