Iter,Loss,ErrorLambda1,ErrorLambda2
1.000000000000000000e+00,3.301711082458496094e-01,1.000000000000000000e+02,2.212770308849790979e+01
2.000000000000000000e+00,2.938981354236602783e-01,1.000001205081957778e+02,2.212770308849790979e+01
3.000000000000000000e+00,2.184297293424606323e-01,1.000173810316482559e+02,2.212759336964588286e+01
4.000000000000000000e+00,2.292515635490417480e-01,1.001923908712342381e+02,2.212607193489780499e+01
5.000000000000000000e+00,2.112890928983688354e-01,1.000830034841783345e+02,2.212704477538575887e+01
6.000000000000000000e+00,2.096820920705795288e-01,1.001448851078748703e+02,2.212651812489604097e+01
7.000000000000000000e+00,1.890177279710769653e-01,1.011718356050550938e+02,2.211749192066946534e+01
8.000000000000000000e+00,1.851096898317337036e-01,1.039385493844747543e+02,2.209335377322400618e+01
9.000000000000000000e+00,1.714644581079483032e-01,1.027453590184450150e+02,2.210375512039595947e+01
1.000000000000000000e+01,1.524621248245239258e-01,1.039045970886945724e+02,2.209829112156512210e+01
1.100000000000000000e+01,1.210835352540016174e-01,1.083924531936645508e+02,2.209884703041538501e+01
1.200000000000000000e+01,1.062846034765243530e-01,1.071776926517486572e+02,2.215484753248885141e+01
1.300000000000000000e+01,1.004493832588195801e-01,1.071945980191230774e+02,2.218553223810512520e+01
1.400000000000000000e+01,9.690820425748825073e-02,1.067486181855201721e+02,2.226997186662342187e+01
1.500000000000000000e+01,9.412729740142822266e-02,1.056422632187604904e+02,2.241942357226149340e+01
1.600000000000000000e+01,8.784798532724380493e-02,1.014187503606081009e+02,2.286917577589149175e+01
1.700000000000000000e+01,5.623495578765869141e-01,6.428116261959075928e+01,2.666043024711757781e+01
1.800000000000000000e+01,8.204886317253112793e-02,8.539745062589645386e+01,2.452819064981794739e+01
1.900000000000000000e+01,7.663433253765106201e-02,9.078161865472793579e+01,2.397468829971328219e+01
2.000000000000000000e+01,7.580026239156723022e-02,8.537177443504333496e+01,2.471861137480208370e+01
2.100000000000000000e+01,7.295691221952438354e-02,8.767946287989616394e+01,2.440216757638224010e+01
2.200000000000000000e+01,7.104329019784927368e-02,9.047186076641082764e+01,2.423468540606142696e+01
2.300000000000000000e+01,6.850804388523101807e-02,8.948570191860198975e+01,2.438197199301954043e+01
2.400000000000000000e+01,6.601127237081527710e-02,8.802768811583518982e+01,2.467549186595633159e+01
2.500000000000000000e+01,6.191245838999748230e-02,8.762508481740951538e+01,2.502808436882328280e+01
2.600000000000000000e+01,8.605629950761795044e-02,8.525134474039077759e+01,2.652938205025913021e+01
2.700000000000000000e+01,5.658382549881935120e-02,8.652331233024597168e+01,2.572870507031296228e+01
2.800000000000000000e+01,4.968436062335968018e-02,8.523929119110107422e+01,2.643192245130055440e+01
2.900000000000000000e+01,5.176677554845809937e-02,8.709195554256439209e+01,2.670591236857692863e+01
3.000000000000000000e+01,4.639491438865661621e-02,8.606040924787521362e+01,2.655348362475391966e+01
3.100000000000000000e+01,4.504829272627830505e-02,8.893015384674072266e+01,2.669682764762927363e+01
3.200000000000000000e+01,4.180262610316276550e-02,9.012148827314376831e+01,2.659332619721919855e+01
3.300000000000000000e+01,4.047523066401481628e-02,9.160813912749290466e+01,2.650187187676144518e+01
3.400000000000000000e+01,3.951891139149665833e-02,9.203663319349288940e+01,2.654517425036057077e+01
3.500000000000000000e+01,3.879057615995407104e-02,9.173206612467765808e+01,2.660486862045220846e+01
3.600000000000000000e+01,3.782003745436668396e-02,9.219606295228004456e+01,2.660227925554442407e+01
3.700000000000000000e+01,3.699900954961776733e-02,9.232376441359519958e+01,2.664836117339484645e+01
3.800000000000000000e+01,3.617405891418457031e-02,9.248437806963920593e+01,2.659755403031722309e+01
3.900000000000000000e+01,3.560464456677436829e-02,9.252527281641960144e+01,2.668608982931111484e+01
4.000000000000000000e+01,3.538244590163230896e-02,9.241068214178085327e+01,2.669549639222471171e+01
4.100000000000000000e+01,3.523821756243705750e-02,9.247621968388557434e+01,2.671356342985812660e+01
4.200000000000000000e+01,3.445717692375183105e-02,9.270683676004409790e+01,2.680119221967527920e+01
4.300000000000000000e+01,3.373439237475395203e-02,9.306679293513298035e+01,2.686040382681800764e+01
4.400000000000000000e+01,3.329105675220489502e-02,9.303702414035797119e+01,2.687546456790595073e+01
4.500000000000000000e+01,3.307192027568817139e-02,9.302100762724876404e+01,2.691889860412750579e+01
4.600000000000000000e+01,3.297026827931404114e-02,9.298754930496215820e+01,2.693221115817318534e+01
4.700000000000000000e+01,3.234105557203292847e-02,9.273712337017059326e+01,2.704890081459664231e+01
4.800000000000000000e+01,3.141739591956138611e-02,9.207444563508033752e+01,2.734097239868670925e+01
4.900000000000000000e+01,3.065347485244274139e-02,9.111671447753906250e+01,2.752616319172432924e+01
5.000000000000000000e+01,3.006126917898654938e-02,9.041298553347587585e+01,2.769691498383548378e+01
5.100000000000000000e+01,2.985938265919685364e-02,8.954416662454605103e+01,2.780192323981337665e+01
5.200000000000000000e+01,2.973436191678047180e-02,8.931350260972976685e+01,2.778460960496385468e+01
5.300000000000000000e+01,2.957088313996791840e-02,8.891746327280998230e+01,2.773748170072413188e+01
5.400000000000000000e+01,2.944871783256530762e-02,8.802224174141883850e+01,2.767995244931245225e+01
5.500000000000000000e+01,2.934453077614307404e-02,8.763629943132400513e+01,2.758039356298513312e+01
5.600000000000000000e+01,2.926002815365791321e-02,8.789783716201782227e+01,2.764032199996108830e+01
5.700000000000000000e+01,2.920866757631301880e-02,8.786919042468070984e+01,2.767843832915450974e+01
5.800000000000000000e+01,2.907627634704113007e-02,8.769809901714324951e+01,2.775633139950199180e+01
5.900000000000000000e+01,2.880907244980335236e-02,8.724535852670669556e+01,2.789217065289885156e+01
6.000000000000000000e+01,2.822455391287803650e-02,8.623799234628677368e+01,2.815295042039143780e+01
6.100000000000000000e+01,2.737742476165294647e-02,8.525302410125732422e+01,2.839578018369276435e+01
6.200000000000000000e+01,2.637160941958427429e-02,8.406999409198760986e+01,2.881895848136235116e+01
6.300000000000000000e+01,2.651459351181983948e-02,8.346739560365676880e+01,2.885771117989751744e+01
6.400000000000000000e+01,2.622390910983085632e-02,8.381923884153366089e+01,2.883507983801986541e+01
6.500000000000000000e+01,2.602043561637401581e-02,8.233401179313659668e+01,2.915125299660471470e+01
6.600000000000000000e+01,2.564019709825515747e-02,8.173635452985763550e+01,2.932455026608284498e+01
6.700000000000000000e+01,2.523012459278106689e-02,7.983899414539337158e+01,2.978515000688302550e+01
6.800000000000000000e+01,2.509782463312149048e-02,7.916685342788696289e+01,2.995309299638235245e+01
6.900000000000000000e+01,2.496696077287197113e-02,7.920660674571990967e+01,2.999579557359041004e+01
7.000000000000000000e+01,2.486406080424785614e-02,7.934720963239669800e+01,2.997860628677318573e+01
7.100000000000000000e+01,2.479656599462032318e-02,7.925545126199722290e+01,3.001962650825019807e+01
7.200000000000000000e+01,2.469950541853904724e-02,7.974720895290374756e+01,2.986090721691109806e+01
7.300000000000000000e+01,2.460791356861591339e-02,7.942262887954711914e+01,2.989374241202705917e+01
7.400000000000000000e+01,2.445825934410095215e-02,7.884642183780670166e+01,2.994199676314757141e+01
7.500000000000000000e+01,2.421521209180355072e-02,7.898918539285659790e+01,2.990340498559537608e+01
7.600000000000000000e+01,2.400176599621772766e-02,7.933195382356643677e+01,2.995231764982804279e+01
7.700000000000000000e+01,2.376988343894481659e-02,8.009238988161087036e+01,3.000984690123972243e+01
7.800000000000000000e+01,2.350607886910438538e-02,8.071811646223068237e+01,3.013331718271831505e+01
7.900000000000000000e+01,2.327332459390163422e-02,8.124600350856781006e+01,3.019785381147931247e+01
8.000000000000000000e+01,2.311063930392265320e-02,8.055678755044937134e+01,3.035395447955008663e+01
8.100000000000000000e+01,2.289387583732604980e-02,7.966325879096984863e+01,3.040315241279801839e+01
8.200000000000000000e+01,2.245257608592510223e-02,7.670892775058746338e+01,3.042587884434742662e+01
8.300000000000000000e+01,2.213850431144237518e-02,7.544539123773574829e+01,3.031116412726040821e+01
8.400000000000000000e+01,2.186087518930435181e-02,7.456574738025665283e+01,2.960951938315183796e+01
8.500000000000000000e+01,2.151796780526638031e-02,7.634507566690444946e+01,2.970129554557552964e+01
8.600000000000000000e+01,2.136009745299816132e-02,7.645158916711807251e+01,2.975704735158440428e+01
8.700000000000000000e+01,2.125098370015621185e-02,7.641025930643081665e+01,2.969811369886680552e+01
8.800000000000000000e+01,2.114998921751976013e-02,7.676928341388702393e+01,2.954588244897744076e+01
8.900000000000000000e+01,2.099934220314025879e-02,7.654529362916946411e+01,2.943674876416342201e+01
9.000000000000000000e+01,2.052325010299682617e-02,7.551160752773284912e+01,2.920727544244858720e+01
9.100000000000000000e+01,1.999173127114772797e-02,7.359074354171752930e+01,2.911134459282822107e+01
9.200000000000000000e+01,1.950398646295070648e-02,7.124684154987335205e+01,2.919022513284392772e+01
9.300000000000000000e+01,1.933447457849979401e-02,6.983751058578491211e+01,2.935366233482009690e+01
9.400000000000000000e+01,1.903305947780609131e-02,6.946247518062591553e+01,2.911147625545065409e+01
9.500000000000000000e+01,1.882640458643436432e-02,6.922674179077148438e+01,2.913168646799362449e+01
9.600000000000000000e+01,1.840301044285297394e-02,6.819342970848083496e+01,2.902936266659527575e+01
9.700000000000000000e+01,1.793984696269035339e-02,6.614040732383728027e+01,2.892020703801085446e+01
9.800000000000000000e+01,1.763961464166641235e-02,6.730354726314544678e+01,2.880364904420982342e+01
9.900000000000000000e+01,1.750276423990726471e-02,6.637935340404510498e+01,2.880103773553163293e+01
1.000000000000000000e+02,1.726077310740947723e-02,6.677773296833038330e+01,2.882133572315622061e+01
1.010000000000000000e+02,1.711670681834220886e-02,6.570826470851898193e+01,2.872956687532266429e+01
1.020000000000000000e+02,1.695188507437705994e-02,6.482626199722290039e+01,2.870417793296412157e+01
1.030000000000000000e+02,1.657529734075069427e-02,6.261597275733947754e+01,2.854370313999262621e+01
1.040000000000000000e+02,1.634326949715614319e-02,6.207579374313354492e+01,2.835349453812239773e+01
1.050000000000000000e+02,1.618147455155849457e-02,6.258930563926696777e+01,2.821705548833447352e+01
1.060000000000000000e+02,1.605302095413208008e-02,6.271105706691741943e+01,2.811010886597081893e+01
1.070000000000000000e+02,1.596607454121112823e-02,6.299588084220886230e+01,2.810949444039947309e+01
1.080000000000000000e+02,1.588548906147480011e-02,6.286069750785827637e+01,2.800164080885907936e+01
1.090000000000000000e+02,1.581253111362457275e-02,6.249068677425384521e+01,2.798968876857850674e+01
1.100000000000000000e+02,1.565206423401832581e-02,6.152772903442382812e+01,2.793397353552030538e+01
1.110000000000000000e+02,1.542539056390523911e-02,6.065556108951568604e+01,2.777613930958753841e+01
1.120000000000000000e+02,1.500707492232322693e-02,5.841933488845825195e+01,2.730791045127656247e+01
1.130000000000000000e+02,1.461825147271156311e-02,5.729241073131561279e+01,2.680255273344038613e+01
1.140000000000000000e+02,1.443044934421777725e-02,5.744194388389587402e+01,2.645756008972368534e+01
1.150000000000000000e+02,1.428918726742267609e-02,5.853161811828613281e+01,2.641392124497835070e+01
1.160000000000000000e+02,1.424007397145032883e-02,5.857634842395782471e+01,2.645573875678007880e+01
1.170000000000000000e+02,1.418478507548570633e-02,5.830197632312774658e+01,2.638016441150537972e+01
1.180000000000000000e+02,1.398075930774211884e-02,5.785374045372009277e+01,2.614729711996790940e+01
1.190000000000000000e+02,1.384937111288309097e-02,5.757214426994323730e+01,2.598388917635228168e+01
1.200000000000000000e+02,1.378826610743999481e-02,5.745602548122406006e+01,2.582762027270840122e+01
1.210000000000000000e+02,1.372117735445499420e-02,5.741077065467834473e+01,2.573667065896996320e+01
1.220000000000000000e+02,1.356412190943956375e-02,5.724283456802368164e+01,2.545586354368778004e+01
1.230000000000000000e+02,1.331076212227344513e-02,5.636271834373474121e+01,2.472432406969751284e+01
1.240000000000000000e+02,1.314541883766651154e-02,5.565121769905090332e+01,2.404860954761747038e+01
1.250000000000000000e+02,1.310783065855503082e-02,5.500635206699371338e+01,2.367812555728033530e+01
1.260000000000000000e+02,1.304513402283191681e-02,5.508169233798980713e+01,2.365107620296115343e+01
1.270000000000000000e+02,1.301639899611473083e-02,5.510455369949340820e+01,2.378969500060930642e+01
1.280000000000000000e+02,1.298534683883190155e-02,5.475260317325592041e+01,2.379591240222404380e+01
1.290000000000000000e+02,1.289503835141658783e-02,5.394963324069976807e+01,2.365886624145491268e+01
1.300000000000000000e+02,1.275931205600500107e-02,5.247474610805511475e+01,2.324319271326382363e+01
1.310000000000000000e+02,1.249807048588991165e-02,5.121113955974578857e+01,2.262483920702235807e+01
1.320000000000000000e+02,1.238634251058101654e-02,4.984689950942993164e+01,2.116028271183455089e+01
1.330000000000000000e+02,1.188878994435071945e-02,5.157777070999145508e+01,2.055530027635984425e+01
1.340000000000000000e+02,1.178472861647605896e-02,5.240881741046905518e+01,2.086521214578914396e+01
1.350000000000000000e+02,1.173014845699071884e-02,5.203744471073150635e+01,2.051586000635198914e+01
1.360000000000000000e+02,1.170884072780609131e-02,5.176804661750793457e+01,2.014409596274123615e+01
1.370000000000000000e+02,1.169761177152395248e-02,5.187776088714599609e+01,2.008870257164896955e+01
1.380000000000000000e+02,1.168128661811351776e-02,5.185602009296417236e+01,1.991059230186201745e+01
1.390000000000000000e+02,1.165335346013307571e-02,5.193581879138946533e+01,1.980041994524883009e+01
1.400000000000000000e+02,1.154533121734857559e-02,5.203782320022583008e+01,1.944759337549755784e+01
1.410000000000000000e+02,1.138039771467447281e-02,5.172682106494903564e+01,1.872498501606211008e+01
1.420000000000000000e+02,1.121029816567897797e-02,5.101808905601501465e+01,1.814675935130118489e+01
1.430000000000000000e+02,1.109051518142223358e-02,5.034817457199096680e+01,1.772359568281186881e+01
1.440000000000000000e+02,1.106154918670654297e-02,4.963980317115783691e+01,1.772391021018767532e+01
1.450000000000000000e+02,1.103468332439661026e-02,4.995030760765075684e+01,1.794339180177811954e+01
1.460000000000000000e+02,1.102358102798461914e-02,4.995023012161254883e+01,1.778794944681949275e+01
1.470000000000000000e+02,1.101058814674615860e-02,4.993759989738464355e+01,1.778320959241202104e+01
1.480000000000000000e+02,1.090137381106615067e-02,4.960415363311767578e+01,1.741795553402140229e+01
1.490000000000000000e+02,1.075133122503757477e-02,4.918422102928161621e+01,1.661577906309755548e+01
1.500000000000000000e+02,1.054303906857967377e-02,4.843087196350097656e+01,1.503605434623436743e+01
1.510000000000000000e+02,1.039153430610895157e-02,4.809448719024658203e+01,1.402633369482037828e+01
1.520000000000000000e+02,1.030030753463506699e-02,4.777190089225769043e+01,1.303819839889473720e+01
1.530000000000000000e+02,1.026963908225297928e-02,4.812143445014953613e+01,1.330334497669790927e+01
1.540000000000000000e+02,1.025060005486011505e-02,4.817394018173217773e+01,1.326249299079400323e+01
1.550000000000000000e+02,1.023199502378702164e-02,4.811089038848876953e+01,1.328941068249075741e+01
1.560000000000000000e+02,1.020731031894683838e-02,4.797802567481994629e+01,1.323998599694864353e+01
1.570000000000000000e+02,1.015617605298757553e-02,4.777953624725341797e+01,1.301572066340991896e+01
1.580000000000000000e+02,1.008194312453269958e-02,4.744514226913452148e+01,1.251965247504517897e+01
1.590000000000000000e+02,9.910465218126773834e-03,4.646242260932922363e+01,1.103154299962271345e+01
1.600000000000000000e+02,9.724568575620651245e-03,4.531691074371337891e+01,9.255597087798342670e+00
1.610000000000000000e+02,9.631995111703872681e-03,4.474052786827087402e+01,7.935650039579248194e+00
1.620000000000000000e+02,9.551674127578735352e-03,4.475858211517333984e+01,7.840077604875496320e+00
1.630000000000000000e+02,9.490216150879859924e-03,4.455560445785522461e+01,7.613040041675608549e+00
1.640000000000000000e+02,9.422732517123222351e-03,4.403074383735656738e+01,7.270863515160877810e+00
1.650000000000000000e+02,9.410656057298183441e-03,4.351737499237060547e+01,6.529939422027419837e+00
1.660000000000000000e+02,9.398599155247211456e-03,4.349331855773925781e+01,6.727316322229931700e+00
1.670000000000000000e+02,9.388554841279983521e-03,4.342297911643981934e+01,6.744432463145804135e+00
1.680000000000000000e+02,9.356858208775520325e-03,4.318534731864929199e+01,6.619660184623181287e+00
1.690000000000000000e+02,9.286588057875633240e-03,4.271849989891052246e+01,6.180616540950806481e+00
1.700000000000000000e+02,9.079685434699058533e-03,4.117730855941772461e+01,4.337998140046020801e+00
1.710000000000000000e+02,8.855551481246948242e-03,3.954483866691589355e+01,1.983526665265191280e+00
1.720000000000000000e+02,8.596123196184635162e-03,3.876615166664123535e+01,9.507723695161238719e-01
1.730000000000000000e+02,8.382896892726421356e-03,3.881840109825134277e+01,3.649980477358930053e-02
1.740000000000000000e+02,8.501207455992698669e-03,3.957542777061462402e+01,9.972419606437015194e-01
1.750000000000000000e+02,8.321244269609451294e-03,3.909069299697875977e+01,3.365369775206553116e-01
1.760000000000000000e+02,8.326678536832332611e-03,3.905192613601684570e+01,1.054471313859846326e-01
1.770000000000000000e+02,8.289892226457595825e-03,3.907215595245361328e+01,2.260866664823389660e-01
1.780000000000000000e+02,8.280275389552116394e-03,3.865986466407775879e+01,2.476135052496082067e-01
1.790000000000000000e+02,8.261113427579402924e-03,3.863598108291625977e+01,3.843670824133407771e-01
1.800000000000000000e+02,8.227972313761711121e-03,3.837013840675354004e+01,1.071543567234908068e+00
1.810000000000000000e+02,8.185651153326034546e-03,3.795164823532104492e+01,2.016691016937226077e+00
1.820000000000000000e+02,8.122104220092296600e-03,3.673015236854553223e+01,4.676853842639467018e+00
1.830000000000000000e+02,8.026852272450923920e-03,3.595584630966186523e+01,6.423833977529286088e+00
1.840000000000000000e+02,7.954020053148269653e-03,3.488976955413818359e+01,8.908958661301268123e+00
1.850000000000000000e+02,7.871888577938079834e-03,3.434391021728515625e+01,1.030156153333119740e+01
1.860000000000000000e+02,7.784506771713495255e-03,3.412477970123291016e+01,1.131795309094829705e+01
1.870000000000000000e+02,7.710307836532592773e-03,3.371785879135131836e+01,1.187691212529366247e+01
1.880000000000000000e+02,7.672084961086511612e-03,3.234437108039855957e+01,1.438524600356396199e+01
1.890000000000000000e+02,7.550499401986598969e-03,3.333058357238769531e+01,1.125623257938926969e+01
1.900000000000000000e+02,7.456865627318620682e-03,3.371141552925109863e+01,8.928064370733856947e+00
1.910000000000000000e+02,7.360384333878755569e-03,3.373255729675292969e+01,8.906522902786317530e+00
1.920000000000000000e+02,7.275850977748632431e-03,3.321760296821594238e+01,9.334177729618515329e+00
1.930000000000000000e+02,7.247082889080047607e-03,3.318402767181396484e+01,8.969216254833298763e+00
1.940000000000000000e+02,7.222637999802827835e-03,3.295673727989196777e+01,9.315518210184162484e+00
1.950000000000000000e+02,7.213599048554897308e-03,3.306444287300109863e+01,8.890781904815824532e+00
1.960000000000000000e+02,7.198304403573274612e-03,3.290725946426391602e+01,9.259437247619210609e+00
1.970000000000000000e+02,7.176623214036226273e-03,3.289172053337097168e+01,9.270116549216291801e+00
1.980000000000000000e+02,7.099730893969535828e-03,3.293379545211791992e+01,9.196261132623320123e+00
1.990000000000000000e+02,6.936355959624052048e-03,3.285709023475646973e+01,8.992761920477823523e+00
2.000000000000000000e+02,6.680591963231563568e-03,3.213993310928344727e+01,9.634990248919891087e+00
2.010000000000000000e+02,6.454610265791416168e-03,3.066957592964172363e+01,1.071225382564036011e+01
2.020000000000000000e+02,6.305955350399017334e-03,2.965142130851745605e+01,1.249937643119099207e+01
2.030000000000000000e+02,6.201994605362415314e-03,2.829123735427856445e+01,1.447118512305993221e+01
2.040000000000000000e+02,6.260983645915985107e-03,2.742906808853149414e+01,1.520567969146473430e+01
2.050000000000000000e+02,6.152810994535684586e-03,2.793565988540649414e+01,1.477354833546992374e+01
2.060000000000000000e+02,6.091501563787460327e-03,2.779475450515747070e+01,1.447517157468350213e+01
2.070000000000000000e+02,5.992719903588294983e-03,2.733306288719177246e+01,1.497046441649393422e+01
2.080000000000000000e+02,5.786870140582323074e-03,2.531017065048217773e+01,1.797588321115773269e+01
2.090000000000000000e+02,5.709578283131122589e-03,2.380874752998352051e+01,1.942183138904212925e+01
2.100000000000000000e+02,5.652122199535369873e-03,2.446852326393127441e+01,1.861538319747945280e+01
2.110000000000000000e+02,5.630506202578544617e-03,2.438415884971618652e+01,1.969610657533376852e+01
2.120000000000000000e+02,5.565288476645946503e-03,2.448027729988098145e+01,1.913869823409702065e+01
2.130000000000000000e+02,5.544585175812244415e-03,2.447972893714904785e+01,1.884801642213260564e+01
2.140000000000000000e+02,5.502200685441493988e-03,2.445188760757446289e+01,1.891229704023887592e+01
2.150000000000000000e+02,5.459462292492389679e-03,2.450570464134216309e+01,1.892148416544842249e+01
2.160000000000000000e+02,5.408567842096090317e-03,2.449951767921447754e+01,1.831971283504297432e+01
2.170000000000000000e+02,5.336105823516845703e-03,2.473348379135131836e+01,1.756784611506757443e+01
2.180000000000000000e+02,5.289552733302116394e-03,2.443085312843322754e+01,1.744798924111566407e+01
2.190000000000000000e+02,5.315782036632299423e-03,2.485844492912292480e+01,1.691933455369955297e+01
2.200000000000000000e+02,5.262448918074369431e-03,2.460484504699707031e+01,1.723258187623040527e+01
2.210000000000000000e+02,5.235439632087945938e-03,2.501814365386962891e+01,1.635771300854504773e+01
2.220000000000000000e+02,5.214544478803873062e-03,2.503840923309326172e+01,1.639016784497399115e+01
2.230000000000000000e+02,5.200461484491825104e-03,2.526994347572326660e+01,1.609063537894623863e+01
2.240000000000000000e+02,5.188287235796451569e-03,2.502405643463134766e+01,1.643685687380562044e+01
2.250000000000000000e+02,5.170369986444711685e-03,2.479259371757507324e+01,1.702073671674088828e+01
2.260000000000000000e+02,5.156183149665594101e-03,2.451622486114501953e+01,1.752115708623594514e+01
2.270000000000000000e+02,5.135631654411554337e-03,2.457500696182250977e+01,1.777651674243850621e+01
2.280000000000000000e+02,5.104102194309234619e-03,2.470295429229736328e+01,1.809059061365461574e+01
2.290000000000000000e+02,5.063789431005716324e-03,2.498884797096252441e+01,1.820873587351493583e+01
2.300000000000000000e+02,4.997526761144399643e-03,2.524242997169494629e+01,1.842413592381005927e+01
2.310000000000000000e+02,4.924503155052661896e-03,2.548171877861022949e+01,1.864015039967651788e+01
2.320000000000000000e+02,4.859456792473793030e-03,2.517266869544982910e+01,1.882937153187851820e+01
2.330000000000000000e+02,4.824666306376457214e-03,2.438593506813049316e+01,1.902922076354665748e+01
2.340000000000000000e+02,4.793625324964523315e-03,2.441213726997375488e+01,1.884733616525004862e+01
2.350000000000000000e+02,4.781747702509164810e-03,2.406009435653686523e+01,1.912608056611416885e+01
2.360000000000000000e+02,4.761116113513708115e-03,2.370679974555969238e+01,1.937889474494975062e+01
2.370000000000000000e+02,4.720897413790225983e-03,2.308560609817504883e+01,1.992130817640977369e+01
2.380000000000000000e+02,4.692782647907733917e-03,2.276715636253356934e+01,2.027384216255564553e+01
2.390000000000000000e+02,4.656204022467136383e-03,2.250680327415466309e+01,2.066998573508631765e+01
2.400000000000000000e+02,4.603097680956125259e-03,2.230122685432434082e+01,2.129747516440638577e+01
2.410000000000000000e+02,4.562286194413900375e-03,2.238985300064086914e+01,2.161756894330358847e+01
2.420000000000000000e+02,4.526166245341300964e-03,2.263027429580688477e+01,2.189869058596157458e+01
2.430000000000000000e+02,4.505387973040342331e-03,2.297658324241638184e+01,2.193933044875156924e+01
2.440000000000000000e+02,4.496115259826183319e-03,2.342990040779113770e+01,2.142387128193897539e+01
2.450000000000000000e+02,4.478996619582176208e-03,2.320895195007324219e+01,2.171677672930442782e+01
2.460000000000000000e+02,4.470460116863250732e-03,2.315568327903747559e+01,2.188119408635868623e+01
2.470000000000000000e+02,4.461653530597686768e-03,2.327677607536315918e+01,2.203688513738190125e+01
2.480000000000000000e+02,4.456150345504283905e-03,2.345622181892395020e+01,2.200208963210976520e+01
2.490000000000000000e+02,4.437661729753017426e-03,2.367741465568542480e+01,2.198079686022681400e+01
2.500000000000000000e+02,4.381061531603336334e-03,2.394074797630310059e+01,2.218198466188965412e+01
2.510000000000000000e+02,4.309409298002719879e-03,2.402127981185913086e+01,2.217428971306764751e+01
2.520000000000000000e+02,4.244874231517314911e-03,2.298318147659301758e+01,2.348760242803430742e+01
2.530000000000000000e+02,4.141841549426317215e-03,2.243890166282653809e+01,2.351993291643095674e+01
2.540000000000000000e+02,4.040649626404047012e-03,2.185932397842407227e+01,2.314173934809154076e+01
2.550000000000000000e+02,3.966949880123138428e-03,2.050489187240600586e+01,2.441269327158648750e+01
2.560000000000000000e+02,3.921408206224441528e-03,1.992819309234619141e+01,2.479752848776847074e+01
2.570000000000000000e+02,3.908131271600723267e-03,1.956717371940612793e+01,2.501796097607646274e+01
2.580000000000000000e+02,3.892398905009031296e-03,1.983619332313537598e+01,2.529547652579789840e+01
2.590000000000000000e+02,3.888988401740789413e-03,1.987361311912536621e+01,2.505647960772731153e+01
2.600000000000000000e+02,3.887095255777239799e-03,1.983205676078796387e+01,2.510319058032934336e+01
2.610000000000000000e+02,3.884000703692436218e-03,1.969099044799804688e+01,2.525569978464383780e+01
2.620000000000000000e+02,3.879233263432979584e-03,1.960903406143188477e+01,2.536019601931227641e+01
2.630000000000000000e+02,3.869727486744523048e-03,1.939958333969116211e+01,2.561342712978555269e+01
2.640000000000000000e+02,3.852608613669872284e-03,1.929821968078613281e+01,2.583859947250101641e+01
2.650000000000000000e+02,3.816715441644191742e-03,1.901142597198486328e+01,2.652928696058737756e+01
2.660000000000000000e+02,3.759772982448339462e-03,1.869691014289855957e+01,2.767421049605648520e+01
2.670000000000000000e+02,3.759688697755336761e-03,1.832833290100097656e+01,2.942846864813061813e+01
2.680000000000000000e+02,3.723591100424528122e-03,1.849328875541687012e+01,2.864035081944621908e+01
2.690000000000000000e+02,3.658001311123371124e-03,1.838613748550415039e+01,2.990616990066640213e+01
2.700000000000000000e+02,3.628126811236143112e-03,1.845524907112121582e+01,3.038537795876999326e+01
2.710000000000000000e+02,3.596172668039798737e-03,1.793680787086486816e+01,3.162147054568158921e+01
2.720000000000000000e+02,3.553595859557390213e-03,1.806342601776123047e+01,3.155664864790532675e+01
2.730000000000000000e+02,3.496984485536813736e-03,1.772104501724243164e+01,3.288208163872566558e+01
2.740000000000000000e+02,3.444825299084186554e-03,1.713753342628479004e+01,3.407636402842566525e+01
2.750000000000000000e+02,3.418976906687021255e-03,1.695434451103210449e+01,3.459739691292111985e+01
2.760000000000000000e+02,3.401945345103740692e-03,1.700953841209411621e+01,3.452667945549605832e+01
2.770000000000000000e+02,3.380339825525879860e-03,1.710350513458251953e+01,3.436313984925799758e+01
2.780000000000000000e+02,3.356347326189279556e-03,1.735414862632751465e+01,3.387812400658722822e+01
2.790000000000000000e+02,3.338334150612354279e-03,1.777377128601074219e+01,3.317292437167304797e+01
2.800000000000000000e+02,3.322830190882086754e-03,1.815434098243713379e+01,3.284812731131904684e+01
2.810000000000000000e+02,3.306995611637830734e-03,1.829152703285217285e+01,3.260977407718034016e+01
2.820000000000000000e+02,3.280610311776399612e-03,1.811527609825134277e+01,3.289290723212544520e+01
2.830000000000000000e+02,3.251733724027872086e-03,1.806291937828063965e+01,3.314954694160162774e+01
2.840000000000000000e+02,3.195581492036581039e-03,1.739981770515441895e+01,3.464001171504755661e+01
2.850000000000000000e+02,3.126386087387800217e-03,1.691057085990905762e+01,3.587465601311242835e+01
2.860000000000000000e+02,3.105144482105970383e-03,1.639285683631896973e+01,3.860542657738770345e+01
2.870000000000000000e+02,3.054779721423983574e-03,1.687476038932800293e+01,3.754699075567469890e+01
2.880000000000000000e+02,3.043283708393573761e-03,1.647420525550842285e+01,3.831617842508974547e+01
2.890000000000000000e+02,3.025814890861511230e-03,1.633475422859191895e+01,3.865684814603667263e+01
2.900000000000000000e+02,3.021922893822193146e-03,1.631653308868408203e+01,3.930152686217395797e+01
2.910000000000000000e+02,3.003315068781375885e-03,1.618366241455078125e+01,3.931674120965472952e+01
2.920000000000000000e+02,2.994748298078775406e-03,1.617957949638366699e+01,3.903164774455344599e+01
2.930000000000000000e+02,2.981751924380660057e-03,1.622845530509948730e+01,3.901368311118191912e+01
2.940000000000000000e+02,2.958778291940689087e-03,1.643708944320678711e+01,3.880529043823611346e+01
2.950000000000000000e+02,2.947352360934019089e-03,1.662372350692749023e+01,3.848913922342166671e+01
2.960000000000000000e+02,2.927365712821483612e-03,1.690785288810729980e+01,3.793153338825127463e+01
2.970000000000000000e+02,2.908978611230850220e-03,1.694200634956359863e+01,3.754094890422319963e+01
2.980000000000000000e+02,2.890671603381633759e-03,1.687744855880737305e+01,3.723160025823428754e+01
2.990000000000000000e+02,2.860347274690866470e-03,1.652261018753051758e+01,3.718645460792114221e+01
3.000000000000000000e+02,2.822594251483678818e-03,1.620664596557617188e+01,3.726504256433145201e+01
3.010000000000000000e+02,2.804189920425415039e-03,1.502470374107360840e+01,3.953667630583354509e+01
3.020000000000000000e+02,2.751313149929046631e-03,1.528779864311218262e+01,3.858961243351586035e+01
3.030000000000000000e+02,2.727166982367634773e-03,1.585296392440795898e+01,3.838135142319249127e+01
3.040000000000000000e+02,2.710909815505146980e-03,1.570566892623901367e+01,3.890759229586404899e+01
3.050000000000000000e+02,2.695092698559165001e-03,1.554140448570251465e+01,3.965561154142844913e+01
3.060000000000000000e+02,2.695018425583839417e-03,1.591417789459228516e+01,4.015249164929817027e+01
3.070000000000000000e+02,2.681782003492116928e-03,1.572639346122741699e+01,3.990196693717484067e+01
3.080000000000000000e+02,2.661997918039560318e-03,1.548498868942260742e+01,4.057261244829133773e+01
3.090000000000000000e+02,2.644142601639032364e-03,1.532276868820190430e+01,4.105808179555047843e+01
3.100000000000000000e+02,2.618563128635287285e-03,1.484377384185791016e+01,4.243745257402621007e+01
3.110000000000000000e+02,2.598875667899847031e-03,1.475175023078918457e+01,4.296296198768428098e+01
3.120000000000000000e+02,2.578063635155558586e-03,1.449195146560668945e+01,4.393802611103869538e+01
3.130000000000000000e+02,2.549323253333568573e-03,1.408657431602478027e+01,4.525785612581563555e+01
3.140000000000000000e+02,2.511281985789537430e-03,1.331263184547424316e+01,4.731406055866206373e+01
3.150000000000000000e+02,2.484136959537863731e-03,1.248652935028076172e+01,4.882349937891815017e+01
3.160000000000000000e+02,2.455609617754817009e-03,1.194974780082702637e+01,5.035801261415697638e+01
3.170000000000000000e+02,2.442151773720979691e-03,1.232839822769165039e+01,4.916906987525551642e+01
3.180000000000000000e+02,2.427917905151844025e-03,1.204894185066223145e+01,4.943881733025359893e+01
3.190000000000000000e+02,2.416209550574421883e-03,1.187156438827514648e+01,4.973047929729610672e+01
3.200000000000000000e+02,2.405046019703149796e-03,1.172747015953063965e+01,4.996649186259162434e+01
3.210000000000000000e+02,2.400697674602270126e-03,1.176735758781433105e+01,4.978083293578535518e+01
3.220000000000000000e+02,2.397810574620962143e-03,1.179317831993103027e+01,4.970777480951710459e+01
3.230000000000000000e+02,2.395097166299819946e-03,1.170148253440856934e+01,4.981924916317431951e+01
3.240000000000000000e+02,2.384984400123357773e-03,1.135090589523315430e+01,5.016012369264502269e+01
3.250000000000000000e+02,2.369583118706941605e-03,1.090790033340454102e+01,5.039629717892351124e+01
3.260000000000000000e+02,2.338810591027140617e-03,1.034623384475708008e+01,5.079247000981471416e+01
3.270000000000000000e+02,2.306469017639756203e-03,9.676599502563476562e+00,5.098393672118815800e+01
3.280000000000000000e+02,2.287030220031738281e-03,9.622544050216674805e+00,5.140857793688474686e+01
3.290000000000000000e+02,2.270365133881568909e-03,1.020546555519104004e+01,5.143297940957506142e+01
3.300000000000000000e+02,2.261166926473379135e-03,1.042579412460327148e+01,5.138063620256908592e+01
3.310000000000000000e+02,2.250317018479108810e-03,1.049650907516479492e+01,5.189741199560597806e+01
3.320000000000000000e+02,2.241105772554874420e-03,1.036790013313293457e+01,5.252174152198772816e+01
3.330000000000000000e+02,2.229270059615373611e-03,1.016575694084167480e+01,5.323350965884312558e+01
3.340000000000000000e+02,2.218640176579356194e-03,9.993171691894531250e+00,5.362896565990110531e+01
3.350000000000000000e+02,2.208468969911336899e-03,9.920936822891235352e+00,5.368713128065453333e+01
3.360000000000000000e+02,2.202588599175214767e-03,1.004579067230224609e+01,5.347197992642399811e+01
3.370000000000000000e+02,2.196536166593432426e-03,1.025040745735168457e+01,5.308386777386154876e+01
3.380000000000000000e+02,2.189179882407188416e-03,1.051840186119079590e+01,5.263968197332427224e+01
3.390000000000000000e+02,2.180851064622402191e-03,1.082307696342468262e+01,5.221556740811741548e+01
3.400000000000000000e+02,2.174905966967344284e-03,1.113427877426147461e+01,5.181522526084925317e+01
3.410000000000000000e+02,2.171138301491737366e-03,1.108448505401611328e+01,5.195225679243812067e+01
3.420000000000000000e+02,2.167260739952325821e-03,1.101496815681457520e+01,5.207824329292314047e+01
3.430000000000000000e+02,2.160664182156324387e-03,1.090145707130432129e+01,5.225847479384925265e+01
3.440000000000000000e+02,2.145959530025720596e-03,1.076598763465881348e+01,5.255497901956112372e+01
3.450000000000000000e+02,2.123913727700710297e-03,1.053894162178039551e+01,5.299688266797627278e+01
3.460000000000000000e+02,2.098735421895980835e-03,1.040391325950622559e+01,5.396931353888209060e+01
3.470000000000000000e+02,2.063176129013299942e-03,1.044767498970031738e+01,5.410513084850854426e+01
3.480000000000000000e+02,2.009891904890537262e-03,1.035104393959045410e+01,5.467765844755431459e+01
3.490000000000000000e+02,1.970881829038262367e-03,1.006159782409667969e+01,5.658783440294584466e+01
3.500000000000000000e+02,1.959576504305005074e-03,1.012089848518371582e+01,5.656126781157557559e+01
3.510000000000000000e+02,1.948106801137328148e-03,9.748101234436035156e+00,5.757135419249631525e+01
3.520000000000000000e+02,1.945749274455010891e-03,9.789204597473144531e+00,5.733142100688844067e+01
3.530000000000000000e+02,1.943950424902141094e-03,9.745949506759643555e+00,5.764817201809395897e+01
3.540000000000000000e+02,1.942526083439588547e-03,9.638905525207519531e+00,5.786083641167859781e+01
3.550000000000000000e+02,1.940813846886157990e-03,9.630340337753295898e+00,5.786210915036208746e+01
3.560000000000000000e+02,1.935413107275962830e-03,9.615743160247802734e+00,5.780912225942422822e+01
3.570000000000000000e+02,1.930330647155642509e-03,9.691619873046875000e+00,5.773675170462865225e+01
3.580000000000000000e+02,1.920827198773622513e-03,9.485375881195068359e+00,5.802462471398123967e+01
3.590000000000000000e+02,1.908167731016874313e-03,9.778600931167602539e+00,5.810242269465697262e+01
3.600000000000000000e+02,1.878965413197875023e-03,9.285038709640502930e+00,5.891704859799056493e+01
3.610000000000000000e+02,1.846794737502932549e-03,9.110754728317260742e+00,5.943323922381665625e+01
3.620000000000000000e+02,1.804883359000086784e-03,8.645176887512207031e+00,6.080251586790610219e+01
3.630000000000000000e+02,1.768661662936210632e-03,9.028571844100952148e+00,6.073251524031427806e+01
3.640000000000000000e+02,1.731798285618424416e-03,8.838468790054321289e+00,6.140715451764447153e+01
3.650000000000000000e+02,1.707175746560096741e-03,8.085495233535766602e+00,6.300969344113869397e+01
3.660000000000000000e+02,1.710440614260733128e-03,8.036214113235473633e+00,6.253700999743549716e+01
3.670000000000000000e+02,1.703387242741882801e-03,8.064615726470947266e+00,6.280928830062029533e+01
3.680000000000000000e+02,1.700003864243626595e-03,8.045935630798339844e+00,6.307524679792845035e+01
3.690000000000000000e+02,1.697639469057321548e-03,7.914346456527709961e+00,6.311582814399736208e+01
3.700000000000000000e+02,1.694862497970461845e-03,7.765263319015502930e+00,6.330673894652054656e+01
3.710000000000000000e+02,1.690019154921174049e-03,7.550126314163208008e+00,6.358372784575227143e+01
3.720000000000000000e+02,1.685978379100561142e-03,7.459706068038940430e+00,6.390150289957667695e+01
3.730000000000000000e+02,1.675674226135015488e-03,7.453501224517822266e+00,6.443600925910078558e+01
3.740000000000000000e+02,1.662963768467307091e-03,7.451027631759643555e+00,6.518496477220244856e+01
3.750000000000000000e+02,1.648313133046030998e-03,7.697969675064086914e+00,6.555746758941684504e+01
3.760000000000000000e+02,1.630088896490633488e-03,7.890617847442626953e+00,6.605262145401469809e+01
3.770000000000000000e+02,1.616974594071507454e-03,7.814109325408935547e+00,6.698975211292908227e+01
3.780000000000000000e+02,1.598364091478288174e-03,7.938629388809204102e+00,6.680758956020734729e+01
3.790000000000000000e+02,1.579262083396315575e-03,8.160662651062011719e+00,6.664953589657052646e+01
3.800000000000000000e+02,1.556719653308391571e-03,8.057969808578491211e+00,6.714341702248491117e+01
3.810000000000000000e+02,1.541596953757107258e-03,7.900065183639526367e+00,6.774984043221620311e+01
3.820000000000000000e+02,1.536148367449641228e-03,7.660901546478271484e+00,6.822942884900680838e+01
3.830000000000000000e+02,1.517966389656066895e-03,7.627874612808227539e+00,6.830691961689687730e+01
3.840000000000000000e+02,1.507731387391686440e-03,7.499599456787109375e+00,6.843730950064316687e+01
3.850000000000000000e+02,1.502315979450941086e-03,7.098680734634399414e+00,6.965982620826423499e+01
3.860000000000000000e+02,1.495018834248185158e-03,7.107049226760864258e+00,6.918696721439781072e+01
3.870000000000000000e+02,1.489942194893956184e-03,7.262295484542846680e+00,6.900846195674355954e+01
3.880000000000000000e+02,1.482207328081130981e-03,7.306456565856933594e+00,6.885861526323819248e+01
3.890000000000000000e+02,1.477846410125494003e-03,7.367187738418579102e+00,6.869662635010875817e+01
3.900000000000000000e+02,1.474388176575303078e-03,7.337850332260131836e+00,6.852046176129771027e+01
3.910000000000000000e+02,1.471906900405883789e-03,7.273477315902709961e+00,6.836881567861914277e+01
3.920000000000000000e+02,1.467533642426133156e-03,7.317537069320678711e+00,6.804461841465621319e+01
3.930000000000000000e+02,1.451558666303753853e-03,7.473659515380859375e+00,6.676924647871973661e+01
3.940000000000000000e+02,1.439161249436438084e-03,7.625937461853027344e+00,6.579835167174226740e+01
3.950000000000000000e+02,1.429713563993573189e-03,7.757872343063354492e+00,6.419086808531679367e+01
3.960000000000000000e+02,1.415198901668190956e-03,7.587116956710815430e+00,6.474838614540556136e+01
3.970000000000000000e+02,1.414572121575474739e-03,7.375109195709228516e+00,6.508652501816578706e+01
3.980000000000000000e+02,1.410914352163672447e-03,7.474464178085327148e+00,6.492798859158006053e+01
3.990000000000000000e+02,1.403474016115069389e-03,7.274961471557617188e+00,6.480432813075795195e+01
4.000000000000000000e+02,1.393518643453717232e-03,6.972134113311767578e+00,6.455870419402506855e+01
4.010000000000000000e+02,1.375276595354080200e-03,6.633985042572021484e+00,6.414818013728900326e+01
4.020000000000000000e+02,1.349027268588542938e-03,6.228452920913696289e+00,6.380743727044073665e+01
4.030000000000000000e+02,1.322817523032426834e-03,6.022340059280395508e+00,6.320274010398129150e+01
4.040000000000000000e+02,1.298410003073513508e-03,6.072765588760375977e+00,6.273074423175079062e+01
4.050000000000000000e+02,1.271404325962066650e-03,6.022047996520996094e+00,6.233284515758772670e+01
4.060000000000000000e+02,1.265986356884241104e-03,5.860018730163574219e+00,6.399281824282185482e+01
4.070000000000000000e+02,1.242401078343391418e-03,5.845636129379272461e+00,6.318857905747995574e+01
4.080000000000000000e+02,1.238199649378657341e-03,5.455791950225830078e+00,6.322834116945374916e+01
4.090000000000000000e+02,1.231987378560006618e-03,5.190932750701904297e+00,6.346972264390834084e+01
4.100000000000000000e+02,1.228271285071969032e-03,5.024498701095581055e+00,6.360891929417715573e+01
4.110000000000000000e+02,1.225780695676803589e-03,4.748100042343139648e+00,6.395842504000714968e+01
4.120000000000000000e+02,1.224316423758864403e-03,4.629379510879516602e+00,6.411516207741966866e+01
4.130000000000000000e+02,1.221982762217521667e-03,4.524934291839599609e+00,6.427002657975762645e+01
4.140000000000000000e+02,1.220362028107047081e-03,4.122912883758544922e+00,6.524279392180966397e+01
4.150000000000000000e+02,1.212873728945851326e-03,4.072433710098266602e+00,6.608463010044542330e+01
4.160000000000000000e+02,1.202108920551836491e-03,4.307043552398681641e+00,6.544959201410604521e+01
4.170000000000000000e+02,1.191773684695363045e-03,4.181295633316040039e+00,6.556545512184425206e+01
4.180000000000000000e+02,1.171377720311284065e-03,4.212373495101928711e+00,6.600339426240624618e+01
4.190000000000000000e+02,1.154848374426364899e-03,4.022598266601562500e+00,6.654228937601132543e+01
4.200000000000000000e+02,1.142705092206597328e-03,4.099404811859130859e+00,6.706772564376805690e+01
4.210000000000000000e+02,1.134162070229649544e-03,3.861624002456665039e+00,6.729882280449285759e+01
4.220000000000000000e+02,1.128000090830028057e-03,3.837478160858154297e+00,6.710421081936137000e+01
4.230000000000000000e+02,1.120831584557890892e-03,3.704047203063964844e+00,6.710246994690923827e+01
4.240000000000000000e+02,1.114824553951621056e-03,3.711968660354614258e+00,6.697023678644893607e+01
4.250000000000000000e+02,1.109211239963769913e-03,3.991776704788208008e+00,6.601479039383654879e+01
4.260000000000000000e+02,1.102784648537635803e-03,3.905731439590454102e+00,6.599088631327541066e+01
4.270000000000000000e+02,1.096215448342263699e-03,3.699666261672973633e+00,6.638114895533755089e+01
4.280000000000000000e+02,1.088122371584177017e-03,3.542202711105346680e+00,6.646313088157049265e+01
4.290000000000000000e+02,1.083944342099130154e-03,3.362292051315307617e+00,6.657914028111140681e+01
4.300000000000000000e+02,1.080181216821074486e-03,3.381049633026123047e+00,6.670524381503859956e+01
4.310000000000000000e+02,1.072958810254931450e-03,3.243696689605712891e+00,6.694372871179973572e+01
4.320000000000000000e+02,1.064821379259228706e-03,3.068280220031738281e+00,6.742523355120570727e+01
4.330000000000000000e+02,1.054196152836084366e-03,2.754294872283935547e+00,6.784296979381487347e+01
4.340000000000000000e+02,1.041680574417114258e-03,2.257758378982543945e+00,6.845065131304939143e+01
4.350000000000000000e+02,1.028176629915833473e-03,1.975780725479125977e+00,6.881014878900376175e+01
4.360000000000000000e+02,1.010388601571321487e-03,1.586008071899414062e+00,6.920496110612987195e+01
4.370000000000000000e+02,1.003043260425329208e-03,1.790171861648559570e+00,6.912736793397792212e+01
4.380000000000000000e+02,9.945314377546310425e-04,1.957696676254272461e+00,6.859014054692360673e+01
4.390000000000000000e+02,9.885749313980340958e-04,1.854616403579711914e+00,6.886497895665564783e+01
4.400000000000000000e+02,9.817801183089613914e-04,1.836580038070678711e+00,6.872275406607093373e+01
4.410000000000000000e+02,9.757949155755341053e-04,1.766026020050048828e+00,6.857785203549683217e+01
4.420000000000000000e+02,9.712431346997618675e-04,1.695144176483154297e+00,6.829457258874901981e+01
4.430000000000000000e+02,9.644130477681756020e-04,1.717728376388549805e+00,6.726987165673857305e+01
4.440000000000000000e+02,9.589622495695948601e-04,1.614111661911010742e+00,6.726396146790951036e+01
4.450000000000000000e+02,9.547794470563530922e-04,1.880377531051635742e+00,6.681180276412509045e+01
4.460000000000000000e+02,9.520768653601408005e-04,2.000093460083007812e+00,6.679437941042355931e+01
4.470000000000000000e+02,9.501369204372167587e-04,2.101099491119384766e+00,6.656508163887195906e+01
4.480000000000000000e+02,9.472822421230375767e-04,2.162790298461914062e+00,6.622502634349636708e+01
4.490000000000000000e+02,9.425817988812923431e-04,2.284526824951171875e+00,6.571519941108772400e+01
4.500000000000000000e+02,9.369760518893599510e-04,2.423197031021118164e+00,6.518590103973971850e+01
4.510000000000000000e+02,9.323344565927982330e-04,2.499699592590332031e+00,6.474367554935864177e+01
4.520000000000000000e+02,9.321240941062569618e-04,2.867966890335083008e+00,6.390229287531125379e+01
4.530000000000000000e+02,9.295741328969597816e-04,2.697771787643432617e+00,6.429055131967641046e+01
4.540000000000000000e+02,9.262702078558504581e-04,2.736973762512207031e+00,6.456104486286825761e+01
4.550000000000000000e+02,9.238076163455843925e-04,2.732592821121215820e+00,6.460218211778743580e+01
4.560000000000000000e+02,9.202648652717471123e-04,2.738475799560546875e+00,6.471068674784984864e+01
4.570000000000000000e+02,9.165376541204750538e-04,2.676349878311157227e+00,6.492468239683904585e+01
4.580000000000000000e+02,9.091131505556404591e-04,2.566313743591308594e+00,6.531743199954708246e+01
4.590000000000000000e+02,9.022897575050592422e-04,2.389717102050781250e+00,6.578957416358028354e+01
4.600000000000000000e+02,9.365862933918833733e-04,2.167713642120361328e+00,6.707281659850200128e+01
4.610000000000000000e+02,8.936119265854358673e-04,2.318525314331054688e+00,6.619996655769389804e+01
4.620000000000000000e+02,8.852472528815269470e-04,2.283847332000732422e+00,6.611115280427488017e+01
4.630000000000000000e+02,8.782113436609506607e-04,2.168029546737670898e+00,6.638758579465634568e+01
4.640000000000000000e+02,8.759013726375997066e-04,2.005040645599365234e+00,6.636489593605760717e+01
4.650000000000000000e+02,8.735781302675604820e-04,1.921749114990234375e+00,6.649941124864004394e+01
4.660000000000000000e+02,8.707450469955801964e-04,1.806735992431640625e+00,6.667679005941349146e+01
4.670000000000000000e+02,8.692025439813733101e-04,1.802647113800048828e+00,6.661408939277637842e+01
4.680000000000000000e+02,8.665951318107545376e-04,1.905483007431030273e+00,6.636966504882562390e+01
4.690000000000000000e+02,8.639229927211999893e-04,1.981335878372192383e+00,6.627520443182238807e+01
4.700000000000000000e+02,8.603666210547089577e-04,2.047675848007202148e+00,6.610973377378869031e+01
4.710000000000000000e+02,8.502295240759849548e-04,2.253711223602294922e+00,6.571866652681170251e+01
4.720000000000000000e+02,8.399711223319172859e-04,2.345871925354003906e+00,6.514534895203135534e+01
4.730000000000000000e+02,8.262716000899672508e-04,2.353441715240478516e+00,6.473533691660475142e+01
4.740000000000000000e+02,8.067440357990562916e-04,2.036094665527343750e+00,6.422436890813504817e+01
4.750000000000000000e+02,8.053444325923919678e-04,2.004635334014892578e+00,6.354465330525116684e+01
4.760000000000000000e+02,8.012089529074728489e-04,2.018737792968750000e+00,6.384907191748908417e+01
4.770000000000000000e+02,7.939401548355817795e-04,1.775473356246948242e+00,6.392050620474737599e+01
4.780000000000000000e+02,7.851347327232360840e-04,1.782572269439697266e+00,6.363452035964961340e+01
4.790000000000000000e+02,7.753646932542324066e-04,1.738458871841430664e+00,6.315123076025069793e+01
4.800000000000000000e+02,7.669528713449835777e-04,1.757097244262695312e+00,6.237667418167657019e+01
4.810000000000000000e+02,7.604629499837756157e-04,1.845037937164306641e+00,6.150455559988196796e+01
4.820000000000000000e+02,7.590941386297345161e-04,1.636952161788940430e+00,6.087934832268402374e+01
4.830000000000000000e+02,7.568796863779425621e-04,1.734590530395507812e+00,6.112647906498472139e+01
4.840000000000000000e+02,7.548301946371793747e-04,1.762193441390991211e+00,6.136976233287440863e+01
4.850000000000000000e+02,7.530718576163053513e-04,1.711565256118774414e+00,6.124661389336175432e+01
4.860000000000000000e+02,7.476361934095621109e-04,1.542991399765014648e+00,6.082972614320826210e+01
4.870000000000000000e+02,7.437302265316247940e-04,1.450854539871215820e+00,6.071158088334793490e+01
4.880000000000000000e+02,7.371674291789531708e-04,1.373463869094848633e+00,6.035158601526438105e+01
4.890000000000000000e+02,7.313987007364630699e-04,1.347607374191284180e+00,6.007594300061749237e+01
4.900000000000000000e+02,7.247318280860781670e-04,1.384735107421875000e+00,5.966696963699005352e+01
4.910000000000000000e+02,7.383073680102825165e-04,1.177197694778442383e+00,5.951659629299498278e+01
4.920000000000000000e+02,7.228425820358097553e-04,1.328265666961669922e+00,5.962602256141439483e+01
4.930000000000000000e+02,7.189162424765527248e-04,1.310884952545166016e+00,5.954115868666826827e+01
4.940000000000000000e+02,7.163799600675702095e-04,1.297467947006225586e+00,5.944952150145713432e+01
4.950000000000000000e+02,7.144554983824491501e-04,1.277542114257812500e+00,5.926615935595326334e+01
4.960000000000000000e+02,7.114976178854703903e-04,1.216769218444824219e+00,5.930861323709672916e+01
4.970000000000000000e+02,7.070722058415412903e-04,1.112598180770874023e+00,5.946510157844466704e+01
4.980000000000000000e+02,7.008041720837354660e-04,1.102375984191894531e+00,5.957053408065038269e+01
4.990000000000000000e+02,6.946566281840205193e-04,1.172041893005371094e+00,5.947841413249034304e+01
5.000000000000000000e+02,6.905714981257915497e-04,1.289927959442138672e+00,5.948008185904112111e+01
5.010000000000000000e+02,6.893599638715386391e-04,1.566576957702636719e+00,5.873446179904099296e+01
5.020000000000000000e+02,6.863392191007733345e-04,1.522487401962280273e+00,5.915244673771474737e+01
5.030000000000000000e+02,6.859669229015707970e-04,1.526236534118652344e+00,5.907134256229799973e+01
5.040000000000000000e+02,6.853799568489193916e-04,1.564556360244750977e+00,5.900195636027751078e+01
5.050000000000000000e+02,6.847268086858093739e-04,1.641178131103515625e+00,5.896117020568480882e+01
5.060000000000000000e+02,6.839578854851424694e-04,1.670348644256591797e+00,5.892979061400571794e+01
5.070000000000000000e+02,6.820542039349675179e-04,1.710128784179687500e+00,5.887750592372081826e+01
5.080000000000000000e+02,6.854543462395668030e-04,1.753330230712890625e+00,5.858980846453147961e+01
5.090000000000000000e+02,6.801794515922665596e-04,1.726365089416503906e+00,5.876935239398488875e+01
5.100000000000000000e+02,6.759073585271835327e-04,1.795524358749389648e+00,5.852040763333071993e+01
5.110000000000000000e+02,6.729866727255284786e-04,1.848596334457397461e+00,5.836113974773149238e+01
5.120000000000000000e+02,6.617491599172353745e-04,1.862472295761108398e+00,5.783545478391017980e+01
5.130000000000000000e+02,6.532323313876986504e-04,1.791000366210937500e+00,5.731768420661494190e+01
5.140000000000000000e+02,6.493616383522748947e-04,1.742380857467651367e+00,5.713536073291022177e+01
5.150000000000000000e+02,6.457839626818895340e-04,1.780086755752563477e+00,5.712583713655446616e+01
5.160000000000000000e+02,6.418639095500111580e-04,1.769125461578369141e+00,5.727755636513439441e+01
5.170000000000000000e+02,6.388085894286632538e-04,1.770198345184326172e+00,5.751321783010342159e+01
5.180000000000000000e+02,6.352751515805721283e-04,1.787483692169189453e+00,5.773833165609782014e+01
5.190000000000000000e+02,6.333788624033331871e-04,1.712280511856079102e+00,5.810558259759528710e+01
5.200000000000000000e+02,6.313609774224460125e-04,1.754063367843627930e+00,5.791812428161581039e+01
5.210000000000000000e+02,6.300274981185793877e-04,1.689881086349487305e+00,5.772803271318775131e+01
5.220000000000000000e+02,6.286781281232833862e-04,1.626557111740112305e+00,5.765125877513091979e+01
5.230000000000000000e+02,6.271968595683574677e-04,1.574754714965820312e+00,5.751870377270466861e+01
5.240000000000000000e+02,6.256419001147150993e-04,1.550799608230590820e+00,5.745126325166008030e+01
5.250000000000000000e+02,6.236900808289647102e-04,1.575928926467895508e+00,5.730194320864444535e+01
5.260000000000000000e+02,6.206296384334564209e-04,1.623958349227905273e+00,5.717140703309544847e+01
5.270000000000000000e+02,6.167560932226479053e-04,1.668679714202880859e+00,5.695900596475566857e+01
5.280000000000000000e+02,6.122561171650886536e-04,1.643639802932739258e+00,5.689899706728822792e+01
5.290000000000000000e+02,6.080752937123179436e-04,1.613390445709228516e+00,5.688724983553144199e+01
5.300000000000000000e+02,6.033469690009951591e-04,1.513218879699707031e+00,5.683280002656658780e+01
5.310000000000000000e+02,5.976599641144275665e-04,1.367115974426269531e+00,5.667193756031794294e+01
5.320000000000000000e+02,5.914240609854459763e-04,9.965240955352783203e-01,5.629340752083231791e+01
5.330000000000000000e+02,5.794459721073508263e-04,9.246170520782470703e-01,5.572528330504781025e+01
5.340000000000000000e+02,5.719633772969245911e-04,7.532835006713867188e-01,5.515508174566497246e+01
5.350000000000000000e+02,6.283349357545375824e-04,7.504045963287353516e-01,5.421692704413170105e+01
5.360000000000000000e+02,5.646587815135717392e-04,7.524430751800537109e-01,5.488017019003158481e+01
5.370000000000000000e+02,5.613359389826655388e-04,9.314775466918945312e-01,5.476478984524229077e+01
5.380000000000000000e+02,5.584869068115949631e-04,8.839905261993408203e-01,5.450626297151127631e+01
5.390000000000000000e+02,5.564730381593108177e-04,9.083628654479980469e-01,5.412312474024061260e+01
5.400000000000000000e+02,5.556908436119556427e-04,9.392499923706054688e-01,5.393803635146488773e+01
5.410000000000000000e+02,5.547096952795982361e-04,1.064276695251464844e+00,5.370054623896209733e+01
5.420000000000000000e+02,5.535500822588801384e-04,1.042878627777099609e+00,5.373251099785200324e+01
5.430000000000000000e+02,5.518371472135186195e-04,1.061326265335083008e+00,5.363086745333620797e+01
5.440000000000000000e+02,5.464861169457435608e-04,1.117992401123046875e+00,5.331127838115832418e+01
5.450000000000000000e+02,5.412924801930785179e-04,1.241302490234375000e+00,5.275493065549113680e+01
5.460000000000000000e+02,5.344197270460426807e-04,1.359218358993530273e+00,5.234744946825124146e+01
5.470000000000000000e+02,5.266556981950998306e-04,1.408350467681884766e+00,5.134837886007379382e+01
5.480000000000000000e+02,5.168165662325918674e-04,1.405864953994750977e+00,5.151112849057727061e+01
5.490000000000000000e+02,5.078589310869574547e-04,1.226407289505004883e+00,5.129079840653116662e+01
5.500000000000000000e+02,5.001536337658762932e-04,1.118934154510498047e+00,5.045863211605387022e+01
5.510000000000000000e+02,4.919148632325232029e-04,9.389281272888183594e-01,5.049595115492257946e+01
5.520000000000000000e+02,4.836997250095009804e-04,1.039749383926391602e+00,4.983683343785882158e+01
5.530000000000000000e+02,4.776903078891336918e-04,1.178568601608276367e+00,4.917275642868354879e+01
5.540000000000000000e+02,4.732037195935845375e-04,1.132184267044067383e+00,4.889611862977831436e+01
5.550000000000000000e+02,4.707855405285954475e-04,1.086705923080444336e+00,4.865880406743876563e+01
5.560000000000000000e+02,4.686556640081107616e-04,1.021832227706909180e+00,4.870318900037787557e+01
5.570000000000000000e+02,4.669049521908164024e-04,8.882939815521240234e-01,4.870191626169438592e+01
5.580000000000000000e+02,4.659238038584589958e-04,8.968651294708251953e-01,4.892145637000591307e+01
5.590000000000000000e+02,4.651485942304134369e-04,8.776009082794189453e-01,4.897954884485798743e+01
5.600000000000000000e+02,4.640034167096018791e-04,8.787095546722412109e-01,4.911118220892722519e+01
5.610000000000000000e+02,4.633746575564146042e-04,8.716523647308349609e-01,4.921096784754872289e+01
5.620000000000000000e+02,4.626136505976319313e-04,8.930563926696777344e-01,4.927394646861097272e+01
5.630000000000000000e+02,4.616039805114269257e-04,7.998883724212646484e-01,4.942955705914270226e+01
5.640000000000000000e+02,4.602796398103237152e-04,7.358908653259277344e-01,4.946760755702491252e+01
5.650000000000000000e+02,4.590246244333684444e-04,6.829798221588134766e-01,4.966423836903365441e+01
5.660000000000000000e+02,4.576501087285578251e-04,6.586313247680664062e-01,4.991657709951046229e+01
5.670000000000000000e+02,4.564072587527334690e-04,6.607532501220703125e-01,5.007057848021250379e+01
5.680000000000000000e+02,4.560103116091340780e-04,7.487356662750244141e-01,5.017745927126493655e+01
5.690000000000000000e+02,4.526014090515673161e-04,6.940782070159912109e-01,5.016571203950815061e+01
5.700000000000000000e+02,4.501028452068567276e-04,6.867349147796630859e-01,5.000675136669458709e+01
5.710000000000000000e+02,4.467772669158875942e-04,6.018400192260742188e-01,4.961035909809933031e+01
5.720000000000000000e+02,4.612686752807348967e-04,6.684660911560058594e-01,4.946689072719168223e+01
5.730000000000000000e+02,4.453334258869290352e-04,6.179273128509521484e-01,4.957570257003975911e+01
5.740000000000000000e+02,4.425451334100216627e-04,6.496608257293701172e-01,4.906866981106267644e+01
5.750000000000000000e+02,4.403249477036297321e-04,6.826460361480712891e-01,4.877340906567375356e+01
5.760000000000000000e+02,4.391378897707909346e-04,6.685793399810791016e-01,4.857553477334206349e+01
5.770000000000000000e+02,4.376185534056276083e-04,6.758749485015869141e-01,4.831772472944428642e+01
5.780000000000000000e+02,4.367045185063034296e-04,6.499946117401123047e-01,4.816511312086790042e+01
5.790000000000000000e+02,4.356938879936933517e-04,6.692528724670410156e-01,4.798259946781968210e+01
5.800000000000000000e+02,4.344810731709003448e-04,6.988584995269775391e-01,4.780072949870334043e+01
5.810000000000000000e+02,4.440122575033456087e-04,9.494483470916748047e-01,4.719461330175771252e+01
5.820000000000000000e+02,4.342735046520829201e-04,7.309079170227050781e-01,4.772309243901058551e+01
5.830000000000000000e+02,4.331347008701413870e-04,7.789671421051025391e-01,4.758116013203127892e+01
5.840000000000000000e+02,4.308783682063221931e-04,8.027851581573486328e-01,4.737215303351413809e+01
5.850000000000000000e+02,4.286129260435700417e-04,8.439004421234130859e-01,4.702029198966067725e+01
5.860000000000000000e+02,4.249838530085980892e-04,7.298529148101806641e-01,4.656203291770369646e+01
5.870000000000000000e+02,4.209462786093354225e-04,6.741583347320556641e-01,4.595710168435992671e+01
5.880000000000000000e+02,4.141970421187579632e-04,6.032228469848632812e-01,4.547309525512778094e+01
5.890000000000000000e+02,4.081455408595502377e-04,5.552649497985839844e-01,4.529006958077012257e+01
5.900000000000000000e+02,4.016180173493921757e-04,5.434453487396240234e-01,4.474661016292078841e+01
5.910000000000000000e+02,3.964371280744671822e-04,7.030069828033447266e-01,4.424996412193538475e+01
5.920000000000000000e+02,3.940038732253015041e-04,8.106827735900878906e-01,4.351468689238613763e+01
5.930000000000000000e+02,3.923323820345103741e-04,9.524822235107421875e-01,4.328323863133486071e+01
5.940000000000000000e+02,3.910937230102717876e-04,9.568691253662109375e-01,4.342076755505289754e+01
5.950000000000000000e+02,3.897594579029828310e-04,8.763790130615234375e-01,4.307036942922643874e+01
5.960000000000000000e+02,3.888453938998281956e-04,8.400559425354003906e-01,4.295143419363153470e+01
5.970000000000000000e+02,3.878027200698852539e-04,7.878839969635009766e-01,4.260068496747859967e+01
5.980000000000000000e+02,3.873276873491704464e-04,7.579445838928222656e-01,4.245952800705360630e+01
5.990000000000000000e+02,3.876663977280259132e-04,8.284807205200195312e-01,4.199388119906027583e+01
6.000000000000000000e+02,3.869658976327627897e-04,7.872998714447021484e-01,4.226557433503426608e+01
6.010000000000000000e+02,3.863204619847238064e-04,7.741451263427734375e-01,4.222922082206338246e+01
6.020000000000000000e+02,3.855453105643391609e-04,7.899880409240722656e-01,4.221524995490555199e+01
6.030000000000000000e+02,3.848700434900820255e-04,8.063375949859619141e-01,4.228974174084027027e+01
6.040000000000000000e+02,3.842357837129384279e-04,7.868349552154541016e-01,4.237681462180716352e+01
6.050000000000000000e+02,3.834465751424431801e-04,7.643759250640869141e-01,4.232101892825747314e+01
6.060000000000000000e+02,3.825169405899941921e-04,7.302820682525634766e-01,4.238753781094505513e+01
6.070000000000000000e+02,3.813409712165594101e-04,7.403671741485595703e-01,4.225499743769907468e+01
6.080000000000000000e+02,3.799215191975235939e-04,7.373988628387451172e-01,4.218752765829395202e+01
6.090000000000000000e+02,3.781281993724405766e-04,8.282959461212158203e-01,4.209527604751148289e+01
6.100000000000000000e+02,3.769393952097743750e-04,8.057773113250732422e-01,4.146316379722610179e+01
6.110000000000000000e+02,3.738591913133859634e-04,8.633315563201904297e-01,4.159719634685961864e+01
6.120000000000000000e+02,3.697285137604922056e-04,8.922934532165527344e-01,4.138737001424735951e+01
6.130000000000000000e+02,3.660438815131783485e-04,8.763432502746582031e-01,4.120302771366539929e+01
6.140000000000000000e+02,3.662144299596548080e-04,8.535444736480712891e-01,4.004473310742952918e+01
6.150000000000000000e+02,3.624569508247077465e-04,8.637964725494384766e-01,4.056456639914284779e+01
6.160000000000000000e+02,3.582145436666905880e-04,7.888317108154296875e-01,4.013992518344625893e+01
6.170000000000000000e+02,3.486593777779489756e-04,6.963014602661132812e-01,3.909663056331267939e+01
6.180000000000000000e+02,3.428506024647504091e-04,7.908523082733154297e-01,3.826322079251243480e+01
6.190000000000000000e+02,3.358530520927160978e-04,8.911311626434326172e-01,3.781430976674796085e+01
6.200000000000000000e+02,3.375332744326442480e-04,1.100844144821166992e+00,3.719319866002560815e+01
6.210000000000000000e+02,3.336938098073005676e-04,9.844660758972167969e-01,3.753754030522028984e+01
6.220000000000000000e+02,3.386903554201126099e-04,1.165747642517089844e+00,3.617203798964049355e+01
6.230000000000000000e+02,3.315260400995612144e-04,1.053470373153686523e+00,3.701615632039835901e+01
6.240000000000000000e+02,3.302588011138141155e-04,1.009011268615722656e+00,3.732057493263628345e+01
6.250000000000000000e+02,3.286676364950835705e-04,1.044082641601562500e+00,3.720595530522102479e+01
6.260000000000000000e+02,3.275995841249823570e-04,1.067954301834106445e+00,3.699589490572444106e+01
6.270000000000000000e+02,3.263848775532096624e-04,1.021468639373779297e+00,3.680417949828640900e+01
6.280000000000000000e+02,3.250091685913503170e-04,9.654641151428222656e-01,3.669372918724809551e+01
6.290000000000000000e+02,3.234869218431413174e-04,9.081840515136718750e-01,3.666204238278332639e+01
6.300000000000000000e+02,3.223758540116250515e-04,7.715106010437011719e-01,3.647730509433407065e+01
6.310000000000000000e+02,3.210764843970537186e-04,8.992731571197509766e-01,3.673805560346611543e+01
6.320000000000000000e+02,3.193879965692758560e-04,9.228050708770751953e-01,3.676055528272134154e+01
6.330000000000000000e+02,3.177134203724563122e-04,8.924543857574462891e-01,3.675910699387461733e+01
6.340000000000000000e+02,3.154552541673183441e-04,7.978856563568115234e-01,3.674412671327816327e+01
6.350000000000000000e+02,3.152359277009963989e-04,6.986737251281738281e-01,3.676295446828562064e+01
6.360000000000000000e+02,3.144303627777844667e-04,7.416784763336181641e-01,3.675480601487524268e+01
6.370000000000000000e+02,3.122748457826673985e-04,6.967365741729736328e-01,3.663630965468843925e+01
6.380000000000000000e+02,3.102880436927080154e-04,6.763100624084472656e-01,3.639083200975824894e+01
6.390000000000000000e+02,3.089928650297224522e-04,7.093906402587890625e-01,3.596395252948035903e+01
6.400000000000000000e+02,3.079355519730597734e-04,7.274031639099121094e-01,3.571348633407810524e+01
6.410000000000000000e+02,3.070966922678053379e-04,7.552266120910644531e-01,3.532802206314451610e+01
6.420000000000000000e+02,3.068993682973086834e-04,7.488965988159179688e-01,3.515487108546908246e+01
6.430000000000000000e+02,3.063561744056642056e-04,6.836295127868652344e-01,3.524988761132257764e+01
6.440000000000000000e+02,3.060596354771405458e-04,6.709814071655273438e-01,3.526685746043574454e+01
6.450000000000000000e+02,3.058302099816501141e-04,6.441652774810791016e-01,3.523345904187939226e+01
6.460000000000000000e+02,3.055463603232055902e-04,5.959570407867431641e-01,3.512425221116402696e+01
6.470000000000000000e+02,3.053381224162876606e-04,5.755364894866943359e-01,3.505983993043532365e+01
6.480000000000000000e+02,3.049379447475075722e-04,5.500614643096923828e-01,3.491983867525165408e+01
6.490000000000000000e+02,3.042944590561091900e-04,5.370020866394042969e-01,3.482202797596659849e+01
6.500000000000000000e+02,3.031979431398212910e-04,5.051493644714355469e-01,3.465357296515782792e+01
6.510000000000000000e+02,3.086320939473807812e-04,3.550350666046142578e-01,3.367022872577059900e+01
6.520000000000000000e+02,3.021477023139595985e-04,4.616379737854003906e-01,3.436782118694438992e+01
6.530000000000000000e+02,3.001692821271717548e-04,4.608750343322753906e-01,3.449415878775590016e+01
6.540000000000000000e+02,2.949237241409718990e-04,3.298044204711914062e-01,3.468972166960494263e+01
6.550000000000000000e+02,2.919577527791261673e-04,1.950979232788085938e-01,3.455137351179178040e+01
6.560000000000000000e+02,2.894780191127210855e-04,5.437135696411132812e-02,3.454939857245533119e+01
6.570000000000000000e+02,2.870765747502446175e-04,1.677155494689941406e-01,3.403601674924107812e+01
6.580000000000000000e+02,2.859271771740168333e-04,2.182841300964355469e-01,3.374003917401892494e+01
6.590000000000000000e+02,2.847299911081790924e-04,2.128839492797851562e-01,3.352333712667977750e+01
6.600000000000000000e+02,2.838630753103643656e-04,1.963138580322265625e-01,3.328855341252693734e+01
6.610000000000000000e+02,2.831654564943164587e-04,1.559734344482421875e-01,3.318339886474635847e+01
6.620000000000000000e+02,2.827200223691761494e-04,1.756787300109863281e-01,3.297265089377708591e+01
6.630000000000000000e+02,2.824291586875915527e-04,1.458644866943359375e-01,3.280644877672989423e+01
6.640000000000000000e+02,2.821513335220515728e-04,1.540064811706542969e-01,3.269497442307267931e+01
6.650000000000000000e+02,2.818888460751622915e-04,1.422762870788574219e-01,3.257056787405679898e+01
6.660000000000000000e+02,2.815822372213006020e-04,1.245856285095214844e-01,3.242254982808518804e+01
6.670000000000000000e+02,2.812605816870927811e-04,8.715391159057617188e-02,3.237095270927298429e+01
6.680000000000000000e+02,2.822729875333607197e-04,7.488727569580078125e-02,3.231012457771042534e+01
6.690000000000000000e+02,2.809866273310035467e-04,8.327960968017578125e-02,3.235177385393905070e+01
6.700000000000000000e+02,2.805498661473393440e-04,4.778504371643066406e-02,3.216672935270412381e+01
6.710000000000000000e+02,2.796168555505573750e-04,1.382231712341308594e-02,3.217474614349207229e+01
6.720000000000000000e+02,2.790737198665738106e-04,1.074075698852539062e-02,3.214317637246946191e+01
6.730000000000000000e+02,2.779149217531085014e-04,2.301931381225585938e-02,3.199806953337157722e+01
6.740000000000000000e+02,2.766739635262638330e-04,7.903575897216796875e-02,3.158023088650052657e+01
6.750000000000000000e+02,2.923435531556606293e-04,2.632558345794677734e-01,2.969052115430669403e+01
6.760000000000000000e+02,2.754039014689624310e-04,4.100799560546875000e-03,3.116422088716322847e+01
6.770000000000000000e+02,2.729780389927327633e-04,8.724331855773925781e-02,3.098527675410088733e+01
6.780000000000000000e+02,2.672775590326637030e-04,4.137575626373291016e-01,2.987462938800433676e+01
6.790000000000000000e+02,2.646143257152289152e-04,5.277693271636962891e-01,2.966047281803216151e+01
6.800000000000000000e+02,2.620957384351640940e-04,6.032288074493408203e-01,2.908608731309210782e+01
6.810000000000000000e+02,2.610144147183746099e-04,6.047368049621582031e-01,2.914611083973981920e+01
6.820000000000000000e+02,2.592924574855715036e-04,5.571544170379638672e-01,2.870820095753836654e+01
6.830000000000000000e+02,2.588678034953773022e-04,4.375219345092773438e-01,2.858581323539974761e+01
6.840000000000000000e+02,2.574358659330755472e-04,4.501044750213623047e-01,2.897680733647539242e+01
6.850000000000000000e+02,2.565667673479765654e-04,4.570662975311279297e-01,2.893394383828436034e+01
6.860000000000000000e+02,2.558183332439512014e-04,4.460990428924560547e-01,2.891132712558697904e+01
6.870000000000000000e+02,2.548951597418636084e-04,4.526197910308837891e-01,2.884587617305910356e+01
6.880000000000000000e+02,2.542577567510306835e-04,4.548311233520507812e-01,2.864880648564226462e+01
6.890000000000000000e+02,2.537699474487453699e-04,4.873096942901611328e-01,2.857147663873517018e+01
6.900000000000000000e+02,2.533650258556008339e-04,5.441725254058837891e-01,2.836227936087452051e+01
6.910000000000000000e+02,2.529569901525974274e-04,5.534231662750244141e-01,2.848463782465259797e+01
6.920000000000000000e+02,2.526591124478727579e-04,5.700886249542236328e-01,2.855793001780517670e+01
6.930000000000000000e+02,2.522924041841179132e-04,5.739152431488037109e-01,2.866966769670725057e+01
6.940000000000000000e+02,2.520619600545614958e-04,5.909502506256103516e-01,2.871772455389411860e+01
6.950000000000000000e+02,2.517474931664764881e-04,5.857110023498535156e-01,2.870581640115436173e+01
6.960000000000000000e+02,2.512170467525720596e-04,5.696415901184082031e-01,2.865887136166800886e+01
6.970000000000000000e+02,2.504721342120319605e-04,5.299329757690429688e-01,2.855627692043466936e+01
6.980000000000000000e+02,2.491839113645255566e-04,4.935503005981445312e-01,2.845823215426528918e+01
6.990000000000000000e+02,2.735331072472035885e-04,2.792775630950927734e-01,2.819168848974633690e+01
7.000000000000000000e+02,2.484321303199976683e-04,4.608273506164550781e-01,2.841750451639367725e+01
7.010000000000000000e+02,2.473320055287331343e-04,2.521872520446777344e-01,2.855854444337651543e+01
7.020000000000000000e+02,2.464339486323297024e-04,1.707732677459716797e-01,2.823051433418284972e+01
7.030000000000000000e+02,2.456834772601723671e-04,3.144860267639160156e-01,2.838665157520430427e+01
7.040000000000000000e+02,2.451888285577297211e-04,3.206074237823486328e-01,2.884839239206554140e+01
7.050000000000000000e+02,2.430880558677017689e-04,3.279745578765869141e-01,2.878617448837733761e+01
7.060000000000000000e+02,2.419324300717562437e-04,3.417253494262695312e-01,2.864413977713613946e+01
7.070000000000000000e+02,2.409227308817207813e-04,3.734648227691650391e-01,2.849816981640232427e+01
7.080000000000000000e+02,2.381537196924909949e-04,4.671096801757812500e-01,2.792820232390380042e+01
7.090000000000000000e+02,2.386799897067248821e-04,7.969856262207031250e-01,2.700295055936864941e+01
7.100000000000000000e+02,2.370238071307539940e-04,6.157279014587402344e-01,2.751053922719599498e+01
7.110000000000000000e+02,2.340127393836155534e-04,6.807386875152587891e-01,2.673747482500940365e+01
7.120000000000000000e+02,2.316626487299799919e-04,8.000671863555908203e-01,2.617567041510152492e+01
7.130000000000000000e+02,2.301506174262613058e-04,8.756935596466064453e-01,2.528197379240871356e+01
7.140000000000000000e+02,2.288461255375295877e-04,8.664786815643310547e-01,2.548584604865109426e+01
7.150000000000000000e+02,2.282119239680469036e-04,9.207367897033691406e-01,2.530647766936092324e+01
7.160000000000000000e+02,2.273304271511733532e-04,9.908556938171386719e-01,2.500287829121811711e+01
7.170000000000000000e+02,2.281998749822378159e-04,1.210981607437133789e+00,2.445546899469589874e+01
7.180000000000000000e+02,2.267686650156974792e-04,1.076966524124145508e+00,2.478842913764054501e+01
7.190000000000000000e+02,2.262360940221697092e-04,1.066243648529052734e+00,2.470997284385266468e+01
7.200000000000000000e+02,2.254003920825198293e-04,1.015973091125488281e+00,2.444240513671481096e+01
7.210000000000000000e+02,2.249592216685414314e-04,9.799420833587646484e-01,2.437917781958797292e+01
7.220000000000000000e+02,2.244458009954541922e-04,9.625077247619628906e-01,2.390674307194937853e+01
7.230000000000000000e+02,2.241275069536641240e-04,9.552717208862304688e-01,2.382518539194426666e+01
7.240000000000000000e+02,2.237624721601605415e-04,9.903371334075927734e-01,2.349420018833606605e+01
7.250000000000000000e+02,2.235521969851106405e-04,1.006698608398437500e+00,2.335988968427741952e+01
7.260000000000000000e+02,2.232960832770913839e-04,1.017814874649047852e+00,2.324671834570888862e+01
7.270000000000000000e+02,2.231337857665494084e-04,1.029932498931884766e+00,2.308162804636221210e+01
7.280000000000000000e+02,2.230020472779870033e-04,1.027011871337890625e+00,2.299790524767714217e+01
7.290000000000000000e+02,2.227969816885888577e-04,1.029902696609497070e+00,2.276849044268338318e+01
7.300000000000000000e+02,2.226254873676225543e-04,1.072120666503906250e+00,2.248245339545468369e+01
7.310000000000000000e+02,2.222569310106337070e-04,1.042973995208740234e+00,2.229716019815517214e+01
7.320000000000000000e+02,2.216752618551254272e-04,1.044565439224243164e+00,2.194526258135104513e+01
7.330000000000000000e+02,2.210701059084385633e-04,1.005589962005615234e+00,2.199871029146740042e+01
7.340000000000000000e+02,2.200112794525921345e-04,1.039111614227294922e+00,2.123682258300706849e+01
7.350000000000000000e+02,2.190089435316622257e-04,1.026177406311035156e+00,2.154243347343699355e+01
7.360000000000000000e+02,2.178316644858568907e-04,1.048392057418823242e+00,2.118959958909558239e+01
7.370000000000000000e+02,2.162097662221640348e-04,1.036703586578369141e+00,2.010426070486608907e+01
7.380000000000000000e+02,2.154223911929875612e-04,9.464681148529052734e-01,2.019920408481823060e+01
7.390000000000000000e+02,2.132213558070361614e-04,9.810328483581542969e-01,2.031439425026401935e+01
7.400000000000000000e+02,2.117022813763469458e-04,9.511232376098632812e-01,1.992691846704330771e+01
7.410000000000000000e+02,2.102018333971500397e-04,8.822679519653320312e-01,1.999555858087003557e+01
7.420000000000000000e+02,2.080007689073681831e-04,7.744610309600830078e-01,1.972561363193830886e+01
7.430000000000000000e+02,2.052113995887339115e-04,6.821930408477783203e-01,1.938134513264497372e+01
7.440000000000000000e+02,2.043130225501954556e-04,6.556689739227294922e-01,1.876479833016684751e+01
7.450000000000000000e+02,2.045440196525305510e-04,6.891369819641113281e-01,1.884529539460238823e+01
7.460000000000000000e+02,2.029145834967494011e-04,6.720602512359619141e-01,1.880421665640429651e+01
7.470000000000000000e+02,2.025249705184251070e-04,6.798744201660156250e-01,1.894859203648868728e+01
7.480000000000000000e+02,2.021822438109666109e-04,7.257163524627685547e-01,1.913716217016867205e+01
7.490000000000000000e+02,2.019099338212981820e-04,7.554233074188232422e-01,1.908524320939052998e+01
7.500000000000000000e+02,2.020032552536576986e-04,7.622122764587402344e-01,1.886581281993102976e+01
7.510000000000000000e+02,2.017598599195480347e-04,7.584154605865478516e-01,1.898852969862571882e+01
7.520000000000000000e+02,2.021199907176196575e-04,7.452905178070068359e-01,1.912597084726214192e+01
7.530000000000000000e+02,2.016296202782541513e-04,7.539510726928710938e-01,1.903522604204748347e+01
7.540000000000000000e+02,2.014263009186834097e-04,6.898343563079833984e-01,1.886898735204961142e+01
7.550000000000000000e+02,2.011637843679636717e-04,7.307767868041992188e-01,1.879701909971146634e+01
7.560000000000000000e+02,2.009021991398185492e-04,7.720649242401123047e-01,1.870262431401944880e+01
7.570000000000000000e+02,2.005477144848555326e-04,8.255720138549804688e-01,1.848699751143014325e+01
7.580000000000000000e+02,2.003004483412951231e-04,8.350729942321777344e-01,1.834437031838801602e+01
7.590000000000000000e+02,1.999854721361771226e-04,8.208274841308593750e-01,1.808952999808504103e+01
7.600000000000000000e+02,1.994247722905129194e-04,7.722914218902587891e-01,1.778629634944898541e+01
7.610000000000000000e+02,1.989318116102367640e-04,7.734656333923339844e-01,1.772295199887999217e+01
7.620000000000000000e+02,1.983891415875405073e-04,7.892787456512451172e-01,1.745297779158772400e+01
7.630000000000000000e+02,1.980281085707247257e-04,7.942795753479003906e-01,1.731819183917030358e+01
7.640000000000000000e+02,1.974475162569433451e-04,8.372426033020019531e-01,1.697945317001901699e+01
7.650000000000000000e+02,1.965224073501303792e-04,8.884727954864501953e-01,1.653855893504249153e+01
7.660000000000000000e+02,1.955539337359368801e-04,9.755194187164306641e-01,1.587716638044675577e+01
7.670000000000000000e+02,1.944128453033044934e-04,9.977340698242187500e-01,1.561031550314212701e+01
7.680000000000000000e+02,1.932631275849416852e-04,9.608387947082519531e-01,1.576090828484125694e+01
7.690000000000000000e+02,1.920945360325276852e-04,8.916974067687988281e-01,1.572652239661668006e+01
7.700000000000000000e+02,1.915319589897990227e-04,8.749425411224365234e-01,1.579359718815451785e+01
7.710000000000000000e+02,1.900884817587211728e-04,9.058833122253417969e-01,1.542304005191603444e+01
7.720000000000000000e+02,1.887765392893925309e-04,9.490132331848144531e-01,1.525699885585181192e+01
7.730000000000000000e+02,1.881322823464870453e-04,1.062381267547607422e+00,1.457156324348237142e+01
7.740000000000000000e+02,1.862766221165657043e-04,1.058214902877807617e+00,1.418993913236965021e+01
7.750000000000000000e+02,1.853603171184659004e-04,1.020359992980957031e+00,1.446414848735007652e+01
7.760000000000000000e+02,1.842898200266063213e-04,1.023590564727783203e+00,1.436872965903915933e+01
7.770000000000000000e+02,1.833251299103721976e-04,1.063644886016845703e+00,1.391099723757188933e+01
7.780000000000000000e+02,1.824752107495442033e-04,1.068007946014404297e+00,1.387706485393568023e+01
7.790000000000000000e+02,1.811001420719549060e-04,1.067578792572021484e+00,1.400093012328156661e+01
7.800000000000000000e+02,1.797832373995333910e-04,1.091396808624267578e+00,1.408424330491907561e+01
7.810000000000000000e+02,1.785798813216388226e-04,1.114577054977416992e+00,1.450094087572906254e+01
7.820000000000000000e+02,1.776210556272417307e-04,1.123672723770141602e+00,1.457254339856045888e+01
7.830000000000000000e+02,1.766188943292945623e-04,1.109153032302856445e+00,1.457379419347354066e+01
7.840000000000000000e+02,1.754770346451550722e-04,1.039457321166992188e+00,1.483529810538949079e+01
7.850000000000000000e+02,1.744948967825621367e-04,9.293258190155029297e-01,1.502875438527964924e+01
7.860000000000000000e+02,1.742425811244174838e-04,8.629918098449707031e-01,1.568470488481495373e+01
7.870000000000000000e+02,1.727221242617815733e-04,8.131861686706542969e-01,1.521929945829608499e+01
7.880000000000000000e+02,1.722592423902824521e-04,8.085846900939941406e-01,1.529832629011449185e+01
7.890000000000000000e+02,1.717284176265820861e-04,7.364809513092041016e-01,1.544797548968620760e+01
7.900000000000000000e+02,1.712499652057886124e-04,7.185578346252441406e-01,1.548211268184619627e+01
7.910000000000000000e+02,1.709675416350364685e-04,7.297754287719726562e-01,1.558898615830850432e+01
7.920000000000000000e+02,1.707969349808990955e-04,7.806658744812011719e-01,1.559399665255097034e+01
7.930000000000000000e+02,1.707283372525125742e-04,7.962942123413085938e-01,1.562343787784429594e+01
7.940000000000000000e+02,1.706843177089467645e-04,8.548438549041748047e-01,1.545523156310011714e+01
7.950000000000000000e+02,1.703667221590876579e-04,8.084654808044433594e-01,1.568024298483261170e+01
7.960000000000000000e+02,1.701032888377085328e-04,8.090555667877197266e-01,1.563016730076848582e+01
7.970000000000000000e+02,1.698906562523916364e-04,8.092463016510009766e-01,1.565536606378351792e+01
7.980000000000000000e+02,1.695467362878844142e-04,8.230447769165039062e-01,1.560441994349332795e+01
7.990000000000000000e+02,1.692164805717766285e-04,8.242189884185791016e-01,1.564714446447179341e+01
8.000000000000000000e+02,1.688690972514450550e-04,8.127510547637939453e-01,1.568343214613146763e+01
8.010000000000000000e+02,1.683888549450784922e-04,8.126616477966308594e-01,1.575014852275269028e+01
8.020000000000000000e+02,1.680261921137571335e-04,7.610023021697998047e-01,1.590424499312647910e+01
8.030000000000000000e+02,1.674303639447316527e-04,7.997810840606689453e-01,1.584384842238188362e+01
8.040000000000000000e+02,1.668944023549556732e-04,8.174002170562744141e-01,1.580011448796479279e+01
8.050000000000000000e+02,1.663445727899670601e-04,8.232593536376953125e-01,1.569954618819884651e+01
8.060000000000000000e+02,1.650580816203728318e-04,8.075773715972900391e-01,1.538985375647359533e+01
8.070000000000000000e+02,1.629222097108140588e-04,8.667886257171630859e-01,1.468552455778548094e+01
8.080000000000000000e+02,1.638003013795241714e-04,7.658481597900390625e-01,1.333918646835935107e+01
8.090000000000000000e+02,1.614506763871759176e-04,8.206844329833984375e-01,1.406863396957101209e+01
8.100000000000000000e+02,1.592687185620889068e-04,1.001119613647460938e+00,1.336815224529390100e+01
8.110000000000000000e+02,1.570417953189462423e-04,1.022213697433471680e+00,1.293554544094031655e+01
8.120000000000000000e+02,1.547331485198810697e-04,1.063555479049682617e+00,1.230872895391266830e+01
8.130000000000000000e+02,1.560216478537768126e-04,1.186990737915039062e+00,1.104645013431781919e+01
8.140000000000000000e+02,1.537762145744636655e-04,1.117998361587524414e+00,1.175027462628661823e+01
8.150000000000000000e+02,1.518490607850253582e-04,1.175332069396972656e+00,1.146773395314244404e+01
8.160000000000000000e+02,1.503038947703316808e-04,1.329284906387329102e+00,1.038348494284306156e+01
8.170000000000000000e+02,1.494218013249337673e-04,1.311522722244262695e+00,1.057239154766925715e+01
8.180000000000000000e+02,1.489352580392733216e-04,1.291900873184204102e+00,1.056079060771516609e+01
8.190000000000000000e+02,1.484924141550436616e-04,1.293575763702392578e+00,1.028399188782695717e+01
8.200000000000000000e+02,1.482394873164594173e-04,1.286798715591430664e+00,1.020766413976835985e+01
8.210000000000000000e+02,1.480952487327158451e-04,1.285290718078613281e+00,9.998869164365130402e+00
8.220000000000000000e+02,1.479930360801517963e-04,1.283037662506103516e+00,1.002903453408182166e+01
8.230000000000000000e+02,1.478946796851232648e-04,1.279813051223754883e+00,1.006308395116018772e+01
8.240000000000000000e+02,1.477995829191058874e-04,1.284652948379516602e+00,1.002368756869314481e+01
8.250000000000000000e+02,1.477104960940778255e-04,1.292186975479125977e+00,9.982667347216132470e+00
8.260000000000000000e+02,1.475725875934585929e-04,1.300650835037231445e+00,9.915402376334785828e+00
8.270000000000000000e+02,1.474363089073449373e-04,1.294255256652832031e+00,9.898264291648507296e+00
8.280000000000000000e+02,1.473791198804974556e-04,1.349675655364990234e+00,9.677868376291188568e+00
8.290000000000000000e+02,1.470518764108419418e-04,1.325529813766479492e+00,9.818162215080256772e+00
8.300000000000000000e+02,1.467737456550821662e-04,1.314681768417358398e+00,9.906493205550368941e+00
8.310000000000000000e+02,1.462766667827963829e-04,1.311397552490234375e+00,1.005301176054431167e+01
8.320000000000000000e+02,1.457936159567907453e-04,1.253622770309448242e+00,1.001869170363094774e+01
8.330000000000000000e+02,1.460408093407750130e-04,1.391333341598510742e+00,1.031050727706628756e+01
8.340000000000000000e+02,1.453057047910988331e-04,1.315754652023315430e+00,1.015024460720870358e+01
8.350000000000000000e+02,1.445788657292723656e-04,1.330792903900146484e+00,9.964102917453534047e+00
8.360000000000000000e+02,1.434384612366557121e-04,1.402026414871215820e+00,9.529382196550937323e+00
8.370000000000000000e+02,1.430514384992420673e-04,1.407241821289062500e+00,9.421587081731621183e+00
8.380000000000000000e+02,1.424750662408769131e-04,1.420146226882934570e+00,9.188244341835373419e+00
8.390000000000000000e+02,1.419701002305373549e-04,1.424360275268554688e+00,9.144254396763557224e+00
8.400000000000000000e+02,1.412830606568604708e-04,1.433533430099487305e+00,8.938465717905810237e+00
8.410000000000000000e+02,1.403328496962785721e-04,1.460015773773193359e+00,8.661052572446260811e+00
8.420000000000000000e+02,1.390038814861327410e-04,1.491767168045043945e+00,7.966342059785656460e+00
8.430000000000000000e+02,1.378495799144729972e-04,1.483631134033203125e+00,7.651470898244834729e+00
8.440000000000000000e+02,1.370229729218408465e-04,1.437294483184814453e+00,7.231781660069637852e+00
8.450000000000000000e+02,1.361738541163504124e-04,1.347547769546508789e+00,7.027755797434422469e+00
8.460000000000000000e+02,1.357301662210375071e-04,1.286643743515014648e+00,7.065630745153389292e+00
8.470000000000000000e+02,1.352170656900852919e-04,1.270365715026855469e+00,6.857333161879340722e+00
8.480000000000000000e+02,1.348313817288726568e-04,1.276445388793945312e+00,6.823195969719352050e+00
8.490000000000000000e+02,1.344741176581010222e-04,1.312327384948730469e+00,6.646746111893040876e+00
8.500000000000000000e+02,1.341838651569560170e-04,1.356726884841918945e+00,6.439670065171535285e+00
8.510000000000000000e+02,1.338754955213516951e-04,1.397705078125000000e+00,6.399330100577077296e+00
8.520000000000000000e+02,1.335390697931870818e-04,1.396924257278442383e+00,6.369091584959036823e+00
8.530000000000000000e+02,1.331521489191800356e-04,1.372122764587402344e+00,6.460384984433820144e+00
8.540000000000000000e+02,1.328745565842837095e-04,1.337474584579467773e+00,6.667285480992086732e+00
8.550000000000000000e+02,1.324548502452671528e-04,1.286506652832031250e+00,6.913494584935777176e+00
8.560000000000000000e+02,1.320569426752626896e-04,1.293027400970458984e+00,6.943528292030038074e+00
8.570000000000000000e+02,1.317043788731098175e-04,1.247614622116088867e+00,7.099073051250553767e+00
8.580000000000000000e+02,1.314331020694226027e-04,1.195198297500610352e+00,7.167069481145400545e+00
8.590000000000000000e+02,1.312683307332918048e-04,1.176953315734863281e+00,7.318488811529783256e+00
8.600000000000000000e+02,1.311901287408545613e-04,1.176810264587402344e+00,7.328319620671207346e+00
8.610000000000000000e+02,1.311070518568158150e-04,1.193678379058837891e+00,7.349305179768488294e+00
8.620000000000000000e+02,1.310194347752258182e-04,1.174163818359375000e+00,7.408897145598233536e+00
8.630000000000000000e+02,1.309393119299784303e-04,1.154142618179321289e+00,7.383954393237925018e+00
8.640000000000000000e+02,1.307551865465939045e-04,1.129931211471557617e+00,7.368798562478229286e+00
8.650000000000000000e+02,1.305466284975409508e-04,1.092219352722167969e+00,7.305585874531665525e+00
8.660000000000000000e+02,1.302513410337269306e-04,1.067852973937988281e+00,7.178407095854631770e+00
8.670000000000000000e+02,1.299052819376811385e-04,1.054412126541137695e+00,7.184141734520461675e+00
8.680000000000000000e+02,1.293571258429437876e-04,1.069647073745727539e+00,7.062617134017773246e+00
8.690000000000000000e+02,1.283351157326251268e-04,1.131308078765869141e+00,6.856309119260442841e+00
8.700000000000000000e+02,1.278324780287221074e-04,1.185780763626098633e+00,6.687941883533292220e+00
8.710000000000000000e+02,1.285598555114120245e-04,1.334458589553833008e+00,6.306266570289627005e+00
8.720000000000000000e+02,1.272650988539680839e-04,1.253241300582885742e+00,6.514608041104485991e+00
8.730000000000000000e+02,1.266635081265121698e-04,1.231110095977783203e+00,6.550266668012551641e+00
8.740000000000000000e+02,1.261831203009933233e-04,1.253920793533325195e+00,6.436934408461049806e+00
8.750000000000000000e+02,1.264504826394841075e-04,1.091575622558593750e+00,6.317428634835618340e+00
8.760000000000000000e+02,1.254210073966532946e-04,1.178401708602905273e+00,6.381321579664736454e+00
8.770000000000000000e+02,1.246108731720596552e-04,1.207262277603149414e+00,6.123182379210881265e+00
8.780000000000000000e+02,1.238282420672476292e-04,1.202189922332763672e+00,5.842353320158293783e+00
8.790000000000000000e+02,1.229376648552715778e-04,1.270341873168945312e+00,5.273022197001515643e+00
8.800000000000000000e+02,1.220942649524658918e-04,1.287651062011718750e+00,5.073268055005132560e+00
8.810000000000000000e+02,1.215363299706950784e-04,1.315116882324218750e+00,4.640829486224651745e+00
8.820000000000000000e+02,1.211363705806434155e-04,1.366806030273437500e+00,4.372779016137887886e+00
8.830000000000000000e+02,1.209034962812438607e-04,1.383733749389648438e+00,3.997942844670435925e+00
8.840000000000000000e+02,1.207536188303492963e-04,1.366561651229858398e+00,4.075733510756031741e+00
8.850000000000000000e+02,1.205850639962591231e-04,1.372802257537841797e+00,3.956249680901005483e+00
8.860000000000000000e+02,1.204588988912291825e-04,1.368784904479980469e+00,3.869440125178969847e+00
8.870000000000000000e+02,1.203409774461761117e-04,1.379930973052978516e+00,3.814229598840081170e+00
8.880000000000000000e+02,1.202534476760774851e-04,1.391148567199707031e+00,3.658260593391735593e+00
8.890000000000000000e+02,1.201653212774544954e-04,1.398479938507080078e+00,3.631971956446589989e+00
8.900000000000000000e+02,1.200746046379208565e-04,1.411128044128417969e+00,3.622879920908799622e+00
8.910000000000000000e+02,1.199659236590377986e-04,1.423490047454833984e+00,3.484268437850780220e+00
8.920000000000000000e+02,1.197672245325520635e-04,1.427513360977172852e+00,3.432971217234110473e+00
8.930000000000000000e+02,1.194423384731635451e-04,1.407337188720703125e+00,3.337128142695364730e+00
8.940000000000000000e+02,1.192723429994657636e-04,1.385658979415893555e+00,3.160627082738108662e+00
8.950000000000000000e+02,1.190904295071959496e-04,1.376277208328247070e+00,3.118780312575843094e+00
8.960000000000000000e+02,1.189358590636402369e-04,1.379150152206420898e+00,3.084855243529769364e+00
8.970000000000000000e+02,1.186897279694676399e-04,1.407045125961303711e+00,2.734098702786698087e+00
8.980000000000000000e+02,1.183739077532663941e-04,1.393896341323852539e+00,2.394394507737592992e+00
8.990000000000000000e+02,1.180361650767736137e-04,1.466703414916992188e+00,1.858717813791893603e+00
9.000000000000000000e+02,1.176894365926273167e-04,1.462006568908691406e+00,1.316523820035920389e+00
9.010000000000000000e+02,1.173487835330888629e-04,1.451081037521362305e+00,1.369635059006067079e+00
9.020000000000000000e+02,1.169509923784062266e-04,1.498758792877197266e+00,1.014109405494983518e+00
9.030000000000000000e+02,1.165160865639336407e-04,1.586633920669555664e+00,6.592128067355086385e-01
9.040000000000000000e+02,1.161659311037510633e-04,1.609909534454345703e+00,5.309002665875520721e-01
9.050000000000000000e+02,1.158613158622756600e-04,1.615601778030395508e+00,4.972531519666079647e-01
9.060000000000000000e+02,1.155484569608233869e-04,1.618820428848266602e+00,2.932711768722022216e-01
9.070000000000000000e+02,1.149886447819881141e-04,1.568835973739624023e+00,2.738582546539445328e-01
9.080000000000000000e+02,1.145582864410243928e-04,1.523178815841674805e+00,8.154305082484439304e-02
9.090000000000000000e+02,1.159039529738947749e-04,1.468974351882934570e+00,1.112549159531649595e-01
9.100000000000000000e+02,1.142535766121000051e-04,1.506364345550537109e+00,2.171701811077888372e-02
9.110000000000000000e+02,1.137835351983085275e-04,1.490461826324462891e+00,1.768887332344108165e-01
9.120000000000000000e+02,1.133766709244810045e-04,1.500123739242553711e+00,2.252381740266803933e-01
9.130000000000000000e+02,1.130720193032175303e-04,1.503658294677734375e+00,3.073810212425938104e-01
9.140000000000000000e+02,1.123301190091297030e-04,1.522594690322875977e+00,2.981061209514292432e-01
9.150000000000000000e+02,1.113086982513777912e-04,1.552349328994750977e+00,3.235535800310518906e-01
9.160000000000000000e+02,1.099891960620880127e-04,1.598751544952392578e+00,6.559724433057090298e-02
9.170000000000000000e+02,1.087796699721366167e-04,1.626002788543701172e+00,5.261092100491350232e-01
9.180000000000000000e+02,1.076010521501302719e-04,1.653963327407836914e+00,2.486156040981015169e-01
9.190000000000000000e+02,1.073382445611059666e-04,1.645988225936889648e+00,2.675969654983949564e-01
9.200000000000000000e+02,1.067859266186133027e-04,1.588189601898193359e+00,4.912698172361880111e-01
9.210000000000000000e+02,1.064016541931778193e-04,1.594310998916625977e+00,4.749290228746251841e-01
9.220000000000000000e+02,1.060970316757448018e-04,1.612174510955810547e+00,5.374248809879611510e-01
9.230000000000000000e+02,1.058427369571290910e-04,1.596468687057495117e+00,6.007180294260109354e-01
9.240000000000000000e+02,1.054407912306487560e-04,1.563477516174316406e+00,7.029979432835458120e-01
9.250000000000000000e+02,1.052663719747215509e-04,1.520377397537231445e+00,7.619389105912778293e-01
9.260000000000000000e+02,1.061367220245301723e-04,1.475125551223754883e+00,6.631992583590770041e-01
9.270000000000000000e+02,1.052068982971832156e-04,1.511162519454956055e+00,7.418091585397913468e-01
9.280000000000000000e+02,1.050586070050485432e-04,1.501792669296264648e+00,7.591520517498474563e-01
9.290000000000000000e+02,1.049030033755116165e-04,1.474392414093017578e+00,8.296061839300502561e-01
9.300000000000000000e+02,1.049342026817612350e-04,1.461601257324218750e+00,9.288432282914302895e-01
9.310000000000000000e+02,1.048370540956966579e-04,1.468598842620849609e+00,8.745250819490105743e-01
9.320000000000000000e+02,1.047429905156604946e-04,1.465636491775512695e+00,9.530106340974300316e-01
9.330000000000000000e+02,1.046424295054748654e-04,1.439791917800903320e+00,1.138991402869630631e+00
9.340000000000000000e+02,1.045746830641292036e-04,1.421636343002319336e+00,1.235778059535789675e+00
9.350000000000000000e+02,1.044546443154104054e-04,1.388430595397949219e+00,1.388967520732840022e+00
9.360000000000000000e+02,1.043666343321092427e-04,1.377987861633300781e+00,1.477042500548228610e+00
9.370000000000000000e+02,1.042205403791740537e-04,1.380771398544311523e+00,1.529905043453785751e+00
9.380000000000000000e+02,1.040990609908476472e-04,1.396179199218750000e+00,1.552953316969132302e+00
9.390000000000000000e+02,1.040536735672503710e-04,1.410669088363647461e+00,1.475301628096101325e+00
9.400000000000000000e+02,1.037697220453992486e-04,1.439028978347778320e+00,1.528785911163132560e+00
9.410000000000000000e+02,1.036130852298811078e-04,1.444298028945922852e+00,1.585781197494957606e+00
9.420000000000000000e+02,1.034209999488666654e-04,1.442563533782958984e+00,1.633077337307789145e+00
9.430000000000000000e+02,1.032686632242985070e-04,1.427245140075683594e+00,1.659007559336320936e+00
9.440000000000000000e+02,1.030986968544311821e-04,1.407241821289062500e+00,1.643442111529066718e+00
9.450000000000000000e+02,1.028930419124662876e-04,1.384311914443969727e+00,1.543027418155953789e+00
9.460000000000000000e+02,1.025785604724660516e-04,1.366221904754638672e+00,1.396801446767411914e+00
9.470000000000000000e+02,1.021466014208272099e-04,1.389318704605102539e+00,1.072311599199081700e+00
9.480000000000000000e+02,1.017457543639466166e-04,1.423031091690063477e+00,8.961762687485744783e-01
9.490000000000000000e+02,1.013041619444265962e-04,1.470148563385009766e+00,6.602734223050819029e-01
9.500000000000000000e+02,1.006806778605096042e-04,1.512128114700317383e+00,3.684359050993372686e-01
9.510000000000000000e+02,1.000043412204831839e-04,1.523071527481079102e+00,1.242748863934433311e-02
9.520000000000000000e+02,9.908020729199051857e-05,1.501041650772094727e+00,3.385777481683169277e-01
9.530000000000000000e+02,9.825285087572410703e-05,1.424509286880493164e+00,6.356744556811178004e-01
9.540000000000000000e+02,9.775502257980406284e-05,1.382267475128173828e+00,4.787252951546838164e-01
9.550000000000000000e+02,9.743520786287263036e-05,1.303178071975708008e+00,6.655252980220031089e-01
9.560000000000000000e+02,9.709945879876613617e-05,1.295202970504760742e+00,4.779133756497001562e-01
9.570000000000000000e+02,9.674235479906201363e-05,1.296406984329223633e+00,3.961143141701312653e-01
9.580000000000000000e+02,9.621033677831292152e-05,1.278662681579589844e+00,3.640983531492894554e-01
9.590000000000000000e+02,9.691841842141002417e-05,1.234900951385498047e+00,2.070467883609656556e-01
9.600000000000000000e+02,9.604942169971764088e-05,1.265364885330200195e+00,3.163852816987637873e-01
9.610000000000000000e+02,9.555995347909629345e-05,1.222687959671020508e+00,4.732612963238479464e-01
9.620000000000000000e+02,9.513503755442798138e-05,1.222819089889526367e+00,4.982259924545613949e-01
9.630000000000000000e+02,9.482580935582518578e-05,1.231729984283447266e+00,5.821170267127367959e-01
9.640000000000000000e+02,9.449821664020419121e-05,1.178812980651855469e+00,4.714107050196959525e-01
9.650000000000000000e+02,9.428131306776776910e-05,1.177424192428588867e+00,3.834820170070072365e-01
9.660000000000000000e+02,9.399451664648950100e-05,1.138985157012939453e+00,2.970820783325309189e-01
9.670000000000000000e+02,9.364564175484701991e-05,1.082420349121093750e+00,3.598046887400516147e-02
9.680000000000000000e+02,9.337007213616743684e-05,1.032006740570068359e+00,8.635605113366638663e-02
9.690000000000000000e+02,9.333245543530210853e-05,1.028656959533691406e+00,1.748333334064792188e-01
9.700000000000000000e+02,9.316154319094493985e-05,1.006847620010375977e+00,1.469866887625805585e-01
9.710000000000000000e+02,9.312033944297581911e-05,1.011359691619873047e+00,1.203469514909548538e-01
9.720000000000000000e+02,9.306428546551615000e-05,1.013892889022827148e+00,1.160020849507720775e-01
9.730000000000000000e+02,9.299667726736515760e-05,1.020103693008422852e+00,9.485560487052224765e-02
9.740000000000000000e+02,9.288799628848209977e-05,1.022183895111083984e+00,9.695489223926374855e-02
9.750000000000000000e+02,9.278026846004649997e-05,1.031142473220825195e+00,3.859909214233080837e-02
9.760000000000000000e+02,9.269901784136891365e-05,1.026713848114013672e+00,2.696157923756516139e-02
9.770000000000000000e+02,9.264462278224527836e-05,1.030468940734863281e+00,4.780084653214550228e-02
9.780000000000000000e+02,9.258868522010743618e-05,1.028537750244140625e+00,8.553681703854774943e-02
9.790000000000000000e+02,9.250544098904356360e-05,1.030921936035156250e+00,1.316041057087011246e-01
9.800000000000000000e+02,9.242210944648832083e-05,1.024293899536132812e+00,1.976694838079112448e-01
9.810000000000000000e+02,9.236385085387155414e-05,1.012474298477172852e+00,1.387870332212591817e-01
9.820000000000000000e+02,9.231245348928496242e-05,1.012378931045532227e+00,1.704445793254865393e-01
9.830000000000000000e+02,9.224696259479969740e-05,1.002848148345947266e+00,1.433586520556265897e-01
9.840000000000000000e+02,9.214013698510825634e-05,9.937345981597900391e-01,1.457358938494976441e-01
9.850000000000000000e+02,9.201509237755089998e-05,9.946227073669433594e-01,1.371705088014268936e-01
9.860000000000000000e+02,9.188806870952248573e-05,9.821116924285888672e-01,1.871072156529888231e-01
9.870000000000000000e+02,9.203936497215181589e-05,1.066267490386962891e+00,1.456481187678777822e-01
9.880000000000000000e+02,9.178344771498814225e-05,1.014900207519531250e+00,1.709712298152056553e-01
9.890000000000000000e+02,9.159258479485288262e-05,1.024746894836425781e+00,2.231827741987488511e-01
9.900000000000000000e+02,9.139488247456029058e-05,1.061540842056274414e+00,4.365713122067489405e-01
9.910000000000000000e+02,9.130125545198097825e-05,1.087856292724609375e+00,4.475797703599056487e-01
9.920000000000000000e+02,9.117646550294011831e-05,1.091158390045166016e+00,5.104194142095861420e-01
9.930000000000000000e+02,9.102998592425137758e-05,1.105636358261108398e+00,6.925673377510531692e-01
9.940000000000000000e+02,9.095750283449888229e-05,1.113933324813842773e+00,7.834803785388170239e-01
9.950000000000000000e+02,9.086085628950968385e-05,1.121675968170166016e+00,9.190782504612214909e-01
9.960000000000000000e+02,9.077273716684430838e-05,1.117444038391113281e+00,9.916755575509756948e-01
9.970000000000000000e+02,9.067267092177644372e-05,1.097065210342407227e+00,1.048963427488200484e+00
9.980000000000000000e+02,9.067966311704367399e-05,1.094180345535278320e+00,1.035285143935773311e+00
9.990000000000000000e+02,9.062085882760584354e-05,1.095670461654663086e+00,1.042365667186441414e+00
1.000000000000000000e+03,9.056244743987917900e-05,1.060742139816284180e+00,1.171424295528166848e+00
1.001000000000000000e+03,9.053311805473640561e-05,1.082706451416015625e+00,1.152289327735038782e+00
1.002000000000000000e+03,9.042083547683432698e-05,1.063638925552368164e+00,1.120712242122296143e+00
1.003000000000000000e+03,9.033655805978924036e-05,1.076799631118774414e+00,1.127968315536204136e+00
1.004000000000000000e+03,9.023437451105564833e-05,1.072961091995239258e+00,1.180333466312581958e+00
1.005000000000000000e+03,9.006554319057613611e-05,1.084089279174804688e+00,1.298303176009665716e+00
1.006000000000000000e+03,9.005915489979088306e-05,1.122200489044189453e+00,1.565453951509826469e+00
1.007000000000000000e+03,8.995683310786262155e-05,1.104569435119628906e+00,1.441932467900286952e+00
1.008000000000000000e+03,8.984572923509404063e-05,1.116234064102172852e+00,1.510192223039993342e+00
1.009000000000000000e+03,8.961785351857542992e-05,1.162779331207275391e+00,1.731751158228775012e+00
1.010000000000000000e+03,8.951154450187459588e-05,1.177072525024414062e+00,1.877135951751793375e+00
1.011000000000000000e+03,8.934292418416589499e-05,1.188272237777709961e+00,1.997643824225717957e+00
1.012000000000000000e+03,8.920660184230655432e-05,1.191186904907226562e+00,2.201918382925522888e+00
1.013000000000000000e+03,8.902375702746212482e-05,1.172858476638793945e+00,2.233254087063810900e+00
1.014000000000000000e+03,8.895684004528447986e-05,1.132291555404663086e+00,2.202569381447536667e+00
1.015000000000000000e+03,8.880688983481377363e-05,1.138114929199218750e+00,2.165403948971663883e+00
1.016000000000000000e+03,8.873501792550086975e-05,1.154476404190063477e+00,2.273857376903128280e+00
1.017000000000000000e+03,8.862139657139778137e-05,1.157170534133911133e+00,2.370965875535226974e+00
1.018000000000000000e+03,8.860037632985040545e-05,1.171576976776123047e+00,2.503220979765941934e+00
1.019000000000000000e+03,8.848382276482880116e-05,1.156026124954223633e+00,2.439137855593313642e+00
1.020000000000000000e+03,8.844865078572183847e-05,1.145511865615844727e+00,2.467789105152060625e+00
1.021000000000000000e+03,8.838131907396018505e-05,1.134997606277465820e+00,2.484254247545918393e+00
1.022000000000000000e+03,8.828479622025042772e-05,1.123154163360595703e+00,2.501545938625029386e+00
1.023000000000000000e+03,8.827862620819360018e-05,1.098281145095825195e+00,2.410340314231866454e+00
1.024000000000000000e+03,8.822033851174637675e-05,1.110351085662841797e+00,2.454630157499217979e+00
1.025000000000000000e+03,8.811715815681964159e-05,1.115608215332031250e+00,2.449934190632555353e+00
1.026000000000000000e+03,8.802615047898143530e-05,1.115351915359497070e+00,2.383854183353075307e+00
1.027000000000000000e+03,8.800062641967087984e-05,1.103562116622924805e+00,2.448164059819888383e+00
1.028000000000000000e+03,8.795254689175635576e-05,1.110297441482543945e+00,2.397408118873208149e+00
1.029000000000000000e+03,8.791591244516894221e-05,1.091212034225463867e+00,2.360111023774904560e+00
1.030000000000000000e+03,8.786222315393388271e-05,1.079052686691284180e+00,2.386838536128150334e+00
1.031000000000000000e+03,8.775239984970539808e-05,1.047289371490478516e+00,2.407590028341110688e+00
1.032000000000000000e+03,8.774294838076457381e-05,1.013040542602539062e+00,2.398615026245480841e+00
1.033000000000000000e+03,8.763349615037441254e-05,1.024705171585083008e+00,2.427419882197062950e+00
1.034000000000000000e+03,8.758172043599188328e-05,1.030749082565307617e+00,2.487933486383817616e+00
1.035000000000000000e+03,8.745194645598530769e-05,1.030308008193969727e+00,2.478300171176038180e+00
1.036000000000000000e+03,8.723186329007148743e-05,1.025676727294921875e+00,2.457607195684157642e+00
1.037000000000000000e+03,8.703360799700021744e-05,1.034265756607055664e+00,2.364682642609272190e+00
1.038000000000000000e+03,8.676305878907442093e-05,1.060563325881958008e+00,2.348802667426213908e+00
1.039000000000000000e+03,8.643150067655369639e-05,1.045453548431396484e+00,2.252410998627344174e+00
1.040000000000000000e+03,8.599831198807805777e-05,1.167893409729003906e+00,2.327846366689473534e+00
1.041000000000000000e+03,8.548783807782456279e-05,1.135194301605224609e+00,2.267983761024733091e+00
1.042000000000000000e+03,8.530496415914967656e-05,1.103520393371582031e+00,1.981237198552940004e+00
1.043000000000000000e+03,8.465583960060030222e-05,1.086848974227905273e+00,2.068968392631984177e+00
1.044000000000000000e+03,8.433968469034880400e-05,1.060146093368530273e+00,1.996802646360194222e+00
1.045000000000000000e+03,8.390356379095464945e-05,1.000845432281494141e+00,1.801217820740754316e+00
1.046000000000000000e+03,8.357822662219405174e-05,9.300053119659423828e-01,1.683379773666100476e+00
1.047000000000000000e+03,8.312160935020074248e-05,8.889973163604736328e-01,1.626501520776434839e+00
1.048000000000000000e+03,8.252288535004481673e-05,8.323788642883300781e-01,1.680007747613870839e+00
1.049000000000000000e+03,8.207035716623067856e-05,8.491218090057373047e-01,1.646104622338202539e+00
1.050000000000000000e+03,8.169055217877030373e-05,8.841931819915771484e-01,1.681178082035468924e+00
1.051000000000000000e+03,8.136300311889499426e-05,8.728623390197753906e-01,1.564276302498093463e+00
1.052000000000000000e+03,8.088050526566803455e-05,7.485389709472656250e-01,1.395250753658794585e+00
1.053000000000000000e+03,8.250454266089946032e-05,7.180750370025634766e-01,6.006960856556059491e-01
1.054000000000000000e+03,8.063814311753958464e-05,7.402956485748291016e-01,1.180852802212166042e+00
1.055000000000000000e+03,8.108423207886517048e-05,6.219685077667236328e-01,9.314618515597559156e-01
1.056000000000000000e+03,8.053493365878239274e-05,7.044076919555664062e-01,1.105293086117741908e+00
1.057000000000000000e+03,8.030633034650236368e-05,6.605207920074462891e-01,1.058450450893279715e+00
1.058000000000000000e+03,8.021207031561061740e-05,5.916893482208251953e-01,9.947403708175355241e-01
1.059000000000000000e+03,8.009585872059687972e-05,6.038308143615722656e-01,1.058735719908544315e+00
1.060000000000000000e+03,8.000413072295486927e-05,6.278216838836669922e-01,1.098029698113698771e+00
1.061000000000000000e+03,7.995640044100582600e-05,6.316423416137695312e-01,1.127968315536204136e+00
1.062000000000000000e+03,7.989895675564184785e-05,6.370425224304199219e-01,1.175674072396594827e+00
1.063000000000000000e+03,7.984312833286821842e-05,6.395161151885986328e-01,1.217557415509535224e+00
1.064000000000000000e+03,7.965892291394993663e-05,6.406486034393310547e-01,1.263610074999418575e+00
1.065000000000000000e+03,7.971701415954157710e-05,6.688237190246582031e-01,1.387965421884346684e+00
1.066000000000000000e+03,7.953881868161261082e-05,6.533205509185791016e-01,1.319522801991265482e+00
1.067000000000000000e+03,7.948850543471053243e-05,5.589425563812255859e-01,1.275284160854859072e+00
1.068000000000000000e+03,7.924812962301075459e-05,6.032228469848632812e-01,1.296042967657954570e+00
1.069000000000000000e+03,7.904850644990801811e-05,5.994081497192382812e-01,1.227534516453658409e+00
1.070000000000000000e+03,7.887444371590390801e-05,5.850613117218017578e-01,1.030428256086141303e+00
1.071000000000000000e+03,7.876874587964266539e-05,5.796551704406738281e-01,9.584307453874559846e-01
1.072000000000000000e+03,7.857632590457797050e-05,5.968034267425537109e-01,8.261536973863359279e-01
1.073000000000000000e+03,7.850654947105795145e-05,5.989968776702880859e-01,8.351360140721011405e-01
1.074000000000000000e+03,7.845592335797846317e-05,6.025314331054687500e-01,8.317786172001416789e-01
1.075000000000000000e+03,7.840484613552689552e-05,6.076872348785400391e-01,8.582062313578527890e-01
1.076000000000000000e+03,7.835872384021058679e-05,6.073594093322753906e-01,8.859577863299964440e-01
1.077000000000000000e+03,7.831479888409376144e-05,6.340563297271728516e-01,9.836880251235688988e-01
1.078000000000000000e+03,7.824545173207297921e-05,6.170034408569335938e-01,9.947915729484805292e-01
1.079000000000000000e+03,7.818675658199936152e-05,6.116211414337158203e-01,1.052649980916234185e+00
1.080000000000000000e+03,7.810902025084942579e-05,6.209135055541992188e-01,1.104532368743702975e+00
1.081000000000000000e+03,7.798462320351973176e-05,6.360173225402832031e-01,1.164365716047903732e+00
1.082000000000000000e+03,7.791048847138881683e-05,6.606638431549072266e-01,1.196681575264279651e+00
1.083000000000000000e+03,7.781569729559123516e-05,6.802201271057128906e-01,1.214207333227710572e+00
1.084000000000000000e+03,7.766736962366849184e-05,7.019281387329101562e-01,1.312932356279641555e+00
1.085000000000000000e+03,7.814489072188735008e-05,7.493555545806884766e-01,1.374140846529219750e+00
1.086000000000000000e+03,7.761950837448239326e-05,7.130086421966552734e-01,1.327239694583677743e+00
1.087000000000000000e+03,7.751143857603892684e-05,6.962418556213378906e-01,1.301975100257429574e+00
1.088000000000000000e+03,7.738429121673107147e-05,6.984949111938476562e-01,1.324087106235497746e+00
1.089000000000000000e+03,7.726912008365616202e-05,6.838977336883544922e-01,1.353023624809509773e+00
1.090000000000000000e+03,7.708632620051503181e-05,6.886482238769531250e-01,1.437134096771734981e+00
1.091000000000000000e+03,7.694208034081384540e-05,7.153451442718505859e-01,1.531602028365102841e+00
1.092000000000000000e+03,7.676648237975314260e-05,7.456660270690917969e-01,1.633955088123987487e+00
1.093000000000000000e+03,7.655507943127304316e-05,8.033633232116699219e-01,1.782346178192485642e+00
1.094000000000000000e+03,7.630373147549107671e-05,8.090019226074218750e-01,1.799206308453632941e+00
1.095000000000000000e+03,7.602198456879705191e-05,8.050858974456787109e-01,1.864218385573404468e+00
1.096000000000000000e+03,7.564905536128208041e-05,7.720708847045898438e-01,1.818026748870956499e+00
1.097000000000000000e+03,7.523710519308224320e-05,7.326960563659667969e-01,1.944861741811645617e+00
1.098000000000000000e+03,7.512082811444997787e-05,6.267607212066650391e-01,1.724114726127847552e+00
1.099000000000000000e+03,7.462059147655963898e-05,6.673753261566162109e-01,1.919143642897028101e+00
1.100000000000000000e+03,7.442252535838633776e-05,6.879985332489013672e-01,1.970067819416813526e+00
1.101000000000000000e+03,7.418244786094874144e-05,7.054984569549560547e-01,2.081812812909022536e+00
1.102000000000000000e+03,7.402866322081536055e-05,6.891250610351562500e-01,2.192036371653154347e+00
1.103000000000000000e+03,7.382109470199793577e-05,6.790041923522949219e-01,2.310518102659687489e+00
1.104000000000000000e+03,7.355336128966882825e-05,6.503105163574218750e-01,2.425503459581696220e+00
1.105000000000000000e+03,7.410016405628994107e-05,7.720232009887695312e-01,2.569820322945006286e+00
1.106000000000000000e+03,7.338481373153626919e-05,6.902277469635009766e-01,2.472858116115607352e+00
1.107000000000000000e+03,7.295878458535298705e-05,6.344854831695556641e-01,2.504896020906854037e+00
1.108000000000000000e+03,7.266648026416078210e-05,6.047189235687255859e-01,2.422065602218252067e+00
1.109000000000000000e+03,7.238234684336930513e-05,6.047964096069335938e-01,2.370914673404282080e+00
1.110000000000000000e+03,7.217700476758182049e-05,6.304681301116943359e-01,2.334268576827992714e+00
1.111000000000000000e+03,7.197383092716336250e-05,6.476104259490966797e-01,2.363424533106054604e+00
1.112000000000000000e+03,7.178572559496387839e-05,6.848931312561035156e-01,2.359460025252891224e+00
1.113000000000000000e+03,7.165163697209209204e-05,6.582200527191162109e-01,2.386926311209770279e+00
1.114000000000000000e+03,7.156135689001530409e-05,6.359159946441650391e-01,2.499827009943307754e+00
1.115000000000000000e+03,7.148441363824531436e-05,6.370127201080322266e-01,2.487465352615178205e+00
1.116000000000000000e+03,7.140609523048624396e-05,6.349146366119384766e-01,2.395542898388786313e+00
1.117000000000000000e+03,7.129392179194837809e-05,6.298363208770751953e-01,2.401167818202591508e+00
1.118000000000000000e+03,7.115560583770275116e-05,6.098270416259765625e-01,2.330969696677113401e+00
1.119000000000000000e+03,7.099220238160341978e-05,5.762338638305664062e-01,2.342753501384578829e+00
1.120000000000000000e+03,7.088102574925869703e-05,5.617082118988037109e-01,2.362166423602836574e+00
1.121000000000000000e+03,7.096385525073856115e-05,5.950152873992919922e-01,2.468301126461510009e+00
1.122000000000000000e+03,7.082470983732491732e-05,5.747139453887939453e-01,2.403588947537272702e+00
1.123000000000000000e+03,7.111452578101307154e-05,5.412817001342773438e-01,2.506892904013705792e+00
1.124000000000000000e+03,7.078102498780936003e-05,5.658626556396484375e-01,2.430945514642127048e+00
1.125000000000000000e+03,7.074401946738362312e-05,5.787253379821777344e-01,2.451046008333073623e+00
1.126000000000000000e+03,7.064703095238655806e-05,6.035268306732177734e-01,2.578137011928486988e+00
1.127000000000000000e+03,7.061103679006919265e-05,6.106436252593994141e-01,2.594485120880185125e+00
1.128000000000000000e+03,7.057657785480841994e-05,6.174564361572265625e-01,2.672158753523621311e+00
1.129000000000000000e+03,7.053456647554412484e-05,6.209790706634521484e-01,2.767482492162782304e+00
1.130000000000000000e+03,7.056158210616558790e-05,6.228983402252197266e-01,2.960119537957822011e+00
1.131000000000000000e+03,7.049222040222957730e-05,6.218373775482177734e-01,2.853450870019294427e+00
1.132000000000000000e+03,7.042852666927501559e-05,6.273388862609863281e-01,2.915690717477905647e+00
1.133000000000000000e+03,7.034646841930225492e-05,6.429970264434814453e-01,3.032095104886102011e+00
1.134000000000000000e+03,7.027160609140992165e-05,6.650328636169433594e-01,3.142677078546848080e+00
1.135000000000000000e+03,7.086159894242882729e-05,7.373988628387451172e-01,3.535104839288945922e+00
1.136000000000000000e+03,7.022566569503396749e-05,6.804883480072021484e-01,3.226604685755698920e+00
1.137000000000000000e+03,7.012835703790187836e-05,6.858408451080322266e-01,3.263192265610907583e+00
1.138000000000000000e+03,7.002850179560482502e-05,6.797134876251220703e-01,3.359642451130858021e+00
1.139000000000000000e+03,6.998438038863241673e-05,6.503939628601074219e-01,3.207733043207430246e+00
1.140000000000000000e+03,6.992682756390422583e-05,6.486713886260986328e-01,3.234548330642295966e+00
1.141000000000000000e+03,6.988075620029121637e-05,6.462156772613525391e-01,3.260010418902188789e+00
1.142000000000000000e+03,6.982444028835743666e-05,6.314218044281005859e-01,3.246310191579356186e+00
1.143000000000000000e+03,6.975888391025364399e-05,6.097137928009033203e-01,3.208332839598498687e+00
1.144000000000000000e+03,6.969850801397114992e-05,6.050586700439453125e-01,3.187376538861758757e+00
1.145000000000000000e+03,6.963875785004347563e-05,6.048202514648437500e-01,3.188393266890522604e+00
1.146000000000000000e+03,6.959039455978199840e-05,6.086111068725585938e-01,3.178876985124903243e+00
1.147000000000000000e+03,6.951249815756455064e-05,6.268978118896484375e-01,3.171913495316394549e+00
1.148000000000000000e+03,6.945866334717720747e-05,6.607770919799804688e-01,3.154182928829184274e+00
1.149000000000000000e+03,6.936577847227454185e-05,6.627559661865234375e-01,3.111546182932340088e+00
1.150000000000000000e+03,6.926990317879244685e-05,6.678640842437744141e-01,3.057067115606950658e+00
1.151000000000000000e+03,6.915430276421830058e-05,6.641089916229248047e-01,2.915551740265341252e+00
1.152000000000000000e+03,6.911342643434181809e-05,6.578624248504638672e-01,2.802577895630454119e+00
1.153000000000000000e+03,6.904765177750959992e-05,6.620824337005615234e-01,2.781065686043454832e+00
1.154000000000000000e+03,6.893037789268419147e-05,6.599307060241699219e-01,2.728810254119101941e+00
1.155000000000000000e+03,6.885208858875557780e-05,6.511747837066650391e-01,2.571773318511048068e+00
1.156000000000000000e+03,6.871337973279878497e-05,6.667375564575195312e-01,2.561086702323830622e+00
1.157000000000000000e+03,6.856982508907094598e-05,6.705224514007568359e-01,2.463327205169718148e+00
1.158000000000000000e+03,6.839713751105591655e-05,6.581068038940429688e-01,2.308192062996761162e+00
1.159000000000000000e+03,6.837527325842529535e-05,5.832374095916748047e-01,2.012455869249067941e+00
1.160000000000000000e+03,6.825959280831739306e-05,6.175637245178222656e-01,2.148192718384037470e+00
1.161000000000000000e+03,6.807004683651030064e-05,6.030321121215820312e-01,2.073598528187431178e+00
1.162000000000000000e+03,6.790056067984551191e-05,6.159365177154541016e-01,2.055377884161176727e+00
1.163000000000000000e+03,6.789055623812600970e-05,6.330132484436035156e-01,2.283644298503741954e+00
1.164000000000000000e+03,6.781708361813798547e-05,6.250798702239990234e-01,2.177670516628038122e+00
1.165000000000000000e+03,6.773133645765483379e-05,6.221652030944824219e-01,2.200938227847434536e+00
1.166000000000000000e+03,6.767365994164720178e-05,6.200313568115234375e-01,2.232273931985722548e+00
1.167000000000000000e+03,6.763511919416487217e-05,6.141424179077148438e-01,2.249382758311458730e+00
1.168000000000000000e+03,6.758963718311861157e-05,6.143987178802490234e-01,2.237079617704409440e+00
1.169000000000000000e+03,6.752071931259706616e-05,6.172895431518554688e-01,2.265833271525046655e+00
1.170000000000000000e+03,6.745026621501892805e-05,6.101012229919433594e-01,2.218946748759774934e+00
1.171000000000000000e+03,6.741951074218377471e-05,5.754888057708740234e-01,2.072757350321907666e+00
1.172000000000000000e+03,6.715874769724905491e-05,5.973160266876220703e-01,2.078587078659492882e+00
1.173000000000000000e+03,6.701138772768899798e-05,6.133556365966796875e-01,2.108189224935788975e+00
1.174000000000000000e+03,6.676761404378339648e-05,6.352484226226806641e-01,2.050016289592230923e+00
1.175000000000000000e+03,6.632872100453823805e-05,7.109284400939941406e-01,2.177253584990344049e+00
1.176000000000000000e+03,6.613065488636493683e-05,7.317602634429931641e-01,2.109820378535891106e+00
1.177000000000000000e+03,6.634672899963334203e-05,7.713258266448974609e-01,2.105665691339217993e+00
1.178000000000000000e+03,6.594952719751745462e-05,7.484138011932373047e-01,2.108094135264034108e+00
1.179000000000000000e+03,6.578065222129225731e-05,7.658243179321289062e-01,2.018709843814482596e+00
1.180000000000000000e+03,6.566760566784068942e-05,7.814943790435791016e-01,1.911894884073255252e+00
1.181000000000000000e+03,6.555017898790538311e-05,7.819890975952148438e-01,1.755743013871535085e+00
1.182000000000000000e+03,6.544860661961138248e-05,7.825195789337158203e-01,1.627488990444658334e+00
1.183000000000000000e+03,6.535123975481837988e-05,7.639050483703613281e-01,1.496806523092965691e+00
1.184000000000000000e+03,6.525905337184667587e-05,7.381021976470947266e-01,1.364024768372531504e+00
1.185000000000000000e+03,6.517223664559423923e-05,7.027208805084228516e-01,1.292648997835320168e+00
1.186000000000000000e+03,6.506547651952132583e-05,6.729364395141601562e-01,1.216145699613482511e+00
1.187000000000000000e+03,6.496100832009688020e-05,6.481409072875976562e-01,1.195503926252546645e+00
1.188000000000000000e+03,6.488548388006165624e-05,6.484568119049072266e-01,1.215055825683369228e+00
1.189000000000000000e+03,6.482780008809641004e-05,6.479084491729736328e-01,1.206483126045163612e+00
1.190000000000000000e+03,6.476503040175884962e-05,6.446659564971923828e-01,1.171709564543431448e+00
1.191000000000000000e+03,6.468615902122110128e-05,6.320178508758544922e-01,1.125898286528002501e+00
1.192000000000000000e+03,6.460793520091101527e-05,6.067454814910888672e-01,9.762344577760163622e-01
1.193000000000000000e+03,6.453796231653541327e-05,5.909740924835205078e-01,9.521914000023115054e-01
1.194000000000000000e+03,6.448136991821229458e-05,5.819320678710937500e-01,8.931919159734995617e-01
1.195000000000000000e+03,6.441985897254198790e-05,5.812168121337890625e-01,8.547098572733285993e-01
1.196000000000000000e+03,6.435161049012094736e-05,5.831360816955566406e-01,7.789892201959345286e-01
1.197000000000000000e+03,6.428285269066691399e-05,5.911290645599365234e-01,6.417821384438326948e-01
1.198000000000000000e+03,6.414759263861924410e-05,5.998730659484863281e-01,6.791158064928105587e-01
1.199000000000000000e+03,6.404251325875520706e-05,6.092131137847900391e-01,7.083229649018170093e-01
1.200000000000000000e+03,6.394265074050053954e-05,6.237566471099853516e-01,6.952664215108637080e-01
1.201000000000000000e+03,6.386348832165822387e-05,6.240129470825195312e-01,6.511155554560771330e-01
1.202000000000000000e+03,6.376204692060127854e-05,6.192564964294433594e-01,5.961025230508336659e-01
1.203000000000000000e+03,6.369251786964014173e-05,6.280720233917236328e-01,4.056598542962903675e-01
1.204000000000000000e+03,6.394528463715687394e-05,5.693435668945312500e-01,3.769720317868680559e-01
1.205000000000000000e+03,6.352279888233169913e-05,6.047606468200683594e-01,3.942637228659793269e-01
1.206000000000000000e+03,6.336861406452953815e-05,5.894303321838378906e-01,4.055647646245355009e-01
1.207000000000000000e+03,6.322039553197100759e-05,5.812704563140869141e-01,3.229903565906578344e-01
1.208000000000000000e+03,6.315164500847458839e-05,5.756914615631103516e-01,2.940392088363759648e-01
1.209000000000000000e+03,6.310451863100752234e-05,5.721390247344970703e-01,2.451996905050622122e-01
1.210000000000000000e+03,6.305641727522015572e-05,5.596578121185302734e-01,1.765888350388763184e-01
1.211000000000000000e+03,6.305436545517295599e-05,5.915105342864990234e-01,9.244910471611125780e-02
1.212000000000000000e+03,6.301860412349924445e-05,5.759835243225097656e-01,1.334546970128530630e-01
1.213000000000000000e+03,6.298515654634684324e-05,5.811512470245361328e-01,1.331182258666436247e-01
1.214000000000000000e+03,6.291377940215170383e-05,5.786061286926269531e-01,1.257451190105758621e-01
1.215000000000000000e+03,6.283833499765023589e-05,5.780220031738281250e-01,7.062968234344253748e-02
1.216000000000000000e+03,6.285454583121463656e-05,5.938053131103515625e-01,2.729805038377460316e-02
1.217000000000000000e+03,6.278921500779688358e-05,5.853354930877685547e-01,5.055844701303591204e-02
1.218000000000000000e+03,6.271851452765986323e-05,5.832254886627197266e-01,6.054286254729431688e-02
1.219000000000000000e+03,6.261833914322778583e-05,5.883336067199707031e-01,1.875387764709531002e-01
1.220000000000000000e+03,6.252687308005988598e-05,5.724787712097167969e-01,3.586197251381835760e-01
1.221000000000000000e+03,6.243232201086357236e-05,5.717277526855468750e-01,3.829773102876931068e-01
1.222000000000000000e+03,6.231350562302395701e-05,5.704700946807861328e-01,4.492036093698729138e-01
1.223000000000000000e+03,6.223279342520982027e-05,5.657255649566650391e-01,3.742729480270575726e-01
1.224000000000000000e+03,6.214830500539392233e-05,5.631148815155029297e-01,3.872856038772009013e-01
1.225000000000000000e+03,6.198753544595092535e-05,5.684554576873779297e-01,4.055793938048054548e-01
1.226000000000000000e+03,6.191598367877304554e-05,5.784571170806884766e-01,4.642424066874079047e-01
1.227000000000000000e+03,6.291438330663368106e-05,4.940330982208251953e-01,5.122553763334680710e-01
1.228000000000000000e+03,6.186736572999507189e-05,5.632877349853515625e-01,4.728663084565585817e-01
1.229000000000000000e+03,6.171975837787613273e-05,5.818545818328857422e-01,5.416892870366590840e-01
1.230000000000000000e+03,6.158027099445462227e-05,5.791902542114257812e-01,5.388073385234739554e-01
1.231000000000000000e+03,6.145019142422825098e-05,5.503237247467041016e-01,5.363642654183879976e-01
1.232000000000000000e+03,6.135137664387002587e-05,5.522489547729492188e-01,4.914087944487527393e-01
1.233000000000000000e+03,6.121926708146929741e-05,5.436182022094726562e-01,5.186849010621223943e-01
1.234000000000000000e+03,6.104309431975707412e-05,5.580842494964599609e-01,4.890096088844767541e-01
1.235000000000000000e+03,6.464341277023777366e-05,5.007386207580566406e-01,6.964148121620568066e-01
1.236000000000000000e+03,6.101577309891581535e-05,5.531907081604003906e-01,5.066962878308772789e-01
1.237000000000000000e+03,6.089923044783063233e-05,5.764424800872802734e-01,5.915601625770061656e-01
1.238000000000000000e+03,6.083201878936961293e-05,5.900859832763671875e-01,5.653739298937497937e-01
1.239000000000000000e+03,6.074213888496160507e-05,6.061077117919921875e-01,5.830240358894753783e-01
1.240000000000000000e+03,6.065148772904649377e-05,6.102144718170166016e-01,5.809101193404638819e-01
1.241000000000000000e+03,6.074830162106081843e-05,6.271839141845703125e-01,5.435618221112160642e-01
1.242000000000000000e+03,6.058426515664905310e-05,6.168127059936523438e-01,5.663760287422431317e-01
1.243000000000000000e+03,6.046424823580309749e-05,6.100416183471679688e-01,6.202479850864284217e-01
1.244000000000000000e+03,6.037991624907590449e-05,5.822479724884033203e-01,5.874859358718179658e-01
1.245000000000000000e+03,6.014731843606568873e-05,5.854666233062744141e-01,5.761190628020468329e-01
1.246000000000000000e+03,5.996598338242620230e-05,5.836367607116699219e-01,5.776039245994494253e-01
1.247000000000000000e+03,5.968261393718421459e-05,5.735993385314941406e-01,6.151204574018019899e-01
1.248000000000000000e+03,5.936198795097880065e-05,5.866944789886474609e-01,6.296984355408327128e-01
1.249000000000000000e+03,6.002515146974474192e-05,6.941676139831542969e-01,4.208522580066600960e-01
1.250000000000000000e+03,5.914538996876217425e-05,6.222724914550781250e-01,5.605243566342528183e-01
1.251000000000000000e+03,5.848222281201742589e-05,6.340920925140380859e-01,6.066209036649461428e-01
1.252000000000000000e+03,5.796950063086114824e-05,6.980895996093750000e-01,6.019688243390939331e-01
1.253000000000000000e+03,5.768232585978694260e-05,7.412672042846679688e-01,3.331137493374810021e-01
1.254000000000000000e+03,5.699491885025054216e-05,7.781624794006347656e-01,4.273549286366642996e-01
1.255000000000000000e+03,5.661481918650679290e-05,7.530093193054199219e-01,4.561890429487863718e-01
1.256000000000000000e+03,5.611298183794133365e-05,7.084012031555175781e-01,3.362736522757957536e-01
1.257000000000000000e+03,5.580917058978229761e-05,7.144451141357421875e-01,2.460774413212607481e-01
1.258000000000000000e+03,5.591009903582744300e-05,7.018744945526123047e-01,2.092338508113270323e-01
1.259000000000000000e+03,5.569384666159749031e-05,7.091224193572998047e-01,2.304534767929267425e-01
1.260000000000000000e+03,5.549906927626580000e-05,7.025897502899169922e-01,2.657317450139730641e-01
1.261000000000000000e+03,5.542304279515519738e-05,6.924450397491455078e-01,2.858029803443796757e-01
1.262000000000000000e+03,5.536980461329221725e-05,7.072567939758300781e-01,2.110990712957489246e-01
1.263000000000000000e+03,5.531491478905081749e-05,7.218301296234130859e-01,1.990592559335589429e-01
1.264000000000000000e+03,5.523301297216676176e-05,7.435023784637451172e-01,1.337619097985225380e-01
1.265000000000000000e+03,5.557884651352651417e-05,7.775485515594482422e-01,2.019265752664741731e-01
1.266000000000000000e+03,5.520774720935150981e-05,7.505476474761962891e-01,1.478424958083741081e-01
1.267000000000000000e+03,5.523468280443921685e-05,7.884085178375244141e-01,8.526617720355320063e-02
1.268000000000000000e+03,5.515078373719006777e-05,7.677018642425537109e-01,1.194838298550262856e-01
1.269000000000000000e+03,5.509538459591567516e-05,7.597804069519042969e-01,1.449312889346489608e-01
1.270000000000000000e+03,5.503378633875399828e-05,7.438480854034423828e-01,1.822869007540318387e-01
1.271000000000000000e+03,5.499809049069881439e-05,7.331430912017822266e-01,2.009610493686558030e-01
1.272000000000000000e+03,5.513384530786424875e-05,7.836639881134033203e-01,1.241651675414185002e-01
1.273000000000000000e+03,5.498311656992882490e-05,7.456541061401367188e-01,1.819577441979573773e-01
1.274000000000000000e+03,5.494563811225816607e-05,7.527947425842285156e-01,1.658071291799042557e-01
1.275000000000000000e+03,5.530436101253144443e-05,7.055282592773437500e-01,1.642125485304769122e-02
1.276000000000000000e+03,5.490893818205222487e-05,7.416248321533203125e-01,1.304703442377780076e-01
1.277000000000000000e+03,5.487302405526861548e-05,7.229924201965332031e-01,1.240261903288537443e-01
1.278000000000000000e+03,5.494477591128088534e-05,7.495284080505371094e-01,1.030113728710336934e-01
1.279000000000000000e+03,5.484910798259079456e-05,7.317841053009033203e-01,1.170480713400753464e-01
1.280000000000000000e+03,5.477915692608803511e-05,7.369279861450195312e-01,7.920238198164827881e-02
1.281000000000000000e+03,5.472632983583025634e-05,7.419466972351074219e-01,4.766186931958073247e-02
1.282000000000000000e+03,5.466225047712214291e-05,7.451474666595458984e-01,4.704012915810677070e-02
1.283000000000000000e+03,5.460341344587504864e-05,7.447898387908935547e-01,6.951055005278940213e-02
1.284000000000000000e+03,5.455007340060546994e-05,7.264077663421630859e-01,1.375362383081762674e-01
1.285000000000000000e+03,5.451058314065448940e-05,7.194221019744873047e-01,1.625082490290247206e-01
1.286000000000000000e+03,5.446277282317169011e-05,7.013499736785888672e-01,2.220343835475557248e-01
1.287000000000000000e+03,5.441914981929585338e-05,6.802082061767578125e-01,2.572175620968472076e-01
1.288000000000000000e+03,5.437762592919170856e-05,6.661832332611083984e-01,3.008271484816446573e-01
1.289000000000000000e+03,5.431017780210822821e-05,6.458163261413574219e-01,3.053256214146622405e-01
1.290000000000000000e+03,5.424271512310951948e-05,6.162226200103759766e-01,3.014927761839285569e-01
1.291000000000000000e+03,5.418957152869552374e-05,5.765259265899658203e-01,1.918909576012708673e-01
1.292000000000000000e+03,5.416827116278000176e-05,6.152272224426269531e-01,7.400170839567193903e-02
1.293000000000000000e+03,5.413678081822581589e-05,5.466043949127197266e-01,2.513878337592618806e-01
1.294000000000000000e+03,5.407287608250044286e-05,5.688726902008056641e-01,2.087510878624178057e-01
1.295000000000000000e+03,5.404833427746780217e-05,5.803406238555908203e-01,1.830476181280705772e-01
1.296000000000000000e+03,5.398571374826133251e-05,5.968034267425537109e-01,1.768375311034658948e-01
1.297000000000000000e+03,5.388369027059525251e-05,6.115674972534179688e-01,1.723536873507183487e-01
1.298000000000000000e+03,5.369145947042852640e-05,6.080031394958496094e-01,1.856808705766661849e-01
1.299000000000000000e+03,5.400398367783054709e-05,6.119668483734130859e-01,8.435185343667971070e-02
1.300000000000000000e+03,5.360879004001617432e-05,6.092429161071777344e-01,1.540086952921688457e-01
1.301000000000000000e+03,5.344848614186048508e-05,5.868375301361083984e-01,1.282174504762017553e-01
1.302000000000000000e+03,5.331119245965965092e-05,5.456149578094482422e-01,1.048327058146456547e-01
1.303000000000000000e+03,5.326176324160769582e-05,5.276262760162353516e-01,4.456048310234589360e-02
1.304000000000000000e+03,5.321664866642095149e-05,5.282759666442871094e-01,3.320823921284477009e-02
1.305000000000000000e+03,5.315698945196345448e-05,5.287706851959228516e-01,4.260748753630413943e-02
1.306000000000000000e+03,5.309374682838097215e-05,5.295455455780029297e-01,5.295763257731192497e-02
1.307000000000000000e+03,5.298847463564015925e-05,5.189239978790283203e-01,3.124792905666803206e-02
1.308000000000000000e+03,5.283919017529115081e-05,5.303204059600830078e-01,1.097188520248175295e-04
1.309000000000000000e+03,5.264432547846809030e-05,4.870414733886718750e-01,3.793346444004691564e-02
1.310000000000000000e+03,5.243987834546715021e-05,4.385232925415039062e-01,9.511161552524682872e-02
1.311000000000000000e+03,5.231160685070790350e-05,4.159092903137207031e-01,1.425979346815878512e-01
1.312000000000000000e+03,5.223729021963663399e-05,4.109144210815429688e-01,1.205005578837895913e-01
1.313000000000000000e+03,5.218767910264432430e-05,4.058241844177246094e-01,1.430294954995521284e-01
1.314000000000000000e+03,5.214495467953383923e-05,4.187285900115966797e-01,1.366438583117077499e-01
1.315000000000000000e+03,5.208964284975081682e-05,4.194915294647216797e-01,1.298851770269789929e-01
1.316000000000000000e+03,5.202435932005755603e-05,4.085719585418701172e-01,1.579293156045223356e-01
1.317000000000000000e+03,5.490859985002316535e-05,4.079937934875488281e-01,3.471870207571975953e-01
1.318000000000000000e+03,5.197987775318324566e-05,4.085004329681396484e-01,1.804875115808248220e-01
1.319000000000000000e+03,5.191311356611549854e-05,3.863036632537841797e-01,2.113770257208784642e-01
1.320000000000000000e+03,5.185269401408731937e-05,3.606379032135009766e-01,2.627547068290330134e-01
1.321000000000000000e+03,5.183269604458473623e-05,3.596842288970947266e-01,2.974185494787403572e-01
1.322000000000000000e+03,5.180594598641619086e-05,3.758251667022705078e-01,2.891018604952592108e-01
1.323000000000000000e+03,5.178692663321271539e-05,3.905773162841796875e-01,2.759721712029560292e-01
1.324000000000000000e+03,5.177297862246632576e-05,4.005253314971923828e-01,2.679407512347394271e-01
1.325000000000000000e+03,5.174864054424688220e-05,4.074752330780029297e-01,2.412132388814938466e-01
1.326000000000000000e+03,5.202376632951200008e-05,4.140615463256835938e-01,4.841746648052497881e-01
1.327000000000000000e+03,5.174144826014526188e-05,4.083752632141113281e-01,2.744068489140686351e-01
1.328000000000000000e+03,5.172722012503072619e-05,4.035055637359619141e-01,2.550963309577007343e-01
1.329000000000000000e+03,5.171156226424500346e-05,3.941893577575683594e-01,2.379728754516942102e-01
1.330000000000000000e+03,5.169188807485625148e-05,3.824710845947265625e-01,2.168483391418493667e-01
1.331000000000000000e+03,5.166940536582842469e-05,3.745794296264648438e-01,2.001418152735371381e-01
1.332000000000000000e+03,5.163881724001839757e-05,3.704428672790527344e-01,1.783443366712733902e-01
1.333000000000000000e+03,5.160643195267766714e-05,3.785252571105957031e-01,1.841082336976438139e-01
1.334000000000000000e+03,5.158375279279425740e-05,3.883183002471923828e-01,1.987154701972144999e-01
1.335000000000000000e+03,5.156301631359383464e-05,3.984689712524414062e-01,2.219392938758008860e-01
1.336000000000000000e+03,5.154092650627717376e-05,4.033684730529785156e-01,2.580002232412909047e-01
1.337000000000000000e+03,5.151586810825392604e-05,3.974854946136474609e-01,2.856274301811400074e-01
1.338000000000000000e+03,5.149215940036810935e-05,3.761887550354003906e-01,3.184260523464254033e-01
1.339000000000000000e+03,5.149581556906923652e-05,3.671944141387939453e-01,2.852031839533106794e-01
1.340000000000000000e+03,5.148044147063046694e-05,3.720283508300781250e-01,3.030288401122760433e-01
1.341000000000000000e+03,5.146134208189323545e-05,3.582715988159179688e-01,2.783567275869620605e-01
1.342000000000000000e+03,5.142692680237814784e-05,3.491997718811035156e-01,2.479134034451427049e-01
1.343000000000000000e+03,5.138363485457375646e-05,3.394603729248046875e-01,1.777737986407443571e-01
1.344000000000000000e+03,5.132029036758467555e-05,3.326416015625000000e-01,1.459772753239522158e-01
1.345000000000000000e+03,5.119874913361854851e-05,3.234744071960449219e-01,1.153584010188931502e-01
1.346000000000000000e+03,5.110286292620003223e-05,3.016710281372070312e-01,9.816179961153674582e-02
1.347000000000000000e+03,5.097661778563633561e-05,2.827823162078857422e-01,1.004073787829780212e-01
1.348000000000000000e+03,5.079046604805625975e-05,2.556860446929931641e-01,1.397379299388075979e-01
1.349000000000000000e+03,5.066248559160158038e-05,2.341270446777343750e-01,1.755940507805179851e-01
1.350000000000000000e+03,5.054818029748275876e-05,2.407371997833251953e-01,2.243677378006168344e-01
1.351000000000000000e+03,5.043551209382712841e-05,2.541601657867431641e-01,2.413522160940586025e-01
1.352000000000000000e+03,5.027843872085213661e-05,2.807796001434326172e-01,2.814434846239269317e-01
1.353000000000000000e+03,5.005506682209670544e-05,2.847731113433837891e-01,2.425371796959266413e-01
1.354000000000000000e+03,5.129831333761103451e-05,3.991305828094482422e-01,4.268867948680250546e-01
1.355000000000000000e+03,4.990095476387068629e-05,3.144085407257080078e-01,2.903380262280721436e-01
1.356000000000000000e+03,4.940108192386105657e-05,2.893209457397460938e-01,2.440586144440040905e-01
1.357000000000000000e+03,4.917021215078420937e-05,2.621710300445556641e-01,1.472646431877100981e-01
1.358000000000000000e+03,4.861007255385629833e-05,2.317428588867187500e-01,1.301631314521085325e-01
1.359000000000000000e+03,4.822001210413873196e-05,2.633631229400634766e-01,3.800075866928880330e-01
1.360000000000000000e+03,4.799294765689410269e-05,2.810597419738769531e-01,3.425203122510753762e-01
1.361000000000000000e+03,4.775992056238465011e-05,3.108143806457519531e-01,4.161562911399978582e-01
1.362000000000000000e+03,4.759460716741159558e-05,3.016531467437744141e-01,3.704181590259189583e-01
1.363000000000000000e+03,4.743178214994259179e-05,3.027021884918212891e-01,3.911257636980695063e-01
1.364000000000000000e+03,4.727820487460121512e-05,2.720654010772705078e-01,2.187574471670811760e-01
1.365000000000000000e+03,4.750706648337654769e-05,2.333641052246093750e-01,1.688792570365991452e-01
1.366000000000000000e+03,4.720014476333744824e-05,2.589881420135498047e-01,2.019046314960692146e-01
1.367000000000000000e+03,4.709558197646401823e-05,2.644896507263183594e-01,2.236509079673880684e-01
1.368000000000000000e+03,4.697662370745092630e-05,2.549529075622558594e-01,2.009098472377108813e-01
1.369000000000000000e+03,4.688207991421222687e-05,2.506196498870849609e-01,1.533064946392100336e-01
1.370000000000000000e+03,4.676569733419455588e-05,2.418458461761474609e-01,1.391235043674686304e-02
1.371000000000000000e+03,4.666158929467201233e-05,2.553105354309082031e-01,4.484575211761041708e-02
1.372000000000000000e+03,4.658344550989568233e-05,2.809166908264160156e-01,9.666962322399923202e-02
1.373000000000000000e+03,4.649034963222220540e-05,2.860903739929199219e-01,1.364829373287380077e-01
1.374000000000000000e+03,4.643511056201532483e-05,2.827823162078857422e-01,9.791310354694715556e-02
1.375000000000000000e+03,4.635809818864800036e-05,2.885997295379638672e-01,6.240808303171620913e-02
1.376000000000000000e+03,4.627261660061776638e-05,3.068745136260986328e-01,5.997232451676526299e-02
1.377000000000000000e+03,4.666660970542579889e-05,3.823101520538330078e-01,5.047067193141605923e-04
1.378000000000000000e+03,4.626023292075842619e-05,3.181278705596923828e-01,5.096074947046025372e-02
1.379000000000000000e+03,4.621886910172179341e-05,3.313899040222167969e-01,6.001621205757518701e-02
1.380000000000000000e+03,4.619259925675578415e-05,3.423988819122314453e-01,8.187220738091884054e-02
1.381000000000000000e+03,4.616293881554156542e-05,3.505885601043701172e-01,9.595279339077041059e-02
1.382000000000000000e+03,4.613712007994763553e-05,3.582119941711425781e-01,1.021116782844301851e-01
1.383000000000000000e+03,4.611137410392984748e-05,3.610193729400634766e-01,8.359113606264097218e-02
1.384000000000000000e+03,4.609075767803005874e-05,3.633618354797363281e-01,7.824417067396487180e-02
1.385000000000000000e+03,4.607078881235793233e-05,3.591775894165039062e-01,6.760875661769255585e-02
1.386000000000000000e+03,4.605789581546559930e-05,3.556072711944580078e-01,8.163082590646424108e-02
1.387000000000000000e+03,4.604622517945244908e-05,3.557384014129638672e-01,1.135663264358211244e-01
1.388000000000000000e+03,4.604348941938951612e-05,3.445148468017578125e-01,1.594068628117898956e-01
1.389000000000000000e+03,4.602678018272854388e-05,3.513872623443603516e-01,2.094752322857816040e-01
1.390000000000000000e+03,4.601247201208025217e-05,3.567636013031005859e-01,1.922201141573453287e-01
1.391000000000000000e+03,4.600453758030198514e-05,3.515541553497314453e-01,1.969087664338725063e-01
1.392000000000000000e+03,4.598449595505371690e-05,3.468275070190429688e-01,1.961334198795638417e-01
1.393000000000000000e+03,4.597059887601062655e-05,3.340423107147216797e-01,2.295903551569981604e-01
1.394000000000000000e+03,4.594547863234765828e-05,3.308713436126708984e-01,2.506198017950881929e-01
1.395000000000000000e+03,4.590669414028525352e-05,3.256320953369140625e-01,3.089097705808062644e-01
1.396000000000000000e+03,4.588265437632799149e-05,3.355562686920166016e-01,3.561766520330976182e-01
1.397000000000000000e+03,4.582071414915844798e-05,3.460288047790527344e-01,3.221564933152692434e-01
1.398000000000000000e+03,4.576436185743659735e-05,3.499150276184082031e-01,2.795928933197749933e-01
1.399000000000000000e+03,4.568020813167095184e-05,3.459095954895019531e-01,2.005806906816364477e-01
1.400000000000000000e+03,4.562413232633844018e-05,3.444969654083251953e-01,1.336229325859577821e-01
1.401000000000000000e+03,4.556229396257549524e-05,3.376245498657226562e-01,1.151389633148435232e-01
1.402000000000000000e+03,4.552297468762844801e-05,3.257870674133300781e-01,1.559251179075356875e-01
1.403000000000000000e+03,4.540540976449847221e-05,2.742588520050048828e-01,2.215150476479715858e-01
1.404000000000000000e+03,4.536872438620775938e-05,3.064453601837158203e-01,3.726344798368202427e-01
1.405000000000000000e+03,4.525009717326611280e-05,3.298342227935791016e-01,3.112577540141373555e-01
1.406000000000000000e+03,4.518615605775266886e-05,3.300249576568603516e-01,2.903087678675321803e-01
1.407000000000000000e+03,4.509524296736344695e-05,3.422200679779052734e-01,2.329331228486876126e-01
1.408000000000000000e+03,4.501951480051502585e-05,3.580510616302490234e-01,2.336060651411064892e-01
1.409000000000000000e+03,4.487581463763490319e-05,3.901660442352294922e-01,1.879264497481074603e-01
1.410000000000000000e+03,4.473390072234906256e-05,4.108011722564697266e-01,9.653064601143446222e-02
1.411000000000000000e+03,4.451365384738892317e-05,4.174947738647460938e-01,4.470677490504564727e-02
1.412000000000000000e+03,4.454929512576200068e-05,4.292845726013183594e-01,2.967017196455115635e-01
1.413000000000000000e+03,4.440447810338810086e-05,4.233241081237792969e-01,1.693547053953733394e-01
1.414000000000000000e+03,4.432951391208916903e-05,4.097223281860351562e-01,2.294074904036234874e-01
1.415000000000000000e+03,4.409195753396488726e-05,4.025280475616455078e-01,2.762647548083555504e-01
1.416000000000000000e+03,4.395456198835745454e-05,3.942072391510009766e-01,2.891896355768790450e-01
1.417000000000000000e+03,4.378236917546018958e-05,3.594756126403808594e-01,9.397785405432371175e-02
1.418000000000000000e+03,4.366275607026182115e-05,4.047811031341552734e-01,1.900111079365789934e-01
1.419000000000000000e+03,4.353811891633085907e-05,3.676652908325195312e-01,9.858604583936603216e-02
1.420000000000000000e+03,4.342705506132915616e-05,3.404319286346435547e-01,5.028049258790637938e-02
1.421000000000000000e+03,4.332854587119072676e-05,3.316521644592285156e-01,1.355393552013245753e-02
1.422000000000000000e+03,4.327869100961834192e-05,3.013789653778076172e-01,1.397818174796175150e-01
1.423000000000000000e+03,4.315631667850539088e-05,3.702640533447265625e-01,5.658566928426588677e-02
1.424000000000000000e+03,4.310510121285915375e-05,3.838002681732177734e-01,5.352817060784097886e-02
1.425000000000000000e+03,4.306479240767657757e-05,3.963232040405273438e-01,3.335453101554453070e-02
1.426000000000000000e+03,4.303468085709027946e-05,3.931879997253417969e-01,6.732348760242803931e-02
1.427000000000000000e+03,4.300961154513061047e-05,3.828823566436767578e-01,1.014899381229562164e-01
1.428000000000000000e+03,4.298824205761775374e-05,3.744304180145263672e-01,1.275591373640528603e-01
1.429000000000000000e+03,4.305039328755810857e-05,3.385484218597412109e-01,1.926004728443646841e-01
1.430000000000000000e+03,4.297701525501906872e-05,3.644883632659912109e-01,1.455530290961229434e-01
1.431000000000000000e+03,4.296504266676492989e-05,3.547072410583496094e-01,1.959944426669990580e-01
1.432000000000000000e+03,4.293979873182252049e-05,3.569900989532470703e-01,1.782711907699235099e-01
1.433000000000000000e+03,4.292397352401167154e-05,3.597140312194824219e-01,1.545353457818879894e-01
1.434000000000000000e+03,4.290766082704067230e-05,3.577172756195068359e-01,1.338131119294674598e-01
1.435000000000000000e+03,4.289218850317411125e-05,3.605186939239501953e-01,1.252696706518016678e-01
1.436000000000000000e+03,4.289882053853943944e-05,3.470480442047119141e-01,1.154315469202430305e-01
1.437000000000000000e+03,4.287793126422911882e-05,3.543853759765625000e-01,1.207711977187841540e-01
1.438000000000000000e+03,4.285914837964810431e-05,3.508210182189941406e-01,1.327159234092192830e-01
1.439000000000000000e+03,4.283060843590646982e-05,3.393769264221191406e-01,1.561152972510453651e-01
1.440000000000000000e+03,4.281473229639232159e-05,3.329515457153320312e-01,1.540525828329787905e-01
1.441000000000000000e+03,4.278371852706186473e-05,3.241837024688720703e-01,1.536722241459594074e-01
1.442000000000000000e+03,4.276778054190799594e-05,3.121256828308105469e-01,1.389186958436889607e-01
1.443000000000000000e+03,4.274861566955223680e-05,3.147184848785400391e-01,1.338131119294674598e-01
1.444000000000000000e+03,4.269586133887059987e-05,3.180086612701416016e-01,1.488080217061925337e-01
1.445000000000000000e+03,4.269320561434142292e-05,3.377974033355712891e-01,3.068470561627396898e-02
1.446000000000000000e+03,4.266919131623581052e-05,3.282070159912109375e-01,8.793600260282374848e-02
1.447000000000000000e+03,4.263723894837312400e-05,3.300368785858154297e-01,6.074035648093898537e-02
1.448000000000000000e+03,4.258364788256585598e-05,3.347933292388916016e-01,1.804509386301498750e-02
1.449000000000000000e+03,4.253441875334829092e-05,3.475248813629150391e-01,2.759063398917411397e-02
1.450000000000000000e+03,4.243964212946593761e-05,3.593206405639648438e-01,8.348873180075114253e-02
1.451000000000000000e+03,4.238344990881159902e-05,3.630876541137695312e-01,1.577391362610126579e-01
1.452000000000000000e+03,4.234388688928447664e-05,3.534376621246337891e-01,1.365048810991429939e-01
1.453000000000000000e+03,4.228837133268825710e-05,3.352522850036621094e-01,1.100699523512969485e-01
1.454000000000000000e+03,4.220919799990952015e-05,3.019392490386962891e-01,6.137672582268292182e-02
1.455000000000000000e+03,4.212004932924173772e-05,2.677440643310546875e-01,5.069010963546569451e-03
1.456000000000000000e+03,4.202944546705111861e-05,2.459704875946044922e-01,7.114170365289168574e-02
1.457000000000000000e+03,4.195360816083848476e-05,2.379953861236572266e-01,1.332864614397483438e-01
1.458000000000000000e+03,4.191025072941556573e-05,2.499401569366455078e-01,1.867707445067793848e-01
1.459000000000000000e+03,4.182587144896388054e-05,2.788901329040527344e-01,2.048377821401993482e-01
1.460000000000000000e+03,4.175946014584042132e-05,2.838253974914550781e-01,2.202203651940787543e-01
1.461000000000000000e+03,4.164114216109737754e-05,3.065347671508789062e-01,2.347983433331095049e-01
1.462000000000000000e+03,4.157336297794245183e-05,3.090322017669677734e-01,2.585049299606050899e-01
1.463000000000000000e+03,4.144418562646023929e-05,3.104150295257568359e-01,2.797830726632847265e-01
1.464000000000000000e+03,4.171072214376181364e-05,2.629220485687255859e-01,4.195063734218223428e-01
1.465000000000000000e+03,4.140115925110876560e-05,2.957820892333984375e-01,3.228294356076881200e-01
1.466000000000000000e+03,4.130017623538151383e-05,2.863347530364990234e-01,3.788153085008850174e-01
1.467000000000000000e+03,4.122876998735591769e-05,2.733290195465087891e-01,3.900139459975514034e-01
1.468000000000000000e+03,4.115570845897309482e-05,2.725422382354736328e-01,4.204206971886958466e-01
1.469000000000000000e+03,4.109114524908363819e-05,2.807080745697021484e-01,4.455170559418390464e-01
1.470000000000000000e+03,4.103868559468537569e-05,2.767384052276611328e-01,3.986305331765670479e-01
1.471000000000000000e+03,4.339621227700263262e-05,2.754032611846923828e-01,9.379425784193550220e-01
1.472000000000000000e+03,4.097035707673057914e-05,2.765417098999023438e-01,4.776061628640307366e-01
1.473000000000000000e+03,4.088101559318602085e-05,2.879679203033447266e-01,4.915989737922624170e-01
1.474000000000000000e+03,4.077206904185004532e-05,2.791166305541992188e-01,5.474385548827594983e-01
1.475000000000000000e+03,4.066482506459578872e-05,2.788066864013671875e-01,5.611095238450517497e-01
1.476000000000000000e+03,4.047545007779262960e-05,2.614617347717285156e-01,6.957052969189629898e-01
1.477000000000000000e+03,4.034091762150637805e-05,2.570688724517822266e-01,7.406022511675183218e-01
1.478000000000000000e+03,4.027309478260576725e-05,2.595007419586181641e-01,8.706264054070621539e-01
1.479000000000000000e+03,4.023719156975857913e-05,2.650916576385498047e-01,8.623097164235808965e-01
1.480000000000000000e+03,4.017359970021061599e-05,2.655863761901855469e-01,9.072359290326761361e-01
1.481000000000000000e+03,4.013622674392536283e-05,2.733707427978515625e-01,9.173958947301743549e-01
1.482000000000000000e+03,4.007616735179908574e-05,2.756536006927490234e-01,9.523815793458210166e-01
1.483000000000000000e+03,3.996115265181288123e-05,2.956926822662353516e-01,1.023896327095597192e+00
1.484000000000000000e+03,4.294505924917757511e-05,1.169979572296142578e-01,1.377710366515093598e+00
1.485000000000000000e+03,3.994275175500661135e-05,2.816975116729736328e-01,1.051545477805851281e+00
1.486000000000000000e+03,3.984978684457018971e-05,2.994596958160400391e-01,1.036221411473051690e+00
1.487000000000000000e+03,3.975220170104876161e-05,3.010392189025878906e-01,9.906588295222124030e-01
1.488000000000000000e+03,3.967755765188485384e-05,2.957642078399658203e-01,9.352508092496795156e-01
1.489000000000000000e+03,3.961934999097138643e-05,2.820849418640136719e-01,9.164815709633008511e-01
1.490000000000000000e+03,3.953104169340804219e-05,2.426087856292724609e-01,8.802962935655159749e-01
1.491000000000000000e+03,3.949103484046645463e-05,2.346754074096679688e-01,8.988680379182499847e-01
1.492000000000000000e+03,3.944297350244596601e-05,2.368450164794921875e-01,9.364504020318175082e-01
1.493000000000000000e+03,3.939181624446064234e-05,2.319991588592529297e-01,9.750568087642833559e-01
1.494000000000000000e+03,3.934647611458785832e-05,2.229273319244384766e-01,9.954279422902244656e-01
1.495000000000000000e+03,3.928528167307376862e-05,2.021074295043945312e-01,1.032849385420822275e+00
1.496000000000000000e+03,3.921672032447531819e-05,1.764357089996337891e-01,1.058435821713009650e+00
1.497000000000000000e+03,3.915745037375018001e-05,1.763761043548583984e-01,1.039739729327980866e+00
1.498000000000000000e+03,3.908168582711368799e-05,1.811623573303222656e-01,1.054778526645515857e+00
1.499000000000000000e+03,4.027362956549040973e-05,7.912516593933105469e-02,9.502676627968096312e-01
1.500000000000000000e+03,3.907200880348682404e-05,1.725554466247558594e-01,1.045957130942720470e+00
1.501000000000000000e+03,3.900851515936665237e-05,1.885950565338134766e-01,1.067403509218504798e+00
1.502000000000000000e+03,3.894722613040357828e-05,2.087056636810302734e-01,1.088315922414434977e+00
1.503000000000000000e+03,3.887609636876732111e-05,2.218127250671386719e-01,1.105432063330306525e+00
1.504000000000000000e+03,3.875837137456983328e-05,2.349972724914550781e-01,1.128385247173898431e+00
1.505000000000000000e+03,3.871614899253472686e-05,2.332627773284912109e-01,1.141302813352286893e+00
1.506000000000000000e+03,3.863899473799392581e-05,2.316117286682128906e-01,1.151865081507209343e+00
1.507000000000000000e+03,3.859767457470297813e-05,2.320587635040283203e-01,1.147864000703371135e+00
1.508000000000000000e+03,3.866356564685702324e-05,2.220094203948974609e-01,1.148924616272944288e+00
1.509000000000000000e+03,3.858400305034592748e-05,2.291142940521240234e-01,1.148156584308770434e+00
1.510000000000000000e+03,3.855666727758944035e-05,2.273440361022949219e-01,1.161425250813638455e+00
1.511000000000000000e+03,3.851964720524847507e-05,2.297878265380859375e-01,1.171314576676141916e+00
1.512000000000000000e+03,3.848504638881422579e-05,2.299547195434570312e-01,1.189110974474567373e+00
1.513000000000000000e+03,3.845683386316522956e-05,2.349257469177246094e-01,1.183325133677791907e+00
1.514000000000000000e+03,3.843450394924730062e-05,2.321660518646240234e-01,1.167832831771887792e+00
1.515000000000000000e+03,3.841231591650284827e-05,2.315998077392578125e-01,1.135802241570776028e+00
1.516000000000000000e+03,3.838836710201576352e-05,2.312362194061279297e-01,1.096369286153056510e+00
1.517000000000000000e+03,3.836273026536218822e-05,2.147853374481201172e-01,1.116133308697793813e+00
1.518000000000000000e+03,3.838788688881322742e-05,2.294301986694335938e-01,1.071594769365852740e+00
1.519000000000000000e+03,3.832838046946562827e-05,2.210974693298339844e-01,1.096947138773720631e+00
1.520000000000000000e+03,3.828682383755221963e-05,2.253115177154541016e-01,1.101277376133633412e+00
1.521000000000000000e+03,3.822206053882837296e-05,2.335309982299804688e-01,1.157702124434929480e+00
1.522000000000000000e+03,3.818044206127524376e-05,2.384185791015625000e-01,1.205276218672890476e+00
1.523000000000000000e+03,3.813346120296046138e-05,2.450883388519287109e-01,1.228829198907551490e+00
1.524000000000000000e+03,3.810216367128305137e-05,2.528846263885498047e-01,1.225932621214096185e+00
1.525000000000000000e+03,3.905119592673145235e-05,2.198576927185058594e-01,1.076027410987655530e+00
1.526000000000000000e+03,3.809419649769552052e-05,2.501308917999267578e-01,1.213424672083266875e+00
1.527000000000000000e+03,3.805785308941267431e-05,2.625346183776855469e-01,1.180662622868656531e+00
1.528000000000000000e+03,3.826841930276714265e-05,2.554595470428466797e-01,1.202240663766870554e+00
1.529000000000000000e+03,3.801212733378633857e-05,2.604305744171142578e-01,1.187084833007175710e+00
1.530000000000000000e+03,3.795252996496856213e-05,2.431273460388183594e-01,1.204595961790336567e+00
1.531000000000000000e+03,3.788713001995347440e-05,2.527832984924316406e-01,1.151097049543035489e+00
1.532000000000000000e+03,3.785199805861338973e-05,2.530992031097412109e-01,1.136818969599539431e+00
1.533000000000000000e+03,3.780159750021994114e-05,2.582669258117675781e-01,1.091644060925854420e+00
1.534000000000000000e+03,3.775240111281163990e-05,2.640843391418457031e-01,1.071543567234908068e+00
1.535000000000000000e+03,3.772761920117773116e-05,2.821385860443115234e-01,8.712115726178611963e-01
1.536000000000000000e+03,3.763821950997225940e-05,2.735316753387451172e-01,9.739961931947100915e-01
1.537000000000000000e+03,3.760105391847901046e-05,2.657711505889892578e-01,1.008133385354698541e+00
1.538000000000000000e+03,3.754790668608620763e-05,2.540707588195800781e-01,9.817496587377972928e-01
1.539000000000000000e+03,3.747699520317837596e-05,2.293586730957031250e-01,8.980926913639414311e-01
1.540000000000000000e+03,3.741318869288079441e-05,1.959145069122314453e-01,8.751980242414294509e-01
1.541000000000000000e+03,3.734191705007106066e-05,1.360833644866943359e-01,8.649063959215015363e-01
1.542000000000000000e+03,3.735131394932977855e-05,1.065194606781005859e-01,8.978586244796218363e-01
1.543000000000000000e+03,3.730357639142312109e-05,1.213848590850830078e-01,8.813057070041442342e-01
1.544000000000000000e+03,3.726132126757875085e-05,1.235008239746093750e-01,9.095473395153322871e-01
1.545000000000000000e+03,3.719331652973778546e-05,1.379430294036865234e-01,9.314472223794858508e-01
1.546000000000000000e+03,3.715031925821676850e-05,1.481354236602783203e-01,9.086842178794037883e-01
1.547000000000000000e+03,3.707435098476707935e-05,1.617610454559326172e-01,8.057679346801248643e-01
1.548000000000000000e+03,3.699797889566980302e-05,1.674056053161621094e-01,7.345969726666933264e-01
1.549000000000000000e+03,3.694872430060058832e-05,1.678407192230224609e-01,6.787573915761961896e-01
1.550000000000000000e+03,3.691268648253753781e-05,1.712143421173095703e-01,6.148278737964024687e-01
1.551000000000000000e+03,3.688658034661784768e-05,1.694977283477783203e-01,6.315709706153896930e-01
1.552000000000000000e+03,3.684351759147830307e-05,1.727163791656494141e-01,6.465878241625196976e-01
1.553000000000000000e+03,3.699277658597566187e-05,1.721978187561035156e-01,6.776967760066229252e-01
1.554000000000000000e+03,3.682407259475439787e-05,1.725852489471435547e-01,6.544144356069566681e-01
1.555000000000000000e+03,3.674854087876155972e-05,1.754164695739746094e-01,6.348332778155942879e-01
1.556000000000000000e+03,3.662247036118060350e-05,1.807212829589843750e-01,6.581083036251255125e-01
1.557000000000000000e+03,3.654275496955960989e-05,1.766920089721679688e-01,5.804273563915546275e-01
1.558000000000000000e+03,3.645902688731439412e-05,1.794934272766113281e-01,5.895486502898844572e-01
1.559000000000000000e+03,3.639419810497201979e-05,1.660108566284179688e-01,6.054725130137530442e-01
1.560000000000000000e+03,3.631603613030165434e-05,1.667082309722900391e-01,5.987065171388893381e-01
1.561000000000000000e+03,3.621335781645029783e-05,1.739859580993652344e-01,5.518053651933472192e-01
1.562000000000000000e+03,3.610814019339159131e-05,1.916944980621337891e-01,4.936104860793840698e-01
1.563000000000000000e+03,3.601246862672269344e-05,2.164006233215332031e-01,4.058573482299350221e-01
1.564000000000000000e+03,3.591449058149009943e-05,2.404034137725830078e-01,3.540261625334111817e-01
1.565000000000000000e+03,3.583279612939804792e-05,2.403795719146728516e-01,3.642227011815842852e-01
1.566000000000000000e+03,3.572793866624124348e-05,2.233743667602539062e-01,3.843231948725308045e-01
1.567000000000000000e+03,3.560288314474746585e-05,2.014935016632080078e-01,4.514053010005042443e-01
1.568000000000000000e+03,3.545283834682777524e-05,1.711666584014892578e-01,4.156369552404137191e-01
1.569000000000000000e+03,3.542623380781151354e-05,1.815497875213623047e-01,5.043483043975461877e-01
1.570000000000000000e+03,3.535710857249796391e-05,2.370655536651611328e-01,3.830285124186380008e-01
1.571000000000000000e+03,3.525900683598592877e-05,1.888751983642578125e-01,3.176653349723866926e-01
1.572000000000000000e+03,3.516503420541994274e-05,1.529991626739501953e-01,2.531506499817939848e-01
1.573000000000000000e+03,3.508763620629906654e-05,1.549005508422851562e-01,2.370000349637408632e-01
1.574000000000000000e+03,3.501890387269668281e-05,1.503586769104003906e-01,1.489469989187572896e-01
1.575000000000000000e+03,3.500388993415981531e-05,1.265943050384521484e-01,1.424516428788880906e-01
1.576000000000000000e+03,3.518514495226554573e-05,5.555152893066406250e-02,2.586073342224949334e-01
1.577000000000000000e+03,3.498523801681585610e-05,1.101493835449218750e-01,1.693400762151033856e-01
1.578000000000000000e+03,3.495559212751686573e-05,1.143217086791992188e-01,1.894039969553749925e-01
1.579000000000000000e+03,3.491430470603518188e-05,1.085162162780761719e-01,2.406280716706948042e-01
1.580000000000000000e+03,3.485803972580470145e-05,1.090586185455322266e-01,2.734778959669251774e-01
1.581000000000000000e+03,3.476635902188718319e-05,1.145064830780029297e-01,3.139348940035429081e-01
1.582000000000000000e+03,3.478384314803406596e-05,1.408994197845458984e-01,2.496689050775397489e-01
1.583000000000000000e+03,3.472818207228556275e-05,1.265048980712890625e-01,2.847131064142665036e-01
1.584000000000000000e+03,3.654497413663193583e-05,1.601874828338623047e-01,4.701891684671530292e-01
1.585000000000000000e+03,3.468478098511695862e-05,1.321315765380859375e-01,3.156538226852650397e-01
1.586000000000000000e+03,3.461348751443438232e-05,1.305937767028808594e-01,2.718467423668228800e-01
1.587000000000000000e+03,3.455367914284579456e-05,1.314759254455566406e-01,2.329843249796325344e-01
1.588000000000000000e+03,3.451910743024200201e-05,1.355648040771484375e-01,2.234241556732034228e-01
1.589000000000000000e+03,3.449379801168106496e-05,1.372158527374267578e-01,2.521046635924907298e-01
1.590000000000000000e+03,3.447279959800653160e-05,1.353204250335693359e-01,2.876316278781266833e-01
1.591000000000000000e+03,3.446005212026648223e-05,1.329541206359863281e-01,3.090999499243159421e-01
1.592000000000000000e+03,3.444086905801668763e-05,1.282036304473876953e-01,3.175629307104968491e-01
1.593000000000000000e+03,3.464042310952208936e-05,1.359820365905761719e-01,5.487405519267873899e-01
1.594000000000000000e+03,3.442502202233299613e-05,1.298666000366210938e-01,3.670388183835545659e-01
1.595000000000000000e+03,3.437953273532912135e-05,1.188039779663085938e-01,3.461264051876243864e-01
1.596000000000000000e+03,3.430140714044682682e-05,1.439869403839111328e-01,3.413938653702872084e-01
1.597000000000000000e+03,3.426206239964812994e-05,1.605510711669921875e-01,3.009222381533995794e-01
1.598000000000000000e+03,3.422859299462288618e-05,1.715898513793945312e-01,2.817945849504063793e-01
1.599000000000000000e+03,3.419242784730158746e-05,1.813590526580810547e-01,2.618550122424295190e-01
1.600000000000000000e+03,3.418144115130417049e-05,1.934528350830078125e-01,1.407766017379758761e-01
1.601000000000000000e+03,3.412943624425679445e-05,1.833796501159667969e-01,2.210834868300073086e-01
1.602000000000000000e+03,3.410976205486804247e-05,1.790642738342285156e-01,2.448339609983128107e-01
1.603000000000000000e+03,3.410111821722239256e-05,1.641452312469482422e-01,2.694109838518719546e-01
1.604000000000000000e+03,3.425051909289322793e-05,1.893997192382812500e-01,1.744968622602697805e-01
1.605000000000000000e+03,3.409240889595821500e-05,1.689493656158447266e-01,2.513366316283170421e-01
1.606000000000000000e+03,3.407346957828849554e-05,1.748502254486083984e-01,2.394869956096367103e-01
1.607000000000000000e+03,3.405878669582307339e-05,1.792669296264648438e-01,2.294513779444334045e-01
1.608000000000000000e+03,3.403671144042164087e-05,1.819908618927001953e-01,2.323113826872136300e-01
1.609000000000000000e+03,3.401540743652731180e-05,1.800060272216796875e-01,2.533920314562485565e-01
1.610000000000000000e+03,3.400077548576518893e-05,1.772224903106689453e-01,2.735144689176001176e-01
1.611000000000000000e+03,3.398489934625104070e-05,1.700103282928466797e-01,2.927884139232930782e-01
1.612000000000000000e+03,3.396609463379718363e-05,1.619160175323486328e-01,3.089609727117511584e-01
1.613000000000000000e+03,3.393971564946696162e-05,1.526653766632080078e-01,3.162755628467389668e-01
1.614000000000000000e+03,3.392442158656194806e-05,1.467645168304443359e-01,2.972429993155006334e-01
1.615000000000000000e+03,3.388874392840079963e-05,1.395642757415771484e-01,3.113016415549472726e-01
1.616000000000000000e+03,3.386261960258707404e-05,1.409649848937988281e-01,3.036505802737499704e-01
1.617000000000000000e+03,3.381142596481367946e-05,1.342236995697021484e-01,3.146956113775816188e-01
1.618000000000000000e+03,3.376757376827299595e-05,1.353561878204345703e-01,2.874414485346169501e-01
1.619000000000000000e+03,3.370948979863896966e-05,1.244843006134033203e-01,3.158513166189096943e-01
1.620000000000000000e+03,3.363045834703370929e-05,1.119136810302734375e-01,3.416791343855517527e-01
1.621000000000000000e+03,3.358752292115241289e-05,1.071929931640625000e-01,3.707326864017234658e-01
1.622000000000000000e+03,3.349198595969937742e-05,1.114428043365478516e-01,3.719761667246713754e-01
1.623000000000000000e+03,3.339550312375649810e-05,1.228511333465576172e-01,3.537847810589566100e-01
1.624000000000000000e+03,3.336082227178849280e-05,1.469075679779052734e-01,3.836502525801119279e-01
1.625000000000000000e+03,3.327239755890332162e-05,1.430273056030273438e-01,3.373269532552339856e-01
1.626000000000000000e+03,3.321419717394746840e-05,1.342892646789550781e-01,3.215347531537952608e-01
1.627000000000000000e+03,3.313805791549384594e-05,1.211524009704589844e-01,2.954655539126986308e-01
1.628000000000000000e+03,3.309558815089985728e-05,1.145720481872558594e-01,2.844717249398118764e-01
1.629000000000000000e+03,3.303516496089287102e-05,9.974241256713867188e-02,2.858029803443796757e-01
1.630000000000000000e+03,3.296415525255724788e-05,8.817315101623535156e-02,2.915522481904800900e-01
1.631000000000000000e+03,3.288267907919362187e-05,7.722377777099609375e-02,3.128303908931597266e-01
1.632000000000000000e+03,3.279200973338447511e-05,7.149577140808105469e-02,3.456509568288501089e-01
1.633000000000000000e+03,3.272781032137572765e-05,7.407069206237792969e-02,3.592414652996575586e-01
1.634000000000000000e+03,3.267894862801767886e-05,7.730722427368164062e-02,3.695769811603953348e-01
1.635000000000000000e+03,3.262714017182588577e-05,8.367896080017089844e-02,3.711642472196877152e-01
1.636000000000000000e+03,3.255507544963620603e-05,8.853673934936523438e-02,3.535507141746370152e-01
1.637000000000000000e+03,3.247464701416902244e-05,8.767843246459960938e-02,3.947099128642135857e-01
1.638000000000000000e+03,3.238381759729236364e-05,8.012056350708007812e-02,4.233392186525559708e-01
1.639000000000000000e+03,3.227417982998304069e-05,6.383061408996582031e-02,4.968215911486437153e-01
1.640000000000000000e+03,3.225322143407538533e-05,3.144145011901855469e-02,5.785109337761878967e-01
1.641000000000000000e+03,3.213915988453663886e-05,5.592703819274902344e-02,6.064819264523813036e-01
1.642000000000000000e+03,3.207023837603628635e-05,6.216764450073242188e-02,5.723739926529330946e-01
1.643000000000000000e+03,3.197993646608665586e-05,6.099343299865722656e-02,5.721838133094234724e-01
1.644000000000000000e+03,3.189023118466138840e-05,6.837248802185058594e-02,6.063356346496816540e-01
1.645000000000000000e+03,3.177564212819561362e-05,6.756782531738281250e-02,6.778430678093226858e-01
1.646000000000000000e+03,3.201431900379247963e-05,5.044937133789062500e-02,8.154305082484438749e-01
1.647000000000000000e+03,3.170147101627662778e-05,6.186366081237792969e-02,7.236470312346164890e-01
1.648000000000000000e+03,3.151861528749577701e-05,6.155371665954589844e-02,8.424944917478989215e-01
1.649000000000000000e+03,3.143424692098051310e-05,3.422498703002929688e-02,9.664914237162126609e-01
1.650000000000000000e+03,3.123060378129594028e-05,3.540515899658203125e-03,1.079304347368129857e+00
1.651000000000000000e+03,3.118320819339714944e-05,4.184246063232421875e-03,1.084651312756806041e+00
1.652000000000000000e+03,3.106897929683327675e-05,1.983642578125000000e-02,1.036462792947506317e+00
1.653000000000000000e+03,3.101000038441270590e-05,1.838207244873046875e-02,1.089669121589407652e+00
1.654000000000000000e+03,3.095735883107408881e-05,2.145767211914062500e-02,1.106777947915144500e+00
1.655000000000000000e+03,3.088185985689051449e-05,2.188086509704589844e-02,1.118400831639639881e+00
1.656000000000000000e+03,3.106893200310878456e-05,5.739331245422363281e-02,1.107158306602163744e+00
1.657000000000000000e+03,3.085524076595902443e-05,3.111362457275390625e-02,1.115511568536319942e+00
1.658000000000000000e+03,3.080099850194528699e-05,2.399086952209472656e-02,1.168410684392551691e+00
1.659000000000000000e+03,3.073299740208312869e-05,2.683997154235839844e-02,1.147812798572426018e+00
1.660000000000000000e+03,3.185706736985594034e-05,9.667873382568359375e-03,1.243458379177526885e+00
1.661000000000000000e+03,3.067088255193084478e-05,2.353787422180175781e-02,1.166194363581650517e+00
1.662000000000000000e+03,3.057074354728683829e-05,3.018975257873535156e-02,1.155485803624028307e+00
1.663000000000000000e+03,3.048677717742975801e-05,3.830194473266601562e-02,1.131172106015328804e+00
1.664000000000000000e+03,3.043852484552189708e-05,5.300641059875488281e-02,1.105088277593962109e+00
1.665000000000000000e+03,3.039970761165022850e-05,5.736947059631347656e-02,1.125481354890308205e+00
1.666000000000000000e+03,3.035243389604147524e-05,6.463527679443359375e-02,1.162961314741985719e+00
1.667000000000000000e+03,3.031033338629640639e-05,6.743073463439941406e-02,1.196491395920770140e+00
1.668000000000000000e+03,3.026500962732825428e-05,6.732344627380371094e-02,1.269666555631188576e+00
1.669000000000000000e+03,3.023377576027996838e-05,6.451606750488281250e-02,1.277880840352779712e+00
1.670000000000000000e+03,3.020540316356346011e-05,5.819797515869140625e-02,1.309377465474037328e+00
1.671000000000000000e+03,3.018465577042661607e-05,5.910992622375488281e-02,1.304008556314956380e+00
1.672000000000000000e+03,3.016085975104942918e-05,5.518794059753417969e-02,1.285561159994516922e+00
1.673000000000000000e+03,3.013556852238252759e-05,5.728602409362792969e-02,1.270975867265351278e+00
1.674000000000000000e+03,3.016166192537639290e-05,5.675554275512695312e-02,1.189110974474567373e+00
1.675000000000000000e+03,3.011997068824712187e-05,5.708932876586914062e-02,1.240130240666107664e+00
1.676000000000000000e+03,3.012681372638326138e-05,6.579160690307617188e-02,1.191956350037077783e+00
1.677000000000000000e+03,3.008020212291739881e-05,6.154179573059082031e-02,1.215458128140793681e+00
1.678000000000000000e+03,3.005063081218395382e-05,5.996823310852050781e-02,1.233510536593943607e+00
1.679000000000000000e+03,3.002343692060094327e-05,5.770921707153320312e-02,1.226561675965704978e+00
1.680000000000000000e+03,2.998888521688058972e-05,4.934072494506835938e-02,1.251519057506283561e+00
1.681000000000000000e+03,2.996568400703836232e-05,4.285573959350585938e-02,1.245630812447618307e+00
1.682000000000000000e+03,2.991962901432998478e-05,1.593828201293945312e-02,1.223804075484814513e+00
1.683000000000000000e+03,2.988537744386121631e-05,1.493692398071289062e-02,1.245045645236819265e+00
1.684000000000000000e+03,2.985395076393615454e-05,1.812577247619628906e-02,1.219854196811921199e+00
1.685000000000000000e+03,2.981305078719742596e-05,9.673833847045898438e-03,1.193499728555560191e+00
1.686000000000000000e+03,2.979384225909598172e-05,9.691715240478515625e-03,1.197939684767497681e+00
1.687000000000000000e+03,2.978141492349095643e-05,6.490945816040039062e-03,1.200112118037589104e+00
1.688000000000000000e+03,2.975760617118794471e-05,9.411573410034179688e-03,1.190508061190350020e+00
1.689000000000000000e+03,2.971762114611919969e-05,1.274943351745605469e-02,1.214397512571220306e+00
1.690000000000000000e+03,2.968760963995009661e-05,2.037882804870605469e-02,1.203111099992934196e+00
1.691000000000000000e+03,2.965611020044889301e-05,2.202391624450683594e-02,1.234483377081896815e+00
1.692000000000000000e+03,2.963328734040260315e-05,1.752972602844238281e-02,1.213146717658137419e+00
1.693000000000000000e+03,2.961450809380039573e-05,7.528066635131835938e-03,1.205371308344645342e+00
1.694000000000000000e+03,2.959805533464532346e-05,3.004074096679687500e-03,1.213717255688666619e+00
1.695000000000000000e+03,2.957857577712275088e-05,1.927614212036132812e-02,1.201458002622426857e+00
1.696000000000000000e+03,2.955831587314605713e-05,3.825426101684570312e-02,1.183273931546847013e+00
1.697000000000000000e+03,2.953135845018550754e-05,6.455183029174804688e-02,1.153605953959336405e+00
1.698000000000000000e+03,2.961673089885152876e-05,1.073718070983886719e-01,1.173230999291508869e+00
1.699000000000000000e+03,2.951579699583817273e-05,7.658004760742187500e-02,1.159106525740847271e+00
1.700000000000000000e+03,2.948542169178836048e-05,8.970499038696289062e-02,1.126264016034751902e+00
1.701000000000000000e+03,2.944640982605051249e-05,7.392168045043945312e-02,1.120134389501632022e+00
1.702000000000000000e+03,2.941419734270311892e-05,5.286931991577148438e-02,1.136292319109820204e+00
1.703000000000000000e+03,2.938285615528002381e-05,3.715753555297851562e-02,1.148105382177825540e+00
1.704000000000000000e+03,2.934821895905770361e-05,3.679990768432617188e-02,1.167152574889333883e+00
1.705000000000000000e+03,2.931625567725859582e-05,4.775524139404296875e-02,1.173911256174062778e+00
1.706000000000000000e+03,2.928531466750428081e-05,5.377531051635742188e-02,1.177824561896281041e+00
1.707000000000000000e+03,2.925868466263636947e-05,6.129741668701171875e-02,1.159296705084357004e+00
1.708000000000000000e+03,2.923935608123429120e-05,5.925893783569335938e-02,1.157855730827764384e+00
1.709000000000000000e+03,2.921892519225366414e-05,6.046295166015625000e-02,1.145881746776789445e+00
1.710000000000000000e+03,2.919858525274321437e-05,5.924701690673828125e-02,1.132093744372337119e+00
1.711000000000000000e+03,2.916948142228648067e-05,6.139278411865234375e-02,1.144104301373987109e+00
1.712000000000000000e+03,2.918568134191446006e-05,8.381605148315429688e-02,1.100999421708503956e+00
1.713000000000000000e+03,2.914898141170851886e-05,7.098913192749023438e-02,1.125678848823952860e+00
1.714000000000000000e+03,2.911703268182463944e-05,7.028579711914062500e-02,1.091015006174245627e+00
1.715000000000000000e+03,2.907163434429094195e-05,7.098913192749023438e-02,1.073321012637709959e+00
1.716000000000000000e+03,2.903350468841381371e-05,7.073879241943359375e-02,1.045423165862866322e+00
1.717000000000000000e+03,2.899477112805470824e-05,6.017684936523437500e-02,1.003174093243176523e+00
1.718000000000000000e+03,2.895794750656932592e-05,5.704164505004882812e-02,9.732720487713463209e-01
1.719000000000000000e+03,2.892913107643835247e-05,5.433559417724609375e-02,9.605666057068725783e-01
1.720000000000000000e+03,2.890220093831885606e-05,5.657672882080078125e-02,9.559949868725050592e-01
1.721000000000000000e+03,2.887370646931231022e-05,6.482601165771484375e-02,9.533909927844493870e-01
1.722000000000000000e+03,2.883223714889027178e-05,7.616281509399414062e-02,9.389007897270383873e-01
1.723000000000000000e+03,2.890933865273837000e-05,7.950067520141601562e-02,8.953058325225110581e-01
1.724000000000000000e+03,2.881098771467804909e-05,7.722377777099609375e-02,9.250908435521815187e-01
1.725000000000000000e+03,2.873658377211540937e-05,1.032590866088867188e-01,8.826515915889820985e-01
1.726000000000000000e+03,2.868616320483852178e-05,8.708238601684570312e-02,8.591863864359410297e-01
1.727000000000000000e+03,2.861627035599667579e-05,8.376836776733398438e-02,8.343679821079273973e-01
1.728000000000000000e+03,2.851777571777347475e-05,7.101297378540039062e-02,8.109539790858313335e-01
1.729000000000000000e+03,2.842525464075151831e-05,5.084276199340820312e-02,7.980729858581177005e-01
1.730000000000000000e+03,2.859568303392734379e-05,6.382465362548828125e-02,8.232644342830158779e-01
1.731000000000000000e+03,2.832250902429223061e-05,6.449222564697265625e-03,8.078306490981914667e-01
1.732000000000000000e+03,2.818820939864963293e-05,3.762841224670410156e-02,7.674614261431936812e-01
1.733000000000000000e+03,2.805943586281500757e-05,4.901885986328125000e-02,7.916800340801383173e-01
1.734000000000000000e+03,2.791099541354924440e-05,6.652474403381347656e-02,7.426210780447749515e-01
1.735000000000000000e+03,2.772610969259403646e-05,7.404088973999023438e-02,6.736664368422445870e-01
1.736000000000000000e+03,2.799807043629698455e-05,2.007663249969482422e-01,4.058573482299350221e-01
1.737000000000000000e+03,2.760693860182072967e-05,1.195967197418212891e-01,5.773113409940499041e-01
1.738000000000000000e+03,2.757729816948994994e-05,1.164078712463378906e-01,3.513417079538706522e-01
1.739000000000000000e+03,2.728799699980299920e-05,1.032471656799316406e-01,3.934664325412656205e-01
1.740000000000000000e+03,2.717847928579431027e-05,8.812546730041503906e-02,3.892532286235126371e-01
1.741000000000000000e+03,2.732353095780126750e-05,8.550286293029785156e-02,3.095315107422802470e-01
1.742000000000000000e+03,2.712388595682568848e-05,8.716583251953125000e-02,3.600094972638312463e-01
1.743000000000000000e+03,2.703766222111880779e-05,6.558895111083984375e-02,2.979525145585944501e-01
1.744000000000000000e+03,2.698573916859459132e-05,5.084276199340820312e-02,2.393407038069369497e-01
1.745000000000000000e+03,2.694158138183411211e-05,4.653930664062500000e-02,2.452655218162771156e-01
1.746000000000000000e+03,2.689556822588201612e-05,4.975795745849609375e-02,2.486156040981015169e-01
1.747000000000000000e+03,2.684954597498290241e-05,5.564689636230468750e-02,2.397210624939563051e-01
1.748000000000000000e+03,2.681310070329345763e-05,6.296634674072265625e-02,2.590388950404591828e-01
1.749000000000000000e+03,2.677977136045228690e-05,7.515549659729003906e-02,2.432174365784804948e-01
1.750000000000000000e+03,2.674714050954207778e-05,7.766485214233398438e-02,2.427858757605162454e-01
1.751000000000000000e+03,2.671770198503509164e-05,8.611083030700683594e-02,2.389530305297826174e-01
1.752000000000000000e+03,2.668790330062620342e-05,8.895993232727050781e-02,2.186916158558662726e-01
1.753000000000000000e+03,2.674785719136707485e-05,6.892681121826171875e-02,2.854226216573603203e-01
1.754000000000000000e+03,2.667779699550010264e-05,8.351802825927734375e-02,2.368025410300961808e-01
1.755000000000000000e+03,2.668793968041427433e-05,8.778572082519531250e-02,2.231388866579389063e-01
1.756000000000000000e+03,2.666492764547001570e-05,8.534193038940429688e-02,2.309728126925108538e-01
1.757000000000000000e+03,2.673805283848196268e-05,9.020566940307617188e-02,1.952337252929602918e-01
1.758000000000000000e+03,2.664899693627376109e-05,8.680224418640136719e-02,2.202715673250236761e-01
1.759000000000000000e+03,2.661363396327942610e-05,9.273290634155273438e-02,1.917007782577611619e-01
1.760000000000000000e+03,2.657348341017495841e-05,8.590221405029296875e-02,1.644612445950664747e-01
1.761000000000000000e+03,2.651581598911434412e-05,8.593797683715820312e-02,1.232581583646800150e-01
1.762000000000000000e+03,2.647039400471840054e-05,9.545087814331054688e-02,6.789402563295708626e-02
1.763000000000000000e+03,2.643041261762846261e-05,1.123070716857910156e-01,1.866683402448895621e-02
1.764000000000000000e+03,2.640672028064727783e-05,1.265704631805419922e-01,1.217879257475474632e-02
1.765000000000000000e+03,2.638805744936689734e-05,1.399874687194824219e-01,7.358477675797761922e-03
1.766000000000000000e+03,2.636748831719160080e-05,1.395344734191894531e-01,2.682260202500039159e-02
1.767000000000000000e+03,2.634375050547532737e-05,1.407980918884277344e-01,6.550946924895105494e-02
1.768000000000000000e+03,2.646478787937667221e-05,1.103460788726806641e-01,9.241984635557129457e-02
1.769000000000000000e+03,2.633096300996840000e-05,1.335799694061279297e-01,7.190242102693042425e-02
1.770000000000000000e+03,2.628060610732063651e-05,1.249074935913085938e-01,3.878927148584048606e-02
1.771000000000000000e+03,2.622408646857365966e-05,1.164674758911132812e-01,1.990299975730189935e-02
1.772000000000000000e+03,2.618570943013764918e-05,1.102566719055175781e-01,5.690751125020535560e-03
1.773000000000000000e+03,2.616287019918672740e-05,9.803175926208496094e-02,1.575562715076379849e-02
1.774000000000000000e+03,2.611928903206717223e-05,9.186267852783203125e-02,1.111817700518150836e-03
1.775000000000000000e+03,2.608012073324061930e-05,9.342432022094726562e-02,3.072127856694890392e-03
1.776000000000000000e+03,2.603106440801639110e-05,9.520053863525390625e-02,1.590923354359854297e-02
1.777000000000000000e+03,2.600613879621960223e-05,8.382201194763183594e-02,1.367096896229226533e-02
1.778000000000000000e+03,2.598450555524323136e-05,8.249282836914062500e-02,3.507345969726666929e-02
1.779000000000000000e+03,2.594472243799827993e-05,8.139014244079589844e-02,5.909457370056671321e-02
1.780000000000000000e+03,2.589880386949516833e-05,9.354948997497558594e-02,7.515009904686500986e-02
1.781000000000000000e+03,2.583877540018875152e-05,1.033365726470947266e-01,7.005914431291347666e-02
1.782000000000000000e+03,2.580471118562854826e-05,1.082003116607666016e-01,5.227737569475805757e-02
1.783000000000000000e+03,2.645739368745125830e-05,9.364485740661621094e-02,9.623806240603495488e-02
1.784000000000000000e+03,2.577105624368414283e-05,1.053392887115478516e-01,2.310679023642657134e-02
1.785000000000000000e+03,2.572442463133484125e-05,9.130239486694335938e-02,9.596742257104039567e-03
1.786000000000000000e+03,2.567004776210524142e-05,6.707310676574707031e-02,4.456048310234589360e-02
1.787000000000000000e+03,2.563280031608883291e-05,3.687143325805664062e-02,1.037794048352073950e-01
1.788000000000000000e+03,2.561065593909006566e-05,1.635551452636718750e-02,1.067418138398774780e-01
1.789000000000000000e+03,2.558754204073920846e-05,1.509189605712890625e-02,1.134712367640662856e-01
1.790000000000000000e+03,2.556490107963327318e-05,1.596212387084960938e-02,1.196301216577260323e-01
1.791000000000000000e+03,2.553575177444145083e-05,1.288652420043945312e-02,1.047815036837007330e-01
1.792000000000000000e+03,2.550131466705352068e-05,3.880262374877929688e-03,8.678761195163066378e-02
1.793000000000000000e+03,2.545444294810295105e-05,4.351139068603515625e-03,6.942277497116954021e-02
1.794000000000000000e+03,2.540382047300226986e-05,1.909732818603515625e-02,4.804954259673509254e-02
1.795000000000000000e+03,2.565984686953015625e-05,5.923509597778320312e-02,6.681146629297889106e-02
1.796000000000000000e+03,2.538066655688453466e-05,2.800226211547851562e-02,2.252162302562754626e-02
1.797000000000000000e+03,2.532258440623991191e-05,1.524686813354492188e-02,6.932037070927971056e-02
1.798000000000000000e+03,2.531771679059602320e-05,1.116991043090820312e-02,8.802377768444361039e-02
1.799000000000000000e+03,2.529152880015317351e-05,1.311302185058593750e-02,7.909997771975844916e-02
1.800000000000000000e+03,2.525197851355187595e-05,1.307725906372070312e-02,4.704012915810677070e-02
1.801000000000000000e+03,2.521375245123635978e-05,1.034140586853027344e-02,6.732348760242803931e-02
1.802000000000000000e+03,2.518813198548741639e-05,2.583265304565429688e-02,7.209260037044010194e-02
1.803000000000000000e+03,2.516372842364944518e-05,3.532171249389648438e-02,7.438206708269129441e-02
1.804000000000000000e+03,2.513994149921927601e-05,4.581212997436523438e-02,7.328487856244311760e-02
1.805000000000000000e+03,2.511176171537954360e-05,5.400180816650390625e-02,6.956175218373431002e-02
1.806000000000000000e+03,2.508285979274660349e-05,6.282925605773925781e-02,6.970072939629907982e-02
1.807000000000000000e+03,2.506190321582835168e-05,6.765127182006835938e-02,8.707288096689518031e-02
1.808000000000000000e+03,2.504151234461460263e-05,7.445216178894042969e-02,9.634046666792478453e-02
1.809000000000000000e+03,2.501684684830252081e-05,8.149743080139160156e-02,1.103186484158865249e-01
1.810000000000000000e+03,2.497961213521193713e-05,9.329319000244140625e-02,1.335205283240679386e-01
1.811000000000000000e+03,2.493493047950323671e-05,9.851455688476562500e-02,1.394453463334080767e-01
1.812000000000000000e+03,2.488265454303473234e-05,1.060724258422851562e-01,1.894551990863199142e-01
1.813000000000000000e+03,2.482731906638946384e-05,9.094476699829101562e-02,1.982912239693852274e-01
1.814000000000000000e+03,2.479678005329333246e-05,8.774995803833007812e-02,2.655415656704633864e-01
1.815000000000000000e+03,2.474814027664251626e-05,8.094906806945800781e-02,2.557765878402545878e-01
1.816000000000000000e+03,2.471762854838743806e-05,8.246302604675292969e-02,2.654903635395184369e-01
1.817000000000000000e+03,2.465524266881402582e-05,9.348988533020019531e-02,3.061814284604557623e-01
1.818000000000000000e+03,2.462954762449953705e-05,9.924769401550292969e-02,2.997299599613965637e-01
1.819000000000000000e+03,2.460481482557952404e-05,1.089394092559814453e-01,3.113967312267021392e-01
1.820000000000000000e+03,2.458563722029794008e-05,1.142561435699462891e-01,3.020706288045926224e-01
1.821000000000000000e+03,2.456513175275176764e-05,1.184701919555664062e-01,2.875804257471817338e-01
1.822000000000000000e+03,2.455147114233113825e-05,1.202106475830078125e-01,2.304022746619818207e-01
1.823000000000000000e+03,2.452854459988884628e-05,1.256346702575683594e-01,2.335548630101615675e-01
1.824000000000000000e+03,2.451319960528053343e-05,1.242578029632568359e-01,2.385287843019532894e-01
1.825000000000000000e+03,2.448684608680196106e-05,1.115679740905761719e-01,2.234680432140133399e-01
1.826000000000000000e+03,2.446457983751315624e-05,1.130282878875732422e-01,2.259111163190992699e-01
1.827000000000000000e+03,2.443918310746084899e-05,1.116752624511718750e-01,2.183624592997918390e-01
1.828000000000000000e+03,2.441076139803044498e-05,1.061916351318359375e-01,2.049767593527641041e-01
1.829000000000000000e+03,2.439261879771947861e-05,1.055359840393066406e-01,1.977645734796661114e-01
1.830000000000000000e+03,2.435550231894012541e-05,1.093149185180664062e-01,1.911302402272321288e-01
1.831000000000000000e+03,2.430571475997567177e-05,1.193106174468994141e-01,2.157365214413312360e-01
1.832000000000000000e+03,2.426417449896689504e-05,1.132965087890625000e-01,2.376217751252148180e-01
1.833000000000000000e+03,2.422968645987566561e-05,1.107335090637207031e-01,2.813630241324420744e-01
1.834000000000000000e+03,2.419341944914776832e-05,1.059114933013916016e-01,3.534995120436920657e-01
1.835000000000000000e+03,2.416011375316884369e-05,1.004815101623535156e-01,3.576103116995552611e-01
1.836000000000000000e+03,2.411404420854523778e-05,8.969306945800781250e-02,3.695769811603953348e-01
1.837000000000000000e+03,2.408909676887560636e-05,8.645057678222656250e-02,3.627817269249916654e-01
1.838000000000000000e+03,2.406427847745362669e-05,8.028149604797363281e-02,3.552257553155492298e-01
1.839000000000000000e+03,2.404377846687566489e-05,7.572174072265625000e-02,3.419644034008162969e-01
1.840000000000000000e+03,2.401659730821847916e-05,6.871819496154785156e-02,3.233121985565972634e-01
1.841000000000000000e+03,2.399715594947338104e-05,7.320046424865722656e-02,3.132107495801790820e-01
1.842000000000000000e+03,2.398139986325986683e-05,7.626414299011230469e-02,3.068031686219297449e-01
1.843000000000000000e+03,2.396906711510382593e-05,8.150935173034667969e-02,2.946536344077149705e-01
1.844000000000000000e+03,2.395562478341162205e-05,8.398294448852539062e-02,3.068982582936846115e-01
1.845000000000000000e+03,2.394398688920773566e-05,8.814334869384765625e-02,3.116820002419666280e-01
1.846000000000000000e+03,2.392732858425006270e-05,9.538531303405761719e-02,3.150320825237911126e-01
1.847000000000000000e+03,2.391179623373318464e-05,1.005589962005615234e-01,3.097216900857899247e-01
1.848000000000000000e+03,2.389442306593991816e-05,1.049995422363281250e-01,3.055158007581718627e-01
1.849000000000000000e+03,2.387706081208307296e-05,1.063346862792968750e-01,3.098167797575447358e-01
1.850000000000000000e+03,2.387365020695142448e-05,9.235739707946777344e-02,2.844205228088669823e-01
1.851000000000000000e+03,2.385661900916602463e-05,9.745359420776367188e-02,3.035481760118601824e-01
1.852000000000000000e+03,2.383243190706707537e-05,1.005530357360839844e-01,3.144103423623170745e-01
1.853000000000000000e+03,2.381547892582602799e-05,9.925961494445800781e-02,3.151271721955459237e-01
1.854000000000000000e+03,2.378775207034777850e-05,1.022398471832275391e-01,3.184260523464254033e-01
1.855000000000000000e+03,2.374174073338508606e-05,1.112699508666992188e-01,3.505297884488870475e-01
1.856000000000000000e+03,2.371255504840519279e-05,1.165032386779785156e-01,3.603898559508506017e-01
1.857000000000000000e+03,2.384751132922247052e-05,1.369297504425048828e-01,3.687138595244667805e-01
1.858000000000000000e+03,2.369766116316895932e-05,1.213490962982177734e-01,3.623574806971623929e-01
1.859000000000000000e+03,2.400720404693856835e-05,1.410424709320068359e-01,3.189965903769544919e-01
1.860000000000000000e+03,2.367280831094831228e-05,1.256883144378662109e-01,3.527826822104633275e-01
1.861000000000000000e+03,2.363849489483982325e-05,1.264214515686035156e-01,3.600094972638312463e-01
1.862000000000000000e+03,2.361544829909689724e-05,1.239120960235595703e-01,3.467481453490983134e-01
1.863000000000000000e+03,2.358802157687023282e-05,1.225590705871582031e-01,3.465579660055886357e-01
1.864000000000000000e+03,2.356459845032077283e-05,1.211702823638916016e-01,3.590951734969577980e-01
1.865000000000000000e+03,2.354195385123603046e-05,1.217007637023925781e-01,3.735488036036937465e-01
1.866000000000000000e+03,2.350891008973121643e-05,1.261711120605468750e-01,3.822604804544642576e-01
1.867000000000000000e+03,2.347276677028276026e-05,1.369178295135498047e-01,3.830285124186380008e-01
1.868000000000000000e+03,2.345333268749527633e-05,1.385509967803955078e-01,3.939857684408497596e-01
1.869000000000000000e+03,2.342559128010179847e-05,1.414179801940917969e-01,3.772353570317276139e-01
1.870000000000000000e+03,2.340509126952383667e-05,1.424789428710937500e-01,3.765697293294437142e-01
1.871000000000000000e+03,2.339272759854793549e-05,1.384317874908447266e-01,3.764673250675538707e-01
1.872000000000000000e+03,2.337529804208315909e-05,1.354396343231201172e-01,3.852302040492693314e-01
1.873000000000000000e+03,2.335181125090457499e-05,1.248598098754882812e-01,4.171583899884912516e-01
1.874000000000000000e+03,2.333651718799956143e-05,1.160800457000732422e-01,4.323434791087260032e-01
1.875000000000000000e+03,2.331650466658174992e-05,1.099586486816406250e-01,4.501545060874213577e-01
1.876000000000000000e+03,2.328437403775751591e-05,1.108348369598388672e-01,4.678850725746319106e-01
1.877000000000000000e+03,2.327470974705647677e-05,7.688999176025390625e-02,5.666686123476425418e-01
1.878000000000000000e+03,2.322167892998550087e-05,1.053094863891601562e-01,5.343088655904563167e-01
1.879000000000000000e+03,2.320278872502967715e-05,1.229822635650634766e-01,5.010933117874766252e-01
1.880000000000000000e+03,2.317763028258923441e-05,1.235842704772949219e-01,5.240976977620134258e-01
1.881000000000000000e+03,2.314175799256190658e-05,1.158773899078369141e-01,5.716498482295692130e-01
1.882000000000000000e+03,2.311931166332215071e-05,1.101493835449218750e-01,5.966950048517676297e-01
1.883000000000000000e+03,2.309075898665469140e-05,1.007378101348876953e-01,6.384832582929531597e-01
1.884000000000000000e+03,2.307089926034677774e-05,1.009285449981689453e-01,6.539828747889924188e-01
1.885000000000000000e+03,2.310669879079796374e-05,9.108781814575195312e-02,7.636212663223250763e-01
1.886000000000000000e+03,2.305065936525352299e-05,9.722709655761718750e-02,6.952225339700537354e-01
1.887000000000000000e+03,2.302512075402773917e-05,1.006364822387695312e-01,7.160179137238241731e-01
1.888000000000000000e+03,2.299462903465609998e-05,1.020848751068115234e-01,7.345530851258833538e-01
1.889000000000000000e+03,2.297348146385047585e-05,9.313821792602539062e-02,7.630873012424709279e-01
1.890000000000000000e+03,2.295234662597067654e-05,8.555650711059570312e-02,7.785576593779701682e-01
1.891000000000000000e+03,2.293891702720429748e-05,8.100271224975585938e-02,7.904731267078654033e-01
1.892000000000000000e+03,2.292464705533348024e-05,8.178949356079101562e-02,7.953300145574971891e-01
1.893000000000000000e+03,2.290198972332291305e-05,9.041428565979003906e-02,7.971147745504343352e-01
1.894000000000000000e+03,2.288480027345940471e-05,9.623169898986816406e-02,8.181661649589293539e-01
1.895000000000000000e+03,2.292253338964655995e-05,1.162469387054443359e-01,8.026372901023500761e-01
1.896000000000000000e+03,2.287213101226370782e-05,1.029908657073974609e-01,8.129216038321430693e-01
1.897000000000000000e+03,2.284790207340847701e-05,9.969472885131835938e-02,8.234546136265255001e-01
1.898000000000000000e+03,2.281546403537504375e-05,9.554624557495117188e-02,8.409072256886064300e-01
1.899000000000000000e+03,2.278913598274812102e-05,9.809732437133789062e-02,8.383105461906857903e-01
1.900000000000000000e+03,2.275656879646703601e-05,9.080767631530761719e-02,8.665448641117389217e-01
1.901000000000000000e+03,2.271814082632772624e-05,1.140534877777099609e-01,8.613880780665723602e-01
1.902000000000000000e+03,2.268969001306686550e-05,1.111626625061035156e-01,8.447108125588002059e-01
1.903000000000000000e+03,2.265385228383820504e-05,1.061141490936279297e-01,8.689952518069598009e-01
1.904000000000000000e+03,2.262994166812859476e-05,1.084923744201660156e-01,8.753955181750742165e-01
1.905000000000000000e+03,2.260145629406906664e-05,1.120746135711669922e-01,8.685124888580505464e-01
1.906000000000000000e+03,2.257251617265865207e-05,1.174867153167724609e-01,8.491800271312777149e-01
1.907000000000000000e+03,2.254783976241014898e-05,1.196503639221191406e-01,8.292258252430309007e-01
1.908000000000000000e+03,2.250839315820485353e-05,1.066744327545166016e-01,8.204263733106404999e-01
1.909000000000000000e+03,2.255305116705130786e-05,1.110672950744628906e-01,7.013155875524986760e-01
1.910000000000000000e+03,2.248391319881193340e-05,1.083135604858398438e-01,7.760121820109944224e-01
1.911000000000000000e+03,2.310256968485191464e-05,7.736682891845703125e-03,8.597057223355252242e-01
1.912000000000000000e+03,2.246383519377559423e-05,8.969306945800781250e-02,7.894271403185622038e-01
1.913000000000000000e+03,2.242508344352245331e-05,7.738471031188964844e-02,7.918775280137830830e-01
1.914000000000000000e+03,2.239632704004179686e-05,6.964802742004394531e-02,8.143260051380607489e-01
1.915000000000000000e+03,2.237567241536453366e-05,6.452798843383789062e-02,8.156645751327634697e-01
1.916000000000000000e+03,2.235289866803213954e-05,7.300972938537597656e-02,8.200460146236212555e-01
1.917000000000000000e+03,2.232734914286993444e-05,8.308887481689453125e-02,8.124973576043137413e-01
1.918000000000000000e+03,2.229697020084131509e-05,9.201169013977050781e-02,7.946131847242684509e-01
1.919000000000000000e+03,2.229670462838839740e-05,1.080930233001708984e-01,7.586180866699934189e-01
1.920000000000000000e+03,2.227749610028695315e-05,1.001119613647460938e-01,7.764949449599035658e-01
1.921000000000000000e+03,2.243605194962583482e-05,1.499652862548828125e-01,7.778920316756863240e-01
1.922000000000000000e+03,2.226416472694836557e-05,1.109540462493896484e-01,7.767875285653030870e-01
1.923000000000000000e+03,2.231608596048317850e-05,1.490294933319091797e-01,7.463734627840237223e-01
1.924000000000000000e+03,2.224781201221048832e-05,1.234769821166992188e-01,7.667811692606397722e-01
1.925000000000000000e+03,2.228810990345664322e-05,1.055121421813964844e-01,8.198046331491666283e-01
1.926000000000000000e+03,2.223449519078712910e-05,1.174986362457275391e-01,7.844239606662304354e-01
1.927000000000000000e+03,2.220964597654528916e-05,9.847283363342285156e-02,7.841386916509658356e-01
1.928000000000000000e+03,2.219420821347739547e-05,8.776187896728515625e-02,8.080281430318362323e-01
1.929000000000000000e+03,2.218144436483271420e-05,8.863210678100585938e-02,8.033102323947690637e-01
1.930000000000000000e+03,2.216526081610936671e-05,8.538365364074707031e-02,8.006696653560383403e-01
1.931000000000000000e+03,2.214863889093976468e-05,7.818341255187988281e-02,7.870718422950959692e-01
1.932000000000000000e+03,2.213419429608620703e-05,8.352398872375488281e-02,7.862014060690324380e-01
1.933000000000000000e+03,2.211741957580670714e-05,7.393360137939453125e-02,7.816371018248000624e-01
1.934000000000000000e+03,2.209337617387063801e-05,7.694363594055175781e-02,7.680392787638576912e-01
1.935000000000000000e+03,2.203554322477430105e-05,8.597373962402343750e-02,7.295572200636866178e-01
1.936000000000000000e+03,2.198968650191091001e-05,9.166002273559570312e-02,6.938693347950810608e-01
1.937000000000000000e+03,2.191971543652471155e-05,9.258389472961425781e-02,6.135331913425096095e-01
1.938000000000000000e+03,2.189850238210055977e-05,1.009583473205566406e-01,5.216034225259824630e-01
1.939000000000000000e+03,2.219125781266484410e-05,1.091718673706054688e-01,5.662370515296782925e-01
1.940000000000000000e+03,2.184529512305743992e-05,1.033008098602294922e-01,5.343527531312662893e-01
1.941000000000000000e+03,2.177518399548716843e-05,1.127004623413085938e-01,5.567500281245990612e-01
1.942000000000000000e+03,2.173569009755738080e-05,1.114785671234130859e-01,5.529976433853502904e-01
1.943000000000000000e+03,2.167975071643013507e-05,1.109421253204345703e-01,4.965802096741891436e-01
1.944000000000000000e+03,2.164424222428351641e-05,1.119792461395263672e-01,4.414428292366508466e-01
1.945000000000000000e+03,2.162123382731806487e-05,1.104652881622314453e-01,4.425985344779789221e-01
1.946000000000000000e+03,2.158736242563463748e-05,1.054704189300537109e-01,4.317217389472520206e-01
1.947000000000000000e+03,2.153864443243946880e-05,1.120150089263916016e-01,3.829773102876931068e-01
1.948000000000000000e+03,2.148960993508808315e-05,1.156866550445556641e-01,3.130205702366694043e-01
1.949000000000000000e+03,2.145094913430511951e-05,1.098752021789550781e-01,2.895846234441684097e-01
1.950000000000000000e+03,2.141460936400108039e-05,1.051843166351318359e-01,2.434076159219902002e-01
1.951000000000000000e+03,2.139610660378821194e-05,1.027464866638183594e-01,2.134836276797549559e-01
1.952000000000000000e+03,2.136788680218160152e-05,1.073062419891357422e-01,1.593117731400350567e-01
1.953000000000000000e+03,2.133499219780787826e-05,1.036763191223144531e-01,2.375705729942698685e-01
1.954000000000000000e+03,2.132143526978325099e-05,1.029372215270996094e-01,2.406792738016397259e-01
1.955000000000000000e+03,2.129070890077855438e-05,9.697675704956054688e-02,2.548256911227061994e-01
1.956000000000000000e+03,2.126749313902109861e-05,8.980631828308105469e-02,2.703691951595553755e-01
1.957000000000000000e+03,2.124439015460666269e-05,7.742643356323242188e-02,2.622353709294488744e-01
1.958000000000000000e+03,2.132322151737753302e-05,5.629658699035644531e-02,2.727537515435614068e-01
1.959000000000000000e+03,2.121323632309213281e-05,7.008314132690429688e-02,2.658707222265377923e-01
1.960000000000000000e+03,2.118616794177796692e-05,7.534623146057128906e-02,2.298317366314527599e-01
1.961000000000000000e+03,2.113330447173211724e-05,7.530450820922851562e-02,1.994835021613882431e-01
1.962000000000000000e+03,2.110022069246042520e-05,7.449388504028320312e-02,1.920299348138356232e-01
1.963000000000000000e+03,2.108072294504381716e-05,7.327198982238769531e-02,1.547767272563425889e-01
1.964000000000000000e+03,2.106374631694052368e-05,7.759928703308105469e-02,1.716807450582994721e-01
1.965000000000000000e+03,2.104817576764617115e-05,8.450746536254882812e-02,2.016339916610746796e-01
1.966000000000000000e+03,2.103899896610528231e-05,8.970499038696289062e-02,2.213687558452718251e-01
1.967000000000000000e+03,2.102339385601226240e-05,9.555220603942871094e-02,2.432540095291554627e-01
1.968000000000000000e+03,2.101299105561338365e-05,9.900927543640136719e-02,2.479938639366275621e-01
1.969000000000000000e+03,2.100317942677065730e-05,9.962916374206542969e-02,2.428736508421360796e-01
1.970000000000000000e+03,2.098250661219935864e-05,9.726881980895996094e-02,2.240020082938674606e-01
1.971000000000000000e+03,2.095425224979408085e-05,8.885860443115234375e-02,1.900257371168489751e-01
1.972000000000000000e+03,2.217895053036045283e-05,1.015841960906982422e-01,8.053363738621606427e-02
1.973000000000000000e+03,2.095075979013927281e-05,8.949041366577148438e-02,1.765961496290113231e-01
1.974000000000000000e+03,2.092438990075606853e-05,9.248256683349609375e-02,1.534308426715048357e-01
1.975000000000000000e+03,2.093957300530746579e-05,1.084327697753906250e-01,7.046876136047280914e-02
1.976000000000000000e+03,2.088761721097398549e-05,9.979605674743652344e-02,1.153803447892981088e-01
1.977000000000000000e+03,2.084867446683347225e-05,1.197993755340576172e-01,7.696411740034200810e-02
1.978000000000000000e+03,2.083136496366932988e-05,1.240372657775878906e-01,8.783359834093393270e-02
1.979000000000000000e+03,2.079536716337315738e-05,1.309812068939208984e-01,9.710118404196350916e-02
1.980000000000000000e+03,2.076940654660575092e-05,1.364231109619140625e-01,8.278653114779231659e-02
1.981000000000000000e+03,2.074424810416530818e-05,1.390814781188964844e-01,5.624919813805645541e-02
1.982000000000000000e+03,2.072866664093453437e-05,1.419961452484130859e-01,5.148008537004437890e-02
1.983000000000000000e+03,2.071698145300615579e-05,1.440763473510742188e-01,4.179556803132048609e-02
1.984000000000000000e+03,2.070735172310378402e-05,1.428842544555664062e-01,6.120849024957820267e-02
1.985000000000000000e+03,2.068971662083640695e-05,1.421153545379638672e-01,1.057324004012491631e-01
1.986000000000000000e+03,2.067837704089470208e-05,1.434147357940673828e-01,1.128494966025923169e-01
1.987000000000000000e+03,2.066807246592361480e-05,1.483261585235595703e-01,1.222560595161866770e-01
1.988000000000000000e+03,2.072445568046532571e-05,1.598417758941650391e-01,6.932037070927971056e-02
1.989000000000000000e+03,2.065727858280297369e-05,1.516699790954589844e-01,1.068881056425772247e-01
1.990000000000000000e+03,2.064233558485284448e-05,1.530051231384277344e-01,8.683881408257557166e-02
1.991000000000000000e+03,2.062354178633540869e-05,1.487016677856445312e-01,6.507790843098676392e-02
1.992000000000000000e+03,2.060321094177197665e-05,1.441180706024169922e-01,6.207161188550677083e-02
1.993000000000000000e+03,2.058869358734227717e-05,1.470565795898437500e-01,6.030879566297469435e-02
1.994000000000000000e+03,2.057612800854258239e-05,1.488029956817626953e-01,7.362134970865255590e-02
1.995000000000000000e+03,2.056630910374224186e-05,1.546442508697509766e-01,6.302982319319018478e-02
1.996000000000000000e+03,2.055789263977203518e-05,1.559853553771972656e-01,5.109972668302501658e-02
1.997000000000000000e+03,2.054910146398469806e-05,1.545846462249755859e-01,3.015074053641985524e-02
1.998000000000000000e+03,2.053703428828157485e-05,1.488268375396728516e-01,4.213203917752992959e-03
1.999000000000000000e+03,2.053311618510633707e-05,1.387774944305419922e-01,4.074958164201723104e-02
2.000000000000000000e+03,2.050515831797383726e-05,1.338601112365722656e-01,3.826993558625635394e-02
2.001000000000000000e+03,2.048996975645422935e-05,1.356244087219238281e-01,2.840255349415776037e-02
2.002000000000000000e+03,2.047208727162797004e-05,1.297116279602050781e-01,2.977769643953547679e-02
2.003000000000000000e+03,2.046570443781092763e-05,1.309037208557128906e-01,1.276395978555377314e-02
2.004000000000000000e+03,2.047801172011531889e-05,9.456276893615722656e-02,1.155997824933477358e-01
2.005000000000000000e+03,2.045606379397213459e-05,1.165390014648437500e-01,5.342576634595114921e-02
2.006000000000000000e+03,2.044221400865353644e-05,1.163721084594726562e-01,5.599318748333188128e-02
2.007000000000000000e+03,2.042561573034618050e-05,1.204669475555419922e-01,7.982412214312224752e-02
2.008000000000000000e+03,2.041530933638568968e-05,1.178741455078125000e-01,8.720454358932497319e-02
2.009000000000000000e+03,2.040591425611637533e-05,1.162290573120117188e-01,1.002171994394683158e-01
2.010000000000000000e+03,2.039715764112770557e-05,1.146018505096435547e-01,1.199300198532605444e-01
2.011000000000000000e+03,2.039062383119016886e-05,1.136422157287597656e-01,1.265497239254245176e-01
2.012000000000000000e+03,2.037955346168018878e-05,1.130580902099609375e-01,1.411642750151302361e-01
2.013000000000000000e+03,2.036617115663830191e-05,1.152157783508300781e-01,1.542573913567584776e-01
2.014000000000000000e+03,2.038283855654299259e-05,1.389443874359130859e-01,1.481204502335036755e-01
2.015000000000000000e+03,2.035988291027024388e-05,1.233696937561035156e-01,1.521727331682869166e-01
2.016000000000000000e+03,2.034879071288742125e-05,1.228034496307373047e-01,1.513169261224933393e-01
2.017000000000000000e+03,2.033786222455091774e-05,1.264154911041259766e-01,1.553033777460617326e-01
2.018000000000000000e+03,2.032690827036276460e-05,1.290738582611083984e-01,1.453555351624782610e-01
2.019000000000000000e+03,2.032203701674006879e-05,1.253962516784667969e-01,1.515436784166779571e-01
2.020000000000000000e+03,2.031554140558000654e-05,1.190721988677978516e-01,1.449239743445139839e-01
2.021000000000000000e+03,2.030687755905091763e-05,1.115977764129638672e-01,1.289781678502404938e-01
2.022000000000000000e+03,2.029503957601264119e-05,9.774565696716308594e-02,1.145903690547194209e-01
2.023000000000000000e+03,2.027840127993840724e-05,9.348392486572265625e-02,8.263292475495757905e-02
2.024000000000000000e+03,2.025642788794357330e-05,8.878111839294433594e-02,5.132647897720964136e-02
2.025000000000000000e+03,2.034952194662764668e-05,1.277506351470947266e-01,6.942277497116954021e-02
2.026000000000000000e+03,2.024264722422230989e-05,9.917616844177246094e-02,1.910570943258822763e-02
2.027000000000000000e+03,2.020351894316263497e-05,9.660124778747558594e-02,1.374411486364214216e-02
2.028000000000000000e+03,2.015896825469098985e-05,8.966922760009765625e-02,3.120404151585810457e-02
2.029000000000000000e+03,2.012468394241295755e-05,8.621215820312500000e-02,6.373933843628398765e-02
2.030000000000000000e+03,2.010848220379557461e-05,8.098483085632324219e-02,4.756677964782589363e-02
2.031000000000000000e+03,2.009014315262902528e-05,7.934570312500000000e-02,3.306926200028000029e-02
2.032000000000000000e+03,2.008404771913774312e-05,7.650256156921386719e-02,3.826993558625635394e-02
2.033000000000000000e+03,2.007234616030473262e-05,7.153749465942382812e-02,4.098364852633683969e-02
2.034000000000000000e+03,2.005408350669313222e-05,6.458759307861328125e-02,4.522611080462978633e-02
2.035000000000000000e+03,2.001929169637151062e-05,6.415247917175292969e-02,2.371390121763056191e-02
2.036000000000000000e+03,2.000085805775597692e-05,5.048513412475585938e-02,5.935058435529130122e-02
2.037000000000000000e+03,2.027758273470681161e-05,3.393292427062988281e-02,8.063604164810589392e-02
2.038000000000000000e+03,1.999438791244756430e-05,4.827976226806640625e-02,4.069837951107231622e-02
2.039000000000000000e+03,1.995945422095246613e-05,6.220340728759765625e-02,2.906086660630667270e-02
2.040000000000000000e+03,1.990504460991360247e-05,8.230805397033691406e-02,1.628959223061790876e-02
2.041000000000000000e+03,1.987047289730980992e-05,9.515881538391113281e-02,2.077343598336545138e-02
2.042000000000000000e+03,1.982178036996629089e-05,9.654760360717773438e-02,1.967624746311727457e-02
2.043000000000000000e+03,1.976711064344272017e-05,8.147358894348144531e-02,2.368464285709060910e-02
2.044000000000000000e+03,1.971143865375779569e-05,7.442235946655273438e-02,1.623839009967299393e-02
2.045000000000000000e+03,1.964420152944512665e-05,6.002187728881835938e-02,9.933213403313479600e-03
2.046000000000000000e+03,1.966954914678353816e-05,5.357265472412109375e-02,1.247869077028924689e-01
2.047000000000000000e+03,1.960918234544806182e-05,5.722641944885253906e-02,4.842258669361946405e-02
2.048000000000000000e+03,1.956445885298307985e-05,3.967881202697753906e-02,5.837774386733791260e-02
2.049000000000000000e+03,1.952934690052643418e-05,2.883076667785644531e-02,5.828265419558307375e-02
2.050000000000000000e+03,1.950896148628089577e-05,1.733899116516113281e-02,4.279766687981382406e-02
2.051000000000000000e+03,1.949149736901745200e-05,1.866221427917480469e-02,4.770575686039066343e-02
2.052000000000000000e+03,1.947733471752144396e-05,2.285838127136230469e-02,3.755310575302754639e-02
2.053000000000000000e+03,1.945834992511663586e-05,3.367662429809570312e-02,2.649344546892593716e-02
2.054000000000000000e+03,1.944446194102056324e-05,4.023909568786621094e-02,1.414641732106647169e-02
2.055000000000000000e+03,1.946249176398850977e-05,3.864169120788574219e-02,3.478087609186715501e-02
2.056000000000000000e+03,1.943864117492921650e-05,3.969669342041015625e-02,2.110259253943990582e-02
2.057000000000000000e+03,1.945474832609761506e-05,5.377531051635742188e-02,5.094612029019027211e-02
2.058000000000000000e+03,1.943312963703647256e-05,4.442930221557617188e-02,3.111626643423824959e-02
2.059000000000000000e+03,1.941231130331289023e-05,4.589557647705078125e-02,4.489695424855533190e-02
2.060000000000000000e+03,1.937898377946112305e-05,4.868507385253906250e-02,7.810519346140010200e-02
2.061000000000000000e+03,1.934564352268353105e-05,5.408525466918945312e-02,1.133103157810965572e-01
2.062000000000000000e+03,1.931614679051563144e-05,5.425214767456054688e-02,1.338350556998724183e-01
2.063000000000000000e+03,1.928450001287274063e-05,6.075501441955566406e-02,1.434464271372464239e-01
2.064000000000000000e+03,1.926259938045404851e-05,5.815625190734863281e-02,1.178380470746540204e-01
2.065000000000000000e+03,1.922980300150811672e-05,4.884600639343261719e-02,1.053081541734198767e-01
2.066000000000000000e+03,1.919992428156547248e-05,3.876686096191406250e-02,9.806670993978192086e-02
2.067000000000000000e+03,1.915874781843740493e-05,2.859830856323242188e-02,1.146415711856643288e-01
2.068000000000000000e+03,1.916607652674429119e-05,2.084970474243164062e-02,8.401538229047027240e-02
2.069000000000000000e+03,1.913451706059277058e-05,2.497434616088867188e-02,1.003049745210881916e-01
2.070000000000000000e+03,1.906999204948078841e-05,1.131892204284667969e-02,1.661655440965186525e-01
2.071000000000000000e+03,1.902712938317563385e-05,1.649260520935058594e-02,2.047134341079045461e-01
2.072000000000000000e+03,1.901116411318071187e-05,3.741979598999023438e-02,2.166069576673947950e-01
2.073000000000000000e+03,1.896364301501307636e-05,3.070235252380371094e-02,1.931490671044887864e-01
2.074000000000000000e+03,1.894965134852100164e-05,2.585053443908691406e-02,1.954824213575498959e-01
2.075000000000000000e+03,1.892625186883378774e-05,2.297163009643554688e-02,1.886798525320112219e-01
2.076000000000000000e+03,1.889562918222509325e-05,2.024173736572265625e-02,1.978596631514209503e-01
2.077000000000000000e+03,1.890926978376228362e-05,2.540946006774902344e-02,1.014972527130912072e-01
2.078000000000000000e+03,1.887336111394688487e-05,2.253055572509765625e-02,1.552156026644418430e-01
2.079000000000000000e+03,1.886148129415232688e-05,1.834630966186523438e-02,2.012902059247302367e-01
2.080000000000000000e+03,1.878861439763568342e-05,4.039406776428222656e-02,2.047134341079045461e-01
2.081000000000000000e+03,1.872668508440256119e-05,2.549886703491210938e-02,1.997614565865177549e-01
2.082000000000000000e+03,1.869032348622567952e-05,2.251863479614257812e-02,2.041428960773754853e-01
2.083000000000000000e+03,1.865480589913204312e-05,2.996921539306640625e-02,2.119036762105975802e-01
2.084000000000000000e+03,1.863386023615021259e-05,3.353357315063476562e-02,2.294513779444334045e-01
2.085000000000000000e+03,1.861125929281115532e-05,3.910064697265625000e-02,2.270814507406973548e-01
2.086000000000000000e+03,1.858152245404198766e-05,4.834532737731933594e-02,2.218954063349909411e-01
2.087000000000000000e+03,1.856572271208278835e-05,5.241036415100097656e-02,2.161315093086205452e-01
2.088000000000000000e+03,1.853845060395542532e-05,5.669593811035156250e-02,2.020070357579590581e-01
2.089000000000000000e+03,1.851450178946834058e-05,5.455017089843750000e-02,1.822942153441668434e-01
2.090000000000000000e+03,1.851303204603027552e-05,3.833174705505371094e-02,1.746870416037794582e-01
2.091000000000000000e+03,1.850050648499745876e-05,4.615187644958496094e-02,1.783443366712733902e-01
2.092000000000000000e+03,1.847263956733513623e-05,3.470778465270996094e-02,1.550254233209321653e-01
2.093000000000000000e+03,1.845179940573871136e-05,2.363324165344238281e-02,1.548791315182324047e-01
2.094000000000000000e+03,1.843417339841835201e-05,1.441240310668945312e-02,1.548791315182324047e-01
2.095000000000000000e+03,1.843376594479195774e-05,9.012222290039062500e-03,1.353564904479498954e-01
2.096000000000000000e+03,1.842645360738970339e-05,2.604722976684570312e-03,1.450263786064037996e-01
2.097000000000000000e+03,1.839648575696628541e-05,4.589557647705078125e-03,1.455018269651779939e-01
2.098000000000000000e+03,1.836426963564008474e-05,1.446008682250976562e-02,1.291171450628052775e-01
2.099000000000000000e+03,1.834197246353141963e-05,1.397132873535156250e-02,1.195057736254312580e-01
2.100000000000000000e+03,1.831023837439715862e-05,5.453824996948242188e-03,1.255915126177411245e-01
2.101000000000000000e+03,1.827569212764501572e-05,1.169443130493164062e-02,1.492176387537518245e-01
2.102000000000000000e+03,1.824506398406811059e-05,2.727508544921875000e-02,1.902451748208985882e-01
2.103000000000000000e+03,1.821486875996924937e-05,3.232955932617187500e-02,2.061470937743621612e-01
2.104000000000000000e+03,1.817938027670606971e-05,3.929138183593750000e-02,2.234095264929334412e-01
2.105000000000000000e+03,1.815844370867125690e-05,3.769397735595703125e-02,2.294074904036234874e-01
2.106000000000000000e+03,1.813498965930193663e-05,3.451108932495117188e-02,2.415862829783781973e-01
2.107000000000000000e+03,1.811572656151838601e-05,2.688169479370117188e-02,2.432540095291554627e-01
2.108000000000000000e+03,1.809648711059708148e-05,2.675056457519531250e-02,2.609480030656909921e-01
2.109000000000000000e+03,1.807427906896919012e-05,2.685785293579101562e-02,2.632740427286171525e-01
2.110000000000000000e+03,1.803413942980114371e-05,2.753734588623046875e-02,2.589950074996492657e-01
2.111000000000000000e+03,1.800603240553755313e-05,1.974105834960937500e-02,2.434441888726651126e-01
2.112000000000000000e+03,1.798131779651157558e-05,1.475811004638671875e-02,2.425883818268715630e-01
2.113000000000000000e+03,1.795459684217348695e-05,5.471706390380859375e-03,2.355444315268782896e-01
2.114000000000000000e+03,1.792836337699554861e-05,1.525878906250000000e-03,2.490544795062007988e-01
2.115000000000000000e+03,1.789421730791218579e-05,1.064538955688476562e-02,2.757307897285014020e-01
2.116000000000000000e+03,1.786096618161536753e-05,1.748204231262207031e-02,3.141031295766476550e-01
2.117000000000000000e+03,1.799969322746619582e-05,4.851818084716796875e-03,3.264135847738321439e-01
2.118000000000000000e+03,1.785079439287073910e-05,1.469254493713378906e-02,3.168095279265931152e-01
2.119000000000000000e+03,1.782344406819902360e-05,1.595020294189453125e-02,3.422423578259458088e-01
2.120000000000000000e+03,1.783313746273051947e-05,2.360939979553222656e-02,3.745509024521870844e-01
2.121000000000000000e+03,1.781427272362634540e-05,1.910924911499023438e-02,3.555914848222986313e-01
2.122000000000000000e+03,1.785514359653461725e-05,7.802248001098632812e-03,3.394335552141105050e-01
2.123000000000000000e+03,1.779624108166899532e-05,1.498460769653320312e-02,3.497032397636334333e-01
2.124000000000000000e+03,1.778273508534766734e-05,2.092123031616210938e-03,3.533605348311272820e-01
2.125000000000000000e+03,1.776829230948351324e-05,1.609325408935546875e-03,3.375317617790136171e-01
2.126000000000000000e+03,1.775207783794030547e-05,3.743171691894531250e-03,3.251335315002092941e-01
2.127000000000000000e+03,1.773988878994714469e-05,1.597404479980468750e-03,3.259381364150579219e-01
2.128000000000000000e+03,1.771928873495198786e-05,3.677606582641601562e-03,3.261795178895125491e-01
2.129000000000000000e+03,1.769501795934047550e-05,1.702904701232910156e-02,3.490888141922944277e-01
2.130000000000000000e+03,1.767149478837382048e-05,2.253651618957519531e-02,3.283153782089289763e-01
2.131000000000000000e+03,1.765280649124179035e-05,2.909302711486816406e-02,3.067373373107148415e-01
2.132000000000000000e+03,1.764161788742057979e-05,2.549290657043457031e-02,2.994154325855920562e-01
2.133000000000000000e+03,1.763453838066197932e-05,2.248883247375488281e-02,2.988960966860079171e-01
2.134000000000000000e+03,1.762703323038294911e-05,1.938343048095703125e-02,2.924299990066786537e-01
2.135000000000000000e+03,1.761384191922843456e-05,1.516342163085937500e-02,2.754528353033718902e-01
2.136000000000000000e+03,1.760146005835849792e-05,1.351833343505859375e-02,2.565226760340234002e-01
2.137000000000000000e+03,1.759005135681945831e-05,1.501441001892089844e-02,2.355005439860683447e-01
2.138000000000000000e+03,1.757979953254107386e-05,2.033710479736328125e-02,2.217052269914812912e-01
2.139000000000000000e+03,1.756927667884156108e-05,2.205967903137207031e-02,2.058106226281526951e-01
2.140000000000000000e+03,1.769545269780792296e-05,7.831454277038574219e-02,2.263646209074685334e-01
2.141000000000000000e+03,1.756487654347438365e-05,3.063678741455078125e-02,2.089485817960624880e-01
2.142000000000000000e+03,1.765608976711519063e-05,2.282261848449707031e-02,2.384483238104684599e-01
2.143000000000000000e+03,1.756327401380985975e-05,2.961754798889160156e-02,2.128033707972011024e-01
2.144000000000000000e+03,1.788107147149275988e-05,5.436539649963378906e-02,2.448193318180428429e-02
2.145000000000000000e+03,1.755870835040695965e-05,3.210902214050292969e-02,1.889212340064657936e-01
2.146000000000000000e+03,1.753979813656769693e-05,2.986192703247070312e-02,1.808678702678441774e-01
2.147000000000000000e+03,1.750734008965082467e-05,2.635121345520019531e-02,2.039527167338657798e-01
2.148000000000000000e+03,1.783765583240892738e-05,9.192228317260742188e-02,1.354076925788947894e-01
2.149000000000000000e+03,1.748887189023662359e-05,3.920793533325195312e-02,1.905377584262981094e-01
2.150000000000000000e+03,1.746883208397775888e-05,4.037022590637207031e-02,2.083780437655334550e-01
2.151000000000000000e+03,1.746132329571992159e-05,4.186630249023437500e-02,2.541454342401523459e-01
2.152000000000000000e+03,1.744698056427296251e-05,4.122853279113769531e-02,2.345935348093298456e-01
2.153000000000000000e+03,1.743488246574997902e-05,4.470348358154296875e-02,2.506710039260331424e-01
2.154000000000000000e+03,1.742529821058269590e-05,5.014538764953613281e-02,2.496250175367298596e-01
2.155000000000000000e+03,1.744747169141191989e-05,8.066892623901367188e-02,2.564787884932134276e-01
2.156000000000000000e+03,1.740875632094684988e-05,6.215572357177734375e-02,2.523387304768103245e-01
2.157000000000000000e+03,1.741932646837085485e-05,8.054375648498535156e-02,2.070979904919106052e-01
2.158000000000000000e+03,1.738758692226838320e-05,7.048845291137695312e-02,2.318359343284394358e-01
2.159000000000000000e+03,1.735362457111477852e-05,7.634162902832031250e-02,2.265035981200333171e-01
2.160000000000000000e+03,1.733429053274448961e-05,7.179975509643554688e-02,1.938220093969076352e-01
2.161000000000000000e+03,1.731677730276715010e-05,7.001757621765136719e-02,1.984375157720849880e-01
2.162000000000000000e+03,1.730732219584751874e-05,6.857514381408691406e-02,2.088096045834977044e-01
2.163000000000000000e+03,1.729449104459490627e-05,7.530450820922851562e-02,2.014291831372950203e-01
2.164000000000000000e+03,1.727368362480774522e-05,8.769631385803222656e-02,1.842033233693986527e-01
2.165000000000000000e+03,1.725772926874924451e-05,1.000404357910156250e-01,1.776348214281795734e-01
2.166000000000000000e+03,1.723496461636386812e-05,1.131892204284667969e-01,1.693547053953733394e-01
2.167000000000000000e+03,1.721826265566051006e-05,1.186072826385498047e-01,1.479302708899939700e-01
2.168000000000000000e+03,1.720233740343246609e-05,1.238167285919189453e-01,1.563127911846900475e-01
2.169000000000000000e+03,1.718131170491687953e-05,1.184403896331787109e-01,1.460211628647621607e-01
2.170000000000000000e+03,1.715997132123447955e-05,1.192986965179443359e-01,1.514997908758680401e-01
2.171000000000000000e+03,1.713295023364480585e-05,1.179993152618408203e-01,1.503587148148099184e-01
2.172000000000000000e+03,1.710691321932245046e-05,1.195669174194335938e-01,1.471695535159552315e-01
2.173000000000000000e+03,1.706721741356886923e-05,1.259863376617431641e-01,1.426930243533426901e-01
2.174000000000000000e+03,1.702307417872361839e-05,1.319825649261474609e-01,1.399793114132621974e-01
2.175000000000000000e+03,1.697700463410001248e-05,1.350224018096923828e-01,1.035892254916977173e-01
2.176000000000000000e+03,1.693527156021445990e-05,1.364290714263916016e-01,6.371739466587902911e-02
2.177000000000000000e+03,1.689150849415455014e-05,1.328945159912109375e-01,6.597760301759026877e-03
2.178000000000000000e+03,1.685675670159980655e-05,1.308143138885498047e-01,4.622820965312311736e-02
2.179000000000000000e+03,1.682614492892753333e-05,1.298129558563232422e-01,7.500380724416526312e-02
2.180000000000000000e+03,1.680444802332203835e-05,1.295447349548339844e-01,7.987532427406715541e-02
2.181000000000000000e+03,1.685403003648389131e-05,1.402854919433593750e-01,1.050375143384253175e-02
2.182000000000000000e+03,1.679877095739357173e-05,1.322448253631591797e-01,6.240808303171620913e-02
2.183000000000000000e+03,1.677987165749073029e-05,1.421570777893066406e-01,4.742780243526112383e-02
2.184000000000000000e+03,1.676375177339650691e-05,1.380741596221923828e-01,3.025314479830968489e-02
2.185000000000000000e+03,1.675055682426318526e-05,1.358926296234130859e-01,4.930033750981801383e-03
2.186000000000000000e+03,1.673810402280651033e-05,1.353144645690917969e-01,3.125524364680301592e-02
2.187000000000000000e+03,1.698530104476958513e-05,9.961128234863281250e-02,1.031210917230585000e-01
2.188000000000000000e+03,1.673031511018052697e-05,1.300096511840820312e-01,4.193454524388526283e-02
2.189000000000000000e+03,1.671845529926940799e-05,1.309216022491455078e-01,5.047067193141605707e-02
2.190000000000000000e+03,1.670386336627416313e-05,1.289606094360351562e-01,5.585421027076711148e-02
2.191000000000000000e+03,1.669456105446442962e-05,1.296043395996093750e-01,5.666612977575075788e-02
2.192000000000000000e+03,1.667618562350980937e-05,1.293718814849853516e-01,5.175803979517391851e-02
2.193000000000000000e+03,1.665906529524363577e-05,1.319885253906250000e-01,5.075594094668059442e-02
2.194000000000000000e+03,1.664548472035676241e-05,1.323819160461425781e-01,5.013420078520661877e-02
2.195000000000000000e+03,1.663683724473230541e-05,1.343071460723876953e-01,5.028049258790637938e-02
2.196000000000000000e+03,1.663037073740269989e-05,1.341581344604492188e-01,5.123138930545479558e-02
2.197000000000000000e+03,1.662200156715698540e-05,1.348614692687988281e-01,4.565767162259407042e-02
2.198000000000000000e+03,1.661070564296096563e-05,1.317203044891357422e-01,4.393874294087192489e-02
2.199000000000000000e+03,1.672657708695624024e-05,1.394152641296386719e-01,5.412796699890998773e-04
2.200000000000000000e+03,1.660834459471516311e-05,1.327335834503173828e-01,3.807244165261167851e-02
2.201000000000000000e+03,1.664728915784507990e-05,1.043319702148437500e-01,5.132647897720964136e-02
2.202000000000000000e+03,1.660154885030351579e-05,1.249015331268310547e-01,4.174436590037557127e-02
2.203000000000000000e+03,1.659127156017348170e-05,1.186370849609375000e-01,6.457320171167260647e-02
2.204000000000000000e+03,1.658108703850302845e-05,1.285374164581298828e-01,5.690019666007037347e-02
2.205000000000000000e+03,1.657169195823371410e-05,1.375496387481689453e-01,6.104756926660847433e-02
2.206000000000000000e+03,1.656078165979124606e-05,1.397788524627685547e-01,6.858159710564594447e-02
2.207000000000000000e+03,1.654033803788479418e-05,1.345753669738769531e-01,9.292455307488545202e-02
2.208000000000000000e+03,1.652607170399278402e-05,1.214623451232910156e-01,1.149341547910638361e-01
2.209000000000000000e+03,1.650259400776121765e-05,1.106858253479003906e-01,1.309823655472271697e-01
2.210000000000000000e+03,1.648383295105304569e-05,1.009821891784667969e-01,1.447849971319492002e-01
2.211000000000000000e+03,1.646180680836550891e-05,8.488893508911132812e-02,1.543597956186482933e-01
2.212000000000000000e+03,1.644633448449894786e-05,8.076429367065429688e-02,1.584486515041064747e-01
2.213000000000000000e+03,1.643519135541282594e-05,8.306503295898437500e-02,1.592605710090901350e-01
2.214000000000000000e+03,1.642562165216077119e-05,8.788704872131347656e-02,1.601675801858286341e-01
2.215000000000000000e+03,1.641598828427959234e-05,9.228587150573730469e-02,1.675406870418963690e-01
2.216000000000000000e+03,1.695951868896372616e-05,9.098052978515625000e-02,4.169608960548465415e-01
2.217000000000000000e+03,1.640786649659276009e-05,9.214282035827636719e-02,1.943852328373017191e-01
2.218000000000000000e+03,1.639743277337402105e-05,8.797049522399902344e-02,1.926736187457145644e-01
2.219000000000000000e+03,1.638321919017471373e-05,8.245706558227539062e-02,1.964845202060432339e-01
2.220000000000000000e+03,1.636812521610409021e-05,8.326172828674316406e-02,2.046183444361496795e-01
2.221000000000000000e+03,1.635045009606983513e-05,8.574724197387695312e-02,2.167532494700945278e-01
2.222000000000000000e+03,1.633647298149298877e-05,9.098052978515625000e-02,2.335036608792166457e-01
2.223000000000000000e+03,1.636620072531513870e-05,1.082539558410644531e-01,2.384483238104684599e-01
2.224000000000000000e+03,1.632947714824695140e-05,9.630918502807617188e-02,2.350177810371591736e-01
2.225000000000000000e+03,1.630996848689392209e-05,9.589195251464843750e-02,2.397868938051712362e-01
2.226000000000000000e+03,1.629389953450299799e-05,9.921789169311523438e-02,2.356395211986331006e-01
2.227000000000000000e+03,1.628163772693369538e-05,9.637475013732910156e-02,2.463919686970652556e-01
2.228000000000000000e+03,1.627056553843431175e-05,9.670853614807128906e-02,2.617087204397297584e-01
2.229000000000000000e+03,1.625527693249750882e-05,9.686350822448730469e-02,2.709763061407593487e-01
2.230000000000000000e+03,1.623692151042632759e-05,9.573698043823242188e-02,2.711225979434591093e-01
2.231000000000000000e+03,1.622083800612017512e-05,9.248256683349609375e-02,2.633764469905069960e-01
2.232000000000000000e+03,1.620330476725939661e-05,8.873939514160156250e-02,2.475330447581233217e-01
2.233000000000000000e+03,1.617817542864941061e-05,7.435679435729980469e-02,2.249894779620908447e-01
2.234000000000000000e+03,1.623109528736677021e-05,7.328987121582031250e-02,1.961041615190238785e-01
2.235000000000000000e+03,1.616747431398835033e-05,7.404088973999023438e-02,2.164679804548300113e-01
2.236000000000000000e+03,1.612184314581099898e-05,7.565617561340332031e-02,1.887237400728211389e-01
2.237000000000000000e+03,1.608730053703766316e-05,7.340908050537109375e-02,1.904865562953532154e-01
2.238000000000000000e+03,1.612399319128599018e-05,8.969902992248535156e-02,1.983863136411400663e-01
2.239000000000000000e+03,1.607777994649950415e-05,7.831454277038574219e-02,1.928711126793592467e-01
2.240000000000000000e+03,1.606408477528020740e-05,9.427070617675781250e-02,1.830110451773956370e-01
2.241000000000000000e+03,1.605222678335849196e-05,8.290410041809082031e-02,1.882044041732369999e-01
2.242000000000000000e+03,1.603102100489195436e-05,8.189082145690917969e-02,1.797341087969210605e-01
2.243000000000000000e+03,1.601458097866270691e-05,7.740259170532226562e-02,1.667287675369127087e-01
2.244000000000000000e+03,1.599614188307896256e-05,6.770491600036621094e-02,1.691133239209187400e-01
2.245000000000000000e+03,1.598615017428528517e-05,5.929470062255859375e-02,1.511633197296586018e-01
2.246000000000000000e+03,1.597919253981672227e-05,5.523562431335449219e-02,1.589314144530156736e-01
2.247000000000000000e+03,1.597268965269904584e-05,5.078911781311035156e-02,1.663996109808382751e-01
2.248000000000000000e+03,1.596513357071671635e-05,4.386305809020996094e-02,1.742554807858152088e-01
2.249000000000000000e+03,1.665673698880709708e-05,7.046461105346679688e-02,2.272716300842070047e-01
2.250000000000000000e+03,1.595764661033172160e-05,4.628896713256835938e-02,1.791123686354471334e-01
2.251000000000000000e+03,1.593838169355876744e-05,3.777146339416503906e-02,1.870121259812339842e-01
2.252000000000000000e+03,1.591007639945019037e-05,2.961754798889160156e-02,1.930978649735438368e-01
2.253000000000000000e+03,1.589110797795001417e-05,3.032088279724121094e-02,2.035723580468464244e-01
2.254000000000000000e+03,1.587025144544895738e-05,3.330111503601074219e-02,2.029067303445625248e-01
2.255000000000000000e+03,1.584767232998274267e-05,3.828406333923339844e-02,2.176602586468330269e-01
2.256000000000000000e+03,1.582710683578625321e-05,4.028081893920898438e-02,2.379216733207492884e-01
2.257000000000000000e+03,1.581133801664691418e-05,3.769993782043457031e-02,2.523899326077552741e-01
2.258000000000000000e+03,1.579733361722901464e-05,4.029870033264160156e-02,2.573784830798169221e-01
2.259000000000000000e+03,1.578328556206542999e-05,3.229379653930664062e-02,2.645102084614300852e-01
2.260000000000000000e+03,1.577006514708045870e-05,2.681612968444824219e-02,2.634203345313169131e-01
2.261000000000000000e+03,1.575753594806883484e-05,2.408027648925781250e-02,2.574735727515717887e-01
2.262000000000000000e+03,1.574522684677504003e-05,2.535581588745117188e-02,2.497274217986196754e-01
2.263000000000000000e+03,1.573169356561265886e-05,2.918839454650878906e-02,2.512927440875070695e-01
2.264000000000000000e+03,1.571401662658900023e-05,3.424286842346191406e-02,2.653660155072236626e-01
2.265000000000000000e+03,1.569485539221204817e-05,3.727078437805175781e-02,2.814434846239269317e-01
2.266000000000000000e+03,1.567719300510361791e-05,3.609061241149902344e-02,2.757307897285014020e-01
2.267000000000000000e+03,1.566218088555615395e-05,3.678202629089355469e-02,2.967017196455115635e-01
2.268000000000000000e+03,1.564912599860690534e-05,2.800822257995605469e-02,2.508099811385978706e-01
2.269000000000000000e+03,1.563558544148690999e-05,2.947449684143066406e-02,2.639396704309010522e-01
2.270000000000000000e+03,1.561983481224160641e-05,3.210306167602539062e-02,2.939953212955660478e-01
2.271000000000000000e+03,1.560655800858512521e-05,3.166794776916503906e-02,3.162389898960640822e-01
2.272000000000000000e+03,1.559111842652782798e-05,3.235340118408203125e-02,3.501201714013277289e-01
2.273000000000000000e+03,1.557540599605999887e-05,2.811551094055175781e-02,3.704181590259189583e-01
2.274000000000000000e+03,1.556153074488975108e-05,2.535581588745117188e-02,3.829041643863431710e-01
2.275000000000000000e+03,1.554556001792661846e-05,3.001093864440917969e-02,3.951634174525827659e-01
2.276000000000000000e+03,1.552114372316282243e-05,3.193616867065429688e-02,4.036117690584937745e-01
2.277000000000000000e+03,1.550480010337196290e-05,3.320574760437011719e-02,3.966336500697154044e-01
2.278000000000000000e+03,1.548783438920509070e-05,3.816485404968261719e-02,3.929324674614115276e-01
2.279000000000000000e+03,1.547907777421642095e-05,3.740191459655761719e-02,3.965824479387704549e-01
2.280000000000000000e+03,1.547052852401975542e-05,3.775358200073242188e-02,4.048991369222516568e-01
2.281000000000000000e+03,1.546207204228267074e-05,3.886818885803222656e-02,4.167707167113368638e-01
2.282000000000000000e+03,1.545579652884043753e-05,4.789233207702636719e-02,4.063181674084392347e-01
2.283000000000000000e+03,1.545245504530612379e-05,5.321502685546875000e-02,4.079420064184065553e-01
2.284000000000000000e+03,1.543227335787378252e-05,4.222393035888671875e-02,4.184311286719790690e-01
2.285000000000000000e+03,1.542865356896072626e-05,4.360079765319824219e-02,4.100266646068780885e-01
2.286000000000000000e+03,1.542505196994170547e-05,4.375576972961425781e-02,4.105533150965972045e-01
2.287000000000000000e+03,1.541590972919948399e-05,4.786849021911621094e-02,4.218982443959633510e-01
2.288000000000000000e+03,1.561550561746116728e-05,3.001093864440917969e-02,4.831286784159465331e-01
2.289000000000000000e+03,1.541201891086529940e-05,4.568099975585937500e-02,4.294030138744608371e-01
2.290000000000000000e+03,1.540504490549210459e-05,4.687905311584472656e-02,4.280278709290831207e-01
2.291000000000000000e+03,1.538192918815184385e-05,5.709528923034667969e-02,4.225638720982471952e-01
2.292000000000000000e+03,1.537094249215442687e-05,6.045699119567871094e-02,4.168219188422818133e-01
2.293000000000000000e+03,1.535819319542497396e-05,6.335973739624023438e-02,4.074153559286874393e-01
2.294000000000000000e+03,1.533759677840862423e-05,6.916522979736328125e-02,3.917840768102183735e-01
2.295000000000000000e+03,1.532034912088420242e-05,7.629394531250000000e-02,4.022366261131160581e-01
2.296000000000000000e+03,1.529285873402841389e-05,8.003115653991699219e-02,4.322483894369711366e-01
2.297000000000000000e+03,1.526896630821283907e-05,7.837414741516113281e-02,4.778182859779452896e-01
2.298000000000000000e+03,1.523931314295623451e-05,7.946491241455078125e-02,5.213766702317979007e-01
2.299000000000000000e+03,1.521838566986843944e-05,7.637739181518554688e-02,5.075667240569409211e-01
2.300000000000000000e+03,1.519766919955145568e-05,7.085800170898437500e-02,4.996011353999391114e-01
2.301000000000000000e+03,1.518369390396401286e-05,6.893873214721679688e-02,4.897703262585154649e-01
2.302000000000000000e+03,1.515710937383119017e-05,6.678104400634765625e-02,4.936251152596540237e-01
2.303000000000000000e+03,1.511872324044816196e-05,5.826354026794433594e-02,5.014005245731461002e-01
2.304000000000000000e+03,1.509692629042547196e-05,4.968643188476562500e-02,5.051017071814499770e-01
2.305000000000000000e+03,1.507163415226386860e-05,3.945231437683105469e-02,5.085688229054341480e-01
2.306000000000000000e+03,1.503784369560889900e-05,2.876520156860351562e-02,5.154372230421877532e-01
2.307000000000000000e+03,1.558510848553851247e-05,4.023313522338867188e-03,6.334947078208914562e-01
2.308000000000000000e+03,1.501972292317077518e-05,2.495646476745605469e-02,5.336578670684424264e-01
2.309000000000000000e+03,1.497810444561764598e-05,2.698302268981933594e-02,5.545702802643727169e-01
2.310000000000000000e+03,1.493790750828338787e-05,3.627538681030273438e-02,5.788474049223972795e-01
2.311000000000000000e+03,1.491899092798121274e-05,5.248785018920898438e-02,6.200797495133237858e-01
2.312000000000000000e+03,1.490272734372410923e-05,6.168484687805175781e-02,6.078643839878941080e-01
2.313000000000000000e+03,1.488798261561896652e-05,6.879568099975585938e-02,6.111778933190435970e-01
2.314000000000000000e+03,1.486961082264315337e-05,7.591247558593750000e-02,6.228812375350241126e-01
2.315000000000000000e+03,1.485106167820049450e-05,9.317994117736816406e-02,7.205383304272466871e-01
2.316000000000000000e+03,1.481207164033548906e-05,9.382963180541992188e-02,7.169907542117776034e-01
2.317000000000000000e+03,1.479432103224098682e-05,8.040070533752441406e-02,7.221475402569440538e-01
2.318000000000000000e+03,1.477305340813472867e-05,6.348490715026855469e-02,7.561384406142324099e-01
2.319000000000000000e+03,1.475396766181802377e-05,5.778670310974121094e-02,7.839119393567812732e-01
2.320000000000000000e+03,1.473216525482712314e-05,6.324648857116699219e-02,8.356626645618201454e-01
2.321000000000000000e+03,1.477923797210678458e-05,1.944303512573242188e-02,8.572626492304393775e-01
2.322000000000000000e+03,1.472146504966076463e-05,4.985332489013671875e-02,8.422823686339842020e-01
2.323000000000000000e+03,1.470509596401825547e-05,4.935860633850097656e-02,8.247346669001484054e-01
2.324000000000000000e+03,1.466903268010355532e-05,4.335045814514160156e-02,7.944083762004887639e-01
2.325000000000000000e+03,1.465106834075413644e-05,3.994107246398925781e-02,7.825879985423485063e-01
2.326000000000000000e+03,1.461930696677882224e-05,2.167820930480957031e-02,7.879861660619694730e-01
2.327000000000000000e+03,1.459207669540774077e-05,2.644062042236328125e-02,8.015108432215620748e-01
2.328000000000000000e+03,1.457190228393301368e-05,3.129839897155761719e-02,8.202361939671307667e-01
2.329000000000000000e+03,1.455627170798834413e-05,3.696084022521972656e-02,8.287503768842567897e-01
2.330000000000000000e+03,1.454575158277293667e-05,3.845691680908203125e-02,8.284651078689921899e-01
2.331000000000000000e+03,1.453595632483484223e-05,3.906488418579101562e-02,8.181149628279843489e-01
2.332000000000000000e+03,1.452557989978231490e-05,3.684759140014648438e-02,8.017449101058816696e-01
2.333000000000000000e+03,1.451360003557056189e-05,3.064274787902832031e-02,7.742566803785974061e-01
2.334000000000000000e+03,1.452338074159342796e-05,2.517104148864746094e-02,7.840070290285361398e-01
2.335000000000000000e+03,1.450885974918492138e-05,2.866387367248535156e-02,7.777603690532565173e-01
2.336000000000000000e+03,1.449487626814516261e-05,1.361370086669921875e-02,7.398561629737495648e-01
2.337000000000000000e+03,1.448674811399541795e-05,1.305341720581054688e-02,7.262290815522671750e-01
2.338000000000000000e+03,1.447454815206583589e-05,6.604194641113281250e-03,7.383932449467519588e-01
2.339000000000000000e+03,1.446610895072808489e-05,1.261234283447265625e-02,7.355917569250516319e-01
2.340000000000000000e+03,1.445504949515452608e-05,1.450181007385253906e-02,7.206919368200814802e-01
2.341000000000000000e+03,1.444426106900209561e-05,1.026391983032226562e-02,7.119290578383660195e-01
2.342000000000000000e+03,1.443403380108065903e-05,1.966953277587890625e-03,6.919017100487693250e-01
2.343000000000000000e+03,1.442290249542566016e-05,3.480911254882812500e-03,6.815735087781664703e-01
2.344000000000000000e+03,1.441275617253268138e-05,5.149841308593750000e-03,6.593152109973985375e-01
2.345000000000000000e+03,1.440490450477227569e-05,5.245208740234375000e-04,6.534415951190033489e-01
2.346000000000000000e+03,1.439857260265853256e-05,6.657838821411132812e-03,6.298447273435324734e-01
2.347000000000000000e+03,1.439354673493653536e-05,1.392364501953125000e-02,6.189971901733455351e-01
2.348000000000000000e+03,1.438862818758934736e-05,1.833438873291015625e-02,6.075718003824945868e-01
2.349000000000000000e+03,1.438466370018431917e-05,1.952052116394042969e-02,5.998914807407573768e-01
2.350000000000000000e+03,1.438211074855644256e-05,3.159642219543457031e-02,6.001840643461567870e-01
2.351000000000000000e+03,1.437737228116020560e-05,2.065300941467285156e-02,5.851525816187568285e-01
2.352000000000000000e+03,1.438912295270711184e-05,1.630187034606933594e-02,6.123628569209115247e-01
2.353000000000000000e+03,1.436878028471255675e-05,1.893043518066406250e-02,5.959123437073239327e-01
2.354000000000000000e+03,1.435850208508782089e-05,1.801252365112304688e-02,6.061015677653620592e-01
2.355000000000000000e+03,1.434363912267144769e-05,1.019835472106933594e-02,6.143012233066833527e-01
2.356000000000000000e+03,1.433204670320264995e-05,1.049041748046875000e-03,6.312271848790452777e-01
2.357000000000000000e+03,1.432322369510075077e-05,1.145601272583007812e-02,6.227422603224593844e-01
2.358000000000000000e+03,1.431748933100607246e-05,1.633167266845703125e-02,6.285646740699096791e-01
2.359000000000000000e+03,1.431192413292592391e-05,1.858472824096679688e-02,6.263849262096832238e-01
2.360000000000000000e+03,1.430176780559122562e-05,1.938343048095703125e-02,6.253462544105150567e-01
2.361000000000000000e+03,1.428307859896449372e-05,2.223253250122070312e-02,6.252072771979502175e-01
2.362000000000000000e+03,1.426715152774704620e-05,1.543760299682617188e-02,6.164370836260997244e-01
2.363000000000000000e+03,1.425285336154047400e-05,9.536743164062500000e-03,6.238248196624375241e-01
2.364000000000000000e+03,1.424285801476798952e-05,7.784366607666015625e-03,6.271895311245319071e-01
2.365000000000000000e+03,1.423644243914168328e-05,8.738040924072265625e-03,6.352502094532885835e-01
2.366000000000000000e+03,1.423042886017356068e-05,1.142024993896484375e-02,6.383223373099834452e-01
2.367000000000000000e+03,1.422296190867200494e-05,1.540184020996093750e-02,6.331582366746819623e-01
2.368000000000000000e+03,1.421299839421408251e-05,1.838207244873046875e-02,6.267652848967025792e-01
2.369000000000000000e+03,1.420219632564112544e-05,2.197027206420898438e-02,6.228812375350241126e-01
2.370000000000000000e+03,1.425983282388187945e-05,4.780292510986328125e-03,5.480749242245034347e-01
2.371000000000000000e+03,1.419929139956366271e-05,1.876354217529296875e-02,6.089469433278722477e-01
2.372000000000000000e+03,1.418216379533987492e-05,1.790523529052734375e-02,6.216011842614012073e-01
2.373000000000000000e+03,1.416083796357270330e-05,1.555681228637695312e-02,6.307444219301360233e-01
2.374000000000000000e+03,1.412997517036274076e-05,1.342296600341796875e-02,6.632504604900218981e-01
2.375000000000000000e+03,1.409977539879037067e-05,1.475811004638671875e-02,6.767019917482645086e-01
2.376000000000000000e+03,1.407656418450642377e-05,2.021789550781250000e-02,6.964440705225967143e-01
2.377000000000000000e+03,1.405834336765110493e-05,2.166032791137695312e-02,7.073354952335936252e-01
2.378000000000000000e+03,1.404323666065465659e-05,2.337694168090820312e-02,7.035538521338049467e-01
2.379000000000000000e+03,1.402874295308720320e-05,1.779794692993164062e-02,7.006133868995397807e-01
2.380000000000000000e+03,1.401517874910496175e-05,1.454353332519531250e-02,6.971609003558255635e-01
2.381000000000000000e+03,1.400239489157684147e-05,5.567073822021484375e-03,7.046364114737831974e-01
2.382000000000000000e+03,1.399158736603567377e-05,8.940696716308593750e-05,7.037367168871796475e-01
2.383000000000000000e+03,1.408525895385537297e-05,1.072883605957031250e-04,6.841775028662221425e-01
2.384000000000000000e+03,1.398300810251384974e-05,4.172325134277343750e-05,6.991943564133521472e-01
2.385000000000000000e+03,1.396233346895314753e-05,4.136562347412109375e-03,6.846017490940514705e-01
2.386000000000000000e+03,1.392692138324491680e-05,6.079673767089843750e-03,6.305615571767613226e-01
2.387000000000000000e+03,1.389505086990538985e-05,1.280307769775390625e-02,6.070963520237203648e-01
2.388000000000000000e+03,1.389996577927377075e-05,3.886222839355468750e-03,6.323536317598332790e-01
2.389000000000000000e+03,1.387933025398524478e-05,4.947185516357421875e-03,6.189971901733455351e-01
2.390000000000000000e+03,1.384914685331750661e-05,6.341934204101562500e-03,6.201821537752135738e-01
2.391000000000000000e+03,1.394309765601065010e-05,2.067089080810546875e-02,5.603122335203382098e-01
2.392000000000000000e+03,1.383387007081182674e-05,1.090764999389648438e-02,6.011276464735701985e-01
2.393000000000000000e+03,1.381301171932136640e-05,1.955032348632812500e-02,6.257705006383442736e-01
2.394000000000000000e+03,1.379786772304214537e-05,2.596378326416015625e-02,6.353452991250433390e-01
2.395000000000000000e+03,1.380757112201536074e-05,4.559755325317382812e-02,6.190849652549653692e-01
2.396000000000000000e+03,1.378454908262938261e-05,3.454089164733886719e-02,6.282355175138352177e-01
2.397000000000000000e+03,1.375315150653477758e-05,4.138350486755371094e-02,6.497477271008343935e-01
2.398000000000000000e+03,1.372032602375838906e-05,5.022287368774414062e-02,6.508376010309475657e-01
2.399000000000000000e+03,1.368789253319846466e-05,5.141496658325195312e-02,6.487529428424760880e-01
2.400000000000000000e+03,1.366393371426966041e-05,4.991888999938964844e-02,6.294643686565131180e-01
2.401000000000000000e+03,1.364918716717511415e-05,5.386471748352050781e-02,6.356232535501729064e-01
2.402000000000000000e+03,1.363051524094771594e-05,5.539059638977050781e-02,6.473339123562884545e-01
2.403000000000000000e+03,1.361256181553471833e-05,5.569458007812500000e-02,6.528271695476642877e-01
2.404000000000000000e+03,1.360011992801446468e-05,5.478858947753906250e-02,6.552409842922102268e-01
2.405000000000000000e+03,1.358343979518394917e-05,5.456209182739257812e-02,6.473339123562884545e-01
2.406000000000000000e+03,1.356530174234649166e-05,4.558563232421875000e-02,6.335385953617013177e-01
2.407000000000000000e+03,1.354941377940122038e-05,4.839301109313964844e-02,6.369545089547407057e-01
2.408000000000000000e+03,1.351272294414229691e-05,5.049109458923339844e-02,6.401729286141353281e-01
2.409000000000000000e+03,1.431198779755504802e-05,1.554489135742187500e-02,4.978895213083519011e-01
2.410000000000000000e+03,1.350451020698528737e-05,4.438161849975585938e-02,6.269993517810222849e-01
2.411000000000000000e+03,1.347987745248246938e-05,4.262328147888183594e-02,6.074767107107397202e-01
2.412000000000000000e+03,1.361305567115778103e-05,2.534389495849609375e-02,5.240318664507984669e-01
2.413000000000000000e+03,1.347396664641564712e-05,3.089308738708496094e-02,5.930669681448137442e-01
2.414000000000000000e+03,1.344150769000407308e-05,2.872347831726074219e-02,6.062405449779267874e-01
2.415000000000000000e+03,1.341467668680706993e-05,2.745389938354492188e-02,5.938715730596623166e-01
2.416000000000000000e+03,1.337560479441890493e-05,2.757906913757324219e-02,5.598367851615638768e-01
2.417000000000000000e+03,1.339804748567985371e-05,2.962946891784667969e-02,5.122700055137380248e-01
2.418000000000000000e+03,1.335764500254299492e-05,2.840161323547363281e-02,5.408188508105955528e-01
2.419000000000000000e+03,1.332760894001694396e-05,2.384781837463378906e-02,5.279671159434219385e-01
2.420000000000000000e+03,1.329685892415000126e-05,2.239942550659179688e-02,5.047213484944306217e-01
2.421000000000000000e+03,1.327906102233100682e-05,2.808570861816406250e-02,4.959877278732551242e-01
2.422000000000000000e+03,1.326285564573481679e-05,2.949833869934082031e-02,4.847890903765887383e-01
2.423000000000000000e+03,1.325000721408287063e-05,3.530979156494140625e-02,4.537093968930254739e-01
2.424000000000000000e+03,1.323857031820807606e-05,3.861188888549804688e-02,4.614921207966525274e-01
2.425000000000000000e+03,1.322704156336840242e-05,4.079341888427734375e-02,4.128281526285784153e-01
2.426000000000000000e+03,1.322085063293343410e-05,4.059672355651855469e-02,4.046577554477970295e-01
2.427000000000000000e+03,1.321533000009367242e-05,3.656148910522460938e-02,3.995302277631704868e-01
2.428000000000000000e+03,1.320727733400417492e-05,3.216266632080078125e-02,3.732635345884292577e-01
2.429000000000000000e+03,1.320048977504484355e-05,2.860426902770996094e-02,3.445245099480620521e-01
2.430000000000000000e+03,1.319402599619934335e-05,2.415776252746582031e-02,3.314533373768387414e-01
2.431000000000000000e+03,1.318620070378528908e-05,2.557039260864257812e-02,3.350155427725778345e-01
2.432000000000000000e+03,1.316702037001959980e-05,2.481341361999511719e-02,3.476112669850268677e-01
2.433000000000000000e+03,1.315300778514938429e-05,3.032684326171875000e-02,3.501201714013277289e-01
2.434000000000000000e+03,1.313862503593554720e-05,3.314614295959472656e-02,3.493155664864790455e-01
2.435000000000000000e+03,1.312376298301387578e-05,3.486275672912597656e-02,3.277009526375899706e-01
2.436000000000000000e+03,1.310876905336044729e-05,3.968477249145507812e-02,2.972722576760405966e-01
2.437000000000000000e+03,1.309889648837270215e-05,4.003047943115234375e-02,2.846765334635915634e-01
2.438000000000000000e+03,1.308792980125872418e-05,4.512667655944824219e-02,2.742166695705589574e-01
2.439000000000000000e+03,1.307766433455981314e-05,4.897117614746093750e-02,2.692208045083622769e-01
2.440000000000000000e+03,1.306886770180426538e-05,4.676580429077148438e-02,2.796294662704499334e-01
2.441000000000000000e+03,1.305033765675034374e-05,5.455613136291503906e-02,2.600921960198974703e-01
2.442000000000000000e+03,1.303367935179267079e-05,5.386471748352050781e-02,2.574223706206268947e-01
2.443000000000000000e+03,1.301995507674291730e-05,3.365874290466308594e-02,2.544307032554168346e-01
2.444000000000000000e+03,1.300606163567863405e-05,3.879666328430175781e-02,2.535748962096233128e-01
2.445000000000000000e+03,1.299811901844805107e-05,4.162192344665527344e-02,2.492958609806553705e-01
2.446000000000000000e+03,1.298626375501044095e-05,4.603862762451171875e-02,2.434953910036100344e-01
2.447000000000000000e+03,1.297400376643054187e-05,5.353093147277832031e-02,2.228901905933493299e-01
2.448000000000000000e+03,1.296597838518209755e-05,6.035566329956054688e-02,2.043330754208851907e-01
2.449000000000000000e+03,1.295504625886678696e-05,6.241798400878906250e-02,2.100969724472556144e-01
2.450000000000000000e+03,1.294811227126047015e-05,6.275773048400878906e-02,2.122328327666720416e-01
2.451000000000000000e+03,1.294128196605015546e-05,6.168484687805175781e-02,2.142370304636586897e-01
2.452000000000000000e+03,1.293316654482623562e-05,6.582140922546386719e-02,2.097092991701012266e-01
2.453000000000000000e+03,1.292545584874460474e-05,6.938576698303222656e-02,2.049987031231690349e-01
2.454000000000000000e+03,1.291749231313588098e-05,6.993412971496582031e-02,2.044793672235849513e-01
2.455000000000000000e+03,1.292606339120538905e-05,7.498860359191894531e-02,1.790172789636922668e-01
2.456000000000000000e+03,1.291424086957704276e-05,7.166862487792968750e-02,1.957238028320045231e-01
2.457000000000000000e+03,1.290728414460318163e-05,6.855726242065429688e-02,2.010488244502756650e-01
2.458000000000000000e+03,1.290230920858448371e-05,6.294250488281250000e-02,2.063738460685468068e-01
2.459000000000000000e+03,1.289706415263935924e-05,5.502700805664062500e-02,2.107113980185945645e-01
2.460000000000000000e+03,1.289188094233395532e-05,5.043148994445800781e-02,2.090875590086272717e-01
2.461000000000000000e+03,1.288670500798616558e-05,4.788637161254882812e-02,2.074710345887949281e-01
2.462000000000000000e+03,1.288284875045064837e-05,5.052089691162109375e-02,1.994835021613882431e-01
2.463000000000000000e+03,1.287629675061907619e-05,4.768371582031250000e-02,1.947655915243210745e-01
2.464000000000000000e+03,1.288225212192628533e-05,5.949139595031738281e-02,2.147563663632428566e-01
2.465000000000000000e+03,1.287133181904209778e-05,5.248188972473144531e-02,2.028555282136176308e-01
2.466000000000000000e+03,1.286433143832255155e-05,5.518198013305664062e-02,2.042453003392653288e-01
2.467000000000000000e+03,1.284889094677055255e-05,5.509257316589355469e-02,2.242214459979170738e-01
2.468000000000000000e+03,1.284183326788479462e-05,5.730986595153808594e-02,2.283688186044552093e-01
2.469000000000000000e+03,1.283158326259581372e-05,5.690455436706542969e-02,2.439635247722492517e-01
2.470000000000000000e+03,1.282059383811429143e-05,5.022883415222167969e-02,2.420178437963425022e-01
2.471000000000000000e+03,1.281207914871629328e-05,4.779696464538574219e-02,2.539991424374525852e-01
2.472000000000000000e+03,1.279252592212287709e-05,4.175305366516113281e-02,2.524777076893751082e-01
2.473000000000000000e+03,1.278215677302796394e-05,3.429055213928222656e-02,2.495738154057849378e-01
2.474000000000000000e+03,1.277129285881528631e-05,2.322196960449218750e-02,2.495738154057849378e-01
2.475000000000000000e+03,1.276194052479695529e-05,1.527070999145507812e-02,2.433052116601003290e-01
2.476000000000000000e+03,1.275417707802262157e-05,1.172423362731933594e-02,2.308777230207560149e-01
2.477000000000000000e+03,1.274485475732944906e-05,1.338124275207519531e-02,2.088973796651175663e-01
2.478000000000000000e+03,1.273731504625175148e-05,1.615285873413085938e-02,1.872973949964985008e-01
2.479000000000000000e+03,1.273272573598660529e-05,2.185702323913574219e-02,1.625887095205095778e-01
2.480000000000000000e+03,1.273010821023490280e-05,2.018809318542480469e-02,1.525018897243613780e-01
2.481000000000000000e+03,1.272691588383167982e-05,1.687407493591308594e-02,1.489762572792972251e-01
2.482000000000000000e+03,1.272136159968795255e-05,1.379251480102539062e-02,1.430733830403620732e-01
2.483000000000000000e+03,1.271677501790691167e-05,1.436471939086914062e-03,1.465551279446162536e-01
2.484000000000000000e+03,1.271113160328241065e-05,2.551078796386718750e-03,1.200251095250153971e-01
2.485000000000000000e+03,1.269152744498569518e-05,8.583068847656250000e-04,1.229290018086055536e-01
2.486000000000000000e+03,1.267437346541555598e-05,1.215934753417968750e-03,1.186426519895026899e-01
2.487000000000000000e+03,1.264651200472144410e-05,2.825260162353515625e-03,1.090239659619936796e-01
2.488000000000000000e+03,1.266132403543451801e-05,4.556179046630859375e-02,7.534027839037470142e-02
2.489000000000000000e+03,1.263178091903682798e-05,2.053976058959960938e-02,9.506772798443689776e-02
2.490000000000000000e+03,1.260444423678563908e-05,2.754926681518554688e-02,6.219595991780156596e-02
2.491000000000000000e+03,1.258816701010800898e-05,3.695487976074218750e-02,1.795731878139513599e-02
2.492000000000000000e+03,1.256473751709563658e-05,3.679990768432617188e-02,2.396259728222014523e-02
2.493000000000000000e+03,1.255454299098346382e-05,3.681182861328125000e-02,2.454044990288418646e-02
2.494000000000000000e+03,1.253714890481205657e-05,3.659725189208984375e-02,4.231490393090462515e-02
2.495000000000000000e+03,1.252267247764393687e-05,3.610849380493164062e-02,5.580300813982219665e-02
2.496000000000000000e+03,1.256850737263448536e-05,3.489255905151367188e-02,9.839586649585635447e-02
2.497000000000000000e+03,1.251449157280148938e-05,3.576278686523437500e-02,6.781356514147221515e-02
2.498000000000000000e+03,1.249668093805667013e-05,3.598928451538085938e-02,6.981776283845889108e-02
2.499000000000000000e+03,1.248089938599150628e-05,3.834962844848632812e-02,6.347601319142442966e-02
2.500000000000000000e+03,1.247515774593921378e-05,3.845691680908203125e-02,6.914482054604001449e-02
2.501000000000000000e+03,1.247160162165528163e-05,3.886222839355468750e-02,6.343212565061451258e-02
2.502000000000000000e+03,1.246872488991357386e-05,3.970861434936523438e-02,6.804763202579183767e-02
2.503000000000000000e+03,1.246187275683041662e-05,3.920793533325195312e-02,6.862548464645586155e-02
2.504000000000000000e+03,1.245459861820563674e-05,3.753900527954101562e-02,6.676026416203396929e-02
2.505000000000000000e+03,1.244587019755272195e-05,3.385543823242187500e-02,6.009667254906005118e-02
2.506000000000000000e+03,1.243942278961185366e-05,3.255605697631835938e-02,4.927839373941304141e-02
2.507000000000000000e+03,1.243976748810382560e-05,2.501010894775390625e-02,5.785109337761878273e-02
2.508000000000000000e+03,1.243678889295551926e-05,2.890825271606445312e-02,5.342576634595114921e-02
2.509000000000000000e+03,1.243626411451259628e-05,3.304481506347656250e-02,5.985529107460545173e-02
2.510000000000000000e+03,1.246536794496932998e-05,3.551244735717773438e-02,3.974016820338890921e-02
2.511000000000000000e+03,1.243440601683687419e-05,3.352165222167968750e-02,5.594929994252195032e-02
2.512000000000000000e+03,1.246588271897053346e-05,2.497434616088867188e-02,1.261766798285401427e-02
2.513000000000000000e+03,1.242848156834952533e-05,3.106594085693359375e-02,4.350718212290764081e-02
2.514000000000000000e+03,1.242118014488369226e-05,3.315210342407226562e-02,3.878927148584048606e-02
2.515000000000000000e+03,1.241404606844298542e-05,3.238916397094726562e-02,3.592926674306024665e-02
2.516000000000000000e+03,1.240244182554306462e-05,2.976655960083007812e-02,1.991762893757187403e-02
2.517000000000000000e+03,1.239305311173666269e-05,2.390146255493164062e-02,5.997963910690024512e-03
2.518000000000000000e+03,1.237536616827128455e-05,2.057552337646484375e-02,3.354471035905421533e-02
2.519000000000000000e+03,1.235794661624822766e-05,2.920627593994140625e-03,3.745070149113771674e-02
2.520000000000000000e+03,1.233493458130396903e-05,2.592802047729492188e-03,5.333799126433129423e-02
2.521000000000000000e+03,1.230480665981303900e-05,5.543231964111328125e-03,6.365156335466413962e-02
2.522000000000000000e+03,1.227757820743136108e-05,1.357197761535644531e-02,7.056385103222764799e-02
2.523000000000000000e+03,1.224115749209886417e-05,2.685189247131347656e-02,7.953153853772272630e-02
2.524000000000000000e+03,1.222011178469983861e-05,3.936290740966796875e-02,8.249394754239279537e-02
2.525000000000000000e+03,1.220261310663772747e-05,4.853606224060058594e-02,6.517299810274160277e-02
2.526000000000000000e+03,1.218709803652018309e-05,5.238056182861328125e-02,5.867764206287241074e-02
2.527000000000000000e+03,1.216625241795554757e-05,4.932880401611328125e-02,4.246119573360437882e-02
2.528000000000000000e+03,1.213182804349344224e-05,3.782510757446289062e-02,2.023215631337635032e-02
2.529000000000000000e+03,1.210442860610783100e-05,3.031492233276367188e-02,1.708688255533158395e-02
2.530000000000000000e+03,1.278778199775842950e-05,4.800558090209960938e-02,6.521688564355153372e-02
2.531000000000000000e+03,1.209837500937283039e-05,3.187060356140136719e-02,2.132934483362452713e-02
2.532000000000000000e+03,1.206703382194973528e-05,1.505017280578613281e-02,2.414546203559484253e-02
2.533000000000000000e+03,1.259957298316294327e-05,2.487897872924804688e-02,1.532406633279951580e-01
2.534000000000000000e+03,1.205327316711191088e-05,9.655952453613281250e-03,4.156150114700087744e-02
2.535000000000000000e+03,1.203611009259475395e-05,1.513361930847167969e-02,5.611022092549168561e-02
2.536000000000000000e+03,1.200974293169565499e-05,1.203417778015136719e-02,1.357149053645642922e-01
2.537000000000000000e+03,1.198505560751073062e-05,1.121759414672851562e-02,1.506659276004794490e-01
2.538000000000000000e+03,1.196852917928481475e-05,6.878376007080078125e-03,1.541988746356785511e-01
2.539000000000000000e+03,1.194802007375983521e-05,3.051757812500000000e-03,1.923664059600450615e-01
2.540000000000000000e+03,1.192607487610075623e-05,1.481771469116210938e-02,2.351274998891839385e-01
2.541000000000000000e+03,1.190861257782671601e-05,1.767873764038085938e-02,2.630546050245675116e-01
2.542000000000000000e+03,1.187784619105514139e-05,1.598596572875976562e-02,2.671654046804307070e-01
2.543000000000000000e+03,1.185549899673787877e-05,1.330375671386718750e-02,2.914059563877803294e-01
2.544000000000000000e+03,1.184893335448578000e-05,1.155138015747070312e-02,2.728049536745063008e-01
2.545000000000000000e+03,1.183933818538207561e-05,7.379055023193359375e-03,2.325015620307233355e-01
2.546000000000000000e+03,1.183135736937401816e-05,1.116991043090820312e-02,2.573126517686020742e-01
2.547000000000000000e+03,1.182318101200507954e-05,1.449584960937500000e-02,2.791174449610008268e-01
2.548000000000000000e+03,1.181102834379998967e-05,2.133846282958984375e-02,3.091511520552608361e-01
2.549000000000000000e+03,1.180203435069415718e-05,2.230405807495117188e-02,3.273717960815155648e-01
2.550000000000000000e+03,1.178951060865074396e-05,2.511739730834960938e-02,3.459874279750596027e-01
2.551000000000000000e+03,1.177138619823381305e-05,2.812147140502929688e-02,3.664682803530255328e-01
2.552000000000000000e+03,1.174721182906068861e-05,3.484487533569335938e-02,3.691966224733759794e-01
2.553000000000000000e+03,1.172322845377493650e-05,3.334283828735351562e-02,3.754652262190605883e-01
2.554000000000000000e+03,1.169247843790799379e-05,3.263950347900390625e-02,3.674191770705739768e-01
2.555000000000000000e+03,1.166183483292115852e-05,2.762079238891601562e-02,3.211031923358309559e-01
2.556000000000000000e+03,1.163697015726938844e-05,2.841949462890625000e-02,3.026923689660665495e-01
2.557000000000000000e+03,1.161098589363973588e-05,3.099441528320312500e-02,2.760526316944408864e-01
2.558000000000000000e+03,1.158719715022016317e-05,3.187656402587890625e-02,2.776764707044082070e-01
2.559000000000000000e+03,1.156364942289656028e-05,3.085136413574218750e-02,2.762940131688955137e-01
2.560000000000000000e+03,1.156185135187115520e-05,4.169940948486328125e-02,3.031678173248408270e-01
2.561000000000000000e+03,1.154127130575943738e-05,3.639459609985351562e-02,2.900161842621327146e-01
2.562000000000000000e+03,1.151404831034597009e-05,4.612207412719726562e-02,3.425861435622902240e-01
2.563000000000000000e+03,1.148139926954172552e-05,4.140138626098632812e-02,3.324481216351971025e-01
2.564000000000000000e+03,1.145240639743860811e-05,3.309249877929687500e-02,3.319653586862879036e-01
2.565000000000000000e+03,1.143151166616007686e-05,3.236532211303710938e-02,3.239339387180713015e-01
2.566000000000000000e+03,1.140873155236477032e-05,3.484487533569335938e-02,3.378536037449531015e-01
2.567000000000000000e+03,1.138845891546225175e-05,2.994537353515625000e-02,2.999713414358511354e-01
2.568000000000000000e+03,1.137451727117877454e-05,3.566741943359375000e-02,3.057059801016815959e-01
2.569000000000000000e+03,1.136393984779715538e-05,3.800392150878906250e-02,3.052232171527723414e-01
2.570000000000000000e+03,1.135836828325409442e-05,3.882646560668945312e-02,3.039797368298244873e-01
2.571000000000000000e+03,1.148968931374838576e-05,4.851818084716796875e-03,4.405797076007222368e-01
2.572000000000000000e+03,1.135346610681153834e-05,3.330707550048828125e-02,3.261795178895125491e-01
2.573000000000000000e+03,1.134154535975540057e-05,3.583431243896484375e-02,3.218273367591947820e-01
2.574000000000000000e+03,1.134144258685410023e-05,2.363920211791992188e-02,3.516342915592701734e-01
2.575000000000000000e+03,1.133500427386024967e-05,2.971887588500976562e-02,3.368003027655148696e-01
2.576000000000000000e+03,1.132514535129303113e-05,3.108978271484375000e-02,3.297709816457915499e-01
2.577000000000000000e+03,1.131111639551818371e-05,3.567934036254882812e-02,3.318263814737231199e-01
2.578000000000000000e+03,1.130154123529791832e-05,3.180503845214843750e-02,3.297709816457915499e-01
2.579000000000000000e+03,1.129103111452423036e-05,3.273487091064453125e-02,3.231220192130876412e-01
2.580000000000000000e+03,1.127988798543810844e-05,3.347396850585937500e-02,3.213957759412304771e-01
2.581000000000000000e+03,1.126540155382826924e-05,3.446340560913085938e-02,3.173727513669871714e-01
2.582000000000000000e+03,1.125546896219020709e-05,3.576278686523437500e-02,3.081417386166325212e-01
2.583000000000000000e+03,1.124388199968961999e-05,3.552436828613281250e-02,2.923129655645188563e-01
2.584000000000000000e+03,1.122900266636861488e-05,3.185272216796875000e-02,2.692646920491721940e-01
2.585000000000000000e+03,1.120953766076127067e-05,2.307891845703125000e-02,2.285370541775599285e-01
2.586000000000000000e+03,1.119577245844993740e-05,1.643896102905273438e-02,2.003905113381267422e-01
2.587000000000000000e+03,1.118285035772714764e-05,1.059770584106445312e-02,1.668531155692075107e-01
2.588000000000000000e+03,1.131333010562229902e-05,3.612041473388671875e-03,1.407327141971659590e-01
2.589000000000000000e+03,1.117759347835090011e-05,8.285045623779296875e-03,1.626033387007795594e-01
2.590000000000000000e+03,1.116900875786086544e-05,1.068115234375000000e-02,1.508122194031791818e-01
2.591000000000000000e+03,1.117049214371945709e-05,3.538131713867187500e-02,1.297974019453591310e-01
2.592000000000000000e+03,1.116571911552455276e-05,2.206563949584960938e-02,1.411203874743202913e-01
2.593000000000000000e+03,1.116031489800661802e-05,2.260208129882812500e-02,1.382091806005951440e-01
2.594000000000000000e+03,1.117779356718529016e-05,1.134872436523437500e-02,1.823819904257866775e-01
2.595000000000000000e+03,1.115770828619133681e-05,1.953840255737304688e-02,1.502343667825151441e-01
2.596000000000000000e+03,1.114889983000466600e-05,2.129077911376953125e-02,1.419688799299788917e-01
2.597000000000000000e+03,1.114114274969324470e-05,2.430677413940429688e-02,1.317138245607259450e-01
2.598000000000000000e+03,1.113557300413958728e-05,2.557039260864257812e-02,1.222560595161866770e-01
2.599000000000000000e+03,1.113136204367037863e-05,2.588033676147460938e-02,1.213417357493132009e-01
2.600000000000000000e+03,1.112599238695111126e-05,2.757310867309570312e-02,1.203030639501449367e-01
2.601000000000000000e+03,1.112347854359541088e-05,2.872943878173828125e-02,1.208736019806739836e-01
2.602000000000000000e+03,1.111552955990191549e-05,3.193616867065429688e-02,1.247869077028924689e-01
2.603000000000000000e+03,1.110528228309703991e-05,3.131628036499023438e-02,1.305581193193978695e-01
2.604000000000000000e+03,1.109308323066215962e-05,2.908706665039062500e-02,1.377776197826308668e-01
2.605000000000000000e+03,1.108266405935864896e-05,1.797676086425781250e-02,1.370534753592670685e-01
2.606000000000000000e+03,1.106943454942665994e-05,1.635551452636718750e-02,1.452750746709934038e-01
2.607000000000000000e+03,1.105602586903842166e-05,3.886222839355468750e-03,1.364390497879280906e-01
2.608000000000000000e+03,1.104421880882000551e-05,9.894371032714843750e-04,1.328036984908391172e-01
2.609000000000000000e+03,1.103320755646564066e-05,4.696846008300781250e-03,1.307117257122326071e-01
2.610000000000000000e+03,1.102250098483636975e-05,9.012222290039062500e-03,1.306605235812877130e-01
2.611000000000000000e+03,1.101286488847108558e-05,1.412630081176757812e-02,1.230679790211703234e-01
2.612000000000000000e+03,1.100589997804490849e-05,2.074837684631347656e-02,1.235434273799445454e-01
2.613000000000000000e+03,1.099884048016974702e-05,2.883672714233398438e-02,1.098432000571123168e-01
2.614000000000000000e+03,1.099169185181381181e-05,3.803372383117675781e-02,9.857873124923105523e-02
2.615000000000000000e+03,1.102574333344819024e-05,6.409287452697753906e-02,8.516377294166337097e-02
2.616000000000000000e+03,1.098970733437454328e-05,4.293322563171386719e-02,9.604788306252526331e-02
2.617000000000000000e+03,1.104517104977276176e-05,1.070916652679443359e-01,1.198861323124506169e-02
2.618000000000000000e+03,1.097963013307889923e-05,6.169676780700683594e-02,7.147086020896613323e-02
2.619000000000000000e+03,1.097049607778899372e-05,6.147623062133789062e-02,7.619608543616827878e-02
2.620000000000000000e+03,1.095848165277857333e-05,5.889534950256347656e-02,9.074480521465908001e-02
2.621000000000000000e+03,1.094528033718233928e-05,5.604624748229980469e-02,1.143782459408047708e-01
2.622000000000000000e+03,1.092665934265824035e-05,6.296038627624511719e-02,1.287002134251109542e-01
2.623000000000000000e+03,1.091364447347586975e-05,6.350278854370117188e-02,1.425028450098329846e-01
2.624000000000000000e+03,1.090264231606852263e-05,7.016062736511230469e-02,1.590265041247705402e-01
2.625000000000000000e+03,1.089748548110947013e-05,7.246732711791992188e-02,1.525311480849013412e-01
2.626000000000000000e+03,1.089236684492789209e-05,7.564425468444824219e-02,1.564444538071198265e-01
2.627000000000000000e+03,1.088527278625406325e-05,8.027553558349609375e-02,1.665678465539429665e-01
2.628000000000000000e+03,1.088353928935248405e-05,7.909536361694335938e-02,2.041136377168355498e-01
2.629000000000000000e+03,1.087100281438324600e-05,8.568167686462402344e-02,1.966161828284729851e-01
2.630000000000000000e+03,1.086697739083319902e-05,8.532404899597167969e-02,1.967185870903628564e-01
2.631000000000000000e+03,1.086363226932007819e-05,8.174180984497070312e-02,1.938000656265027044e-01
2.632000000000000000e+03,1.086134489014511928e-05,8.336901664733886719e-02,1.938000656265027044e-01
2.633000000000000000e+03,1.085937219613697380e-05,8.376240730285644531e-02,1.914081946523616684e-01
2.634000000000000000e+03,1.085653730115154758e-05,8.481740951538085938e-02,1.866829694251595229e-01
2.635000000000000000e+03,1.085355506802443415e-05,8.413195610046386719e-02,1.784174825726232705e-01
2.636000000000000000e+03,1.084975156118161976e-05,8.424520492553710938e-02,1.699618163765773127e-01
2.637000000000000000e+03,1.085592703020665795e-05,7.556080818176269531e-02,1.787027515878878148e-01
2.638000000000000000e+03,1.084767245629336685e-05,8.134841918945312500e-02,1.728730232503025155e-01
2.639000000000000000e+03,1.097054337151348591e-05,9.680986404418945312e-02,1.185329331374778694e-01
2.640000000000000000e+03,1.084482391888741404e-05,8.329153060913085938e-02,1.660485106543588274e-01
2.641000000000000000e+03,1.083721326722297817e-05,8.659958839416503906e-02,1.754550735679532014e-01
2.642000000000000000e+03,1.082728249457431957e-05,9.103417396545410156e-02,1.675772599925713091e-01
2.643000000000000000e+03,1.081693881133105606e-05,9.348988533020019531e-02,1.812848019055385007e-01
2.644000000000000000e+03,1.080910806194879115e-05,9.629130363464355469e-02,1.960456447979439798e-01
2.645000000000000000e+03,1.079970479622716084e-05,9.846091270446777344e-02,2.114282278518233582e-01
2.646000000000000000e+03,1.078714922186918557e-05,1.039445400238037109e-01,2.154439378359317148e-01
2.647000000000000000e+03,1.077674914995441213e-05,1.068294048309326172e-01,2.174481355329183352e-01
2.648000000000000000e+03,1.076803800970083103e-05,1.054167747497558594e-01,2.098555909728009594e-01
2.649000000000000000e+03,1.075952150131342933e-05,1.051306724548339844e-01,2.043550191912901215e-01
2.650000000000000000e+03,1.075128511729417369e-05,1.041114330291748047e-01,1.905085000657581462e-01
2.651000000000000000e+03,1.074354622687678784e-05,1.072227954864501953e-01,1.808532410875742236e-01
2.652000000000000000e+03,1.073789644578937441e-05,1.060903072357177734e-01,1.655657477054496562e-01
2.653000000000000000e+03,1.083746337826596573e-05,1.416683197021484375e-01,2.475623031186632850e-01
2.654000000000000000e+03,1.073201383405830711e-05,1.128375530242919922e-01,1.810946225620288230e-01
2.655000000000000000e+03,1.074839747161604464e-05,1.209378242492675781e-01,1.601163780548837123e-01
2.656000000000000000e+03,1.072748455044347793e-05,1.154363155364990234e-01,1.743578850477050246e-01
2.657000000000000000e+03,1.072163104254286736e-05,1.202642917633056641e-01,1.584998536350513965e-01
2.658000000000000000e+03,1.085184521798510104e-05,1.417338848114013672e-01,1.587339205193709912e-01
2.659000000000000000e+03,1.071908445737790316e-05,1.230537891387939453e-01,1.585437411758613135e-01
2.660000000000000000e+03,1.071314727596472949e-05,1.210570335388183594e-01,1.537746284078492509e-01
2.661000000000000000e+03,1.070635153155308217e-05,1.132488250732421875e-01,1.467526218782609360e-01
2.662000000000000000e+03,1.070215330400969833e-05,1.113116741180419922e-01,1.732094943965119260e-01
2.663000000000000000e+03,1.069772042683325708e-05,1.112103462219238281e-01,1.771666876595403561e-01
2.664000000000000000e+03,1.068921937985578552e-05,1.146614551544189453e-01,1.851981076277569860e-01
2.665000000000000000e+03,1.068487108568660915e-05,1.193463802337646484e-01,1.885920774503913599e-01
2.666000000000000000e+03,1.067525954567827284e-05,1.286089420318603516e-01,1.940853346417672209e-01
2.667000000000000000e+03,1.072341365215834230e-05,1.544654369354248047e-01,2.344691867770350713e-01
2.668000000000000000e+03,1.066691038431599736e-05,1.359045505523681641e-01,2.054595223016733030e-01
2.669000000000000000e+03,1.065180094883544371e-05,1.443266868591308594e-01,2.111502734266938464e-01
2.670000000000000000e+03,1.063293802872067317e-05,1.498878002166748047e-01,2.258599141881543759e-01
2.671000000000000000e+03,1.062178034771932289e-05,1.434147357940673828e-01,2.324576744899134184e-01
2.672000000000000000e+03,1.060927570506464690e-05,1.417398452758789062e-01,2.343667825151452277e-01
2.673000000000000000e+03,1.059448914020322263e-05,1.379966735839843750e-01,2.368537431610411026e-01
2.674000000000000000e+03,1.058085217664483935e-05,1.233756542205810547e-01,2.706544641748198643e-01
2.675000000000000000e+03,1.056148630595998839e-05,1.213490962982177734e-01,2.705081723721201037e-01
2.676000000000000000e+03,1.054734457284212112e-05,1.235365867614746094e-01,2.782982108658821896e-01
2.677000000000000000e+03,1.052338211593450978e-05,1.268982887268066406e-01,3.112065518831924060e-01
2.678000000000000000e+03,1.051072285918053240e-05,1.260399818420410156e-01,3.123037404034406106e-01
2.679000000000000000e+03,1.049984894052613527e-05,1.207590103149414062e-01,3.371367739117243079e-01
2.680000000000000000e+03,1.049013644660590217e-05,1.220583915710449219e-01,3.412036860267775862e-01
2.681000000000000000e+03,1.048161357175558805e-05,1.190781593322753906e-01,3.423959642187806018e-01
2.682000000000000000e+03,1.047414843924343586e-05,1.161158084869384766e-01,3.459874279750596027e-01
2.683000000000000000e+03,1.046250508807133883e-05,1.108407974243164062e-01,3.446927455211667435e-01
2.684000000000000000e+03,1.045162389345932752e-05,1.091361045837402344e-01,3.447439476521116375e-01
2.685000000000000000e+03,1.043971496983431280e-05,9.950995445251464844e-02,3.094364210705253804e-01
2.686000000000000000e+03,1.042422809405252337e-05,1.044511795043945312e-01,3.190477925078993859e-01
2.687000000000000000e+03,1.040443385136313736e-05,1.101374626159667969e-01,3.359371811295862598e-01
2.688000000000000000e+03,1.039033850247506052e-05,1.130044460296630859e-01,3.493813977976939489e-01
2.689000000000000000e+03,1.036649155139457434e-05,1.139283180236816406e-01,3.819240093082548193e-01
2.690000000000000000e+03,1.041108771460130811e-05,1.156091690063476562e-01,3.626354351222919048e-01
2.691000000000000000e+03,1.035353216138901189e-05,1.144707202911376953e-01,3.757578098244601095e-01
2.692000000000000000e+03,1.032441832649055868e-05,1.114606857299804688e-01,4.121332665657545524e-01
2.693000000000000000e+03,1.029719533107709140e-05,1.083076000213623047e-01,4.301856750189045342e-01
2.694000000000000000e+03,1.028009046422084793e-05,1.071751117706298828e-01,4.367907499107985814e-01
2.695000000000000000e+03,1.026648351398762316e-05,1.087605953216552734e-01,4.152419673731244654e-01
2.696000000000000000e+03,1.025790879793930799e-05,1.147449016571044922e-01,4.062889090478993270e-01
2.697000000000000000e+03,1.024782159220194444e-05,1.191198825836181641e-01,4.115627285352255194e-01
2.698000000000000000e+03,1.023846562020480633e-05,1.205801963806152344e-01,4.170194127759264680e-01
2.699000000000000000e+03,1.022957621898967773e-05,1.170754432678222656e-01,4.299004060036400454e-01
2.700000000000000000e+03,1.021661773847881705e-05,1.146197319030761719e-01,4.238146670113301373e-01
2.701000000000000000e+03,1.021522257360629737e-05,9.168982505798339844e-02,5.247633254642972700e-01
2.702000000000000000e+03,1.020677336782682687e-05,1.027762889862060547e-01,4.759823238540634160e-01
2.703000000000000000e+03,1.019496448861900717e-05,9.724497795104980469e-02,4.687920817513703264e-01
2.704000000000000000e+03,1.018192597257439047e-05,1.023292541503906250e-01,4.709498858411917399e-01
2.705000000000000000e+03,1.016968781186733395e-05,9.617209434509277344e-02,4.625673655464956902e-01
2.706000000000000000e+03,1.015816906146937981e-05,8.993744850158691406e-02,4.554795277056924441e-01
2.707000000000000000e+03,1.014799545373534784e-05,8.463859558105468750e-02,4.489110257644733926e-01
2.708000000000000000e+03,1.013783730741124600e-05,8.049607276916503906e-02,4.535631050903256578e-01
2.709000000000000000e+03,1.013117980619426817e-05,8.021593093872070312e-02,4.613238852235477805e-01
2.710000000000000000e+03,1.012530083244200796e-05,8.108019828796386719e-02,4.658223581565652527e-01
2.711000000000000000e+03,1.011984659271547571e-05,8.333325386047363281e-02,4.711400651847014731e-01
2.712000000000000000e+03,1.011560925689991564e-05,8.243918418884277344e-02,4.691358674877147972e-01
2.713000000000000000e+03,1.011284166452242061e-05,8.440017700195312500e-02,4.687043066697505478e-01
2.714000000000000000e+03,1.011016593110980466e-05,8.138418197631835938e-02,4.705695271541724400e-01
2.715000000000000000e+03,1.010854975902475417e-05,8.589029312133789062e-02,4.769405351617467814e-01
2.716000000000000000e+03,1.010638879961334169e-05,8.372664451599121094e-02,4.735831382897874309e-01
2.717000000000000000e+03,1.010468804452102631e-05,8.274912834167480469e-02,4.722884558358945162e-01
2.718000000000000000e+03,1.010299820336513221e-05,8.294582366943359375e-02,4.657272684848103861e-01
2.719000000000000000e+03,1.009935112961102277e-05,8.369684219360351562e-02,4.548577875442185725e-01
2.720000000000000000e+03,1.009359039016999304e-05,8.481740951538085938e-02,4.391899354750745665e-01
2.721000000000000000e+03,1.008847539196722209e-05,8.535385131835937500e-02,4.282180502725928539e-01
2.722000000000000000e+03,1.008390790957491845e-05,8.650422096252441406e-02,4.130475903326280562e-01
2.723000000000000000e+03,1.036383946484420449e-05,3.857612609863281250e-02,5.578399020547122333e-01
2.724000000000000000e+03,1.008095750876236707e-05,8.171796798706054688e-02,4.275085350294989817e-01
2.725000000000000000e+03,1.007695209409575909e-05,7.921457290649414062e-02,4.339234305778833511e-01
2.726000000000000000e+03,1.007262471830472350e-05,7.091164588928222656e-02,4.335869594316739128e-01
2.727000000000000000e+03,1.006975617201533169e-05,6.832480430603027344e-02,4.441711713570012932e-01
2.728000000000000000e+03,1.006707407213980332e-05,6.682872772216796875e-02,4.414428292366508466e-01
2.729000000000000000e+03,1.006267120828852057e-05,6.179213523864746094e-02,4.291323740394663022e-01
2.730000000000000000e+03,1.006129241432063282e-05,5.894303321838378906e-02,4.247801929091485906e-01
2.731000000000000000e+03,1.005824742605909705e-05,5.429983139038085938e-02,4.195575755527672368e-01
2.732000000000000000e+03,1.005721242108847946e-05,4.910826683044433594e-02,4.055281916738606163e-01
2.733000000000000000e+03,1.008008166536455974e-05,5.129575729370117188e-02,4.062889090478993270e-01
2.734000000000000000e+03,1.005636477202642709e-05,4.942417144775390625e-02,4.056305959357503488e-01
2.735000000000000000e+03,1.005322155833709985e-05,5.181431770324707031e-02,4.087392967431202617e-01
2.736000000000000000e+03,1.005086323857540265e-05,5.385875701904296875e-02,4.103119336221426328e-01
2.737000000000000000e+03,1.004516798275290057e-05,6.024837493896484375e-02,4.203694950577508971e-01
2.738000000000000000e+03,1.007529681373853236e-05,6.273388862609863281e-02,3.532581305692374940e-01
2.739000000000000000e+03,1.004398018267238513e-05,6.068348884582519531e-02,4.085491173996105840e-01
2.740000000000000000e+03,1.004025943984743208e-05,6.263852119445800781e-02,4.096901934606686502e-01
2.741000000000000000e+03,1.003567194857168943e-05,6.570219993591308594e-02,4.258846960195317721e-01
2.742000000000000000e+03,1.003228953777579591e-05,6.108880043029785156e-02,4.108458987019967257e-01
2.743000000000000000e+03,1.002895987767260522e-05,5.976557731628417969e-02,4.166390540889071126e-01
2.744000000000000000e+03,1.002394674287643284e-05,5.588531494140625000e-02,4.288909925650116750e-01
2.745000000000000000e+03,1.002182671072660014e-05,4.959702491760253906e-02,4.434104539829625824e-01
2.746000000000000000e+03,1.001889995677629486e-05,5.052685737609863281e-02,4.441711713570012932e-01
2.747000000000000000e+03,1.001510645437519997e-05,5.019307136535644531e-02,4.494961929752723795e-01
2.748000000000000000e+03,1.001219061436131597e-05,4.854202270507812500e-02,4.517417721467136826e-01
2.749000000000000000e+03,1.000811971607618034e-05,4.470944404602050781e-02,4.504982918237658285e-01
2.750000000000000000e+03,1.000246447802055627e-05,4.319548606872558594e-02,4.544701142670641847e-01
2.751000000000000000e+03,9.996974768000654876e-06,4.100799560546875000e-02,4.450342929929299030e-01
2.752000000000000000e+03,9.985390533984173089e-06,4.024505615234375000e-02,4.276475122420637653e-01
2.753000000000000000e+03,9.979838978324551135e-06,4.158020019531250000e-02,4.218543568551533784e-01
2.754000000000000000e+03,9.969909115170594305e-06,4.320740699768066406e-02,4.278888937165183926e-01
2.755000000000000000e+03,9.958252121577970684e-06,4.922747611999511719e-02,4.497741474004019469e-01
2.756000000000000000e+03,9.946533282345626503e-06,4.921555519104003906e-02,4.673584220849127946e-01
2.757000000000000000e+03,9.934894478647038341e-06,4.435777664184570312e-02,5.001277858896582273e-01
2.758000000000000000e+03,9.940147720044478774e-06,4.442334175109863281e-02,4.647251696363171036e-01
2.759000000000000000e+03,9.931139175023417920e-06,4.438161849975585938e-02,4.858570205362970351e-01
2.760000000000000000e+03,9.923614925355650485e-06,4.318952560424804688e-02,4.772258041770113257e-01
2.761000000000000000e+03,9.908990250551141798e-06,3.499984741210937500e-02,4.573447481901143363e-01
2.762000000000000000e+03,9.899289580062031746e-06,2.608895301818847656e-02,4.378513654803717903e-01
2.763000000000000000e+03,9.890742148854769766e-06,1.873970031738281250e-02,4.239609588140298424e-01
2.764000000000000000e+03,9.882913218461908400e-06,1.552700996398925781e-02,4.180215116244197504e-01
2.765000000000000000e+03,9.875141586235258728e-06,1.389980316162109375e-02,4.098803728041782724e-01
2.766000000000000000e+03,9.865443644230253994e-06,1.636147499084472656e-02,4.001153949739695848e-01
2.767000000000000000e+03,9.856374163064174354e-06,1.652240753173828125e-02,3.832186917621476785e-01
2.768000000000000000e+03,9.847090041148476303e-06,2.025365829467773438e-02,3.634473546272755096e-01
2.769000000000000000e+03,9.837896868702955544e-06,2.153515815734863281e-02,3.473259979697623789e-01
2.770000000000000000e+03,9.823822438193019480e-06,2.522468566894531250e-02,3.262746075612673602e-01
2.771000000000000000e+03,9.805419722397346050e-06,3.102421760559082031e-02,3.149881949829811401e-01
2.772000000000000000e+03,9.788872375793289393e-06,3.556013107299804688e-02,3.123037404034406106e-01
2.773000000000000000e+03,9.775412763701751828e-06,4.460215568542480469e-02,3.317239772118333319e-01
2.774000000000000000e+03,9.765743925527203828e-06,4.864335060119628906e-02,3.495276896003937095e-01
2.775000000000000000e+03,9.757191946846432984e-06,4.834532737731933594e-02,3.613480672585340225e-01
2.776000000000000000e+03,9.750720892043318599e-06,5.013346672058105469e-02,3.613041797177241055e-01
2.777000000000000000e+03,9.742418114910833538e-06,5.324482917785644531e-02,3.471797061670626183e-01
2.778000000000000000e+03,9.735011190059594810e-06,5.722641944885253906e-02,3.248848354356196899e-01
2.779000000000000000e+03,9.773052624950651079e-06,5.764961242675781250e-02,2.230364823960490905e-01
2.780000000000000000e+03,9.730328201840166003e-06,5.733370780944824219e-02,2.988156361945230599e-01
2.781000000000000000e+03,9.714064617583062500e-06,5.972385406494140625e-02,2.813630241324420744e-01
2.782000000000000000e+03,9.693962056189775467e-06,5.459785461425781250e-02,2.563105529201087363e-01
2.783000000000000000e+03,9.682642485131509602e-06,4.874467849731445312e-02,2.560691714456541090e-01
2.784000000000000000e+03,1.000744668999686837e-05,1.549720764160156250e-04,1.058860067940839006e-01
2.785000000000000000e+03,9.670879080658778548e-06,4.070401191711425781e-02,2.313604859696652416e-01
2.786000000000000000e+03,9.656620022724382579e-06,4.032850265502929688e-02,2.244774566526416548e-01
2.787000000000000000e+03,9.630853128328453749e-06,3.970265388488769531e-02,2.217052269914812912e-01
2.788000000000000000e+03,9.642356417316477746e-06,3.545284271240234375e-02,1.870633281121788782e-01
2.789000000000000000e+03,9.623363439459353685e-06,3.806948661804199219e-02,2.083707291753984503e-01
2.790000000000000000e+03,9.613835572963580489e-06,3.810524940490722656e-02,1.972379229899469955e-01
2.791000000000000000e+03,9.594939911039546132e-06,3.788471221923828125e-02,1.564956559380647205e-01
2.792000000000000000e+03,9.580728146829642355e-06,4.001259803771972656e-02,1.391088751871986384e-01
2.793000000000000000e+03,9.556748409522697330e-06,3.747344017028808594e-02,1.160020849507720775e-01
2.794000000000000000e+03,9.531691830488853157e-06,2.163648605346679688e-02,8.683881408257557166e-02
2.795000000000000000e+03,9.514704288449138403e-06,2.143383026123046875e-02,8.707288096689518031e-02
2.796000000000000000e+03,9.500156920694280416e-06,2.204179763793945312e-02,8.340095671913129449e-02
2.797000000000000000e+03,9.481154847890138626e-06,2.110600471496582031e-02,8.597569244664701738e-02
2.798000000000000000e+03,9.459680768486578017e-06,2.457499504089355469e-02,7.553045773388439299e-02
2.799000000000000000e+03,9.434380444872658700e-06,2.838969230651855469e-02,8.731426244134977976e-02
2.800000000000000000e+03,9.413031875737942755e-06,3.553032875061035156e-02,1.124179357846280258e-01
2.801000000000000000e+03,9.389848855789750814e-06,3.986954689025878906e-02,1.224974409906412764e-01
2.802000000000000000e+03,9.365413461637217551e-06,4.591345787048339844e-02,1.742554807858152088e-01
2.803000000000000000e+03,9.346496881335042417e-06,4.278421401977539062e-02,1.618426213267408487e-01
2.804000000000000000e+03,9.331768524134531617e-06,3.982782363891601562e-02,1.604089616602832336e-01
2.805000000000000000e+03,9.325381142843980342e-06,4.983544349670410156e-02,1.474182495805448356e-01
2.806000000000000000e+03,9.300404599343892187e-06,5.140304565429687500e-02,1.467965094190708808e-01
2.807000000000000000e+03,9.276776836486533284e-06,6.120204925537109375e-02,1.425467325506429295e-01
2.808000000000000000e+03,9.256560588255524635e-06,8.235573768615722656e-02,1.564444538071198265e-01
2.809000000000000000e+03,9.248035894415806979e-06,8.934140205383300781e-02,1.507098151412893661e-01
2.810000000000000000e+03,9.240293366019614041e-06,9.564757347106933594e-02,1.609794996908122666e-01
2.811000000000000000e+03,9.234772733179852366e-06,9.675621986389160156e-02,1.600798051042087722e-01
2.812000000000000000e+03,9.229558600054588169e-06,9.441971778869628906e-02,1.601675801858286341e-01
2.813000000000000000e+03,9.226435395248699933e-06,9.281635284423828125e-02,1.574977547865580585e-01
2.814000000000000000e+03,9.218751074513420463e-06,1.000702381134033203e-01,1.453116476216683162e-01
2.815000000000000000e+03,9.212342774844728410e-06,9.883642196655273438e-02,1.285612362125461983e-01
2.816000000000000000e+03,9.206483809975907207e-06,1.035153865814208984e-01,1.315236452172162673e-01
2.817000000000000000e+03,9.198387488140724599e-06,1.119971275329589844e-01,1.217732965672774781e-01
2.818000000000000000e+03,9.199789019476156682e-06,1.172125339508056641e-01,1.004439517336529475e-01
2.819000000000000000e+03,9.193645382765680552e-06,1.144409179687500000e-01,1.117961956231540710e-01
2.820000000000000000e+03,9.184026566799730062e-06,1.202821731567382812e-01,9.990998665379882682e-02
2.821000000000000000e+03,9.255971235688775778e-06,1.356899738311767578e-01,8.192340951186374842e-02
2.822000000000000000e+03,9.180706001643557101e-06,1.230895519256591797e-01,9.661842109305431026e-02
2.823000000000000000e+03,9.175013474305160344e-06,1.195788383483886719e-01,8.888689932037217856e-02
2.824000000000000000e+03,9.169920303975231946e-06,1.178383827209472656e-01,7.871961903273907990e-02
2.825000000000000000e+03,9.163546565105207264e-06,1.155614852905273438e-01,8.402269688060526320e-02
2.826000000000000000e+03,9.153674909612163901e-06,1.141905784606933594e-01,9.963203222866930109e-02
2.827000000000000000e+03,9.143469469563569874e-06,1.130521297454833984e-01,1.169090941275105627e-01
2.828000000000000000e+03,9.363768185721710324e-06,1.379668712615966797e-01,2.887727039391847494e-01
2.829000000000000000e+03,9.139863323071040213e-06,1.158595085144042969e-01,1.362488704444184129e-01
2.830000000000000000e+03,9.126477380050346255e-06,1.145482063293457031e-01,1.414495440303947527e-01
2.831000000000000000e+03,9.108731319429352880e-06,1.139640808105468750e-01,1.461747692575968982e-01
2.832000000000000000e+03,9.094746928894892335e-06,1.099050045013427734e-01,1.448874013938390437e-01
2.833000000000000000e+03,9.084649718715809286e-06,1.122057437896728516e-01,1.332864614397483438e-01
2.834000000000000000e+03,9.066384336620103568e-06,1.049876213073730469e-01,1.306093214503427635e-01
2.835000000000000000e+03,9.050898370333015919e-06,9.365081787109375000e-02,1.332352593088034221e-01
2.836000000000000000e+03,9.036926712724380195e-06,8.096694946289062500e-02,1.347128065160709820e-01
2.837000000000000000e+03,9.095565474126487970e-06,5.572438240051269531e-02,1.397818174796175150e-01
2.838000000000000000e+03,9.033796231960877776e-06,7.635951042175292969e-02,1.356271302829444303e-01
2.839000000000000000e+03,9.022927770274691284e-06,6.614923477172851562e-02,1.328036984908391172e-01
2.840000000000000000e+03,9.015581781568471342e-06,6.224513053894042969e-02,1.400158843639371375e-01
2.841000000000000000e+03,9.010673238663002849e-06,5.684494972229003906e-02,1.246479304903276852e-01
2.842000000000000000e+03,9.001808393804822117e-06,6.160736083984375000e-02,1.462771735194867417e-01
2.843000000000000000e+03,8.995183634397108108e-06,6.066560745239257812e-02,1.666629362256978331e-01
2.844000000000000000e+03,8.985947715700604022e-06,6.097555160522460938e-02,1.777957424111493157e-01
2.845000000000000000e+03,8.974495358415879309e-06,5.735754966735839844e-02,1.793683792901716867e-01
2.846000000000000000e+03,8.964893822849262506e-06,5.397796630859375000e-02,1.620328006702505264e-01
2.847000000000000000e+03,8.955192242865450680e-06,4.639625549316406250e-02,1.389186958436889607e-01
2.848000000000000000e+03,8.943447937781456858e-06,5.558729171752929688e-02,9.041564865858463251e-02
2.849000000000000000e+03,8.932812306738924235e-06,5.835294723510742188e-02,7.696411740034200810e-02
2.850000000000000000e+03,8.911263648769818246e-06,7.294416427612304688e-02,4.733271276350627804e-02
2.851000000000000000e+03,8.897089173842687160e-06,7.988214492797851562e-02,4.799834046579017771e-02
2.852000000000000000e+03,8.885483111953362823e-06,9.689927101135253906e-02,6.207161188550677083e-02
2.853000000000000000e+03,8.868014447216410190e-06,9.343028068542480469e-02,6.302982319319018478e-02
2.854000000000000000e+03,8.856457498040981591e-06,8.779168128967285156e-02,7.562554740563923183e-02
2.855000000000000000e+03,8.842573151923716068e-06,8.550882339477539062e-02,7.915117985070337092e-02
2.856000000000000000e+03,8.844912372296676040e-06,9.350776672363281250e-02,9.003528997156526326e-02
2.857000000000000000e+03,8.835400876705534756e-06,8.924007415771484375e-02,8.421287622411494089e-02
2.858000000000000000e+03,8.838251233100891113e-06,9.400248527526855469e-02,6.803300284552185606e-02
2.859000000000000000e+03,8.824716132949106395e-06,9.147524833679199219e-02,7.662033166399757900e-02
2.860000000000000000e+03,8.813413842290174216e-06,9.514093399047851562e-02,8.344484425994122545e-02
2.861000000000000000e+03,8.800917385087814182e-06,1.023054122924804688e-01,8.392760720885042436e-02
2.862000000000000000e+03,8.908964446163736284e-06,1.000344753265380859e-01,8.216479098631834788e-02
2.863000000000000000e+03,8.797393093118444085e-06,1.019597053527832031e-01,8.364233819358589395e-02
2.864000000000000000e+03,8.789022103883326054e-06,1.020491123199462891e-01,9.485560487052224765e-02
2.865000000000000000e+03,8.776316462899558246e-06,1.015424728393554688e-01,8.531737933449810851e-02
2.866000000000000000e+03,8.759905540500767529e-06,9.828805923461914062e-02,8.468832458288914899e-02
2.867000000000000000e+03,8.754668670007959008e-06,9.303092956542968750e-02,5.982603271406550238e-02
2.868000000000000000e+03,8.749768312554806471e-06,9.117126464843750000e-02,7.171224168342073269e-02
2.869000000000000000e+03,8.745440027269069105e-06,9.200572967529296875e-02,6.989822332994374832e-02
2.870000000000000000e+03,8.741530109546147287e-06,9.466409683227539062e-02,7.223157758300487175e-02
2.871000000000000000e+03,8.737573807593435049e-06,9.853243827819824219e-02,7.634237723886802551e-02
2.872000000000000000e+03,8.733276445127557963e-06,1.044332981109619141e-01,7.572063707739407068e-02
2.873000000000000000e+03,8.729885848879348487e-06,1.038432121276855469e-01,8.573431097219241792e-02
2.874000000000000000e+03,8.726227861188817769e-06,1.140058040618896484e-01,9.008649210251018502e-02
2.875000000000000000e+03,8.721071026229765266e-06,1.073658466339111328e-01,9.155672471964274028e-02
2.876000000000000000e+03,8.714708201296161860e-06,9.778738021850585938e-02,9.824226010302161693e-02
2.877000000000000000e+03,8.706642802280839533e-06,9.051561355590820312e-02,1.100333794006219945e-01
2.878000000000000000e+03,8.693355994182638824e-06,7.427334785461425781e-02,9.127877029451320068e-02
2.879000000000000000e+03,8.681931831233669072e-06,7.055997848510742188e-02,8.473221212369907995e-02
2.880000000000000000e+03,8.669070666655898094e-06,6.833076477050781250e-02,8.259635180428263890e-02
2.881000000000000000e+03,8.658905244374182075e-06,6.935000419616699219e-02,6.637259088487960923e-02
2.882000000000000000e+03,8.643663932161871344e-06,6.751418113708496094e-02,7.041755922952788738e-02
2.883000000000000000e+03,8.629912372271064669e-06,6.923079490661621094e-02,6.689192678446376217e-02
2.884000000000000000e+03,8.617702405899763107e-06,7.004737854003906250e-02,7.700069035101693438e-02
2.885000000000000000e+03,8.611206794739700854e-06,6.825327873229980469e-02,8.115537754769003298e-02
2.886000000000000000e+03,8.603869900980498642e-06,6.703138351440429688e-02,8.607809670853683315e-02
2.887000000000000000e+03,8.595245162723585963e-06,6.440877914428710938e-02,8.478341425464398784e-02
2.888000000000000000e+03,8.585647265135776252e-06,6.363391876220703125e-02,9.637703961859971080e-02
2.889000000000000000e+03,8.657703801873140037e-06,5.474686622619628906e-02,6.202040975456185601e-02
2.890000000000000000e+03,8.574811545258853585e-06,6.125569343566894531e-02,8.717528522878500996e-02
2.891000000000000000e+03,8.562141374568454921e-06,6.626844406127929688e-02,8.416167409317003301e-02
2.892000000000000000e+03,8.539998816559091210e-06,7.773637771606445312e-02,8.783359834093393270e-02
2.893000000000000000e+03,8.530973900633398443e-06,7.995963096618652344e-02,8.922337046658161686e-02
2.894000000000000000e+03,8.507290658599231392e-06,7.969737052917480469e-02,9.634046666792478453e-02
2.895000000000000000e+03,8.490384061587974429e-06,7.492899894714355469e-02,9.752543026979280938e-02
2.896000000000000000e+03,8.478143172396812588e-06,6.806254386901855469e-02,9.346583274487454962e-02
2.897000000000000000e+03,8.472125045955181122e-06,6.124973297119140625e-02,9.294649684529042444e-02
2.898000000000000000e+03,8.464688107778783888e-06,6.386041641235351562e-02,9.093498455816875770e-02
2.899000000000000000e+03,8.458731826976872981e-06,6.824731826782226562e-02,9.313667618880010213e-02
2.900000000000000000e+03,8.454171620542183518e-06,7.133483886718750000e-02,9.222966701206160300e-02
2.901000000000000000e+03,8.448695552942808717e-06,7.264018058776855469e-02,8.712408309784010207e-02
2.902000000000000000e+03,8.482436896883882582e-06,8.143186569213867188e-02,1.214441400112030167e-01
2.903000000000000000e+03,8.446882930002175272e-06,7.433295249938964844e-02,9.370721421932916295e-02
2.904000000000000000e+03,8.441829777439124882e-06,7.601976394653320312e-02,8.125046721944487182e-02
2.905000000000000000e+03,8.438992153969593346e-06,7.452368736267089844e-02,7.762243051249090309e-02
2.906000000000000000e+03,8.432567483396269381e-06,6.932020187377929688e-02,6.640916383555454938e-02
2.907000000000000000e+03,8.426262866123579443e-06,6.585717201232910156e-02,5.982603271406550238e-02
2.908000000000000000e+03,8.414138392254244536e-06,5.752444267272949219e-02,5.167026471355406353e-02
2.909000000000000000e+03,8.944933142629452050e-06,9.897351264953613281e-02,1.222560595161866770e-01
2.910000000000000000e+03,8.411815542785916477e-06,6.034970283508300781e-02,3.979137033433382403e-02
2.911000000000000000e+03,8.406093911617062986e-06,5.037784576416015625e-02,5.758776813275922474e-02
2.912000000000000000e+03,8.393955795327201486e-06,5.571246147155761719e-02,5.539339109226287111e-02
2.913000000000000000e+03,8.383234671782702208e-06,6.291866302490234375e-02,6.888880989131543342e-02
2.914000000000000000e+03,8.370763680431991816e-06,6.734728813171386719e-02,9.261002569908098614e-02
2.915000000000000000e+03,8.359268576896283776e-06,7.231235504150390625e-02,1.289854824403754985e-01
2.916000000000000000e+03,8.354875717486720532e-06,6.085634231567382812e-02,1.599774008423189564e-01
2.917000000000000000e+03,8.338271072716452181e-06,6.964206695556640625e-02,2.078001911448694172e-01
2.918000000000000000e+03,8.329549018526449800e-06,6.731748580932617188e-02,1.718709244018091775e-01
2.919000000000000000e+03,8.321077984874136746e-06,6.434917449951171875e-02,1.381067763387053282e-01
2.920000000000000000e+03,8.312716090586036444e-06,6.335377693176269531e-02,1.160532870817169854e-01
2.921000000000000000e+03,8.305343726533465087e-06,6.510615348815917969e-02,9.595279339077041059e-02
2.922000000000000000e+03,8.302222340716980398e-06,6.640553474426269531e-02,9.466542552701255608e-02
2.923000000000000000e+03,8.403105312027037144e-06,8.926391601562500000e-02,1.823527320652467559e-02
2.924000000000000000e+03,8.300850822706706822e-06,6.855130195617675781e-02,8.750444178485947133e-02
2.925000000000000000e+03,8.295160114357713610e-06,7.459521293640136719e-02,1.015850277947110691e-01
2.926000000000000000e+03,8.291014637507032603e-06,7.690191268920898438e-02,1.138077079102757239e-01
2.927000000000000000e+03,8.287220225611235946e-06,7.712841033935546875e-02,1.216343193547127083e-01
2.928000000000000000e+03,8.282982889795675874e-06,7.634162902832031250e-02,1.226876203341509680e-01
2.929000000000000000e+03,8.275320396933238953e-06,8.047819137573242188e-02,1.278882939201272939e-01
2.930000000000000000e+03,8.270275429822504520e-06,7.554888725280761719e-02,1.265497239254245176e-01
2.931000000000000000e+03,8.264086318376939744e-06,7.653832435607910156e-02,1.167628023248108021e-01
2.932000000000000000e+03,8.260217327915597707e-06,8.235573768615722656e-02,1.059737818757037486e-01
2.933000000000000000e+03,8.255639841081574559e-06,8.153915405273437500e-02,1.036843151634525700e-01
2.934000000000000000e+03,8.252631232608109713e-06,8.016824722290039062e-02,1.058348046631389927e-01
2.935000000000000000e+03,8.244145647040568292e-06,7.745027542114257812e-02,1.107940967746607469e-01
2.936000000000000000e+03,8.237293513957411051e-06,7.439255714416503906e-02,1.025944412333393702e-01
2.937000000000000000e+03,8.230304956668987870e-06,7.484555244445800781e-02,1.046425264711359771e-01
2.938000000000000000e+03,8.226377758546732366e-06,7.432699203491210938e-02,1.008681979614822477e-01
2.939000000000000000e+03,8.221330062951892614e-06,7.388591766357421875e-02,1.015411402539011382e-01
2.940000000000000000e+03,8.216854439524468035e-06,7.402896881103515625e-02,1.010583773049919254e-01
2.941000000000000000e+03,8.212165084842126817e-06,7.331967353820800781e-02,1.046864140119458941e-01
2.942000000000000000e+03,8.207254722947254777e-06,7.322430610656738281e-02,1.125203400465178832e-01
2.943000000000000000e+03,8.203305696952156723e-06,7.314085960388183594e-02,1.191985608397617691e-01
2.944000000000000000e+03,8.201049240597058088e-06,7.213354110717773438e-02,1.517192285799176810e-01
2.945000000000000000e+03,8.195939699362497777e-06,7.178187370300292969e-02,1.413105668178299690e-01
2.946000000000000000e+03,8.193007488443981856e-06,7.102489471435546875e-02,1.340910663545969994e-01
2.947000000000000000e+03,8.188160791178233922e-06,6.957650184631347656e-02,1.341934706164868152e-01
2.948000000000000000e+03,8.182892997865565121e-06,7.011294364929199219e-02,1.386773143692343613e-01
2.949000000000000000e+03,8.177871677617076784e-06,7.398724555969238281e-02,1.512876677619533761e-01
2.950000000000000000e+03,8.173017704393714666e-06,7.435083389282226562e-02,1.704884668662964564e-01
2.951000000000000000e+03,8.167989108187612146e-06,8.208751678466796875e-02,1.833840892742800155e-01
2.952000000000000000e+03,8.161724508681800216e-06,8.192658424377441406e-02,2.130081793209807617e-01
2.953000000000000000e+03,8.155805517162661999e-06,8.332133293151855469e-02,2.158242965229510701e-01
2.954000000000000000e+03,8.147848348016850650e-06,8.184909820556640625e-02,2.171189789768439016e-01
2.955000000000000000e+03,8.136636097333393991e-06,8.061528205871582031e-02,2.425956964170065400e-01
2.956000000000000000e+03,8.126105967676267028e-06,7.172226905822753906e-02,2.404890944581300483e-01
2.957000000000000000e+03,8.117870493151713163e-06,6.331801414489746094e-02,2.500492637645591043e-01
2.958000000000000000e+03,8.111901479423977435e-06,6.201863288879394531e-02,2.561203735765990586e-01
2.959000000000000000e+03,8.102821084321476519e-06,5.771517753601074219e-02,2.633837615806419730e-01
2.960000000000000000e+03,8.093806172837503254e-06,5.417466163635253906e-02,2.644370625600802049e-01
2.961000000000000000e+03,8.097296813502907753e-06,1.976490020751953125e-02,3.373708407960439581e-01
2.962000000000000000e+03,8.087030437309294939e-06,3.871917724609375000e-02,2.971917971845557394e-01
2.963000000000000000e+03,8.077078746282495558e-06,3.080964088439941406e-02,2.823651229809353569e-01
2.964000000000000000e+03,8.070866897469386458e-06,2.904534339904785156e-02,2.926494367107282946e-01
2.965000000000000000e+03,8.066060217970516533e-06,2.643465995788574219e-02,2.860077888681593627e-01
2.966000000000000000e+03,8.058740604610648006e-06,2.425909042358398438e-02,2.846107021523766600e-01
2.967000000000000000e+03,8.052239536482375115e-06,2.385973930358886719e-02,2.918814047465546069e-01
2.968000000000000000e+03,8.046435141295660287e-06,2.689957618713378906e-02,3.187186359518249246e-01
2.969000000000000000e+03,8.043390153034124523e-06,2.926588058471679688e-02,3.191501967697892295e-01
2.970000000000000000e+03,8.040562534006312490e-06,3.126859664916992188e-02,3.229318398695779080e-01
2.971000000000000000e+03,8.035632163228001446e-06,3.569126129150390625e-02,3.347449029375832441e-01
2.972000000000000000e+03,8.032143341552000493e-06,3.799200057983398438e-02,3.421545827443259746e-01
2.973000000000000000e+03,8.026967407204210758e-06,3.713369369506835938e-02,3.564180335075522454e-01
2.974000000000000000e+03,8.121332939481362700e-06,3.949999809265136719e-02,3.303927218072655325e-01
2.975000000000000000e+03,8.025945135159417987e-06,3.734827041625976562e-02,3.540700500742211543e-01
2.976000000000000000e+03,8.021378562261816114e-06,3.573298454284667969e-02,3.601045869355861129e-01
2.977000000000000000e+03,8.013360456970985979e-06,3.317594528198242188e-02,3.642227011815842852e-01
2.978000000000000000e+03,8.006789357750676572e-06,3.310441970825195312e-02,3.793419589906041334e-01
2.979000000000000000e+03,7.999085028131958097e-06,3.730654716491699219e-02,3.951414736821778351e-01
2.980000000000000000e+03,7.991123311512637883e-06,3.489851951599121094e-02,3.992595879281760074e-01
2.981000000000000000e+03,7.984406693140044808e-06,3.383159637451171875e-02,4.049064515123866337e-01
2.982000000000000000e+03,7.981199814821593463e-06,3.251433372497558594e-02,4.046650700379320065e-01
2.983000000000000000e+03,7.978181201906409115e-06,3.325343132019042969e-02,4.033265000432292302e-01
2.984000000000000000e+03,7.974047548486851156e-06,3.546476364135742188e-02,4.014539649686723610e-01
2.985000000000000000e+03,7.974640539032407105e-06,3.432631492614746094e-02,3.856617648672335807e-01
2.986000000000000000e+03,7.971199011080898345e-06,3.492236137390136719e-02,3.939857684408497596e-01
2.987000000000000000e+03,7.965682925714645535e-06,4.045963287353515625e-02,3.798686094803232494e-01
2.988000000000000000e+03,7.960051334521267563e-06,4.331469535827636719e-02,3.871978287955810671e-01
2.989000000000000000e+03,7.954908141982741654e-06,4.646778106689453125e-02,3.988280271102117025e-01
2.990000000000000000e+03,7.954165084811393172e-06,4.771351814270019531e-02,3.996838341560052799e-01
2.991000000000000000e+03,7.948044185468461365e-06,4.956126213073730469e-02,4.084979152686656345e-01
2.992000000000000000e+03,7.942991942400112748e-06,5.146265029907226562e-02,4.182628930988744331e-01
2.993000000000000000e+03,7.938994713185820729e-06,5.480051040649414062e-02,4.317656264880619377e-01
2.994000000000000000e+03,7.935247595014516264e-06,5.844831466674804688e-02,4.443613507005109708e-01
2.995000000000000000e+03,7.930995707283727825e-06,5.911588668823242188e-02,4.642936088183528542e-01
2.996000000000000000e+03,7.933054803288541734e-06,6.953477859497070312e-02,4.755507630360990556e-01
2.997000000000000000e+03,7.925624231575056911e-06,6.390810012817382812e-02,4.694650240437892585e-01
2.998000000000000000e+03,7.918380106275435537e-06,6.352066993713378906e-02,4.591660811337263670e-01
2.999000000000000000e+03,7.908138286438770592e-06,5.729198455810546875e-02,4.323873666495358647e-01
3.000000000000000000e+03,7.905430720711592585e-06,5.327463150024414062e-02,4.314364699319874763e-01
3.001000000000000000e+03,7.900047421571798623e-06,4.212260246276855469e-02,4.265942112626255334e-01
3.002000000000000000e+03,7.891148925409652293e-06,4.131793975830078125e-02,4.458023249571035906e-01
3.003000000000000000e+03,7.881375495344400406e-06,4.361271858215332031e-02,4.620846025975865468e-01
3.004000000000000000e+03,7.871446541685145348e-06,4.758238792419433594e-02,4.735319361588424814e-01
3.005000000000000000e+03,7.869322871556505561e-06,4.751682281494140625e-02,4.816877041593539133e-01
3.006000000000000000e+03,8.021092980925459415e-06,5.155205726623535156e-02,5.006105488385673707e-01
3.007000000000000000e+03,7.865062798373401165e-06,4.809498786926269531e-02,4.843648441487594658e-01
3.008000000000000000e+03,7.864698090997990221e-06,4.723072052001953125e-02,4.710010879721366894e-01
3.009000000000000000e+03,7.858718163333833218e-06,4.765391349792480469e-02,4.775622753232207640e-01
3.010000000000000000e+03,7.851583177398424596e-06,4.789829254150390625e-02,4.752069772997546404e-01
3.011000000000000000e+03,7.844353604014031589e-06,4.687905311584472656e-02,4.787545535152237242e-01
3.012000000000000000e+03,7.836678378225769848e-06,4.411935806274414062e-02,4.744462599257159297e-01
3.013000000000000000e+03,7.833153176761697978e-06,4.578232765197753906e-02,4.819656585844834806e-01
3.014000000000000000e+03,7.829336027498356998e-06,4.611015319824218750e-02,4.769405351617467814e-01
3.015000000000000000e+03,7.826397450116928667e-06,4.637837409973144531e-02,4.871005008592448893e-01
3.016000000000000000e+03,7.823035048204474151e-06,4.552602767944335938e-02,5.032438012871630617e-01
3.017000000000000000e+03,7.819630809535738081e-06,4.638433456420898438e-02,5.084664186435443600e-01
3.018000000000000000e+03,7.818174708518199623e-06,3.769397735595703125e-02,5.294154047901494797e-01
3.019000000000000000e+03,7.808988812030293047e-06,3.924965858459472656e-02,5.244268543180878872e-01
3.020000000000000000e+03,7.804826964274980128e-06,4.013776779174804688e-02,5.172878143463397471e-01
3.021000000000000000e+03,7.799582817824557424e-06,4.113912582397460938e-02,5.150349205847634115e-01
3.022000000000000000e+03,7.796053068886976689e-06,4.105567932128906250e-02,5.139304174743802855e-01
3.023000000000000000e+03,7.790354175085667521e-06,4.177689552307128906e-02,5.163808051696011647e-01
3.024000000000000000e+03,7.782575266901403666e-06,4.317164421081542969e-02,5.216034225259824630e-01
3.025000000000000000e+03,7.812803232809528708e-06,3.461241722106933594e-02,4.565328286851306760e-01
3.026000000000000000e+03,7.780332452966831625e-06,4.138350486755371094e-02,5.080348578255801106e-01
3.027000000000000000e+03,7.773885954520665109e-06,4.562735557556152344e-02,5.537217878087140610e-01
3.028000000000000000e+03,7.960683433338999748e-06,5.543231964111328125e-03,5.270235338160085270e-01
3.029000000000000000e+03,7.770642696414142847e-06,3.963708877563476562e-02,5.506057724112093377e-01
3.030000000000000000e+03,7.797652870067395270e-06,5.550384521484375000e-02,4.888194295409670209e-01
3.031000000000000000e+03,7.766881935822311789e-06,4.390478134155273438e-02,5.339650798541120125e-01
3.032000000000000000e+03,7.760096195852383971e-06,4.162192344665527344e-02,5.345868200155858840e-01
3.033000000000000000e+03,7.756338163744658232e-06,4.007816314697265625e-02,5.461950745598116441e-01
3.034000000000000000e+03,7.752627425361424685e-06,4.022717475891113281e-02,5.607291651580325054e-01
3.035000000000000000e+03,7.744144568277988583e-06,3.948807716369628906e-02,5.968851841952772519e-01
3.036000000000000000e+03,7.736256520729511976e-06,3.809928894042968750e-02,6.176147326378328417e-01
3.037000000000000000e+03,7.727292540948837996e-06,3.378987312316894531e-02,6.453443438395717324e-01
3.038000000000000000e+03,7.784693480061832815e-06,1.244544982910156250e-02,6.796205132121247994e-01
3.039000000000000000e+03,7.721727342868689448e-06,2.886056900024414062e-02,6.532587303656285371e-01
3.040000000000000000e+03,7.713069862802512944e-06,2.906918525695800781e-02,6.451541644960619992e-01
3.041000000000000000e+03,7.696554348513018340e-06,2.333521842956542969e-02,6.188070108298358019e-01
3.042000000000000000e+03,7.688067853450775146e-06,2.384185791015625000e-02,6.187558086988909078e-01
3.043000000000000000e+03,7.671050298085901886e-06,2.490282058715820312e-02,6.272041603048018610e-01
3.044000000000000000e+03,7.659273251192644238e-06,2.681016921997070312e-02,6.409775335289840115e-01
3.045000000000000000e+03,7.647007805644534528e-06,2.852082252502441406e-02,6.429890458161056088e-01
3.046000000000000000e+03,7.636579539394006133e-06,2.770423889160156250e-02,6.469316098988641128e-01
3.047000000000000000e+03,7.627530067111365497e-06,2.229809761047363281e-02,6.393975820598265525e-01
3.048000000000000000e+03,7.622751581948250532e-06,1.853704452514648438e-02,6.322439129078084585e-01
3.049000000000000000e+03,7.617948995175538585e-06,1.556873321533203125e-02,6.308468261920258113e-01
3.050000000000000000e+03,7.608487976540345699e-06,1.418590545654296875e-02,6.415992736904579941e-01
3.051000000000000000e+03,7.595519491587765515e-06,1.624822616577148438e-02,6.714501160313433026e-01
3.052000000000000000e+03,7.590835593873634934e-06,1.627206802368164062e-02,6.746173335597930310e-01
3.053000000000000000e+03,7.582887519674841315e-06,2.948045730590820312e-02,7.196605796110481235e-01
3.054000000000000000e+03,7.565307441836921498e-06,2.648830413818359375e-02,6.982507742859387356e-01
3.055000000000000000e+03,7.556021955679170787e-06,2.431869506835937500e-02,6.832631790993486387e-01
3.056000000000000000e+03,7.544874733866890892e-06,2.506971359252929688e-02,6.871984285919721103e-01
3.057000000000000000e+03,7.532793460995890200e-06,2.937316894531250000e-02,7.141453786492673039e-01
3.058000000000000000e+03,7.514476237702183425e-06,2.284646034240722656e-02,7.716892592412165630e-01
3.059000000000000000e+03,7.495556474168552086e-06,3.237128257751464844e-02,7.899025886773363148e-01
3.060000000000000000e+03,7.485589321731822565e-06,3.108978271484375000e-02,8.248517003423081473e-01
3.061000000000000000e+03,7.476506652892567217e-06,3.113150596618652344e-02,8.348507450568365407e-01
3.062000000000000000e+03,7.470091986760962754e-06,3.144741058349609375e-02,8.430211422376179264e-01
3.063000000000000000e+03,7.463548627129057422e-06,3.142952919006347656e-02,8.369646616058480371e-01
3.064000000000000000e+03,7.455334525729995221e-06,3.345012664794921875e-02,8.268705272195648881e-01
3.065000000000000000e+03,7.441438356181606650e-06,3.164410591125488281e-02,8.248004982113633643e-01
3.066000000000000000e+03,7.437332897097803652e-06,3.628134727478027344e-02,8.638018928111184103e-01
3.067000000000000000e+03,7.433694008796010166e-06,3.075003623962402344e-02,8.146551616941352103e-01
3.068000000000000000e+03,7.415229902107967064e-06,3.169178962707519531e-02,8.313397417920423971e-01
3.069000000000000000e+03,7.409941190417157486e-06,3.028512001037597656e-02,8.420629309299345611e-01
3.070000000000000000e+03,7.402220489893807098e-06,2.821087837219238281e-02,8.461005846844479317e-01
3.071000000000000000e+03,7.393037776637356728e-06,2.334713935852050781e-02,8.423994020761440549e-01
3.072000000000000000e+03,7.399670266750035807e-06,2.942085266113281250e-02,8.684173991862957909e-01
3.073000000000000000e+03,7.388494850602000952e-06,2.573728561401367188e-02,8.526398282651269644e-01
3.074000000000000000e+03,7.380686838587280363e-06,2.466440200805664062e-02,8.281213221326476637e-01
3.075000000000000000e+03,7.374966116913128644e-06,2.393722534179687500e-02,8.063896748415988469e-01
3.076000000000000000e+03,7.371141691692173481e-06,2.562403678894042969e-02,7.907657103132648135e-01
3.077000000000000000e+03,7.366349109361181036e-06,2.833008766174316406e-02,7.787990408524247954e-01
3.078000000000000000e+03,7.361396910710027441e-06,3.124475479125976562e-02,7.729400541542995606e-01
3.079000000000000000e+03,7.356852620432619005e-06,3.235340118408203125e-02,7.741396469364375532e-01
3.080000000000000000e+03,7.353866294579347596e-06,3.110170364379882812e-02,7.842264667325857808e-01
3.081000000000000000e+03,7.357753020187374204e-06,3.086328506469726562e-02,7.873132237695504854e-01
3.082000000000000000e+03,7.352486136369407177e-06,3.102421760559082031e-02,7.852358801712141512e-01
3.083000000000000000e+03,7.359104529314208776e-06,2.501010894775390625e-02,8.465321455024121811e-01
3.084000000000000000e+03,7.349450697802240029e-06,2.884864807128906250e-02,8.073990882802272173e-01
3.085000000000000000e+03,7.345734502450795844e-06,2.600550651550292969e-02,8.109539790858313335e-01
3.086000000000000000e+03,7.337752776948036626e-06,1.605749130249023438e-02,8.301840365507142661e-01
3.087000000000000000e+03,7.334100700973067433e-06,1.155138015747070312e-02,8.376814914390767752e-01
3.088000000000000000e+03,7.330153948714723811e-06,7.736682891845703125e-03,8.482657033644042111e-01
3.089000000000000000e+03,7.327726507355691865e-06,5.751848220825195312e-03,8.459104053409380874e-01
3.090000000000000000e+03,7.320919849007623270e-06,7.271766662597656250e-03,8.422092227326342107e-01
3.091000000000000000e+03,7.313617970794439316e-06,8.434057235717773438e-03,8.430723443685629315e-01
3.092000000000000000e+03,7.305901362997246906e-06,7.134675979614257812e-03,8.361893150515393724e-01
3.093000000000000000e+03,7.297616775758797303e-06,4.851818084716796875e-03,8.366281904596385433e-01
3.094000000000000000e+03,7.310539331228937954e-06,1.578927040100097656e-02,8.036905910817883081e-01
3.095000000000000000e+03,7.294263014046009630e-06,8.231401443481445312e-03,8.264316518114656063e-01
3.096000000000000000e+03,7.291361725947353989e-06,3.254413604736328125e-03,8.269217293505097821e-01
3.097000000000000000e+03,7.286062100320123136e-06,1.549720764160156250e-04,8.311495624485326639e-01
3.098000000000000000e+03,7.285044375748839229e-06,7.033348083496093750e-04,8.353773955465557677e-01
3.099000000000000000e+03,7.283631930476985872e-06,7.152557373046875000e-04,8.393638471701240222e-01
3.100000000000000000e+03,7.281973921635653824e-06,2.884864807128906250e-03,8.430723443685629315e-01
3.101000000000000000e+03,7.279706551344133914e-06,7.283687591552734375e-03,8.506210013878703347e-01
3.102000000000000000e+03,7.277603799593634903e-06,9.071826934814453125e-03,8.562971233326208687e-01
3.103000000000000000e+03,7.275328243849799037e-06,1.068115234375000000e-02,8.663473701780941560e-01
3.104000000000000000e+03,7.271624326676828787e-06,1.251697540283203125e-02,8.756807871903385943e-01
3.105000000000000000e+03,7.267422915901988745e-06,1.254081726074218750e-02,8.843339473200292344e-01
3.106000000000000000e+03,7.264347914315294474e-06,1.302957534790039062e-02,8.782774666882592340e-01
3.107000000000000000e+03,7.260277925524860620e-06,1.149177551269531250e-02,8.856359443640571261e-01
3.108000000000000000e+03,7.255821401486173272e-06,1.218318939208984375e-02,8.840925658455746072e-01
3.109000000000000000e+03,7.251203442137921229e-06,8.690357208251953125e-03,8.821322556893980149e-01
3.110000000000000000e+03,7.247552275657653809e-06,6.341934204101562500e-03,8.831343545378912419e-01
3.111000000000000000e+03,7.243083928187843412e-06,2.288818359375000000e-03,8.813057070041442342e-01
3.112000000000000000e+03,7.237678801175206900e-06,1.311302185058593750e-04,8.755856975185837276e-01
3.113000000000000000e+03,7.232089046738110483e-06,3.731250762939453125e-03,8.689001621352049343e-01
3.114000000000000000e+03,7.228460162878036499e-06,4.035234451293945312e-03,8.571163574277393948e-01
3.115000000000000000e+03,7.226048182928934693e-06,5.370378494262695312e-03,8.594716554512056295e-01
3.116000000000000000e+03,7.224281034723389894e-06,6.121397018432617188e-03,8.584549274224423376e-01
3.117000000000000000e+03,7.222865406220080331e-06,6.192922592163085938e-03,8.630777483877546397e-01
3.118000000000000000e+03,7.221164196380414069e-06,6.711483001708984375e-03,8.703923385227425591e-01
3.119000000000000000e+03,7.220004135888302699e-06,7.754564285278320312e-03,8.785700502936588663e-01
3.120000000000000000e+03,7.218508926598588005e-06,8.410215377807617188e-03,8.888177910727768083e-01
3.121000000000000000e+03,7.217044640128733590e-06,1.136660575866699219e-02,8.935210725295739120e-01
3.122000000000000000e+03,7.218758582894224674e-06,1.375079154968261719e-02,9.206655165205138713e-01
3.123000000000000000e+03,7.216433914436493069e-06,1.219511032104492188e-02,9.029130062628983877e-01
3.124000000000000000e+03,7.215116056613624096e-06,1.128911972045898438e-02,8.958324830122300630e-01
3.125000000000000000e+03,7.211838237708434463e-06,9.715557098388671875e-03,8.939599479376731939e-01
3.126000000000000000e+03,7.208549959614174441e-06,5.859136581420898438e-03,8.771217614469312140e-01
3.127000000000000000e+03,7.203955192380817607e-06,7.331371307373046875e-03,8.926140633528355517e-01
3.128000000000000000e+03,7.201024800451705232e-06,9.268522262573242188e-03,9.064240095276924203e-01
3.129000000000000000e+03,7.196528713393490762e-06,1.314282417297363281e-02,9.182517017759678213e-01
3.130000000000000000e+03,7.192114480858435854e-06,1.255273818969726562e-02,9.243228115880077755e-01
3.131000000000000000e+03,7.188453764683799818e-06,1.401305198669433594e-02,9.270218953478182033e-01
3.132000000000000000e+03,7.184898549894569442e-06,1.412630081176757812e-02,9.279289045245566747e-01
3.133000000000000000e+03,7.181231012509670109e-06,1.513361930847167969e-02,9.294722830430390825e-01
3.134000000000000000e+03,7.175237442424986511e-06,1.561045646667480469e-02,9.308181676278769467e-01
3.135000000000000000e+03,7.171033757913392037e-06,1.636147499084472656e-02,9.300940232045131761e-01
3.136000000000000000e+03,7.185499271145090461e-06,1.500248908996582031e-02,8.963152459611392064e-01
3.137000000000000000e+03,7.169272066676057875e-06,1.602172851562500000e-02,9.216749299591421307e-01
3.138000000000000000e+03,7.164436738094082102e-06,1.497864723205566406e-02,9.153697532627825817e-01
3.139000000000000000e+03,7.162188467191299424e-06,1.506209373474121094e-02,9.071920414918662745e-01
3.140000000000000000e+03,7.160354925872525200e-06,1.483559608459472656e-02,8.969955028436931155e-01
3.141000000000000000e+03,7.158638709370279685e-06,1.507401466369628906e-02,8.938136561349735443e-01
3.142000000000000000e+03,7.157297204685164616e-06,1.599192619323730469e-02,8.911218869652980379e-01
3.143000000000000000e+03,7.155310868256492540e-06,1.631379127502441406e-02,8.949693613763015643e-01
3.144000000000000000e+03,7.154139893827959895e-06,1.640915870666503906e-02,8.991094193927046119e-01
3.145000000000000000e+03,7.152965281420620158e-06,1.607537269592285156e-02,9.058900444478384939e-01
3.146000000000000000e+03,7.150831152102909982e-06,1.478195190429687500e-02,9.112808973773244281e-01
3.147000000000000000e+03,7.150323654059320688e-06,1.367926597595214844e-02,9.332246677822879644e-01
3.148000000000000000e+03,7.145880317693809047e-06,1.100301742553710938e-02,9.275412312474023979e-01
3.149000000000000000e+03,7.142864433262730017e-06,1.066327095031738281e-02,9.193123173455410857e-01
3.150000000000000000e+03,7.133838607842335477e-06,9.346008300781250000e-03,9.096936313180320477e-01
3.151000000000000000e+03,7.130975973268505186e-06,1.037120819091796875e-03,8.845314412536738891e-01
3.152000000000000000e+03,7.123336672520963475e-06,2.074241638183593750e-03,9.280313087864465738e-01
3.153000000000000000e+03,7.181205546658020467e-06,1.600384712219238281e-02,8.937185664632186777e-01
3.154000000000000000e+03,7.120547252270625904e-06,9.834766387939453125e-04,9.222454679896711083e-01
3.155000000000000000e+03,7.111462764441967010e-06,3.260374069213867188e-03,9.313448181175961738e-01
3.156000000000000000e+03,7.099735739757306874e-06,5.567073822021484375e-03,9.448768098673235860e-01
3.157000000000000000e+03,7.083647687977645546e-06,1.130700111389160156e-02,9.530106340974300316e-01
3.158000000000000000e+03,7.069970706652384251e-06,1.860260963439941406e-02,9.627317243868288577e-01
3.159000000000000000e+03,7.060537427605595440e-06,2.620816230773925781e-02,9.578236344062520669e-01
3.160000000000000000e+03,7.054039087961427867e-06,3.032088279724121094e-02,9.515623452507023794e-01
3.161000000000000000e+03,7.049146915960591286e-06,2.968907356262207031e-02,9.468444346136353218e-01
3.162000000000000000e+03,7.043188816169276834e-06,2.948045730590820312e-02,9.398224280840469236e-01
3.163000000000000000e+03,7.038040166662540287e-06,2.989172935485839844e-02,9.343364854828060118e-01
3.164000000000000000e+03,7.031505447230301797e-06,3.046989440917968750e-02,9.242716094570628815e-01
3.165000000000000000e+03,7.024802471278235316e-06,3.104209899902343750e-02,9.118587499979884381e-01
3.166000000000000000e+03,7.019546501396689564e-06,2.990961074829101562e-02,8.977562202177319373e-01
3.167000000000000000e+03,7.015953087829984725e-06,2.816915512084960938e-02,8.959860894050649671e-01
3.168000000000000000e+03,7.013481535977916792e-06,2.365112304687500000e-02,8.844363515819190225e-01
3.169000000000000000e+03,7.013947652012575418e-06,2.493262290954589844e-02,9.406855497199755334e-01
3.170000000000000000e+03,7.010353783698519692e-06,2.427101135253906250e-02,9.116685706544787049e-01
3.171000000000000000e+03,7.008567536104237661e-06,1.825690269470214844e-02,9.157501119498019371e-01
3.172000000000000000e+03,7.130980520742014050e-06,3.367662429809570312e-02,9.609469643938918226e-01
3.173000000000000000e+03,7.004738108662422746e-06,2.049803733825683594e-02,9.223478722515610073e-01
3.174000000000000000e+03,6.997832315391860902e-06,3.114938735961914062e-02,9.195536988199957129e-01
3.175000000000000000e+03,6.993634087848477066e-06,3.156661987304687500e-02,9.270657828886282870e-01
3.176000000000000000e+03,6.985599156905664131e-06,3.359913825988769531e-02,9.373208382578811504e-01
3.177000000000000000e+03,6.981123988225590438e-06,3.488063812255859375e-02,9.362090205573628809e-01
3.178000000000000000e+03,6.967597073526121676e-06,3.831982612609863281e-02,9.136873975317354457e-01
3.179000000000000000e+03,6.955810476938495412e-06,4.044175148010253906e-02,8.751541367006195893e-01
3.180000000000000000e+03,6.944509095774265006e-06,4.311203956604003906e-02,8.373523348830024249e-01
3.181000000000000000e+03,6.934719294804381207e-06,4.548430442810058594e-02,8.043708479643422171e-01
3.182000000000000000e+03,6.926499736437108368e-06,5.120038986206054688e-02,8.011963158457575673e-01
3.183000000000000000e+03,6.919075076439185068e-06,5.299448966979980469e-02,8.114806295755503385e-01
3.184000000000000000e+03,6.910647698532557115e-06,5.710721015930175781e-02,8.384568379933855509e-01
3.185000000000000000e+03,6.901773758727358654e-06,6.311535835266113281e-02,8.603859792180791333e-01
3.186000000000000000e+03,6.895767910464201123e-06,7.627606391906738281e-02,8.860748197721562969e-01
3.187000000000000000e+03,6.890819804539205506e-06,7.912516593933105469e-02,8.809180337269899574e-01
3.188000000000000000e+03,6.880387445562519133e-06,7.459521293640136719e-02,8.612491008540076320e-01
3.189000000000000000e+03,6.880074124637758359e-06,7.809400558471679688e-02,8.639408700236831384e-01
3.190000000000000000e+03,6.874699465697631240e-06,7.635951042175292969e-02,8.626023000289804177e-01
3.191000000000000000e+03,6.864289389341138303e-06,7.458925247192382812e-02,8.550902159603478436e-01
3.192000000000000000e+03,6.851564648968633264e-06,7.709264755249023438e-02,8.397076329064685485e-01
3.193000000000000000e+03,6.846758878964465111e-06,7.764101028442382812e-02,8.493775210649223695e-01
3.194000000000000000e+03,6.842492439318448305e-06,7.849335670471191406e-02,8.518717963009532212e-01
3.195000000000000000e+03,6.839713933004532009e-06,7.700324058532714844e-02,8.570651552967946118e-01
3.196000000000000000e+03,6.837777618784457445e-06,7.616877555847167969e-02,8.564946172662655233e-01
3.197000000000000000e+03,6.833999577793292701e-06,7.234215736389160156e-02,8.441768474789459464e-01
3.198000000000000000e+03,6.831005975982407108e-06,7.370710372924804688e-02,8.445645207561004453e-01
3.199000000000000000e+03,6.827801371400710195e-06,7.219314575195312500e-02,8.421580206016894277e-01
3.200000000000000000e+03,6.823692729085450992e-06,6.967186927795410156e-02,8.410974050321161632e-01
3.201000000000000000e+03,6.815756933065131307e-06,6.587505340576171875e-02,8.354285976775005507e-01
3.202000000000000000e+03,6.803863016102695838e-06,5.660653114318847656e-02,8.502845302416609519e-01
3.203000000000000000e+03,6.811220373492687941e-06,4.667043685913085938e-02,8.353335080057456841e-01
3.204000000000000000e+03,6.797969945182558149e-06,5.264282226562500000e-02,8.443231392816459291e-01
3.205000000000000000e+03,6.816125278419349343e-06,5.414485931396484375e-02,8.087010853242549979e-01
3.206000000000000000e+03,6.793546617700485513e-06,5.310773849487304688e-02,8.332561644074091278e-01
3.207000000000000000e+03,6.785426194255705923e-06,4.901289939880371094e-02,8.381642543879861407e-01
3.208000000000000000e+03,6.780697276553837582e-06,4.909634590148925781e-02,8.493263189339775865e-01
3.209000000000000000e+03,6.777255748602328822e-06,5.053281784057617188e-02,8.689001621352049343e-01
3.210000000000000000e+03,6.772883352823555470e-06,5.150437355041503906e-02,8.617830659338618915e-01
3.211000000000000000e+03,6.767998456780333072e-06,5.269050598144531250e-02,8.598593287283599063e-01
3.212000000000000000e+03,6.760337782907299697e-06,5.354285240173339844e-02,8.620683349491262693e-01
3.213000000000000000e+03,6.749387921445304528e-06,4.865527153015136719e-02,8.712115726178611963e-01
3.214000000000000000e+03,6.740559911122545600e-06,4.191994667053222656e-02,8.938136561349735443e-01
3.215000000000000000e+03,6.732418114552274346e-06,3.561377525329589844e-02,9.009380669264516195e-01
3.216000000000000000e+03,6.726314495608676225e-06,2.841353416442871094e-02,9.116685706544787049e-01
3.217000000000000000e+03,6.721130830555921420e-06,2.606511116027832031e-02,9.202339557025495109e-01
3.218000000000000000e+03,6.717073119943961501e-06,2.565383911132812500e-02,9.218139071717069699e-01
3.219000000000000000e+03,6.711735750286607072e-06,2.563595771789550781e-02,9.304816964816674529e-01
3.220000000000000000e+03,6.707456577714765444e-06,2.821087837219238281e-02,9.330344884387782312e-01
3.221000000000000000e+03,6.702719474560581148e-06,2.935528755187988281e-02,9.305328986126124580e-01
3.222000000000000000e+03,6.699327514070319012e-06,2.957582473754882812e-02,9.239351383108533877e-01
3.223000000000000000e+03,6.698078323097433895e-06,2.995729446411132812e-02,9.401515846401213850e-01
3.224000000000000000e+03,6.706104159093229100e-06,1.717209815979003906e-02,9.288944304223750725e-01
3.225000000000000000e+03,6.696571290376596153e-06,2.628564834594726562e-02,9.369331649807268736e-01
3.226000000000000000e+03,6.693816885672276840e-06,2.722144126892089844e-02,9.258588755163551509e-01
3.227000000000000000e+03,6.692172519251471385e-06,2.778172492980957031e-02,9.186905771840672141e-01
3.228000000000000000e+03,6.690315785817801952e-06,2.809166908264160156e-02,9.128681634366168085e-01
3.229000000000000000e+03,6.688618668704293668e-06,2.776980400085449219e-02,9.113247849181342897e-01
3.230000000000000000e+03,6.686660526611376554e-06,2.712607383728027344e-02,9.135923078599805791e-01
3.231000000000000000e+03,6.684911568299867213e-06,2.679824829101562500e-02,9.165254585041107127e-01
3.232000000000000000e+03,6.682588718831539154e-06,2.694129943847656250e-02,9.179737473508383649e-01
3.233000000000000000e+03,6.680098522338084877e-06,2.802014350891113281e-02,9.182517017759678213e-01
3.234000000000000000e+03,6.678014869976323098e-06,2.779364585876464844e-02,9.173446925992293499e-01
3.235000000000000000e+03,6.675803433608962223e-06,2.977252006530761719e-02,9.139799811371349669e-01
3.236000000000000000e+03,6.673906227661063895e-06,2.954602241516113281e-02,9.148431027730635767e-01
3.237000000000000000e+03,6.671336905128555372e-06,2.962350845336914062e-02,9.233572856901893777e-01
3.238000000000000000e+03,6.670338279946008697e-06,2.346038818359375000e-02,9.303354046789678033e-01
3.239000000000000000e+03,6.668156402156455442e-06,2.524852752685546875e-02,9.366917835062722464e-01
3.240000000000000000e+03,6.665824912488460541e-06,2.641677856445312500e-02,9.477075562495638206e-01
3.241000000000000000e+03,6.663322437816532329e-06,2.729892730712890625e-02,9.525278711485208882e-01
3.242000000000000000e+03,6.659568043687613681e-06,2.769827842712402344e-02,9.545028104849676565e-01
3.243000000000000000e+03,6.654744993284111843e-06,2.784132957458496094e-02,9.404441682455210172e-01
3.244000000000000000e+03,6.649219812970841303e-06,2.873539924621582031e-02,9.255736065010906621e-01
3.245000000000000000e+03,6.647624104516580701e-06,3.547072410583496094e-02,8.987656336563603077e-01
3.246000000000000000e+03,6.640926130785373971e-06,2.933740615844726562e-02,8.924238840093258185e-01
3.247000000000000000e+03,6.637606020376551896e-06,2.892613410949707031e-02,8.982462977567761131e-01
3.248000000000000000e+03,6.633256816712673753e-06,2.921223640441894531e-02,9.034396567526175037e-01
3.249000000000000000e+03,6.630254119954770431e-06,2.946257591247558594e-02,9.044929577320557357e-01
3.250000000000000000e+03,6.625597052334342152e-06,2.807378768920898438e-02,9.012672234825260809e-01
3.251000000000000000e+03,6.623072295042220503e-06,2.345442771911621094e-02,8.930529387609347225e-01
3.252000000000000000e+03,6.618689440074376762e-06,2.149939537048339844e-02,8.892932394315510303e-01
3.253000000000000000e+03,6.616402515646768734e-06,1.994371414184570312e-02,8.810716401198246395e-01
3.254000000000000000e+03,6.614711764996172860e-06,1.844763755798339844e-02,8.755856975185837276e-01
3.255000000000000000e+03,6.613076493522385135e-06,1.740455627441406250e-02,8.701948445890977935e-01
3.256000000000000000e+03,6.610388027183944359e-06,1.654624938964843750e-02,8.636556010084186497e-01
3.257000000000000000e+03,6.607192972296616063e-06,1.683235168457031250e-02,8.563410108734308412e-01
3.258000000000000000e+03,6.605818271054886281e-06,1.481175422668457031e-02,8.338852191590182539e-01
3.259000000000000000e+03,6.602484972972888499e-06,1.546144485473632812e-02,8.418215494554799339e-01
3.260000000000000000e+03,6.599279458896489814e-06,1.541972160339355469e-02,8.468247291078115913e-01
3.261000000000000000e+03,6.595420927624218166e-06,1.435279846191406250e-02,8.484558827079139443e-01
3.262000000000000000e+03,6.590358225366799161e-06,1.227855682373046875e-02,8.480243218899495838e-01
3.263000000000000000e+03,6.582812147826189175e-06,7.158517837524414062e-03,8.417264597837250673e-01
3.264000000000000000e+03,6.573929567821323872e-06,1.090764999389648438e-03,8.435989948582819364e-01
3.265000000000000000e+03,6.568253866134909913e-06,1.370906829833984375e-02,7.944668929215686903e-01
3.266000000000000000e+03,6.562939688592450693e-06,1.454353332519531250e-02,8.052851717312157209e-01
3.267000000000000000e+03,6.560494512086734176e-06,1.497268676757812500e-02,8.043708479643422171e-01
3.268000000000000000e+03,6.559325811394955963e-06,1.537799835205078125e-02,7.944668929215686903e-01
3.269000000000000000e+03,6.561205282196169719e-06,1.984834671020507812e-02,7.798596564219980598e-01
3.270000000000000000e+03,6.556079824804328382e-06,1.739263534545898438e-02,7.878837618000795739e-01
3.271000000000000000e+03,6.553088496730197221e-06,1.883506774902343750e-02,7.848555214841946848e-01
3.272000000000000000e+03,6.550303169206017628e-06,2.100467681884765625e-02,7.802400151090173042e-01
3.273000000000000000e+03,6.547324119310360402e-06,2.281665802001953125e-02,7.771678872523225534e-01
3.274000000000000000e+03,6.542471965076401830e-06,2.470016479492187500e-02,7.779359192164961856e-01
3.275000000000000000e+03,6.539391051774146035e-06,3.246068954467773438e-02,7.838461080455664254e-01
3.276000000000000000e+03,6.534978638228494674e-06,3.063678741455078125e-02,7.845702524689301960e-01
3.277000000000000000e+03,6.530275186378275976e-06,2.862215042114257812e-02,7.806715759269816646e-01
3.278000000000000000e+03,6.526676770590711385e-06,2.869367599487304688e-02,7.707749354743431702e-01
3.279000000000000000e+03,6.520038368762470782e-06,2.716779708862304688e-02,7.589545578162026906e-01
3.280000000000000000e+03,6.526057859446154907e-06,2.512931823730468750e-02,6.919967997205240806e-01
3.281000000000000000e+03,6.515557743114186451e-06,2.635717391967773438e-02,7.323440789051169908e-01
3.282000000000000000e+03,6.510359980893554166e-06,2.841949462890625000e-02,7.334485820155002278e-01
3.283000000000000000e+03,6.511070751002989709e-06,5.294084548950195312e-02,7.232666725475971337e-01
3.284000000000000000e+03,6.504642442450858653e-06,4.035234451293945312e-02,7.284966044941134644e-01
3.285000000000000000e+03,6.496403329947497696e-06,3.727674484252929688e-02,7.334046944746902552e-01
3.286000000000000000e+03,6.491814019682351500e-06,3.465414047241210938e-02,7.342678161106188650e-01
3.287000000000000000e+03,6.485855919891037047e-06,3.277063369750976562e-02,7.348383541411479536e-01
3.288000000000000000e+03,6.481704076577443630e-06,3.302097320556640625e-02,7.300911851435407662e-01
3.289000000000000000e+03,6.477308488683775067e-06,3.478527069091796875e-02,7.222572591089688743e-01
3.290000000000000000e+03,6.525453045469475910e-06,3.904104232788085938e-02,7.750539707033109460e-01
3.291000000000000000e+03,6.476274847955210134e-06,3.539323806762695312e-02,7.297986015381412450e-01
3.292000000000000000e+03,6.487765404017409310e-06,2.465248107910156250e-02,6.768336543706944264e-01
3.293000000000000000e+03,6.474037490988848731e-06,3.240108489990234375e-02,7.150523878260057753e-01
3.294000000000000000e+03,6.466914783231914043e-06,3.463029861450195312e-02,7.140941765183224099e-01
3.295000000000000000e+03,6.462401415774365887e-06,3.513097763061523438e-02,7.141453786492673039e-01
3.296000000000000000e+03,6.452093202824471518e-06,3.292560577392578125e-02,7.157253301184246519e-01
3.297000000000000000e+03,6.445569852076005191e-06,2.688169479370117188e-02,7.101077248947540443e-01
3.298000000000000000e+03,6.438810032705077901e-06,1.456737518310546875e-02,7.060700711402406737e-01
3.299000000000000000e+03,6.431361725844908506e-06,1.095533370971679688e-02,6.916164410335048363e-01
3.300000000000000000e+03,6.425504579965490848e-06,6.973743438720703125e-03,6.702505232492053100e-01
3.301000000000000000e+03,6.419859346351586282e-06,1.430511474609375000e-03,6.525931026633446930e-01
3.302000000000000000e+03,6.413861228793393821e-06,1.192092895507812500e-03,6.441447510574337398e-01
3.303000000000000000e+03,6.403288807632634416e-06,7.259845733642578125e-03,6.083032593959933898e-01
3.304000000000000000e+03,6.400139227480394766e-06,5.555152893066406250e-03,6.210599045914121374e-01
3.305000000000000000e+03,6.393915555236162618e-06,4.237890243530273438e-03,6.147766716654575747e-01
3.306000000000000000e+03,6.385257620422635227e-06,8.106231689453125000e-04,6.061893428469817824e-01
3.307000000000000000e+03,6.379420938174007460e-06,7.390975952148437500e-04,6.156397933013861845e-01
3.308000000000000000e+03,6.375005796144250780e-06,1.287460327148437500e-03,6.178049119813425749e-01
3.309000000000000000e+03,6.370812570821726695e-06,1.430511474609375000e-03,6.107024449602693750e-01
3.310000000000000000e+03,6.365557055687531829e-06,4.756450653076171875e-03,6.005278500825013133e-01
3.311000000000000000e+03,6.358968676067888737e-06,9.542703628540039062e-03,5.937179666668276345e-01
3.312000000000000000e+03,6.357587153615895659e-06,1.850724220275878906e-02,5.618702412190905715e-01
3.313000000000000000e+03,6.353248409141087905e-06,1.438856124877929688e-02,5.764994214890661883e-01
3.314000000000000000e+03,6.342610049614449963e-06,1.711845397949218750e-02,5.832654173639300055e-01
3.315000000000000000e+03,6.332590146485017613e-06,1.819729804992675781e-02,5.923720820819898814e-01
3.316000000000000000e+03,6.320672127912985161e-06,1.568794250488281250e-02,5.995696387748178369e-01
3.317000000000000000e+03,6.311692686722381040e-06,1.692771911621093750e-02,5.983261584518698717e-01
3.318000000000000000e+03,6.303689133346779272e-06,1.601576805114746094e-02,5.957294789539492319e-01
3.319000000000000000e+03,6.294316790445009246e-06,2.680420875549316406e-02,6.038340448235157698e-01
3.320000000000000000e+03,6.294603281276067719e-06,2.537965774536132812e-02,6.245635932660712486e-01
3.321000000000000000e+03,6.286108146014157683e-06,2.610087394714355469e-02,6.141037293730386981e-01
3.322000000000000000e+03,6.278723503783112392e-06,2.638697624206542969e-02,6.231226190094786288e-01
3.323000000000000000e+03,6.272083737712819129e-06,2.891421318054199219e-02,6.463098697373901302e-01
3.324000000000000000e+03,6.267720436881063506e-06,2.914071083068847656e-02,6.485627634989663548e-01
3.325000000000000000e+03,6.258918801904655993e-06,2.900958061218261719e-02,6.471656767831837076e-01
3.326000000000000000e+03,6.256330379983410239e-06,2.842545509338378906e-02,6.444812222036432336e-01
3.327000000000000000e+03,6.257666882447665557e-06,3.526210784912109375e-02,6.122823964294267229e-01
3.328000000000000000e+03,6.253719220694620162e-06,3.150105476379394531e-02,6.299910191462322340e-01
3.329000000000000000e+03,6.249609668884659186e-06,3.203153610229492188e-02,6.088737974265223674e-01
3.330000000000000000e+03,6.246045359148411080e-06,3.166198730468750000e-02,5.985163377953796049e-01
3.331000000000000000e+03,6.243094503588508815e-06,3.198385238647460938e-02,5.909823099563421556e-01
3.332000000000000000e+03,6.239294634724501520e-06,3.343820571899414062e-02,5.887733037355757926e-01
3.333000000000000000e+03,6.233537533262278885e-06,3.613829612731933594e-02,5.885831243920661704e-01
3.334000000000000000e+03,6.226535788300679997e-06,4.050135612487792969e-02,5.906019512693228002e-01
3.335000000000000000e+03,6.220817340363282710e-06,4.386901855468750000e-02,5.893950438970497752e-01
3.336000000000000000e+03,6.207358637766446918e-06,4.745125770568847656e-02,5.892560666844850470e-01
3.337000000000000000e+03,6.196606136654736474e-06,4.605650901794433594e-02,5.900679861894686518e-01
3.338000000000000000e+03,6.186763584992149845e-06,4.352331161499023438e-02,5.867617914484540842e-01
3.339000000000000000e+03,6.181329354149056599e-06,3.961920738220214844e-02,5.924744863438796694e-01
3.340000000000000000e+03,6.171810582600301132e-06,3.507733345031738281e-02,5.822121163844917735e-01
3.341000000000000000e+03,6.161626515677198768e-06,2.917051315307617188e-02,5.663321412014331591e-01
3.342000000000000000e+03,6.151563866296783090e-06,1.814365386962890625e-02,5.379442168875453456e-01
3.343000000000000000e+03,6.145271527202567086e-06,1.308917999267578125e-02,5.436057096520259257e-01
3.344000000000000000e+03,6.140348887129221112e-06,1.181364059448242188e-02,5.369421180390520076e-01
3.345000000000000000e+03,6.136417141533456743e-06,1.002550125122070312e-02,5.379442168875453456e-01
3.346000000000000000e+03,6.132294856797670946e-06,7.361173629760742188e-03,5.314708046180811607e-01
3.347000000000000000e+03,6.127852429926861078e-06,3.540515899658203125e-03,5.220788708847566850e-01
3.348000000000000000e+03,6.146717623778386042e-06,1.399517059326171875e-02,4.853230554564428312e-01
3.349000000000000000e+03,6.126480002421885729e-06,5.716085433959960938e-03,5.144643825542343230e-01
3.350000000000000000e+03,6.123976618255255744e-06,5.543231964111328125e-03,4.618944232540768691e-01
3.351000000000000000e+03,6.111999937274958938e-06,1.591444015502929688e-03,4.893972821616310309e-01
3.352000000000000000e+03,6.107438821345567703e-06,5.650520324707031250e-03,4.893460800306861924e-01
3.353000000000000000e+03,6.101879534980980679e-06,8.732080459594726562e-03,4.793836082668327392e-01
3.354000000000000000e+03,6.094047876104013994e-06,9.196996688842773438e-03,4.605558532593740928e-01
3.355000000000000000e+03,6.085402219468960539e-06,1.043677330017089844e-02,4.473383888854510215e-01
3.356000000000000000e+03,6.079138984205201268e-06,1.004338264465332031e-02,4.480991062594897323e-01
3.357000000000000000e+03,6.073116310290060937e-06,1.080632209777832031e-02,4.550991690186731442e-01
3.358000000000000000e+03,6.068711172702023759e-06,1.286864280700683594e-02,4.583980491695526238e-01
3.359000000000000000e+03,6.061799922463251278e-06,1.606345176696777344e-02,4.429276910340533835e-01
3.360000000000000000e+03,6.053908236935967579e-06,2.199411392211914062e-02,4.252629558580577340e-01
3.361000000000000000e+03,6.046642283763503656e-06,2.371668815612792969e-02,3.974382549845640877e-01
3.362000000000000000e+03,6.039827894710469991e-06,2.587437629699707031e-02,3.825018619289188293e-01
3.363000000000000000e+03,6.041308552084956318e-06,2.009868621826171875e-02,3.478526484594814949e-01
3.364000000000000000e+03,6.037239472789224237e-06,2.332329750061035156e-02,3.671851101862543265e-01
3.365000000000000000e+03,6.031468728906475008e-06,2.498626708984375000e-02,3.715811788573820107e-01
3.366000000000000000e+03,6.027416930010076612e-06,2.604722976684570312e-02,3.757066076935151600e-01
3.367000000000000000e+03,6.021911303832894191e-06,2.725124359130859375e-02,3.943295541771941748e-01
3.368000000000000000e+03,6.016088718752143905e-06,2.981424331665039062e-02,3.925521087743921722e-01
3.369000000000000000e+03,6.014340215187985450e-06,3.016591072082519531e-02,4.184018703114391613e-01
3.370000000000000000e+03,6.005613613524474204e-06,3.439784049987792969e-02,3.952292487637977247e-01
3.371000000000000000e+03,6.000130724714836106e-06,3.746747970581054688e-02,3.803513724292324483e-01
3.372000000000000000e+03,5.991923899273388088e-06,4.253387451171875000e-02,3.557450912151333133e-01
3.373000000000000000e+03,5.985868483548983932e-06,4.818439483642578125e-02,3.600094972638312463e-01
3.374000000000000000e+03,5.980743480904493481e-06,5.060434341430664062e-02,3.638789154452398145e-01
3.375000000000000000e+03,5.973793577140895650e-06,5.176663398742675781e-02,3.741193416342227795e-01
3.376000000000000000e+03,5.969328412902541459e-06,5.156993865966796875e-02,3.771914694909176968e-01
3.377000000000000000e+03,5.965721356915310025e-06,5.089640617370605469e-02,3.818801217674449022e-01
3.378000000000000000e+03,5.962426257610786706e-06,5.089640617370605469e-02,3.726344798368202427e-01
3.379000000000000000e+03,5.958427209407091141e-06,5.273818969726562500e-02,3.596291385768118909e-01
3.380000000000000000e+03,5.953158961347071454e-06,5.792975425720214844e-02,3.467042578082883963e-01
3.381000000000000000e+03,5.948259058641269803e-06,6.394982337951660156e-02,3.454607774853404867e-01
3.382000000000000000e+03,5.945870270807063207e-06,6.655454635620117188e-02,3.461264051876243864e-01
3.383000000000000000e+03,5.952824722044169903e-06,7.051229476928710938e-02,3.499080482874130649e-01
3.384000000000000000e+03,5.944818440184462816e-06,6.764531135559082031e-02,3.471797061670626183e-01
3.385000000000000000e+03,5.939769380347570404e-06,6.737709045410156250e-02,3.517293812310250400e-01
3.386000000000000000e+03,5.936072739132214338e-06,6.726980209350585938e-02,3.545967005639402703e-01
3.387000000000000000e+03,5.933204192842822522e-06,6.439685821533203125e-02,3.497690710748482812e-01
3.388000000000000000e+03,5.931027317274129018e-06,6.228089332580566406e-02,3.439759156879379498e-01
3.389000000000000000e+03,5.927996426180470735e-06,6.017088890075683594e-02,3.427763229057999572e-01
3.390000000000000000e+03,5.922836862737312913e-06,5.769729614257812500e-02,3.479477381312363060e-01
3.391000000000000000e+03,5.921392585150897503e-06,5.958080291748046875e-02,3.425422560214803624e-01
3.392000000000000000e+03,5.918051101616583765e-06,5.892515182495117188e-02,3.523511213924990226e-01
3.393000000000000000e+03,5.916208465350791812e-06,5.796551704406738281e-02,3.564180335075522454e-01
3.394000000000000000e+03,5.913756922382162884e-06,5.648136138916015625e-02,3.619259198791980880e-01
3.395000000000000000e+03,5.911542302783345804e-06,5.317330360412597656e-02,3.651223957681877796e-01
3.396000000000000000e+03,5.909910214541014284e-06,5.456805229187011719e-02,3.602947662790957906e-01
3.397000000000000000e+03,5.911114840273512527e-06,4.485845565795898438e-02,4.000715074331596677e-01
3.398000000000000000e+03,5.908049843128537759e-06,5.017518997192382812e-02,3.782886580111659014e-01
3.399000000000000000e+03,5.906015758228022605e-06,4.937648773193359375e-02,3.796784301368135162e-01
3.400000000000000000e+03,5.902337306906701997e-06,4.880428314208984375e-02,3.895823851795870985e-01
3.401000000000000000e+03,5.899816642340738326e-06,4.680156707763671875e-02,3.956169220409520570e-01
3.402000000000000000e+03,5.896990842302329838e-06,4.546642303466796875e-02,4.003128889076142394e-01
3.403000000000000000e+03,5.894574769627070054e-06,4.533529281616210938e-02,4.045772949563121168e-01
3.404000000000000000e+03,5.891712135053239763e-06,4.494786262512207031e-02,3.997350362869501739e-01
3.405000000000000000e+03,5.885589416720904410e-06,4.403591156005859375e-02,3.859031463416882080e-01
3.406000000000000000e+03,5.880554454051889479e-06,4.197359085083007812e-02,3.678507378885382262e-01
3.407000000000000000e+03,5.876822342543164268e-06,3.908872604370117188e-02,3.595267343149221029e-01
3.408000000000000000e+03,5.874915586900897324e-06,3.750324249267578125e-02,3.589049941534481203e-01
3.409000000000000000e+03,5.872020665265154094e-06,3.651380538940429688e-02,3.639301175761847640e-01
3.410000000000000000e+03,5.868806965736439452e-06,3.318190574645996094e-02,3.690576452608111957e-01
3.411000000000000000e+03,5.865813363925553858e-06,3.071427345275878906e-02,3.756042034316253164e-01
3.412000000000000000e+03,5.862961188540793955e-06,2.920627593994140625e-02,3.669876162526096719e-01
3.413000000000000000e+03,6.053280230844393373e-06,2.431869506835937500e-03,3.571348633407810391e-01
3.414000000000000000e+03,5.861738827661611140e-06,2.711415290832519531e-02,3.663293031404607492e-01
3.415000000000000000e+03,5.904298632231075317e-06,2.431273460388183594e-02,3.631694002021459977e-01
3.416000000000000000e+03,5.861576937604695559e-06,2.687573432922363281e-02,3.660367195350612279e-01
3.417000000000000000e+03,5.860951659997226670e-06,2.129077911376953125e-02,3.386143211189918123e-01
3.418000000000000000e+03,5.857184078195132315e-06,2.431869506835937500e-02,3.538798707307114211e-01
3.419000000000000000e+03,5.854827577422838658e-06,2.616047859191894531e-02,3.561766520330976182e-01
3.420000000000000000e+03,5.851851710758637637e-06,2.756118774414062500e-02,3.564692356384971395e-01
3.421000000000000000e+03,5.849354693054920062e-06,2.774596214294433594e-02,3.600094972638312463e-01
3.422000000000000000e+03,5.847003649250837043e-06,2.691149711608886719e-02,3.690576452608111957e-01
3.423000000000000000e+03,5.845400664838962257e-06,2.608299255371093750e-02,3.766136168702536313e-01
3.424000000000000000e+03,5.843236522196093574e-06,2.617239952087402344e-02,3.835039607774122228e-01
3.425000000000000000e+03,5.841181064170086756e-06,2.627372741699218750e-02,3.864224822412723470e-01
3.426000000000000000e+03,5.839217919856309891e-06,2.769231796264648438e-02,3.902041253410610255e-01
3.427000000000000000e+03,5.836955097038298845e-06,2.970099449157714844e-02,3.809219104597614813e-01
3.428000000000000000e+03,5.834679086547112092e-06,3.203153610229492188e-02,3.757943827751350496e-01
3.429000000000000000e+03,5.832320312038064003e-06,3.328323364257812500e-02,3.671412226454444094e-01
3.430000000000000000e+03,5.830167538078967482e-06,3.452301025390625000e-02,3.631694002021459977e-01
3.431000000000000000e+03,5.828328994539333507e-06,3.572702407836914062e-02,3.598193179203216241e-01
3.432000000000000000e+03,5.825393600389361382e-06,3.691911697387695312e-02,3.557962933460782629e-01
3.433000000000000000e+03,5.878269803361035883e-06,3.191828727722167969e-02,2.667850459934112961e-01
3.434000000000000000e+03,5.824970230605686083e-06,3.647208213806152344e-02,3.478014463285365454e-01
3.435000000000000000e+03,5.821755621582269669e-06,3.743767738342285156e-02,3.302903175453756890e-01
3.436000000000000000e+03,5.819653779326472431e-06,3.745555877685546875e-02,3.275619754250251869e-01
3.437000000000000000e+03,5.817284090881003067e-06,3.718137741088867188e-02,3.190477925078993859e-01
3.438000000000000000e+03,5.815707027068128809e-06,3.702044486999511719e-02,3.172849762853673372e-01
3.439000000000000000e+03,5.812130893900757656e-06,3.712773323059082031e-02,3.155075308825652791e-01
3.440000000000000000e+03,5.808507921756245196e-06,3.741979598999023438e-02,3.149881949829811401e-01
3.441000000000000000e+03,5.814820269733900204e-06,3.525018692016601562e-02,2.977111330841398784e-01
3.442000000000000000e+03,5.806765784654999152e-06,3.673434257507324219e-02,3.095315107422802470e-01
3.443000000000000000e+03,5.802829491585725918e-06,3.717541694641113281e-02,3.128303908931597266e-01
3.444000000000000000e+03,5.798508482257602736e-06,3.662109375000000000e-02,3.248848354356196899e-01
3.445000000000000000e+03,5.793554919364396483e-06,3.721117973327636719e-02,3.178555143158963703e-01
3.446000000000000000e+03,5.812376912217587233e-06,3.073215484619140625e-02,4.102680460813326602e-01
3.447000000000000000e+03,5.786733254353748634e-06,3.502368927001953125e-02,3.490961287824294046e-01
3.448000000000000000e+03,5.779376806458458304e-06,2.923607826232910156e-02,3.487157700954100492e-01
3.449000000000000000e+03,5.768389655713690445e-06,2.573728561401367188e-02,3.238315344561814024e-01
3.450000000000000000e+03,5.758067345595918596e-06,1.997351646423339844e-02,3.079515592731228435e-01
3.451000000000000000e+03,5.754195171903120354e-06,7.170438766479492188e-03,2.572614496376571247e-01
3.452000000000000000e+03,5.746474471379769966e-06,1.028180122375488281e-02,2.723733928565419959e-01
3.453000000000000000e+03,5.742965640820330009e-06,1.387000083923339844e-02,2.749993307150026545e-01
3.454000000000000000e+03,5.739788775827037171e-06,1.311302185058593750e-02,2.772083369357689620e-01
3.455000000000000000e+03,5.737633728131186217e-06,1.282095909118652344e-02,2.739460297355644225e-01
3.456000000000000000e+03,5.735581908083986491e-06,1.654028892517089844e-02,2.937027376901665265e-01
3.457000000000000000e+03,6.076707904867362231e-06,6.216168403625488281e-02,9.046685078952954040e-02
3.458000000000000000e+03,5.730606972065288574e-06,2.224445343017578125e-02,2.682625932006788561e-01
3.459000000000000000e+03,5.726192739530233666e-06,2.423524856567382812e-02,2.654903635395184369e-01
3.460000000000000000e+03,5.720879016735125333e-06,2.927184104919433594e-02,2.642468832165705273e-01
3.461000000000000000e+03,5.716564373869914562e-06,3.108382225036621094e-02,2.462237331239605087e-01
3.462000000000000000e+03,5.712349320674547926e-06,3.273487091064453125e-02,2.317408446566845970e-01
3.463000000000000000e+03,5.707473519578343257e-06,3.271698951721191406e-02,2.243311648499419220e-01
3.464000000000000000e+03,5.701855116058140993e-06,2.704262733459472656e-02,2.265767440213831696e-01
3.465000000000000000e+03,5.695992513210512698e-06,2.470612525939941406e-02,2.247627256679061991e-01
3.466000000000000000e+03,5.690740636055124924e-06,2.066493034362792969e-02,2.240897833754873225e-01
3.467000000000000000e+03,5.688365490641444921e-06,1.709461212158203125e-02,2.107187126087295415e-01
3.468000000000000000e+03,5.685702035407302901e-06,1.622438430786132812e-02,2.130081793209807617e-01
3.469000000000000000e+03,5.683662038791226223e-06,1.802444458007812500e-02,2.108576898212943251e-01
3.470000000000000000e+03,5.680718004441587254e-06,2.154707908630371094e-02,2.040258626352156879e-01
3.471000000000000000e+03,5.676341515936655924e-06,2.414584159851074219e-02,1.997175690457078656e-01
3.472000000000000000e+03,5.668840913131134585e-06,2.737045288085937500e-02,1.948972541467508535e-01
3.473000000000000000e+03,5.662378043780336156e-06,2.827644348144531250e-02,1.905962751473780081e-01
3.474000000000000000e+03,5.666489869327051565e-06,3.245472908020019531e-02,1.834791789460348543e-01
3.475000000000000000e+03,5.658883310388773680e-06,3.001093864440917969e-02,1.876338661427079391e-01
3.476000000000000000e+03,5.646837962558493018e-06,2.793669700622558594e-02,1.794634689619265255e-01
3.477000000000000000e+03,5.635515208268770948e-06,2.412796020507812500e-02,1.773202940523751214e-01
3.478000000000000000e+03,5.620466254185885191e-06,1.894831657409667969e-02,1.755501632397080403e-01
3.479000000000000000e+03,5.611591859633335844e-06,1.626014709472656250e-02,1.633201685340083809e-01
3.480000000000000000e+03,5.603472800430608913e-06,1.848340034484863281e-02,1.590703916655804573e-01
3.481000000000000000e+03,5.597193649009568617e-06,2.161264419555664062e-02,1.526189231665211754e-01
3.482000000000000000e+03,5.590527507592923939e-06,2.306699752807617188e-02,1.459333877831422988e-01
3.483000000000000000e+03,5.584901828115107492e-06,2.151131629943847656e-02,1.392551669898983990e-01
3.484000000000000000e+03,5.578170203079935163e-06,1.698732376098632812e-02,1.389186958436889607e-01
3.485000000000000000e+03,5.573032012762269005e-06,1.419782638549804688e-02,1.468915990908256919e-01
3.486000000000000000e+03,5.569332643062807620e-06,1.087188720703125000e-02,1.681477980231003699e-01
3.487000000000000000e+03,5.566716936300508678e-06,9.745359420776367188e-03,1.854906912331565072e-01
3.488000000000000000e+03,5.564511866396060213e-06,8.314847946166992188e-03,1.973330126617018343e-01
3.489000000000000000e+03,5.558830252994084731e-06,6.991624832153320312e-03,2.119987658823524190e-01
3.490000000000000000e+03,5.549757133849197999e-06,1.138448715209960938e-03,2.425956964170065400e-01
3.491000000000000000e+03,5.690864782081916928e-06,1.613497734069824219e-02,1.310920843992519902e-01
3.492000000000000000e+03,5.544915438804309815e-06,3.629922866821289062e-03,2.240458958346773777e-01
3.493000000000000000e+03,5.532582235900918022e-06,2.634525299072265625e-03,2.310240148234557755e-01
3.494000000000000000e+03,5.514491022040601820e-06,7.122755050659179688e-03,2.151074666897222487e-01
3.495000000000000000e+03,5.510180926648899913e-06,1.477599143981933594e-02,2.148221976744577322e-01
3.496000000000000000e+03,5.505959961737971753e-06,1.868009567260742188e-02,2.092777383521369772e-01
3.497000000000000000e+03,5.503376087290234864e-06,2.145171165466308594e-02,2.131471565335455454e-01
3.498000000000000000e+03,5.502210569829912856e-06,2.293586730957031250e-02,2.222757650220103243e-01
3.499000000000000000e+03,5.500448423845227808e-06,2.352595329284667969e-02,2.304022746619818207e-01
3.500000000000000000e+03,5.498755854205228388e-06,2.573728561401367188e-02,2.422153377299871568e-01
3.501000000000000000e+03,5.496298399521037936e-06,2.551078796386718750e-02,2.423543149425519405e-01
3.502000000000000000e+03,5.498772225109860301e-06,1.978874206542968750e-02,2.914498439285903020e-01
3.503000000000000000e+03,5.493647222465369850e-06,2.312064170837402344e-02,2.628644256810578339e-01
3.504000000000000000e+03,5.505424269358627498e-06,2.470612525939941406e-02,2.687380415594530780e-01
3.505000000000000000e+03,5.491926458489615470e-06,2.353787422180175781e-02,2.643858604291353109e-01
3.506000000000000000e+03,5.486580448632594198e-06,2.560615539550781250e-02,2.842815455963021987e-01
3.507000000000000000e+03,5.475894795381464064e-06,2.533197402954101562e-02,2.836086033038833221e-01
3.508000000000000000e+03,5.463611159939318895e-06,2.224445343017578125e-02,2.779690543098076727e-01
3.509000000000000000e+03,5.456886356114409864e-06,1.689791679382324219e-02,2.786858841430365219e-01
3.510000000000000000e+03,5.451071956485975534e-06,1.050829887390136719e-02,2.848008814958863377e-01
3.511000000000000000e+03,5.455703103507403284e-06,8.523464202880859375e-03,3.192379718514090636e-01
3.512000000000000000e+03,5.445981059892801568e-06,2.562999725341796875e-03,2.991959948815424153e-01
3.513000000000000000e+03,5.438592324935598299e-06,6.675720214843750000e-04,3.138836918725979586e-01
3.514000000000000000e+03,5.432988928077975288e-06,1.180171966552734375e-03,3.263696972330221713e-01
3.515000000000000000e+03,5.461924047267530113e-06,1.049041748046875000e-02,3.717859873811616978e-01
3.516000000000000000e+03,5.430963028629776090e-06,3.123283386230468750e-03,3.357982039170215316e-01
3.517000000000000000e+03,5.428398253570776433e-06,1.382827758789062500e-03,3.312485288530591099e-01
3.518000000000000000e+03,5.424666142062051222e-06,1.704692840576171875e-03,3.138836918725979586e-01
3.519000000000000000e+03,5.423365564638515934e-06,1.484155654907226562e-03,3.081929407475774707e-01
3.520000000000000000e+03,5.420891284302342683e-06,1.865625381469726562e-03,2.962774734176822911e-01
3.521000000000000000e+03,5.418653927335981280e-06,2.825260162353515625e-03,2.837110075657731656e-01
3.522000000000000000e+03,5.413993676484096795e-06,5.799531936645507812e-03,2.660096994391025760e-01
3.523000000000000000e+03,5.408142897067591548e-06,7.116794586181640625e-03,2.415935975685132298e-01
3.524000000000000000e+03,5.404680450737942010e-06,7.277727127075195312e-03,2.350397248075641043e-01
3.525000000000000000e+03,5.400753707363037392e-06,6.198883056640625000e-03,2.368537431610411026e-01
3.526000000000000000e+03,5.398742814577417448e-06,5.429983139038085938e-03,2.358516443125477369e-01
3.527000000000000000e+03,5.396286269387928769e-06,4.220008850097656250e-03,2.413010139631137085e-01
3.528000000000000000e+03,5.393918399931862950e-06,3.987550735473632812e-03,2.431150323165906790e-01
3.529000000000000000e+03,5.389907528297044337e-06,3.421306610107421875e-03,2.415935975685132298e-01
3.530000000000000000e+03,5.386817065300419927e-06,2.282857894897460938e-03,2.395308831504466551e-01
3.531000000000000000e+03,5.383088137023150921e-06,8.344650268554687500e-05,2.413887890447335705e-01
3.532000000000000000e+03,5.380064976634457707e-06,2.014636993408203125e-03,2.468893608262444084e-01
3.533000000000000000e+03,5.375874025048688054e-06,4.518032073974609375e-03,2.510513626130524978e-01
3.534000000000000000e+03,5.373420208343304694e-06,5.555152893066406250e-03,2.605164422477267427e-01
3.535000000000000000e+03,5.370997314457781613e-06,4.243850708007812500e-03,2.567421137380729856e-01
3.536000000000000000e+03,5.366328878153581172e-06,2.658367156982421875e-03,2.560691714456541090e-01
3.537000000000000000e+03,5.363333912100642920e-06,3.421306610107421875e-03,2.521046635924907298e-01
3.538000000000000000e+03,5.359734132071025670e-06,5.841255187988281250e-03,2.576052353740015954e-01
3.539000000000000000e+03,5.357109785109059885e-06,9.346008300781250000e-03,2.551621622689156377e-01
3.540000000000000000e+03,5.355089342629071325e-06,1.195669174194335938e-02,2.551621622689156377e-01
3.541000000000000000e+03,5.352532753022387624e-06,1.342296600341796875e-02,2.538747944051578109e-01
3.542000000000000000e+03,5.348152626538649201e-06,1.460313796997070312e-02,2.520095739207359187e-01
3.543000000000000000e+03,5.357331701816292480e-06,3.017187118530273438e-02,2.405402965890749423e-01
3.544000000000000000e+03,5.346361831470858306e-06,1.901388168334960938e-02,2.487545813106663006e-01
3.545000000000000000e+03,5.341654741641832516e-06,1.994371414184570312e-02,2.509562729412976312e-01
3.546000000000000000e+03,5.337598850019276142e-06,2.191066741943359375e-02,2.508099811385978706e-01
3.547000000000000000e+03,5.335285095497965813e-06,2.712011337280273438e-02,2.520095739207359187e-01
3.548000000000000000e+03,5.338391019904520363e-06,2.845525741577148438e-02,2.587463114350596616e-01
3.549000000000000000e+03,5.333645276550669223e-06,2.760887145996093750e-02,2.544965345666317380e-01
3.550000000000000000e+03,5.329899067874066532e-06,3.005266189575195312e-02,2.494275236030851772e-01
3.551000000000000000e+03,5.325735401129350066e-06,3.129243850708007812e-02,2.438318621498195005e-01
3.552000000000000000e+03,5.321357093635015190e-06,3.173351287841796875e-02,2.403866901962402047e-01
3.553000000000000000e+03,5.315986527421046048e-06,3.094673156738281250e-02,2.561715757075439526e-01
3.554000000000000000e+03,5.308047093421919271e-06,3.275871276855468750e-02,2.701717012259106654e-01
3.555000000000000000e+03,5.296301878843223676e-06,3.591775894165039062e-02,3.061814284604557623e-01
3.556000000000000000e+03,5.286657142278272659e-06,3.767013549804687500e-02,3.504859009080771304e-01
3.557000000000000000e+03,5.280943241814384237e-06,3.787279129028320312e-02,3.842719927415859105e-01
3.558000000000000000e+03,5.276604497339576483e-06,3.625154495239257812e-02,3.873880081390906893e-01
3.559000000000000000e+03,5.273759597912430763e-06,3.355741500854492188e-02,3.822604804544642576e-01
3.560000000000000000e+03,5.271698682918213308e-06,3.131628036499023438e-02,3.779521868649564076e-01
3.561000000000000000e+03,5.269685061648488045e-06,3.259181976318359375e-02,3.741193416342227795e-01
3.562000000000000000e+03,5.267962023935979232e-06,3.213882446289062500e-02,3.761820560522893819e-01
3.563000000000000000e+03,5.266268090053927153e-06,3.252029418945312500e-02,3.786251291573752842e-01
3.564000000000000000e+03,5.264352694211993366e-06,3.297328948974609375e-02,3.827871309441833736e-01
3.565000000000000000e+03,5.268683707981836051e-06,3.393888473510742188e-02,3.792980714497941608e-01
3.566000000000000000e+03,5.263171260594390333e-06,3.328323364257812500e-02,3.816899424239352245e-01
3.567000000000000000e+03,5.260929810901870951e-06,3.330707550048828125e-02,3.836502525801119279e-01
3.568000000000000000e+03,5.258280907582957298e-06,3.288984298706054688e-02,3.831236020903928119e-01
3.569000000000000000e+03,5.256932581687578931e-06,3.174543380737304688e-02,3.820264135701446628e-01
3.570000000000000000e+03,5.254712959867902100e-06,2.975463867187500000e-02,3.785739270264303902e-01
3.571000000000000000e+03,5.250577487458940595e-06,2.727508544921875000e-02,3.713544265631973929e-01
3.572000000000000000e+03,5.263738785288296640e-06,6.461143493652343750e-03,4.145324521300305376e-01
3.573000000000000000e+03,5.247336957836523652e-06,2.074241638183593750e-02,3.848937329030598931e-01
3.574000000000000000e+03,5.239753136265790090e-06,2.280473709106445312e-02,3.783325455519758185e-01
3.575000000000000000e+03,5.233213414612691849e-06,2.181529998779296875e-02,3.872417163363909842e-01
3.576000000000000000e+03,5.222550953476456925e-06,2.233982086181640625e-02,4.117529078787352526e-01
3.577000000000000000e+03,5.216352292336523533e-06,2.313852310180664062e-02,4.247801929091485906e-01
3.578000000000000000e+03,5.206432888371637091e-06,2.373456954956054688e-02,4.430154661156732177e-01
3.579000000000000000e+03,5.197468453843612224e-06,2.058744430541992188e-02,4.645788778336173985e-01
3.580000000000000000e+03,5.192026947042904794e-06,1.599788665771484375e-02,4.652006179950912701e-01
3.581000000000000000e+03,5.456881808640900999e-06,9.739398956298828125e-03,4.335869594316739128e-01
3.582000000000000000e+03,5.189638159208698198e-06,1.338720321655273438e-02,4.619968275159666016e-01
3.583000000000000000e+03,5.186402631807141006e-06,1.249313354492187500e-02,4.603656739158643596e-01
3.584000000000000000e+03,5.183732810110086575e-06,1.221895217895507812e-02,4.576739047461888532e-01
3.585000000000000000e+03,5.179567779123317450e-06,9.584426879882812500e-03,4.493937887133826470e-01
3.586000000000000000e+03,5.175092155695892870e-06,5.376338958740234375e-03,4.526487813234522095e-01
3.587000000000000000e+03,5.171966222405899316e-06,5.292892456054687500e-03,4.604095614566742767e-01
3.588000000000000000e+03,5.168153165868716314e-06,5.805492401123046875e-03,4.701891684671530292e-01
3.589000000000000000e+03,5.162704837857745588e-06,6.341934204101562500e-03,4.798078544946620672e-01
3.590000000000000000e+03,5.158884050615597516e-06,7.343292236328125000e-03,4.705695271541724400e-01
3.591000000000000000e+03,5.170929398445878178e-06,3.767013549804687500e-03,5.189628554872519617e-01
3.592000000000000000e+03,5.156774932402186096e-06,4.482269287109375000e-03,4.830262741540566895e-01
3.593000000000000000e+03,5.152960966370301321e-06,4.196166992187500000e-03,4.882488915104380434e-01
3.594000000000000000e+03,5.145799605088541284e-06,1.776218414306640625e-03,4.975896231128174585e-01
3.595000000000000000e+03,5.135974788572639227e-06,5.900859832763671875e-04,5.005593467076224767e-01
3.596000000000000000e+03,5.124982635607011616e-06,2.557039260864257812e-03,5.079397681538252440e-01
3.597000000000000000e+03,5.115251042298041284e-06,4.607439041137695312e-03,5.075594094668058887e-01
3.598000000000000000e+03,5.102391696709673852e-06,9.536743164062500000e-04,4.901141119948599356e-01
3.599000000000000000e+03,5.088476882519898936e-06,5.978345870971679688e-03,4.979772963899718463e-01
3.600000000000000000e+03,5.080386472400277853e-06,1.182556152343750000e-02,5.132135876411514364e-01
3.601000000000000000e+03,5.068495738669298589e-06,8.046627044677734375e-03,5.034339806306727949e-01
3.602000000000000000e+03,5.064594461146043614e-06,6.908178329467773438e-03,5.023806796512345629e-01
3.603000000000000000e+03,5.060479452367872000e-06,8.147954940795898438e-03,5.013346932619312524e-01
3.604000000000000000e+03,5.052559572504833341e-06,9.685754776000976562e-03,5.041069229230915605e-01
3.605000000000000000e+03,5.040925771027104929e-06,1.162290573120117188e-02,5.168050513974304927e-01
3.606000000000000000e+03,5.041465556132607162e-06,2.424120903015136719e-02,5.090003837233983974e-01
3.607000000000000000e+03,5.037444680056069046e-06,1.767277717590332031e-02,5.130672958384516757e-01
3.608000000000000000e+03,5.215695182414492592e-06,2.691745758056640625e-02,6.959832513440925572e-01
3.609000000000000000e+03,5.031971795688150451e-06,1.905560493469238281e-02,5.404384921235761974e-01
3.610000000000000000e+03,5.025495738664176315e-06,1.677274703979492188e-02,5.280256326645017539e-01
3.611000000000000000e+03,5.020923254051012918e-06,1.209378242492675781e-02,5.226567235054208060e-01
3.612000000000000000e+03,5.016896011511562392e-06,1.047849655151367188e-02,5.158029525489371547e-01
3.613000000000000000e+03,5.010852419218281284e-06,9.727478027343750000e-03,5.102950661772913676e-01
3.614000000000000000e+03,5.004653758078347892e-06,9.834766387939453125e-03,4.988331034357654237e-01
3.615000000000000000e+03,5.000574674340896308e-06,1.103878021240234375e-02,4.904944706818792355e-01
3.616000000000000000e+03,4.998733402317157015e-06,1.366138458251953125e-02,4.893021924898762753e-01
3.617000000000000000e+03,4.996864845452364534e-06,1.206994056701660156e-02,4.751192022181348618e-01
3.618000000000000000e+03,4.994932623958447948e-06,1.203417778015136719e-02,4.701379663362080796e-01
3.619000000000000000e+03,4.993217316950904205e-06,1.214742660522460938e-02,4.633792850514793504e-01
3.620000000000000000e+03,4.991201876691775396e-06,1.296401023864746094e-02,4.578275111390235907e-01
3.621000000000000000e+03,4.988403816241770983e-06,1.370906829833984375e-02,4.516905700157687886e-01
3.622000000000000000e+03,4.985044142813421786e-06,1.374483108520507812e-02,4.509737401825399949e-01
3.623000000000000000e+03,4.979529876436572522e-06,1.187920570373535156e-02,4.467605362647869560e-01
3.624000000000000000e+03,4.972749593434855342e-06,1.546144485473632812e-02,4.418231879236702575e-01
3.625000000000000000e+03,4.968118901160778478e-06,1.449584960937500000e-02,4.353058881133961000e-01
3.626000000000000000e+03,4.964798336004605517e-06,1.443624496459960938e-02,4.423059508725794009e-01
3.627000000000000000e+03,4.963870196661446244e-06,1.081228256225585938e-02,4.595464398207457224e-01
3.628000000000000000e+03,4.958591489412356168e-06,1.260042190551757812e-02,4.604095614566742767e-01
3.629000000000000000e+03,4.953425559506285936e-06,1.532435417175292969e-02,4.604607635876192262e-01
3.630000000000000000e+03,4.942292434861883521e-06,1.988410949707031250e-02,4.663490086462844242e-01
3.631000000000000000e+03,4.933543095830827951e-06,2.266764640808105469e-02,4.749290228746251841e-01
3.632000000000000000e+03,4.922626885672798380e-06,2.263784408569335938e-02,4.867055129919555245e-01
3.633000000000000000e+03,4.914976670988835394e-06,2.200007438659667969e-02,4.948539664023319795e-01
3.634000000000000000e+03,4.910016286885365844e-06,2.105832099914550781e-02,4.845111359514591709e-01
3.635000000000000000e+03,4.906184130959445611e-06,1.572370529174804688e-02,4.849938989003684253e-01
3.636000000000000000e+03,4.903388798993546516e-06,1.626610755920410156e-02,4.794786979385876058e-01
3.637000000000000000e+03,4.898849510936997831e-06,1.991391181945800781e-02,4.727200166538588211e-01
3.638000000000000000e+03,4.897413418802898377e-06,1.646280288696289062e-02,4.716667156744205891e-01
3.639000000000000000e+03,4.894010089628864080e-06,2.408623695373535156e-02,4.791861143331880846e-01
3.640000000000000000e+03,4.890000582236098126e-06,2.689361572265625000e-02,4.689822610948800041e-01
3.641000000000000000e+03,4.886128408543299884e-06,2.776384353637695312e-02,4.605997408001839544e-01
3.642000000000000000e+03,4.878675099462270737e-06,3.079771995544433594e-02,4.435494311955273106e-01
3.643000000000000000e+03,4.873660600424045697e-06,3.377199172973632812e-02,4.319558058315716154e-01
3.644000000000000000e+03,4.869989425060339272e-06,3.579258918762207031e-02,4.262650547065510720e-01
3.645000000000000000e+03,4.865568371315021068e-06,4.100203514099121094e-02,4.290372843677114911e-01
3.646000000000000000e+03,4.861551133217290044e-06,4.141926765441894531e-02,4.335430718908639403e-01
3.647000000000000000e+03,4.859452928940299898e-06,3.862977027893066406e-02,4.519831536211683098e-01
3.648000000000000000e+03,4.858366537519032136e-06,4.003047943115234375e-02,4.434982290645823610e-01
3.649000000000000000e+03,4.854590315517270938e-06,3.980994224548339844e-02,4.441199692260563991e-01
3.650000000000000000e+03,4.852443453273735940e-06,3.909468650817871094e-02,4.469946031491065508e-01
3.651000000000000000e+03,4.850253390031866729e-06,3.844499588012695312e-02,4.467093341338421175e-01
3.652000000000000000e+03,4.848473054153146222e-06,3.780126571655273438e-02,4.481503083904346818e-01
3.653000000000000000e+03,4.846644060307880864e-06,3.742575645446777344e-02,4.479601290469250041e-01
3.654000000000000000e+03,4.845400326303206384e-06,3.721117973327636719e-02,4.483404877339444150e-01
3.655000000000000000e+03,4.843856913794297725e-06,3.705620765686035156e-02,4.485818692083989867e-01
3.656000000000000000e+03,4.841392637899843976e-06,3.587603569030761719e-02,4.522172205054879046e-01
3.657000000000000000e+03,4.838610038859769702e-06,3.367662429809570312e-02,4.625161634155507406e-01
3.658000000000000000e+03,4.835898380406433716e-06,3.315806388854980469e-02,4.597878212952002941e-01
3.659000000000000000e+03,4.833055754716042429e-06,3.269314765930175781e-02,4.536581947620805244e-01
3.660000000000000000e+03,4.830532816413324326e-06,3.165602684020996094e-02,4.501545060874213577e-01
3.661000000000000000e+03,4.827717020816635340e-06,2.658963203430175781e-02,4.476163433105805334e-01
3.662000000000000000e+03,4.825003088626544923e-06,2.372264862060546875e-02,4.450342929929299030e-01
3.663000000000000000e+03,4.821277798328083009e-06,2.656579017639160156e-02,4.462777733158778126e-01
3.664000000000000000e+03,4.820049525733338669e-06,2.759099006652832031e-02,4.526999834543971590e-01
3.665000000000000000e+03,4.818916750082280487e-06,2.796053886413574219e-02,4.562402450797312103e-01
3.666000000000000000e+03,4.817283752345247194e-06,2.768039703369140625e-02,4.656760663538655476e-01
3.667000000000000000e+03,4.820123194804182276e-06,2.654790878295898438e-02,4.338283409061284845e-01
3.668000000000000000e+03,4.816569799004355446e-06,2.730488777160644531e-02,4.551430565594831168e-01
3.669000000000000000e+03,4.813230589206796139e-06,2.467632293701171875e-02,4.569131873721500869e-01
3.670000000000000000e+03,4.810263362742261961e-06,2.556443214416503906e-02,4.477699497034153264e-01
3.671000000000000000e+03,4.806353899766691029e-06,2.531409263610839844e-02,4.273549286366642996e-01
3.672000000000000000e+03,4.804586751561146230e-06,2.384781837463378906e-02,4.165366498270172690e-01
3.673000000000000000e+03,4.799907401320524514e-06,2.151727676391601562e-02,4.025072659481105930e-01
3.674000000000000000e+03,4.796942448592744768e-06,1.260042190551757812e-02,3.789542857134497456e-01
3.675000000000000000e+03,4.792354957317002118e-06,1.357793807983398438e-02,3.952804508947425632e-01
3.676000000000000000e+03,4.788545993505977094e-06,1.361370086669921875e-02,4.062523360972243314e-01
3.677000000000000000e+03,4.784530119650298730e-06,1.150369644165039062e-02,4.227174784910819882e-01
3.678000000000000000e+03,4.779419668921036646e-06,1.085996627807617188e-02,4.254019330706225177e-01
3.679000000000000000e+03,4.774246008310001343e-06,2.157688140869140625e-03,4.184530724423841108e-01
3.680000000000000000e+03,4.766370693687349558e-06,4.863739013671875000e-03,4.115627285352255194e-01
3.681000000000000000e+03,4.804800482816062868e-06,1.157522201538085938e-02,4.489110257644733926e-01
3.682000000000000000e+03,4.760699084727093577e-06,6.633996963500976562e-03,4.214227960371891291e-01
3.683000000000000000e+03,4.751698270410997793e-06,1.174211502075195312e-03,4.211814145627345574e-01
3.684000000000000000e+03,4.743844328913837671e-06,8.797645568847656250e-03,4.283204545344826419e-01
3.685000000000000000e+03,4.740297299576923251e-06,8.296966552734375000e-03,4.312901781292876602e-01
3.686000000000000000e+03,4.737757990369573236e-06,6.663799285888671875e-03,4.391460479342647050e-01
3.687000000000000000e+03,4.735544280265457928e-06,3.170967102050781250e-03,4.387144871163003446e-01
3.688000000000000000e+03,4.734048161481041461e-06,1.013278961181640625e-03,4.326799502549353860e-01
3.689000000000000000e+03,4.732658908324083313e-06,1.490116119384765625e-03,4.314803574727974489e-01
3.690000000000000000e+03,4.731095941679086536e-06,2.861022949218750000e-03,4.315754471445522045e-01
3.691000000000000000e+03,4.729840838990639895e-06,3.224611282348632812e-03,4.337844533653185675e-01
3.692000000000000000e+03,4.728177373181097209e-06,3.319978713989257812e-03,4.374198046624075409e-01
3.693000000000000000e+03,4.729183274321258068e-06,6.079673767089843750e-04,4.403895282572126146e-01
3.694000000000000000e+03,4.727212399302516133e-06,1.698732376098632812e-03,4.386632849853554506e-01
3.695000000000000000e+03,4.723835445474833250e-06,2.837181091308593750e-03,4.403895282572126146e-01
3.696000000000000000e+03,4.719788194051943719e-06,4.160404205322265625e-03,4.302368771498494282e-01
3.697000000000000000e+03,4.715257091447710991e-06,6.479024887084960938e-03,4.212838188246243454e-01
3.698000000000000000e+03,4.711721885541919619e-06,8.940696716308593750e-03,4.074958164201722410e-01
3.699000000000000000e+03,4.706292656919686124e-06,1.492500305175781250e-02,4.023682887355458093e-01
3.700000000000000000e+03,4.701892066805157810e-06,2.065896987915039062e-02,3.749385757293414168e-01
3.701000000000000000e+03,4.696585165220312774e-06,2.454519271850585938e-02,3.892532286235126371e-01
3.702000000000000000e+03,4.694119070336455479e-06,2.551674842834472656e-02,4.026974452916202707e-01
3.703000000000000000e+03,4.691698450187686831e-06,2.609491348266601562e-02,4.038019484020034522e-01
3.704000000000000000e+03,4.688776243710890412e-06,2.647042274475097656e-02,3.970578962975446768e-01
3.705000000000000000e+03,4.685717613028828055e-06,2.890229225158691406e-02,3.912574263204992575e-01
3.706000000000000000e+03,4.711342171503929421e-06,1.897215843200683594e-02,3.364199440784955142e-01
3.707000000000000000e+03,4.685257863457081839e-06,2.768039703369140625e-02,3.845133742160405377e-01
3.708000000000000000e+03,4.682494363805744797e-06,2.948641777038574219e-02,3.788665106318299114e-01
3.709000000000000000e+03,4.704389084508875385e-06,3.488659858703613281e-02,3.727880862296549802e-01
3.710000000000000000e+03,4.681730388256255537e-06,3.041028976440429688e-02,3.778132096523916239e-01
3.711000000000000000e+03,4.679111498262500390e-06,3.145337104797363281e-02,3.782447704703559288e-01
3.712000000000000000e+03,4.675677701015956700e-06,3.185868263244628906e-02,3.764673250675538707e-01
3.713000000000000000e+03,4.670291673392057419e-06,3.297328948974609375e-02,3.746021045831320340e-01
3.714000000000000000e+03,4.664763764594681561e-06,3.375411033630371094e-02,3.638789154452398145e-01
3.715000000000000000e+03,4.661364073399454355e-06,3.546476364135742188e-02,3.560815623613428071e-01
3.716000000000000000e+03,4.658215857489267364e-06,3.749132156372070312e-02,3.413938653702872084e-01
3.717000000000000000e+03,4.655296379496576265e-06,3.902912139892578125e-02,3.342621399886741007e-01
3.718000000000000000e+03,4.651827111956663430e-06,4.268884658813476562e-02,3.263696972330221713e-01
3.719000000000000000e+03,4.652148163586389273e-06,4.739165306091308594e-02,3.371367739117243079e-01
3.720000000000000000e+03,4.650395112548721954e-06,4.495978355407714844e-02,3.315849999992685482e-01
3.721000000000000000e+03,4.646890829462790862e-06,4.871487617492675781e-02,3.383802542346722175e-01
3.722000000000000000e+03,4.643962711270432919e-06,4.823803901672363281e-02,3.524462110642538337e-01
3.723000000000000000e+03,4.639820872398559004e-06,4.726052284240722656e-02,3.725467047552004085e-01
3.724000000000000000e+03,4.635957338905427605e-06,4.741549491882324219e-02,3.758455849060799436e-01
3.725000000000000000e+03,4.635619461623718962e-06,4.453063011169433594e-02,3.926545130362819602e-01
3.726000000000000000e+03,4.632625405065482482e-06,4.593133926391601562e-02,3.844621720850955882e-01
3.727000000000000000e+03,4.625986548489890993e-06,4.647970199584960938e-02,3.666584596965352105e-01
3.728000000000000000e+03,4.623118456947850063e-06,4.672408103942871094e-02,3.512978204130607907e-01
3.729000000000000000e+03,4.620360869012074545e-06,4.658102989196777344e-02,3.408160127496231984e-01
3.730000000000000000e+03,4.619127139449119568e-06,4.639029502868652344e-02,3.370855717807794139e-01
3.731000000000000000e+03,4.616992555384058505e-06,4.649162292480468750e-02,3.379925809575178852e-01
3.732000000000000000e+03,4.614958925230894238e-06,4.446506500244140625e-02,3.400991829163944047e-01
3.733000000000000000e+03,4.619053470378275961e-06,4.200935363769531250e-02,3.786763312883202337e-01
3.734000000000000000e+03,4.612246357282856479e-06,4.354715347290039062e-02,3.545016108921854592e-01
3.735000000000000000e+03,4.608466952049639076e-06,4.421472549438476562e-02,3.391921737396558778e-01
3.736000000000000000e+03,4.602759418048663065e-06,4.456043243408203125e-02,3.146956113775816188e-01
3.737000000000000000e+03,4.597799943439895287e-06,4.326105117797851562e-02,3.021145163454025950e-01
3.738000000000000000e+03,4.593176072376081720e-06,4.160404205322265625e-02,2.861979682116689849e-01
3.739000000000000000e+03,4.588872798194643110e-06,4.029870033264160156e-02,2.802146334812489759e-01
3.740000000000000000e+03,4.584740054269786924e-06,3.930330276489257812e-02,2.826577065863349336e-01
3.741000000000000000e+03,4.579877895594108850e-06,3.842711448669433594e-02,2.919764944183094180e-01
3.742000000000000000e+03,4.575726507027866319e-06,3.757476806640625000e-02,3.028386607687663101e-01
3.743000000000000000e+03,4.571966201183386147e-06,3.555417060852050781e-02,3.135984228573334143e-01
3.744000000000000000e+03,4.571003955788910389e-06,4.173517227172851562e-02,3.039797368298244873e-01
3.745000000000000000e+03,4.565359176922356710e-06,3.064870834350585938e-02,3.103434302472638517e-01
3.746000000000000000e+03,4.561276909953448921e-06,3.167390823364257812e-02,3.011124174969092016e-01
3.747000000000000000e+03,4.556255134957609698e-06,2.960562705993652344e-02,2.925031449080285340e-01
3.748000000000000000e+03,4.548628567135892808e-06,2.607703208923339844e-02,2.766743718559148690e-01
3.749000000000000000e+03,4.543662726064212620e-06,2.337098121643066406e-02,2.791613325018106884e-01
3.750000000000000000e+03,4.601990440278314054e-06,2.701282501220703125e-02,2.189768848711308169e-01
3.751000000000000000e+03,4.541346697806147859e-06,2.399086952209472656e-02,2.688843333621528386e-01
3.752000000000000000e+03,4.536031610768986866e-06,2.101659774780273438e-02,2.882533680396006104e-01
3.753000000000000000e+03,4.529647412709891796e-06,1.544356346130371094e-02,3.066641914093649612e-01
3.754000000000000000e+03,4.523009465629002079e-06,8.749961853027343750e-03,3.242630952741457073e-01
3.755000000000000000e+03,4.515763066592626274e-06,1.668930053710937500e-04,3.277521547685349201e-01
3.756000000000000000e+03,4.608082235790789127e-06,8.332729339599609375e-03,3.674703792015188708e-01
3.757000000000000000e+03,4.514274678513174877e-06,1.072883605957031250e-03,3.321555380297975812e-01
3.758000000000000000e+03,4.512699888437055051e-06,1.080036163330078125e-02,3.478014463285365454e-01
3.759000000000000000e+03,4.533858373179100454e-06,1.208782196044921875e-02,2.774862913608985293e-01
3.760000000000000000e+03,4.509559857979184017e-06,1.114606857299804688e-02,3.288054557479731521e-01
3.761000000000000000e+03,4.506202913034940138e-06,5.459785461425781250e-03,3.037017824046949199e-01
3.762000000000000000e+03,4.503677700995467603e-06,5.364418029785156250e-03,3.038919617482045976e-01
3.763000000000000000e+03,4.502490810409653932e-06,6.198883056640625000e-03,3.048428584657529861e-01
3.764000000000000000e+03,4.501137027546064928e-06,6.854534149169921875e-03,3.042723204352239530e-01
3.765000000000000000e+03,4.499522219703067094e-06,7.700920104980468750e-03,3.046014769912984144e-01
3.766000000000000000e+03,4.498603630054276437e-06,7.724761962890625000e-03,3.048940605966979356e-01
3.767000000000000000e+03,4.497656846069730818e-06,7.843971252441406250e-03,3.043235225661688470e-01
3.768000000000000000e+03,4.496351721172686666e-06,8.141994476318359375e-03,3.055158007581718627e-01
3.769000000000000000e+03,4.494947461353149265e-06,9.202957153320312500e-03,3.116820002419666280e-01
3.770000000000000000e+03,4.510774033406050876e-06,9.906291961669921875e-03,2.770547305429342244e-01
3.771000000000000000e+03,4.494464974413858727e-06,9.310245513916015625e-03,3.061375409196458452e-01
3.772000000000000000e+03,4.492537755140801892e-06,9.870529174804687500e-03,3.142201630188074524e-01
3.773000000000000000e+03,4.488645572564564645e-06,1.150369644165039062e-02,3.304366093480754496e-01
3.774000000000000000e+03,4.484280452743405476e-06,1.324415206909179688e-02,3.496666668129584377e-01
3.775000000000000000e+03,4.480264124140376225e-06,1.575946807861328125e-02,3.631694002021459977e-01
3.776000000000000000e+03,4.487430942390346900e-06,2.611875534057617188e-02,3.513417079538706522e-01
3.777000000000000000e+03,4.478814844333101064e-06,1.868009567260742188e-02,3.598193179203216241e-01
3.778000000000000000e+03,4.476476078707491979e-06,1.895427703857421875e-02,3.593877571023573192e-01
3.779000000000000000e+03,4.474958586797583848e-06,1.939535140991210938e-02,3.558474954770232124e-01
3.780000000000000000e+03,4.472425189305795357e-06,2.022981643676757812e-02,3.486645679644651552e-01
3.781000000000000000e+03,4.470030944503378123e-06,2.180337905883789062e-02,3.443635889650922821e-01
3.782000000000000000e+03,4.467602138902293518e-06,2.342462539672851562e-02,3.448390373238665041e-01
3.783000000000000000e+03,4.465259280550526455e-06,2.598762512207031250e-02,3.445537683086019598e-01
3.784000000000000000e+03,4.463546702027088031e-06,2.665519714355468750e-02,3.486206804236552381e-01
3.785000000000000000e+03,4.461840489966562018e-06,2.779960632324218750e-02,3.535946017154469323e-01
3.786000000000000000e+03,4.459682259039254859e-06,2.932548522949218750e-02,3.490449266514845106e-01
3.787000000000000000e+03,4.457627255760598928e-06,3.058910369873046875e-02,3.451243063391309929e-01
3.788000000000000000e+03,4.456088390725199133e-06,3.137588500976562500e-02,3.374220429269887966e-01
3.789000000000000000e+03,4.454329882719321176e-06,3.346204757690429688e-02,3.347887904783932167e-01
3.790000000000000000e+03,4.453015662875259295e-06,3.188848495483398438e-02,3.355056203116220104e-01
3.791000000000000000e+03,4.450185770110692829e-06,3.453493118286132812e-02,3.332600411401807627e-01
3.792000000000000000e+03,4.447954324859892949e-06,3.510713577270507812e-02,3.350301719528477884e-01
3.793000000000000000e+03,4.443808393261861056e-06,3.489255905151367188e-02,3.373708407960439581e-01
3.794000000000000000e+03,4.438245468918466941e-06,3.284215927124023438e-02,3.374732450579337462e-01
3.795000000000000000e+03,4.433527919900370762e-06,3.050565719604492188e-02,3.379925809575178852e-01
3.796000000000000000e+03,4.445138529263203964e-06,2.443790435791015625e-02,3.117332023729115220e-01
3.797000000000000000e+03,4.430703938851365820e-06,2.865791320800781250e-02,3.299611609893012276e-01
3.798000000000000000e+03,4.429655746207572520e-06,2.347230911254882812e-02,3.283738949300088472e-01
3.799000000000000000e+03,4.424931830726563931e-06,2.368688583374023438e-02,3.260405406769477654e-01
3.800000000000000000e+03,4.437024927028687671e-06,1.814365386962890625e-02,3.354617327708120933e-01
3.801000000000000000e+03,4.423848622536752373e-06,2.254247665405273438e-02,3.279935362429894918e-01
3.802000000000000000e+03,4.419846391101600602e-06,2.555847167968750000e-02,3.271816167380058316e-01
3.803000000000000000e+03,4.415933290147222579e-06,2.714395523071289062e-02,3.277521547685349201e-01
3.804000000000000000e+03,4.407527740113437176e-06,3.066062927246093750e-02,3.316362021302134977e-01
3.805000000000000000e+03,4.403762886795448139e-06,3.013610839843750000e-02,3.269402352635512599e-01
3.806000000000000000e+03,4.401091700856341049e-06,3.417730331420898438e-02,3.588099044816932537e-01
3.807000000000000000e+03,4.404214450914878398e-06,2.380609512329101562e-02,3.107749910652281566e-01
3.808000000000000000e+03,4.397615157358814031e-06,2.979040145874023438e-02,3.384753439064270841e-01
3.809000000000000000e+03,4.438705673237564042e-06,1.261830329895019531e-02,2.741874112100189942e-01
3.810000000000000000e+03,4.393981271277880296e-06,2.022981643676757812e-02,3.239778262588811630e-01
3.811000000000000000e+03,4.389779405755689368e-06,1.893043518066406250e-02,3.155075308825652791e-01
3.812000000000000000e+03,4.384415660751983523e-06,2.143383026123046875e-02,2.964310798105169731e-01
3.813000000000000000e+03,4.381106464279582724e-06,1.933574676513671875e-02,3.033141091275405876e-01
3.814000000000000000e+03,4.377065124572254717e-06,1.807212829589843750e-02,3.053695089554721021e-01
3.815000000000000000e+03,4.371839168015867472e-06,1.755952835083007812e-02,3.099630715602444964e-01
3.816000000000000000e+03,4.367435849417233840e-06,1.683235168457031250e-02,3.026484814252566879e-01
3.817000000000000000e+03,4.364363121567294002e-06,1.491308212280273438e-02,2.949462180131144917e-01
3.818000000000000000e+03,4.361785613582469523e-06,1.292228698730468750e-02,2.891530626262041048e-01
3.819000000000000000e+03,4.357460966275539249e-06,1.399517059326171875e-02,2.721832135130323183e-01
3.820000000000000000e+03,4.350763447291683406e-06,1.010894775390625000e-02,2.704569702411752097e-01
3.821000000000000000e+03,4.341116891737328842e-06,4.518032073974609375e-03,2.657317450139730641e-01
3.822000000000000000e+03,4.335469384386669844e-06,3.361701965332031250e-03,2.527702912947746294e-01
3.823000000000000000e+03,4.332337994128465652e-06,1.347064971923828125e-03,2.446949837857480270e-01
3.824000000000000000e+03,4.329362582211615518e-06,1.728534698486328125e-03,2.367586534892862360e-01
3.825000000000000000e+03,4.325439476815517992e-06,1.108646392822265625e-03,2.254795555011350205e-01
3.826000000000000000e+03,4.321733740653144196e-06,1.633167266845703125e-03,2.128179999774710562e-01
3.827000000000000000e+03,4.318204446462914348e-06,4.994869232177734375e-03,2.000101526511073591e-01
3.828000000000000000e+03,4.315012574807042256e-06,1.071691513061523438e-02,1.971867208590020737e-01
3.829000000000000000e+03,4.336898655310506001e-06,9.322166442871093750e-03,1.594068628117898956e-01
3.830000000000000000e+03,4.314350917411502451e-06,1.050233840942382812e-02,1.914081946523616684e-01
3.831000000000000000e+03,4.309479209041455761e-06,1.481175422668457031e-02,1.767497560218460328e-01
3.832000000000000000e+03,4.303924015403026715e-06,1.705288887023925781e-02,1.851981076277569860e-01
3.833000000000000000e+03,4.296185579732991755e-06,2.220869064331054688e-02,1.874436867991982614e-01
3.834000000000000000e+03,4.290748620405793190e-06,2.612471580505371094e-02,1.787539537188327088e-01
3.835000000000000000e+03,4.284237547835800797e-06,3.030300140380859375e-02,1.632762809931984638e-01
3.836000000000000000e+03,4.279231234249891713e-06,3.134012222290039062e-02,1.511413759592536432e-01
3.837000000000000000e+03,4.273173999536084011e-06,3.446340560913085938e-02,1.423126656663233069e-01
3.838000000000000000e+03,4.265105417289305478e-06,3.620982170104980469e-02,1.455530290961229434e-01
3.839000000000000000e+03,4.256444753991672769e-06,3.909468650817871094e-02,1.552009734841718891e-01
3.840000000000000000e+03,4.249619905749568716e-06,4.408359527587890625e-02,1.729754275121923313e-01
3.841000000000000000e+03,4.243554940330795944e-06,4.484057426452636719e-02,1.712052966995252778e-01
3.842000000000000000e+03,4.238679593981942162e-06,4.742741584777832031e-02,1.685793588410646193e-01
3.843000000000000000e+03,4.234170319250551984e-06,4.875659942626953125e-02,1.669994073719072714e-01
3.844000000000000000e+03,4.230933427606942132e-06,4.948973655700683594e-02,1.641832901699369351e-01
3.845000000000000000e+03,4.229007117828587070e-06,4.480481147766113281e-02,1.436000335300811892e-01
3.846000000000000000e+03,4.223501491651404649e-06,5.007386207580566406e-02,1.502855689134600381e-01
3.847000000000000000e+03,4.219153197482228279e-06,5.292892456054687500e-02,1.530504839844854803e-01
3.848000000000000000e+03,4.209412963973591104e-06,5.927681922912597656e-02,1.519606100543722804e-01
3.849000000000000000e+03,4.203404387226328254e-06,5.948543548583984375e-02,1.520995872669370363e-01
3.850000000000000000e+03,4.197262569505255669e-06,5.723237991333007812e-02,1.481350794137736571e-01
3.851000000000000000e+03,4.194583198113832623e-06,5.288720130920410156e-02,1.545353457818879894e-01
3.852000000000000000e+03,4.192363121546804905e-06,5.016922950744628906e-02,1.599774008423189564e-01
3.853000000000000000e+03,4.190587333141593263e-06,4.998445510864257812e-02,1.668092280283975937e-01
3.854000000000000000e+03,4.189169885648880154e-06,5.185008049011230469e-02,1.722000809578836111e-01
3.855000000000000000e+03,4.186795649729901925e-06,5.514621734619140625e-02,1.725438666942280541e-01
3.856000000000000000e+03,4.183179953543003649e-06,5.887150764465332031e-02,1.681990001540452639e-01
3.857000000000000000e+03,4.198655915388371795e-06,7.901787757873535156e-02,1.330450799652937444e-01
3.858000000000000000e+03,4.181462372798705474e-06,6.377696990966796875e-02,1.596482442862444950e-01
3.859000000000000000e+03,4.177024493401404470e-06,6.501674652099609375e-02,1.513388698928982978e-01
3.860000000000000000e+03,4.173994511802447960e-06,6.279349327087402344e-02,1.377264176516859451e-01
3.861000000000000000e+03,4.170946340309455991e-06,6.051659584045410156e-02,1.280272711326920776e-01
3.862000000000000000e+03,4.168244686297839507e-06,5.781054496765136719e-02,1.209248041116188777e-01
3.863000000000000000e+03,4.166314738540677354e-06,5.760192871093750000e-02,1.173845424862847708e-01
3.864000000000000000e+03,4.161953256698325276e-06,5.808472633361816406e-02,1.232581583646800150e-01
3.865000000000000000e+03,4.157846888119820505e-06,6.614327430725097656e-02,1.084168549807896786e-01
3.866000000000000000e+03,4.153525424044346437e-06,6.404519081115722656e-02,1.259279837639505628e-01
3.867000000000000000e+03,4.148657808400457725e-06,6.394982337951660156e-02,1.386773143692343613e-01
3.868000000000000000e+03,4.143130809097783640e-06,6.254911422729492188e-02,1.552009734841718891e-01
3.869000000000000000e+03,4.135934432270005345e-06,5.853176116943359375e-02,1.794195814211166085e-01
3.870000000000000000e+03,4.130807610636111349e-06,5.525946617126464844e-02,1.975231920052114842e-01
3.871000000000000000e+03,4.127467036596499383e-06,5.293488502502441406e-02,2.115672050643881419e-01
3.872000000000000000e+03,4.127676675125258043e-06,4.937052726745605469e-02,2.286760313901247121e-01
3.873000000000000000e+03,4.124965016671922058e-06,5.118846893310546875e-02,2.199350961788142378e-01
3.874000000000000000e+03,4.121886831853771582e-06,5.175471305847167969e-02,2.250041071423607986e-01
3.875000000000000000e+03,4.117472599318716675e-06,5.245804786682128906e-02,2.362832051305120418e-01
3.876000000000000000e+03,4.114811417821329087e-06,5.373954772949218750e-02,2.375266854534599792e-01
3.877000000000000000e+03,4.112167061975924298e-06,5.501508712768554688e-02,2.339352216971809229e-01
3.878000000000000000e+03,4.109232122573303059e-06,5.604624748229980469e-02,2.283980769649951448e-01
3.879000000000000000e+03,4.106127562408801168e-06,5.785822868347167969e-02,2.148221976744577322e-01
3.880000000000000000e+03,4.102902039448963478e-06,5.965828895568847656e-02,2.032139431302320276e-01
3.881000000000000000e+03,4.100748810742516071e-06,6.198883056640625000e-02,1.920299348138356232e-01
3.882000000000000000e+03,4.098529643670190126e-06,6.304979324340820312e-02,1.870121259812339842e-01
3.883000000000000000e+03,4.094658834219444543e-06,6.547570228576660156e-02,1.814237791181032844e-01
3.884000000000000000e+03,4.088170499016996473e-06,6.972551345825195312e-02,1.704884668662964564e-01
3.885000000000000000e+03,4.091244591108988971e-06,7.250905036926269531e-02,1.793683792901716867e-01
3.886000000000000000e+03,4.085217369720339775e-06,7.086992263793945312e-02,1.741165035732504252e-01
3.887000000000000000e+03,4.079549398738890886e-06,7.589459419250488281e-02,1.668531155692075107e-01
3.888000000000000000e+03,4.075766810274217278e-06,7.634162902832031250e-02,1.677674393360809868e-01
3.889000000000000000e+03,4.069890110258711502e-06,7.326006889343261719e-02,1.755940507805179851e-01
3.890000000000000000e+03,4.062721927766688168e-06,7.022023200988769531e-02,1.815261833799931002e-01
3.891000000000000000e+03,4.058066224388312548e-06,6.800889968872070312e-02,1.927979667780093664e-01
3.892000000000000000e+03,4.052286385558545589e-06,6.670951843261718750e-02,1.785637743753230311e-01
3.893000000000000000e+03,4.048913069709669799e-06,6.901621818542480469e-02,1.635103478775180585e-01
3.894000000000000000e+03,4.046471531182760373e-06,6.933808326721191406e-02,1.504318607161598265e-01
3.895000000000000000e+03,4.043798981001600623e-06,7.269382476806640625e-02,1.372948568337216679e-01
3.896000000000000000e+03,4.040612111566588283e-06,7.180571556091308594e-02,1.319917789858554846e-01
3.897000000000000000e+03,4.036799964524107054e-06,6.997585296630859375e-02,1.255037375361212626e-01
3.898000000000000000e+03,4.034063749713823199e-06,6.923675537109375000e-02,1.286490112941660602e-01
3.899000000000000000e+03,4.042190994368866086e-06,7.771849632263183594e-02,1.320941832477453282e-01
3.900000000000000000e+03,4.031891876365989447e-06,7.191896438598632812e-02,1.297535144045492139e-01
3.901000000000000000e+03,4.028022885904647410e-06,7.007718086242675781e-02,1.451214682781586385e-01
3.902000000000000000e+03,4.024195732199586928e-06,6.904006004333496094e-02,1.542500767666234729e-01
3.903000000000000000e+03,4.020946107630152255e-06,7.071495056152343750e-02,1.619815985393056046e-01
3.904000000000000000e+03,4.017257197119761258e-06,7.330179214477539062e-02,1.615500377213413274e-01
3.905000000000000000e+03,4.013466423202771693e-06,7.987618446350097656e-02,1.542939643074333900e-01
3.906000000000000000e+03,4.010150405520107597e-06,8.330941200256347656e-02,1.478936979393190299e-01
3.907000000000000000e+03,4.006810286227846518e-06,8.624196052551269531e-02,1.407766017379758761e-01
3.908000000000000000e+03,4.002722562290728092e-06,8.448958396911621094e-02,1.446533345095194212e-01
3.909000000000000000e+03,3.999005457444582134e-06,8.249282836914062500e-02,1.594068628117898956e-01
3.910000000000000000e+03,3.995754013885743916e-06,8.028745651245117188e-02,1.662825775386784499e-01
3.911000000000000000e+03,3.992185611423337832e-06,7.740259170532226562e-02,1.834791789460348543e-01
3.912000000000000000e+03,3.989739525422919542e-06,7.592439651489257812e-02,1.902671185913035745e-01
3.913000000000000000e+03,3.986249794252216816e-06,7.393360137939453125e-02,2.021606421507937956e-01
3.914000000000000000e+03,3.983971964771626517e-06,7.396340370178222656e-02,2.039746605042707661e-01
3.915000000000000000e+03,3.980918791057774797e-06,7.496476173400878906e-02,2.049255572218191823e-01
3.916000000000000000e+03,3.978478616772918031e-06,7.426142692565917969e-02,2.024971132970032062e-01
3.917000000000000000e+03,3.976158950536046177e-06,7.410049438476562500e-02,1.974281023334566454e-01
3.918000000000000000e+03,3.974389073846396059e-06,7.295012474060058594e-02,1.994835021613882431e-01
3.919000000000000000e+03,3.980889687227318063e-06,5.989074707031250000e-02,1.928930564497641775e-01
3.920000000000000000e+03,3.973148523073177785e-06,6.931424140930175781e-02,1.976694838079112448e-01
3.921000000000000000e+03,3.970730176661163568e-06,6.872415542602539062e-02,1.982400218384403057e-01
3.922000000000000000e+03,3.969169483752921224e-06,6.918311119079589844e-02,1.961846220105087080e-01
3.923000000000000000e+03,3.965290943597210571e-06,6.923079490661621094e-02,1.759744094675373405e-01
3.924000000000000000e+03,3.963461495004594326e-06,6.818175315856933594e-02,1.652365911493751949e-01
3.925000000000000000e+03,3.962188657169463113e-06,6.667375564575195312e-02,1.616524419832311432e-01
3.926000000000000000e+03,3.960025878768647090e-06,6.262660026550292969e-02,1.594580649427347896e-01
3.927000000000000000e+03,3.958858542318921536e-06,6.152391433715820312e-02,1.613159708370217049e-01
3.928000000000000000e+03,3.957170974899781868e-06,6.110072135925292969e-02,1.592166834682802179e-01
3.929000000000000000e+03,3.956321052100975066e-06,6.082057952880859375e-02,1.654779726238297943e-01
3.930000000000000000e+03,3.955187821702565998e-06,6.142854690551757812e-02,1.635615500084629803e-01
3.931000000000000000e+03,3.953674877266166732e-06,6.222724914550781250e-02,1.586900329785610742e-01
3.932000000000000000e+03,3.962189111916813999e-06,5.992054939270019531e-02,1.801364112543454021e-01
3.933000000000000000e+03,3.953159648517612368e-06,6.176233291625976562e-02,1.630348995187438643e-01
3.934000000000000000e+03,3.952225597458891571e-06,6.083846092224121094e-02,1.619815985393056046e-01
3.935000000000000000e+03,3.950683094444684684e-06,5.880594253540039062e-02,1.591654813373352961e-01
3.936000000000000000e+03,3.949510755774099380e-06,5.740523338317871094e-02,1.618426213267408487e-01
3.937000000000000000e+03,3.947801815229468048e-06,5.564689636230468750e-02,1.595970421552995733e-01
3.938000000000000000e+03,3.946808192267781124e-06,5.536675453186035156e-02,1.658583313108491497e-01
3.939000000000000000e+03,3.945599928556475788e-06,5.624890327453613281e-02,1.657559270489593339e-01
3.940000000000000000e+03,3.944239779229974374e-06,5.818009376525878906e-02,1.656681519673394720e-01
3.941000000000000000e+03,3.943051979149458930e-06,5.872845649719238281e-02,1.650829847565404573e-01
3.942000000000000000e+03,3.941245722671737894e-06,5.848407745361328125e-02,1.653243662309950568e-01
3.943000000000000000e+03,3.939659563911845908e-06,5.616545677185058594e-02,1.562542744636101488e-01
3.944000000000000000e+03,3.938053396268514916e-06,5.427598953247070312e-02,1.576879341300677362e-01
3.945000000000000000e+03,3.936706434615189210e-06,5.136132240295410156e-02,1.554935570895714103e-01
3.946000000000000000e+03,3.935415861633373424e-06,5.176663398742675781e-02,1.549157044689073726e-01
3.947000000000000000e+03,3.934427695639897138e-06,5.117654800415039062e-02,1.550619962716071054e-01
3.948000000000000000e+03,3.933460448024561629e-06,4.987716674804687500e-02,1.581633824888419582e-01
3.949000000000000000e+03,3.932583240384701639e-06,4.834532737731933594e-02,1.603065573983933900e-01
3.950000000000000000e+03,3.931773790100123733e-06,4.673600196838378906e-02,1.635615500084629803e-01
3.951000000000000000e+03,3.936033863283228129e-06,4.381537437438964844e-02,1.542500767666234729e-01
3.952000000000000000e+03,3.931550054403487593e-06,4.612207412719726562e-02,1.616012398522862492e-01
3.953000000000000000e+03,3.929921149392612278e-06,4.398822784423828125e-02,1.682867752356651259e-01
3.954000000000000000e+03,3.928390924556879327e-06,4.187226295471191406e-02,1.702982875227867787e-01
3.955000000000000000e+03,3.925605597032699734e-06,3.576278686523437500e-02,1.705835565380512953e-01
3.956000000000000000e+03,3.939514499506913126e-06,2.670288085937500000e-02,1.942316264444669538e-01
3.957000000000000000e+03,3.924575139535591006e-06,3.392100334167480469e-02,1.754038714370082797e-01
3.958000000000000000e+03,3.922164069081190974e-06,3.111362457275390625e-02,1.693400762151033856e-01
3.959000000000000000e+03,3.919353730452712625e-06,2.750754356384277344e-02,1.654779726238297943e-01
3.960000000000000000e+03,3.916286914318334311e-06,2.438426017761230469e-02,1.569272167560289977e-01
3.961000000000000000e+03,3.913694399670930579e-06,2.273917198181152344e-02,1.525311480849013412e-01
3.962000000000000000e+03,3.910772647941485047e-06,2.296566963195800781e-02,1.426418222223977683e-01
3.963000000000000000e+03,3.925402779714204371e-06,1.039505004882812500e-02,1.925126977627448221e-01
3.964000000000000000e+03,3.909753104380797595e-06,2.042651176452636719e-02,1.527213274284110189e-01
3.965000000000000000e+03,3.906774054485140368e-06,2.310872077941894531e-02,1.410691853433753973e-01
3.966000000000000000e+03,3.905049197783228010e-06,2.596378326416015625e-02,1.336229325859577821e-01
3.967000000000000000e+03,3.903909600921906531e-06,2.701282501220703125e-02,1.295121329300946145e-01
3.968000000000000000e+03,3.902875960193341598e-06,2.723932266235351562e-02,1.250282891773470684e-01
3.969000000000000000e+03,3.901653599314158782e-06,2.672672271728515625e-02,1.217732965672774781e-01
3.970000000000000000e+03,3.899427611031569541e-06,2.593994140625000000e-02,1.184817310065329476e-01
3.971000000000000000e+03,3.897750957548851147e-06,2.428293228149414062e-02,1.215831172237678004e-01
3.972000000000000000e+03,3.897081569448346272e-06,2.374053001403808594e-02,1.288391906376757379e-01
3.973000000000000000e+03,3.893071607308229432e-06,2.035498619079589844e-02,1.395916381361078373e-01
3.974000000000000000e+03,3.890179868903942406e-06,1.827478408813476562e-02,1.483252587572833348e-01
3.975000000000000000e+03,3.886704234901117161e-06,1.468062400817871094e-02,1.615061501805314104e-01
3.976000000000000000e+03,3.884154466504696757e-06,1.183152198791503906e-02,1.671456991746070320e-01
3.977000000000000000e+03,3.881933480442967266e-06,8.022785186767578125e-03,1.638468190237274968e-01
3.978000000000000000e+03,3.880330496031092480e-06,6.306171417236328125e-03,1.582584721605967970e-01
3.979000000000000000e+03,3.878023562720045447e-06,1.055002212524414062e-03,1.568248124941391819e-01
3.980000000000000000e+03,3.876407845382345840e-06,1.484155654907226562e-03,1.555813321711912722e-01
3.981000000000000000e+03,3.875098627759143710e-06,1.740455627441406250e-03,1.578269113426325199e-01
3.982000000000000000e+03,3.873701643897220492e-06,2.127885818481445312e-03,1.648050303314109177e-01
3.983000000000000000e+03,3.872410616168053821e-06,2.092123031616210938e-03,1.713442739120900338e-01
3.984000000000000000e+03,3.871037733915727586e-06,2.348423004150390625e-03,1.780298092954689104e-01
3.985000000000000000e+03,3.880872100125998259e-06,2.074241638183593750e-03,1.648928054130307796e-01
3.986000000000000000e+03,3.870453383569838479e-06,2.294778823852539062e-03,1.754038714370082797e-01
3.987000000000000000e+03,3.869008651236072183e-06,3.081560134887695312e-03,1.751698045526886849e-01
3.988000000000000000e+03,3.867643499688711017e-06,3.546476364135742188e-03,1.723536873507183487e-01
3.989000000000000000e+03,3.865534381475299597e-06,5.811452865600585938e-03,1.713954760430349555e-01
3.990000000000000000e+03,3.863691745209507644e-06,6.949901580810546875e-03,1.749796252091790072e-01
3.991000000000000000e+03,3.862354787997901440e-06,7.379055023193359375e-03,1.738312345579859086e-01
3.992000000000000000e+03,3.859940079564694315e-06,7.706880569458007812e-03,1.788417288004525707e-01
3.993000000000000000e+03,3.857634510495699942e-06,5.465745925903320312e-03,1.790831102749071702e-01
3.994000000000000000e+03,3.854490387311670929e-06,1.806020736694335938e-03,1.815627563306680403e-01
3.995000000000000000e+03,3.853526777675142512e-06,4.184246063232421875e-03,1.665678465539429665e-01
3.996000000000000000e+03,3.850449047604342923e-06,2.348423004150390625e-03,1.704884668662964564e-01
3.997000000000000000e+03,3.849086624541087076e-06,1.794099807739257812e-03,1.718197222708642280e-01
3.998000000000000000e+03,3.846770141535671428e-06,1.960992813110351562e-03,1.736337406243412262e-01
3.999000000000000000e+03,3.844468665192835033e-06,2.121925354003906250e-03,1.746431540629695411e-01
4.000000000000000000e+03,3.842138539766892791e-06,2.604722976684570312e-03,1.769399353653557105e-01
4.001000000000000000e+03,3.839676992356544361e-06,2.467632293701171875e-03,1.823381028849767604e-01
4.002000000000000000e+03,3.837547865259693936e-06,1.680850982666015625e-03,1.912180153088519907e-01
4.003000000000000000e+03,3.836382802546722814e-06,2.408027648925781250e-03,1.983863136411400663e-01
4.004000000000000000e+03,4.777905360242584720e-06,5.420446395874023438e-02,4.041823070890227521e-01
4.005000000000000000e+03,3.834669314528582618e-06,5.245208740234375000e-04,2.090436714678173269e-01
4.006000000000000000e+03,3.831115009234054014e-06,5.841255187988281250e-04,2.062714418066569355e-01
4.007000000000000000e+03,3.825205567409284413e-06,2.002716064453125000e-03,2.007708700251460976e-01
4.008000000000000000e+03,3.822840426437323913e-06,2.646446228027343750e-03,2.051669386962737818e-01
4.009000000000000000e+03,3.817638571490533650e-06,4.243850708007812500e-03,2.266718336931380362e-01
4.010000000000000000e+03,3.836272753687808290e-06,9.620189666748046875e-03,2.621914833886389573e-01
4.011000000000000000e+03,3.815582203969825059e-06,5.507469177246093750e-03,2.349885226766192103e-01
4.012000000000000000e+03,3.808732799370773137e-06,7.808208465576171875e-03,2.664924623880118304e-01
4.013000000000000000e+03,3.802288802035036497e-06,8.451938629150390625e-03,2.986254568510133822e-01
4.014000000000000000e+03,3.801337697950657457e-06,1.189708709716796875e-02,3.089097705808062644e-01
4.015000000000000000e+03,3.797181307163555175e-06,9.405612945556640625e-03,3.071908418990841327e-01
4.016000000000000000e+03,3.796083319684839807e-06,9.429454803466796875e-03,3.008710360224546299e-01
4.017000000000000000e+03,3.794472149820649065e-06,1.006126403808593750e-02,2.954216663718886582e-01
4.018000000000000000e+03,3.792468305618967861e-06,1.145601272583007812e-02,2.944195675233953757e-01
4.019000000000000000e+03,3.790896698774304241e-06,1.267194747924804688e-02,2.973307743971205230e-01
4.020000000000000000e+03,3.788079311561887152e-06,1.552104949951171875e-02,3.042723204352239530e-01
4.021000000000000000e+03,3.808068640864803456e-06,1.457929611206054688e-02,3.493813977976939489e-01
4.022000000000000000e+03,3.786027491514687426e-06,1.530647277832031250e-02,3.145054320340719411e-01
4.023000000000000000e+03,3.782392923312727362e-06,1.395940780639648438e-02,3.214469780721753711e-01
4.024000000000000000e+03,3.777445044761407189e-06,1.620054244995117188e-02,3.323457173733072589e-01
4.025000000000000000e+03,3.773126991291064769e-06,1.364946365356445312e-02,3.341231627761093170e-01
4.026000000000000000e+03,3.769135446418658830e-06,1.590251922607421875e-02,3.332088390092358687e-01
4.027000000000000000e+03,3.765264864341588691e-06,1.772642135620117188e-02,3.291492414843175673e-01
4.028000000000000000e+03,3.761114385270047933e-06,2.082586288452148438e-02,3.250750147791293676e-01
4.029000000000000000e+03,3.762470669244066812e-06,3.123283386230468750e-02,3.291931290251275399e-01
4.030000000000000000e+03,3.759754918064572848e-06,2.506971359252929688e-02,3.267500559200415822e-01
4.031000000000000000e+03,3.756464366233558394e-06,2.648830413818359375e-02,3.288054557479731521e-01
4.032000000000000000e+03,3.754425733859534375e-06,2.934932708740234375e-02,3.228806377386330140e-01
4.033000000000000000e+03,3.749372808670159429e-06,3.008842468261718750e-02,3.394335552141105050e-01
4.034000000000000000e+03,3.745806452570832334e-06,2.769231796264648438e-02,3.402454747190941653e-01
4.035000000000000000e+03,3.766292365980916657e-06,2.819299697875976562e-02,3.228294356076881200e-01
4.036000000000000000e+03,3.742949502338888124e-06,2.782344818115234375e-02,3.356957996551316881e-01
4.037000000000000000e+03,3.738980694834026508e-06,2.791881561279296875e-02,3.362297647349857810e-01
4.038000000000000000e+03,3.732022378244437277e-06,2.586841583251953125e-02,3.363175398166056707e-01
4.039000000000000000e+03,3.727490366145502776e-06,2.385377883911132812e-02,3.358859789986414213e-01
4.040000000000000000e+03,3.722204382938798517e-06,1.834630966186523438e-02,3.394774427549204221e-01
4.041000000000000000e+03,3.719620963238412514e-06,1.567602157592773438e-02,3.462726969903241470e-01
4.042000000000000000e+03,3.716929995789541863e-06,1.298189163208007812e-02,3.492863081259390823e-01
4.043000000000000000e+03,3.713276328198844567e-06,1.071691513061523438e-02,3.551233510536593863e-01
4.044000000000000000e+03,3.706370307554607280e-06,8.690357208251953125e-03,3.627817269249916654e-01
4.045000000000000000e+03,3.729700210897135548e-06,4.804134368896484375e-03,3.910672469769896353e-01
4.046000000000000000e+03,3.703662059706402943e-06,7.772445678710937500e-03,3.694892060787755006e-01
4.047000000000000000e+03,3.699371973198140040e-06,9.274482727050781250e-03,3.693868018168857126e-01
4.048000000000000000e+03,3.694763790917932056e-06,1.102685928344726562e-02,3.653198897018324343e-01
4.049000000000000000e+03,3.690505309350555763e-06,1.600980758666992188e-02,3.513929100848156017e-01
4.050000000000000000e+03,3.691939582495251670e-06,6.914138793945312500e-03,3.189600174262795518e-01
4.051000000000000000e+03,3.688463038997724652e-06,1.207590103149414062e-02,3.373708407960439581e-01
4.052000000000000000e+03,3.684857347252545878e-06,1.170635223388671875e-02,3.456509568288501089e-01
4.053000000000000000e+03,3.682596343423938379e-06,1.171827316284179688e-02,3.444513640467121163e-01
4.054000000000000000e+03,3.681203907035524026e-06,1.122951507568359375e-02,3.390019943961462001e-01
4.055000000000000000e+03,3.679169822135008872e-06,1.009702682495117188e-02,3.346937008066384056e-01
4.056000000000000000e+03,3.675010702863801271e-06,7.605552673339843750e-03,3.248848354356196899e-01
4.057000000000000000e+03,3.690847051984746940e-06,1.628398895263671875e-02,3.215347531537952608e-01
4.058000000000000000e+03,3.673315177366021089e-06,9.608268737792968750e-03,3.241241180615809236e-01
4.059000000000000000e+03,3.668713588922400959e-06,7.438659667968750000e-03,3.091950395960707532e-01
4.060000000000000000e+03,3.664558789751026779e-06,1.062154769897460938e-02,3.150759700646009742e-01
4.061000000000000000e+03,3.661376240415847860e-06,1.552104949951171875e-02,3.311022370503593493e-01
4.062000000000000000e+03,3.660060883703408763e-06,1.598596572875976562e-02,3.255577777280385665e-01
4.063000000000000000e+03,3.658794639704865403e-06,1.534223556518554688e-02,3.216371574156851043e-01
4.064000000000000000e+03,3.656284661701647565e-06,1.571178436279296875e-02,3.145054320340719411e-01
4.065000000000000000e+03,3.655139835245790891e-06,1.586675643920898438e-02,3.080978510758226041e-01
4.066000000000000000e+03,3.652518671515281312e-06,1.730918884277343750e-02,3.014050011023087228e-01
4.067000000000000000e+03,3.654562078736489639e-06,1.883506774902343750e-02,2.777788749662980505e-01
4.068000000000000000e+03,3.651341785371187143e-06,1.789331436157226562e-02,2.924592573672186169e-01
4.069000000000000000e+03,3.647676294349366799e-06,2.166032791137695312e-02,2.851812401829056931e-01
4.070000000000000000e+03,3.645933475127094425e-06,1.865625381469726562e-02,2.898772070495679309e-01
4.071000000000000000e+03,3.641975581558654085e-06,2.137422561645507812e-02,2.903526554083420974e-01
4.072000000000000000e+03,3.638114321802277118e-06,2.418756484985351562e-02,2.834184239603736444e-01
4.073000000000000000e+03,3.635470193330547772e-06,2.570152282714843750e-02,2.737046482611097953e-01
4.074000000000000000e+03,3.632485686466679908e-06,2.483129501342773438e-02,2.654391614085735429e-01
4.075000000000000000e+03,3.629854063547099940e-06,2.378225326538085938e-02,2.576052353740015954e-01
4.076000000000000000e+03,3.626764737418852746e-06,2.132654190063476562e-02,2.530555603100391737e-01
4.077000000000000000e+03,3.623731572588440031e-06,1.996755599975585938e-02,2.506710039260331424e-01
4.078000000000000000e+03,3.626003262979793362e-06,8.571147918701171875e-03,2.438318621498195005e-01
4.079000000000000000e+03,3.621493760874727741e-06,1.528263092041015625e-02,2.478475721339278293e-01
4.080000000000000000e+03,3.616244612203445286e-06,1.474618911743164062e-02,2.393407038069369497e-01
4.081000000000000000e+03,3.612683940446004272e-06,1.559257507324218750e-02,2.401965108527305548e-01
4.082000000000000000e+03,3.607622375056962483e-06,1.741647720336914062e-02,2.487033791797213789e-01
4.083000000000000000e+03,3.604774292398360558e-06,1.832246780395507812e-02,2.533481439154386394e-01
4.084000000000000000e+03,3.598814373617642559e-06,2.083778381347656250e-02,2.704130827003652926e-01
4.085000000000000000e+03,3.593770316001609899e-06,2.189874649047851562e-02,2.846619042833215540e-01
4.086000000000000000e+03,3.588851541280746460e-06,2.611875534057617188e-02,3.014050011023087228e-01
4.087000000000000000e+03,3.587970468288403936e-06,2.547502517700195312e-02,3.371806614525342249e-01
4.088000000000000000e+03,3.584797241273918189e-06,2.577304840087890625e-02,3.206350585671917663e-01
4.089000000000000000e+03,3.580321845220169052e-06,2.193450927734375000e-02,3.102044530346991236e-01
4.090000000000000000e+03,3.576451035769423470e-06,2.069473266601562500e-02,3.073810212425938104e-01
4.091000000000000000e+03,3.573106141629978083e-06,2.080202102661132812e-02,3.010173278251543905e-01
4.092000000000000000e+03,3.571188926798640750e-06,2.160072326660156250e-02,3.031239297840308544e-01
4.093000000000000000e+03,3.570109583961311728e-06,2.267360687255859375e-02,3.101532509037541741e-01
4.094000000000000000e+03,3.568794909369898960e-06,2.254247665405273438e-02,3.125890094187051549e-01
4.095000000000000000e+03,3.566936584320501424e-06,2.164840698242187500e-02,3.184260523464254033e-01
4.096000000000000000e+03,3.565778570191469043e-06,2.194643020629882812e-02,3.323969195042522085e-01
4.097000000000000000e+03,3.577374627639073879e-06,4.935264587402343750e-03,2.978647394769746160e-01
4.098000000000000000e+03,3.561818402886274271e-06,1.631975173950195312e-02,3.209642151232662277e-01
4.099000000000000000e+03,3.557780928531428799e-06,1.423358917236328125e-02,3.054207110864170516e-01
4.100000000000000000e+03,3.551590225470135920e-06,1.119375228881835938e-02,2.933662665439570882e-01
4.101000000000000000e+03,3.549134362401673570e-06,9.989738464355468750e-03,2.852836444447955366e-01
4.102000000000000000e+03,3.545435447449563071e-06,8.535385131835937500e-03,2.833672218294287504e-01
4.103000000000000000e+03,3.542083732099854387e-06,8.285045623779296875e-03,2.801707459404390588e-01
4.104000000000000000e+03,3.539596946211531758e-06,7.545948028564453125e-03,2.839889619909026774e-01
4.105000000000000000e+03,3.537858674462768249e-06,7.879734039306640625e-03,2.877194029597465175e-01
4.106000000000000000e+03,3.536628810252295807e-06,7.748603820800781250e-03,2.938417149027313102e-01
4.107000000000000000e+03,3.534841653163312003e-06,8.034706115722656250e-03,3.003517001228704908e-01
4.108000000000000000e+03,3.532936716510448605e-06,8.797645568847656250e-03,3.093413313987705138e-01
4.109000000000000000e+03,3.535951918820501305e-06,8.904933929443359375e-03,3.102044530346991236e-01
4.110000000000000000e+03,3.532126356731168926e-06,8.833408355712890625e-03,3.096266004140350581e-01
4.111000000000000000e+03,3.530494495862512849e-06,1.161098480224609375e-02,3.186162316899351366e-01
4.112000000000000000e+03,3.529593413986731321e-06,1.071691513061523438e-02,3.188576131643897082e-01
4.113000000000000000e+03,3.528252591422642581e-06,1.245737075805664062e-02,3.170435948109127100e-01
4.114000000000000000e+03,3.526811724441358820e-06,1.326799392700195312e-02,3.126914136805949429e-01
4.115000000000000000e+03,3.525575948515324853e-06,1.224279403686523438e-02,3.058961594451912736e-01
4.116000000000000000e+03,3.525326292219688185e-06,1.356601715087890625e-02,2.978647394769746160e-01
4.117000000000000000e+03,3.522782662912504748e-06,1.050233840942382812e-02,2.949462180131144917e-01
4.118000000000000000e+03,3.521538701534154825e-06,9.989738464355468750e-03,2.933662665439570882e-01
4.119000000000000000e+03,3.520027576087159105e-06,9.977817535400390625e-03,2.915010460595351960e-01
4.120000000000000000e+03,3.518418452586047351e-06,1.032352447509765625e-02,2.874780214852918903e-01
4.121000000000000000e+03,3.515322305247536860e-06,1.137256622314453125e-02,2.772522244765789345e-01
4.122000000000000000e+03,3.520389100231113844e-06,1.399517059326171875e-02,2.553523416124253154e-01
4.123000000000000000e+03,3.514276613714173436e-06,1.215934753417968750e-02,2.707495538465747309e-01
4.124000000000000000e+03,3.510031092446297407e-06,1.041889190673828125e-02,2.605164422477267427e-01
4.125000000000000000e+03,3.506395614749635570e-06,6.544589996337890625e-03,2.584610424197951728e-01
4.126000000000000000e+03,3.502949766698293388e-06,5.364418029785156250e-04,2.824163251118803064e-01
4.127000000000000000e+03,3.524137127897120081e-06,5.692243576049804688e-03,2.693597817209270051e-01
4.128000000000000000e+03,3.502358822515816428e-06,2.682209014892578125e-04,2.807412839709680918e-01
4.129000000000000000e+03,3.557793206709902734e-06,1.668930053710937500e-04,2.668216189440862363e-01
4.130000000000000000e+03,3.501546416373457760e-06,2.205371856689453125e-04,2.792564221735656105e-01
4.131000000000000000e+03,3.499508011373109184e-06,6.854534149169921875e-04,2.847643085452113976e-01
4.132000000000000000e+03,3.497323859846801497e-06,3.576278686523437500e-04,3.027874586378214716e-01
4.133000000000000000e+03,3.495744522297172807e-06,5.543231964111328125e-04,3.052232171527723414e-01
4.134000000000000000e+03,3.493573558444040827e-06,1.907348632812500000e-04,3.049452627276428296e-01
4.135000000000000000e+03,3.487587946437997743e-06,4.446506500244140625e-03,3.021657184763474335e-01
4.136000000000000000e+03,3.485069555608788505e-06,7.581710815429687500e-03,3.005418794663801685e-01
4.137000000000000000e+03,3.482604824966983870e-06,1.171827316284179688e-02,2.998689371739612919e-01
4.138000000000000000e+03,3.481006842775968835e-06,1.336336135864257812e-02,3.022681227382373326e-01
4.139000000000000000e+03,3.479590532151632942e-06,1.407861709594726562e-02,3.053256214146622405e-01
4.140000000000000000e+03,3.478265170997474343e-06,1.296997070312500000e-02,3.040309389607693258e-01
4.141000000000000000e+03,3.475647417872096412e-06,1.277923583984375000e-02,2.994373763559969870e-01
4.142000000000000000e+03,3.470225919954827987e-06,1.192092895507812500e-02,2.805949921682683312e-01
4.143000000000000000e+03,3.466762109383125789e-06,1.767873764038085938e-02,2.716565630233132023e-01
4.144000000000000000e+03,3.464684368736925535e-06,2.254247665405273438e-02,2.626669317474131238e-01
4.145000000000000000e+03,3.458356786723015830e-06,2.160072326660156250e-02,2.646784440345347766e-01
4.146000000000000000e+03,3.455626256254618056e-06,2.294778823852539062e-02,2.670191128777309464e-01
4.147000000000000000e+03,3.451209067861782387e-06,2.495050430297851562e-02,2.728927287561261350e-01
4.148000000000000000e+03,3.447042217885609716e-06,2.585649490356445312e-02,2.810265529862325806e-01
4.149000000000000000e+03,3.443096147748292424e-06,2.444982528686523438e-02,2.916473378622349566e-01
4.150000000000000000e+03,3.442709157752688043e-06,1.803636550903320312e-02,3.041699161733341095e-01
4.151000000000000000e+03,3.440707814661436714e-06,2.110004425048828125e-02,2.981938960330490773e-01
4.152000000000000000e+03,3.438717158132931218e-06,1.921653747558593750e-02,2.999713414358511354e-01
4.153000000000000000e+03,3.437221948843216524e-06,2.235174179077148438e-02,2.916912254030448737e-01
4.154000000000000000e+03,3.464578867351519875e-06,2.992153167724609375e-03,2.771059326738791739e-01
4.155000000000000000e+03,3.436115775912185200e-06,1.896619796752929688e-02,2.891530626262041048e-01
4.156000000000000000e+03,3.433564415900036693e-06,1.732110977172851562e-02,2.915522481904800900e-01
4.157000000000000000e+03,3.429667231102939695e-06,1.430511474609375000e-02,2.926933242515382672e-01
4.158000000000000000e+03,3.426291414143634029e-06,1.230239868164062500e-02,2.960434065333626408e-01
4.159000000000000000e+03,3.422451982260099612e-06,1.134872436523437500e-02,3.035116030611852422e-01
4.160000000000000000e+03,3.419525000936118886e-06,1.006126403808593750e-02,3.127353012214049155e-01
4.161000000000000000e+03,3.416238087083911523e-06,9.548664093017578125e-03,3.477575587877266283e-01
4.162000000000000000e+03,3.410529643588233739e-06,7.653236389160156250e-03,3.454095753543955372e-01
4.163000000000000000e+03,3.404956714803120121e-06,4.541873931884765625e-03,3.535507141746370152e-01
4.164000000000000000e+03,3.397085038159275427e-06,1.120567321777343750e-03,3.747922839266416561e-01
4.165000000000000000e+03,3.412548721826169640e-06,6.461143493652343750e-03,3.779009847340115136e-01
4.166000000000000000e+03,3.395955445739673451e-06,5.006790161132812500e-04,3.754652262190605883e-01
4.167000000000000000e+03,3.391691279830411077e-06,1.788139343261718750e-03,3.928446923797916934e-01
4.168000000000000000e+03,3.388555796846048906e-06,8.362531661987304688e-03,4.207059662039603909e-01
4.169000000000000000e+03,3.383458533789962530e-06,4.929304122924804688e-03,4.191260147348029319e-01
4.170000000000000000e+03,3.379338750164606608e-06,5.418062210083007812e-03,4.082565337942110073e-01
4.171000000000000000e+03,3.373716481291921809e-06,8.374452590942382812e-03,3.914988077949538847e-01
4.172000000000000000e+03,3.372167157067451626e-06,1.299381256103515625e-02,3.799636991520780605e-01
4.173000000000000000e+03,3.369042133272159845e-06,1.557469367980957031e-02,3.821653907827094465e-01
4.174000000000000000e+03,3.367554654687410221e-06,1.786351203918457031e-02,3.873368060081458508e-01
4.175000000000000000e+03,3.365528300491860136e-06,1.973509788513183594e-02,3.937443869663951879e-01
4.176000000000000000e+03,3.370913418621057644e-06,1.738667488098144531e-02,3.903577317338958186e-01
4.177000000000000000e+03,3.364908934599952772e-06,1.918077468872070312e-02,3.929324674614115276e-01
4.178000000000000000e+03,3.364072654221672565e-06,1.640319824218750000e-02,4.115627285352255194e-01
4.179000000000000000e+03,3.359442416694946587e-06,1.922249794006347656e-02,4.030924331589096354e-01
4.180000000000000000e+03,3.356780780450208113e-06,2.052187919616699219e-02,4.008834269381433280e-01
4.181000000000000000e+03,3.353513875481439754e-06,2.325773239135742188e-02,4.005981579228787837e-01
4.182000000000000000e+03,3.351767190906684846e-06,2.435445785522460938e-02,4.023170866046008598e-01
4.183000000000000000e+03,3.350632141518872231e-06,2.465844154357910156e-02,4.106484047683520711e-01
4.184000000000000000e+03,3.345104687468847260e-06,2.445578575134277344e-02,4.080151523197563801e-01
4.185000000000000000e+03,3.341833235026570037e-06,2.248287200927734375e-02,4.068740762586983695e-01
4.186000000000000000e+03,3.338668648211751133e-06,2.023577690124511719e-02,4.015051670996171995e-01
4.187000000000000000e+03,3.336721874802606180e-06,1.968145370483398438e-02,3.951414736821778351e-01
4.188000000000000000e+03,3.334829443701892160e-06,1.903176307678222656e-02,3.880097483005647274e-01
4.189000000000000000e+03,3.332843334646895528e-06,2.261996269226074219e-02,3.803513724292324483e-01
4.190000000000000000e+03,3.329871788082527928e-06,2.515316009521484375e-02,3.747045088450218220e-01
4.191000000000000000e+03,3.327308377265580930e-06,2.875328063964843750e-02,3.806805289853069096e-01
4.192000000000000000e+03,3.325900934214587323e-06,3.002285957336425781e-02,3.766575044110636039e-01
4.193000000000000000e+03,3.324743829580256715e-06,3.038644790649414062e-02,3.791078921062845386e-01
4.194000000000000000e+03,3.321085159768699668e-06,3.492832183837890625e-02,3.782447704703559288e-01
4.195000000000000000e+03,3.329250375827541575e-06,3.909468650817871094e-02,3.772353570317276139e-01
4.196000000000000000e+03,3.319791630929103121e-06,3.617405891418457031e-02,3.779521868649564076e-01
4.197000000000000000e+03,3.318188873890903778e-06,3.831386566162109375e-02,3.728392883605999297e-01
4.198000000000000000e+03,3.316645916129346006e-06,4.175901412963867188e-02,3.680921193629927979e-01
4.199000000000000000e+03,3.315635694889351726e-06,4.327893257141113281e-02,3.665194824839704268e-01
4.200000000000000000e+03,3.313984734631958418e-06,4.507899284362792969e-02,3.672801998580091931e-01
4.201000000000000000e+03,3.312082981210551225e-06,4.790425300598144531e-02,3.816899424239352245e-01
4.202000000000000000e+03,3.352282874402590096e-06,5.108118057250976562e-02,3.693868018168857126e-01
4.203000000000000000e+03,3.311551154183689505e-06,4.823803901672363281e-02,3.803952599700423653e-01
4.204000000000000000e+03,3.309716703370213509e-06,4.745125770568847656e-02,3.890118471490580099e-01
4.205000000000000000e+03,3.306740381958661601e-06,4.862546920776367188e-02,3.853691812618341150e-01
4.206000000000000000e+03,3.305026893940521404e-06,4.959106445312500000e-02,3.861445278161428352e-01
4.207000000000000000e+03,3.302931190773961134e-06,5.003809928894042969e-02,3.835551629083571168e-01
4.208000000000000000e+03,3.301045353509834968e-06,5.021095275878906250e-02,3.849888225748147041e-01
4.209000000000000000e+03,3.299488753327750601e-06,4.922747611999511719e-02,3.862323028977626693e-01
4.210000000000000000e+03,3.297650664535467513e-06,4.847645759582519531e-02,3.879585461696197779e-01
4.211000000000000000e+03,3.295371243439149112e-06,4.677772521972656250e-02,3.851351143775144648e-01
4.212000000000000000e+03,3.292931751275318675e-06,4.583597183227539062e-02,3.847474411003601324e-01
4.213000000000000000e+03,3.289544110884889960e-06,4.475712776184082031e-02,3.830285124186380008e-01
4.214000000000000000e+03,3.286769697297131643e-06,4.477500915527343750e-02,3.865687740439721076e-01
4.215000000000000000e+03,3.285126240371027961e-06,4.413127899169921875e-02,3.905479110774054963e-01
4.216000000000000000e+03,3.284035983597277664e-06,4.456043243408203125e-02,3.939857684408497596e-01
4.217000000000000000e+03,3.283109663243521936e-06,4.355311393737792969e-02,3.961435725306711730e-01
4.218000000000000000e+03,3.282244051661109552e-06,4.299283027648925781e-02,3.995887444842504133e-01
4.219000000000000000e+03,3.280817736595054157e-06,4.155635833740234375e-02,4.014100774278624439e-01
4.220000000000000000e+03,3.280002601968590170e-06,4.125833511352539062e-02,4.037141733203835625e-01
4.221000000000000000e+03,3.278782060078810900e-06,4.110932350158691406e-02,4.056305959357503488e-01
4.222000000000000000e+03,3.277343694207957014e-06,4.163384437561035156e-02,4.056671688864253444e-01
4.223000000000000000e+03,3.275851213402347639e-06,4.312396049499511719e-02,3.996399466151953073e-01
4.224000000000000000e+03,3.274151822552084923e-06,4.323124885559082031e-02,3.987768249792668085e-01
4.225000000000000000e+03,3.272343974458635785e-06,4.348754882812500000e-02,3.909794718953697457e-01
4.226000000000000000e+03,3.269606850153650157e-06,3.718733787536621094e-02,3.936054097538304042e-01
4.227000000000000000e+03,3.266720113970222883e-06,3.358125686645507812e-02,3.918425935312982999e-01
4.228000000000000000e+03,3.263492089899955317e-06,2.799034118652343750e-02,3.962386622024260396e-01
4.229000000000000000e+03,3.262925702074426226e-06,2.071261405944824219e-02,4.094488119862140230e-01
4.230000000000000000e+03,3.258938477301853709e-06,2.237558364868164062e-02,4.057695731483151880e-01
4.231000000000000000e+03,3.257312073401408270e-06,2.516508102416992188e-02,4.042847113509125956e-01
4.232000000000000000e+03,3.255124966017319821e-06,2.779364585876464844e-02,3.973358507226741887e-01
4.233000000000000000e+03,3.253909198974724859e-06,2.854466438293457031e-02,3.930348717233013711e-01
4.234000000000000000e+03,3.252634769523865543e-06,2.664923667907714844e-02,3.873880081390906893e-01
4.235000000000000000e+03,3.251583166274940595e-06,2.415776252746582031e-02,3.812583816059709196e-01
4.236000000000000000e+03,3.249921064707450569e-06,2.425909042358398438e-02,3.759479891679697316e-01
4.237000000000000000e+03,3.252061787861748599e-06,1.959204673767089844e-02,3.712008201703626553e-01
4.238000000000000000e+03,3.248315579185145907e-06,2.240538597106933594e-02,3.740827686835478394e-01
4.239000000000000000e+03,3.246678033974603750e-06,2.201199531555175781e-02,3.572299530125359057e-01
4.240000000000000000e+03,3.243894980187178589e-06,2.475976943969726562e-02,3.647932392121133183e-01
4.241000000000000000e+03,3.241072136006550863e-06,2.740025520324707031e-02,3.704913049272688386e-01
4.242000000000000000e+03,3.237985765736084431e-06,2.939701080322265625e-02,3.757578098244601095e-01
4.243000000000000000e+03,3.230612946936162189e-06,2.814531326293945312e-02,3.787202188291301508e-01
4.244000000000000000e+03,3.225187811040086672e-06,2.883672714233398438e-02,3.837453422518667945e-01
4.245000000000000000e+03,3.219541213184129447e-06,2.938508987426757812e-02,3.802489681673426047e-01
4.246000000000000000e+03,3.216315008103265427e-06,3.023743629455566406e-02,3.742729480270575726e-01
4.247000000000000000e+03,3.213002401025732979e-06,3.091096878051757812e-02,3.696793854222851783e-01
4.248000000000000000e+03,3.209263240933069028e-06,3.298521041870117188e-02,3.640325218380745520e-01
4.249000000000000000e+03,3.207370127711328678e-06,3.614425659179687500e-02,3.656563608480418726e-01
4.250000000000000000e+03,3.206190285709453747e-06,3.873109817504882812e-02,3.594755321839771534e-01
4.251000000000000000e+03,3.203444521204801276e-06,4.218816757202148438e-02,3.630231083994462926e-01
4.252000000000000000e+03,3.201708977940143086e-06,4.348158836364746094e-02,3.591975777588475860e-01
4.253000000000000000e+03,3.199035518264281563e-06,4.608035087585449219e-02,3.484743886209554220e-01
4.254000000000000000e+03,3.196846591890789568e-06,4.644989967346191406e-02,3.359883832605312093e-01
4.255000000000000000e+03,3.193285920133348554e-06,4.547834396362304688e-02,3.298587567274113841e-01
4.256000000000000000e+03,3.188127720932243392e-06,4.322528839111328125e-02,3.286664785354083684e-01
4.257000000000000000e+03,3.186035655744490214e-06,3.873705863952636719e-02,3.400991829163944047e-01
4.258000000000000000e+03,3.182807631674222648e-06,3.860592842102050781e-02,3.275180878842153254e-01
4.259000000000000000e+03,3.191915766365127638e-06,3.921389579772949219e-02,3.685748823119020523e-01
4.260000000000000000e+03,3.181283091180375777e-06,3.877282142639160156e-02,3.386143211189918123e-01
4.261000000000000000e+03,3.178674205628340133e-06,3.871321678161621094e-02,3.500031379591679315e-01
4.262000000000000000e+03,3.174815219608717598e-06,3.678202629089355469e-02,3.607263270970600955e-01
4.263000000000000000e+03,3.170957143083796836e-06,3.632903099060058594e-02,3.504346987771321809e-01
4.264000000000000000e+03,3.169611773046199232e-06,3.256797790527343750e-02,3.518244709027799066e-01
4.265000000000000000e+03,3.162635493936249986e-06,3.386139869689941406e-02,3.333990183527454909e-01
4.266000000000000000e+03,3.159376092298771255e-06,3.445148468017578125e-02,3.249872396975095334e-01
4.267000000000000000e+03,3.154582827846752480e-06,3.480911254882812500e-02,3.200498913563927239e-01
4.268000000000000000e+03,3.150273187202401459e-06,3.471374511718750000e-02,3.260771136276227056e-01
4.269000000000000000e+03,3.143798039673129097e-06,3.553032875061035156e-02,3.247458582230549062e-01
4.270000000000000000e+03,3.135488668704056181e-06,3.010630607604980469e-02,3.528265697512731891e-01
4.271000000000000000e+03,3.130104232695885003e-06,2.756118774414062500e-02,3.732196470476192851e-01
4.272000000000000000e+03,3.127039235550910234e-06,2.794265747070312500e-02,3.880975233821845616e-01
4.273000000000000000e+03,3.124342129012802616e-06,2.857446670532226562e-02,3.898749687849866197e-01
4.274000000000000000e+03,3.121428335361997597e-06,2.894997596740722656e-02,3.922229522183177108e-01
4.275000000000000000e+03,3.117003416264196858e-06,2.836585044860839844e-02,3.980599951460379593e-01
4.276000000000000000e+03,3.115390200036927126e-06,2.699494361877441406e-02,4.279400958474632866e-01
4.277000000000000000e+03,3.108541704932576977e-06,2.437829971313476562e-02,4.264040319191158002e-01
4.278000000000000000e+03,3.105692940152948722e-06,2.232789993286132812e-02,4.341136099213930288e-01
4.279000000000000000e+03,3.102212531302939169e-06,2.032518386840820312e-02,4.526487813234522095e-01
4.280000000000000000e+03,3.099352625213214196e-06,1.960992813110351562e-02,4.714326487901009943e-01
4.281000000000000000e+03,3.096415184700163081e-06,2.021789550781250000e-02,4.985478344205008794e-01
4.282000000000000000e+03,3.093372924922732636e-06,2.198815345764160156e-02,5.122992638742779326e-01
4.283000000000000000e+03,3.091105327257537283e-06,2.416372299194335938e-02,5.195333935177809392e-01
4.284000000000000000e+03,3.089221081609139219e-06,2.575516700744628906e-02,5.148447412412537894e-01
4.285000000000000000e+03,3.084265472352853976e-06,3.001689910888671875e-02,5.159492443516369153e-01
4.286000000000000000e+03,3.084951686105341651e-06,3.932118415832519531e-02,5.195333935177809392e-01
4.287000000000000000e+03,3.081744580413214862e-06,3.437399864196777344e-02,5.176242854925491299e-01
4.288000000000000000e+03,3.076070697716204450e-06,3.660321235656738281e-02,5.204989194155993371e-01
4.289000000000000000e+03,3.075933364016236737e-06,3.807544708251953125e-02,5.441835622726899357e-01
4.290000000000000000e+03,3.071900437134900130e-06,3.734230995178222656e-02,5.323851283849545535e-01
4.291000000000000000e+03,3.063423491767025553e-06,3.533363342285156250e-02,5.491209106138067453e-01
4.292000000000000000e+03,3.060753897443646565e-06,3.085732460021972656e-02,5.730030474045421096e-01
4.293000000000000000e+03,3.052423380722757429e-06,2.523064613342285156e-02,5.958830853467840249e-01
4.294000000000000000e+03,3.048852022402570583e-06,2.709031105041503906e-02,5.865716121049444620e-01
4.295000000000000000e+03,3.044511231564683840e-06,2.800822257995605469e-02,5.851818399792967362e-01
4.296000000000000000e+03,3.039974899365915917e-06,2.957582473754882812e-02,5.872957565283082326e-01
4.297000000000000000e+03,3.036567250092048198e-06,2.926588058471679688e-02,5.974630368159413729e-01
4.298000000000000000e+03,3.034213705177535303e-06,2.899765968322753906e-02,6.035999779391961750e-01
4.299000000000000000e+03,3.032343329323339276e-06,2.850890159606933594e-02,6.002425810672367135e-01
4.300000000000000000e+03,3.081336217292118818e-06,2.506971359252929688e-02,6.447226036780977498e-01
4.301000000000000000e+03,3.029205345228547230e-06,2.779960632324218750e-02,6.094077625063765158e-01
4.302000000000000000e+03,3.025932073796866462e-06,2.659559249877929688e-02,6.072426438264200144e-01
4.303000000000000000e+03,3.020439635292859748e-06,2.502202987670898438e-02,6.089249995574672614e-01
4.304000000000000000e+03,3.016581104020588100e-06,2.466440200805664062e-02,6.129041365909007055e-01
4.305000000000000000e+03,3.012855358974775299e-06,2.508163452148437500e-02,6.275406314510113548e-01
4.306000000000000000e+03,3.008806970683508553e-06,2.589225769042968750e-02,6.392951777979367645e-01
4.307000000000000000e+03,3.004053951372043230e-06,2.384185791015625000e-02,6.468804077679192188e-01
4.308000000000000000e+03,3.000331389557686634e-06,2.325177192687988281e-02,6.520664521736255770e-01
4.309000000000000000e+03,2.996817329403711483e-06,2.515912055969238281e-02,6.488041449734209820e-01
4.310000000000000000e+03,2.993579528265399858e-06,2.343058586120605469e-02,6.527832820068543151e-01
4.311000000000000000e+03,2.989520908158738166e-06,2.443194389343261719e-02,6.521615418453804436e-01
4.312000000000000000e+03,2.985983428516192362e-06,2.278089523315429688e-02,6.642086717977053745e-01
4.313000000000000000e+03,2.983712647619540803e-06,2.196431159973144531e-02,6.653643770390335055e-01
4.314000000000000000e+03,2.981503484988934360e-06,2.002120018005371094e-02,6.691972222697670780e-01
4.315000000000000000e+03,2.979179271278553642e-06,1.778006553649902344e-02,6.649328162210691451e-01
4.316000000000000000e+03,2.977047643071273342e-06,1.536011695861816406e-02,6.599808386996823817e-01
4.317000000000000000e+03,2.974867811644799076e-06,1.308321952819824219e-02,6.468292056369742138e-01
4.318000000000000000e+03,2.972457650685100816e-06,1.134276390075683594e-02,6.320025314333539423e-01
4.319000000000000000e+03,2.969569322885945439e-06,1.109838485717773438e-02,6.197652221375192783e-01
4.320000000000000000e+03,2.966998636111384258e-06,1.118779182434082031e-02,6.142939087165484313e-01
4.321000000000000000e+03,2.963680344691965729e-06,1.149773597717285156e-02,6.142500211757384587e-01
4.322000000000000000e+03,2.959459834528388456e-06,1.102089881896972656e-02,6.173221490324333205e-01
4.323000000000000000e+03,2.955881427624262869e-06,1.059770584106445312e-02,6.200066036119739055e-01
4.324000000000000000e+03,2.951833266706671566e-06,7.069110870361328125e-03,6.232250232713685278e-01
4.325000000000000000e+03,2.949402187368832529e-06,4.231929779052734375e-03,6.216377572120761474e-01
4.326000000000000000e+03,2.949449253719649278e-06,3.403425216674804688e-03,6.185656293553812857e-01
4.327000000000000000e+03,2.947886287074652500e-06,3.820657730102539062e-03,6.201528954146735551e-01
4.328000000000000000e+03,2.946200993392267264e-06,2.259016036987304688e-03,6.141549315039835921e-01
4.329000000000000000e+03,2.944422249129274860e-06,1.996755599975585938e-03,6.082520572650484958e-01
4.330000000000000000e+03,2.941163984360173345e-06,4.410743713378906250e-03,5.976020140285062121e-01
4.331000000000000000e+03,2.938829766208073124e-06,5.704164505004882812e-03,5.971704532105418517e-01
4.332000000000000000e+03,2.936960527222254314e-06,9.042024612426757812e-03,6.011495902439752959e-01
4.333000000000000000e+03,2.934432814072351903e-06,1.261234283447265625e-02,6.105561531575696144e-01
4.334000000000000000e+03,2.932356437668204308e-06,1.544356346130371094e-02,6.185656293553812857e-01
4.335000000000000000e+03,2.930115897470386699e-06,1.792311668395996094e-02,6.273504521075016216e-01
4.336000000000000000e+03,2.928585445260978304e-06,1.890063285827636719e-02,6.300861088179871006e-01
4.337000000000000000e+03,2.927225978055503219e-06,1.915097236633300781e-02,6.267725994868376116e-01
4.338000000000000000e+03,2.926073875642032363e-06,1.809000968933105469e-02,6.261508593253636290e-01
4.339000000000000000e+03,2.925393118857755326e-06,1.714825630187988281e-02,6.225008788480047572e-01
4.340000000000000000e+03,2.924624368461081758e-06,1.620054244995117188e-02,6.242783242508067598e-01
4.341000000000000000e+03,2.924020463979104534e-06,1.549720764160156250e-02,6.275406314510113548e-01
4.342000000000000000e+03,2.924264663306530565e-06,1.411437988281250000e-02,6.201967829554835276e-01
4.343000000000000000e+03,2.923584588643279858e-06,1.490712165832519531e-02,6.244246160535065204e-01
4.344000000000000000e+03,2.922973180830013007e-06,1.412034034729003906e-02,6.325803840540179523e-01
4.345000000000000000e+03,2.922185558418277651e-06,1.356005668640136719e-02,6.373275530516251397e-01
4.346000000000000000e+03,2.921512077591614798e-06,1.372694969177246094e-02,6.376201366570246609e-01
4.347000000000000000e+03,2.920761062341625802e-06,1.295804977416992188e-02,6.387758418983525699e-01
4.348000000000000000e+03,2.919289045166806318e-06,1.255273818969726562e-02,6.344017169976299275e-01
4.349000000000000000e+03,2.930861910499515943e-06,7.224082946777343750e-03,6.420308345084222434e-01
4.350000000000000000e+03,2.918395921369665302e-06,1.155138015747070312e-02,6.358426912542225473e-01
4.351000000000000000e+03,2.916964604082750157e-06,1.158118247985839844e-02,6.364205438748865573e-01
4.352000000000000000e+03,2.914849119406426325e-06,1.244544982910156250e-02,6.352648386335585373e-01
4.353000000000000000e+03,2.913509888458065689e-06,1.413226127624511719e-02,6.340140437204756507e-01
4.354000000000000000e+03,2.912445097535965033e-06,1.438856124877929688e-02,6.310882076664804385e-01
4.355000000000000000e+03,2.911121100623859093e-06,1.406073570251464844e-02,6.348844799465391819e-01
4.356000000000000000e+03,2.909708200604654849e-06,1.276135444641113281e-02,6.346430984720844437e-01
4.357000000000000000e+03,2.908409214796847664e-06,1.242756843566894531e-02,6.379492932130990113e-01
4.358000000000000000e+03,2.907383759520598687e-06,1.248121261596679688e-02,6.370422840363605399e-01
4.359000000000000000e+03,2.905884230131050572e-06,1.272559165954589844e-02,6.340652458514204337e-01
4.360000000000000000e+03,2.903206677729031071e-06,1.222491264343261719e-02,6.314319934028248538e-01
4.361000000000000000e+03,2.900377467085490935e-06,1.219511032104492188e-02,6.264361283406281178e-01
4.362000000000000000e+03,2.898057800848619081e-06,1.145601272583007812e-02,6.244685035943163820e-01
4.363000000000000000e+03,2.894954832299845293e-06,9.989738464355468750e-03,6.234152026148781500e-01
4.364000000000000000e+03,2.893403689085971564e-06,8.881092071533203125e-03,6.242271221198618658e-01
4.365000000000000000e+03,2.890563109758659266e-06,8.016824722290039062e-03,6.274894293200663498e-01
4.366000000000000000e+03,2.886582024075323716e-06,7.832050323486328125e-03,6.365595210874512855e-01
4.367000000000000000e+03,2.882795115510816686e-06,9.548664093017578125e-03,6.308980283229707053e-01
4.368000000000000000e+03,2.879193971239146776e-06,1.083612442016601562e-02,6.321927107768635645e-01
4.369000000000000000e+03,2.876698772524832748e-06,1.191496849060058594e-02,6.216889593430210414e-01
4.370000000000000000e+03,2.874700385291362181e-06,1.097917556762695312e-02,6.175635305068879477e-01
4.371000000000000000e+03,2.873416178772458807e-06,9.649991989135742188e-03,6.136282810142644761e-01
4.372000000000000000e+03,2.871755668820696883e-06,7.623434066772460938e-03,6.064819264523813036e-01
4.373000000000000000e+03,2.870178377634147182e-06,6.502866744995117188e-03,6.052311315392984170e-01
4.374000000000000000e+03,2.868419414880918339e-06,5.799531936645507812e-03,6.043680099033699182e-01
4.375000000000000000e+03,2.867131115635856986e-06,7.623434066772460938e-03,5.893584709463748350e-01
4.376000000000000000e+03,2.864407406377722509e-06,7.438659667968750000e-03,6.007180294260109354e-01
4.377000000000000000e+03,2.862230076061678119e-06,8.332729339599609375e-03,6.073962502192548074e-01
4.378000000000000000e+03,2.859483174688648432e-06,1.049637794494628906e-02,6.131455180653553327e-01
4.379000000000000000e+03,2.856163519027177244e-06,1.388192176818847656e-02,6.120922170859171008e-01
4.380000000000000000e+03,2.853723572115995921e-06,1.714825630187988281e-02,5.857596925999608573e-01
4.381000000000000000e+03,2.850114469765685499e-06,1.940727233886718750e-02,5.854671089945613360e-01
4.382000000000000000e+03,2.847778659997857176e-06,2.000331878662109375e-02,5.775527224685045313e-01
4.383000000000000000e+03,2.843707534339046106e-06,2.135038375854492188e-02,5.597124371292691025e-01
4.384000000000000000e+03,2.841294644895242527e-06,2.347826957702636719e-02,5.494061796290712341e-01
4.385000000000000000e+03,2.839005674104555510e-06,2.579092979431152344e-02,5.460048952163020219e-01
4.386000000000000000e+03,2.836817429852089845e-06,2.806186676025390625e-02,5.484479683213878687e-01
4.387000000000000000e+03,2.835044369930983521e-06,2.919435501098632812e-02,5.550676723935518142e-01
4.388000000000000000e+03,2.832689233400742523e-06,3.085136413574218750e-02,5.627845649859640753e-01
4.389000000000000000e+03,2.851541921700118110e-06,2.033114433288574219e-02,5.616288597446359443e-01
4.390000000000000000e+03,2.832067139024729840e-06,2.925992012023925781e-02,5.625943856424543421e-01
4.391000000000000000e+03,2.829699951689690351e-06,3.098249435424804688e-02,5.683436534885548674e-01
4.392000000000000000e+03,2.831373876688303426e-06,3.402829170227050781e-02,5.500352343806802491e-01
4.393000000000000000e+03,2.828803644661093131e-06,3.210306167602539062e-02,5.615849722038259717e-01
4.394000000000000000e+03,2.827068101396434940e-06,3.287792205810546875e-02,5.600562228656135177e-01
4.395000000000000000e+03,2.825462615874130279e-06,3.337860107421875000e-02,5.579423063166021324e-01
4.396000000000000000e+03,2.824226839948096313e-06,3.358721733093261719e-02,5.498450550371706269e-01
4.397000000000000000e+03,2.822532906066044234e-06,3.494024276733398438e-02,5.400142458957469804e-01
4.398000000000000000e+03,2.820108420564793050e-06,3.721117973327636719e-02,5.264017936545345444e-01
4.399000000000000000e+03,2.817658696585567668e-06,3.902316093444824219e-02,5.111581878132199774e-01
4.400000000000000000e+03,2.815948619172559120e-06,4.059672355651855469e-02,5.069815568461418787e-01
4.401000000000000000e+03,2.814505251080845483e-06,4.045367240905761719e-02,5.068864671743870121e-01
4.402000000000000000e+03,2.812321326928213239e-06,3.955364227294921875e-02,5.040557207921466665e-01
4.403000000000000000e+03,2.810706519085215405e-06,3.867149353027343750e-02,4.988331034357654237e-01
4.404000000000000000e+03,2.808036015267134644e-06,3.802776336669921875e-02,4.883439811821927989e-01
4.405000000000000000e+03,2.805989197440794669e-06,3.865957260131835938e-02,4.789008453179235403e-01
4.406000000000000000e+03,2.803875304380198941e-06,4.022121429443359375e-02,4.739634969768067307e-01
4.407000000000000000e+03,2.802393510137335397e-06,4.264712333679199219e-02,4.703793478106626513e-01
4.408000000000000000e+03,2.800789843604434282e-06,4.374384880065917969e-02,4.754995609051541616e-01
4.409000000000000000e+03,2.799268258968368173e-06,4.452466964721679688e-02,4.787106659744138626e-01
4.410000000000000000e+03,2.797215302052791230e-06,4.394054412841796875e-02,4.805319989180258378e-01
4.411000000000000000e+03,2.795391992549411952e-06,4.324316978454589844e-02,4.743584848440960955e-01
4.412000000000000000e+03,2.797578872559824958e-06,3.834962844848632812e-02,4.823533318616377574e-01
4.413000000000000000e+03,2.793534576994716190e-06,4.128813743591308594e-02,4.775622753232207640e-01
4.414000000000000000e+03,2.791382030409295112e-06,4.009008407592773438e-02,4.726761291130489040e-01
4.415000000000000000e+03,2.786955974443117157e-06,3.799200057983398438e-02,4.644325860309175824e-01
4.416000000000000000e+03,2.783568106679012999e-06,3.421306610107421875e-02,4.746364392692256629e-01
4.417000000000000000e+03,2.780233444354962558e-06,3.159642219543457031e-02,4.808611554741002991e-01
4.418000000000000000e+03,2.775715529423905537e-06,2.407431602478027344e-02,4.849938989003684253e-01
4.419000000000000000e+03,2.771962272163364105e-06,2.120137214660644531e-02,4.962510531181146822e-01
4.420000000000000000e+03,2.769212642306229100e-06,1.936554908752441406e-02,5.005593467076224767e-01
4.421000000000000000e+03,2.765851832009502687e-06,1.792907714843750000e-02,5.023806796512345629e-01
4.422000000000000000e+03,2.764097416729782708e-06,1.893043518066406250e-02,4.989793952384651288e-01
4.423000000000000000e+03,2.762138819889514707e-06,2.235770225524902344e-02,4.878612182332836555e-01
4.424000000000000000e+03,2.759806648100493476e-06,2.530217170715332031e-02,4.835529246437758055e-01
4.425000000000000000e+03,2.756925141511601396e-06,2.939105033874511719e-02,4.757921445105537384e-01
4.426000000000000000e+03,2.753891294560162351e-06,3.162622451782226562e-02,4.696552033872989362e-01
4.427000000000000000e+03,2.751721694949083030e-06,3.403425216674804688e-02,4.629989263644600506e-01
4.428000000000000000e+03,2.757371476036496460e-06,2.949237823486328125e-02,4.242462278292943867e-01
4.429000000000000000e+03,2.748295628407504410e-06,3.229379653930664062e-02,4.482015105213795758e-01
4.430000000000000000e+03,2.744157200140762143e-06,2.787709236145019531e-02,4.540385534490999353e-01
4.431000000000000000e+03,2.740625404840102419e-06,2.309083938598632812e-02,4.578275111390235907e-01
4.432000000000000000e+03,2.738186594797298312e-06,1.887083053588867188e-02,4.576373317955138575e-01
4.433000000000000000e+03,2.736714350248803385e-06,1.776218414306640625e-02,4.546164060697638898e-01
4.434000000000000000e+03,2.735764383032801561e-06,1.807212829589843750e-02,4.520270411619782269e-01
4.435000000000000000e+03,2.734668896664516069e-06,1.925230026245117188e-02,4.504470896928208790e-01
4.436000000000000000e+03,2.732370148805784993e-06,2.124905586242675781e-02,4.515515928032040605e-01
4.437000000000000000e+03,2.751685997282038443e-06,1.972913742065429688e-02,4.497741474004019469e-01
4.438000000000000000e+03,2.730855158006306738e-06,2.091526985168457031e-02,4.511712341161846496e-01
4.439000000000000000e+03,2.728140998442540877e-06,1.826882362365722656e-02,4.482015105213795758e-01
4.440000000000000000e+03,2.727942501223878935e-06,5.596876144409179688e-03,4.576373317955138575e-01
4.441000000000000000e+03,2.725876129261450842e-06,1.188516616821289062e-02,4.529340503387167538e-01
4.442000000000000000e+03,2.724164005485363305e-06,7.373094558715820312e-03,4.458974146288584572e-01
4.443000000000000000e+03,2.722555109357926995e-06,4.845857620239257812e-03,4.446539343059104921e-01
4.444000000000000000e+03,2.719948497542645782e-06,1.537799835205078125e-03,4.407698869442319145e-01
4.445000000000000000e+03,2.717666802709572949e-06,6.437301635742187500e-04,4.419767943165049395e-01
4.446000000000000000e+03,2.715059963520616293e-06,9.238719940185546875e-04,4.499131246129667860e-01
4.447000000000000000e+03,2.712375817282008938e-06,9.179115295410156250e-04,4.593562604772360447e-01
4.448000000000000000e+03,2.709510681597748771e-06,3.278255462646484375e-04,4.712863569874011782e-01
4.449000000000000000e+03,2.707261273826588877e-06,7.152557373046875000e-04,4.762675928693279603e-01
4.450000000000000000e+03,2.705537553993053734e-06,1.871585845947265625e-03,4.807221782615355155e-01
4.451000000000000000e+03,2.703446398300002329e-06,2.527236938476562500e-03,4.873345677435645396e-01
4.452000000000000000e+03,2.699919377846526913e-06,2.551078796386718750e-03,5.028122404691988123e-01
4.453000000000000000e+03,2.695175453482079320e-06,3.373622894287109375e-03,5.171415225436398755e-01
4.454000000000000000e+03,2.715683422138681635e-06,6.228685379028320312e-03,5.897900317643390844e-01
4.455000000000000000e+03,2.693649548746179789e-06,1.358985900878906250e-03,5.323851283849545535e-01
4.456000000000000000e+03,2.687835603865096346e-06,3.302097320556640625e-03,5.447102127624090517e-01
4.457000000000000000e+03,2.682806552911642939e-06,5.102157592773437500e-03,5.481114971751784859e-01
4.458000000000000000e+03,2.676548092495067976e-06,1.009702682495117188e-02,5.557845022267806634e-01
4.459000000000000000e+03,2.679532599358935840e-06,8.654594421386718750e-03,5.623018020370548209e-01
4.460000000000000000e+03,2.673707513167755678e-06,9.500980377197265625e-03,5.584689568063212484e-01
4.461000000000000000e+03,2.669900595719809644e-06,9.441375732421875000e-03,5.610583217141068557e-01
4.462000000000000000e+03,2.666034788489923812e-06,6.675720214843750000e-03,5.682997659477448948e-01
4.463000000000000000e+03,2.663606210262514651e-06,5.388259887695312500e-03,5.666686123476425418e-01
4.464000000000000000e+03,2.662042788870166987e-06,5.066394805908203125e-03,5.645546957986310455e-01
4.465000000000000000e+03,2.660771315277088434e-06,4.374980926513671875e-03,5.654178174345596553e-01
4.466000000000000000e+03,2.659143547134590335e-06,2.813339233398437500e-03,5.629308567886638359e-01
4.467000000000000000e+03,2.658008270373102278e-06,1.943111419677734375e-03,5.621628248244900927e-01
4.468000000000000000e+03,2.657452569110319018e-06,1.978874206542968750e-03,5.640353598990469619e-01
4.469000000000000000e+03,2.658693802004563622e-06,6.318092346191406250e-04,5.639841577681020679e-01
4.470000000000000000e+03,2.655764092196477577e-06,1.406669616699218750e-03,5.640353598990469619e-01
4.471000000000000000e+03,2.662793576746480539e-06,3.027915954589843750e-03,5.763604442765014602e-01
4.472000000000000000e+03,2.654957143022329547e-06,1.800060272216796875e-03,5.670050834938520357e-01
4.473000000000000000e+03,2.653662022567004897e-06,2.551078796386718750e-03,5.685850349630093836e-01
4.474000000000000000e+03,2.651337581482948735e-06,2.300739288330078125e-03,5.705599742994561518e-01
4.475000000000000000e+03,2.648137524374760687e-06,1.192092895507812500e-03,5.700772113505468974e-01
4.476000000000000000e+03,2.645474523887969553e-06,3.415346145629882812e-03,5.343966406720762619e-01
4.477000000000000000e+03,2.642815388753660955e-06,3.838539123535156250e-03,5.386171591799642222e-01
4.478000000000000000e+03,2.641314949869411066e-06,5.125999450683593750e-03,5.407749632697856912e-01
4.479000000000000000e+03,2.640462980707525276e-06,6.282329559326171875e-03,5.367958262363522470e-01
4.480000000000000000e+03,2.639043032104382291e-06,7.641315460205078125e-03,5.368909159081071136e-01
4.481000000000000000e+03,2.637684019646258093e-06,8.064508438110351562e-03,5.417843767084139506e-01
4.482000000000000000e+03,2.636559202073840424e-06,9.804964065551757812e-03,5.439421807982353085e-01
4.483000000000000000e+03,2.634891870911815204e-06,8.749961853027343750e-03,5.564574445191995400e-01
4.484000000000000000e+03,2.633617214087280445e-06,9.530782699584960938e-03,5.537217878087140610e-01
4.485000000000000000e+03,2.632273890412761830e-06,1.096129417419433594e-02,5.462462766907565381e-01
4.486000000000000000e+03,2.647292831170489080e-06,3.176927566528320312e-03,5.694481565989379934e-01
4.487000000000000000e+03,2.631813458719989285e-06,9.661912918090820312e-03,5.501230094623000832e-01
4.488000000000000000e+03,2.630229346323176287e-06,1.142621040344238281e-02,5.395314829468377260e-01
4.489000000000000000e+03,2.630768449307652190e-06,1.428723335266113281e-02,5.107266269952556170e-01
4.490000000000000000e+03,2.629413302202010527e-06,1.267790794372558594e-02,5.269211295541186280e-01
4.491000000000000000e+03,2.628309630381409079e-06,1.307129859924316406e-02,5.293642026592045857e-01
4.492000000000000000e+03,2.627697313073440455e-06,1.240372657775878906e-02,5.258678285746803960e-01
4.493000000000000000e+03,2.626921968840179034e-06,1.124143600463867188e-02,5.285083956134110084e-01
4.494000000000000000e+03,2.626267132654902525e-06,9.703636169433593750e-03,5.288887543004303637e-01
4.495000000000000000e+03,2.625408797030104324e-06,8.940696716308593750e-03,5.293642026592045857e-01
4.496000000000000000e+03,2.623819455038756132e-06,8.249282836914062500e-03,5.251509987414516578e-01
4.497000000000000000e+03,2.622033662191824988e-06,9.155273437500000000e-03,5.194968205671059991e-01
4.498000000000000000e+03,2.620746727188816294e-06,1.207590103149414062e-02,5.102438640463464736e-01
4.499000000000000000e+03,2.619990027596941218e-06,1.401305198669433594e-02,5.093807424104178638e-01
4.500000000000000000e+03,2.619637143652653322e-06,1.568794250488281250e-02,5.083713289717896044e-01
4.501000000000000000e+03,2.619252882141154259e-06,1.817941665649414062e-02,5.090881588050183426e-01
4.502000000000000000e+03,2.618429107315023430e-06,1.907944679260253906e-02,5.059721434075135083e-01
4.503000000000000000e+03,2.617806558191659860e-06,1.894235610961914062e-02,5.042532147257914321e-01
4.504000000000000000e+03,2.617030986584722996e-06,1.956820487976074219e-02,5.032950034181079557e-01
4.505000000000000000e+03,2.616500978547264822e-06,2.003312110900878906e-02,4.988331034357654237e-01
4.506000000000000000e+03,2.615833864183514379e-06,2.080798149108886719e-02,4.974433313101177534e-01
4.507000000000000000e+03,2.614562617964111269e-06,2.130270004272460938e-02,4.920305346102267219e-01
4.508000000000000000e+03,2.612869593576760963e-06,2.151131629943847656e-02,4.847013152949689041e-01
4.509000000000000000e+03,2.611612671898910776e-06,2.058744430541992188e-02,4.706134146949823016e-01
4.510000000000000000e+03,2.610313458717428148e-06,2.131462097167968750e-02,4.618432211231319195e-01
4.511000000000000000e+03,2.609189778013387695e-06,2.202391624450683594e-02,4.515003906722591109e-01
4.512000000000000000e+03,2.607089072625967674e-06,2.296566963195800781e-02,4.351669109008312608e-01
4.513000000000000000e+03,2.603892653496586718e-06,2.557039260864257812e-02,4.211814145627345574e-01
4.514000000000000000e+03,2.600932930363342166e-06,2.653002738952636719e-02,4.201793157142411639e-01
4.515000000000000000e+03,2.598135552034364082e-06,2.875924110412597656e-02,4.153955737659591474e-01
4.516000000000000000e+03,2.596357035145047121e-06,2.943873405456542969e-02,4.116066160760354364e-01
4.517000000000000000e+03,2.594474835859728046e-06,2.958178520202636719e-02,4.057183710173702385e-01
4.518000000000000000e+03,2.592813871160615236e-06,3.008842468261718750e-02,3.985866456357570753e-01
4.519000000000000000e+03,2.592064447526354343e-06,2.975463867187500000e-02,3.962386622024260396e-01
4.520000000000000000e+03,2.591293196019250900e-06,2.944469451904296875e-02,3.949000922077232634e-01
4.521000000000000000e+03,2.590466920082690194e-06,2.894401550292968750e-02,3.932250510668110488e-01
4.522000000000000000e+03,2.589781843198579736e-06,2.855062484741210938e-02,3.931226468049211498e-01
4.523000000000000000e+03,2.590276835690019652e-06,3.278255462646484375e-02,3.540700500742211543e-01
4.524000000000000000e+03,2.588547431514598429e-06,3.054141998291015625e-02,3.747922839266416561e-01
4.525000000000000000e+03,2.587165681688929908e-06,3.103017807006835938e-02,3.774767385061822411e-01
4.526000000000000000e+03,2.585575657576555386e-06,3.202557563781738281e-02,3.785300394856204731e-01
4.527000000000000000e+03,2.583908099040854722e-06,3.374218940734863281e-02,3.833649835648474391e-01
4.528000000000000000e+03,2.582589331723283976e-06,3.435015678405761719e-02,3.859909214233080421e-01
4.529000000000000000e+03,2.581288754299748689e-06,3.381967544555664062e-02,3.940881727027396031e-01
4.530000000000000000e+03,2.579658939794171602e-06,3.406405448913574219e-02,3.977747261307734150e-01
4.531000000000000000e+03,2.577920213298057206e-06,3.218650817871093750e-02,4.079273772381366014e-01
4.532000000000000000e+03,2.576147380750626326e-06,3.088712692260742188e-02,4.159149096655432865e-01
4.533000000000000000e+03,2.584991989351692609e-06,2.003312110900878906e-02,4.452244723364395251e-01
4.534000000000000000e+03,2.575508915469981730e-06,2.883076667785644531e-02,4.214739981681340786e-01
4.535000000000000000e+03,2.573759502411121503e-06,2.865195274353027344e-02,4.278888937165183926e-01
4.536000000000000000e+03,2.570670176282874309e-06,2.816915512084960938e-02,4.289933968269015185e-01
4.537000000000000000e+03,2.569082198533578776e-06,2.928972244262695312e-02,4.252117537271128400e-01
4.538000000000000000e+03,2.567963974797748961e-06,2.975463867187500000e-02,4.244364071728041754e-01
4.539000000000000000e+03,2.567316414570086636e-06,3.111958503723144531e-02,4.191772168657478259e-01
4.540000000000000000e+03,2.566772309364750981e-06,3.173947334289550781e-02,4.171583899884912516e-01
4.541000000000000000e+03,2.565969907664111815e-06,3.228187561035156250e-02,4.167268291705269467e-01
4.542000000000000000e+03,2.565101567597594112e-06,3.198981285095214844e-02,4.173119963813259337e-01
4.543000000000000000e+03,2.564092710599652492e-06,3.162026405334472656e-02,4.141886663936861224e-01
4.544000000000000000e+03,2.562083409429760650e-06,3.137588500976562500e-02,4.107946965710517762e-01
4.545000000000000000e+03,2.563594762250431813e-06,3.482699394226074219e-02,3.936566118847752427e-01
4.546000000000000000e+03,2.561678456913796254e-06,3.246665000915527344e-02,4.053892144612957771e-01
4.547000000000000000e+03,2.560108441684860736e-06,3.239512443542480469e-02,4.001153949739695848e-01
4.548000000000000000e+03,2.558757387305377051e-06,3.193616867065429688e-02,3.999252156304598516e-01
4.549000000000000000e+03,2.555988658059504814e-06,2.915859222412109375e-02,3.999764177614048011e-01
4.550000000000000000e+03,2.554595539550064132e-06,2.738237380981445312e-02,4.016514589023170156e-01
4.551000000000000000e+03,2.553583271946990862e-06,2.626776695251464844e-02,4.049064515123866337e-01
4.552000000000000000e+03,2.552276100686867721e-06,2.527832984924316406e-02,4.022731990637909982e-01
4.553000000000000000e+03,2.550622639319044538e-06,2.433657646179199219e-02,3.963849540051257447e-01
4.554000000000000000e+03,2.548511929489905015e-06,2.413988113403320312e-02,3.870003348619363570e-01
4.555000000000000000e+03,2.549767032178351656e-06,2.149343490600585938e-02,3.788153085008850174e-01
4.556000000000000000e+03,2.547405074437847361e-06,2.304315567016601562e-02,3.835990504491670339e-01
4.557000000000000000e+03,2.545264806030900218e-06,2.312064170837402344e-02,3.761381685114794649e-01
4.558000000000000000e+03,2.542326910770498216e-06,2.216696739196777344e-02,3.680409172320479039e-01
4.559000000000000000e+03,2.539591378081240691e-06,2.019405364990234375e-02,3.654661815045321949e-01
4.560000000000000000e+03,2.536660076657426544e-06,1.641511917114257812e-02,3.681433214939377474e-01
4.561000000000000000e+03,2.533822453187895007e-06,1.128911972045898438e-02,3.720127396753463156e-01
4.562000000000000000e+03,2.542258698667865247e-06,1.292228698730468750e-02,3.778570971932015965e-01
4.563000000000000000e+03,2.532347934902645648e-06,1.173019409179687500e-02,3.736000057346386405e-01
4.564000000000000000e+03,2.528161303416709416e-06,6.479024887084960938e-03,3.718737624627815319e-01
4.565000000000000000e+03,2.523046987334964797e-06,4.667043685913085938e-03,3.630231083994462926e-01
4.566000000000000000e+03,2.519366262276889756e-06,5.912780761718750000e-03,3.500031379591679315e-01
4.567000000000000000e+03,2.517173925298266113e-06,7.295608520507812500e-03,3.415328425828519920e-01
4.568000000000000000e+03,2.514891775717842393e-06,8.898973464965820312e-03,3.299611609893012276e-01
4.569000000000000000e+03,2.513743538656854071e-06,7.349252700805664062e-03,3.321555380297975812e-01
4.570000000000000000e+03,2.511764250812120736e-06,6.920099258422851562e-03,3.287176806663533180e-01
4.571000000000000000e+03,2.510505055397516116e-06,5.555152893066406250e-03,3.313436185248139210e-01
4.572000000000000000e+03,2.508841362214297988e-06,3.868341445922851562e-03,3.324481216351971025e-01
4.573000000000000000e+03,2.506630380594287999e-06,2.795457839965820312e-03,3.356519121143217710e-01
4.574000000000000000e+03,2.503856194380205125e-06,2.962350845336914062e-03,3.336403998272001181e-01
4.575000000000000000e+03,2.502142706362064928e-06,7.307529449462890625e-03,3.251262169100743171e-01
4.576000000000000000e+03,2.516298536647809669e-06,9.196996688842773438e-03,3.685748823119020523e-01
4.577000000000000000e+03,2.501116341591114178e-06,7.706880569458007812e-03,3.343133421196189947e-01
4.578000000000000000e+03,2.500058144505601376e-06,1.031756401062011719e-02,3.304804968888853667e-01
4.579000000000000000e+03,2.498927415217622183e-06,1.369118690490722656e-02,3.378536037449531015e-01
4.580000000000000000e+03,2.498560206731781363e-06,1.390576362609863281e-02,3.502884069744324202e-01
4.581000000000000000e+03,2.496257593520567752e-06,1.421570777893066406e-02,3.567033025228167342e-01
4.582000000000000000e+03,2.495531589374877512e-06,1.327991485595703125e-02,3.625915475814819877e-01
4.583000000000000000e+03,2.494800583008327521e-06,1.237988471984863281e-02,3.670900205144995154e-01
4.584000000000000000e+03,2.493952251825248823e-06,1.140236854553222656e-02,3.723565254116907308e-01
4.585000000000000000e+03,2.492875637472025119e-06,1.081228256225585938e-02,3.743607231086774068e-01
4.586000000000000000e+03,2.491807663318468258e-06,1.022219657897949219e-02,3.759918767087797042e-01
4.587000000000000000e+03,2.490594624759978615e-06,9.757280349731445312e-03,3.744631273705672503e-01
4.588000000000000000e+03,2.489818143658339977e-06,8.279085159301757812e-03,3.709594386959080836e-01
4.589000000000000000e+03,2.487958226993214339e-06,8.636713027954101562e-03,3.703011255837591609e-01
4.590000000000000000e+03,2.487246092641726136e-06,8.440017700195312500e-03,3.684359050993372686e-01
4.591000000000000000e+03,2.486582843630458228e-06,7.551908493041992188e-03,3.686626573935218865e-01
4.592000000000000000e+03,2.486033736204262823e-06,6.723403930664062500e-03,3.682384111656925585e-01
4.593000000000000000e+03,2.485367986082565039e-06,5.227327346801757812e-03,3.687138595244667805e-01
4.594000000000000000e+03,2.485307504684897140e-06,4.827976226806640625e-03,3.624013682379722545e-01
4.595000000000000000e+03,2.484876858943607658e-06,5.012750625610351562e-03,3.653198897018324343e-01
4.596000000000000000e+03,2.484042852302081883e-06,1.913309097290039062e-03,3.631181980712011037e-01
4.597000000000000000e+03,2.483304115230566822e-06,1.668930053710937500e-03,3.623574806971623929e-01
4.598000000000000000e+03,2.481090632500126958e-06,3.337860107421875000e-04,3.505297884488870475e-01
4.599000000000000000e+03,2.480629063938977197e-06,2.562999725341796875e-04,3.542163418769209149e-01
4.600000000000000000e+03,2.479996737747569568e-06,7.152557373046875000e-05,3.532581305692374940e-01
4.601000000000000000e+03,2.479202521499246359e-06,9.298324584960937500e-04,3.479916256720462786e-01
4.602000000000000000e+03,2.478494025126565248e-06,1.144409179687500000e-03,3.439320281471279772e-01
4.603000000000000000e+03,2.477647285559214652e-06,1.108646392822265625e-03,3.338305791707097958e-01
4.604000000000000000e+03,2.477339876350015402e-06,7.390975952148437500e-04,3.312924163938690270e-01
4.605000000000000000e+03,2.476959707564674318e-06,1.132488250732421875e-04,3.310583495095494322e-01
4.606000000000000000e+03,2.476651616234448738e-06,3.635883331298828125e-04,3.298587567274113841e-01
4.607000000000000000e+03,2.476475174262304790e-06,5.602836608886718750e-04,3.295296001713369782e-01
4.608000000000000000e+03,2.476360123182530515e-06,1.120567321777343750e-03,3.292882186968823510e-01
4.609000000000000000e+03,2.476354211466968991e-06,2.139806747436523438e-03,3.271304146070609375e-01
4.610000000000000000e+03,2.476011104590725154e-06,1.633167266845703125e-03,3.281837155864992250e-01
4.611000000000000000e+03,2.475900828358135186e-06,1.931190490722656250e-03,3.279935362429894918e-01
4.612000000000000000e+03,2.475785095157334581e-06,2.121925354003906250e-03,3.274742003434053528e-01
4.613000000000000000e+03,2.475661176504218020e-06,2.199411392211914062e-03,3.270938416563859974e-01
4.614000000000000000e+03,2.475631390552734956e-06,2.247095108032226562e-03,3.268963477227413428e-01
4.615000000000000000e+03,2.475569772286689840e-06,2.408027648925781250e-03,3.261795178895125491e-01
4.616000000000000000e+03,2.475138671798049472e-06,3.123283386230468750e-03,3.229318398695779080e-01
4.617000000000000000e+03,2.474448592693079263e-06,4.267692565917968750e-03,3.174239534979321209e-01
4.618000000000000000e+03,2.474216671544127166e-06,2.723932266235351562e-03,3.174751556288770149e-01
4.619000000000000000e+03,2.473506810929393396e-06,4.607439041137695312e-03,3.173727513669871714e-01
4.620000000000000000e+03,2.472960659360978752e-06,4.756450653076171875e-03,3.180968957903509975e-01
4.621000000000000000e+03,2.471974084983230568e-06,4.655122756958007812e-03,3.199621162747728897e-01
4.622000000000000000e+03,2.471494781275396235e-06,4.708766937255859375e-03,3.211031923358309559e-01
4.623000000000000000e+03,2.470881327099050395e-06,6.181001663208007812e-03,3.070445500963843721e-01
4.624000000000000000e+03,2.469715582265052944e-06,5.841255187988281250e-03,3.102044530346991236e-01
4.625000000000000000e+03,2.468450702508562244e-06,5.197525024414062500e-03,3.101532509037541741e-01
4.626000000000000000e+03,2.467405465722549707e-06,4.959106445312500000e-03,3.059473615761361676e-01
4.627000000000000000e+03,2.466318392180255614e-06,4.410743713378906250e-03,3.025972792943117384e-01
4.628000000000000000e+03,2.465240640958654694e-06,4.154443740844726562e-03,2.932711768722022216e-01
4.629000000000000000e+03,2.464619683451019228e-06,3.975629806518554688e-03,2.981061209514292432e-01
4.630000000000000000e+03,2.463577175149112009e-06,3.552436828613281250e-03,2.994885784869419365e-01
4.631000000000000000e+03,2.462041265971492976e-06,3.027915954589843750e-03,3.061375409196458452e-01
4.632000000000000000e+03,2.461051963109639473e-06,2.831220626831054688e-03,3.156538226852650397e-01
4.633000000000000000e+03,2.459859615555615164e-06,3.325939178466796875e-03,3.305829011507752102e-01
4.634000000000000000e+03,2.495522494427859783e-06,4.363059997558593750e-03,3.790054878443946396e-01
4.635000000000000000e+03,2.459395318510360084e-06,2.557039260864257812e-03,3.354105306398671438e-01
4.636000000000000000e+03,2.458244580338941887e-06,3.224611282348632812e-03,3.372830657144240685e-01
4.637000000000000000e+03,2.456743231959990226e-06,4.851818084716796875e-03,3.396676220984300998e-01
4.638000000000000000e+03,2.455028607073472813e-06,6.651878356933593750e-03,3.394335552141105050e-01
4.639000000000000000e+03,2.453108436384354718e-06,9.161233901977539062e-03,3.364199440784955142e-01
4.640000000000000000e+03,2.451548880344489589e-06,1.103281974792480469e-02,3.238315344561814024e-01
4.641000000000000000e+03,2.451559794280910864e-06,1.153945922851562500e-02,3.263184951020773328e-01
4.642000000000000000e+03,2.450548890919890255e-06,1.128911972045898438e-02,3.250750147791293676e-01
4.643000000000000000e+03,2.449860858177999035e-06,1.137852668762207031e-02,3.226904583951233363e-01
4.644000000000000000e+03,2.448692157486220822e-06,1.188516616821289062e-02,3.184260523464254033e-01
4.645000000000000000e+03,2.447470251354388893e-06,1.391172409057617188e-02,3.137886022008431475e-01
4.646000000000000000e+03,2.445684913254808635e-06,1.727938652038574219e-02,3.059912491169461402e-01
4.647000000000000000e+03,2.445532118144910783e-06,2.291202545166015625e-02,3.004394752044903250e-01
4.648000000000000000e+03,2.444188112349365838e-06,2.020597457885742188e-02,3.031239297840308544e-01
4.649000000000000000e+03,2.442608320052386262e-06,2.169609069824218750e-02,2.985376817693935481e-01
4.650000000000000000e+03,2.440087200739071704e-06,2.530217170715332031e-02,2.898260049186229814e-01
4.651000000000000000e+03,2.438378032820764929e-06,2.751946449279785156e-02,2.900161842621327146e-01
4.652000000000000000e+03,2.435807118672528304e-06,3.055334091186523438e-02,2.915522481904800900e-01
4.653000000000000000e+03,2.434341695334296674e-06,3.154277801513671875e-02,3.029776379813310938e-01
4.654000000000000000e+03,2.433615236441255547e-06,3.354549407958984375e-02,3.156538226852650397e-01
4.655000000000000000e+03,2.434107500448590145e-06,3.546476364135742188e-02,3.296685773839017064e-01
4.656000000000000000e+03,2.432214159853174351e-06,3.443360328674316406e-02,3.221564933152692434e-01
4.657000000000000000e+03,2.430833319522207603e-06,3.387331962585449219e-02,3.281837155864992250e-01
4.658000000000000000e+03,2.430077984172385186e-06,3.517866134643554688e-02,3.252651941226391008e-01
4.659000000000000000e+03,2.429118012514663860e-06,3.682971000671386719e-02,3.205326543053019228e-01
4.660000000000000000e+03,2.427668960081064142e-06,3.975033760070800781e-02,3.170435948109127100e-01
4.661000000000000000e+03,2.426955916234874167e-06,4.137158393859863281e-02,3.091511520552608361e-01
4.662000000000000000e+03,2.425992988719372079e-06,4.268884658813476562e-02,3.046014769912984144e-01
4.663000000000000000e+03,2.425128514005336910e-06,4.259347915649414062e-02,3.028386607687663101e-01
4.664000000000000000e+03,2.424141712253913283e-06,4.156827926635742188e-02,2.993861742250520930e-01
4.665000000000000000e+03,2.427640310997958295e-06,4.120469093322753906e-02,3.262307200204574431e-01
4.666000000000000000e+03,2.423296564302290790e-06,4.146099090576171875e-02,3.073298191116488609e-01
4.667000000000000000e+03,2.422593524897820316e-06,4.174709320068359375e-02,3.109651704087378343e-01
4.668000000000000000e+03,2.421120598228299059e-06,4.323720932006835938e-02,3.172337741544223877e-01
4.669000000000000000e+03,2.420040573269943707e-06,4.473924636840820312e-02,3.182870751338606752e-01
4.670000000000000000e+03,2.418767962808487937e-06,4.718899726867675781e-02,3.162755628467389668e-01
4.671000000000000000e+03,2.417867108306381851e-06,4.851222038269042969e-02,3.072859315708389438e-01
4.672000000000000000e+03,2.417559926470858045e-06,4.914402961730957031e-02,2.893505565598488150e-01
4.673000000000000000e+03,2.415502422081772238e-06,4.844665527343750000e-02,2.877194029597465175e-01
4.674000000000000000e+03,2.414382379356538877e-06,4.761219024658203125e-02,2.888239060701296990e-01
4.675000000000000000e+03,2.412151388853089884e-06,4.452466964721679688e-02,2.877194029597465175e-01
4.676000000000000000e+03,2.409876515230280347e-06,4.577040672302246094e-02,2.921227862210091786e-01
4.677000000000000000e+03,2.407620968369883485e-06,4.024505615234375000e-02,2.837110075657731656e-01
4.678000000000000000e+03,2.405323584753205068e-06,4.430413246154785156e-02,2.886849288575649153e-01
4.679000000000000000e+03,2.403109874649089761e-06,4.575252532958984375e-02,2.839889619909026774e-01
4.680000000000000000e+03,2.400063067398150451e-06,4.666447639465332031e-02,2.772961120173887961e-01
4.681000000000000000e+03,2.397780917817726731e-06,4.443526268005371094e-02,2.698425446698362040e-01
4.682000000000000000e+03,2.403351118118735030e-06,4.978775978088378906e-02,2.763452152998404077e-01
4.683000000000000000e+03,2.396618128841510043e-06,4.594922065734863281e-02,2.717004505641231193e-01
4.684000000000000000e+03,2.393957174717797898e-06,4.113912582397460938e-02,2.685990643468882944e-01
4.685000000000000000e+03,2.392015176155837253e-06,3.849864006042480469e-02,2.674945612365051129e-01
4.686000000000000000e+03,2.395598585280822590e-06,3.281831741333007812e-02,2.758624523509312088e-01
4.687000000000000000e+03,2.390995632595149800e-06,3.674030303955078125e-02,2.700766115541558543e-01
4.688000000000000000e+03,2.389695282545289956e-06,3.694295883178710938e-02,2.755771833356666645e-01
4.689000000000000000e+03,2.388259645158541389e-06,3.953576087951660156e-02,2.739094567848894823e-01
4.690000000000000000e+03,2.387365384493023157e-06,4.057288169860839844e-02,2.744287926844736214e-01
4.691000000000000000e+03,2.386692585787386633e-06,4.091858863830566406e-02,2.688843333621528386e-01
4.692000000000000000e+03,2.385674406468751840e-06,4.052519798278808594e-02,2.650076005906092935e-01
4.693000000000000000e+03,2.384975459790439345e-06,4.048347473144531250e-02,2.599385896270626772e-01
4.694000000000000000e+03,2.384701474511530250e-06,3.865957260131835938e-02,2.591266701220790170e-01
4.695000000000000000e+03,2.383688752161106095e-06,3.992319107055664062e-02,2.586951093041147676e-01
4.696000000000000000e+03,2.382775846854201518e-06,4.096627235412597656e-02,2.569322930815827188e-01
4.697000000000000000e+03,2.381589183642063290e-06,4.199743270874023438e-02,2.553084540716153983e-01
4.698000000000000000e+03,2.380386376898968592e-06,4.146695137023925781e-02,2.532530542436838283e-01
4.699000000000000000e+03,2.379138322794460692e-06,4.026889801025390625e-02,2.516219006435815309e-01
4.700000000000000000e+03,2.378160388616379350e-06,3.847479820251464844e-02,2.524338201485651356e-01
4.701000000000000000e+03,2.376606516918400303e-06,3.688335418701171875e-02,2.509123854004877141e-01
4.702000000000000000e+03,2.375212261540582404e-06,3.607273101806640625e-02,2.514829234310167472e-01
4.703000000000000000e+03,2.373673396505182609e-06,3.699064254760742188e-02,2.478475721339278293e-01
4.704000000000000000e+03,2.372371000092243776e-06,3.920793533325195312e-02,2.477012803312280687e-01
4.705000000000000000e+03,2.377584223722806200e-06,4.315376281738281250e-02,2.287272335210696061e-01
4.706000000000000000e+03,2.371773689446854405e-06,4.011988639831542969e-02,2.433052116601003290e-01
4.707000000000000000e+03,2.370605443502427079e-06,4.179477691650390625e-02,2.355224877564733033e-01
4.708000000000000000e+03,2.369150479353265837e-06,4.383921623229980469e-02,2.304534767929267425e-01
4.709000000000000000e+03,2.368178002143395133e-06,4.409551620483398438e-02,2.261963853343638142e-01
4.710000000000000000e+03,2.367570459682610817e-06,4.365444183349609375e-02,2.285370541775599285e-01
4.711000000000000000e+03,2.366998160141520202e-06,4.327893257141113281e-02,2.295903551569981604e-01
4.712000000000000000e+03,2.367403794778510928e-06,4.559159278869628906e-02,2.250479946831707434e-01
4.713000000000000000e+03,2.366729404457146302e-06,4.423856735229492188e-02,2.277251346725762682e-01
4.714000000000000000e+03,2.365920636293594725e-06,4.432201385498046875e-02,2.254283533701900988e-01
4.715000000000000000e+03,2.365411774007952772e-06,4.526972770690917969e-02,2.203666569967785149e-01
4.716000000000000000e+03,2.364461124670924619e-06,4.892945289611816406e-02,2.169800017642791179e-01
4.717000000000000000e+03,2.363739213251392357e-06,5.043745040893554688e-02,2.044062213222350433e-01
4.718000000000000000e+03,2.363058456467115320e-06,5.106925964355468750e-02,2.047353778783094769e-01
4.719000000000000000e+03,2.361739916523220018e-06,5.192756652832031250e-02,2.047865800092544264e-01
4.720000000000000000e+03,2.361079395996057428e-06,5.223751068115234375e-02,2.033090328019868664e-01
4.721000000000000000e+03,2.359030077059287578e-06,5.295872688293457031e-02,1.947509623440510929e-01
4.722000000000000000e+03,2.357682660658610985e-06,5.317330360412597656e-02,1.865439922125947669e-01
4.723000000000000000e+03,2.357306129852076992e-06,5.128979682922363281e-02,1.712052966995252778e-01
4.724000000000000000e+03,2.356239292566897348e-06,5.048513412475585938e-02,1.657120395081493891e-01
4.725000000000000000e+03,2.355690867261728272e-06,5.210041999816894531e-02,1.730120004628672714e-01
4.726000000000000000e+03,2.353139279875904322e-06,4.978179931640625000e-02,1.743578850477050246e-01
4.727000000000000000e+03,2.351620196350268088e-06,4.793405532836914062e-02,1.738312345579859086e-01
4.728000000000000000e+03,2.348753469050279818e-06,4.541873931884765625e-02,1.732533819373218709e-01
4.729000000000000000e+03,2.347040663153165951e-06,4.419088363647460938e-02,1.706786462098061619e-01
4.730000000000000000e+03,2.346129576835664921e-06,4.478693008422851562e-02,1.656169498363945780e-01
4.731000000000000000e+03,2.345435405004536733e-06,4.529953002929687500e-02,1.609282975598673449e-01
4.732000000000000000e+03,2.344545237065176480e-06,4.636049270629882812e-02,1.511413759592536432e-01
4.733000000000000000e+03,2.343811956961872056e-06,4.656910896301269531e-02,1.467965094190708808e-01
4.734000000000000000e+03,2.343233518331544474e-06,4.580020904541015625e-02,1.408278038689207978e-01
4.735000000000000000e+03,2.342570041946601123e-06,4.447698593139648438e-02,1.338131119294674598e-01
4.736000000000000000e+03,2.342073230465757661e-06,4.344582557678222656e-02,1.301777606323785141e-01
4.737000000000000000e+03,2.341720801268820651e-06,4.228949546813964844e-02,1.247869077028924689e-01
4.738000000000000000e+03,2.340759237995371222e-06,4.254579544067382812e-02,1.287953030968658208e-01
4.739000000000000000e+03,2.340279024792835116e-06,4.342794418334960938e-02,1.360513765107737305e-01
4.740000000000000000e+03,2.339939783269073814e-06,4.387497901916503906e-02,1.403962430509564929e-01
4.741000000000000000e+03,2.339406137252808549e-06,4.420280456542968750e-02,1.442217736915551440e-01
4.742000000000000000e+03,2.338851572858402506e-06,4.366040229797363281e-02,1.461747692575968982e-01
4.743000000000000000e+03,2.338683316338574514e-06,4.249811172485351562e-02,1.437902128735908669e-01
4.744000000000000000e+03,2.338693548153969459e-06,4.313588142395019531e-02,1.416909255048493521e-01
4.745000000000000000e+03,2.338485501240938902e-06,4.283785820007324219e-02,1.426418222223977683e-01
4.746000000000000000e+03,2.338145350222475827e-06,4.090070724487304688e-02,1.447411095911392831e-01
4.747000000000000000e+03,2.337337946300976910e-06,4.026889801025390625e-02,1.411203874743202913e-01
4.748000000000000000e+03,2.337060777790611610e-06,4.016160964965820312e-02,1.410179832124304755e-01
4.749000000000000000e+03,2.336491206733626314e-06,4.041790962219238281e-02,1.402572658383917370e-01
4.750000000000000000e+03,2.335718818358145654e-06,4.100799560546875000e-02,1.394014587925981596e-01
4.751000000000000000e+03,2.334561258976464160e-06,4.180669784545898438e-02,1.333303489805582609e-01
4.752000000000000000e+03,2.333887778149801306e-06,4.135370254516601562e-02,1.323794522630098447e-01
4.753000000000000000e+03,2.333091742912074551e-06,4.088282585144042969e-02,1.282174504762017553e-01
4.754000000000000000e+03,2.332372559976647608e-06,4.013776779174804688e-02,1.223511491879415297e-01
4.755000000000000000e+03,2.331794348719995469e-06,3.940463066101074219e-02,1.138515954510856548e-01
4.756000000000000000e+03,2.331035830138716847e-06,3.961324691772460938e-02,1.072684643295965939e-01
4.757000000000000000e+03,2.330240704395691864e-06,3.977417945861816406e-02,9.734256551641810862e-02
4.758000000000000000e+03,2.329330754946568049e-06,3.979206085205078125e-02,9.533105322929645575e-02
4.759000000000000000e+03,2.328716163901844993e-06,3.900527954101562500e-02,9.247104848651621634e-02
4.760000000000000000e+03,2.328165919607272372e-06,3.817081451416015625e-02,9.318787831974501001e-02
4.761000000000000000e+03,2.327589982087374665e-06,3.724098205566406250e-02,8.922337046658161686e-02
4.762000000000000000e+03,2.326989715584204532e-06,3.635883331298828125e-02,8.621707392110161683e-02
4.763000000000000000e+03,2.326615913261775859e-06,3.545284271240234375e-02,8.340095671913129449e-02
4.764000000000000000e+03,2.326062258362071589e-06,3.456473350524902344e-02,8.163082590646424108e-02
4.765000000000000000e+03,2.325424247828777879e-06,3.404617309570312500e-02,8.354724852183105510e-02
4.766000000000000000e+03,2.324815113752265461e-06,3.345012664794921875e-02,8.430796589586979362e-02
4.767000000000000000e+03,2.325402419955935329e-06,3.299117088317871094e-02,9.132997242545810856e-02
4.768000000000000000e+03,2.324434717593248934e-06,3.327131271362304688e-02,8.702899342608526323e-02
4.769000000000000000e+03,2.323831267858622596e-06,3.310441970825195312e-02,8.850654063335279542e-02
4.770000000000000000e+03,2.323211447219364345e-06,3.277659416198730469e-02,8.526617720355320063e-02
4.771000000000000000e+03,2.322400177945382893e-06,3.302097320556640625e-02,8.511257081071844921e-02
4.772000000000000000e+03,2.321502734048408456e-06,3.333091735839843750e-02,8.206238672442851823e-02
4.773000000000000000e+03,2.320103476449730806e-06,3.336668014526367188e-02,8.139675902214463243e-02
4.774000000000000000e+03,2.318304495929623954e-06,3.250837326049804688e-02,8.149184869389947128e-02
4.775000000000000000e+03,2.316819291081628762e-06,3.131031990051269531e-02,8.273532901684740870e-02
4.776000000000000000e+03,2.316754262210451998e-06,2.430081367492675781e-02,8.740935211310461861e-02
4.777000000000000000e+03,2.316153995707281865e-06,2.773404121398925781e-02,8.511257081071844921e-02
4.778000000000000000e+03,2.314821358595509082e-06,2.755522727966308594e-02,8.850654063335279542e-02
4.779000000000000000e+03,2.314020093763247132e-06,2.713203430175781250e-02,9.228086914300652477e-02
4.780000000000000000e+03,2.313515324203763157e-06,2.714991569519042969e-02,9.275631750178073287e-02
4.781000000000000000e+03,2.312112655999953859e-06,2.743601799011230469e-02,9.074480521465908001e-02
4.782000000000000000e+03,2.310843683517305180e-06,2.801418304443359375e-02,8.736546457229470153e-02
4.783000000000000000e+03,2.310023546669981442e-06,2.841949462890625000e-02,8.211358885537343999e-02
4.784000000000000000e+03,2.308889406776870601e-06,2.793669700622558594e-02,7.776872231519066370e-02
4.785000000000000000e+03,2.307873273821314797e-06,2.774000167846679688e-02,7.595470396171367933e-02
4.786000000000000000e+03,2.307022214154130779e-06,2.644062042236328125e-02,7.987532427406715541e-02
4.787000000000000000e+03,2.306363057869020849e-06,2.536177635192871094e-02,8.511257081071844921e-02
4.788000000000000000e+03,2.305441967109800316e-06,2.390146255493164062e-02,8.826515915889820985e-02
4.789000000000000000e+03,2.304706413269741461e-06,2.387166023254394531e-02,9.070823226398413985e-02
4.790000000000000000e+03,2.303513838342041709e-06,2.369880676269531250e-02,8.936966226928136359e-02
4.791000000000000000e+03,2.302182338098646142e-06,2.920627593994140625e-02,8.903319112307192529e-02
4.792000000000000000e+03,2.300511368957813829e-06,2.847313880920410156e-02,8.211358885537343999e-02
4.793000000000000000e+03,2.299203742950339802e-06,2.968907356262207031e-02,8.454203278018940226e-02
4.794000000000000000e+03,2.297836317666224204e-06,3.192424774169921875e-02,8.507599786004350906e-02
4.795000000000000000e+03,2.297076434842892922e-06,3.299713134765625000e-02,8.616587179015669506e-02
4.796000000000000000e+03,2.295924332429422066e-06,3.415346145629882812e-02,8.597569244664701738e-02
4.797000000000000000e+03,2.305337602592771873e-06,3.721714019775390625e-02,6.464634761302248678e-02
4.798000000000000000e+03,2.295672402397030964e-06,3.458261489868164062e-02,8.297671049130200815e-02
4.799000000000000000e+03,2.294893647558637895e-06,3.480911254882812500e-02,8.077501886067066372e-02
4.800000000000000000e+03,2.293941861353232525e-06,3.452301025390625000e-02,7.820028313315494084e-02
4.801000000000000000e+03,2.292953240612405352e-06,3.407001495361328125e-02,7.805399133045519411e-02
4.802000000000000000e+03,2.291987357239122503e-06,3.414750099182128906e-02,7.557434527469431007e-02
4.803000000000000000e+03,2.291009650434716605e-06,3.485083580017089844e-02,7.275822807272400161e-02
4.804000000000000000e+03,2.290303200425114483e-06,3.564357757568359375e-02,7.095152430938199417e-02
4.805000000000000000e+03,2.289550366185721941e-06,3.666877746582031250e-02,6.640916383555454938e-02
4.806000000000000000e+03,2.288779342052293941e-06,3.744363784790039062e-02,6.521688564355153372e-02
4.807000000000000000e+03,2.288232735736528412e-06,3.911852836608886719e-02,5.963585337055582469e-02
4.808000000000000000e+03,2.287251390953315422e-06,3.879666328430175781e-02,6.341018188020954016e-02
4.809000000000000000e+03,2.286418748553842306e-06,3.874301910400390625e-02,6.779893596120223354e-02
4.810000000000000000e+03,2.285545406266464852e-06,3.888010978698730469e-02,7.328487856244311760e-02
4.811000000000000000e+03,2.284294623677851632e-06,4.068613052368164062e-02,7.886591083543882663e-02
4.812000000000000000e+03,2.283069761688238941e-06,4.243254661560058594e-02,8.044586230459621623e-02
4.813000000000000000e+03,2.282002469655708410e-06,4.280805587768554688e-02,8.139675902214463243e-02
4.814000000000000000e+03,2.280932449139072560e-06,4.369020462036132812e-02,7.408948347729178707e-02
4.815000000000000000e+03,2.280118906128336675e-06,4.461407661437988281e-02,6.698701645621860101e-02
4.816000000000000000e+03,2.279436102980980650e-06,4.521608352661132812e-02,5.916040501178160271e-02
4.817000000000000000e+03,2.278742613270878792e-06,4.577636718750000000e-02,5.061696373411581767e-02
4.818000000000000000e+03,2.278097781527321786e-06,4.541277885437011719e-02,4.513833572300993136e-02
4.819000000000000000e+03,2.277439989484264515e-06,4.570484161376953125e-02,3.396895658688350861e-02
4.820000000000000000e+03,2.276729219374828972e-06,4.504919052124023438e-02,3.120404151585810457e-02
4.821000000000000000e+03,2.275714450661325827e-06,4.397630691528320312e-02,3.178189413652214579e-02
4.822000000000000000e+03,2.274809048685710877e-06,4.210472106933593750e-02,3.965239312176905423e-02
4.823000000000000000e+03,2.274265852975076996e-06,4.022121429443359375e-02,4.589905309704866293e-02
4.824000000000000000e+03,2.273800419061444700e-06,3.891587257385253906e-02,4.938079800130287106e-02
4.825000000000000000e+03,2.273127847729483619e-06,3.789067268371582031e-02,4.842990128375445485e-02
4.826000000000000000e+03,2.272049869134207256e-06,3.723502159118652344e-02,4.756677964782589363e-02
4.827000000000000000e+03,2.270802951898076572e-06,3.696084022521972656e-02,3.549770592509596256e-02
4.828000000000000000e+03,2.274515281897038221e-06,3.969073295593261719e-02,4.198574737483017766e-02
4.829000000000000000e+03,2.270288405270548537e-06,3.769397735595703125e-02,3.726052214762803211e-02
4.830000000000000000e+03,2.268588104925584048e-06,3.801584243774414062e-02,3.110895184410326225e-02
4.831000000000000000e+03,2.265889861519099213e-06,3.793239593505859375e-02,2.176090565158880774e-02
4.832000000000000000e+03,2.264386466777068563e-06,3.654360771179199219e-02,2.456970826342413580e-02
4.833000000000000000e+03,2.263199803564930335e-06,3.517270088195800781e-02,3.202327561097673830e-02
4.834000000000000000e+03,2.262478346892748959e-06,3.189444541931152344e-02,3.698256772249849250e-02
4.835000000000000000e+03,2.261264626213232987e-06,3.314614295959472656e-02,3.807244165261167851e-02
4.836000000000000000e+03,2.259382881675264798e-06,3.525614738464355469e-02,3.884047361678540783e-02
4.837000000000000000e+03,2.258338099636603147e-06,3.666281700134277344e-02,4.098364852633683969e-02
4.838000000000000000e+03,2.257518644910305738e-06,3.800392150878906250e-02,3.859909214233080837e-02
4.839000000000000000e+03,2.256489324281574227e-06,3.856420516967773438e-02,3.884047361678540783e-02
4.840000000000000000e+03,2.255418166896561161e-06,3.987550735473632812e-02,3.655100690453421536e-02
4.841000000000000000e+03,2.254316768812714145e-06,4.041790962219238281e-02,4.003275180878841655e-02
4.842000000000000000e+03,2.253147385999909602e-06,4.132390022277832031e-02,4.385096785925206991e-02
4.843000000000000000e+03,2.251912746942252852e-06,4.227161407470703125e-02,4.957097734481256263e-02
4.844000000000000000e+03,2.250815441584563814e-06,4.124641418457031250e-02,4.537240260732954000e-02
4.845000000000000000e+03,2.248341161248390563e-06,4.481673240661621094e-02,5.700991551209519392e-02
4.846000000000000000e+03,2.246770236524753273e-06,4.668831825256347656e-02,5.887513599651708618e-02
4.847000000000000000e+03,2.243807102786377072e-06,4.898309707641601562e-02,6.188143254199708621e-02
4.848000000000000000e+03,2.241349648102186620e-06,5.029439926147460938e-02,7.018349234520827873e-02
4.849000000000000000e+03,2.239722562080714852e-06,4.941225051879882812e-02,7.041755922952788738e-02
4.850000000000000000e+03,2.238421529909828678e-06,4.608035087585449219e-02,7.562554740563923183e-02
4.851000000000000000e+03,2.237512262581731193e-06,4.535913467407226562e-02,7.486483003160049332e-02
4.852000000000000000e+03,2.236369482488953508e-06,4.415512084960937500e-02,7.505500937511017101e-02
4.853000000000000000e+03,2.235585270682349801e-06,4.179477691650390625e-02,7.805399133045519411e-02
4.854000000000000000e+03,2.234403837064746767e-06,3.974437713623046875e-02,8.445425769856954035e-02
4.855000000000000000e+03,2.233284476460539736e-06,3.963112831115722656e-02,8.540515441611797043e-02
4.856000000000000000e+03,2.232274482594220899e-06,3.980398178100585938e-02,9.070823226398413985e-02
4.857000000000000000e+03,2.231205371572286822e-06,4.064440727233886719e-02,9.447524618350287839e-02
4.858000000000000000e+03,2.229786332463845611e-06,4.076361656188964844e-02,9.968323435961422285e-02
4.859000000000000000e+03,2.227585582659230568e-06,3.929734230041503906e-02,1.024920369714495405e-01
4.860000000000000000e+03,2.226170181529596448e-06,3.663301467895507812e-02,1.081754735063350931e-01
4.861000000000000000e+03,2.225100388386636041e-06,3.660917282104492188e-02,1.097993125163023859e-01
4.862000000000000000e+03,2.223886440333444625e-06,3.699660301208496094e-02,1.112768597235699319e-01
4.863000000000000000e+03,2.222507646365556866e-06,3.775358200073242188e-02,1.110354782491153325e-01
4.864000000000000000e+03,2.220656369900098071e-06,3.802180290222167969e-02,1.065955220371777173e-01
4.865000000000000000e+03,2.226083552159252577e-06,4.578828811645507812e-02,1.014899381229562164e-01
4.866000000000000000e+03,2.219974021500092931e-06,3.993511199951171875e-02,1.053520417142297938e-01
4.867000000000000000e+03,2.219130010416847654e-06,4.004836082458496094e-02,1.034941358199428785e-01
4.868000000000000000e+03,2.217990640929201618e-06,3.985166549682617188e-02,9.805208075951193925e-02
4.869000000000000000e+03,2.217287374151055701e-06,3.963112831115722656e-02,9.781069928505732591e-02
4.870000000000000000e+03,2.216188022430287674e-06,3.910660743713378906e-02,9.710118404196350916e-02
4.871000000000000000e+03,2.215101858382695355e-06,3.753900527954101562e-02,9.304158651704526328e-02
4.872000000000000000e+03,2.213886546087451279e-06,3.636479377746582031e-02,9.122756816356827891e-02
4.873000000000000000e+03,2.211567789345281199e-06,3.479719161987304688e-02,8.631216359285645567e-02
4.874000000000000000e+03,2.209686044807313010e-06,3.536343574523925781e-02,8.344484425994122545e-02
4.875000000000000000e+03,2.207173338319989853e-06,3.636479377746582031e-02,7.634237723886802551e-02
4.876000000000000000e+03,2.205007149314042181e-06,4.013776779174804688e-02,7.681051100750725669e-02
4.877000000000000000e+03,2.203459644078975543e-06,4.025101661682128906e-02,7.600590609265858721e-02
4.878000000000000000e+03,2.201479219365864992e-06,4.110932350158691406e-02,8.139675902214463243e-02
4.879000000000000000e+03,2.199751634179847315e-06,3.973841667175292969e-02,8.831636128984311773e-02
4.880000000000000000e+03,2.198123411289998330e-06,3.799796104431152344e-02,9.299769897623533232e-02
4.881000000000000000e+03,2.196602281401283108e-06,3.628134727478027344e-02,9.634046666792478453e-02
4.882000000000000000e+03,2.195044771724496968e-06,3.470182418823242188e-02,9.833734977477645578e-02
4.883000000000000000e+03,2.194093212892767042e-06,3.450512886047363281e-02,9.275631750178073287e-02
4.884000000000000000e+03,2.191588919231435284e-06,3.297924995422363281e-02,1.002025702591983480e-01
4.885000000000000000e+03,2.189706719946116209e-06,3.141760826110839844e-02,1.039256966379071556e-01
4.886000000000000000e+03,2.187411610066192225e-06,2.925992012023925781e-02,1.064565448246129614e-01
4.887000000000000000e+03,2.185002131227520294e-06,2.642273902893066406e-02,1.132298552896116861e-01
4.888000000000000000e+03,2.182741582146263681e-06,2.279877662658691406e-02,1.196740091985359633e-01
4.889000000000000000e+03,2.181466470574378036e-06,2.087950706481933594e-02,1.200104803447454155e-01
4.890000000000000000e+03,2.180312321797828190e-06,1.904368400573730469e-02,1.229728893494154707e-01
4.891000000000000000e+03,2.181136778744985349e-06,1.368522644042968750e-02,1.160971746225269025e-01
4.892000000000000000e+03,2.179694092774298042e-06,1.702904701232910156e-02,1.203908390317647847e-01
4.893000000000000000e+03,2.177436954298173077e-06,1.598000526428222656e-02,1.209613770622938317e-01
4.894000000000000000e+03,2.175843292206991464e-06,1.502633094787597656e-02,1.245967283593827912e-01
4.895000000000000000e+03,2.174895598727744073e-06,1.381635665893554688e-02,1.291317742430752591e-01
4.896000000000000000e+03,2.174157771150930785e-06,1.078844070434570312e-02,1.347640086470158760e-01
4.897000000000000000e+03,2.173135953853488900e-06,8.183717727661132812e-03,1.398769071513723816e-01
4.898000000000000000e+03,2.172175072701065801e-06,5.656480789184570312e-03,1.439291900861556228e-01
4.899000000000000000e+03,2.171636879211291671e-06,5.722045898437500000e-03,1.413105668178299690e-01
4.900000000000000000e+03,2.170675315937842242e-06,7.611513137817382812e-03,1.372436547027767462e-01
4.901000000000000000e+03,2.169912477256730199e-06,8.791685104370117188e-03,1.326647212782743612e-01
4.902000000000000000e+03,2.168589162465650588e-06,9.638071060180664062e-03,1.263156570411049229e-01
4.903000000000000000e+03,2.170960669900523499e-06,1.004338264465332031e-02,1.162873539660366079e-01
4.904000000000000000e+03,2.168051878470578231e-06,9.763240814208984375e-03,1.233020459054899320e-01
4.905000000000000000e+03,2.166875901821185835e-06,7.170438766479492188e-03,1.203030639501449367e-01
4.906000000000000000e+03,2.165462319680955261e-06,6.544589996337890625e-03,1.260303880258404063e-01
4.907000000000000000e+03,2.164076477129128762e-06,4.523992538452148438e-03,1.350053901214704755e-01
4.908000000000000000e+03,2.163126055165776052e-06,3.647804260253906250e-03,1.392990545307083439e-01
4.909000000000000000e+03,2.161282736778957769e-06,2.217292785644531250e-03,1.452750746709934038e-01
4.910000000000000000e+03,2.159750010832794942e-06,2.813339233398437500e-03,1.476084289240545133e-01
4.911000000000000000e+03,2.156732989533338696e-06,2.616643905639648438e-03,1.480399897420187905e-01
4.912000000000000000e+03,2.154836010959115811e-06,1.668930053710937500e-03,1.452238725400484820e-01
4.913000000000000000e+03,2.153051809727912769e-06,1.859664916992187500e-03,1.433147645148166449e-01
4.914000000000000000e+03,2.150161890313029289e-06,3.111362457275390625e-03,1.350565922524153695e-01
4.915000000000000000e+03,2.149510237359208986e-06,3.671646118164062500e-03,1.316114202988361015e-01
4.916000000000000000e+03,2.146551651094341651e-06,3.945827484130859375e-03,1.332352593088034221e-01
4.917000000000000000e+03,2.144865220543579198e-06,4.184246063232421875e-03,1.346250314344511201e-01
4.918000000000000000e+03,2.143862275261199102e-06,3.910064697265625000e-03,1.307482986629075472e-01
4.919000000000000000e+03,2.145801317965378985e-06,3.719329833984375000e-03,1.417787005864691863e-01
4.920000000000000000e+03,2.143079200322972611e-06,3.838539123535156250e-03,1.346250314344511201e-01
4.921000000000000000e+03,2.142400035154423676e-06,3.397464752197265625e-03,1.320429811168004064e-01
4.922000000000000000e+03,2.141032837243983522e-06,2.348423004150390625e-03,1.278005188385074598e-01
4.923000000000000000e+03,2.139240905307815410e-06,2.562999725341796875e-03,1.244943240974929616e-01
4.924000000000000000e+03,2.136520606654812582e-06,4.041194915771484375e-03,1.210125791932387396e-01
4.925000000000000000e+03,2.172495896957116202e-06,1.074075698852539062e-02,1.531528882463752961e-01
4.926000000000000000e+03,2.136123384843813255e-06,4.792213439941406250e-03,1.245967283593827912e-01
4.927000000000000000e+03,2.134507212758762762e-06,6.687641143798828125e-03,1.244065490158730997e-01
4.928000000000000000e+03,2.133542466253857128e-06,7.760524749755859375e-03,1.257378044204408851e-01
4.929000000000000000e+03,2.132454937964212149e-06,8.058547973632812500e-03,1.275591373640528603e-01
4.930000000000000000e+03,2.130866732841241173e-06,7.891654968261718750e-03,1.304191421068330858e-01
4.931000000000000000e+03,2.134193891834001988e-06,4.947185516357421875e-03,1.189132918244972387e-01
4.932000000000000000e+03,2.130079110429505818e-06,6.985664367675781250e-03,1.268861950716339559e-01
4.933000000000000000e+03,2.128281039404100738e-06,6.651878356933593750e-03,1.342812456981066771e-01
4.934000000000000000e+03,2.127138259311323054e-06,6.413459777832031250e-03,1.338131119294674598e-01
4.935000000000000000e+03,2.126172375938040204e-06,7.522106170654296875e-03,1.358611971672640528e-01
4.936000000000000000e+03,2.125508899553096853e-06,8.952617645263671875e-03,1.351443673340352314e-01
4.937000000000000000e+03,2.124896582245128229e-06,1.068115234375000000e-02,1.329499902935388778e-01
4.938000000000000000e+03,2.124076672771479934e-06,1.302957534790039062e-02,1.312310616118167461e-01
4.939000000000000000e+03,2.123315880453446880e-06,1.305341720581054688e-02,1.262205673693500840e-01
4.940000000000000000e+03,2.122713340213522315e-06,1.208782196044921875e-02,1.196301216577260323e-01
4.941000000000000000e+03,2.122234263879363425e-06,1.107454299926757812e-02,1.151389633148435232e-01
4.942000000000000000e+03,2.121856823578127660e-06,1.058578491210937500e-02,1.104649402185862855e-01
4.943000000000000000e+03,2.121443458236171864e-06,1.020431518554687500e-02,1.052642666326099458e-01
4.944000000000000000e+03,2.120724957421771251e-06,1.076459884643554688e-02,1.034429336889979567e-01
4.945000000000000000e+03,2.119941427736193873e-06,1.212358474731445312e-02,1.040207863096620083e-01
4.946000000000000000e+03,2.118837528541916981e-06,1.186132431030273438e-02,1.048327058146456547e-01
4.947000000000000000e+03,2.118342763424152508e-06,1.181364059448242188e-02,1.066467241681226391e-01
4.948000000000000000e+03,2.117736585205420852e-06,1.111030578613281250e-02,1.096091331727927082e-01
4.949000000000000000e+03,2.117151552738505416e-06,9.346008300781250000e-03,1.090385951422636612e-01
4.950000000000000000e+03,2.116301175192347728e-06,7.963180541992187500e-03,1.082193610471450240e-01
4.951000000000000000e+03,2.115001279889838770e-06,6.473064422607421875e-03,1.023530597588847707e-01
4.952000000000000000e+03,2.114156131938216276e-06,6.341934204101562500e-03,1.003927496027080535e-01
4.953000000000000000e+03,2.112908077833708376e-06,7.903575897216796875e-03,9.628926453697986276e-02
4.954000000000000000e+03,2.112100673912209459e-06,9.894371032714843750e-03,9.680860043656400182e-02
4.955000000000000000e+03,2.111845560648362152e-06,1.055002212524414062e-02,9.871770846179581116e-02
4.956000000000000000e+03,2.111067260557319969e-06,1.025199890136718750e-02,1.034429336889979567e-01
4.957000000000000000e+03,2.111740968757658266e-06,7.808208465576171875e-03,1.086436072749743104e-01
4.958000000000000000e+03,2.110508603436755948e-06,9.274482727050781250e-03,1.055056481070645313e-01
4.959000000000000000e+03,2.181827767344657332e-06,5.459785461425781250e-03,1.149487839713338455e-01
4.960000000000000000e+03,2.110080913553247228e-06,9.036064147949218750e-03,1.060761861375935783e-01
4.961000000000000000e+03,2.108906755893258378e-06,5.412101745605468750e-03,1.120887792285535922e-01
4.962000000000000000e+03,2.107501813952694647e-06,2.598762512207031250e-03,1.131347656178568473e-01
4.963000000000000000e+03,2.104821760440245271e-06,5.376338958740234375e-03,1.189132918244972387e-01
4.964000000000000000e+03,2.103838596667628735e-06,6.979703903198242188e-03,1.270251722841987396e-01
4.965000000000000000e+03,2.102691723848693073e-06,7.164478302001953125e-03,1.305581193193978695e-01
4.966000000000000000e+03,2.100698338836082257e-06,6.818771362304687500e-03,1.375874404391211614e-01
4.967000000000000000e+03,2.099954372170032002e-06,7.498264312744140625e-03,1.352467715959250749e-01
4.968000000000000000e+03,2.098473942169221118e-06,8.821487426757812500e-03,1.366292291314377683e-01
4.969000000000000000e+03,2.100365236401557922e-06,1.503825187683105469e-02,9.552123257280613344e-02
4.970000000000000000e+03,2.098045797538361512e-06,1.081824302673339844e-02,1.234483377081896927e-01
4.971000000000000000e+03,2.097849801430129446e-06,1.263618469238281250e-02,1.188620896935523308e-01
4.972000000000000000e+03,2.096627440550946631e-06,1.240372657775878906e-02,1.153803447892981088e-01
4.973000000000000000e+03,2.095798663503956050e-06,1.282095909118652344e-02,1.118985998850439006e-01
4.974000000000000000e+03,2.094952378683956340e-06,1.334547996520996094e-02,1.075537333448611244e-01
4.975000000000000000e+03,2.094060846502543427e-06,1.399517059326171875e-02,1.044523471276262855e-01
4.976000000000000000e+03,2.093104967570980079e-06,1.462101936340332031e-02,1.019214989409205074e-01
4.977000000000000000e+03,2.092335307679604739e-06,1.485943794250488281e-02,1.008243104206723167e-01
4.978000000000000000e+03,2.091396481773699634e-06,1.491308212280273438e-02,1.012046691076916721e-01
4.979000000000000000e+03,2.090353518724441528e-06,1.522302627563476562e-02,1.023530597588847707e-01
4.980000000000000000e+03,2.089472445732099004e-06,1.580119132995605469e-02,1.091263702238835093e-01
4.981000000000000000e+03,2.090252337438869290e-06,2.165436744689941406e-02,1.068881056425772247e-01
4.982000000000000000e+03,2.088788278342690319e-06,1.817941665649414062e-02,1.082193610471450240e-01
4.983000000000000000e+03,2.087891516566742212e-06,1.857280731201171875e-02,1.050228851581553324e-01
4.984000000000000000e+03,2.087005213979864493e-06,1.788139343261718750e-02,1.013509609103914327e-01
4.985000000000000000e+03,2.085904270643368363e-06,1.736879348754882812e-02,9.680860043656400182e-02
4.986000000000000000e+03,2.084499101329129189e-06,1.694560050964355469e-02,9.103738882005858735e-02
4.987000000000000000e+03,2.083232629956910387e-06,1.727938652038574219e-02,8.831636128984311773e-02
4.988000000000000000e+03,2.082458195218350738e-06,1.756548881530761719e-02,8.884301177956224760e-02
4.989000000000000000e+03,2.081817001453600824e-06,1.747608184814453125e-02,9.672082535494413991e-02
4.990000000000000000e+03,2.081747425108915195e-06,1.719594001770019531e-02,1.005829289462177312e-01
4.991000000000000000e+03,2.080890226352494210e-06,1.784563064575195312e-02,1.051179748299101713e-01
4.992000000000000000e+03,2.079962769130361266e-06,1.786351203918457031e-02,1.077439126883708159e-01
4.993000000000000000e+03,2.078726993204327300e-06,1.778006553649902344e-02,1.110354782491153325e-01
4.994000000000000000e+03,2.077836370517616160e-06,1.723170280456542969e-02,1.155193220018628786e-01
4.995000000000000000e+03,2.076355485769454390e-06,1.768469810485839844e-02,1.183939559249130857e-01
4.996000000000000000e+03,2.075088559649884701e-06,1.799464225769042969e-02,1.255476250769312074e-01
4.997000000000000000e+03,2.073460109386360273e-06,2.176761627197265625e-02,1.323794522630098447e-01
4.998000000000000000e+03,2.072236839012475684e-06,2.182722091674804688e-02,1.398257050204274599e-01
4.999000000000000000e+03,2.071436483674915507e-06,2.335906028747558594e-02,1.434537417273814286e-01
5.000000000000000000e+03,2.070353957606130280e-06,2.583861351013183594e-02,1.481350794137736571e-01
5.001000000000000000e+03,2.069773699986399151e-06,2.756118774414062500e-02,1.505196357977796884e-01
5.002000000000000000e+03,2.068918547593057156e-06,2.949237823486328125e-02,1.585437411758613135e-01
5.003000000000000000e+03,2.068264620902482420e-06,3.066062927246093750e-02,1.626033387007795594e-01
5.004000000000000000e+03,2.068594767479225993e-06,3.590583801269531250e-02,1.659022188516590668e-01
5.005000000000000000e+03,2.067893319690483622e-06,3.294348716735839844e-02,1.640443129573721792e-01
5.006000000000000000e+03,2.067373316094744951e-06,3.456473350524902344e-02,1.627935180442892649e-01
5.007000000000000000e+03,2.066782826659618877e-06,3.432035446166992188e-02,1.639931108264272575e-01
5.008000000000000000e+03,2.066246679532923736e-06,3.382563591003417969e-02,1.676211475333812262e-01
5.009000000000000000e+03,2.065705757559044287e-06,3.355741500854492188e-02,1.717758347300543109e-01
5.010000000000000000e+03,2.064831960524315946e-06,3.281831741333007812e-02,1.811311955127037632e-01
5.011000000000000000e+03,2.063979991362430155e-06,3.274083137512207031e-02,1.914593967833065902e-01
5.012000000000000000e+03,2.062965904769953340e-06,3.263950347900390625e-02,2.002003319946170368e-01
5.013000000000000000e+03,2.061575514744617976e-06,3.323554992675781250e-02,2.092338508113270323e-01
5.014000000000000000e+03,2.060827455352409743e-06,3.364682197570800781e-02,2.190719745428856557e-01
5.015000000000000000e+03,2.058194695564452559e-06,3.538131713867187500e-02,2.257648245163995093e-01
5.016000000000000000e+03,2.055977347481530160e-06,3.561973571777343750e-02,2.199350961788142378e-01
5.017000000000000000e+03,2.052884838121826760e-06,3.716349601745605469e-02,2.100457703163106649e-01
5.018000000000000000e+03,2.052730451396200806e-06,3.991723060607910156e-02,2.030164491965873452e-01
5.019000000000000000e+03,2.050192733804578893e-06,3.955364227294921875e-02,2.214126433860817700e-01
5.020000000000000000e+03,2.049084514510468580e-06,4.068017005920410156e-02,2.250991968141156652e-01
5.021000000000000000e+03,2.048177975666476414e-06,4.090070724487304688e-02,2.280542912286507296e-01
5.022000000000000000e+03,2.046895815510652028e-06,4.088878631591796875e-02,2.279665161470308676e-01
5.023000000000000000e+03,2.045790324700647034e-06,4.038214683532714844e-02,2.253844658293801539e-01
5.024000000000000000e+03,2.044099801423726603e-06,3.874301910400390625e-02,2.131471565335455454e-01
5.025000000000000000e+03,2.043487256742082536e-06,3.924369812011718750e-02,2.054595223016733030e-01
5.026000000000000000e+03,2.070435584755614400e-06,2.811551094055175781e-02,1.605479388728479895e-01
5.027000000000000000e+03,2.043090944425784983e-06,3.826618194580078125e-02,2.014950144485098960e-01
5.028000000000000000e+03,2.042464529949938878e-06,3.818869590759277344e-02,1.949923438185057201e-01
5.029000000000000000e+03,2.042016603809315711e-06,3.770589828491210938e-02,1.915983739958713461e-01
5.030000000000000000e+03,2.041086645476752892e-06,3.635287284851074219e-02,1.913204195707418065e-01
5.031000000000000000e+03,2.040374283751589246e-06,3.518462181091308594e-02,1.937488634955577826e-01
5.032000000000000000e+03,2.039908622464281507e-06,3.266930580139160156e-02,1.925565853035547670e-01
5.033000000000000000e+03,2.038862930930918083e-06,3.421902656555175781e-02,1.969965415154923682e-01
5.034000000000000000e+03,2.037832700807484798e-06,3.549456596374511719e-02,2.004417134690716640e-01
5.035000000000000000e+03,2.036935029536834918e-06,3.510713577270507812e-02,1.993884124896334042e-01
5.036000000000000000e+03,2.035412308032391593e-06,3.472566604614257812e-02,1.950435459494506141e-01
5.037000000000000000e+03,2.034863427979871631e-06,3.219842910766601562e-02,1.959432405360541363e-01
5.038000000000000000e+03,2.038998445641482249e-06,3.067851066589355469e-02,1.741165035732504252e-01
5.039000000000000000e+03,2.034196313616121188e-06,3.176927566528320312e-02,1.898355577733392696e-01
5.040000000000000000e+03,2.033610144280828536e-06,3.284215927124023438e-02,1.904060958038683304e-01
5.041000000000000000e+03,2.032576276178588159e-06,3.521442413330078125e-02,1.925565853035547670e-01
5.042000000000000000e+03,2.031952362813171931e-06,3.601908683776855469e-02,1.946119851314863369e-01
5.043000000000000000e+03,2.041127345364657231e-06,4.431605339050292969e-02,1.999077483892175155e-01
5.044000000000000000e+03,2.031785470535396598e-06,3.716349601745605469e-02,1.953215003745801814e-01
5.045000000000000000e+03,2.030812538578175008e-06,3.708600997924804688e-02,1.961334198795638417e-01
5.046000000000000000e+03,2.029247980317450128e-06,3.575086593627929688e-02,1.974281023334566454e-01
5.047000000000000000e+03,2.027945129157160409e-06,3.648400306701660156e-02,1.956652861109245967e-01
5.048000000000000000e+03,2.027040864049922675e-06,3.610253334045410156e-02,1.975231920052114842e-01
5.049000000000000000e+03,2.026395122811663896e-06,3.583431243896484375e-02,1.992494352770686483e-01
5.050000000000000000e+03,2.025723688348080032e-06,3.471970558166503906e-02,2.004929156000165302e-01
5.051000000000000000e+03,2.025058620347408578e-06,3.465414047241210938e-02,2.036893914890062218e-01
5.052000000000000000e+03,2.024508830800186843e-06,3.014802932739257812e-02,2.120499680132973408e-01
5.053000000000000000e+03,2.022981789195910096e-06,3.310441970825195312e-02,2.098043888418560932e-01
5.054000000000000000e+03,2.021567070187302306e-06,3.523826599121093750e-02,2.078001911448694172e-01
5.055000000000000000e+03,2.019602334257797338e-06,3.822445869445800781e-02,2.060812624631472856e-01
5.056000000000000000e+03,2.118768634318257682e-06,1.822710037231445312e-02,2.152537584924220093e-01
5.057000000000000000e+03,2.019365638261660933e-06,3.708600997924804688e-02,2.066005983627313691e-01
5.058000000000000000e+03,2.018130317082977854e-06,3.646016120910644531e-02,2.132422462053003565e-01
5.059000000000000000e+03,2.016893631662242115e-06,3.404617309570312500e-02,2.270083048393474467e-01
5.060000000000000000e+03,2.015667632804252207e-06,3.101229667663574219e-02,2.375266854534599792e-01
5.061000000000000000e+03,2.015301788560464047e-06,2.933144569396972656e-02,2.576418083246764801e-01
5.062000000000000000e+03,2.014895699176122434e-06,2.381205558776855469e-02,2.637641202676613283e-01
5.063000000000000000e+03,2.016041889874031767e-06,2.577900886535644531e-02,2.444097147704835105e-01
5.064000000000000000e+03,2.013380935750319622e-06,2.464056015014648438e-02,2.555864084967449656e-01
5.065000000000000000e+03,2.012143795582232997e-06,2.747178077697753906e-02,2.481840432801372398e-01
5.066000000000000000e+03,2.011170636251335964e-06,2.804398536682128906e-02,2.448851631292577324e-01
5.067000000000000000e+03,2.007117700486560352e-06,2.760291099548339844e-02,2.366635638175313971e-01
5.068000000000000000e+03,2.005182523134863004e-06,2.562999725341796875e-02,2.395747706912565445e-01
5.069000000000000000e+03,2.002801466005621478e-06,2.068877220153808594e-02,2.499468595026693163e-01
5.070000000000000000e+03,2.000532049351022579e-06,1.841783523559570312e-02,2.653001841960088147e-01
5.071000000000000000e+03,1.999064579649711959e-06,1.737475395202636719e-02,2.764329903814602973e-01
5.072000000000000000e+03,1.998262405322748236e-06,1.851916313171386719e-02,2.803609252839487365e-01
5.073000000000000000e+03,1.997991148527944461e-06,1.941323280334472656e-02,2.772961120173887961e-01
5.074000000000000000e+03,1.997508661588653922e-06,2.120733261108398438e-02,2.716565630233132023e-01
5.075000000000000000e+03,1.997100753214908764e-06,2.228617668151855469e-02,2.702229033568556149e-01
5.076000000000000000e+03,1.996726041397778317e-06,2.270340919494628906e-02,2.706544641748198643e-01
5.077000000000000000e+03,1.995960474232560955e-06,2.238750457763671875e-02,2.742386133409638882e-01
5.078000000000000000e+03,1.995106458707596175e-06,2.112388610839843750e-02,2.794027139762653156e-01
5.079000000000000000e+03,1.994770627788966522e-06,1.999735832214355469e-02,2.815020013450068581e-01
5.080000000000000000e+03,1.993743808270664886e-06,1.947879791259765625e-02,2.865783268986883958e-01
5.081000000000000000e+03,1.992998022615211084e-06,1.991987228393554688e-02,2.862345411623439806e-01
5.082000000000000000e+03,1.992287479879450984e-06,2.180933952331542969e-02,2.844205228088669823e-01
5.083000000000000000e+03,1.996698756556725129e-06,3.057718276977539062e-02,3.044624997787336307e-01
5.084000000000000000e+03,1.992208126466721296e-06,2.325177192687988281e-02,2.877194029597465175e-01
5.085000000000000000e+03,1.991557837754953653e-06,2.351403236389160156e-02,2.872000670601623784e-01
5.086000000000000000e+03,1.990711098187603056e-06,2.413392066955566406e-02,2.848008814958863377e-01
5.087000000000000000e+03,1.990099463000660762e-06,2.452135086059570312e-02,2.847131064142665036e-01
5.088000000000000000e+03,1.989021939152735285e-06,2.445578575134277344e-02,2.889189957418845101e-01
5.089000000000000000e+03,1.988067197089549154e-06,2.542138099670410156e-02,2.901185885240225026e-01
5.090000000000000000e+03,1.987186806218232960e-06,2.446174621582031250e-02,2.918375172057446343e-01
5.091000000000000000e+03,1.985903054446680471e-06,2.267956733703613281e-02,2.926494367107282946e-01
5.092000000000000000e+03,1.984984237424214371e-06,2.261400222778320312e-02,2.942732757206956151e-01
5.093000000000000000e+03,1.985415792660205625e-06,1.628398895263671875e-02,2.823651229809353569e-01
5.094000000000000000e+03,1.984375785468728282e-06,1.986622810363769531e-02,2.891091750853941877e-01
5.095000000000000000e+03,1.982902176678180695e-06,1.891851425170898438e-02,3.008710360224546299e-01
5.096000000000000000e+03,1.981373998205526732e-06,1.899003982543945312e-02,2.942732757206956151e-01
5.097000000000000000e+03,1.980078195629175752e-06,1.832842826843261719e-02,2.922690780237089392e-01
5.098000000000000000e+03,1.978444743144791573e-06,1.863837242126464844e-02,2.962409004670073509e-01
5.099000000000000000e+03,1.977131432795431465e-06,1.646280288696289062e-02,3.047916563348080921e-01
5.100000000000000000e+03,1.975530494746635668e-06,1.822710037231445312e-02,3.137886022008431475e-01
5.101000000000000000e+03,1.974500946744228713e-06,1.817345619201660156e-02,3.222076954462141374e-01
5.102000000000000000e+03,1.972888185264309868e-06,1.757144927978515625e-02,3.410135066832678530e-01
5.103000000000000000e+03,1.971138090084423311e-06,1.699328422546386719e-02,3.502884069744324202e-01
5.104000000000000000e+03,1.969578988791909069e-06,1.567602157592773438e-02,3.608726188997598561e-01
5.105000000000000000e+03,1.968376636796165258e-06,1.527070999145507812e-02,3.639301175761847640e-01
5.106000000000000000e+03,1.967001253433409147e-06,1.500248908996582031e-02,3.641202969196943862e-01
5.107000000000000000e+03,1.966308445844333619e-06,1.397728919982910156e-02,3.606312374253052289e-01
5.108000000000000000e+03,1.965992396435467526e-06,1.314282417297363281e-02,3.582320518610292437e-01
5.109000000000000000e+03,1.965201363418600522e-06,1.285672187805175781e-02,3.549843738410946026e-01
5.110000000000000000e+03,1.964694547496037558e-06,1.257061958312988281e-02,3.537847810589566100e-01
5.111000000000000000e+03,1.963879412869573571e-06,1.224279403686523438e-02,3.524462110642538337e-01
5.112000000000000000e+03,1.970030098163988441e-06,6.383657455444335938e-03,3.786251291573752842e-01
5.113000000000000000e+03,1.963599743248778395e-06,1.118183135986328125e-02,3.571787508815910117e-01
5.114000000000000000e+03,1.963121349035645835e-06,9.906291961669921875e-03,3.552696428563591469e-01
5.115000000000000000e+03,1.962430133062298410e-06,8.761882781982421875e-03,3.574201323560455834e-01
5.116000000000000000e+03,1.962575197467231192e-06,8.440017700195312500e-03,3.578516931740098883e-01
5.117000000000000000e+03,1.961854877663427033e-06,8.612871170043945312e-03,3.576103116995552611e-01
5.118000000000000000e+03,1.961022007890278473e-06,7.748603820800781250e-03,3.607263270970600955e-01
5.119000000000000000e+03,1.964181365110562183e-06,3.433227539062500000e-03,3.310144619687394596e-01
5.120000000000000000e+03,1.960515646715066396e-06,4.786252975463867188e-03,3.528265697512731891e-01
5.121000000000000000e+03,1.959556357178371400e-06,4.446506500244140625e-03,3.509174617260413798e-01
5.122000000000000000e+03,1.958485654540709220e-06,4.231929779052734375e-03,3.445976558494118769e-01
5.123000000000000000e+03,1.958026359716313891e-06,3.474950790405273438e-03,3.411085963550226641e-01
5.124000000000000000e+03,1.957333552127238363e-06,3.236532211303710938e-03,3.375610201395535803e-01
5.125000000000000000e+03,1.956838787009473890e-06,2.747774124145507812e-03,3.365150337502503253e-01
5.126000000000000000e+03,1.955905190698103979e-06,3.433227539062500000e-03,3.366613255529500859e-01
5.127000000000000000e+03,1.954828576344880275e-06,4.851818084716796875e-03,3.373708407960439581e-01
5.128000000000000000e+03,1.953654646058566868e-06,6.079673767089843750e-03,3.390458819369561172e-01
5.129000000000000000e+03,1.952134653038228862e-06,8.153915405273437500e-03,3.428275250367448512e-01
5.130000000000000000e+03,1.951260401256149635e-06,8.469820022583007812e-03,3.454607774853404867e-01
5.131000000000000000e+03,1.950285422935849056e-06,7.796287536621093750e-03,3.474722897724621395e-01
5.132000000000000000e+03,1.949478473761701025e-06,6.699562072753906250e-03,3.524974131951987832e-01
5.133000000000000000e+03,1.948671979334903881e-06,5.680322647094726562e-03,3.544577233513754866e-01
5.134000000000000000e+03,1.947099462995538488e-06,5.912780761718750000e-03,3.663658760911356893e-01
5.135000000000000000e+03,1.945829126270837151e-06,7.373094558715820312e-03,3.709228657452330880e-01
5.136000000000000000e+03,1.943784354807576165e-06,1.158118247985839844e-02,3.743168355678674897e-01
5.137000000000000000e+03,1.942721155501203611e-06,1.460909843444824219e-02,3.744119252396223008e-01
5.138000000000000000e+03,1.941956725204363465e-06,1.702904701232910156e-02,3.728758613112748699e-01
5.139000000000000000e+03,1.941112032000091858e-06,1.837611198425292969e-02,3.708204614833432999e-01
5.140000000000000000e+03,1.941038362929248251e-06,2.048015594482421875e-02,3.696281832913402843e-01
5.141000000000000000e+03,1.940372840181225911e-06,1.944899559020996094e-02,3.701987213218693173e-01
5.142000000000000000e+03,1.939542698892182671e-06,1.850724220275878906e-02,3.695257790294504407e-01
5.143000000000000000e+03,1.938974719450925477e-06,1.745223999023437500e-02,3.691966224733759794e-01
5.144000000000000000e+03,1.938537707246723585e-06,1.674294471740722656e-02,3.674703792015188708e-01
5.145000000000000000e+03,1.937733031809329987e-06,1.588463783264160156e-02,3.667535493682900771e-01
5.146000000000000000e+03,1.937476326929754578e-06,1.645684242248535156e-02,3.523511213924990226e-01
5.147000000000000000e+03,1.936011813086224720e-06,1.620054244995117188e-02,3.600094972638312463e-01
5.148000000000000000e+03,1.935117779794381931e-06,1.541972160339355469e-02,3.621599867635176828e-01
5.149000000000000000e+03,1.933952489707735367e-06,1.520514488220214844e-02,3.624013682379722545e-01
5.150000000000000000e+03,1.932843815666274168e-06,1.496076583862304688e-02,3.583783436637290043e-01
5.151000000000000000e+03,1.931765154949971475e-06,1.528859138488769531e-02,3.487596576362199663e-01
5.152000000000000000e+03,1.930491407620138489e-06,1.594424247741699219e-02,3.441660950314476275e-01
5.153000000000000000e+03,1.929750624185544439e-06,1.720786094665527344e-02,3.411085963550226641e-01
5.154000000000000000e+03,1.929275413203868084e-06,1.666545867919921875e-02,3.436394445417284560e-01
5.155000000000000000e+03,1.928745405166409910e-06,1.583695411682128906e-02,3.461264051876243864e-01
5.156000000000000000e+03,1.927901394083164632e-06,1.484155654907226562e-02,3.498641607466031478e-01
5.157000000000000000e+03,1.926279310282552615e-06,1.408457756042480469e-02,3.522999192615540731e-01
5.158000000000000000e+03,1.925046035466948524e-06,1.271367073059082031e-02,3.647420370811684243e-01
5.159000000000000000e+03,1.923231820910586976e-06,1.378059387207031250e-02,3.541212522051661038e-01
5.160000000000000000e+03,1.922371893670060672e-06,1.392960548400878906e-02,3.522560317207441560e-01
5.161000000000000000e+03,1.921096554724499583e-06,1.485943794250488281e-02,3.532581305692374940e-01
5.162000000000000000e+03,1.920052909554215148e-06,1.459717750549316406e-02,3.557962933460782629e-01
5.163000000000000000e+03,1.917923782457364723e-06,1.404881477355957031e-02,3.628256144658015825e-01
5.164000000000000000e+03,1.915714392453082837e-06,1.291632652282714844e-02,3.740315665526029454e-01
5.165000000000000000e+03,1.913947016873862594e-06,1.224279403686523438e-02,3.799198116112681434e-01
5.166000000000000000e+03,1.912380412250058725e-06,1.298189163208007812e-02,3.793858465314140505e-01
5.167000000000000000e+03,1.922484216265729629e-06,3.939867019653320312e-03,4.131426800043828673e-01
5.168000000000000000e+03,1.912002744575147517e-06,1.141428947448730469e-02,3.852302040492693314e-01
5.169000000000000000e+03,1.910190576381864958e-06,1.411437988281250000e-02,3.812071794750260256e-01
5.170000000000000000e+03,1.909269485622644424e-06,1.502037048339843750e-02,3.799636991520780605e-01
5.171000000000000000e+03,1.907834530356922187e-06,1.564025878906250000e-02,3.773304467034824805e-01
5.172000000000000000e+03,1.906340116875071544e-06,1.620054244995117188e-02,3.721663460681810531e-01
5.173000000000000000e+03,1.904999180624145083e-06,1.559853553771972656e-02,3.734098263911289628e-01
5.174000000000000000e+03,1.903237830447324086e-06,1.361966133117675781e-02,3.721151439372361036e-01
5.175000000000000000e+03,1.901454083963471930e-06,1.240968704223632812e-02,3.748946881885314997e-01
5.176000000000000000e+03,1.899222525025834329e-06,1.138448715209960938e-02,3.767599086729533919e-01
5.177000000000000000e+03,1.897573383757844567e-06,1.161694526672363281e-02,3.802050806265326877e-01
5.178000000000000000e+03,1.895779519145435188e-06,1.330971717834472656e-02,3.816387402929903305e-01
5.179000000000000000e+03,1.894257138701505028e-06,1.412630081176757812e-02,3.788153085008850174e-01
5.180000000000000000e+03,1.893544322228990495e-06,1.477003097534179688e-02,3.699573398474147456e-01
5.181000000000000000e+03,1.897633524094999302e-06,1.481175422668457031e-02,3.732635345884292577e-01
5.182000000000000000e+03,1.891763872663432267e-06,1.478791236877441406e-02,3.711642472196877152e-01
5.183000000000000000e+03,1.891151896415976807e-06,1.547932624816894531e-02,3.574713344869904774e-01
5.184000000000000000e+03,1.889418172140722163e-06,1.422762870788574219e-02,3.636887361017301923e-01
5.185000000000000000e+03,1.888319161480467301e-06,1.379847526550292969e-02,3.671851101862543265e-01
5.186000000000000000e+03,1.886446057142165955e-06,1.450777053833007812e-02,3.727368840987100862e-01
5.187000000000000000e+03,1.884985863398469519e-06,1.659393310546875000e-02,3.719249645937264814e-01
5.188000000000000000e+03,1.884119569695030805e-06,2.264976501464843750e-02,3.693355996859407631e-01
5.189000000000000000e+03,1.883063191598921549e-06,2.416372299194335938e-02,3.667096618274801045e-01
5.190000000000000000e+03,1.882282163023774046e-06,2.287626266479492188e-02,3.707692593523983504e-01
5.191000000000000000e+03,1.881295588646025863e-06,2.266764640808105469e-02,3.775718281779370522e-01
5.192000000000000000e+03,1.880311401691869833e-06,2.404451370239257812e-02,3.863347071596524573e-01
5.193000000000000000e+03,1.943566758200176992e-06,2.015829086303710938e-02,3.995448569434405517e-01
5.194000000000000000e+03,1.879969431684003212e-06,2.377033233642578125e-02,3.872417163363909842e-01
5.195000000000000000e+03,1.878823240986093879e-06,2.579092979431152344e-02,3.943661271278691705e-01
5.196000000000000000e+03,1.877172849162889179e-06,2.800226211547851562e-02,4.020318175893363155e-01
5.197000000000000000e+03,1.876152850854850840e-06,2.827644348144531250e-02,4.009785166098980835e-01
5.198000000000000000e+03,1.875119096439448185e-06,2.838969230651855469e-02,4.024194908664907033e-01
5.199000000000000000e+03,1.874092617981659714e-06,2.818703651428222656e-02,3.990182064537214357e-01
5.200000000000000000e+03,1.873311703093349934e-06,2.887845039367675781e-02,3.961435725306711730e-01
5.201000000000000000e+03,1.872335928965185303e-06,3.088712692260742188e-02,3.954706302382522964e-01
5.202000000000000000e+03,1.871526364993769675e-06,3.344416618347167969e-02,3.974382549845640877e-01
5.203000000000000000e+03,1.870874825726787094e-06,3.529787063598632812e-02,3.985354435048121813e-01
5.204000000000000000e+03,1.869921220531978179e-06,3.661513328552246094e-02,4.003128889076142394e-01
5.205000000000000000e+03,1.870888468147313688e-06,4.075169563293457031e-02,3.997350362869501739e-01
5.206000000000000000e+03,1.869266725407214835e-06,3.820657730102539062e-02,4.001153949739695848e-01
5.207000000000000000e+03,1.868053345788212027e-06,3.744959831237792969e-02,3.998301259587050960e-01
5.208000000000000000e+03,1.866288471319421660e-06,3.545284271240234375e-02,4.005981579228787837e-01
5.209000000000000000e+03,1.865116246335674077e-06,3.411173820495605469e-02,4.030924331589096354e-01
5.210000000000000000e+03,1.863912189037364442e-06,3.284215927124023438e-02,4.054257874119707727e-01
5.211000000000000000e+03,1.862760655058082193e-06,3.206729888916015625e-02,4.054257874119707727e-01
5.212000000000000000e+03,1.861249188550573308e-06,3.110766410827636719e-02,4.050454287249513619e-01
5.213000000000000000e+03,1.859262056314037181e-06,2.922415733337402344e-02,4.050966308558962559e-01
5.214000000000000000e+03,1.857446477515622973e-06,2.747774124145507812e-02,4.066765823250536038e-01
5.215000000000000000e+03,1.859818894445197657e-06,1.943707466125488281e-02,4.181678034271195665e-01
5.216000000000000000e+03,1.857053121057106182e-06,2.521276473999023438e-02,4.099315749351232219e-01
5.217000000000000000e+03,1.949039869941771030e-06,5.255341529846191406e-02,4.575861296645690190e-01
5.218000000000000000e+03,1.856246512943471316e-06,2.745389938354492188e-02,4.138595098376117165e-01
5.219000000000000000e+03,1.855178879850427620e-06,2.638101577758789062e-02,4.179703094934748564e-01
5.220000000000000000e+03,1.853443791333120316e-06,2.368092536926269531e-02,4.283716566654275359e-01
5.221000000000000000e+03,1.852538616731180809e-06,2.252459526062011719e-02,4.367029748291787472e-01
5.222000000000000000e+03,1.851230535976355895e-06,2.001523971557617188e-02,4.482015105213795758e-01
5.223000000000000000e+03,1.850130502134561539e-06,2.005696296691894531e-02,4.565840308160756256e-01
5.224000000000000000e+03,1.848973170126555488e-06,1.857876777648925781e-02,4.709498858411917399e-01
5.225000000000000000e+03,1.847752287176263053e-06,2.001523971557617188e-02,4.727712187848037706e-01
5.226000000000000000e+03,1.846604163802112453e-06,2.112984657287597656e-02,4.758799195921735725e-01
5.227000000000000000e+03,1.846171926445094869e-06,2.065300941467285156e-02,4.781328133537498526e-01
5.228000000000000000e+03,1.845781184783845674e-06,1.917481422424316406e-02,4.793836082668327392e-01
5.229000000000000000e+03,1.845317228799103759e-06,1.722574234008789062e-02,4.802394153126263165e-01
5.230000000000000000e+03,1.844908638304332271e-06,1.584887504577636719e-02,4.823972194024477300e-01
5.231000000000000000e+03,1.844359303504461423e-06,1.566410064697265625e-02,4.860837728304815419e-01
5.232000000000000000e+03,1.843895347519719508e-06,1.618862152099609375e-02,4.843209566079494932e-01
5.233000000000000000e+03,1.843176619331643451e-06,1.592040061950683594e-02,4.875759492180191113e-01
5.234000000000000000e+03,1.842224946813075803e-06,1.720190048217773438e-02,4.858570205362970351e-01
5.235000000000000000e+03,1.840053528212592937e-06,1.924633979797363281e-02,4.793324061358877897e-01
5.236000000000000000e+03,1.839158926486561541e-06,1.901388168334960938e-02,4.762675928693279603e-01
5.237000000000000000e+03,1.837921672631637193e-06,1.749992370605468750e-02,4.701379663362080796e-01
5.238000000000000000e+03,1.837800482462625951e-06,2.118945121765136719e-02,4.708474815793019519e-01
5.239000000000000000e+03,1.837365289247827604e-06,1.946687698364257812e-02,4.705183250232274905e-01
5.240000000000000000e+03,1.836229898799501825e-06,1.857280731201171875e-02,4.659174478283201748e-01
5.241000000000000000e+03,1.835389412008225918e-06,1.908540725708007812e-02,4.628965221025701515e-01
5.242000000000000000e+03,1.834539261835743673e-06,2.247095108032226562e-02,4.657272684848103861e-01
5.243000000000000000e+03,1.834015165513847023e-06,2.332329750061035156e-02,4.660125375000749304e-01
5.244000000000000000e+03,1.833343389989749994e-06,2.413988113403320312e-02,4.697064055182438302e-01
5.245000000000000000e+03,1.832842485782748554e-06,2.366900444030761719e-02,4.733929589462776977e-01
5.246000000000000000e+03,1.831991767176077701e-06,2.238154411315917969e-02,4.746364392692256629e-01
5.247000000000000000e+03,1.833486408031603787e-06,1.423954963684082031e-02,4.944297201745027071e-01
5.248000000000000000e+03,1.831467784541018773e-06,1.964569091796875000e-02,4.812927162920645485e-01
5.249000000000000000e+03,1.830023734328278806e-06,1.584887504577636719e-02,4.789959349896784069e-01
5.250000000000000000e+03,1.829312282097816933e-06,1.417398452758789062e-02,4.866689400412806399e-01
5.251000000000000000e+03,1.827735559345455840e-06,1.568198204040527344e-02,4.831652513666214177e-01
5.252000000000000000e+03,1.825966705837345216e-06,1.719594001770019531e-02,4.836480143155306721e-01
5.253000000000000000e+03,1.824988316911912989e-06,1.826286315917968750e-02,4.836480143155306721e-01
5.254000000000000000e+03,1.823843149395543151e-06,1.903176307678222656e-02,4.887243398692122098e-01
5.255000000000000000e+03,1.823313482418598142e-06,1.946091651916503906e-02,4.881976893794930938e-01
5.256000000000000000e+03,1.822209810597996693e-06,1.994371414184570312e-02,4.869980965973550457e-01
5.257000000000000000e+03,1.821530418055772316e-06,2.050995826721191406e-02,4.826386008769023017e-01
5.258000000000000000e+03,1.823229013098170981e-06,2.213716506958007812e-02,4.669780633978933837e-01
5.259000000000000000e+03,1.821157979975396302e-06,2.099275588989257812e-02,4.779938361411850134e-01
5.260000000000000000e+03,1.820503825911146123e-06,2.071261405944824219e-02,4.784253969591493738e-01
5.261000000000000000e+03,1.819765657273819670e-06,2.072453498840332031e-02,4.769844227025566985e-01
5.262000000000000000e+03,1.818406303755182307e-06,2.206563949584960938e-02,4.617042439105671359e-01
5.263000000000000000e+03,1.817607198972837068e-06,2.323985099792480469e-02,4.651567304542814085e-01
5.264000000000000000e+03,1.816579356272995938e-06,2.381205558776855469e-02,4.611337058800381028e-01
5.265000000000000000e+03,1.815809355321107432e-06,2.465844154357910156e-02,4.595464398207457224e-01
5.266000000000000000e+03,1.815019459172617644e-06,2.455711364746093750e-02,4.595464398207457224e-01
5.267000000000000000e+03,1.814492179619264789e-06,2.387762069702148438e-02,4.619968275159666016e-01
5.268000000000000000e+03,1.813879975998133887e-06,2.376437187194824219e-02,4.641912045564630107e-01
5.269000000000000000e+03,1.812664208955538925e-06,2.292394638061523438e-02,4.673584220849127946e-01
5.270000000000000000e+03,1.811414449548465200e-06,2.287030220031738281e-02,4.677387807719320945e-01
5.271000000000000000e+03,1.810000981095072348e-06,2.098083496093750000e-02,4.629989263644600506e-01
5.272000000000000000e+03,1.810106482480478007e-06,2.164244651794433594e-02,4.610313016181482593e-01
5.273000000000000000e+03,1.808665956559707411e-06,2.130270004272460938e-02,4.620334004666415972e-01
5.274000000000000000e+03,1.807457465474726632e-06,2.127289772033691406e-02,4.583029594977978127e-01
5.275000000000000000e+03,1.805683154998405371e-06,2.190470695495605469e-02,4.482015105213795758e-01
5.276000000000000000e+03,1.805121200959547423e-06,2.223849296569824219e-02,4.465191547903323843e-01
5.277000000000000000e+03,1.803703867153672036e-06,2.293586730957031250e-02,4.436006333264722601e-01
5.278000000000000000e+03,1.802540396056429017e-06,2.310872077941894531e-02,4.432568475901277893e-01
5.279000000000000000e+03,1.801158987291273661e-06,2.290606498718261719e-02,4.458974146288584572e-01
5.280000000000000000e+03,1.800110908334318083e-06,2.276301383972167969e-02,4.505860669053856071e-01
5.281000000000000000e+03,1.798313974177290220e-06,2.304911613464355469e-02,4.565840308160756256e-01
5.282000000000000000e+03,1.801117946342856158e-06,3.104209899902343750e-02,4.730126002592583423e-01
5.283000000000000000e+03,1.797295453798142262e-06,2.577304840087890625e-02,4.621870068594763903e-01
5.284000000000000000e+03,1.795828325157344807e-06,2.632141113281250000e-02,4.630501284954048336e-01
5.285000000000000000e+03,1.794238528418645728e-06,2.725720405578613281e-02,4.641034294748431765e-01
5.286000000000000000e+03,1.793915544112678617e-06,2.750754356384277344e-02,4.622308944002862519e-01
5.287000000000000000e+03,1.791557906472007744e-06,2.910494804382324219e-02,4.672121302822129785e-01
5.288000000000000000e+03,1.790071337381959893e-06,3.153681755065917969e-02,4.732978692745228866e-01
5.289000000000000000e+03,1.788795088941697031e-06,3.288388252258300781e-02,4.744462599257159297e-01
5.290000000000000000e+03,1.804818566597532481e-06,4.246830940246582031e-02,5.015248726054408746e-01
5.291000000000000000e+03,1.788282361303572543e-06,3.439784049987792969e-02,4.787106659744138626e-01
5.292000000000000000e+03,1.788031113392207772e-06,3.772377967834472656e-02,5.085176207744892540e-01
5.293000000000000000e+03,1.785962467693025246e-06,3.612041473388671875e-02,4.941371365691031858e-01
5.294000000000000000e+03,1.785009089871891774e-06,3.558993339538574219e-02,4.938079800130287245e-01
5.295000000000000000e+03,1.784298660822969396e-06,3.498196601867675781e-02,4.977359149155172191e-01
5.296000000000000000e+03,1.782586991794232745e-06,3.377795219421386719e-02,5.016126476870607087e-01
5.297000000000000000e+03,1.780583829713577870e-06,3.363490104675292969e-02,5.017150519489506078e-01
5.298000000000000000e+03,1.778354544512694702e-06,3.325343132019042969e-02,4.943785180435578130e-01
5.299000000000000000e+03,1.779427407200273592e-06,3.601908683776855469e-02,4.717618053461754002e-01
5.300000000000000000e+03,1.777094439603388309e-06,3.442764282226562500e-02,4.847964049667237152e-01
5.301000000000000000e+03,1.775527152858558111e-06,3.511309623718261719e-02,4.743950577947709801e-01
5.302000000000000000e+03,1.774160068634955678e-06,3.538727760314941406e-02,4.641912045564630107e-01
5.303000000000000000e+03,1.773474195942981169e-06,3.565549850463867188e-02,4.571545688466047141e-01
5.304000000000000000e+03,1.772481368789158296e-06,3.457069396972656250e-02,4.569643895030950365e-01
5.305000000000000000e+03,1.770883955032331869e-06,3.144741058349609375e-02,4.713302445282111508e-01
5.306000000000000000e+03,1.773144049366237596e-06,2.585053443908691406e-02,4.675486014284224168e-01
5.307000000000000000e+03,1.770112362464715261e-06,2.959966659545898438e-02,4.700867642052631856e-01
5.308000000000000000e+03,1.769231630532885902e-06,2.870559692382812500e-02,4.759823238540634160e-01
5.309000000000000000e+03,1.766245645740127657e-06,2.434849739074707031e-02,4.917891531357721502e-01
5.310000000000000000e+03,1.764547050697728992e-06,2.173781394958496094e-02,4.929887459179100873e-01
5.311000000000000000e+03,1.762595047694048844e-06,1.942515373229980469e-02,4.892071028181214087e-01
5.312000000000000000e+03,1.760537656991800759e-06,1.760125160217285156e-02,4.804295946561359942e-01
5.313000000000000000e+03,1.763722025316383224e-06,1.612305641174316406e-02,5.020442085050250691e-01
5.314000000000000000e+03,1.759838141879299656e-06,1.717805862426757812e-02,4.866177379103357459e-01
5.315000000000000000e+03,1.758265284479421098e-06,1.734495162963867188e-02,4.819656585844834806e-01
5.316000000000000000e+03,1.755705966388632078e-06,1.999139785766601562e-02,4.808245825234253590e-01
5.317000000000000000e+03,1.753431661200011149e-06,2.217292785644531250e-02,4.864787606977709067e-01
5.318000000000000000e+03,1.752044568092969712e-06,2.381205558776855469e-02,4.938079800130287245e-01
5.319000000000000000e+03,1.751394734128552955e-06,2.418160438537597656e-02,4.995572478591291943e-01
5.320000000000000000e+03,1.751091531332349405e-06,2.383589744567871094e-02,4.994109560564294892e-01
5.321000000000000000e+03,1.750752744555938989e-06,2.341270446777343750e-02,4.973994437693077808e-01
5.322000000000000000e+03,1.750288788571197074e-06,2.279877662658691406e-02,4.956805150875855936e-01
5.323000000000000000e+03,1.749772309267427772e-06,2.237558364868164062e-02,4.943346305027478405e-01
5.324000000000000000e+03,1.748987756400310900e-06,2.194643020629882812e-02,4.942322262408581079e-01
5.325000000000000000e+03,1.760301870490366127e-06,2.300739288330078125e-02,5.111581878132199774e-01
5.326000000000000000e+03,1.748352019603771623e-06,2.214312553405761719e-02,4.973043540975529142e-01
5.327000000000000000e+03,1.746955263115523849e-06,2.207159996032714844e-02,4.964924345925692539e-01
5.328000000000000000e+03,1.745854547152703162e-06,2.233982086181640625e-02,4.948539664023319795e-01
5.329000000000000000e+03,1.744897645039600320e-06,2.196431159973144531e-02,4.938518675538386971e-01
5.330000000000000000e+03,1.744066707942693029e-06,2.079606056213378906e-02,4.917013780541522605e-01
5.331000000000000000e+03,1.742994072628789581e-06,1.925230026245117188e-02,4.901141119948599356e-01
5.332000000000000000e+03,1.741795813359203748e-06,1.699924468994140625e-02,4.912186151052430616e-01
5.333000000000000000e+03,1.740515131132269744e-06,1.543760299682617188e-02,4.934715088668192862e-01
5.334000000000000000e+03,1.739697836455889046e-06,1.568794250488281250e-02,4.967338160670239366e-01
5.335000000000000000e+03,1.738698870212829206e-06,1.629590988159179688e-02,5.012322890000414644e-01
5.336000000000000000e+03,1.738169089549046475e-06,1.951456069946289062e-02,5.142742032107247008e-01
5.337000000000000000e+03,1.736547915243136231e-06,1.934766769409179688e-02,5.114361422383494338e-01
5.338000000000000000e+03,1.734887746351887472e-06,1.994967460632324219e-02,5.088979794615087204e-01
5.339000000000000000e+03,1.733097406031447463e-06,2.158284187316894531e-02,5.099512804409469524e-01
5.340000000000000000e+03,1.733566818984400015e-06,2.382397651672363281e-02,5.071790507797865333e-01
5.341000000000000000e+03,1.732625946715415921e-06,2.252459526062011719e-02,5.088102043798887753e-01
5.342000000000000000e+03,1.731357542666955851e-06,2.307891845703125000e-02,5.122553763334680710e-01
5.343000000000000000e+03,1.730214421513665002e-06,2.260804176330566406e-02,5.167099617256756261e-01
5.344000000000000000e+03,1.728365759845473804e-06,2.049803733825683594e-02,5.244268543180878872e-01
5.345000000000000000e+03,1.727141579976887442e-06,1.925230026245117188e-02,5.270235338160085270e-01
5.346000000000000000e+03,1.725089532556012273e-06,1.814961433410644531e-02,5.246243482517325418e-01
5.347000000000000000e+03,1.723443688206316438e-06,1.731514930725097656e-02,5.196869999106157323e-01
5.348000000000000000e+03,1.721657554298872128e-06,1.741051673889160156e-02,5.121602866617132044e-01
5.349000000000000000e+03,1.719473516459402163e-06,1.704096794128417969e-02,5.089491815924536144e-01
5.350000000000000000e+03,1.717251166155620012e-06,1.291036605834960938e-02,5.059355704568385681e-01
5.351000000000000000e+03,1.716526980999333318e-06,1.420974731445312500e-02,5.053504032460396367e-01
5.352000000000000000e+03,1.715133066682028584e-06,1.169443130493164062e-02,5.157078628771823992e-01
5.353000000000000000e+03,1.713815436232835054e-06,9.989738464355468750e-03,5.246682357925424034e-01
5.354000000000000000e+03,1.712388780106266495e-06,8.797645568847656250e-03,5.384269798364544890e-01
5.355000000000000000e+03,1.711212007649010047e-06,6.580352783203125000e-03,5.493622920882613725e-01
5.356000000000000000e+03,1.711334220999560785e-06,7.396936416625976562e-03,5.678608905396456130e-01
5.357000000000000000e+03,1.710770220597623847e-06,6.955862045288085938e-03,5.578911041856571273e-01
5.358000000000000000e+03,1.709982939246401656e-06,4.649162292480468750e-03,5.611534113858617223e-01
5.359000000000000000e+03,1.708984655124368146e-06,1.889467239379882812e-03,5.656591989090141714e-01
5.360000000000000000e+03,1.707035039544280153e-06,1.549720764160156250e-04,5.703185928250015246e-01
5.361000000000000000e+03,1.705850763755734079e-06,8.702278137207031250e-04,5.727104637991425884e-01
5.362000000000000000e+03,1.704813826108875219e-06,1.072883605957031250e-04,5.792350781995516673e-01
5.363000000000000000e+03,1.704530632196110673e-06,1.305341720581054688e-03,5.763092421455565662e-01
5.364000000000000000e+03,1.703979478406836279e-06,1.537799835205078125e-03,5.790887863968519067e-01
5.365000000000000000e+03,1.702841473161242902e-06,1.227855682373046875e-03,5.875298234126278274e-01
5.366000000000000000e+03,1.702223130450875033e-06,1.156330108642578125e-03,5.906019512693228002e-01
5.367000000000000000e+03,1.701676183074596338e-06,3.755092620849609375e-04,5.920941276568603140e-01
5.368000000000000000e+03,1.701063865766627714e-06,8.463859558105468750e-04,5.919405212640255209e-01
5.369000000000000000e+03,1.700470193100045435e-06,2.157688140869140625e-03,5.906019512693228002e-01
5.370000000000000000e+03,1.699861513770883903e-06,3.743171691894531250e-03,5.861400512869802126e-01
5.371000000000000000e+03,1.699648692010669038e-06,4.386901855468750000e-03,5.704063679066213588e-01
5.372000000000000000e+03,1.698936898719694000e-06,6.711483001708984375e-03,5.741075505149252356e-01
5.373000000000000000e+03,1.698530468274839222e-06,5.435943603515625000e-03,5.774137452559396921e-01
5.374000000000000000e+03,1.697847892501158640e-06,4.673004150390625000e-03,5.775527224685045313e-01
5.375000000000000000e+03,1.697099719422112685e-06,3.838539123535156250e-03,5.794252575430614005e-01
5.376000000000000000e+03,1.696259687378187664e-06,3.361701965332031250e-03,5.770699595195952769e-01
5.377000000000000000e+03,1.696578578957996797e-06,2.467632293701171875e-03,5.816781513046376251e-01
5.378000000000000000e+03,1.695839046078617685e-06,2.980232238769531250e-03,5.790448988560420451e-01
5.379000000000000000e+03,1.695124524303537328e-06,3.314018249511718750e-03,5.762580400146116721e-01
5.380000000000000000e+03,1.694244474492734298e-06,4.065036773681640625e-03,5.711817144609300234e-01
5.381000000000000000e+03,1.693478566267003771e-06,4.887580871582031250e-03,5.642255392425566951e-01
5.382000000000000000e+03,1.692294290478457697e-06,6.675720214843750000e-03,5.550676723935518142e-01
5.383000000000000000e+03,1.691599777586816344e-06,7.820129394531250000e-03,5.514176919161929424e-01
5.384000000000000000e+03,1.690953581601206679e-06,9.298324584960937500e-03,5.476799363572141255e-01
5.385000000000000000e+03,1.690264298304100521e-06,1.138448715209960938e-02,5.473873527518146043e-01
5.386000000000000000e+03,1.691268380454857834e-06,1.338720321655273438e-02,5.329629810056185635e-01
5.387000000000000000e+03,1.689886971689702477e-06,1.207590103149414062e-02,5.424061168698879332e-01
5.388000000000000000e+03,1.688986799308622722e-06,1.348257064819335938e-02,5.398167519621022148e-01
5.389000000000000000e+03,1.688159045443171635e-06,1.341104507446289062e-02,5.397216622903474592e-01
5.390000000000000000e+03,1.687271719674754422e-06,1.326799392700195312e-02,5.412577262186948346e-01
5.391000000000000000e+03,1.686466589490009937e-06,1.285076141357421875e-02,5.425085211317777212e-01
5.392000000000000000e+03,1.685628035374975298e-06,1.355409622192382812e-02,5.443225394852547749e-01
5.393000000000000000e+03,1.684506287347176112e-06,1.517534255981445312e-02,5.484479683213878687e-01
5.394000000000000000e+03,1.683773575678060297e-06,1.688003540039062500e-02,5.513226022444380758e-01
5.395000000000000000e+03,1.682977654127171263e-06,1.929998397827148438e-02,5.577009248421475052e-01
5.396000000000000000e+03,1.682427864579949528e-06,2.015829086303710938e-02,5.594271681140046137e-01
5.397000000000000000e+03,1.681451522017596290e-06,2.137422561645507812e-02,5.610071195831619617e-01
5.398000000000000000e+03,1.680065565778932068e-06,2.130270004272460938e-02,5.649423690757854333e-01
5.399000000000000000e+03,1.685725806055415887e-06,2.319812774658203125e-02,5.724690823246879612e-01
5.400000000000000000e+03,1.679673573562467936e-06,2.168416976928710938e-02,5.664784330041329197e-01
5.401000000000000000e+03,1.678269427429768257e-06,1.962184906005859375e-02,5.699309195478471368e-01
5.402000000000000000e+03,1.677310137893073261e-06,1.968145370483398438e-02,5.765506236200111934e-01
5.403000000000000000e+03,1.676748979662079364e-06,1.730918884277343750e-02,5.856572883380709582e-01
5.404000000000000000e+03,1.676032638897595461e-06,2.089738845825195312e-02,5.742977298584348578e-01
5.405000000000000000e+03,1.675266503298189491e-06,2.058744430541992188e-02,5.814879719611280029e-01
5.406000000000000000e+03,1.674716372690454591e-06,2.045631408691406250e-02,5.840773368689136102e-01
5.407000000000000000e+03,1.674232635195949115e-06,2.034902572631835938e-02,5.850867503075418696e-01
5.408000000000000000e+03,1.673471615504240617e-06,1.959800720214843750e-02,5.850867503075418696e-01
5.409000000000000000e+03,1.672130110819125548e-06,1.775026321411132812e-02,5.827826544150207511e-01
5.410000000000000000e+03,1.670973801992658991e-06,1.598596572875976562e-02,5.822998914661116077e-01
5.411000000000000000e+03,1.669570792728336528e-06,1.459121704101562500e-02,5.845088976868779707e-01
5.412000000000000000e+03,1.668554318712267559e-06,1.571178436279296875e-02,5.901703904513585508e-01
5.413000000000000000e+03,1.922841420309850946e-06,1.298189163208007812e-02,6.337360892953460834e-01
5.414000000000000000e+03,1.667786591497133486e-06,1.558065414428710938e-02,5.923208799510448763e-01
5.415000000000000000e+03,1.666834350544377230e-06,1.587867736816406250e-02,5.922331048694250422e-01
5.416000000000000000e+03,1.665275476625538431e-06,1.741647720336914062e-02,5.905507491383777952e-01
5.417000000000000000e+03,1.664086084929294884e-06,1.835823059082031250e-02,5.863302306304898348e-01
5.418000000000000000e+03,1.662735144236648921e-06,1.952648162841796875e-02,5.812977926176182697e-01
5.419000000000000000e+03,1.661715486989123747e-06,2.012252807617187500e-02,5.805297606534445265e-01
5.420000000000000000e+03,1.660592829466622788e-06,2.074241638183593750e-02,5.840261347379687162e-01
5.421000000000000000e+03,1.659768031458952464e-06,2.126693725585937500e-02,5.847941667021423484e-01
5.422000000000000000e+03,1.658316818975436036e-06,2.069473266601562500e-02,5.905507491383777952e-01
5.423000000000000000e+03,1.657255097597953863e-06,2.002716064453125000e-02,5.918966337232156594e-01
5.424000000000000000e+03,1.656245444792148191e-06,2.014636993408203125e-02,5.901191883204135458e-01
5.425000000000000000e+03,1.655594132898841053e-06,1.971721649169921875e-02,5.857084904690158522e-01
5.426000000000000000e+03,1.654928723837656435e-06,1.981258392333984375e-02,5.793301678713064229e-01
5.427000000000000000e+03,1.654435891396133229e-06,1.807212829589843750e-02,5.724690823246879612e-01
5.428000000000000000e+03,1.654144625717890449e-06,2.021789550781250000e-02,5.559234794393453916e-01
5.429000000000000000e+03,1.661108171902014874e-06,2.107620239257812500e-02,5.649423690757854333e-01
5.430000000000000000e+03,1.653735807849443518e-06,2.039670944213867188e-02,5.578399020547122333e-01
5.431000000000000000e+03,1.653175786486826837e-06,1.997947692871093750e-02,5.662370515296782925e-01
5.432000000000000000e+03,1.652384071348933503e-06,2.042055130004882812e-02,5.716059606887593514e-01
5.433000000000000000e+03,1.651754246267955750e-06,2.130270004272460938e-02,5.719424318349687342e-01
5.434000000000000000e+03,1.650836338740191422e-06,2.371072769165039062e-02,5.687752143065191168e-01
5.435000000000000000e+03,1.650516196605167352e-06,2.564191818237304688e-02,5.642255392425566951e-01
5.436000000000000000e+03,1.649848172746715136e-06,2.704858779907226562e-02,5.635525969501377075e-01
5.437000000000000000e+03,1.649107730372634251e-06,2.743005752563476562e-02,5.631722382631184631e-01
5.438000000000000000e+03,1.647302269702777267e-06,2.849102020263671875e-02,5.636037990810827125e-01
5.439000000000000000e+03,1.646215082473645452e-06,2.791881561279296875e-02,5.641231349806667961e-01
5.440000000000000000e+03,1.644503981879097410e-06,2.839565277099609375e-02,5.610071195831619617e-01
5.441000000000000000e+03,1.642851657379651442e-06,2.738237380981445312e-02,5.603853794216880901e-01
5.442000000000000000e+03,1.641111111894133501e-06,2.701282501220703125e-02,5.629747443294736975e-01
5.443000000000000000e+03,1.639126821828540415e-06,2.713203430175781250e-02,5.661858493987333985e-01
5.444000000000000000e+03,1.638217213439929765e-06,2.790689468383789062e-02,5.636476866218925741e-01
5.445000000000000000e+03,1.637445052438124549e-06,2.872943878173828125e-02,5.608681423705972335e-01
5.446000000000000000e+03,1.636768274693167768e-06,2.883672714233398438e-02,5.581836877910566486e-01
5.447000000000000000e+03,1.635159151192056015e-06,2.896785736083984375e-02,5.531951373189949450e-01
5.448000000000000000e+03,1.633692932045960333e-06,2.974271774291992188e-02,5.497938529062256219e-01
5.449000000000000000e+03,1.637031800783006474e-06,3.015995025634765625e-02,5.334457439545278179e-01
5.450000000000000000e+03,1.633132114875479601e-06,2.986192703247070312e-02,5.451417735803734121e-01
5.451000000000000000e+03,1.630675683372828644e-06,3.162622451782226562e-02,5.402044252392566026e-01
5.452000000000000000e+03,1.629133976166485809e-06,3.159046173095703125e-02,5.442786519444448023e-01
5.453000000000000000e+03,1.627346705390664283e-06,3.186464309692382812e-02,5.497426507752807279e-01
5.454000000000000000e+03,1.625553636586118955e-06,3.201961517333984375e-02,5.529098683037304562e-01
5.455000000000000000e+03,1.623588559596100822e-06,3.254413604736328125e-02,5.546361115755875648e-01
5.456000000000000000e+03,1.622773424969636835e-06,3.234148025512695312e-02,5.538607650212789002e-01
5.457000000000000000e+03,1.622120407773763873e-06,3.194808959960937500e-02,5.515639837188927030e-01
5.458000000000000000e+03,1.621121896278054919e-06,3.106594085693359375e-02,5.487844394675972515e-01
5.459000000000000000e+03,1.619718204892706126e-06,2.990961074829101562e-02,5.462462766907565381e-01
5.460000000000000000e+03,1.619953422959952150e-06,2.694129943847656250e-02,5.398606395029121874e-01
5.461000000000000000e+03,1.618871124264842365e-06,2.851486206054687500e-02,5.432180363748716490e-01
5.462000000000000000e+03,1.617989710211986676e-06,2.921819686889648438e-02,5.452368632521281677e-01
5.463000000000000000e+03,1.617517909835441969e-06,2.977848052978515625e-02,5.463852539033212663e-01
5.464000000000000000e+03,1.617143880139337853e-06,3.085136413574218750e-02,5.468680168522305207e-01
5.465000000000000000e+03,1.616523263692215551e-06,3.221035003662109375e-02,5.449954817776736515e-01
5.466000000000000000e+03,1.630723886592022609e-06,3.993511199951171875e-02,6.013031966368099779e-01
5.467000000000000000e+03,1.616476765775587410e-06,3.287792205810546875e-02,5.498816279878454560e-01
5.468000000000000000e+03,1.615299424884142354e-06,3.457069396972656250e-02,5.453319529238830343e-01
5.469000000000000000e+03,1.614183247511391528e-06,3.387928009033203125e-02,5.400142458957469804e-01
5.470000000000000000e+03,1.613458039173565339e-06,3.262758255004882812e-02,5.417331745774690566e-01
5.471000000000000000e+03,1.612197820577421226e-06,2.948045730590820312e-02,5.465754332468309995e-01
5.472000000000000000e+03,1.611658262845594436e-06,2.665519714355468750e-02,5.590906969677952310e-01
5.473000000000000000e+03,1.610563344911497552e-06,2.411603927612304688e-02,5.543435279701880436e-01
5.474000000000000000e+03,1.609626906429184601e-06,2.411603927612304688e-02,5.496036735627158887e-01
5.475000000000000000e+03,1.608938077879429329e-06,2.325773239135742188e-02,5.473873527518146043e-01
5.476000000000000000e+03,1.608195020708080847e-06,2.267360687255859375e-02,5.475409591446493973e-01
5.477000000000000000e+03,1.606952423571783584e-06,2.164840698242187500e-02,5.441835622726899357e-01
5.478000000000000000e+03,1.605716079211561009e-06,2.065896987915039062e-02,5.428888798187970766e-01
5.479000000000000000e+03,1.604759290785295889e-06,1.991987228393554688e-02,5.438909786672904145e-01
5.480000000000000000e+03,1.604305793989624362e-06,1.869201660156250000e-02,5.276891615182923712e-01
5.481000000000000000e+03,1.603467921995616052e-06,1.943111419677734375e-02,5.379954190184902396e-01
5.482000000000000000e+03,1.602872544026467949e-06,1.982450485229492188e-02,5.411114344159950740e-01
5.483000000000000000e+03,1.601996700628660619e-06,2.080202102661132812e-02,5.470069940647952489e-01
5.484000000000000000e+03,1.600965788384201005e-06,2.259016036987304688e-02,5.525660825673860410e-01
5.485000000000000000e+03,1.599902361704153009e-06,2.341270446777343750e-02,5.533926312526397107e-01
5.486000000000000000e+03,1.599340748725808226e-06,2.321004867553710938e-02,5.486893497958424959e-01
5.487000000000000000e+03,1.599028223608911503e-06,2.273321151733398438e-02,5.459536930853570169e-01
5.488000000000000000e+03,1.598679318703943864e-06,2.267360687255859375e-02,5.438470911264804419e-01
5.489000000000000000e+03,1.598060521246225107e-06,2.145767211914062500e-02,5.413528158904497012e-01
5.490000000000000000e+03,1.597827349542058073e-06,2.260208129882812500e-02,5.389097427853637434e-01
5.491000000000000000e+03,1.597127834429556970e-06,2.144575119018554688e-02,5.400142458957469804e-01
5.492000000000000000e+03,1.596647962287534028e-06,2.132654190063476562e-02,5.414040180213945952e-01
5.493000000000000000e+03,1.596096467437746469e-06,2.179145812988281250e-02,5.422671396573230940e-01
5.494000000000000000e+03,1.595518938302120660e-06,2.286434173583984375e-02,5.388585406544188494e-01
5.495000000000000000e+03,1.594564309925772250e-06,2.424716949462890625e-02,5.370884098417517682e-01
5.496000000000000000e+03,1.593972569935431238e-06,2.517700195312500000e-02,5.312806252745714275e-01
5.497000000000000000e+03,1.593391175447322894e-06,2.502202987670898438e-02,5.299859428206785683e-01
5.498000000000000000e+03,1.592892544977075886e-06,2.413988113403320312e-02,5.239075184185036926e-01
5.499000000000000000e+03,1.592449507370474748e-06,2.331733703613281250e-02,5.252899759540163860e-01
5.500000000000000000e+03,1.591278987689292990e-06,1.972913742065429688e-02,5.289838439721852303e-01
5.501000000000000000e+03,1.590531155670760199e-06,1.728534698486328125e-02,5.304687057695877117e-01
5.502000000000000000e+03,1.589661906109540723e-06,1.442432403564453125e-02,5.270235338160085270e-01
5.503000000000000000e+03,1.600696236891963053e-06,1.417398452758789062e-02,5.525221950265761794e-01
5.504000000000000000e+03,1.589448743288812693e-06,1.438856124877929688e-02,5.300883470825684673e-01
5.505000000000000000e+03,1.588510485817096196e-06,1.324415206909179688e-02,5.208353905618088309e-01
5.506000000000000000e+03,1.587821770954178646e-06,1.347064971923828125e-02,5.124455556769778042e-01
5.507000000000000000e+03,1.587148744874866679e-06,1.413822174072265625e-02,5.081811496282797602e-01
5.508000000000000000e+03,1.586414100529509597e-06,1.438856124877929688e-02,5.053138302953645855e-01
5.509000000000000000e+03,1.585934228387486655e-06,1.399517059326171875e-02,5.078446784820704885e-01
5.510000000000000000e+03,1.585127961334364954e-06,1.221895217895507812e-02,5.128771164949420536e-01
5.511000000000000000e+03,1.584422534506302327e-06,1.057386398315429688e-02,5.197747749922355665e-01
5.512000000000000000e+03,1.583688572281971574e-06,8.487701416015625000e-03,5.250997966105066528e-01
5.513000000000000000e+03,1.583049083819787484e-06,6.544589996337890625e-03,5.276452739774825096e-01
5.514000000000000000e+03,1.582710979164403398e-06,6.401538848876953125e-03,5.277330490591023437e-01
5.515000000000000000e+03,1.582223035256902222e-06,6.461143493652343750e-03,5.260068057872452352e-01
5.516000000000000000e+03,1.581826381880091503e-06,6.783008575439453125e-03,5.251948862822615194e-01
5.517000000000000000e+03,1.581114474902278744e-06,6.806850433349609375e-03,5.262042997208898898e-01
5.518000000000000000e+03,1.580561843184113968e-06,6.496906280517578125e-03,5.282158120080115982e-01
5.519000000000000000e+03,1.580202592776913662e-06,6.139278411865234375e-03,5.305711100314776107e-01
5.520000000000000000e+03,1.579722720634890720e-06,5.507469177246093750e-03,5.322900387131997979e-01
5.521000000000000000e+03,1.585303948559158016e-06,1.134872436523437500e-02,5.248584151360521366e-01
5.522000000000000000e+03,1.579539116391970310e-06,6.258487701416015625e-03,5.313318274055163215e-01
5.523000000000000000e+03,1.579138711349514779e-06,6.103515625000000000e-03,5.300883470825684673e-01
5.524000000000000000e+03,1.578651904310390819e-06,6.604194641113281250e-03,5.310392438001168003e-01
5.525000000000000000e+03,1.578296405568835326e-06,6.914138793945312500e-03,5.309002665875520721e-01
5.526000000000000000e+03,1.577844045641541015e-06,6.806850433349609375e-03,5.328166892029189139e-01
5.527000000000000000e+03,1.577516741235740483e-06,6.258487701416015625e-03,5.358815024694788542e-01
5.528000000000000000e+03,1.576946260684053414e-06,4.899501800537109375e-03,5.415941973649043284e-01
5.529000000000000000e+03,1.576551653670321684e-06,3.099441528320312500e-03,5.458586034136021503e-01
5.530000000000000000e+03,1.575933424646791536e-06,2.038478851318359375e-03,5.478701157007238587e-01
5.531000000000000000e+03,1.575406031406600960e-06,1.227855682373046875e-03,5.441835622726899357e-01
5.532000000000000000e+03,1.574948555571609177e-06,1.347064971923828125e-03,5.406359860572208520e-01
5.533000000000000000e+03,1.574393309056176804e-06,1.597404479980468750e-03,5.366056468928426249e-01
5.534000000000000000e+03,1.573671852383995429e-06,1.382827758789062500e-03,5.326265098594091807e-01
5.535000000000000000e+03,1.572877863509347662e-06,7.390975952148437500e-04,5.308490644566071781e-01
5.536000000000000000e+03,1.572460973875422496e-06,5.602836608886718750e-04,5.302273242951331955e-01
5.537000000000000000e+03,1.572165388097346295e-06,7.390975952148437500e-04,5.312806252745714275e-01
5.538000000000000000e+03,1.571989514559390955e-06,1.192092895507812500e-05,5.317633882234806819e-01
5.539000000000000000e+03,1.571430175317800604e-06,2.324581146240234375e-04,5.286473728259757365e-01
5.540000000000000000e+03,1.571098323438491207e-06,3.695487976074218750e-04,5.257288513621156678e-01
5.541000000000000000e+03,1.570643348713929299e-06,1.299381256103515625e-03,5.198259771231805715e-01
5.542000000000000000e+03,1.570254084981570486e-06,1.335144042968750000e-03,5.175803979517392683e-01
5.543000000000000000e+03,1.569731239214888774e-06,1.156330108642578125e-03,5.129283186258869476e-01
5.544000000000000000e+03,1.569054120409418829e-06,6.675720214843750000e-04,5.091905630669082417e-01
5.545000000000000000e+03,1.568493757986288983e-06,4.649162292480468750e-04,5.084225311027343874e-01
5.546000000000000000e+03,1.567925551171356346e-06,2.980232238769531250e-05,5.078007909412605159e-01
5.547000000000000000e+03,1.567196363794209901e-06,9.536743164062500000e-05,5.113922546975395722e-01
5.548000000000000000e+03,1.566591663504368626e-06,5.125999450683593750e-04,5.153713917309729053e-01
5.549000000000000000e+03,1.565451043461507652e-06,1.990795135498046875e-03,5.232857782570297100e-01
5.550000000000000000e+03,1.565011984894226771e-06,1.657009124755859375e-03,5.283109016797663537e-01
5.551000000000000000e+03,1.566333935443253722e-06,2.026557922363281250e-04,5.240976977620134258e-01
5.552000000000000000e+03,1.564754143146274146e-06,1.275539398193359375e-03,5.272137131595182602e-01
5.553000000000000000e+03,1.564251306263031438e-06,7.867813110351562500e-04,5.296567862646042180e-01
5.554000000000000000e+03,1.563330783937999513e-06,7.390975952148437500e-04,5.315220067490260547e-01
5.555000000000000000e+03,1.562868192195310257e-06,7.092952728271484375e-04,5.340674841160018005e-01
5.556000000000000000e+03,1.562394572829362005e-06,5.125999450683593750e-04,5.381343962310549678e-01
5.557000000000000000e+03,1.561905150992970448e-06,1.186132431030273438e-03,5.389975178669835776e-01
5.558000000000000000e+03,1.561415842843416613e-06,1.072883605957031250e-04,5.395314829468377260e-01
5.559000000000000000e+03,1.560877535666804761e-06,9.417533874511718750e-04,5.452807507929381403e-01
5.560000000000000000e+03,1.560108330522780307e-06,9.477138519287109375e-04,5.404896942545210914e-01
5.561000000000000000e+03,1.559749762236606330e-06,2.688169479370117188e-03,5.418794663801688172e-01
5.562000000000000000e+03,1.558767394271853846e-06,1.209974288940429688e-03,5.450393693184835131e-01
5.563000000000000000e+03,1.558193616801872849e-06,3.635883331298828125e-04,5.489307312702971231e-01
5.564000000000000000e+03,1.557652922201668844e-06,7.867813110351562500e-04,5.545337073136977768e-01
5.565000000000000000e+03,1.557314590172609314e-06,7.867813110351562500e-04,5.573205661551281498e-01
5.566000000000000000e+03,1.556738538965873886e-06,1.907348632812500000e-04,5.599538186037237297e-01
5.567000000000000000e+03,1.556473080199793912e-06,7.450580596923828125e-04,5.608681423705972335e-01
5.568000000000000000e+03,1.555883955006720498e-06,2.586841583251953125e-03,5.643133143241764182e-01
5.569000000000000000e+03,1.594338527866057120e-06,3.612041473388671875e-03,5.497938529062256219e-01
5.570000000000000000e+03,1.555695916977128945e-06,2.646446228027343750e-03,5.634501926882479195e-01
5.571000000000000000e+03,1.555021299282088876e-06,3.677606582641601562e-03,5.683948556194996504e-01
5.572000000000000000e+03,1.554247887725068722e-06,3.677606582641601562e-03,5.747731782172090798e-01
5.573000000000000000e+03,1.553563038214633707e-06,3.373622894287109375e-03,5.777429018120141535e-01
5.574000000000000000e+03,1.552846583763312083e-06,9.834766387939453125e-04,5.782256647609232969e-01
5.575000000000000000e+03,1.552361027279403061e-06,1.072883605957031250e-03,5.762068378836667781e-01
5.576000000000000000e+03,1.551797708998492453e-06,1.382827758789062500e-03,5.709403329864753962e-01
5.577000000000000000e+03,1.551350123918382451e-06,1.943111419677734375e-03,5.665296351350778137e-01
5.578000000000000000e+03,1.550970978314580861e-06,3.653764724731445312e-03,5.551115599343617868e-01
5.579000000000000000e+03,1.560165060254803393e-06,3.916025161743164062e-03,5.782768668918681909e-01
5.580000000000000000e+03,1.550669821881456301e-06,3.695487976074218750e-03,5.586152486090208980e-01
5.581000000000000000e+03,1.550199499433801975e-06,3.182888031005859375e-03,5.643133143241764182e-01
5.582000000000000000e+03,1.549434387015935499e-06,2.354383468627929688e-03,5.724690823246879612e-01
5.583000000000000000e+03,1.548773070680908859e-06,1.507997512817382812e-03,5.785621359071327907e-01
5.584000000000000000e+03,1.548071168144815601e-06,4.231929779052734375e-04,5.793740554121163955e-01
5.585000000000000000e+03,1.547410420243977569e-06,3.099441528320312500e-04,5.762068378836667781e-01
5.586000000000000000e+03,1.547034912618983071e-06,7.629394531250000000e-04,5.715108710170044848e-01
5.587000000000000000e+03,1.546481939840305131e-06,8.463859558105468750e-04,5.672025774274966903e-01
5.588000000000000000e+03,1.545956251902680378e-06,6.437301635742187500e-04,5.663760287422431317e-01
5.589000000000000000e+03,1.544744463899405673e-06,1.299381256103515625e-03,5.679632948015354010e-01
5.590000000000000000e+03,1.544245606055483222e-06,2.163648605346679688e-03,5.817293534355825191e-01
5.591000000000000000e+03,1.543613052490400150e-06,1.996755599975585938e-03,5.858474676815806914e-01
5.592000000000000000e+03,1.542453674119315110e-06,1.704692840576171875e-03,5.850355481765970866e-01
5.593000000000000000e+03,1.541981873742770404e-06,1.662969589233398438e-03,5.844138080151231041e-01
5.594000000000000000e+03,1.541251322123571299e-06,2.145767211914062500e-03,5.850867503075418696e-01
5.595000000000000000e+03,1.540646394460054580e-06,9.715557098388671875e-04,5.799592226229154379e-01
5.596000000000000000e+03,1.539999175292905420e-06,6.735324859619140625e-04,5.747731782172090798e-01
5.597000000000000000e+03,1.539305230835452676e-06,3.993511199951171875e-04,5.674293297216813636e-01
5.598000000000000000e+03,1.538392666589061264e-06,4.291534423828125000e-04,5.611534113858617223e-01
5.599000000000000000e+03,1.537499542791920248e-06,1.561641693115234375e-03,5.557333000958357694e-01
5.600000000000000000e+03,1.536586410111340228e-06,2.962350845336914062e-03,5.534804063342595448e-01
5.601000000000000000e+03,1.535619162496004719e-06,5.179643630981445312e-03,5.531951373189949450e-01
5.602000000000000000e+03,1.534711827844148502e-06,7.492303848266601562e-03,5.530488455162952954e-01
5.603000000000000000e+03,1.533994918645475991e-06,9.191036224365234375e-03,5.537729899396590660e-01
5.604000000000000000e+03,1.533400904918380547e-06,1.046657562255859375e-02,5.527635765010306956e-01
5.605000000000000000e+03,1.532748456156696193e-06,1.108050346374511719e-02,5.507447496237740658e-01
5.606000000000000000e+03,1.532110218249727041e-06,1.153349876403808594e-02,5.456684240700925281e-01
5.607000000000000000e+03,1.531533939669316169e-06,1.218318939208984375e-02,5.432180363748716490e-01
5.608000000000000000e+03,1.530656163595267572e-06,1.333355903625488281e-02,5.374248809879611510e-01
5.609000000000000000e+03,1.529763494545477442e-06,1.519322395324707031e-02,5.350695829644951385e-01
5.610000000000000000e+03,1.528590360067028087e-06,2.166032791137695312e-02,5.189116533563070677e-01
5.611000000000000000e+03,1.527260451439360622e-06,2.136826515197753906e-02,5.262993893926447564e-01
5.612000000000000000e+03,1.526574237686872948e-06,2.265572547912597656e-02,5.267821523415538998e-01
5.613000000000000000e+03,1.525822426629019901e-06,2.471208572387695312e-02,5.220788708847566850e-01
5.614000000000000000e+03,1.524706704003619961e-06,2.763867378234863281e-02,5.131697001003415748e-01
5.615000000000000000e+03,1.543437861073471140e-06,1.449584960937500000e-02,5.094319445413627578e-01
5.616000000000000000e+03,1.524463755231408868e-06,2.629756927490234375e-02,5.127820268231871870e-01
5.617000000000000000e+03,1.523232299405208323e-06,2.986192703247070312e-02,5.036753621051273111e-01
5.618000000000000000e+03,1.521850663266377524e-06,3.292560577392578125e-02,5.067474899618222839e-01
5.619000000000000000e+03,1.521074409538414329e-06,3.306865692138671875e-02,5.074643197950510221e-01
5.620000000000000000e+03,1.520368869023513980e-06,3.224015235900878906e-02,5.110557835513300784e-01
5.621000000000000000e+03,1.519691750218044035e-06,3.054738044738769531e-02,5.120139948590134438e-01
5.622000000000000000e+03,1.519332045063492842e-06,3.440976142883300781e-02,4.914599965796976888e-01
5.623000000000000000e+03,1.517831719866080675e-06,3.088116645812988281e-02,4.999376065461486052e-01
5.624000000000000000e+03,1.517499867986771278e-06,3.085732460021972656e-02,4.940420468973483192e-01
5.625000000000000000e+03,1.516742372587032150e-06,3.072023391723632812e-02,4.847013152949689041e-01
5.626000000000000000e+03,1.515977828603354283e-06,3.206133842468261719e-02,4.849938989003684253e-01
5.627000000000000000e+03,1.515628241577360313e-06,3.325343132019042969e-02,4.860837728304815419e-01
5.628000000000000000e+03,1.515272856522642542e-06,3.371238708496093750e-02,4.883878687230027715e-01
5.629000000000000000e+03,1.514885411779687274e-06,3.345608711242675781e-02,4.913063901868628958e-01
5.630000000000000000e+03,1.514396444690646604e-06,3.268718719482421875e-02,4.928424541152103822e-01
5.631000000000000000e+03,1.513803681518766098e-06,3.148317337036132812e-02,4.903042913383695578e-01
5.632000000000000000e+03,1.513214556325692683e-06,3.022551536560058594e-02,4.848402925075336323e-01
5.633000000000000000e+03,1.514023892923432868e-06,2.759099006652832031e-02,4.660125375000749304e-01
5.634000000000000000e+03,1.512978428763744887e-06,2.933740615844726562e-02,4.785204866309041294e-01
5.635000000000000000e+03,1.512336893938481808e-06,2.854466438293457031e-02,4.736855425516771634e-01
5.636000000000000000e+03,1.511854406999191269e-06,2.912878990173339844e-02,4.702769435487729188e-01
5.637000000000000000e+03,1.511302684775728267e-06,3.043413162231445312e-02,4.675486014284224168e-01
5.638000000000000000e+03,1.511796426711953245e-06,2.817511558532714844e-02,4.723396579668394102e-01
5.639000000000000000e+03,1.511102709628175944e-06,2.964138984680175781e-02,4.692236425693346868e-01
5.640000000000000000e+03,1.510673541815776844e-06,3.054738044738769531e-02,4.691724404383897373e-01
5.641000000000000000e+03,1.510871015852899291e-06,3.113150596618652344e-02,4.658223581565652527e-01
5.642000000000000000e+03,1.510301444795913994e-06,3.080368041992187500e-02,4.676875786409872005e-01
5.643000000000000000e+03,1.509587150394509081e-06,3.128647804260253906e-02,4.678850725746319106e-01
5.644000000000000000e+03,1.508671516603499185e-06,3.198981285095214844e-02,4.676436911001772279e-01
5.645000000000000000e+03,1.507814658907591365e-06,3.396868705749511719e-02,4.673584220849127946e-01
5.646000000000000000e+03,1.507120941823814064e-06,3.479719161987304688e-02,4.637596437384987613e-01
5.647000000000000000e+03,1.506305352449999191e-06,3.625750541687011719e-02,4.608411222746385261e-01
5.648000000000000000e+03,1.505761701992014423e-06,3.660321235656738281e-02,4.591660811337263670e-01
5.649000000000000000e+03,1.505143814028997440e-06,3.678798675537109375e-02,4.584931388413074904e-01
5.650000000000000000e+03,1.504401211604999844e-06,3.638863563537597656e-02,4.596415294925005890e-01
5.651000000000000000e+03,1.503043904449441470e-06,3.568530082702636719e-02,4.610313016181482593e-01
5.652000000000000000e+03,1.511797563580330461e-06,3.304481506347656250e-02,4.784253969591493738e-01
5.653000000000000000e+03,1.501961605754331686e-06,3.504753112792968750e-02,4.652445055359012427e-01
5.654000000000000000e+03,1.500414100519265048e-06,3.478527069091796875e-02,4.664002107772293182e-01
5.655000000000000000e+03,1.498226652074663434e-06,3.504753112792968750e-02,4.677899829028770440e-01
5.656000000000000000e+03,1.497171638220606837e-06,3.482699394226074219e-02,4.711400651847014731e-01
5.657000000000000000e+03,1.495902893111633603e-06,3.567934036254882812e-02,4.736343404207322694e-01
5.658000000000000000e+03,1.495095830250647850e-06,3.685355186462402344e-02,4.732978692745228866e-01
5.659000000000000000e+03,1.494374828325817361e-06,3.786683082580566406e-02,4.737733176332971086e-01
5.660000000000000000e+03,1.493792410656169523e-06,3.778338432312011719e-02,4.749290228746251841e-01
5.661000000000000000e+03,1.493225909143802710e-06,3.743767738342285156e-02,4.773720959797110863e-01
5.662000000000000000e+03,1.493312879574659746e-06,3.504157066345214844e-02,4.740146991077516803e-01
5.663000000000000000e+03,1.492997171226306818e-06,3.637075424194335938e-02,4.758799195921735725e-01
5.664000000000000000e+03,1.492495130150928162e-06,3.563761711120605469e-02,4.783303072873944517e-01
5.665000000000000000e+03,1.491925672780780587e-06,3.525614738464355469e-02,4.793324061358877897e-01
5.666000000000000000e+03,1.491350644755584653e-06,3.485083580017089844e-02,4.789520474488684898e-01
5.667000000000000000e+03,1.490837121309596114e-06,3.532767295837402344e-02,4.785204866309041294e-01
5.668000000000000000e+03,1.490350427957309876e-06,3.560185432434082031e-02,4.781328133537498526e-01
5.669000000000000000e+03,1.489868054704857059e-06,3.520250320434570312e-02,4.788057556461686737e-01
5.670000000000000000e+03,1.489263695475528948e-06,3.386139869689941406e-02,4.793324061358877897e-01
5.671000000000000000e+03,1.488471525590284728e-06,3.149509429931640625e-02,4.815852998974640697e-01
5.672000000000000000e+03,1.487508370701107197e-06,2.746582031250000000e-02,4.811537390794998204e-01
5.673000000000000000e+03,1.487634790464653634e-06,1.779198646545410156e-02,4.950514603359766896e-01
5.674000000000000000e+03,1.486786914028925821e-06,2.282261848449707031e-02,4.878100161023387060e-01
5.675000000000000000e+03,1.485557390878966544e-06,2.014636993408203125e-02,4.857034141434622421e-01
5.676000000000000000e+03,1.484457243350334466e-06,1.947283744812011719e-02,4.828287802204119794e-01
5.677000000000000000e+03,1.483204187024966814e-06,1.991391181945800781e-02,4.794786979385876058e-01
5.678000000000000000e+03,1.482929064877680503e-06,2.347230911254882812e-02,4.779938361411850134e-01
5.679000000000000000e+03,1.481399749536649324e-06,1.927018165588378906e-02,4.692748447002795253e-01
5.680000000000000000e+03,1.479341449339699466e-06,2.215504646301269531e-02,4.759311217231184665e-01
5.681000000000000000e+03,1.477406044614326674e-06,2.485513687133789062e-02,4.767430412281021268e-01
5.682000000000000000e+03,1.474661416978051420e-06,2.790093421936035156e-02,4.687920817513703264e-01
5.683000000000000000e+03,1.473241923122259323e-06,2.866983413696289062e-02,4.583468470386077298e-01
5.684000000000000000e+03,1.473162228649016470e-06,2.883672714233398438e-02,4.267331884751902615e-01
5.685000000000000000e+03,1.472588337492197752e-06,2.875328063964843750e-02,4.422035466106895574e-01
5.686000000000000000e+03,1.470719325880054384e-06,2.802014350891113281e-02,4.284594317470474256e-01
5.687000000000000000e+03,1.469665335207537282e-06,2.737641334533691406e-02,4.230978371781013991e-01
5.688000000000000000e+03,1.468619188926822972e-06,2.745985984802246094e-02,4.158637075345983369e-01
5.689000000000000000e+03,1.468371010560076684e-06,2.717971801757812500e-02,4.161562911399978582e-01
5.690000000000000000e+03,1.468098616896895692e-06,2.776384353637695312e-02,4.187456560477835765e-01
5.691000000000000000e+03,1.467886022510356270e-06,2.807378768920898438e-02,4.216129753806988067e-01
5.692000000000000000e+03,1.467589640924416017e-06,2.801418304443359375e-02,4.232441289808011042e-01
5.693000000000000000e+03,1.467314518777129706e-06,2.700686454772949219e-02,4.215690878398888342e-01
5.694000000000000000e+03,1.466891035306616686e-06,2.604126930236816406e-02,4.187456560477835765e-01
5.695000000000000000e+03,1.466568392061162740e-06,2.521872520446777344e-02,4.151029901605596262e-01
5.696000000000000000e+03,1.466398998672957532e-06,2.237558364868164062e-02,4.018416382458266933e-01
5.697000000000000000e+03,1.465613422624301165e-06,2.279281616210937500e-02,4.017465485740718822e-01
5.698000000000000000e+03,1.464379920435021631e-06,2.403855323791503906e-02,4.065302905223538987e-01
5.699000000000000000e+03,1.462983846067800187e-06,2.398490905761718750e-02,4.088270718247400404e-01
5.700000000000000000e+03,1.461072201891511213e-06,2.346038818359375000e-02,4.100266646068780885e-01
5.701000000000000000e+03,1.458963993172801565e-06,2.215504646301269531e-02,4.090172511682498291e-01
5.702000000000000000e+03,1.499413997407827992e-06,9.053945541381835938e-03,4.147738336044852203e-01
5.703000000000000000e+03,1.458104634366463870e-06,2.058744430541992188e-02,4.096901934606686502e-01
5.704000000000000000e+03,1.456339873584511224e-06,1.958608627319335938e-02,4.075323893708472367e-01
5.705000000000000000e+03,1.454698349334648810e-06,1.904964447021484375e-02,4.021269072610912376e-01
5.706000000000000000e+03,1.453528170713980217e-06,1.991391181945800781e-02,4.040433298764580239e-01
5.707000000000000000e+03,1.453174832022341434e-06,2.137422561645507812e-02,3.941759477843593817e-01
5.708000000000000000e+03,1.451970774724031799e-06,2.173185348510742188e-02,4.026974452916202707e-01
5.709000000000000000e+03,1.451518869544088375e-06,2.216100692749023438e-02,4.074958164201722410e-01
5.710000000000000000e+03,1.450812192160810810e-06,2.314448356628417969e-02,4.087831842839301788e-01
5.711000000000000000e+03,1.450271611247444525e-06,2.365708351135253906e-02,4.072032328147727753e-01
5.712000000000000000e+03,1.449305273126810789e-06,2.430081367492675781e-02,4.016953464431269882e-01
5.713000000000000000e+03,1.448357352273887955e-06,2.304315567016601562e-02,4.010297187408430331e-01
5.714000000000000000e+03,1.446948544980841689e-06,2.562403678894042969e-02,3.920327728748080331e-01
5.715000000000000000e+03,1.445977204639348201e-06,2.494454383850097656e-02,3.911184491079345293e-01
5.716000000000000000e+03,1.444848066967097111e-06,2.427101135253906250e-02,3.912574263204992575e-01
5.717000000000000000e+03,1.443562382519303355e-06,2.250075340270996094e-02,3.884851966593388939e-01
5.718000000000000000e+03,1.442308644072909374e-06,2.076625823974609375e-02,3.856617648672335807e-01
5.719000000000000000e+03,1.441760218767740298e-06,2.019405364990234375e-02,3.806805289853069096e-01
5.720000000000000000e+03,1.441159497517219279e-06,2.084970474243164062e-02,3.795833404650587051e-01
5.721000000000000000e+03,1.440729647583793849e-06,2.184510231018066406e-02,3.771914694909176968e-01
5.722000000000000000e+03,1.440215896764129866e-06,2.220273017883300781e-02,3.746533067140769280e-01
5.723000000000000000e+03,1.439420429960591719e-06,2.290010452270507812e-02,3.689552409989214077e-01
5.724000000000000000e+03,1.438355297977977898e-06,2.388954162597656250e-02,3.643616783941490134e-01
5.725000000000000000e+03,1.436837351320718881e-06,2.453923225402832031e-02,3.604410580817955512e-01
5.726000000000000000e+03,1.435854414921777789e-06,2.555847167968750000e-02,3.624964579097271766e-01
5.727000000000000000e+03,1.438772528672416229e-06,2.516508102416992188e-02,3.629280187276913705e-01
5.728000000000000000e+03,1.435492208656796720e-06,2.545714378356933594e-02,3.625915475814819877e-01
5.729000000000000000e+03,1.434791329302242957e-06,2.647638320922851562e-02,3.655539565861520845e-01
5.730000000000000000e+03,1.435212993783352431e-06,2.557039260864257812e-02,3.795321383341138111e-01
5.731000000000000000e+03,1.434537921340961475e-06,2.613067626953125000e-02,3.709228657452330880e-01
5.732000000000000000e+03,1.434020759916165844e-06,2.705454826354980469e-02,3.713544265631973929e-01
5.733000000000000000e+03,1.433346483281638939e-06,2.768039703369140625e-02,3.699573398474147456e-01
5.734000000000000000e+03,1.432540784662705846e-06,2.833604812622070312e-02,3.657441359296617067e-01
5.735000000000000000e+03,1.431877990398788825e-06,2.723932266235351562e-02,3.649322164246780464e-01
5.736000000000000000e+03,1.431243617844302207e-06,2.584457397460937500e-02,3.661756967476260116e-01
5.737000000000000000e+03,1.430502948096545879e-06,2.472400665283203125e-02,3.667535493682900771e-01
5.738000000000000000e+03,1.429633357474813238e-06,2.371072769165039062e-02,3.695257790294504407e-01
5.739000000000000000e+03,1.428959649274474941e-06,2.391338348388671875e-02,3.724955026242554590e-01
5.740000000000000000e+03,1.428306518391764257e-06,2.408623695373535156e-02,3.694380039478305511e-01
5.741000000000000000e+03,1.427600068382162135e-06,2.422928810119628906e-02,3.634473546272755096e-01
5.742000000000000000e+03,1.427041866008949000e-06,2.398490905761718750e-02,3.567033025228167342e-01
5.743000000000000000e+03,1.426508788426872343e-06,2.291798591613769531e-02,3.504346987771321809e-01
5.744000000000000000e+03,1.425981395186681766e-06,2.165436744689941406e-02,3.512027307413059241e-01
5.745000000000000000e+03,1.425364871465717442e-06,2.009272575378417969e-02,3.490010391106745935e-01
5.746000000000000000e+03,1.424915922143554781e-06,1.918673515319824219e-02,3.500982276309227426e-01
5.747000000000000000e+03,1.424164793206728064e-06,1.862645149230957031e-02,3.480428278029911726e-01
5.748000000000000000e+03,1.423632625119353179e-06,1.905560493469238281e-02,3.483280968182556614e-01
5.749000000000000000e+03,1.422993250344006810e-06,1.980066299438476562e-02,3.452193960108858595e-01
5.750000000000000000e+03,1.422836362507950980e-06,2.055168151855468750e-02,3.465140784647787187e-01
5.751000000000000000e+03,1.421626507180917542e-06,2.022385597229003906e-02,3.427763229057999572e-01
5.752000000000000000e+03,1.421028059667150956e-06,1.922845840454101562e-02,3.423959642187806018e-01
5.753000000000000000e+03,1.420259650330990553e-06,1.726746559143066406e-02,3.422057848752708686e-01
5.754000000000000000e+03,1.419507384525786620e-06,1.724362373352050781e-02,3.469895268235528851e-01
5.755000000000000000e+03,1.418834358446474653e-06,1.554489135742187500e-02,3.451243063391309929e-01
5.756000000000000000e+03,1.418229430782957934e-06,1.531243324279785156e-02,3.453656878135856201e-01
5.757000000000000000e+03,1.417625298927305266e-06,1.590251922607421875e-02,3.446927455211667435e-01
5.758000000000000000e+03,1.417057092112372629e-06,1.620054244995117188e-02,3.436906466726734055e-01
5.759000000000000000e+03,1.416281634192273486e-06,1.813769340515136719e-02,3.380437830884627792e-01
5.760000000000000000e+03,1.415045517205726355e-06,1.857876777648925781e-02,3.282861198483890131e-01
5.761000000000000000e+03,1.413824975315947086e-06,1.910328865051269531e-02,3.211543944667759054e-01
5.762000000000000000e+03,1.413092377333668992e-06,1.749992370605468750e-02,3.114479333576470332e-01
5.763000000000000000e+03,1.412698452440963592e-06,1.736879348754882812e-02,3.121135610599309329e-01
5.764000000000000000e+03,1.412282244928064756e-06,1.684427261352539062e-02,3.101532509037541741e-01
5.765000000000000000e+03,1.411418907082406804e-06,1.561045646667480469e-02,3.048428584657529861e-01
5.766000000000000000e+03,1.410848199157044291e-06,1.542568206787109375e-02,3.023046956889122172e-01
5.767000000000000000e+03,1.410191998729715124e-06,1.506209373474121094e-02,2.979086270177845330e-01
5.768000000000000000e+03,1.409868104929046240e-06,1.514554023742675781e-02,2.946097468669049979e-01
5.769000000000000000e+03,1.409413926012348384e-06,1.515746116638183594e-02,2.900161842621327146e-01
5.770000000000000000e+03,1.408816729053796735e-06,1.521706581115722656e-02,2.853860487066853802e-01
5.771000000000000000e+03,1.408224761689780280e-06,1.471638679504394531e-02,2.809826654454227191e-01
5.772000000000000000e+03,1.411804078088607639e-06,1.612901687622070312e-02,2.801195438094941093e-01
5.773000000000000000e+03,1.407986133017402608e-06,1.498460769653320312e-02,2.807924861019129859e-01
5.774000000000000000e+03,1.407381319040723611e-06,1.426935195922851562e-02,2.819847642939160015e-01
5.775000000000000000e+03,1.406811293236387428e-06,1.401305198669433594e-02,2.827966837988996618e-01
5.776000000000000000e+03,1.406520595992333256e-06,1.282691955566406250e-02,2.901185885240225026e-01
5.777000000000000000e+03,1.405941588927817065e-06,1.363754272460937500e-02,2.888239060701296990e-01
5.778000000000000000e+03,1.405040393365197815e-06,1.488327980041503906e-02,2.861979682116689849e-01
5.779000000000000000e+03,1.404550630468293093e-06,1.555085182189941406e-02,2.833233342886187778e-01
5.780000000000000000e+03,1.403927967658091802e-06,1.512169837951660156e-02,2.815020013450068581e-01
5.781000000000000000e+03,1.403590658810571767e-06,1.492500305175781250e-02,2.763964174307853017e-01
5.782000000000000000e+03,1.403377154929330572e-06,1.420378684997558594e-02,2.779178521788628342e-01
5.783000000000000000e+03,1.402979137310467195e-06,1.298189163208007812e-02,2.829356610114644455e-01
5.784000000000000000e+03,1.402859879817697220e-06,1.282691955566406250e-02,2.843693206779220328e-01
5.785000000000000000e+03,1.402688440066413023e-06,1.295804977416992188e-02,2.843327477272471482e-01
5.786000000000000000e+03,1.402640918968245387e-06,1.307725906372070312e-02,2.843327477272471482e-01
5.787000000000000000e+03,1.402273142048215959e-06,1.361370086669921875e-02,2.841791413344124106e-01
5.788000000000000000e+03,1.401716644977568649e-06,1.453161239624023438e-02,2.847643085452113976e-01
5.789000000000000000e+03,1.401518602506257594e-06,1.513361930847167969e-02,2.825114147836351730e-01
5.790000000000000000e+03,1.401216763952106703e-06,1.502633094787597656e-02,2.839011869092828433e-01
5.791000000000000000e+03,1.400731662215548567e-06,1.447796821594238281e-02,2.854226216573603203e-01
5.792000000000000000e+03,1.400489054503850639e-06,1.437067985534667969e-02,2.840913662527925210e-01
5.793000000000000000e+03,1.399774305355094839e-06,1.405477523803710938e-02,2.816994952786515127e-01
5.794000000000000000e+03,1.399648908773087896e-06,1.329183578491210938e-02,2.781592336533174059e-01
5.795000000000000000e+03,1.399230541210272349e-06,1.369714736938476562e-02,2.787809738147913330e-01
5.796000000000000000e+03,1.398854919898440130e-06,1.426339149475097656e-02,2.804999024965134646e-01
5.797000000000000000e+03,1.398471340507967398e-06,1.475214958190917969e-02,2.820798539656708681e-01
5.798000000000000000e+03,1.398547283315565437e-06,1.329183578491210938e-02,2.917863150747996848e-01
5.799000000000000000e+03,1.398295694343687501e-06,1.410245895385742188e-02,2.863881475551787181e-01
5.800000000000000000e+03,1.436271077182027511e-06,2.214908599853515625e-02,2.288296377829594497e-01
5.801000000000000000e+03,1.398121412421460263e-06,1.467466354370117188e-02,2.822700333091805458e-01
5.802000000000000000e+03,1.397704750161210541e-06,1.462101936340332031e-02,2.866661019803082300e-01
5.803000000000000000e+03,1.397189748786331620e-06,1.416206359863281250e-02,2.887288163983747769e-01
5.804000000000000000e+03,1.396604830006253906e-06,1.365542411804199219e-02,2.915961357312900626e-01
5.805000000000000000e+03,1.396320726598787587e-06,1.343488693237304688e-02,2.920715840900642291e-01
5.806000000000000000e+03,1.395937260895152576e-06,1.309514045715332031e-02,2.928908181851828663e-01
5.807000000000000000e+03,1.395562890138535295e-06,1.255273818969726562e-02,2.924080552362737229e-01
5.808000000000000000e+03,1.395064032294612844e-06,1.178979873657226562e-02,2.906379244236066417e-01
5.809000000000000000e+03,1.394708874613570515e-06,1.099705696105957031e-02,2.892042647571490543e-01
5.810000000000000000e+03,1.394263222209701780e-06,1.022219657897949219e-02,2.891091750853941877e-01
5.811000000000000000e+03,1.393845764141588006e-06,9.459257125854492188e-03,2.868197083731430230e-01
5.812000000000000000e+03,1.393328489029954653e-06,8.761882781982421875e-03,2.859053846062695192e-01
5.813000000000000000e+03,1.392895569551910739e-06,8.243322372436523438e-03,2.853348465757404862e-01
5.814000000000000000e+03,1.392292915625148453e-06,6.836652755737304688e-03,2.812679344606872078e-01
5.815000000000000000e+03,1.392006879541440867e-06,5.620718002319335938e-03,2.811216426579875027e-01
5.816000000000000000e+03,1.391644900650135241e-06,2.878904342651367188e-03,2.775374934918434233e-01
5.817000000000000000e+03,1.391359433000616264e-06,1.800060272216796875e-03,2.803097231530038425e-01
5.818000000000000000e+03,1.391199702993617393e-06,1.722574234008789062e-03,2.812679344606872078e-01
5.819000000000000000e+03,1.391008709106245078e-06,1.555681228637695312e-03,2.817433828194614298e-01
5.820000000000000000e+03,1.390883426211075857e-06,1.370906829833984375e-03,2.821749436374257347e-01
5.821000000000000000e+03,1.390862280459259637e-06,1.257658004760742188e-03,2.824163251118803064e-01
5.822000000000000000e+03,1.390742681905976497e-06,1.168251037597656250e-03,2.822700333091805458e-01
5.823000000000000000e+03,1.390637521581084002e-06,1.037120819091796875e-03,2.827454816679547678e-01
5.824000000000000000e+03,1.390649231325369328e-06,9.834766387939453125e-04,2.829356610114644455e-01
5.825000000000000000e+03,1.390632405673386529e-06,9.179115295410156250e-04,2.829868631424093950e-01
5.826000000000000000e+03,1.390610464113706257e-06,9.179115295410156250e-04,2.829868631424093950e-01
5.827000000000000000e+03,1.390634793096978683e-06,9.179115295410156250e-04,2.829868631424093950e-01
5.828000000000000000e+03,1.390612624163622968e-06,9.179115295410156250e-04,2.829868631424093950e-01
5.829000000000000000e+03,1.390465854456124362e-06,8.642673492431640625e-04,2.827966837988996618e-01
5.830000000000000000e+03,1.390509169141296297e-06,8.583068847656250000e-04,2.827454816679547678e-01
5.831000000000000000e+03,1.390491092934098560e-06,8.106231689453125000e-04,2.832282446168639667e-01
5.832000000000000000e+03,1.390423449265654199e-06,7.688999176025390625e-04,2.832282446168639667e-01
5.833000000000000000e+03,1.390135821566218510e-06,5.722045898437500000e-04,2.831258403549741232e-01
5.834000000000000000e+03,1.389202111568010878e-06,7.390975952148437500e-04,2.866661019803082300e-01
5.835000000000000000e+03,1.388695636705961078e-06,1.537799835205078125e-03,2.894456462316036260e-01
5.836000000000000000e+03,1.388446207783999853e-06,2.026557922363281250e-03,2.891091750853941877e-01
5.837000000000000000e+03,1.388348550790396985e-06,1.537799835205078125e-03,2.892042647571490543e-01
5.838000000000000000e+03,1.388268174196127802e-06,1.144409179687500000e-03,2.887288163983747769e-01
5.839000000000000000e+03,1.388134364788129460e-06,9.298324584960937500e-04,2.883411431212204445e-01
5.840000000000000000e+03,1.388105147270835005e-06,8.821487426757812500e-04,2.882533680396006104e-01
5.841000000000000000e+03,1.388048417538811918e-06,6.556510925292968750e-04,2.882021659086556609e-01
5.842000000000000000e+03,1.387817519571399316e-06,3.814697265625000000e-04,2.879607844342010892e-01
5.843000000000000000e+03,1.387331053592788521e-06,2.586841583251953125e-03,2.863369454242337686e-01
5.844000000000000000e+03,1.387005568176391535e-06,2.497434616088867188e-03,2.840401641218476270e-01
5.845000000000000000e+03,1.386610733788984362e-06,2.312660217285156250e-03,2.845229270707568259e-01
5.846000000000000000e+03,1.386212716170120984e-06,5.960464477539062500e-04,2.856128010008699980e-01
5.847000000000000000e+03,1.385891437166719697e-06,4.649162292480468750e-04,2.869586855857077512e-01
5.848000000000000000e+03,1.385625182592775673e-06,1.537799835205078125e-03,2.896870277060581977e-01
5.849000000000000000e+03,1.385482619298272766e-06,1.811981201171875000e-03,2.924080552362737229e-01
5.850000000000000000e+03,1.385163727718463633e-06,1.144409179687500000e-03,2.909743955698160800e-01
5.851000000000000000e+03,1.384913730362313800e-06,4.768371582031250000e-04,2.896358255751133037e-01
5.852000000000000000e+03,1.384777533530723304e-06,5.722045898437500000e-04,2.889189957418845101e-01
5.853000000000000000e+03,1.385255245622829534e-06,2.217292785644531250e-03,2.976233580025200443e-01
5.854000000000000000e+03,1.384602114740118850e-06,1.108646392822265625e-03,2.917424275339898232e-01
5.855000000000000000e+03,1.384278561999963131e-06,1.549720764160156250e-03,2.916912254030448737e-01
5.856000000000000000e+03,1.383886456096661277e-06,1.883506774902343750e-03,2.928396160542379723e-01
5.857000000000000000e+03,1.383546987199224532e-06,2.241134643554687500e-03,2.947999262104147311e-01
5.858000000000000000e+03,1.383110998176562134e-06,1.847743988037109375e-03,2.982963002949389208e-01
5.859000000000000000e+03,1.382526647830673028e-06,8.702278137207031250e-04,3.020267412637827054e-01
5.860000000000000000e+03,1.381828838020737749e-06,3.576278686523437500e-05,3.051354420711525073e-01
5.861000000000000000e+03,1.381385459353623446e-06,1.156330108642578125e-03,3.053256214146622405e-01
5.862000000000000000e+03,1.380990283905703109e-06,9.119510650634765625e-04,3.045575894504884973e-01
5.863000000000000000e+03,1.380525986860448029e-06,4.768371582031250000e-05,2.996275556995066647e-01
5.864000000000000000e+03,1.380303160658513661e-06,6.794929504394531250e-04,2.970528199719909557e-01
5.865000000000000000e+03,1.380201638312428258e-06,5.364418029785156250e-04,2.959995189925527237e-01
5.866000000000000000e+03,1.379972445647581480e-06,7.987022399902343750e-04,2.975209537406302007e-01
5.867000000000000000e+03,1.379626837660907768e-06,1.525878906250000000e-03,3.025972792943117384e-01
5.868000000000000000e+03,1.379450054628250655e-06,1.883506774902343750e-03,3.033579966683504492e-01
5.869000000000000000e+03,1.379095238007721491e-06,2.908706665039062500e-03,3.039797368298244873e-01
5.870000000000000000e+03,1.378851493427646346e-06,4.136562347412109375e-03,3.036505802737499704e-01
5.871000000000000000e+03,1.378497131554468069e-06,4.827976226806640625e-03,3.026484814252566879e-01
5.872000000000000000e+03,1.378107640448433813e-06,5.197525024414062500e-03,3.012148217587990451e-01
5.873000000000000000e+03,1.377844569105945993e-06,5.221366882324218750e-03,2.995763535685617707e-01
5.874000000000000000e+03,1.377435523863823619e-06,4.720687866210937500e-03,2.988668383254679539e-01
5.875000000000000000e+03,1.377003627567319199e-06,4.339218139648437500e-03,2.972868868563106060e-01
5.876000000000000000e+03,1.376653585793974344e-06,4.124641418457031250e-03,2.970016178410460617e-01
5.877000000000000000e+03,1.387055704071826767e-06,8.690357208251953125e-03,2.639542996111710060e-01
5.878000000000000000e+03,1.376504087602370419e-06,4.529953002929687500e-03,2.940318942462409879e-01
5.879000000000000000e+03,1.376120280838222243e-06,4.220008850097656250e-03,2.953777788310787411e-01
5.880000000000000000e+03,1.375591750729654450e-06,3.576278686523437500e-03,2.964749673513269457e-01
5.881000000000000000e+03,1.375131546410557348e-06,2.562999725341796875e-03,2.954655539126986308e-01
5.882000000000000000e+03,1.374305838908185251e-06,5.960464477539062500e-05,2.931248850695024610e-01
5.883000000000000000e+03,1.373570739815477282e-06,2.747774124145507812e-03,2.896358255751133037e-01
5.884000000000000000e+03,1.372859969706041738e-06,5.674362182617187500e-03,2.848520836268312872e-01
5.885000000000000000e+03,1.372113047182210721e-06,7.855892181396484375e-03,2.793076243045104490e-01
5.886000000000000000e+03,1.371260168525623158e-06,8.058547973632812500e-03,2.753431164513470697e-01
5.887000000000000000e+03,1.370245627185795456e-06,7.104873657226562500e-03,2.751529371078373920e-01
5.888000000000000000e+03,1.369532810713280924e-06,5.447864532470703125e-03,2.796879829915298599e-01
5.889000000000000000e+03,1.368962557535269298e-06,3.457069396972656250e-03,2.829868631424093950e-01
5.890000000000000000e+03,1.368121388622967061e-06,2.783536911010742188e-03,2.832282446168639667e-01
5.891000000000000000e+03,1.366615038023155648e-06,2.753734588623046875e-03,2.743775905535286719e-01
5.892000000000000000e+03,1.365328898828011006e-06,4.363059997558593750e-03,2.720369217103325576e-01
5.893000000000000000e+03,1.364459762953629252e-06,7.212162017822265625e-03,2.583659527480403062e-01
5.894000000000000000e+03,1.368129915135796182e-06,1.194477081298828125e-02,2.431150323165906790e-01
5.895000000000000000e+03,1.363356318506703246e-06,8.714199066162109375e-03,2.535383232589483171e-01
5.896000000000000000e+03,1.362234911539417226e-06,9.518861770629882812e-03,2.675457633674500624e-01
5.897000000000000000e+03,1.361189788440242410e-06,1.021623611450195312e-02,2.718467423668228800e-01
5.898000000000000000e+03,1.359998691441433039e-06,1.157522201538085938e-02,2.732365144924706057e-01
5.899000000000000000e+03,1.358951067231828347e-06,1.363158226013183594e-02,2.738582546539445328e-01
5.900000000000000000e+03,1.358068516310595442e-06,1.243948936462402344e-02,2.678749199235244682e-01
5.901000000000000000e+03,1.356567736365832388e-06,1.534819602966308594e-02,2.649198255089894039e-01
5.902000000000000000e+03,1.355911990685854107e-06,1.437067985534667969e-02,2.622353709294488744e-01
5.903000000000000000e+03,1.355045583295577671e-06,1.356005668640136719e-02,2.559301942330893809e-01
5.904000000000000000e+03,1.354473283754487056e-06,1.341700553894042969e-02,2.523460450669453015e-01
5.905000000000000000e+03,1.353738070974941365e-06,1.368522644042968750e-02,2.453167239472220373e-01
5.906000000000000000e+03,1.353195330011658370e-06,1.483559608459472656e-02,2.454118136189768484e-01
5.907000000000000000e+03,1.352601657345076092e-06,1.626014709472656250e-02,2.448851631292577324e-01
5.908000000000000000e+03,1.351821424577792641e-06,1.850724220275878906e-02,2.462237331239605087e-01
5.909000000000000000e+03,1.350697061752725858e-06,2.141594886779785156e-02,2.458360598468061764e-01
5.910000000000000000e+03,1.349335207123658620e-06,2.424120903015136719e-02,2.459384641086959644e-01
5.911000000000000000e+03,1.348839077763841487e-06,2.551674842834472656e-02,2.438318621498195005e-01
5.912000000000000000e+03,1.347348529634473380e-06,2.568364143371582031e-02,2.434076159219902002e-01
5.913000000000000000e+03,1.346547833236400038e-06,2.483129501342773438e-02,2.375705729942698685e-01
5.914000000000000000e+03,1.345784767181612551e-06,2.443790435791015625e-02,2.352811062820187316e-01
5.915000000000000000e+03,1.345095597571344115e-06,2.392530441284179688e-02,2.280177182779757894e-01
5.916000000000000000e+03,1.344791144219925627e-06,2.416968345642089844e-02,2.243823669808868437e-01
5.917000000000000000e+03,1.344278302894963417e-06,2.462863922119140625e-02,2.213687558452718251e-01
5.918000000000000000e+03,1.343364488093357068e-06,2.450346946716308594e-02,2.173603604512985010e-01
5.919000000000000000e+03,1.342761606792919338e-06,2.582073211669921875e-02,2.046476027966896427e-01
5.920000000000000000e+03,1.341710458291345276e-06,2.458095550537109375e-02,2.081366622910788278e-01
5.921000000000000000e+03,1.340616336165112443e-06,2.340078353881835938e-02,2.110990712957489246e-01
5.922000000000000000e+03,1.339533014288463164e-06,2.324581146240234375e-02,2.115672050643881419e-01
5.923000000000000000e+03,1.355408585368422791e-06,1.593828201293945312e-02,1.917446657985711067e-01
5.924000000000000000e+03,1.339241407549707219e-06,2.229213714599609375e-02,2.089924693368724329e-01
5.925000000000000000e+03,1.339274717793159653e-06,2.336502075195312500e-02,2.254795555011350205e-01
5.926000000000000000e+03,1.337961521130637266e-06,2.282857894897460938e-02,2.171701811077888233e-01
5.927000000000000000e+03,1.336771674687042832e-06,2.477765083312988281e-02,2.173969334019734689e-01
5.928000000000000000e+03,1.335693923465441912e-06,2.530813217163085938e-02,2.183112571688469172e-01
5.929000000000000000e+03,1.334548528575396631e-06,2.646446228027343750e-02,2.209810825681174928e-01
5.930000000000000000e+03,1.333752152277156711e-06,2.726912498474121094e-02,2.200301858505690489e-01
5.931000000000000000e+03,1.332445663138059899e-06,2.762079238891601562e-02,2.151074666897222487e-01
5.932000000000000000e+03,1.331365979240217712e-06,2.804398536682128906e-02,2.137250091542095276e-01
5.933000000000000000e+03,1.330487521045142785e-06,2.709031105041503906e-02,2.100969724472556144e-01
5.934000000000000000e+03,1.329443648501182906e-06,2.605915069580078125e-02,1.974281023334566454e-01
5.935000000000000000e+03,1.328444113823934458e-06,2.562999725341796875e-02,1.893527948244300985e-01
5.936000000000000000e+03,1.327274276263779029e-06,2.552866935729980469e-02,1.735971676736662861e-01
5.937000000000000000e+03,1.326508822785399389e-06,2.576708793640136719e-02,1.736849427552861480e-01
5.938000000000000000e+03,1.325814650954271201e-06,2.661943435668945312e-02,1.729754275121923313e-01
5.939000000000000000e+03,1.325268158325343393e-06,2.713799476623535156e-02,1.773714961833200154e-01
5.940000000000000000e+03,1.324840923189185560e-06,2.766251564025878906e-02,1.792732896184168478e-01
5.941000000000000000e+03,1.324491449850029312e-06,2.820491790771484375e-02,1.798511422390808856e-01
5.942000000000000000e+03,1.324096729149459861e-06,2.847909927368164062e-02,1.790831102749071702e-01
5.943000000000000000e+03,1.323892433902074117e-06,2.876520156860351562e-02,1.808532410875742236e-01
5.944000000000000000e+03,1.323699848398973700e-06,2.893805503845214844e-02,1.816139584616129621e-01
5.945000000000000000e+03,1.323337528447154909e-06,2.880692481994628906e-02,1.847665468097927366e-01
5.946000000000000000e+03,1.323038986811297946e-06,2.860426902770996094e-02,1.881166290916171380e-01
5.947000000000000000e+03,1.322668481407163199e-06,2.834200859069824219e-02,1.911302402272321288e-01
5.948000000000000000e+03,1.329073256783885881e-06,2.819299697875976562e-02,2.175505397948082065e-01
5.949000000000000000e+03,1.322383923252345994e-06,2.831816673278808594e-02,1.949923438185057201e-01
5.950000000000000000e+03,1.321796389675000682e-06,2.843737602233886719e-02,1.971428333181921289e-01
5.951000000000000000e+03,1.320936121373961214e-06,2.911090850830078125e-02,1.981961342976303886e-01
5.952000000000000000e+03,1.320136220783751924e-06,3.015398979187011719e-02,1.960968469288888461e-01
5.953000000000000000e+03,1.319212174166750629e-06,3.113150596618652344e-02,1.963748013540184134e-01
5.954000000000000000e+03,1.318350768997333944e-06,3.135204315185546875e-02,1.961846220105087080e-01
5.955000000000000000e+03,1.317081796514685266e-06,3.032088279724121094e-02,2.009244764179808351e-01
5.956000000000000000e+03,1.315793952016974799e-06,2.822875976562500000e-02,2.052693429581636253e-01
5.957000000000000000e+03,1.314409018959850073e-06,2.509951591491699219e-02,2.132422462053003565e-01
5.958000000000000000e+03,1.315390704803576227e-06,2.167820930480957031e-02,2.190719745428856557e-01
5.959000000000000000e+03,1.313948359893402085e-06,2.385377883911132812e-02,2.153415335740418712e-01
5.960000000000000000e+03,1.312803647124383133e-06,1.972317695617675781e-02,2.210834868300073086e-01
5.961000000000000000e+03,1.311974870077392552e-06,2.042651176452636719e-02,2.147271080027028933e-01
5.962000000000000000e+03,1.310964535150560550e-06,2.133846282958984375e-02,2.112892506392586300e-01
5.963000000000000000e+03,1.309671688431990333e-06,2.112984657287597656e-02,2.058910831196375801e-01
5.964000000000000000e+03,1.308911350861308165e-06,2.016425132751464844e-02,2.065128232811115350e-01
5.965000000000000000e+03,1.308393507315486204e-06,1.823902130126953125e-02,2.017729688736394633e-01
5.966000000000000000e+03,1.307382490267627873e-06,1.751184463500976562e-02,2.084219313063433721e-01
5.967000000000000000e+03,1.306520971411373466e-06,1.767873764038085938e-02,2.105285332652198915e-01
5.968000000000000000e+03,1.305840669374447316e-06,1.818537712097167969e-02,2.140102781694740719e-01
5.969000000000000000e+03,1.305273940488405060e-06,1.815557479858398438e-02,2.106163083468397534e-01
5.970000000000000000e+03,1.304822831116325688e-06,1.846551895141601562e-02,2.061324645940921518e-01
5.971000000000000000e+03,1.304475063079735264e-06,1.876950263977050781e-02,2.033529203427968113e-01
5.972000000000000000e+03,1.303995190937712323e-06,1.923441886901855469e-02,2.023947090351133904e-01
5.973000000000000000e+03,1.307670345340739004e-06,1.502037048339843750e-02,2.031627409992871058e-01
5.974000000000000000e+03,1.303953013120917603e-06,1.860260963439941406e-02,2.024971132970032062e-01
5.975000000000000000e+03,1.303231442761898506e-06,1.860260963439941406e-02,2.051669386962737818e-01
5.976000000000000000e+03,1.302638452216342557e-06,1.851916313171386719e-02,2.074125178677150294e-01
5.977000000000000000e+03,1.302035343542229384e-06,1.851320266723632812e-02,2.105285332652198915e-01
5.978000000000000000e+03,1.301551492360886186e-06,1.699328422546386719e-02,2.111502734266938464e-01
5.979000000000000000e+03,1.302103783018537797e-06,1.926422119140625000e-02,2.095630073674014660e-01
5.980000000000000000e+03,1.300953840654983651e-06,1.794099807739257812e-02,2.104773311342749698e-01
5.981000000000000000e+03,1.300356530009594280e-06,1.700520515441894531e-02,2.148221976744577322e-01
5.982000000000000000e+03,1.299062660109484568e-06,1.677274703979492188e-02,2.079903704883790672e-01
5.983000000000000000e+03,1.298062102250696626e-06,1.564025878906250000e-02,2.079903704883790672e-01
5.984000000000000000e+03,1.298153165407711640e-06,1.852512359619140625e-02,1.971867208590020737e-01
5.985000000000000000e+03,1.297351673201774247e-06,1.703500747680664062e-02,2.027823823122677505e-01
5.986000000000000000e+03,1.296679556617164053e-06,1.646876335144042969e-02,2.051669386962737818e-01
5.987000000000000000e+03,1.295394667977234349e-06,1.646280288696289062e-02,2.127667978465261622e-01
5.988000000000000000e+03,1.294994262934778817e-06,1.691579818725585938e-02,2.116696093262779854e-01
5.989000000000000000e+03,1.293923673983954359e-06,1.863241195678710938e-02,2.107187126087295415e-01
5.990000000000000000e+03,1.293213472308707424e-06,1.830458641052246094e-02,2.052181408272187035e-01
5.991000000000000000e+03,1.291931312152883038e-06,2.019405364990234375e-02,2.062202396757120137e-01
5.992000000000000000e+03,1.290535806219850201e-06,2.046227455139160156e-02,2.049767593527641041e-01
5.993000000000000000e+03,1.288400426346925087e-06,2.093911170959472656e-02,2.051669386962737818e-01
5.994000000000000000e+03,1.286181486648274586e-06,2.354383468627929688e-02,2.150635791489123039e-01
5.995000000000000000e+03,1.284006771129497793e-06,2.121925354003906250e-02,2.123864391595067513e-01
5.996000000000000000e+03,1.281922550333547406e-06,1.970529556274414062e-02,2.111502734266938464e-01
5.997000000000000000e+03,1.280662218050565571e-06,1.867413520812988281e-02,2.153049606233669311e-01
5.998000000000000000e+03,1.279362095374381170e-06,2.053976058959960938e-02,2.175505397948082065e-01
5.999000000000000000e+03,1.278005584026686847e-06,2.155900001525878906e-02,2.193133560173402830e-01
6.000000000000000000e+03,1.278483637179306243e-06,2.536773681640625000e-02,2.053059159088385655e-01
6.001000000000000000e+03,1.277006049349438399e-06,2.327561378479003906e-02,2.130081793209807617e-01
6.002000000000000000e+03,1.275928525501512922e-06,2.578496932983398438e-02,2.220343835475557248e-01
6.003000000000000000e+03,1.275323484151158482e-06,2.600550651550292969e-02,2.217564291224262130e-01
6.004000000000000000e+03,1.274680585083842743e-06,2.591609954833984375e-02,2.218442042040460749e-01
6.005000000000000000e+03,1.274086798730422743e-06,2.586841583251953125e-02,2.235192453449582617e-01
6.006000000000000000e+03,1.273397856493829750e-06,2.579092979431152344e-02,2.251942864858704763e-01
6.007000000000000000e+03,1.273084535569068976e-06,2.568364143371582031e-02,2.282078976214854393e-01
6.008000000000000000e+03,1.272724261980329175e-06,2.572536468505859375e-02,2.286394584394497442e-01
6.009000000000000000e+03,1.272071244784456212e-06,2.490878105163574219e-02,2.295391530260532387e-01
6.010000000000000000e+03,1.271187329621170647e-06,2.391934394836425781e-02,2.321212033437039524e-01
6.011000000000000000e+03,1.270394363928062376e-06,2.344250679016113281e-02,2.347471412021645831e-01
6.012000000000000000e+03,1.269473955289868172e-06,2.335309982299804688e-02,2.367147659484763189e-01
6.013000000000000000e+03,1.268612777494126931e-06,2.316236495971679688e-02,2.379509316812892517e-01
6.014000000000000000e+03,1.267694642592687160e-06,2.232193946838378906e-02,2.383824924992535288e-01
6.015000000000000000e+03,1.266624281015538145e-06,2.132058143615722656e-02,2.403428026554302877e-01
6.016000000000000000e+03,1.265616674572811462e-06,1.941919326782226562e-02,2.435465931345549562e-01
6.017000000000000000e+03,1.264803586309426464e-06,1.618266105651855469e-02,2.522436408050555134e-01
6.018000000000000000e+03,1.264772777176403906e-06,1.427531242370605469e-02,2.539625694867776451e-01
6.019000000000000000e+03,1.264335651285364293e-06,1.522898674011230469e-02,2.531067624409840122e-01
6.020000000000000000e+03,1.263699687115149572e-06,1.425147056579589844e-02,2.550670725971608266e-01
6.021000000000000000e+03,1.262957994185853750e-06,1.246929168701171875e-02,2.565007322636184139e-01
6.022000000000000000e+03,1.262233013221703004e-06,1.083612442016601562e-02,2.572614496376571247e-01
6.023000000000000000e+03,1.261135253116663080e-06,8.118152618408203125e-03,2.569834952125276128e-01
6.024000000000000000e+03,1.260448925677337684e-06,6.878376007080078125e-03,2.575540332430566459e-01
6.025000000000000000e+03,1.260049316442746203e-06,6.425380706787109375e-03,2.557400148895797032e-01
6.026000000000000000e+03,1.259481678062002175e-06,5.966424942016601562e-03,2.554474312841801820e-01
6.027000000000000000e+03,1.258884594790288247e-06,5.203485488891601562e-03,2.565519343945633080e-01
6.028000000000000000e+03,1.258006591342564207e-06,3.433227539062500000e-03,2.611381824092007253e-01
6.029000000000000000e+03,1.257348571925831493e-06,2.419948577880859375e-03,2.637129181367164343e-01
6.030000000000000000e+03,1.256576751984539442e-06,1.680850982666015625e-03,2.676408530392048735e-01
6.031000000000000000e+03,1.255950110135017894e-06,2.151727676391601562e-03,2.701717012259106654e-01
6.032000000000000000e+03,1.254987637366866693e-06,3.361701965332031250e-03,2.720369217103325576e-01
6.033000000000000000e+03,1.254115090887353290e-06,4.696846008300781250e-03,2.749115556333827648e-01
6.034000000000000000e+03,1.253083041774516460e-06,6.574392318725585938e-03,2.734266938359802834e-01
6.035000000000000000e+03,1.252025981557380874e-06,8.815526962280273438e-03,2.766743718559148690e-01
6.036000000000000000e+03,1.251240178135049064e-06,9.524822235107421875e-03,2.752407121894572817e-01
6.037000000000000000e+03,1.249972910954966210e-06,1.118183135986328125e-02,2.699376343415910706e-01
6.038000000000000000e+03,1.249160277438932098e-06,1.320242881774902344e-02,2.672531797620505412e-01
6.039000000000000000e+03,1.248106514140090439e-06,1.393556594848632812e-02,2.672092922212405686e-01
6.040000000000000000e+03,1.246762053597194608e-06,1.546144485473632812e-02,2.681675035289239895e-01
6.041000000000000000e+03,1.245699081664497498e-06,1.631975173950195312e-02,2.694548713926818717e-01
6.042000000000000000e+03,1.243161932507064193e-06,1.633167266845703125e-02,2.747579492405480273e-01
6.043000000000000000e+03,1.241007453245401848e-06,1.463294029235839844e-02,2.779178521788628342e-01
6.044000000000000000e+03,1.241668314833077602e-06,9.775161743164062500e-03,2.989546134070877881e-01
6.045000000000000000e+03,1.240222786691447254e-06,1.258850097656250000e-02,2.867685062421980735e-01
6.046000000000000000e+03,1.239332391378411558e-06,1.039505004882812500e-02,2.839889619909026774e-01
6.047000000000000000e+03,1.238631284650182351e-06,9.638071060180664062e-03,2.849910608393960154e-01
6.048000000000000000e+03,1.237834112544078380e-06,7.933378219604492188e-03,2.882972555804105275e-01
6.049000000000000000e+03,1.237183028024446685e-06,6.961822509765625000e-03,2.908793058980612134e-01
6.050000000000000000e+03,1.236219077327405103e-06,6.431341171264648438e-03,2.953265767001338471e-01
6.051000000000000000e+03,1.235261038345925044e-06,6.818771362304687500e-03,2.980037166895393996e-01
6.052000000000000000e+03,1.233952161783236079e-06,8.040666580200195312e-03,2.988668383254679539e-01
6.053000000000000000e+03,1.232682734553236514e-06,8.863210678100585938e-03,2.970967075128008728e-01
6.054000000000000000e+03,1.231241185450926423e-06,9.775161743164062500e-03,2.951363973566241694e-01
6.055000000000000000e+03,1.230684802067116834e-06,8.028745651245117188e-03,2.961896983360624014e-01
6.056000000000000000e+03,1.229654230883170385e-06,7.659196853637695312e-03,2.944195675233953757e-01
6.057000000000000000e+03,1.229029521709890105e-06,6.949901580810546875e-03,2.949462180131144917e-01
6.058000000000000000e+03,1.228409587383794133e-06,6.055831909179687500e-03,2.935125583466568489e-01
6.059000000000000000e+03,1.227791813107614871e-06,5.209445953369140625e-03,2.921227862210091786e-01
6.060000000000000000e+03,1.227260327141266316e-06,4.810094833374023438e-03,2.904477450800969640e-01
6.061000000000000000e+03,1.226603899340261705e-06,4.643201828002929688e-03,2.866295290296332898e-01
6.062000000000000000e+03,1.226065137416298967e-06,4.518032073974609375e-03,2.826065044553899841e-01
6.063000000000000000e+03,1.225359596901398618e-06,4.023313522338867188e-03,2.797830726632847265e-01
6.064000000000000000e+03,1.224355060003290419e-06,3.975629806518554688e-03,2.780641439815625948e-01
6.065000000000000000e+03,1.223301751451799646e-06,3.010034561157226562e-03,2.831770424859190172e-01
6.066000000000000000e+03,1.221758793690241873e-06,4.166364669799804688e-03,2.924080552362737229e-01
6.067000000000000000e+03,1.220251988343079574e-06,4.571676254272460938e-03,3.029776379813310938e-01
6.068000000000000000e+03,1.219058731294353493e-06,6.300210952758789062e-03,3.189965903769544919e-01
6.069000000000000000e+03,1.218009970216371585e-06,7.230043411254882812e-03,3.186674338208800306e-01
6.070000000000000000e+03,1.217036015077610500e-06,8.624792098999023438e-03,3.154563287516203296e-01
6.071000000000000000e+03,1.216436203321791254e-06,9.101629257202148438e-03,3.146956113775816188e-01
6.072000000000000000e+03,1.215267047882662155e-06,9.095668792724609375e-03,3.148419031802813794e-01
6.073000000000000000e+03,1.214642338709381875e-06,8.672475814819335938e-03,3.156538226852650397e-01
6.074000000000000000e+03,1.213592895510373637e-06,7.826089859008789062e-03,3.186162316899351366e-01
6.075000000000000000e+03,1.226998961101344321e-06,8.749961853027343750e-03,3.513417079538706522e-01
6.076000000000000000e+03,1.213384848597343080e-06,7.915496826171875000e-03,3.217761346282498880e-01
6.077000000000000000e+03,1.212440110975876451e-06,7.665157318115234375e-03,3.200498913563927239e-01
6.078000000000000000e+03,1.211424091707158368e-06,7.683038711547851562e-03,3.270938416563859974e-01
6.079000000000000000e+03,1.210160235132207163e-06,8.565187454223632812e-03,3.234511757691620470e-01
6.080000000000000000e+03,1.209100560117803980e-06,1.059770584106445312e-02,3.217249324973049385e-01
6.081000000000000000e+03,1.208286676046554931e-06,1.273155212402343750e-02,3.200498913563927239e-01
6.082000000000000000e+03,1.207323293783701956e-06,1.530051231384277344e-02,3.166120339929484606e-01
6.083000000000000000e+03,1.206853312396560796e-06,1.692175865173339844e-02,3.132107495801790820e-01
6.084000000000000000e+03,1.206298179567966145e-06,1.735687255859375000e-02,3.116820002419666280e-01
6.085000000000000000e+03,1.205743615173560102e-06,2.105236053466796875e-02,3.062765181322106289e-01
6.086000000000000000e+03,1.204792397402343340e-06,1.919269561767578125e-02,3.111553497522475120e-01
6.087000000000000000e+03,1.203315719067177270e-06,1.699328422546386719e-02,3.191867697204641696e-01
6.088000000000000000e+03,1.201550048790522851e-06,1.516342163085937500e-02,3.337354894989549847e-01
6.089000000000000000e+03,1.204389377562620211e-06,1.244544982910156250e-02,3.476624691159718172e-01
6.090000000000000000e+03,1.200682731905544642e-06,1.427531242370605469e-02,3.382851645629174064e-01
6.091000000000000000e+03,1.199863163492409512e-06,1.586675643920898438e-02,3.389507922652013061e-01
6.092000000000000000e+03,1.199291546072345227e-06,1.586079597473144531e-02,3.406258334061135207e-01
6.093000000000000000e+03,1.198601808027888183e-06,1.810789108276367188e-02,3.378024016140082075e-01
6.094000000000000000e+03,1.198189693241147324e-06,1.766085624694824219e-02,3.366613255529500859e-01
6.095000000000000000e+03,1.196239622913708445e-06,1.522898674011230469e-02,3.328796824531613519e-01
6.096000000000000000e+03,1.195327286040992476e-06,1.603960990905761719e-02,3.318263814737231199e-01
6.097000000000000000e+03,1.194384822156280279e-06,1.546144485473632812e-02,3.320677629481777471e-01
6.098000000000000000e+03,1.193698267343279440e-06,1.542568206787109375e-02,3.321116504889876642e-01
6.099000000000000000e+03,1.193436560242844280e-06,1.521110534667968750e-02,3.316800896710233593e-01
6.100000000000000000e+03,1.193008301925146952e-06,1.471638679504394531e-02,3.310144619687394596e-01
6.101000000000000000e+03,1.192791387438774109e-06,1.385211944580078125e-02,3.314460227867037645e-01
6.102000000000000000e+03,1.192615059153467882e-06,1.332759857177734375e-02,3.325870988477618861e-01
6.103000000000000000e+03,1.192532295135606546e-06,1.332759857177734375e-02,3.327772781912715638e-01
6.104000000000000000e+03,1.192415311379591003e-06,1.334547996520996094e-02,3.333112432711256568e-01
6.105000000000000000e+03,1.192278773487487342e-06,1.341700553894042969e-02,3.333551308119356293e-01
6.106000000000000000e+03,1.192206809719209559e-06,1.332759857177734375e-02,3.337354894989549847e-01
6.107000000000000000e+03,1.192142235595383681e-06,1.318454742431640625e-02,3.343133421196189947e-01
6.108000000000000000e+03,1.192094600810378324e-06,1.338124275207519531e-02,3.347887904783932167e-01
6.109000000000000000e+03,1.192060835819575004e-06,1.339912414550781250e-02,3.348838801501480278e-01
6.110000000000000000e+03,1.191821866086684167e-06,1.349449157714843750e-02,3.353666430990572822e-01
6.111000000000000000e+03,1.191571300296345726e-06,1.386404037475585938e-02,3.394335552141105050e-01
6.112000000000000000e+03,1.191485125673352741e-06,1.277923583984375000e-02,3.398578014419397775e-01
6.113000000000000000e+03,1.191314481729932595e-06,1.327991485595703125e-02,3.435004673291637278e-01
6.114000000000000000e+03,1.191165665659355000e-06,1.270174980163574219e-02,3.445025661776570658e-01
6.115000000000000000e+03,1.191064484373782761e-06,1.239776611328125000e-02,3.445025661776570658e-01
6.116000000000000000e+03,1.190639295600703917e-06,1.103878021240234375e-02,3.444513640467121163e-01
6.117000000000000000e+03,1.189618956232152414e-06,7.367134094238281250e-03,3.457460465006050310e-01
6.118000000000000000e+03,1.188932060358638410e-06,6.967782974243164062e-03,3.470407289544978346e-01
6.119000000000000000e+03,1.188126475426543038e-06,6.252527236938476562e-03,3.430177043802545289e-01
6.120000000000000000e+03,1.186553504339826759e-06,4.845857620239257812e-03,3.319214711454779865e-01
6.121000000000000000e+03,1.185812152471044101e-06,4.827976226806640625e-03,3.249360375665645839e-01
6.122000000000000000e+03,1.185154587801662274e-06,4.881620407104492188e-03,3.213957759412304771e-01
6.123000000000000000e+03,1.184542043120018207e-06,5.674362182617187500e-03,3.186162316899351366e-01
6.124000000000000000e+03,1.184571260637312662e-06,3.427267074584960938e-03,3.203424749617922451e-01
6.125000000000000000e+03,1.184340817417250946e-06,4.607439041137695312e-03,3.194281511949187413e-01
6.126000000000000000e+03,1.183542281069094315e-06,4.714727401733398438e-03,3.187698380827698186e-01
6.127000000000000000e+03,1.182135861199640203e-06,3.063678741455078125e-03,3.132619517111240315e-01
6.128000000000000000e+03,1.180187268801091705e-06,6.318092346191406250e-04,3.057059801016815959e-01
6.129000000000000000e+03,1.178727075057395268e-06,1.657009124755859375e-03,2.940830963771858819e-01
6.130000000000000000e+03,1.177609647129429504e-06,3.135204315185546875e-03,2.895846234441684097e-01
6.131000000000000000e+03,1.176464706986735109e-06,4.625320434570312500e-03,2.885313224647301222e-01
6.132000000000000000e+03,1.175764737126883119e-06,5.388259887695312500e-03,2.897748027876780874e-01
6.133000000000000000e+03,1.174857175101351459e-06,6.222724914550781250e-03,2.927884139232930782e-01
6.134000000000000000e+03,1.174053750219172798e-06,6.866455078125000000e-03,2.941342985081308314e-01
6.135000000000000000e+03,1.173487362393643707e-06,6.473064422607421875e-03,2.930297953977476499e-01
6.136000000000000000e+03,1.172737938759382814e-06,5.924701690673828125e-03,2.928908181851828663e-01
6.137000000000000000e+03,1.172140514427155722e-06,8.273124694824218750e-03,2.986254568510133822e-01
6.138000000000000000e+03,1.171232042906922288e-06,8.857250213623046875e-03,2.976233580025200443e-01
6.139000000000000000e+03,1.170504674519179389e-06,9.655952453613281250e-03,2.986254568510133822e-01
6.140000000000000000e+03,1.169612914964091033e-06,1.156330108642578125e-02,3.035481760118601824e-01
6.141000000000000000e+03,1.169319148175418377e-06,1.225471496582031250e-02,3.050842399402076133e-01
6.142000000000000000e+03,1.168349513136490714e-06,1.215934753417968750e-02,3.091950395960707532e-01
6.143000000000000000e+03,1.167929667644784786e-06,1.152753829956054688e-02,3.073810212425938104e-01
6.144000000000000000e+03,1.167176264971203636e-06,9.727478027343750000e-03,3.038919617482045976e-01
6.145000000000000000e+03,1.166610445579863153e-06,8.976459503173828125e-03,2.999201393049061859e-01
6.146000000000000000e+03,1.166425022347539198e-06,7.927417755126953125e-03,2.991959948815424153e-01
6.147000000000000000e+03,1.165961975857499056e-06,6.449222564697265625e-03,2.973819765280654170e-01
6.148000000000000000e+03,1.165631374533404596e-06,4.696846008300781250e-03,2.977111330841398784e-01
6.149000000000000000e+03,1.165389221569057554e-06,4.446506500244140625e-03,2.870610898475975947e-01
6.150000000000000000e+03,1.164692207566986326e-06,4.971027374267578125e-03,2.904989472110418580e-01
6.151000000000000000e+03,1.164253944807569496e-06,6.699562072753906250e-03,2.944195675233953757e-01
6.152000000000000000e+03,1.163875481324794237e-06,7.438659667968750000e-03,2.965700570230817568e-01
6.153000000000000000e+03,1.163205752163776197e-06,8.249282836914062500e-03,2.994373763559969870e-01
6.154000000000000000e+03,1.162816261057741940e-06,7.927417755126953125e-03,3.004394752044903250e-01
6.155000000000000000e+03,1.162297053269867320e-06,7.247924804687500000e-03,3.042723204352239530e-01
6.156000000000000000e+03,1.161725549536640756e-06,7.140636444091796875e-03,3.085732994345968261e-01
6.157000000000000000e+03,1.161364139079523738e-06,7.116794586181640625e-03,3.147980156394714624e-01
6.158000000000000000e+03,1.160754550255660433e-06,7.319450378417968750e-03,3.191867697204641696e-01
6.159000000000000000e+03,1.160203851213736925e-06,7.522106170654296875e-03,3.255577777280385665e-01
6.160000000000000000e+03,1.168312451227393467e-06,2.861022949218750000e-03,3.072347294398940498e-01
6.161000000000000000e+03,1.160099827757221647e-06,7.057189941406250000e-03,3.237437593745615683e-01
6.162000000000000000e+03,1.159747057499771472e-06,7.605552673339843750e-03,3.297709816457915499e-01
6.163000000000000000e+03,1.159221710622659884e-06,6.878376007080078125e-03,3.329674575347812415e-01
6.164000000000000000e+03,1.158776512966142036e-06,5.733966827392578125e-03,3.296685773839017064e-01
6.165000000000000000e+03,1.158378267973603215e-06,5.233287811279296875e-03,3.274229982124604588e-01
6.166000000000000000e+03,1.158135546575067565e-06,5.125999450683593750e-03,3.272328188689507811e-01
6.167000000000000000e+03,1.157799943030113354e-06,5.495548248291015625e-03,3.279057611613696577e-01
6.168000000000000000e+03,1.157322344624844845e-06,6.127357482910156250e-03,3.299611609893012276e-01
6.169000000000000000e+03,1.156862367679423187e-06,5.435943603515625000e-03,3.319214711454779865e-01
6.170000000000000000e+03,1.156326334239565767e-06,6.282329559326171875e-03,3.328284803222165134e-01
6.171000000000000000e+03,1.155918084805307444e-06,6.687641143798828125e-03,3.335891976962552241e-01
6.172000000000000000e+03,1.155529162133461796e-06,8.547306060791015625e-03,3.371367739117243079e-01
6.173000000000000000e+03,1.154885012510931119e-06,8.213520050048828125e-03,3.345547235940736219e-01
6.174000000000000000e+03,1.153916855400893837e-06,8.034706115722656250e-03,3.313436185248139210e-01
6.175000000000000000e+03,1.152909590018680319e-06,9.143352508544921875e-03,3.321555380297975812e-01
6.176000000000000000e+03,1.157600536316749640e-06,4.470348358154296875e-03,3.430177043802545289e-01
6.177000000000000000e+03,1.152297272710711695e-06,7.951259613037109375e-03,3.349350822810929773e-01
6.178000000000000000e+03,1.151060587289975956e-06,8.881092071533203125e-03,3.373708407960439581e-01
6.179000000000000000e+03,1.150078901446249802e-06,1.105070114135742188e-02,3.433541755264639672e-01
6.180000000000000000e+03,1.149446461568004452e-06,9.572505950927734375e-03,3.446488579803568264e-01
6.181000000000000000e+03,1.149122908827848732e-06,8.320808410644531250e-03,3.463677866620789580e-01
6.182000000000000000e+03,1.148920659943541978e-06,7.498264312744140625e-03,3.460313155158695197e-01
6.183000000000000000e+03,1.148561636910017114e-06,6.318092346191406250e-03,3.463677866620789580e-01
6.184000000000000000e+03,1.148125306826841552e-06,6.222724914550781250e-03,3.456509568288501089e-01
6.185000000000000000e+03,1.147524017142131925e-06,6.568431854248046875e-03,3.450292166673761818e-01
6.186000000000000000e+03,1.147170337389979977e-06,7.414817810058593750e-03,3.472821104289524619e-01
6.187000000000000000e+03,1.146620661529595964e-06,8.487701416015625000e-03,3.522048295897992620e-01
6.188000000000000000e+03,1.146023464571044315e-06,9.453296661376953125e-03,3.584295457946738983e-01
6.189000000000000000e+03,1.145520172940450720e-06,9.632110595703125000e-03,3.631181980712011037e-01
6.190000000000000000e+03,1.145011538028484210e-06,1.055002212524414062e-02,3.678068503477283091e-01
6.191000000000000000e+03,1.145006081060273573e-06,7.820129394531250000e-03,3.654661815045321949e-01
6.192000000000000000e+03,1.144583620771300048e-06,9.191036224365234375e-03,3.666584596965352105e-01
6.193000000000000000e+03,1.144374209616216831e-06,8.344650268554687500e-03,3.642665887223941468e-01
6.194000000000000000e+03,1.144003476838406641e-06,7.355213165283203125e-03,3.623574806971623929e-01
6.195000000000000000e+03,1.143740405495918822e-06,6.687641143798828125e-03,3.623574806971623929e-01
6.196000000000000000e+03,1.143193912866991013e-06,5.924701690673828125e-03,3.664682803530255328e-01
6.197000000000000000e+03,1.142760424954758491e-06,5.483627319335937500e-03,3.711642472196877152e-01
6.198000000000000000e+03,1.144066800407017581e-06,7.557868957519531250e-03,3.840818133980762328e-01
6.199000000000000000e+03,1.142414703281247057e-06,6.079673767089843750e-03,3.748434860575866057e-01
6.200000000000000000e+03,1.144910697803425137e-06,3.039836883544921875e-04,3.858519442107433139e-01
6.201000000000000000e+03,1.141643110713630449e-06,3.969669342041015625e-03,3.784788373546755236e-01
6.202000000000000000e+03,1.142728933700709604e-06,2.288818359375000000e-03,3.839867237263214217e-01
6.203000000000000000e+03,1.141299662776873447e-06,3.385543823242187500e-03,3.803952599700423653e-01
6.204000000000000000e+03,1.140796484833117574e-06,3.039836883544921875e-03,3.780545911268462511e-01
6.205000000000000000e+03,1.140289327850041445e-06,2.372264862060546875e-03,3.714934037757621765e-01
6.206000000000000000e+03,1.140051267611852381e-06,1.704692840576171875e-03,3.683847029683923191e-01
6.207000000000000000e+03,1.139551613960065879e-06,8.225440979003906250e-04,3.627378393841817483e-01
6.208000000000000000e+03,1.139181449616444297e-06,4.887580871582031250e-04,3.594316446431672363e-01
6.209000000000000000e+03,1.138848119808244519e-06,1.060962677001953125e-03,3.581881643202192711e-01
6.210000000000000000e+03,1.138340280704142060e-06,2.169609069824218750e-03,3.579540974358996763e-01
6.211000000000000000e+03,1.137795720751455519e-06,3.206729888916015625e-03,3.606312374253052289e-01
6.212000000000000000e+03,1.137202502832224127e-06,4.744529724121093750e-03,3.643104762632041194e-01
6.213000000000000000e+03,1.136777541432820726e-06,5.292892456054687500e-03,3.686626573935218865e-01
6.214000000000000000e+03,1.136524929279403295e-06,5.722045898437500000e-03,3.721663460681810531e-01
6.215000000000000000e+03,1.136280047830950934e-06,5.638599395751953125e-03,3.736000057346386405e-01
6.216000000000000000e+03,1.136098035203758627e-06,6.628036499023437500e-03,3.714934037757621765e-01
6.217000000000000000e+03,1.135926140705123544e-06,5.912780761718750000e-03,3.713544265631973929e-01
6.218000000000000000e+03,1.135825868914253078e-06,5.769729614257812500e-03,3.711130450887428212e-01
6.219000000000000000e+03,1.135722527578764129e-06,5.686283111572265625e-03,3.708204614833432999e-01
6.220000000000000000e+03,1.135743673330580350e-06,5.602836608886718750e-03,3.705790800088887282e-01
6.221000000000000000e+03,1.135791308115585707e-06,5.674362182617187500e-03,3.707692593523983504e-01
6.222000000000000000e+03,1.135738898483396042e-06,5.686283111572265625e-03,3.708204614833432999e-01
6.223000000000000000e+03,1.135727984546974767e-06,5.686283111572265625e-03,3.708204614833432999e-01
6.224000000000000000e+03,1.135722527578764129e-06,5.686283111572265625e-03,3.708204614833432999e-01
