Iter,Loss,L2
1.000000000000000000e+00,3.421220183372497559e-01,1.000000000000000000e+02,2.212770271301269531e+01
2.000000000000000000e+00,3.053340613842010498e-01,1.000001220703125000e+02,2.212770271301269531e+01
3.000000000000000000e+00,2.213904261589050293e-01,1.000239105224609375e+02,2.212759399414062500e+01
4.000000000000000000e+00,2.439498454332351685e-01,1.002227554321289062e+02,2.212588882446289062e+01
5.000000000000000000e+00,2.153184860944747925e-01,1.000839691162109375e+02,2.212707328796386719e+01
6.000000000000000000e+00,2.135141789913177490e-01,1.001501770019531250e+02,2.212651824951171875e+01
7.000000000000000000e+00,1.959373950958251953e-01,1.009911804199218750e+02,2.211924743652343750e+01
8.000000000000000000e+00,1.871270835399627686e-01,1.040917968750000000e+02,2.209190559387207031e+01
9.000000000000000000e+00,1.729787439107894897e-01,1.028551483154296875e+02,2.210278892517089844e+01
1.000000000000000000e+01,1.551983505487442017e-01,1.038328781127929688e+02,2.209907341003417969e+01
1.100000000000000000e+01,1.455805599689483643e-01,1.078144531250000000e+02,2.210286331176757812e+01
1.200000000000000000e+01,1.201764047145843506e-01,1.060851440429687500e+02,2.210123062133789062e+01
1.300000000000000000e+01,1.097447052597999573e-01,1.061512680053710938e+02,2.212428665161132812e+01
1.400000000000000000e+01,1.014263555407524109e-01,1.065298461914062500e+02,2.217852401733398438e+01
1.500000000000000000e+01,9.643092006444931030e-02,1.054798355102539062e+02,2.235302925109863281e+01
1.600000000000000000e+01,9.184344112873077393e-02,1.025721206665039062e+02,2.265213775634765625e+01
1.700000000000000000e+01,8.619831502437591553e-02,9.704786682128906250e+01,2.320614433288574219e+01
1.800000000000000000e+01,7.848454266786575317e-02,8.739475250244140625e+01,2.421734237670898438e+01
1.900000000000000000e+01,7.220435142517089844e-02,8.565306854248046875e+01,2.449024963378906250e+01
2.000000000000000000e+01,7.109376043081283569e-02,8.879570770263671875e+01,2.419384956359863281e+01
2.100000000000000000e+01,7.011014223098754883e-02,8.781717681884765625e+01,2.433025169372558594e+01
2.200000000000000000e+01,6.790275871753692627e-02,8.701207733154296875e+01,2.460023880004882812e+01
2.300000000000000000e+01,6.472828239202499390e-02,8.764363861083984375e+01,2.487922477722167969e+01
2.400000000000000000e+01,6.059278920292854309e-02,8.981561279296875000e+01,2.550883674621582031e+01
2.500000000000000000e+01,5.426805093884468079e-02,8.995151519775390625e+01,2.579097366333007812e+01
2.600000000000000000e+01,4.687905311584472656e-02,9.338663482666015625e+01,2.693719291687011719e+01
2.700000000000000000e+01,5.568690598011016846e-02,9.009022521972656250e+01,2.651518630981445312e+01
2.800000000000000000e+01,4.447007179260253906e-02,9.245699310302734375e+01,2.681843376159667969e+01
2.900000000000000000e+01,4.612264782190322876e-02,8.997911071777343750e+01,2.672125053405761719e+01
3.000000000000000000e+01,4.263205081224441528e-02,9.140049743652343750e+01,2.677700233459472656e+01
3.100000000000000000e+01,4.219488427042961121e-02,9.094516754150390625e+01,2.666879081726074219e+01
3.200000000000000000e+01,4.183657467365264893e-02,9.080054473876953125e+01,2.675758361816406250e+01
3.300000000000000000e+01,4.083571583032608032e-02,9.099058532714843750e+01,2.689432716369628906e+01
3.400000000000000000e+01,3.854972496628761292e-02,9.151105499267578125e+01,2.715005493164062500e+01
3.500000000000000000e+01,3.749774396419525146e-02,9.263723754882812500e+01,2.729553222656250000e+01
3.600000000000000000e+01,3.721255064010620117e-02,9.248493957519531250e+01,2.722876739501953125e+01
3.700000000000000000e+01,3.685938939452171326e-02,9.262380981445312500e+01,2.717708015441894531e+01
3.800000000000000000e+01,3.671266138553619385e-02,9.255789184570312500e+01,2.722515487670898438e+01
3.900000000000000000e+01,3.647201135754585266e-02,9.259655761718750000e+01,2.726123619079589844e+01
4.000000000000000000e+01,3.590244054794311523e-02,9.270777893066406250e+01,2.737484550476074219e+01
4.100000000000000000e+01,3.555531427264213562e-02,9.256476593017578125e+01,2.742791557312011719e+01
4.200000000000000000e+01,3.511133417487144470e-02,9.224847412109375000e+01,2.760197830200195312e+01
4.300000000000000000e+01,3.482868894934654236e-02,9.195105743408203125e+01,2.776494979858398438e+01
4.400000000000000000e+01,3.448401018977165222e-02,9.153889465332031250e+01,2.806742858886718750e+01
4.500000000000000000e+01,3.405699506402015686e-02,9.108625030517578125e+01,2.834506034851074219e+01
4.600000000000000000e+01,3.357156738638877869e-02,9.052689361572265625e+01,2.898131942749023438e+01
4.700000000000000000e+01,3.304554522037506104e-02,9.031316375732421875e+01,2.906995964050292969e+01
4.800000000000000000e+01,3.276498615741729736e-02,8.965963745117187500e+01,2.921234321594238281e+01
4.900000000000000000e+01,3.250213339924812317e-02,8.887355041503906250e+01,2.927779579162597656e+01
5.000000000000000000e+01,3.220213949680328369e-02,8.708038330078125000e+01,2.925755691528320312e+01
5.100000000000000000e+01,3.199709206819534302e-02,8.701707458496093750e+01,2.914716339111328125e+01
5.200000000000000000e+01,3.195427358150482178e-02,8.704879760742187500e+01,2.913739967346191406e+01
5.300000000000000000e+01,3.192330896854400635e-02,8.697454833984375000e+01,2.905301094055175781e+01
5.400000000000000000e+01,3.185104951262474060e-02,8.681148529052734375e+01,2.908253288269042969e+01
5.500000000000000000e+01,3.152619674801826477e-02,8.606138610839843750e+01,2.922404670715332031e+01
5.600000000000000000e+01,3.110811114311218262e-02,8.497075653076171875e+01,2.941817665100097656e+01
5.700000000000000000e+01,3.059363365173339844e-02,8.446442413330078125e+01,2.975139236450195312e+01
5.800000000000000000e+01,2.975818142294883728e-02,8.371138763427734375e+01,3.053958511352539062e+01
5.900000000000000000e+01,2.919310703873634338e-02,8.352905273437500000e+01,3.131977272033691406e+01
6.000000000000000000e+01,2.899177931249141693e-02,8.218128204345703125e+01,3.213238525390625000e+01
6.100000000000000000e+01,2.867739088833332062e-02,8.272796630859375000e+01,3.180392646789550781e+01
6.200000000000000000e+01,2.784158848226070404e-02,8.115674591064453125e+01,3.237811279296875000e+01
6.300000000000000000e+01,2.785208448767662048e-02,8.096826934814453125e+01,3.210483932495117188e+01
6.400000000000000000e+01,2.759537845849990845e-02,8.106356048583984375e+01,3.224312973022460938e+01
6.500000000000000000e+01,2.745111472904682159e-02,8.042479705810546875e+01,3.239929580688476562e+01
6.600000000000000000e+01,2.739469148218631744e-02,8.077753448486328125e+01,3.230620193481445312e+01
6.700000000000000000e+01,2.733488194644451141e-02,8.093009948730468750e+01,3.231152725219726562e+01
6.800000000000000000e+01,2.723109908401966095e-02,8.106083679199218750e+01,3.234031677246093750e+01
6.900000000000000000e+01,2.690783888101577759e-02,8.089189910888671875e+01,3.262787246704101562e+01
7.000000000000000000e+01,2.669771201908588409e-02,8.052288818359375000e+01,3.306834030151367188e+01
7.100000000000000000e+01,2.638309448957443237e-02,8.010415649414062500e+01,3.307564926147460938e+01
7.200000000000000000e+01,2.626154012978076935e-02,7.990048217773437500e+01,3.293880081176757812e+01
7.300000000000000000e+01,2.610596455633640289e-02,7.927767944335937500e+01,3.313141632080078125e+01
7.400000000000000000e+01,2.605655603110790253e-02,7.903977966308593750e+01,3.317715072631835938e+01
7.500000000000000000e+01,2.601335570216178894e-02,7.857960510253906250e+01,3.326913833618164062e+01
7.600000000000000000e+01,2.596805244684219360e-02,7.827833557128906250e+01,3.327638626098632812e+01
7.700000000000000000e+01,2.587840147316455841e-02,7.773007965087890625e+01,3.329732894897460938e+01
7.800000000000000000e+01,2.571051381528377533e-02,7.700261688232421875e+01,3.332066345214843750e+01
7.900000000000000000e+01,2.526604570448398590e-02,7.531726837158203125e+01,3.350031661987304688e+01
8.000000000000000000e+01,2.475357241928577423e-02,7.319511413574218750e+01,3.369444656372070312e+01
8.100000000000000000e+01,2.447105757892131805e-02,7.299919128417968750e+01,3.403512954711914062e+01
8.200000000000000000e+01,2.401761338114738464e-02,7.468929290771484375e+01,3.374906539916992188e+01
8.300000000000000000e+01,2.377466484904289246e-02,7.495568847656250000e+01,3.389542388916015625e+01
8.400000000000000000e+01,2.360696345567703247e-02,7.529782867431640625e+01,3.400367355346679688e+01
8.500000000000000000e+01,2.353009954094886780e-02,7.570864105224609375e+01,3.406434631347656250e+01
8.600000000000000000e+01,2.344671823084354401e-02,7.561260986328125000e+01,3.414113998413085938e+01
8.700000000000000000e+01,2.322397008538246155e-02,7.546212768554687500e+01,3.424701309204101562e+01
8.800000000000000000e+01,2.273275144398212433e-02,7.473348236083984375e+01,3.435775756835937500e+01
8.900000000000000000e+01,2.233387902379035950e-02,7.330455017089843750e+01,3.439940643310546875e+01
9.000000000000000000e+01,2.197365835309028625e-02,7.271983337402343750e+01,3.405591964721679688e+01
9.100000000000000000e+01,2.166186645627021790e-02,7.254233551025390625e+01,3.395676422119140625e+01
9.200000000000000000e+01,2.155757136642932892e-02,7.196089172363281250e+01,3.411758804321289062e+01
9.300000000000000000e+01,2.151746116578578949e-02,7.190717315673828125e+01,3.413545608520507812e+01
9.400000000000000000e+01,2.143449522554874420e-02,7.170530700683593750e+01,3.416541290283203125e+01
9.500000000000000000e+01,2.122027426958084106e-02,7.116217041015625000e+01,3.426958465576171875e+01
9.600000000000000000e+01,2.086691930890083313e-02,7.053047180175781250e+01,3.432961273193359375e+01
9.700000000000000000e+01,2.033706568181514740e-02,6.866892242431640625e+01,3.451807022094726562e+01
9.800000000000000000e+01,2.005235850811004639e-02,6.857551574707031250e+01,3.447225189208984375e+01
9.900000000000000000e+01,1.960714533925056458e-02,6.828041076660156250e+01,3.421458816528320312e+01
1.000000000000000000e+02,1.950943656265735626e-02,6.848928833007812500e+01,3.427319335937500000e+01
1.010000000000000000e+02,1.932759210467338562e-02,6.784780883789062500e+01,3.434182357788085938e+01
1.020000000000000000e+02,1.926685124635696411e-02,6.780154418945312500e+01,3.433023071289062500e+01
1.030000000000000000e+02,1.916308328509330750e-02,6.740007781982421875e+01,3.432563018798828125e+01
1.040000000000000000e+02,1.892845332622528076e-02,6.659145355224609375e+01,3.429916381835937500e+01
1.050000000000000000e+02,1.871392503380775452e-02,6.479177856445312500e+01,3.415021133422851562e+01
1.060000000000000000e+02,1.843135803937911987e-02,6.459326934814453125e+01,3.409194183349609375e+01
1.070000000000000000e+02,1.820103451609611511e-02,6.381844711303710938e+01,3.410089492797851562e+01
1.080000000000000000e+02,1.805325224995613098e-02,6.337562942504882812e+01,3.404019546508789062e+01
1.090000000000000000e+02,1.796708628535270691e-02,6.255464553833007812e+01,3.398299407958984375e+01
1.100000000000000000e+02,1.787644624710083008e-02,6.196715164184570312e+01,3.390345764160156250e+01
1.110000000000000000e+02,1.770005188882350922e-02,6.095397567749023438e+01,3.392157745361328125e+01
1.120000000000000000e+02,1.726399548351764679e-02,5.920282745361328125e+01,3.383064651489257812e+01
1.130000000000000000e+02,1.690959557890892029e-02,5.878694152832031250e+01,3.379090499877929688e+01
1.140000000000000000e+02,1.655764132738113403e-02,5.913071060180664062e+01,3.357473754882812500e+01
1.150000000000000000e+02,1.647350750863552094e-02,5.914788055419921875e+01,3.341071319580078125e+01
1.160000000000000000e+02,1.646638661623001099e-02,6.003665161132812500e+01,3.334025192260742188e+01
1.170000000000000000e+02,1.638380065560340881e-02,5.996086120605468750e+01,3.339163208007812500e+01
1.180000000000000000e+02,1.635380834341049194e-02,5.961042785644531250e+01,3.340077209472656250e+01
1.190000000000000000e+02,1.629454642534255981e-02,5.947945022583007812e+01,3.339937591552734375e+01
1.200000000000000000e+02,1.670450717210769653e-02,5.887656784057617188e+01,3.345724868774414062e+01
1.210000000000000000e+02,1.621906645596027374e-02,5.922639465332031250e+01,3.342366790771484375e+01
1.220000000000000000e+02,1.615827158093452454e-02,5.935225677490234375e+01,3.344055175781250000e+01
1.230000000000000000e+02,1.606443338096141815e-02,5.907473754882812500e+01,3.343385696411132812e+01
1.240000000000000000e+02,1.595651730895042419e-02,5.872574996948242188e+01,3.343605041503906250e+01
1.250000000000000000e+02,1.584086567163467407e-02,5.775983428955078125e+01,3.339699935913085938e+01
1.260000000000000000e+02,1.576983183622360229e-02,5.762905883789062500e+01,3.332327651977539062e+01
1.270000000000000000e+02,1.572798751294612885e-02,5.764937591552734375e+01,3.333423995971679688e+01
1.280000000000000000e+02,1.570024527609348297e-02,5.752698135375976562e+01,3.331342315673828125e+01
1.290000000000000000e+02,1.566440798342227936e-02,5.748536682128906250e+01,3.326688003540039062e+01
1.300000000000000000e+02,1.556655764579772949e-02,5.731867599487304688e+01,3.319674682617187500e+01
1.310000000000000000e+02,1.535942684859037399e-02,5.682419967651367188e+01,3.302600860595703125e+01
1.320000000000000000e+02,1.507596578449010849e-02,5.586243820190429688e+01,3.291420745849609375e+01
1.330000000000000000e+02,1.489436440169811249e-02,5.488354110717773438e+01,3.290483474731445312e+01
1.340000000000000000e+02,1.475392095744609833e-02,5.483296966552734375e+01,3.297585678100585938e+01
1.350000000000000000e+02,1.466283947229385376e-02,5.450561523437500000e+01,3.296166229248046875e+01
1.360000000000000000e+02,1.461979374289512634e-02,5.403178787231445312e+01,3.296444320678710938e+01
1.370000000000000000e+02,1.458834577351808548e-02,5.389348220825195312e+01,3.301968383789062500e+01
1.380000000000000000e+02,1.455142907798290253e-02,5.373541259765625000e+01,3.299425888061523438e+01
1.390000000000000000e+02,1.441659778356552124e-02,5.307776260375976562e+01,3.292018890380859375e+01
1.400000000000000000e+02,1.392471045255661011e-02,5.024901580810546875e+01,3.238198471069335938e+01
1.410000000000000000e+02,1.439716480672359467e-02,4.695610809326171875e+01,3.161069679260253906e+01
1.420000000000000000e+02,1.367638912051916122e-02,4.898343658447265625e+01,3.208657455444335938e+01
1.430000000000000000e+02,1.331958360970020294e-02,4.953512573242187500e+01,3.190206527709960938e+01
1.440000000000000000e+02,1.323246303945779800e-02,4.880276870727539062e+01,3.153858757019042969e+01
1.450000000000000000e+02,1.305682025849819183e-02,4.993704605102539062e+01,3.157070922851562500e+01
1.460000000000000000e+02,1.303844340145587921e-02,5.005533599853515625e+01,3.152422332763671875e+01
1.470000000000000000e+02,1.294188760221004486e-02,4.944629669189453125e+01,3.151227188110351562e+01
1.480000000000000000e+02,1.285979896783828735e-02,4.921755981445312500e+01,3.146446990966796875e+01
1.490000000000000000e+02,1.269953139126300812e-02,4.875068664550781250e+01,3.134802818298339844e+01
1.500000000000000000e+02,1.252660155296325684e-02,4.753247070312500000e+01,3.106296348571777344e+01
1.510000000000000000e+02,1.241625566035509109e-02,4.795309448242187500e+01,3.116151428222656250e+01
1.520000000000000000e+02,1.219195313751697540e-02,4.835306549072265625e+01,3.112227058410644531e+01
1.530000000000000000e+02,1.206100918352603912e-02,4.862524414062500000e+01,3.108186721801757812e+01
1.540000000000000000e+02,1.198805496096611023e-02,4.849877929687500000e+01,3.111383056640625000e+01
1.550000000000000000e+02,1.195019856095314026e-02,4.886279678344726562e+01,3.117789268493652344e+01
1.560000000000000000e+02,1.190357934683561325e-02,4.885460281372070312e+01,3.115747642517089844e+01
1.570000000000000000e+02,1.183031406253576279e-02,4.846789932250976562e+01,3.109753990173339844e+01
1.580000000000000000e+02,1.175726298242807388e-02,4.829895401000976562e+01,3.107946777343750000e+01
1.590000000000000000e+02,1.164396107196807861e-02,4.771714782714843750e+01,3.090473747253417969e+01
1.600000000000000000e+02,1.154848933219909668e-02,4.784791946411132812e+01,3.085012435913085938e+01
1.610000000000000000e+02,1.148196868598461151e-02,4.783665084838867188e+01,3.063847732543945312e+01
1.620000000000000000e+02,1.143929176032543182e-02,4.790374755859375000e+01,3.048633384704589844e+01
1.630000000000000000e+02,1.139860413968563080e-02,4.794381332397460938e+01,3.039365768432617188e+01
1.640000000000000000e+02,1.128251012414693832e-02,4.784243011474609375e+01,3.011563110351562500e+01
1.650000000000000000e+02,1.110618840903043747e-02,4.772949981689453125e+01,2.971402931213378906e+01
1.660000000000000000e+02,1.093716360628604889e-02,4.736630249023437500e+01,2.934463691711425781e+01
1.670000000000000000e+02,1.079258508980274200e-02,4.726240539550781250e+01,2.924929046630859375e+01
1.680000000000000000e+02,1.073072850704193115e-02,4.672153472900390625e+01,2.918732833862304688e+01
1.690000000000000000e+02,1.070831622928380966e-02,4.635374450683593750e+01,2.921473693847656250e+01
1.700000000000000000e+02,1.069550309330224991e-02,4.623517990112304688e+01,2.920275688171386719e+01
1.710000000000000000e+02,1.068202685564756393e-02,4.606199264526367188e+01,2.914263534545898438e+01
1.720000000000000000e+02,1.067165471613407135e-02,4.598448944091796875e+01,2.909396553039550781e+01
1.730000000000000000e+02,1.065746322274208069e-02,4.592267990112304688e+01,2.901229858398437500e+01
1.740000000000000000e+02,1.060182787477970123e-02,4.584367370605468750e+01,2.879057884216308594e+01
1.750000000000000000e+02,1.048514712601900101e-02,4.533324813842773438e+01,2.821990013122558594e+01
1.760000000000000000e+02,1.030734926462173462e-02,4.485673141479492188e+01,2.752402114868164062e+01
1.770000000000000000e+02,1.016305014491081238e-02,4.361821365356445312e+01,2.660508155822753906e+01
1.780000000000000000e+02,1.007202081382274628e-02,4.281765747070312500e+01,2.652367019653320312e+01
1.790000000000000000e+02,9.984692558646202087e-03,4.325119400024414062e+01,2.666836738586425781e+01
1.800000000000000000e+02,9.967090561985969543e-03,4.291073608398437500e+01,2.670119476318359375e+01
1.810000000000000000e+02,9.942091070115566254e-03,4.269169998168945312e+01,2.667892837524414062e+01
1.820000000000000000e+02,9.928739629685878754e-03,4.261886596679687500e+01,2.674103164672851562e+01
1.830000000000000000e+02,9.910732507705688477e-03,4.242994308471679688e+01,2.679274368286132812e+01
1.840000000000000000e+02,9.866700507700443268e-03,4.219805526733398438e+01,2.684641838073730469e+01
1.850000000000000000e+02,9.809962473809719086e-03,4.198830032348632812e+01,2.681148338317871094e+01
1.860000000000000000e+02,9.711597114801406860e-03,4.179199981689453125e+01,2.663850212097167969e+01
1.870000000000000000e+02,9.541365318000316620e-03,4.184075546264648438e+01,2.627920150756835938e+01
1.880000000000000000e+02,9.378336369991302490e-03,4.216249084472656250e+01,2.588188552856445312e+01
1.890000000000000000e+02,9.266160428524017334e-03,4.237235260009765625e+01,2.546456146240234375e+01
1.900000000000000000e+02,9.198609739542007446e-03,4.226427841186523438e+01,2.486446571350097656e+01
1.910000000000000000e+02,9.228084236383438110e-03,4.212728881835937500e+01,2.448215293884277344e+01
1.920000000000000000e+02,9.164755232632160187e-03,4.220629882812500000e+01,2.470289230346679688e+01
1.930000000000000000e+02,9.135236963629722595e-03,4.197215270996093750e+01,2.428975677490234375e+01
1.940000000000000000e+02,9.108780883252620697e-03,4.191655349731445312e+01,2.396385574340820312e+01
1.950000000000000000e+02,9.086804464459419250e-03,4.175555038452148438e+01,2.366673660278320312e+01
1.960000000000000000e+02,9.060557931661605835e-03,4.173874282836914062e+01,2.338696861267089844e+01
1.970000000000000000e+02,9.030423127114772797e-03,4.148452758789062500e+01,2.285648345947265625e+01
1.980000000000000000e+02,8.973710238933563232e-03,4.134321975708007812e+01,2.252726173400878906e+01
1.990000000000000000e+02,8.890284225344657898e-03,4.072303771972656250e+01,2.168517112731933594e+01
2.000000000000000000e+02,8.742108941078186035e-03,3.960094451904296875e+01,2.105882263183593750e+01
2.010000000000000000e+02,8.605928160250186920e-03,3.839854049682617188e+01,2.071738433837890625e+01
2.020000000000000000e+02,8.583878166973590851e-03,3.686385726928710938e+01,2.016034889221191406e+01
2.030000000000000000e+02,8.525208570063114166e-03,3.751434707641601562e+01,2.039691734313964844e+01
2.040000000000000000e+02,8.419871330261230469e-03,3.657891082763671875e+01,1.982683944702148438e+01
2.050000000000000000e+02,9.088966064155101776e-03,3.621551895141601562e+01,2.150204849243164062e+01
2.060000000000000000e+02,8.330555632710456848e-03,3.648698425292968750e+01,2.025394630432128906e+01
2.070000000000000000e+02,8.229382336139678955e-03,3.600152587890625000e+01,2.026622772216796875e+01
2.080000000000000000e+02,8.181749843060970306e-03,3.565720748901367188e+01,2.016792678833007812e+01
2.090000000000000000e+02,8.093846961855888367e-03,3.567892456054687500e+01,2.020727157592773438e+01
2.100000000000000000e+02,7.994712330400943756e-03,3.496605682373046875e+01,2.009012031555175781e+01
2.110000000000000000e+02,7.873572409152984619e-03,3.507807922363281250e+01,2.027402496337890625e+01
2.120000000000000000e+02,7.830033078789710999e-03,3.482698822021484375e+01,2.034827423095703125e+01
2.130000000000000000e+02,7.802564185112714767e-03,3.508628463745117188e+01,2.050209999084472656e+01
2.140000000000000000e+02,7.771455682814121246e-03,3.547335433959960938e+01,2.064325714111328125e+01
2.150000000000000000e+02,7.748504169285297394e-03,3.554653549194335938e+01,2.078495597839355469e+01
2.160000000000000000e+02,7.724057883024215698e-03,3.561608886718750000e+01,2.091614341735839844e+01
2.170000000000000000e+02,7.658381015062332153e-03,3.550080490112304688e+01,2.120609474182128906e+01
2.180000000000000000e+02,7.604705169796943665e-03,3.487068557739257812e+01,2.140421676635742188e+01
2.190000000000000000e+02,7.556102238595485687e-03,3.463020324707031250e+01,2.142981147766113281e+01
2.200000000000000000e+02,7.495701313018798828e-03,3.407224273681640625e+01,2.137089920043945312e+01
2.210000000000000000e+02,7.427521049976348877e-03,3.359696197509765625e+01,2.104602241516113281e+01
2.220000000000000000e+02,7.312607951462268829e-03,3.332452011108398438e+01,2.076618003845214844e+01
2.230000000000000000e+02,7.106640841811895370e-03,3.194001388549804688e+01,2.009533691406250000e+01
2.240000000000000000e+02,6.999610923230648041e-03,3.211113739013671875e+01,1.981919670104980469e+01
2.250000000000000000e+02,6.921361666172742844e-03,3.192866516113281250e+01,1.976033592224121094e+01
2.260000000000000000e+02,6.881758570671081543e-03,3.097721862792968750e+01,1.944566917419433594e+01
2.270000000000000000e+02,6.856412626802921295e-03,3.080155944824218750e+01,1.959626197814941406e+01
2.280000000000000000e+02,6.846049800515174866e-03,3.069124221801757812e+01,1.949493980407714844e+01
2.290000000000000000e+02,6.821593269705772400e-03,3.067622756958007812e+01,1.955315017700195312e+01
2.300000000000000000e+02,6.804740522056818008e-03,3.034399223327636719e+01,1.956389617919921875e+01
2.310000000000000000e+02,6.784517318010330200e-03,2.989059066772460938e+01,1.957052230834960938e+01
2.320000000000000000e+02,6.757635623216629028e-03,2.947888946533203125e+01,1.967201232910156250e+01
2.330000000000000000e+02,6.716152653098106384e-03,2.897911643981933594e+01,1.970445251464843750e+01
2.340000000000000000e+02,6.616993807256221771e-03,2.806063842773437500e+01,1.986941909790039062e+01
2.350000000000000000e+02,6.468270905315876007e-03,2.689162445068359375e+01,1.985443878173828125e+01
2.360000000000000000e+02,6.359770428389310837e-03,2.572313499450683594e+01,1.988894081115722656e+01
2.370000000000000000e+02,6.323304958641529083e-03,2.562853050231933594e+01,1.945527267456054688e+01
2.380000000000000000e+02,6.211731117218732834e-03,2.569708824157714844e+01,1.915972900390625000e+01
2.390000000000000000e+02,6.145393475890159607e-03,2.595804977416992188e+01,1.907055473327636719e+01
2.400000000000000000e+02,6.086035631597042084e-03,2.541876983642578125e+01,1.914284515380859375e+01
2.410000000000000000e+02,6.022783461958169937e-03,2.511725997924804688e+01,1.910038375854492188e+01
2.420000000000000000e+02,5.946468561887741089e-03,2.464584159851074219e+01,1.869769477844238281e+01
2.430000000000000000e+02,5.932811181992292404e-03,2.558451271057128906e+01,1.876426506042480469e+01
2.440000000000000000e+02,5.888722836971282959e-03,2.525620460510253906e+01,1.864549064636230469e+01
2.450000000000000000e+02,5.878981202840805054e-03,2.524288368225097656e+01,1.864758872985839844e+01
2.460000000000000000e+02,5.865145474672317505e-03,2.520269775390625000e+01,1.864546012878417969e+01
2.470000000000000000e+02,5.840826313942670822e-03,2.511432838439941406e+01,1.859687805175781250e+01
2.480000000000000000e+02,5.783995613455772400e-03,2.501762580871582031e+01,1.858333015441894531e+01
2.490000000000000000e+02,5.623815581202507019e-03,2.414963150024414062e+01,1.832162857055664062e+01
2.500000000000000000e+02,5.448212381452322006e-03,2.350949668884277344e+01,1.803001976013183594e+01
2.510000000000000000e+02,5.299931392073631287e-03,2.240186309814453125e+01,1.773709106445312500e+01
2.520000000000000000e+02,5.204661749303340912e-03,2.176924324035644531e+01,1.732560157775878906e+01
2.530000000000000000e+02,5.165154114365577698e-03,2.203572463989257812e+01,1.743252563476562500e+01
2.540000000000000000e+02,5.113112740218639374e-03,2.149293518066406250e+01,1.731449127197265625e+01
2.550000000000000000e+02,5.092623643577098846e-03,2.142588424682617188e+01,1.722994804382324219e+01
2.560000000000000000e+02,5.078304558992385864e-03,2.130604934692382812e+01,1.727007675170898438e+01
2.570000000000000000e+02,5.069036036729812622e-03,2.135435867309570312e+01,1.728616714477539062e+01
2.580000000000000000e+02,5.057419650256633759e-03,2.147249031066894531e+01,1.734290695190429688e+01
2.590000000000000000e+02,5.031584762036800385e-03,2.150795364379882812e+01,1.738133049011230469e+01
2.600000000000000000e+02,4.970345180481672287e-03,2.162275314331054688e+01,1.745618057250976562e+01
2.610000000000000000e+02,4.911688156425952911e-03,2.157087898254394531e+01,1.750576019287109375e+01
2.620000000000000000e+02,4.851211793720722198e-03,2.157700729370117188e+01,1.751126861572265625e+01
2.630000000000000000e+02,4.787093028426170349e-03,2.136552429199218750e+01,1.736658477783203125e+01
2.640000000000000000e+02,4.715477116405963898e-03,2.109939384460449219e+01,1.711047172546386719e+01
2.650000000000000000e+02,4.637402482330799103e-03,2.066916847229003906e+01,1.676577949523925781e+01
2.660000000000000000e+02,4.582273773849010468e-03,2.021381187438964844e+01,1.642326545715332031e+01
2.670000000000000000e+02,4.561306908726692200e-03,1.968959045410156250e+01,1.612588500976562500e+01
2.680000000000000000e+02,4.548685159534215927e-03,1.974299621582031250e+01,1.601574134826660156e+01
2.690000000000000000e+02,4.541823640465736389e-03,1.968132781982421875e+01,1.599194717407226562e+01
2.700000000000000000e+02,4.537624306976795197e-03,1.984490203857421875e+01,1.604817390441894531e+01
2.710000000000000000e+02,4.535005427896976471e-03,1.982507705688476562e+01,1.601582145690917969e+01
2.720000000000000000e+02,4.528556019067764282e-03,1.982234191894531250e+01,1.598173522949218750e+01
2.730000000000000000e+02,4.496372304856777191e-03,1.973868560791015625e+01,1.588633251190185547e+01
2.740000000000000000e+02,4.439466632902622223e-03,1.947044181823730469e+01,1.567679023742675781e+01
2.750000000000000000e+02,4.348850809037685394e-03,1.889290809631347656e+01,1.552300930023193359e+01
2.760000000000000000e+02,4.261695314198732376e-03,1.810107231140136719e+01,1.515662097930908203e+01
2.770000000000000000e+02,4.166871309280395508e-03,1.814339828491210938e+01,1.547917270660400391e+01
2.780000000000000000e+02,4.096526652574539185e-03,1.775203895568847656e+01,1.554959011077880859e+01
2.790000000000000000e+02,4.058817401528358459e-03,1.782420921325683594e+01,1.567156028747558594e+01
2.800000000000000000e+02,4.042039159685373306e-03,1.796199035644531250e+01,1.562912940979003906e+01
2.810000000000000000e+02,4.030088894069194794e-03,1.808157539367675781e+01,1.564493465423583984e+01
2.820000000000000000e+02,4.025427624583244324e-03,1.827780532836914062e+01,1.564191436767578125e+01
2.830000000000000000e+02,4.019964486360549927e-03,1.838293647766113281e+01,1.560063076019287109e+01
2.840000000000000000e+02,4.006504081189632416e-03,1.867754364013671875e+01,1.555309295654296875e+01
2.850000000000000000e+02,3.985980991274118423e-03,1.899615478515625000e+01,1.548529434204101562e+01
2.860000000000000000e+02,3.949744626879692078e-03,1.930085372924804688e+01,1.548058414459228516e+01
2.870000000000000000e+02,3.885749960318207741e-03,1.956822204589843750e+01,1.540570449829101562e+01
2.880000000000000000e+02,3.789793932810425758e-03,1.959285163879394531e+01,1.545425796508789062e+01
2.890000000000000000e+02,3.757637925446033478e-03,1.913418197631835938e+01,1.541244125366210938e+01
2.900000000000000000e+02,3.699036082252860069e-03,1.913883018493652344e+01,1.550830650329589844e+01
2.910000000000000000e+02,3.672720398753881454e-03,1.887074661254882812e+01,1.545877933502197266e+01
2.920000000000000000e+02,3.651130478829145432e-03,1.883346939086914062e+01,1.550101375579833984e+01
2.930000000000000000e+02,3.631504252552986145e-03,1.902647018432617188e+01,1.557873821258544922e+01
2.940000000000000000e+02,3.615870606154203415e-03,1.946839714050292969e+01,1.576331424713134766e+01
2.950000000000000000e+02,3.606249811127781868e-03,1.957022476196289062e+01,1.588886260986328125e+01
2.960000000000000000e+02,3.599431831389665604e-03,1.964518356323242188e+01,1.600793647766113281e+01
2.970000000000000000e+02,3.591553773730993271e-03,1.958608627319335938e+01,1.607147216796875000e+01
2.980000000000000000e+02,3.571427892893552780e-03,1.944536018371582031e+01,1.609900283813476562e+01
2.990000000000000000e+02,3.512407420203089714e-03,1.914689636230468750e+01,1.605045700073242188e+01
3.000000000000000000e+02,3.427503164857625961e-03,1.883963966369628906e+01,1.590285491943359375e+01
3.010000000000000000e+02,3.288730513304471970e-03,1.848706054687500000e+01,1.546849346160888672e+01
3.020000000000000000e+02,3.184412606060504913e-03,1.842106628417968750e+01,1.531865310668945312e+01
3.030000000000000000e+02,3.116200445219874382e-03,1.850901222229003906e+01,1.507460880279541016e+01
3.040000000000000000e+02,3.085788339376449585e-03,1.820232772827148438e+01,1.517332839965820312e+01
3.050000000000000000e+02,3.066971199586987495e-03,1.779084205627441406e+01,1.534530067443847656e+01
3.060000000000000000e+02,3.057692199945449829e-03,1.718219566345214844e+01,1.538371753692626953e+01
3.070000000000000000e+02,3.052510786801576614e-03,1.712016487121582031e+01,1.544845104217529297e+01
3.080000000000000000e+02,3.048534505069255829e-03,1.712620162963867188e+01,1.552563476562500000e+01
3.090000000000000000e+02,3.043974284082651138e-03,1.714133071899414062e+01,1.555567550659179688e+01
3.100000000000000000e+02,3.038121853023767471e-03,1.715773391723632812e+01,1.558940219879150391e+01
3.110000000000000000e+02,3.030129941180348396e-03,1.714749336242675781e+01,1.561858081817626953e+01
3.120000000000000000e+02,3.008138854056596756e-03,1.705374717712402344e+01,1.557998943328857422e+01
3.130000000000000000e+02,2.961362246423959732e-03,1.677825546264648438e+01,1.547796535491943359e+01
3.140000000000000000e+02,2.933392766863107681e-03,1.611288833618164062e+01,1.499167633056640625e+01
3.150000000000000000e+02,2.868724288418889046e-03,1.637288856506347656e+01,1.513145160675048828e+01
3.160000000000000000e+02,2.835081890225410461e-03,1.636756134033203125e+01,1.500444889068603516e+01
3.170000000000000000e+02,2.799678128212690353e-03,1.625476455688476562e+01,1.493077564239501953e+01
3.180000000000000000e+02,2.770748920738697052e-03,1.598393344879150391e+01,1.476722812652587891e+01
3.190000000000000000e+02,2.751042600721120834e-03,1.598432636260986328e+01,1.474202251434326172e+01
3.200000000000000000e+02,2.733207773417234421e-03,1.590701961517333984e+01,1.470477771759033203e+01
3.210000000000000000e+02,2.728899940848350525e-03,1.580918407440185547e+01,1.466381549835205078e+01
3.220000000000000000e+02,2.726340666413307190e-03,1.589020538330078125e+01,1.465071487426757812e+01
3.230000000000000000e+02,2.724789083003997803e-03,1.587440395355224609e+01,1.463272094726562500e+01
3.240000000000000000e+02,2.721572527661919594e-03,1.583281707763671875e+01,1.456630420684814453e+01
3.250000000000000000e+02,2.715269103646278381e-03,1.576289558410644531e+01,1.448776721954345703e+01
3.260000000000000000e+02,2.701127668842673302e-03,1.555683612823486328e+01,1.429818725585937500e+01
3.270000000000000000e+02,2.686206251382827759e-03,1.517811965942382812e+01,1.407193946838378906e+01
3.280000000000000000e+02,2.665939042344689369e-03,1.487711715698242188e+01,1.404383754730224609e+01
3.290000000000000000e+02,2.638365607708692551e-03,1.470767879486083984e+01,1.383409214019775391e+01
3.300000000000000000e+02,2.618534490466117859e-03,1.472601318359375000e+01,1.381916999816894531e+01
3.310000000000000000e+02,2.598515711724758148e-03,1.438146781921386719e+01,1.377185916900634766e+01
3.320000000000000000e+02,2.577462000772356987e-03,1.441700458526611328e+01,1.371547889709472656e+01
3.330000000000000000e+02,2.540081972256302834e-03,1.439986228942871094e+01,1.357044410705566406e+01
3.340000000000000000e+02,2.513197483494877815e-03,1.483413600921630859e+01,1.343165016174316406e+01
3.350000000000000000e+02,2.497540321201086044e-03,1.500290679931640625e+01,1.323493862152099609e+01
3.360000000000000000e+02,2.481358591467142105e-03,1.535000801086425781e+01,1.318822097778320312e+01
3.370000000000000000e+02,2.468393649905920029e-03,1.572988605499267578e+01,1.310534667968750000e+01
3.380000000000000000e+02,2.467766404151916504e-03,1.542847156524658203e+01,1.312821197509765625e+01
3.390000000000000000e+02,2.463325392454862595e-03,1.557430648803710938e+01,1.311715221405029297e+01
3.400000000000000000e+02,2.459718845784664154e-03,1.551855850219726562e+01,1.313567352294921875e+01
3.410000000000000000e+02,2.454491332173347473e-03,1.543181514739990234e+01,1.316619682312011719e+01
3.420000000000000000e+02,2.445737831294536591e-03,1.533497619628906250e+01,1.318445396423339844e+01
3.430000000000000000e+02,2.428745850920677185e-03,1.519634151458740234e+01,1.316561126708984375e+01
3.440000000000000000e+02,2.400650177150964737e-03,1.497330093383789062e+01,1.307451534271240234e+01
3.450000000000000000e+02,2.342062536627054214e-03,1.444884490966796875e+01,1.273633193969726562e+01
3.460000000000000000e+02,2.277553314343094826e-03,1.352604007720947266e+01,1.233399391174316406e+01
3.470000000000000000e+02,2.218050882220268250e-03,1.271987533569335938e+01,1.177060890197753906e+01
3.480000000000000000e+02,2.181153045967221260e-03,1.197602748870849609e+01,1.161987018585205078e+01
3.490000000000000000e+02,2.136676106601953506e-03,1.218903636932373047e+01,1.150558662414550781e+01
3.500000000000000000e+02,2.118492033332586288e-03,1.221032714843750000e+01,1.125103187561035156e+01
3.510000000000000000e+02,2.098559867590665817e-03,1.216895008087158203e+01,1.131321334838867188e+01
3.520000000000000000e+02,2.089727669954299927e-03,1.213458156585693359e+01,1.113619327545166016e+01
3.530000000000000000e+02,2.078074496239423752e-03,1.195768737792968750e+01,1.105385971069335938e+01
3.540000000000000000e+02,2.073208102956414223e-03,1.171894645690917969e+01,1.087410354614257812e+01
3.550000000000000000e+02,2.071074675768613815e-03,1.178344535827636719e+01,1.085956954956054688e+01
3.560000000000000000e+02,2.069319365546107292e-03,1.168756484985351562e+01,1.080730724334716797e+01
3.570000000000000000e+02,2.067718654870986938e-03,1.163924980163574219e+01,1.082874584197998047e+01
3.580000000000000000e+02,2.065727720037102699e-03,1.159204292297363281e+01,1.083622169494628906e+01
3.590000000000000000e+02,2.063586143776774406e-03,1.159084415435791016e+01,1.086840534210205078e+01
3.600000000000000000e+02,2.059160033240914345e-03,1.159977912902832031e+01,1.088225936889648438e+01
3.610000000000000000e+02,2.040104940533638000e-03,1.167939281463623047e+01,1.088370132446289062e+01
3.620000000000000000e+02,2.024400979280471802e-03,1.171179389953613281e+01,1.090847492218017578e+01
3.630000000000000000e+02,2.002857858315110207e-03,1.170812797546386719e+01,1.082925796508789062e+01
3.640000000000000000e+02,1.982693560421466827e-03,1.184062957763671875e+01,1.076439285278320312e+01
3.650000000000000000e+02,1.958841923624277115e-03,1.193749332427978516e+01,1.084752941131591797e+01
3.660000000000000000e+02,1.942501170560717583e-03,1.188930320739746094e+01,1.079370117187500000e+01
3.670000000000000000e+02,1.935367705300450325e-03,1.173726940155029297e+01,1.076592159271240234e+01
3.680000000000000000e+02,1.928056706674396992e-03,1.158645725250244141e+01,1.072204017639160156e+01
3.690000000000000000e+02,1.916281646117568016e-03,1.138291358947753906e+01,1.073250770568847656e+01
3.700000000000000000e+02,1.909391488879919052e-03,1.125283241271972656e+01,1.066774463653564453e+01
3.710000000000000000e+02,1.904356642626225948e-03,1.123548126220703125e+01,1.075753879547119141e+01
3.720000000000000000e+02,1.899908180348575115e-03,1.119892024993896484e+01,1.080068016052246094e+01
3.730000000000000000e+02,1.895393244922161102e-03,1.115715503692626953e+01,1.087091445922851562e+01
3.740000000000000000e+02,1.888566883280873299e-03,1.104215431213378906e+01,1.093944549560546875e+01
3.750000000000000000e+02,1.877586240880191326e-03,1.088340854644775391e+01,1.103977966308593750e+01
3.760000000000000000e+02,1.861313125118613243e-03,1.072890758514404297e+01,1.115995788574218750e+01
3.770000000000000000e+02,1.839846838265657425e-03,1.061913394927978516e+01,1.122855377197265625e+01
3.780000000000000000e+02,1.816539559513330460e-03,1.087850379943847656e+01,1.127523517608642578e+01
3.790000000000000000e+02,1.792950555682182312e-03,1.077381992340087891e+01,1.101016235351562500e+01
3.800000000000000000e+02,1.753842923790216446e-03,1.125251674652099609e+01,1.061622810363769531e+01
3.810000000000000000e+02,1.708960626274347305e-03,1.141570186614990234e+01,1.030639648437500000e+01
3.820000000000000000e+02,1.681059016846120358e-03,1.144739341735839844e+01,1.012974929809570312e+01
3.830000000000000000e+02,1.671776641160249710e-03,1.149106597900390625e+01,9.952297210693359375e+00
3.840000000000000000e+02,1.667058560997247696e-03,1.142082214355468750e+01,9.757056236267089844e+00
3.850000000000000000e+02,1.665020594373345375e-03,1.142517948150634766e+01,9.881930351257324219e+00
3.860000000000000000e+02,1.662800088524818420e-03,1.142653846740722656e+01,9.836536407470703125e+00
3.870000000000000000e+02,1.661875750869512558e-03,1.141582679748535156e+01,9.773704528808593750e+00
3.880000000000000000e+02,1.661172835156321526e-03,1.147344112396240234e+01,9.722662925720214844e+00
3.890000000000000000e+02,1.660311012528836727e-03,1.144412803649902344e+01,9.708545684814453125e+00
3.900000000000000000e+02,1.659782952629029751e-03,1.143523406982421875e+01,9.708713531494140625e+00
3.910000000000000000e+02,1.658698078244924545e-03,1.143421554565429688e+01,9.715603828430175781e+00
3.920000000000000000e+02,1.656400272622704506e-03,1.144097423553466797e+01,9.705356597900390625e+00
3.930000000000000000e+02,1.652576960623264313e-03,1.141616725921630859e+01,9.701348304748535156e+00
3.940000000000000000e+02,1.645441283471882343e-03,1.146749877929687500e+01,9.662420272827148438e+00
3.950000000000000000e+02,1.633632346056401730e-03,1.127395629882812500e+01,9.548027038574218750e+00
3.960000000000000000e+02,1.615442801266908646e-03,1.121602630615234375e+01,9.355719566345214844e+00
3.970000000000000000e+02,1.582094351761043072e-03,1.077394485473632812e+01,8.917510032653808594e+00
3.980000000000000000e+02,1.598644419573247433e-03,1.035921573638916016e+01,8.256920814514160156e+00
3.990000000000000000e+02,1.565735787153244019e-03,1.059793281555175781e+01,8.637725830078125000e+00
4.000000000000000000e+02,1.532229245640337467e-03,1.006931114196777344e+01,8.410652160644531250e+00
4.010000000000000000e+02,1.491344533860683441e-03,9.398335456848144531e+00,7.976027011871337891e+00
4.020000000000000000e+02,1.488846261054277420e-03,9.095418930053710938e+00,7.727557182312011719e+00
4.030000000000000000e+02,1.481683808378875256e-03,9.231758117675781250e+00,7.839462757110595703e+00
4.040000000000000000e+02,1.476388308219611645e-03,9.267770767211914062e+00,7.900928020477294922e+00
4.050000000000000000e+02,1.453717821277678013e-03,9.521180152893066406e+00,7.705152988433837891e+00
4.060000000000000000e+02,1.443805755116045475e-03,9.693127632141113281e+00,7.562408447265625000e+00
4.070000000000000000e+02,1.434530597180128098e-03,9.987253189086914062e+00,7.442968368530273438e+00
4.080000000000000000e+02,1.429240219295024872e-03,1.002404117584228516e+01,7.335437297821044922e+00
4.090000000000000000e+02,1.425685361027717590e-03,9.883916854858398438e+00,7.274755001068115234e+00
4.100000000000000000e+02,1.423394307494163513e-03,9.882408142089843750e+00,7.252555370330810547e+00
4.110000000000000000e+02,1.420747255906462669e-03,9.892672538757324219e+00,7.202296733856201172e+00
4.120000000000000000e+02,1.416498329490423203e-03,1.003692150115966797e+01,7.057979583740234375e+00
4.130000000000000000e+02,1.412803423590958118e-03,1.022123718261718750e+01,7.041807651519775391e+00
4.140000000000000000e+02,1.409952761605381966e-03,1.029238128662109375e+01,6.945963859558105469e+00
4.150000000000000000e+02,1.407080795615911484e-03,1.030493354797363281e+01,6.957813262939453125e+00
4.160000000000000000e+02,1.404549228027462959e-03,1.022194004058837891e+01,7.004649162292480469e+00
4.170000000000000000e+02,1.402928843162953854e-03,1.017932319641113281e+01,6.988820552825927734e+00
4.180000000000000000e+02,1.398042542859911919e-03,1.016630554199218750e+01,6.949292182922363281e+00
4.190000000000000000e+02,1.389525597915053368e-03,1.019593429565429688e+01,6.822618007659912109e+00
4.200000000000000000e+02,1.384079689159989357e-03,1.021577072143554688e+01,6.617619037628173828e+00
4.210000000000000000e+02,1.362366368994116783e-03,1.031204414367675781e+01,6.268750190734863281e+00
4.220000000000000000e+02,1.337650814093649387e-03,1.022765064239501953e+01,6.050343990325927734e+00
4.230000000000000000e+02,1.307229278609156609e-03,1.029271507263183594e+01,5.268370151519775391e+00
4.240000000000000000e+02,1.283085788600146770e-03,1.021299934387207031e+01,5.222515106201171875e+00
4.250000000000000000e+02,1.262458972632884979e-03,1.023269844055175781e+01,4.778307437896728516e+00
4.260000000000000000e+02,1.252499758265912533e-03,1.035292148590087891e+01,4.113038063049316406e+00
4.270000000000000000e+02,1.241265330463647842e-03,1.018052101135253906e+01,3.992617845535278320e+00
4.280000000000000000e+02,1.238135155290365219e-03,1.025584983825683594e+01,4.064739704132080078e+00
4.290000000000000000e+02,1.232825219631195068e-03,1.034450531005859375e+01,4.027954578399658203e+00
4.300000000000000000e+02,1.230133231729269028e-03,1.033102893829345703e+01,3.919018507003784180e+00
4.310000000000000000e+02,1.225976157002151012e-03,1.032116985321044922e+01,3.981265544891357422e+00
4.320000000000000000e+02,1.219972036778926849e-03,1.030282974243164062e+01,4.117975234985351562e+00
4.330000000000000000e+02,1.215529046021401882e-03,1.030685901641845703e+01,4.379991054534912109e+00
4.340000000000000000e+02,1.211671158671379089e-03,1.030476665496826172e+01,4.441894531250000000e+00
4.350000000000000000e+02,1.207641791552305222e-03,1.036291122436523438e+01,4.489322185516357422e+00
4.360000000000000000e+02,1.204336294904351234e-03,1.051986789703369141e+01,4.431873321533203125e+00
4.370000000000000000e+02,1.202394720166921616e-03,1.063367748260498047e+01,4.501471996307373047e+00
4.380000000000000000e+02,1.200335798785090446e-03,1.063179969787597656e+01,4.477297306060791016e+00
4.390000000000000000e+02,1.199047546833753586e-03,1.064032936096191406e+01,4.508172035217285156e+00
4.400000000000000000e+02,1.198484795168042183e-03,1.064526462554931641e+01,4.534760475158691406e+00
4.410000000000000000e+02,1.196633325889706612e-03,1.068100929260253906e+01,4.631488800048828125e+00
4.420000000000000000e+02,1.194897107779979706e-03,1.069663143157958984e+01,4.671550750732421875e+00
4.430000000000000000e+02,1.191745512187480927e-03,1.072978973388671875e+01,4.704086303710937500e+00
4.440000000000000000e+02,1.185913803055882454e-03,1.072129631042480469e+01,4.624079227447509766e+00
4.450000000000000000e+02,1.173902070149779320e-03,1.069332313537597656e+01,4.421479701995849609e+00
4.460000000000000000e+02,1.160538173280656338e-03,1.043832874298095703e+01,3.877003431320190430e+00
4.470000000000000000e+02,1.166800153441727161e-03,1.023431968688964844e+01,3.211982965469360352e+00
4.480000000000000000e+02,1.147405011579394341e-03,1.033262634277343750e+01,3.532990932464599609e+00
4.490000000000000000e+02,1.129854004830121994e-03,1.024456596374511719e+01,3.297044277191162109e+00
4.500000000000000000e+02,1.109729986637830734e-03,9.833139419555664062e+00,2.754967212677001953e+00
4.510000000000000000e+02,1.101654022932052612e-03,9.774780273437500000e+00,2.773648738861083984e+00
4.520000000000000000e+02,1.091636251658201218e-03,9.554886817932128906e+00,2.772163867950439453e+00
4.530000000000000000e+02,1.084842137061059475e-03,9.452331542968750000e+00,2.784913301467895508e+00
4.540000000000000000e+02,1.070249127224087715e-03,9.177064895629882812e+00,2.835339784622192383e+00
4.550000000000000000e+02,1.059053349308669567e-03,9.005588531494140625e+00,2.755106210708618164e+00
4.560000000000000000e+02,1.052607665769755840e-03,8.943181991577148438e+00,2.581157922744750977e+00
4.570000000000000000e+02,1.048260834068059921e-03,8.968770980834960938e+00,2.309033393859863281e+00
4.580000000000000000e+02,1.046924619004130363e-03,8.974051475524902344e+00,2.256938934326171875e+00
4.590000000000000000e+02,1.046039047650992870e-03,9.017509460449218750e+00,2.148514509201049805e+00
4.600000000000000000e+02,1.045554294250905514e-03,9.008800506591796875e+00,2.171511650085449219e+00
4.610000000000000000e+02,1.044837990775704384e-03,8.961981773376464844e+00,2.206629037857055664e+00
4.620000000000000000e+02,1.044475473463535309e-03,8.855957031250000000e+00,2.233254194259643555e+00
4.630000000000000000e+02,1.042047981172800064e-03,8.784591674804687500e+00,2.273389339447021484e+00
4.640000000000000000e+02,1.038953196257352829e-03,8.708697319030761719e+00,2.249755620956420898e+00
4.650000000000000000e+02,1.031980384141206741e-03,8.470744132995605469e+00,2.172023534774780273e+00
4.660000000000000000e+02,1.021699514240026474e-03,8.086848258972167969e+00,2.046278476715087891e+00
4.670000000000000000e+02,1.011900370940566063e-03,7.719969749450683594e+00,1.925653576850891113e+00
4.680000000000000000e+02,1.005596714094281197e-03,6.940227508544921875e+00,1.467628598213195801e+00
4.690000000000000000e+02,9.875602554529905319e-04,6.998843193054199219e+00,1.498730301856994629e+00
4.700000000000000000e+02,9.774168720468878746e-04,6.995666027069091797e+00,1.726594328880310059e+00
4.710000000000000000e+02,9.670341387391090393e-04,6.922841072082519531e+00,1.544702410697937012e+00
4.720000000000000000e+02,9.558391175232827663e-04,6.836163997650146484e+00,1.553575038909912109e+00
4.730000000000000000e+02,9.501378517597913742e-04,6.775278091430664062e+00,1.313312768936157227e+00
4.740000000000000000e+02,9.446549229323863983e-04,6.870448589324951172e+00,1.303759813308715820e+00
4.750000000000000000e+02,9.399691480211913586e-04,6.816119194030761719e+00,1.105717301368713379e+00
4.760000000000000000e+02,9.356886148452758789e-04,6.747221946716308594e+00,8.526251912117004395e-01
4.770000000000000000e+02,9.319930104538798332e-04,6.612026691436767578e+00,5.466558933258056641e-01
4.780000000000000000e+02,9.297005017288029194e-04,6.631916999816894531e+00,3.861445188522338867e-01
4.790000000000000000e+02,9.282705141231417656e-04,6.581366062164306641e+00,3.257991373538970947e-01
4.800000000000000000e+02,9.269043803215026855e-04,6.632304191589355469e+00,3.215640187263488770e-01
4.810000000000000000e+02,9.257094934582710266e-04,6.705141067504882812e+00,3.921205699443817139e-01
4.820000000000000000e+02,9.248461574316024780e-04,6.724178791046142578e+00,4.341501593589782715e-01
4.830000000000000000e+02,9.242492960765957832e-04,6.736093521118164062e+00,4.675705432891845703e-01
4.840000000000000000e+02,9.235834004357457161e-04,6.696146965026855469e+00,4.516613185405731201e-01
4.850000000000000000e+02,9.234360186383128166e-04,6.639993190765380859e+00,4.666635394096374512e-01
4.860000000000000000e+02,9.226881666108965874e-04,6.666743755340576172e+00,4.595025479793548584e-01
4.870000000000000000e+02,9.209725540131330490e-04,6.619113922119140625e+00,4.288763701915740967e-01
4.880000000000000000e+02,9.169011027552187443e-04,6.544959545135498047e+00,3.203790485858917236e-01
4.890000000000000000e+02,9.142213384620845318e-04,6.434994697570800781e+00,1.272592395544052124e-01
4.900000000000000000e+02,9.082847391255199909e-04,6.615847587585449219e+00,1.537380516529083252e-01
4.910000000000000000e+02,9.004755993373692036e-04,6.859362125396728516e+00,8.544904738664627075e-02
4.920000000000000000e+02,8.914143545553088188e-04,7.098669052124023438e+00,1.059884112328290939e-02
4.930000000000000000e+02,8.826163830235600471e-04,7.060676574707031250e+00,3.209642171859741211e-01
4.940000000000000000e+02,8.742641075514256954e-04,6.858897209167480469e+00,6.219742298126220703e-01
4.950000000000000000e+02,8.674764540046453476e-04,6.418323516845703125e+00,1.002259731292724609e+00
4.960000000000000000e+02,8.610640652477741241e-04,6.125694274902343750e+00,1.174299001693725586e+00
4.970000000000000000e+02,8.551579085178673267e-04,5.879735946655273438e+00,1.357544064521789551e+00
4.980000000000000000e+02,8.516757516190409660e-04,5.786454677581787109e+00,1.612815976142883301e+00
4.990000000000000000e+02,8.495235815644264221e-04,5.799752235412597656e+00,1.560889601707458496e+00
5.000000000000000000e+02,8.476962102577090263e-04,5.791091918945312500e+00,1.646887302398681641e+00
5.010000000000000000e+02,8.461583638563752174e-04,5.807823181152343750e+00,1.584281802177429199e+00
5.020000000000000000e+02,8.450601599179208279e-04,5.756026268005371094e+00,1.571254491806030273e+00
5.030000000000000000e+02,8.435904746875166893e-04,5.720263481140136719e+00,1.453145742416381836e+00
5.040000000000000000e+02,8.418082143180072308e-04,5.637568473815917969e+00,1.396516203880310059e+00
5.050000000000000000e+02,8.405153639614582062e-04,5.550414085388183594e+00,1.425189375877380371e+00
5.060000000000000000e+02,8.436016505584120750e-04,5.431061744689941406e+00,1.695704817771911621e+00
5.070000000000000000e+02,8.397800265811383724e-04,5.513912200927734375e+00,1.507822275161743164e+00
5.080000000000000000e+02,8.429851150140166283e-04,5.565249919891357422e+00,1.633750319480895996e+00
5.090000000000000000e+02,8.381134830415248871e-04,5.532765388488769531e+00,1.554057836532592773e+00
5.100000000000000000e+02,8.349424460902810097e-04,5.497515201568603516e+00,1.698616147041320801e+00
5.110000000000000000e+02,8.264461648650467396e-04,5.412525177001953125e+00,2.239054679870605469e+00
5.120000000000000000e+02,8.210117230191826820e-04,5.198293685913085938e+00,2.592034816741943359e+00
5.130000000000000000e+02,8.160290308296680450e-04,5.248087882995605469e+00,2.957771539688110352e+00
5.140000000000000000e+02,8.096796809695661068e-04,5.038034915924072266e+00,3.030705213546752930e+00
5.150000000000000000e+02,8.020139066502451897e-04,4.915184020996093750e+00,3.000247240066528320e+00
5.160000000000000000e+02,7.894473383203148842e-04,4.814994335174560547e+00,2.866646528244018555e+00
5.170000000000000000e+02,7.794284028932452202e-04,4.746502876281738281e+00,3.041860103607177734e+00
5.180000000000000000e+02,7.739943102933466434e-04,4.732733726501464844e+00,3.082404851913452148e+00
5.190000000000000000e+02,7.740863366052508354e-04,4.816508293151855469e+00,3.320677518844604492e+00
5.200000000000000000e+02,7.666182937100529671e-04,4.776066780090332031e+00,3.205604553222656250e+00
5.210000000000000000e+02,7.609004387632012367e-04,4.863339424133300781e+00,3.212297439575195312e+00
5.220000000000000000e+02,7.550055161118507385e-04,4.807644844055175781e+00,3.172732830047607422e+00
5.230000000000000000e+02,7.698598201386630535e-04,4.706436157226562500e+00,3.265072107315063477e+00
5.240000000000000000e+02,7.526979316025972366e-04,4.780453681945800781e+00,3.197529077529907227e+00
5.250000000000000000e+02,7.486097165383398533e-04,4.577750205993652344e+00,3.291514396667480469e+00
5.260000000000000000e+02,7.469967240467667580e-04,4.636150360107421875e+00,3.149713516235351562e+00
5.270000000000000000e+02,7.455231389030814171e-04,4.654073715209960938e+00,3.152515411376953125e+00
5.280000000000000000e+02,7.438390166498720646e-04,4.807460308074951172e+00,3.049233198165893555e+00
5.290000000000000000e+02,7.420688634738326073e-04,4.882526397705078125e+00,3.091006755828857422e+00
5.300000000000000000e+02,7.396163418889045715e-04,4.888528823852539062e+00,3.224454164505004883e+00
5.310000000000000000e+02,7.372735417447984219e-04,4.825097084045410156e+00,3.338854312896728516e+00
5.320000000000000000e+02,7.329388754442334175e-04,4.715889930725097656e+00,3.577770709991455078e+00
5.330000000000000000e+02,7.254942320287227631e-04,4.242014884948730469e+00,4.359788417816162109e+00
5.340000000000000000e+02,7.150496821850538254e-04,4.312747955322265625e+00,4.427937984466552734e+00
5.350000000000000000e+02,7.039902848191559315e-04,4.374837875366210938e+00,4.635636329650878906e+00
5.360000000000000000e+02,6.936871213838458061e-04,4.467415809631347656e+00,4.712095260620117188e+00
5.370000000000000000e+02,6.967290537431836128e-04,4.604482650756835938e+00,4.525873661041259766e+00
5.380000000000000000e+02,6.894621765241026878e-04,4.530262947082519531e+00,4.626653671264648438e+00
5.390000000000000000e+02,6.854193634353578091e-04,4.425877571105957031e+00,4.751257896423339844e+00
5.400000000000000000e+02,6.813324289396405220e-04,4.376739501953125000e+00,4.562417030334472656e+00
5.410000000000000000e+02,6.789171602576971054e-04,4.190313816070556641e+00,4.577675342559814453e+00
5.420000000000000000e+02,6.772601627744734287e-04,4.004037380218505859e+00,4.608345508575439453e+00
5.430000000000000000e+02,6.756742950528860092e-04,3.792244195938110352e+00,4.647456645965576172e+00
5.440000000000000000e+02,6.739742821082472801e-04,3.667593002319335938e+00,4.678506851196289062e+00
5.450000000000000000e+02,6.715027266182005405e-04,3.569388389587402344e+00,4.633536815643310547e+00
5.460000000000000000e+02,6.689409492537379265e-04,3.504711389541625977e+00,4.601813316345214844e+00
5.470000000000000000e+02,6.654448807239532471e-04,3.430587053298950195e+00,4.569943428039550781e+00
5.480000000000000000e+02,6.616964819841086864e-04,3.328490257263183594e+00,4.655743598937988281e+00
5.490000000000000000e+02,6.593723664991557598e-04,3.358858823776245117e+00,4.620816707611083984e+00
5.500000000000000000e+02,6.560329347848892212e-04,3.379797935485839844e+00,4.718993186950683594e+00
5.510000000000000000e+02,6.545510841533541679e-04,3.342801332473754883e+00,4.820761203765869141e+00
5.520000000000000000e+02,6.514648557640612125e-04,3.253269195556640625e+00,5.054637908935546875e+00
5.530000000000000000e+02,6.494717090390622616e-04,3.206342458724975586e+00,5.255452632904052734e+00
5.540000000000000000e+02,6.477307179011404514e-04,3.195339441299438477e+00,5.441272258758544922e+00
5.550000000000000000e+02,6.462999735958874226e-04,3.122800588607788086e+00,5.486381530761718750e+00
5.560000000000000000e+02,6.465276819653809071e-04,3.078764677047729492e+00,5.592157840728759766e+00
5.570000000000000000e+02,6.458009011112153530e-04,3.102809190750122070e+00,5.534372329711914062e+00
5.580000000000000000e+02,6.506915087811648846e-04,2.758741378784179688e+00,5.885758399963378906e+00
5.590000000000000000e+02,6.451340741477906704e-04,3.012233972549438477e+00,5.626762866973876953e+00
5.600000000000000000e+02,6.435952382162213326e-04,2.971297502517700195e+00,5.562862873077392578e+00
5.610000000000000000e+02,6.415399257093667984e-04,2.890658378601074219e+00,5.605206966400146484e+00
5.620000000000000000e+02,6.383860018104314804e-04,2.766519784927368164e+00,5.716856956481933594e+00
5.630000000000000000e+02,6.381753482855856419e-04,2.631646394729614258e+00,5.902830600738525391e+00
5.640000000000000000e+02,6.373565993271768093e-04,2.691406011581420898e+00,5.820394992828369141e+00
5.650000000000000000e+02,6.349470932036638260e-04,2.750688791275024414e+00,5.969758510589599609e+00
5.660000000000000000e+02,6.310486933216452599e-04,2.861267328262329102e+00,6.064753532409667969e+00
5.670000000000000000e+02,6.281438982114195824e-04,2.867442369461059570e+00,6.202509403228759766e+00
5.680000000000000000e+02,6.265559932217001915e-04,2.946573495864868164e+00,6.125757217407226562e+00
5.690000000000000000e+02,6.255766493268311024e-04,2.927768230438232422e+00,6.081189155578613281e+00
5.700000000000000000e+02,6.241985829547047615e-04,2.906781435012817383e+00,6.143224239349365234e+00
5.710000000000000000e+02,6.223097443580627441e-04,2.929311990737915039e+00,6.142215251922607422e+00
5.720000000000000000e+02,6.209466955624520779e-04,3.050011396408081055e+00,6.179980278015136719e+00
5.730000000000000000e+02,6.204824894666671753e-04,3.192090988159179688e+00,6.034756660461425781e+00
5.740000000000000000e+02,6.175920134410262108e-04,3.140121698379516602e+00,6.090493679046630859e+00
5.750000000000000000e+02,6.158437463454902172e-04,3.116625547409057617e+00,6.049933910369873047e+00
5.760000000000000000e+02,6.119021563790738583e-04,3.054094314575195312e+00,6.008928775787353516e+00
5.770000000000000000e+02,6.064496119506657124e-04,2.956938743591308594e+00,5.838308334350585938e+00
5.780000000000000000e+02,6.014405516907572746e-04,2.814489603042602539e+00,5.838564395904541016e+00
5.790000000000000000e+02,5.976621760055422783e-04,2.803164720535278320e+00,5.804909706115722656e+00
5.800000000000000000e+02,5.932965432293713093e-04,2.839601039886474609e+00,6.006704807281494141e+00
5.810000000000000000e+02,5.915801739320158958e-04,2.865910530090332031e+00,6.031171798706054688e+00
5.820000000000000000e+02,5.905397702008485794e-04,2.908068895339965820e+00,6.066669940948486328e+00
5.830000000000000000e+02,5.899282405152916908e-04,2.970975637435913086e+00,6.066969871520996094e+00
5.840000000000000000e+02,5.893466877751052380e-04,3.048330545425415039e+00,6.048163890838623047e+00
5.850000000000000000e+02,5.894158966839313507e-04,3.138095140457153320e+00,6.006602764129638672e+00
5.860000000000000000e+02,5.891352775506675243e-04,3.090077638626098633e+00,6.028846263885498047e+00
5.870000000000000000e+02,5.886229337193071842e-04,3.208386898040771484e+00,5.974462032318115234e+00
5.880000000000000000e+02,5.882856203243136406e-04,3.193372488021850586e+00,5.974308490753173828e+00
5.890000000000000000e+02,5.877643707208335400e-04,3.142076730728149414e+00,6.015343189239501953e+00
5.900000000000000000e+02,5.872735055163502693e-04,3.145003318786621094e+00,6.010142803192138672e+00
5.910000000000000000e+02,5.858330987393856049e-04,3.104996681213378906e+00,6.044009208679199219e+00
5.920000000000000000e+02,5.834948970004916191e-04,3.085029125213623047e+00,6.074562072753906250e+00
5.930000000000000000e+02,5.804498796351253986e-04,3.046917915344238281e+00,6.138052940368652344e+00
5.940000000000000000e+02,5.776775069534778595e-04,3.077715635299682617e+00,6.169183731079101562e+00
5.950000000000000000e+02,5.800419603474438190e-04,3.113657236099243164e+00,6.322337150573730469e+00
5.960000000000000000e+02,5.748794064857065678e-04,3.094238042831420898e+00,6.239528179168701172e+00
5.970000000000000000e+02,5.720836925320327282e-04,3.126150369644165039e+00,6.297803878784179688e+00
5.980000000000000000e+02,5.686229560524225235e-04,3.192657232284545898e+00,6.264712810516357422e+00
5.990000000000000000e+02,5.648531368933618069e-04,3.216743469238281250e+00,6.433986663818359375e+00
6.000000000000000000e+02,5.601174780167639256e-04,3.153884410858154297e+00,6.608410358428955078e+00
6.010000000000000000e+02,5.561070865951478481e-04,3.237563371658325195e+00,6.683677673339843750e+00
6.020000000000000000e+02,5.531098577193915844e-04,3.244811296463012695e+00,6.893920898437500000e+00
6.030000000000000000e+02,5.513203795999288559e-04,3.182983398437500000e+00,7.032810211181640625e+00
6.040000000000000000e+02,5.492630880326032639e-04,3.176933526992797852e+00,7.019951343536376953e+00
6.050000000000000000e+02,5.471921176649630070e-04,3.201299905776977539e+00,7.213531494140625000e+00
6.060000000000000000e+02,5.458714440464973450e-04,3.270417451858520508e+00,7.223962306976318359e+00
6.070000000000000000e+02,5.434826016426086426e-04,3.338223695755004883e+00,7.306156158447265625e+00
6.080000000000000000e+02,5.408495781011879444e-04,3.334170579910278320e+00,7.332254886627197266e+00
6.090000000000000000e+02,5.381295923143625259e-04,3.207671642303466797e+00,7.335480213165283203e+00
6.100000000000000000e+02,5.339137860573828220e-04,3.054392337799072266e+00,7.349963665008544922e+00
6.110000000000000000e+02,5.280168261379003525e-04,2.747005224227905273e+00,7.278989791870117188e+00
6.120000000000000000e+02,5.219255108386278152e-04,2.307218313217163086e+00,7.058689117431640625e+00
6.130000000000000000e+02,5.142338923178613186e-04,2.275687456130981445e+00,6.992089748382568359e+00
6.140000000000000000e+02,5.055315559729933739e-04,2.107703685760498047e+00,6.790499210357666016e+00
6.150000000000000000e+02,5.007160361856222153e-04,2.179044485092163086e+00,6.616486072540283203e+00
6.160000000000000000e+02,4.953650059178471565e-04,2.399057149887084961e+00,6.544276237487792969e+00
6.170000000000000000e+02,4.907933762297034264e-04,2.568811178207397461e+00,6.478100776672363281e+00
6.180000000000000000e+02,4.868646501563489437e-04,2.505278587341308594e+00,6.502165794372558594e+00
6.190000000000000000e+02,4.847681266255676746e-04,2.492147684097290039e+00,6.476418495178222656e+00
6.200000000000000000e+02,4.831019614357501268e-04,2.373921871185302734e+00,6.476213932037353516e+00
6.210000000000000000e+02,4.812830011360347271e-04,2.318304777145385742e+00,6.435815334320068359e+00
6.220000000000000000e+02,4.960520309396088123e-04,2.287805080413818359e+00,6.822793960571289062e+00
6.230000000000000000e+02,4.807097429875284433e-04,2.313101291656494141e+00,6.501763343811035156e+00
6.240000000000000000e+02,4.791264655068516731e-04,2.258604764938354492e+00,6.447233200073242188e+00
6.250000000000000000e+02,4.773283144459128380e-04,2.322745323181152344e+00,6.445814609527587891e+00
6.260000000000000000e+02,4.764871555380523205e-04,2.234584093093872070e+00,6.457181453704833984e+00
6.270000000000000000e+02,4.743849567603319883e-04,2.457576990127563477e+00,6.478905677795410156e+00
6.280000000000000000e+02,4.726639599539339542e-04,2.541714906692504883e+00,6.612835884094238281e+00
6.290000000000000000e+02,4.711051005870103836e-04,2.598237991333007812e+00,6.682243824005126953e+00
6.300000000000000000e+02,4.697762487921863794e-04,2.575951814651489258e+00,6.796666145324707031e+00
6.310000000000000000e+02,4.684810410253703594e-04,2.527242898941040039e+00,6.953629970550537109e+00
6.320000000000000000e+02,4.670185735449194908e-04,2.438038587570190430e+00,7.057826042175292969e+00
6.330000000000000000e+02,4.652599454857409000e-04,2.397221326828002930e+00,7.221504211425781250e+00
6.340000000000000000e+02,4.877838655374944210e-04,2.251029014587402344e+00,7.484062194824218750e+00
6.350000000000000000e+02,4.649336915463209152e-04,2.381402254104614258e+00,7.249885082244873047e+00
6.360000000000000000e+02,4.629596369341015816e-04,2.380394935607910156e+00,7.387333393096923828e+00
6.370000000000000000e+02,4.609419847838580608e-04,2.388817071914672852e+00,7.471144199371337891e+00
6.380000000000000000e+02,4.571589524857699871e-04,2.275216579437255859e+00,7.593641281127929688e+00
6.390000000000000000e+02,4.526317934505641460e-04,2.132254838943481445e+00,7.654140949249267578e+00
6.400000000000000000e+02,4.476751491893082857e-04,1.841819286346435547e+00,7.619652271270751953e+00
6.410000000000000000e+02,4.403413040563464165e-04,1.570492982864379883e+00,7.466997146606445312e+00
6.420000000000000000e+02,4.325867921579629183e-04,1.473546028137207031e+00,7.498054981231689453e+00
6.430000000000000000e+02,4.241228452883660793e-04,1.287257671356201172e+00,7.548350334167480469e+00
6.440000000000000000e+02,4.215368826407939196e-04,1.302134990692138672e+00,7.645114421844482422e+00
6.450000000000000000e+02,4.181684344075620174e-04,1.218342781066894531e+00,7.595382690429687500e+00
6.460000000000000000e+02,4.157931543886661530e-04,1.115477085113525391e+00,7.549680709838867188e+00
6.470000000000000000e+02,4.140172386541962624e-04,1.092213392257690430e+00,7.490469455718994141e+00
6.480000000000000000e+02,4.118240904062986374e-04,1.121783256530761719e+00,7.387853622436523438e+00
6.490000000000000000e+02,4.098428180441260338e-04,1.132076978683471680e+00,7.468635559082031250e+00
6.500000000000000000e+02,4.081077640876173973e-04,1.264345645904541016e+00,7.465146541595458984e+00
6.510000000000000000e+02,4.062337102368474007e-04,1.349246501922607422e+00,7.584966659545898438e+00
6.520000000000000000e+02,4.041316569782793522e-04,1.484757661819458008e+00,7.692395687103271484e+00
6.530000000000000000e+02,4.028187540825456381e-04,1.527482271194458008e+00,7.735946655273437500e+00
6.540000000000000000e+02,4.019694752059876919e-04,1.530873775482177734e+00,7.747562885284423828e+00
6.550000000000000000e+02,4.004221409559249878e-04,1.491886377334594727e+00,7.674782752990722656e+00
6.560000000000000000e+02,3.991076373495161533e-04,1.429319381713867188e+00,7.641054630279541016e+00
6.570000000000000000e+02,4.007770330645143986e-04,1.308345794677734375e+00,7.659582614898681641e+00
6.580000000000000000e+02,3.987781819887459278e-04,1.394182443618774414e+00,7.646445751190185547e+00
6.590000000000000000e+02,3.980786714237183332e-04,1.371836662292480469e+00,7.667233943939208984e+00
6.600000000000000000e+02,3.999642794951796532e-04,1.238310337066650391e+00,7.905199527740478516e+00
6.610000000000000000e+02,3.977791056968271732e-04,1.335895061492919922e+00,7.731215000152587891e+00
6.620000000000000000e+02,3.972116101067513227e-04,1.338011026382446289e+00,7.775869846343994141e+00
6.630000000000000000e+02,3.965066280215978622e-04,1.344072818756103516e+00,7.854224205017089844e+00
6.640000000000000000e+02,3.959335153922438622e-04,1.308685541152954102e+00,7.948531150817871094e+00
6.650000000000000000e+02,3.953839768655598164e-04,1.322501897811889648e+00,7.969070434570312500e+00
6.660000000000000000e+02,3.948811790905892849e-04,1.319980621337890625e+00,7.973956108093261719e+00
6.670000000000000000e+02,3.940801834687590599e-04,1.333087682723999023e+00,7.994042396545410156e+00
6.680000000000000000e+02,3.933822736144065857e-04,1.335781812667846680e+00,7.982302665710449219e+00
6.690000000000000000e+02,3.927144862245768309e-04,1.430898904800415039e+00,8.007332801818847656e+00
6.700000000000000000e+02,3.918819420505315065e-04,1.403158903121948242e+00,7.977050781250000000e+00
6.710000000000000000e+02,3.906959900632500648e-04,1.364231109619140625e+00,7.971908092498779297e+00
6.720000000000000000e+02,3.900474112015217543e-04,1.318991184234619141e+00,7.945188045501708984e+00
6.730000000000000000e+02,3.878810675814747810e-04,1.312553882598876953e+00,7.943484306335449219e+00
6.740000000000000000e+02,3.852852969430387020e-04,1.275432109832763672e+00,7.959085464477539062e+00
6.750000000000000000e+02,3.823882434517145157e-04,1.359170675277709961e+00,7.875107288360595703e+00
6.760000000000000000e+02,3.790713963098824024e-04,1.350647211074829102e+00,7.837305068969726562e+00
6.770000000000000000e+02,3.753961645998060703e-04,1.380532979965209961e+00,7.882407188415527344e+00
6.780000000000000000e+02,3.715075727086514235e-04,1.505714654922485352e+00,7.841979503631591797e+00
6.790000000000000000e+02,3.664658288471400738e-04,1.562613248825073242e+00,7.992704391479492188e+00
6.800000000000000000e+02,3.618603223003447056e-04,1.503324508666992188e+00,8.036123275756835938e+00
6.810000000000000000e+02,3.578023752197623253e-04,1.342546939849853516e+00,8.226536750793457031e+00
6.820000000000000000e+02,3.553854185156524181e-04,1.156300306320190430e+00,8.215184211730957031e+00
6.830000000000000000e+02,3.528067609295248985e-04,1.202088594436645508e+00,8.309652328491210938e+00
6.840000000000000000e+02,3.512680414132773876e-04,1.247060298919677734e+00,8.360642433166503906e+00
6.850000000000000000e+02,3.515114367473870516e-04,1.352679729461669922e+00,8.460515975952148438e+00
6.860000000000000000e+02,3.508584923110902309e-04,1.293748617172241211e+00,8.404778480529785156e+00
6.870000000000000000e+02,3.533000126481056213e-04,1.278322935104370117e+00,8.513854026794433594e+00
6.880000000000000000e+02,3.505976055748760700e-04,1.290088891983032227e+00,8.430628776550292969e+00
6.890000000000000000e+02,3.500490856822580099e-04,1.310223340988159180e+00,8.407309532165527344e+00
6.900000000000000000e+02,3.495684941299259663e-04,1.315528154373168945e+00,8.405093193054199219e+00
6.910000000000000000e+02,3.492044634185731411e-04,1.318788528442382812e+00,8.381832122802734375e+00
6.920000000000000000e+02,3.487313224468380213e-04,1.345539093017578125e+00,8.358476638793945312e+00
6.930000000000000000e+02,3.482137690298259258e-04,1.358628273010253906e+00,8.331193923950195312e+00
6.940000000000000000e+02,3.476865531411021948e-04,1.356065273284912109e+00,8.344264984130859375e+00
6.950000000000000000e+02,3.466372727416455746e-04,1.337945461273193359e+00,8.351448059082031250e+00
6.960000000000000000e+02,3.469461225904524326e-04,1.194781064987182617e+00,8.431403160095214844e+00
6.970000000000000000e+02,3.453804529272019863e-04,1.269811391830444336e+00,8.389476776123046875e+00
6.980000000000000000e+02,3.434171085245907307e-04,1.341485977172851562e+00,8.416357994079589844e+00
6.990000000000000000e+02,3.409761120565235615e-04,1.431143283843994141e+00,8.480792045593261719e+00
7.000000000000000000e+02,3.384830779395997524e-04,1.509118080139160156e+00,8.462534904479980469e+00
7.010000000000000000e+02,3.362817806191742420e-04,1.535648107528686523e+00,8.576583862304687500e+00
7.020000000000000000e+02,3.366555902175605297e-04,1.682913303375244141e+00,8.628210067749023438e+00
7.030000000000000000e+02,3.339214599691331387e-04,1.613658666610717773e+00,8.603918075561523438e+00
7.040000000000000000e+02,3.311994951218366623e-04,1.616865396499633789e+00,8.536828994750976562e+00
7.050000000000000000e+02,3.287876606918871403e-04,1.648497581481933594e+00,8.553543090820312500e+00
7.060000000000000000e+02,3.266903804615139961e-04,1.802718639373779297e+00,8.482341766357421875e+00
7.070000000000000000e+02,3.247051790822297335e-04,1.757681369781494141e+00,8.438177108764648438e+00
7.080000000000000000e+02,3.226961125619709492e-04,1.728355884552001953e+00,8.351916313171386719e+00
7.090000000000000000e+02,3.222008235752582550e-04,1.525491476058959961e+00,8.321846008300781250e+00
7.100000000000000000e+02,3.198386693838983774e-04,1.444035768508911133e+00,8.215389251708984375e+00
7.110000000000000000e+02,3.184052184224128723e-04,1.486110687255859375e+00,8.271755218505859375e+00
7.120000000000000000e+02,3.166106762364506721e-04,1.458221673965454102e+00,8.236550331115722656e+00
7.130000000000000000e+02,3.147421521134674549e-04,1.438260078430175781e+00,8.201052665710449219e+00
7.140000000000000000e+02,3.157335449941456318e-04,1.250797510147094727e+00,8.180572509765625000e+00
7.150000000000000000e+02,3.141347551718354225e-04,1.365834474563598633e+00,8.193160057067871094e+00
7.160000000000000000e+02,3.126551164314150810e-04,1.374495029449462891e+00,8.133890151977539062e+00
7.170000000000000000e+02,3.108403179794549942e-04,1.344102621078491211e+00,8.128016471862792969e+00
7.180000000000000000e+02,3.088458033744245768e-04,1.266050338745117188e+00,8.166593551635742188e+00
7.190000000000000000e+02,3.078853478655219078e-04,1.151615381240844727e+00,8.198258399963378906e+00
7.200000000000000000e+02,3.054682747460901737e-04,1.193797588348388672e+00,8.202639579772949219e+00
7.210000000000000000e+02,3.043561009690165520e-04,1.165539026260375977e+00,8.217715263366699219e+00
7.220000000000000000e+02,3.041153831873089075e-04,1.118910312652587891e+00,8.040292739868164062e+00
7.230000000000000000e+02,3.046833444386720657e-04,1.087534427642822266e+00,8.033701896667480469e+00
7.240000000000000000e+02,3.026140620931982994e-04,1.104420423507690430e+00,8.037257194519042969e+00
7.250000000000000000e+02,3.013953100889921188e-04,1.112401485443115234e+00,8.041536331176757812e+00
7.260000000000000000e+02,3.003912279382348061e-04,1.166504621505737305e+00,8.026124954223632812e+00
7.270000000000000000e+02,2.989271306432783604e-04,1.288002729415893555e+00,7.933243274688720703e+00
7.280000000000000000e+02,2.977005788125097752e-04,1.384085416793823242e+00,7.893576622009277344e+00
7.290000000000000000e+02,2.969053748529404402e-04,1.498848199844360352e+00,7.838336467742919922e+00
7.300000000000000000e+02,2.960449201054871082e-04,1.487892866134643555e+00,7.854319572448730469e+00
7.310000000000000000e+02,2.953147632069885731e-04,1.460695266723632812e+00,7.911014556884765625e+00
7.320000000000000000e+02,2.945419983007013798e-04,1.462358236312866211e+00,7.941121578216552734e+00
7.330000000000000000e+02,2.939354453701525927e-04,1.504820585250854492e+00,7.936074733734130859e+00
7.340000000000000000e+02,2.932118659373372793e-04,1.552307605743408203e+00,7.872430324554443359e+00
7.350000000000000000e+02,2.928489120677113533e-04,1.610803604125976562e+00,7.807791233062744141e+00
7.360000000000000000e+02,2.926173619925975800e-04,1.554113626480102539e+00,7.776031017303466797e+00
7.370000000000000000e+02,2.922801650129258633e-04,1.536780595779418945e+00,7.736517429351806641e+00
7.380000000000000000e+02,2.920174447353929281e-04,1.504838466644287109e+00,7.756603717803955078e+00
7.390000000000000000e+02,2.916606026701629162e-04,1.480001211166381836e+00,7.782248497009277344e+00
7.400000000000000000e+02,2.913840580731630325e-04,1.464164257049560547e+00,7.797404289245605469e+00
7.410000000000000000e+02,2.930285409092903137e-04,1.425302028656005859e+00,7.986069679260253906e+00
7.420000000000000000e+02,2.911026531364768744e-04,1.453155279159545898e+00,7.850830078125000000e+00
7.430000000000000000e+02,2.902414416894316673e-04,1.426315307617187500e+00,7.905967712402343750e+00
7.440000000000000000e+02,2.883980050683021545e-04,1.409107446670532227e+00,7.987195968627929688e+00
7.450000000000000000e+02,2.860261593014001846e-04,1.348417997360229492e+00,8.157303810119628906e+00
7.460000000000000000e+02,2.836982021108269691e-04,1.318424940109252930e+00,8.209918022155761719e+00
7.470000000000000000e+02,2.841856330633163452e-04,1.248508691787719727e+00,8.362039566040039062e+00
7.480000000000000000e+02,2.821869857143610716e-04,1.282012462615966797e+00,8.289097785949707031e+00
7.490000000000000000e+02,2.800219808705151081e-04,1.294422149658203125e+00,8.288066864013671875e+00
7.500000000000000000e+02,2.781721996143460274e-04,1.260036230087280273e+00,8.314457893371582031e+00
7.510000000000000000e+02,2.755627210717648268e-04,1.117914915084838867e+00,8.353203773498535156e+00
7.520000000000000000e+02,2.755590830929577351e-04,8.986234664916992188e-01,8.364409446716308594e+00
7.530000000000000000e+02,2.744946978054940701e-04,1.007419824600219727e+00,8.358835220336914062e+00
7.540000000000000000e+02,2.739358460530638695e-04,1.067429780960083008e+00,8.427723884582519531e+00
7.550000000000000000e+02,2.787997946143150330e-04,1.053363084793090820e+00,8.441491127014160156e+00
7.560000000000000000e+02,2.728555118665099144e-04,1.062959432601928711e+00,8.432069778442382812e+00
7.570000000000000000e+02,2.748898405116051435e-04,1.146608591079711914e+00,8.281820297241210938e+00
7.580000000000000000e+02,2.717974712140858173e-04,1.091766357421875000e+00,8.380332946777343750e+00
7.590000000000000000e+02,2.713061985559761524e-04,1.110202074050903320e+00,8.394340515136718750e+00
7.600000000000000000e+02,2.707297680899500847e-04,1.159751415252685547e+00,8.397236824035644531e+00
7.610000000000000000e+02,2.705351507756859064e-04,1.189196109771728516e+00,8.479548454284667969e+00
7.620000000000000000e+02,2.706643135752528906e-04,1.336514949798583984e+00,8.472774505615234375e+00
7.630000000000000000e+02,2.697476011235266924e-04,1.260060071945190430e+00,8.476285934448242188e+00
7.640000000000000000e+02,2.694728318601846695e-04,1.180076599121093750e+00,8.460252761840820312e+00
7.650000000000000000e+02,2.691462577786296606e-04,1.201230287551879883e+00,8.497966766357421875e+00
7.660000000000000000e+02,2.689466928131878376e-04,1.199597120285034180e+00,8.532008171081542969e+00
7.670000000000000000e+02,2.685521030798554420e-04,1.179498434066772461e+00,8.604701042175292969e+00
7.680000000000000000e+02,2.680177276488393545e-04,1.255321502685546875e+00,8.704172134399414062e+00
7.690000000000000000e+02,2.675067225936800241e-04,1.168316602706909180e+00,8.862020492553710938e+00
7.700000000000000000e+02,2.665473439265042543e-04,1.224654912948608398e+00,8.875772476196289062e+00
7.710000000000000000e+02,2.653551637195050716e-04,1.329058408737182617e+00,8.869445800781250000e+00
7.720000000000000000e+02,2.644134510774165392e-04,1.339662075042724609e+00,8.904028892517089844e+00
7.730000000000000000e+02,2.634344855323433876e-04,1.316046714782714844e+00,8.998993873596191406e+00
7.740000000000000000e+02,2.623542386572808027e-04,1.292258501052856445e+00,9.024617195129394531e+00
7.750000000000000000e+02,2.610217779874801636e-04,1.239043474197387695e+00,9.052288055419921875e+00
7.760000000000000000e+02,2.575200051069259644e-04,1.051092147827148438e+00,9.185793876647949219e+00
7.770000000000000000e+02,2.547367475926876068e-04,9.297847747802734375e-01,9.281585693359375000e+00
7.780000000000000000e+02,2.687402884475886822e-04,7.159233093261718750e-01,9.638545036315917969e+00
7.790000000000000000e+02,2.540099376346915960e-04,8.897006511688232422e-01,9.348411560058593750e+00
7.800000000000000000e+02,2.521284332033246756e-04,9.050905704498291016e-01,9.448723793029785156e+00
7.810000000000000000e+02,2.513748186174780130e-04,9.834885597229003906e-01,9.466886520385742188e+00
7.820000000000000000e+02,2.509293262846767902e-04,1.022601127624511719e+00,9.465108871459960938e+00
7.830000000000000000e+02,2.504888107068836689e-04,1.016467809677124023e+00,9.495859146118164062e+00
7.840000000000000000e+02,2.498433168511837721e-04,9.760141372680664062e-01,9.468291282653808594e+00
7.850000000000000000e+02,2.494380460120737553e-04,9.664833545684814453e-01,9.440217018127441406e+00
7.860000000000000000e+02,2.490626648068428040e-04,9.614586830139160156e-01,9.455087661743164062e+00
7.870000000000000000e+02,2.487364981789141893e-04,9.696483612060546875e-01,9.456813812255859375e+00
7.880000000000000000e+02,2.481862902641296387e-04,1.007717847824096680e+00,9.465108871459960938e+00
7.890000000000000000e+02,2.481323899701237679e-04,1.041823625564575195e+00,9.444232940673828125e+00
7.900000000000000000e+02,2.478703972883522511e-04,1.078200340270996094e+00,9.380588531494140625e+00
7.910000000000000000e+02,2.472561318427324295e-04,1.048958301544189453e+00,9.414748191833496094e+00
7.920000000000000000e+02,2.470703620929270983e-04,1.045638322830200195e+00,9.376360893249511719e+00
7.930000000000000000e+02,2.465752186253666878e-04,1.091563701629638672e+00,9.244222640991210938e+00
7.940000000000000000e+02,2.462153788655996323e-04,1.124054193496704102e+00,9.213450431823730469e+00
7.950000000000000000e+02,2.459984971210360527e-04,1.135379076004028320e+00,9.129998207092285156e+00
7.960000000000000000e+02,2.458983217366039753e-04,1.147800683975219727e+00,9.064503669738769531e+00
7.970000000000000000e+02,2.457967493683099747e-04,1.142245531082153320e+00,9.023015022277832031e+00
7.980000000000000000e+02,2.457203518133610487e-04,1.134014129638671875e+00,9.001386642456054688e+00
7.990000000000000000e+02,2.456332440488040447e-04,1.126343011856079102e+00,9.006059646606445312e+00
8.000000000000000000e+02,2.454747736919671297e-04,1.130586862564086914e+00,8.992813110351562500e+00
8.010000000000000000e+02,2.452898188494145870e-04,1.154029369354248047e+00,8.998840332031250000e+00
8.020000000000000000e+02,2.451703185215592384e-04,1.188284158706665039e+00,8.977686882019042969e+00
8.030000000000000000e+02,2.449736930429935455e-04,1.187646389007568359e+00,8.985330581665039062e+00
8.040000000000000000e+02,2.447630395181477070e-04,1.182389259338378906e+00,8.990208625793457031e+00
8.050000000000000000e+02,2.444281999487429857e-04,1.161772012710571289e+00,9.023263931274414062e+00
8.060000000000000000e+02,2.440706593915820122e-04,1.158815622329711914e+00,9.036634445190429688e+00
8.070000000000000000e+02,2.435484057059511542e-04,1.156276464462280273e+00,9.099459648132324219e+00
8.080000000000000000e+02,2.430968888802453876e-04,1.159691810607910156e+00,9.112304687500000000e+00
8.090000000000000000e+02,2.426193095743656158e-04,1.188015937805175781e+00,9.153156280517578125e+00
8.100000000000000000e+02,2.421019307803362608e-04,1.196104288101196289e+00,9.200064659118652344e+00
8.110000000000000000e+02,2.415221388218924403e-04,1.196658611297607422e+00,9.226156234741210938e+00
8.120000000000000000e+02,2.406762068858370185e-04,1.186281442642211914e+00,9.296537399291992188e+00
8.130000000000000000e+02,2.397403441136702895e-04,1.139605045318603516e+00,9.298152923583984375e+00
8.140000000000000000e+02,2.382119710091501474e-04,1.105988025665283203e+00,9.271470069885253906e+00
8.150000000000000000e+02,2.366812550462782383e-04,1.108616590499877930e+00,9.192516326904296875e+00
8.160000000000000000e+02,2.454779169056564569e-04,1.152706146240234375e+00,8.796116828918457031e+00
8.170000000000000000e+02,2.359742065891623497e-04,1.120388507843017578e+00,9.086549758911132812e+00
8.180000000000000000e+02,2.343641826882958412e-04,1.112377643585205078e+00,8.961740493774414062e+00
8.190000000000000000e+02,2.324975939700379968e-04,1.082330942153930664e+00,8.836587905883789062e+00
8.200000000000000000e+02,2.311143907718360424e-04,1.120150089263916016e+00,8.678468704223632812e+00
8.210000000000000000e+02,2.296753664268180728e-04,1.151853799819946289e+00,8.742486000061035156e+00
8.220000000000000000e+02,2.281094202771782875e-04,1.183187961578369141e+00,8.853090286254882812e+00
8.230000000000000000e+02,2.269980323035269976e-04,1.145321130752563477e+00,8.806598663330078125e+00
8.240000000000000000e+02,2.257422311231493950e-04,1.116365194320678711e+00,8.845664978027343750e+00
8.250000000000000000e+02,2.245391224278137088e-04,1.070797443389892578e+00,8.772562980651855469e+00
8.260000000000000000e+02,2.238314336864277720e-04,9.568750858306884766e-01,8.841620445251464844e+00
8.270000000000000000e+02,2.221209142589941621e-04,1.001757383346557617e+00,8.650805473327636719e+00
8.280000000000000000e+02,2.211856772191822529e-04,1.042455434799194336e+00,8.629657745361328125e+00
8.290000000000000000e+02,2.200580638600513339e-04,1.165944337844848633e+00,8.555561065673828125e+00
8.300000000000000000e+02,2.218305744463577867e-04,1.290380954742431641e+00,8.268815040588378906e+00
8.310000000000000000e+02,2.190858067478984594e-04,1.212579011917114258e+00,8.447999954223632812e+00
8.320000000000000000e+02,2.176629204768687487e-04,1.394885778427124023e+00,8.310997962951660156e+00
8.330000000000000000e+02,2.168874489143490791e-04,1.250779628753662109e+00,8.355324745178222656e+00
8.340000000000000000e+02,2.165440819226205349e-04,1.191598176956176758e+00,8.295147895812988281e+00
8.350000000000000000e+02,2.160852891393005848e-04,1.191312074661254883e+00,8.357379913330078125e+00
8.360000000000000000e+02,2.158341521862894297e-04,1.205241680145263672e+00,8.329854965209960938e+00
8.370000000000000000e+02,2.155193360522389412e-04,1.242434978485107422e+00,8.279399871826171875e+00
8.380000000000000000e+02,2.153045206796377897e-04,1.284337043762207031e+00,8.255700111389160156e+00
8.390000000000000000e+02,2.258660533698275685e-04,1.023036241531372070e+00,8.235211372375488281e+00
8.400000000000000000e+02,2.152553206542506814e-04,1.265853643417358398e+00,8.254251480102539062e+00
8.410000000000000000e+02,2.150290674762800336e-04,1.305776834487915039e+00,8.248882293701171875e+00
8.420000000000000000e+02,2.154948160750791430e-04,1.412189006805419922e+00,8.419509887695312500e+00
8.430000000000000000e+02,2.148595522157847881e-04,1.342445611953735352e+00,8.307641029357910156e+00
8.440000000000000000e+02,2.145734033547341824e-04,1.328992843627929688e+00,8.356458663940429688e+00
8.450000000000000000e+02,2.141468139598146081e-04,1.291114091873168945e+00,8.477946281433105469e+00
8.460000000000000000e+02,2.139042771887034178e-04,1.272022724151611328e+00,8.540654182434082031e+00
8.470000000000000000e+02,2.134355308953672647e-04,1.224583387374877930e+00,8.621268272399902344e+00
8.480000000000000000e+02,2.133212838089093566e-04,1.185333728790283203e+00,8.680180549621582031e+00
8.490000000000000000e+02,2.131434739567339420e-04,1.201438903808593750e+00,8.656026840209960938e+00
8.500000000000000000e+02,2.127317129634320736e-04,1.173067092895507812e+00,8.661001205444335938e+00
8.510000000000000000e+02,2.124465099768713117e-04,1.161879301071166992e+00,8.606616973876953125e+00
8.520000000000000000e+02,2.122245496138930321e-04,1.167517900466918945e+00,8.607392311096191406e+00
8.530000000000000000e+02,2.120368153555318713e-04,1.168954372406005859e+00,8.576993942260742188e+00
8.540000000000000000e+02,2.126121544279158115e-04,1.097494363784790039e+00,8.744504928588867188e+00
8.550000000000000000e+02,2.118882839567959309e-04,1.146566867828369141e+00,8.629453659057617188e+00
8.560000000000000000e+02,2.117181284120306373e-04,1.156377792358398438e+00,8.675206184387207031e+00
8.570000000000000000e+02,2.115751703968271613e-04,1.171356439590454102e+00,8.715319633483886719e+00
8.580000000000000000e+02,2.114651142619550228e-04,1.186418533325195312e+00,8.715991973876953125e+00
8.590000000000000000e+02,2.113293303409591317e-04,1.219332218170166016e+00,8.712832450866699219e+00
8.600000000000000000e+02,2.111835347022861242e-04,1.233172416687011719e+00,8.687480926513671875e+00
8.610000000000000000e+02,2.110124914906919003e-04,1.231008768081665039e+00,8.659707069396972656e+00
8.620000000000000000e+02,2.107373875332996249e-04,1.220530271530151367e+00,8.637536048889160156e+00
8.630000000000000000e+02,2.102726284647360444e-04,1.200950145721435547e+00,8.623448371887207031e+00
8.640000000000000000e+02,2.096375101245939732e-04,1.197391748428344727e+00,8.621941566467285156e+00
8.650000000000000000e+02,2.085877640638500452e-04,1.195025444030761719e+00,8.580358505249023438e+00
8.660000000000000000e+02,2.116498799296095967e-04,1.564365625381469727e+00,8.562341690063476562e+00
8.670000000000000000e+02,2.082639111904427409e-04,1.283150911331176758e+00,8.576064109802246094e+00
8.680000000000000000e+02,2.070244227070361376e-04,1.274263858795166016e+00,8.510540008544921875e+00
8.690000000000000000e+02,2.051472547464072704e-04,1.295137405395507812e+00,8.441065788269042969e+00
8.700000000000000000e+02,2.028489834628999233e-04,1.298964023590087891e+00,8.405707359313964844e+00
8.710000000000000000e+02,2.113433583872392774e-04,1.328134536743164062e+00,8.225914955139160156e+00
8.720000000000000000e+02,2.019398671109229326e-04,1.306796073913574219e+00,8.357379913330078125e+00
8.730000000000000000e+02,1.997622021008282900e-04,1.270949840545654297e+00,8.384926795959472656e+00
8.740000000000000000e+02,1.984114642255008221e-04,1.267528533935546875e+00,8.342297554016113281e+00
8.750000000000000000e+02,1.971069723367691040e-04,1.242512464523315430e+00,8.284094810485839844e+00
8.760000000000000000e+02,1.966080890269950032e-04,1.174879074096679688e+00,8.257608413696289062e+00
8.770000000000000000e+02,1.958575012395158410e-04,1.203000545501708984e+00,8.203013420104980469e+00
8.780000000000000000e+02,1.956191263161599636e-04,1.259911060333251953e+00,8.249665260314941406e+00
8.790000000000000000e+02,1.953589671757072210e-04,1.246982812881469727e+00,8.226945877075195312e+00
8.800000000000000000e+02,1.951836893567815423e-04,1.238089799880981445e+00,8.213172912597656250e+00
8.810000000000000000e+02,1.950227451743558049e-04,1.250100135803222656e+00,8.205280303955078125e+00
8.820000000000000000e+02,1.948696590261533856e-04,1.232802867889404297e+00,8.194337844848632812e+00
8.830000000000000000e+02,1.947477139765396714e-04,1.203626394271850586e+00,8.193203926086425781e+00
8.840000000000000000e+02,1.946633710758760571e-04,1.182764768600463867e+00,8.171436309814453125e+00
8.850000000000000000e+02,1.945795229403302073e-04,1.174664497375488281e+00,8.142396926879882812e+00
8.860000000000000000e+02,1.944007381098344922e-04,1.168781518936157227e+00,8.067144393920898438e+00
8.870000000000000000e+02,1.942083763424307108e-04,1.143163442611694336e+00,8.058220863342285156e+00
8.880000000000000000e+02,1.941333030117675662e-04,1.122999191284179688e+00,8.040760040283203125e+00
8.890000000000000000e+02,1.942523522302508354e-04,1.128220558166503906e+00,8.023147583007812500e+00
8.900000000000000000e+02,1.939981593750417233e-04,1.125210523605346680e+00,8.033285140991210938e+00
8.910000000000000000e+02,1.964808616321533918e-04,9.876608848571777344e-01,8.226229667663574219e+00
8.920000000000000000e+02,1.939661742653697729e-04,1.111215353012084961e+00,8.052917480468750000e+00
8.930000000000000000e+02,1.938303466886281967e-04,1.124775409698486328e+00,8.063889503479003906e+00
8.940000000000000000e+02,1.936727785505354404e-04,1.119792461395263672e+00,8.069769859313964844e+00
8.950000000000000000e+02,1.936259213835000992e-04,1.117390394210815430e+00,8.109707832336425781e+00
8.960000000000000000e+02,1.933661696966737509e-04,1.109212636947631836e+00,8.076667785644531250e+00
8.970000000000000000e+02,1.931682345457375050e-04,1.119983196258544922e+00,8.065184593200683594e+00
8.980000000000000000e+02,1.925722172018140554e-04,1.137739419937133789e+00,8.022371292114257812e+00
8.990000000000000000e+02,1.918008492793887854e-04,1.124453544616699219e+00,7.998629093170166016e+00
9.000000000000000000e+02,1.904192322399467230e-04,1.087540388107299805e+00,7.969121456146240234e+00
9.010000000000000000e+02,1.888671831693500280e-04,1.007056236267089844e+00,8.004707336425781250e+00
9.020000000000000000e+02,1.875065354397520423e-04,9.638071060180664062e-01,8.022722244262695312e+00
9.030000000000000000e+02,1.867036044131964445e-04,8.461713790893554688e-01,8.179686546325683594e+00
9.040000000000000000e+02,1.850791159085929394e-04,9.143292903900146484e-01,8.105224609375000000e+00
9.050000000000000000e+02,1.838085008785128593e-04,9.421527385711669922e-01,8.072089195251464844e+00
9.060000000000000000e+02,1.821698533603921533e-04,9.240567684173583984e-01,8.070136070251464844e+00
9.070000000000000000e+02,1.810931717045605183e-04,8.970797061920166016e-01,8.049363136291503906e+00
9.080000000000000000e+02,1.803571649361401796e-04,8.101999759674072266e-01,8.052968978881835938e+00
9.090000000000000000e+02,1.794348645489662886e-04,7.572054862976074219e-01,8.011085510253906250e+00
9.100000000000000000e+02,1.786569482646882534e-04,7.174313068389892578e-01,8.030307769775390625e+00
9.110000000000000000e+02,1.782590261427685618e-04,7.360994815826416016e-01,8.012892723083496094e+00
9.120000000000000000e+02,1.781396276783198118e-04,7.796466350555419922e-01,8.029012680053710938e+00
9.130000000000000000e+02,1.777462748577818274e-04,7.842123508453369141e-01,8.049830436706542969e+00
9.140000000000000000e+02,1.775423006620258093e-04,7.808327674865722656e-01,8.038288116455078125e+00
9.150000000000000000e+02,1.773050753399729729e-04,7.876157760620117188e-01,8.037520408630371094e+00
9.160000000000000000e+02,1.771239039953798056e-04,7.719516754150390625e-01,8.012628555297851562e+00
9.170000000000000000e+02,1.769163645803928375e-04,7.568418979644775391e-01,7.981015205383300781e+00
9.180000000000000000e+02,1.767359499353915453e-04,7.427453994750976562e-01,7.942971706390380859e+00
9.190000000000000000e+02,1.765282795531675220e-04,7.341921329498291016e-01,7.918782711029052734e+00
9.200000000000000000e+02,1.762752654030919075e-04,7.612109184265136719e-01,7.899640560150146484e+00
9.210000000000000000e+02,1.762214815244078636e-04,7.882535457611083984e-01,7.779783725738525391e+00
9.220000000000000000e+02,1.758005237206816673e-04,7.935166358947753906e-01,7.835659503936767578e+00
9.230000000000000000e+02,1.754596014507114887e-04,8.045017719268798828e-01,7.851495742797851562e+00
9.240000000000000000e+02,1.749873044900596142e-04,8.081257343292236328e-01,7.831695079803466797e+00
9.250000000000000000e+02,1.745825284160673618e-04,8.163094520568847656e-01,7.787902832031250000e+00
9.260000000000000000e+02,1.742252061376348138e-04,7.912516593933105469e-01,7.744476318359375000e+00
9.270000000000000000e+02,1.737798738759011030e-04,7.599949836730957031e-01,7.720944881439208984e+00
9.280000000000000000e+02,1.731929078232496977e-04,6.932079792022705078e-01,7.685045242309570312e+00
9.290000000000000000e+02,1.734387769829481840e-04,7.443368434906005859e-01,7.708875656127929688e+00
9.300000000000000000e+02,1.728540228214114904e-04,7.153034210205078125e-01,7.695321559906005859e+00
9.310000000000000000e+02,2.141424629371613264e-04,4.121661186218261719e-02,7.351653099060058594e+00
9.320000000000000000e+02,1.721580192679539323e-04,6.330251693725585938e-01,7.653321266174316406e+00
9.330000000000000000e+02,1.709675852907821536e-04,5.934417247772216797e-01,7.559007644653320312e+00
9.340000000000000000e+02,1.692816440481692553e-04,5.621135234832763672e-01,7.403367042541503906e+00
9.350000000000000000e+02,1.685206370893865824e-04,6.637454032897949219e-01,7.185063362121582031e+00
9.360000000000000000e+02,1.676427491474896669e-04,6.985962390899658203e-01,7.154341697692871094e+00
9.370000000000000000e+02,1.671894424362108111e-04,7.085561752319335938e-01,7.064255237579345703e+00
9.380000000000000000e+02,1.667558390181511641e-04,7.425129413604736328e-01,6.994591712951660156e+00
9.390000000000000000e+02,1.664274313952773809e-04,7.473945617675781250e-01,6.928131103515625000e+00
9.400000000000000000e+02,1.660397101659327745e-04,7.344245910644531250e-01,6.945312976837158203e+00
9.410000000000000000e+02,1.657289394643157721e-04,6.932318210601806641e-01,6.994942665100097656e+00
9.420000000000000000e+02,1.655400556046515703e-04,6.735622882843017578e-01,7.027243614196777344e+00
9.430000000000000000e+02,1.654221559874713421e-04,6.736397743225097656e-01,7.024998188018798828e+00
9.440000000000000000e+02,1.652444771025329828e-04,6.872475147247314453e-01,7.007706165313720703e+00
9.450000000000000000e+02,1.651368802413344383e-04,7.046937942504882812e-01,6.985506534576416016e+00
9.460000000000000000e+02,1.650228223297744989e-04,7.185697555541992188e-01,7.023417949676513672e+00
9.470000000000000000e+02,1.647926692385226488e-04,7.487595081329345703e-01,7.019081115722656250e+00
9.480000000000000000e+02,1.645961019676178694e-04,7.742047309875488281e-01,7.021377086639404297e+00
9.490000000000000000e+02,1.643377472646534443e-04,8.185744285583496094e-01,7.040468692779541016e+00
9.500000000000000000e+02,1.641276467125862837e-04,8.492171764373779297e-01,7.035567760467529297e+00
9.510000000000000000e+02,1.638463872950524092e-04,8.737862110137939453e-01,7.027799606323242188e+00
9.520000000000000000e+02,1.635435910429805517e-04,8.903443813323974609e-01,6.974081516265869141e+00
9.530000000000000000e+02,1.631789928069338202e-04,8.853375911712646484e-01,6.913296699523925781e+00
9.540000000000000000e+02,1.626907906029373407e-04,8.389472961425781250e-01,6.890050888061523438e+00
9.550000000000000000e+02,1.618353562662377954e-04,7.738471031188964844e-01,6.824980735778808594e+00
9.560000000000000000e+02,1.610062317922711372e-04,7.189214229583740234e-01,6.838937282562255859e+00
9.570000000000000000e+02,1.601879484951496124e-04,6.881952285766601562e-01,6.860646724700927734e+00
9.580000000000000000e+02,1.595814246684312820e-04,7.452070713043212891e-01,6.890050888061523438e+00
9.590000000000000000e+02,1.593670749571174383e-04,7.346928119659423828e-01,6.977248191833496094e+00
9.600000000000000000e+02,1.591055770404636860e-04,7.389307022094726562e-01,6.942109107971191406e+00
9.610000000000000000e+02,1.586554571986198425e-04,7.467448711395263672e-01,6.924057006835937500e+00
9.620000000000000000e+02,1.577591465320438147e-04,7.745087146759033203e-01,6.850604057312011719e+00
9.630000000000000000e+02,1.583431439939886332e-04,8.384585380554199219e-01,6.778130531311035156e+00
9.640000000000000000e+02,1.575182395754382014e-04,7.979214191436767578e-01,6.824059009552001953e+00
9.650000000000000000e+02,1.570137974340468645e-04,7.663726806640625000e-01,6.806906223297119141e+00
9.660000000000000000e+02,1.562095858389511704e-04,7.194280624389648438e-01,6.752317428588867188e+00
9.670000000000000000e+02,1.556944771436974406e-04,7.096588611602783203e-01,6.736488819122314453e+00
9.680000000000000000e+02,1.554545160615816712e-04,6.518721580505371094e-01,6.759749412536621094e+00
9.690000000000000000e+02,1.548844156786799431e-04,6.820797920227050781e-01,6.744834899902343750e+00
9.700000000000000000e+02,1.546036801300942898e-04,6.889760494232177734e-01,6.696645736694335938e+00
9.710000000000000000e+02,1.543408143334090710e-04,6.658613681793212891e-01,6.676450252532958984e+00
9.720000000000000000e+02,1.541113888379186392e-04,6.306111812591552734e-01,6.605821132659912109e+00
9.730000000000000000e+02,1.537472417112439871e-04,5.795836448669433594e-01,6.613033294677734375e+00
9.740000000000000000e+02,1.533295289846137166e-04,5.313932895660400391e-01,6.622542381286621094e+00
9.750000000000000000e+02,1.530054287286475301e-04,4.752814769744873047e-01,6.604701995849609375e+00
9.760000000000000000e+02,1.527848362457007170e-04,4.451513290405273438e-01,6.590672492980957031e+00
9.770000000000000000e+02,1.525917759863659739e-04,4.485189914703369141e-01,6.573336601257324219e+00
9.780000000000000000e+02,1.524662075098603964e-04,4.341185092926025391e-01,6.560536384582519531e+00
9.790000000000000000e+02,1.524007529951632023e-04,4.327535629272460938e-01,6.580804824829101562e+00
9.800000000000000000e+02,1.523466780781745911e-04,4.295289516448974609e-01,6.584930419921875000e+00
9.810000000000000000e+02,1.522920210845768452e-04,4.179835319519042969e-01,6.597833156585693359e+00
9.820000000000000000e+02,1.522384700365364552e-04,4.074931144714355469e-01,6.620355129241943359e+00
9.830000000000000000e+02,1.521448866697028279e-04,3.970921039581298828e-01,6.627018928527832031e+00
9.840000000000000000e+02,1.519341167295351624e-04,3.680408000946044922e-01,6.654982089996337891e+00
9.850000000000000000e+02,1.517843338660895824e-04,3.542721271514892578e-01,6.678886890411376953e+00
9.860000000000000000e+02,1.518343342468142509e-04,4.033148288726806641e-01,6.776953697204589844e+00
9.870000000000000000e+02,1.517052442068234086e-04,3.759980201721191406e-01,6.722291469573974609e+00
9.880000000000000000e+02,1.515423064120113850e-04,3.739953041076660156e-01,6.711092472076416016e+00
9.890000000000000000e+02,1.513207389507442713e-04,4.112899303436279297e-01,6.671820640563964844e+00
9.900000000000000000e+02,1.508403511252254248e-04,4.928469657897949219e-01,6.555957317352294922e+00
9.910000000000000000e+02,1.505974214524030685e-04,5.426645278930664062e-01,6.490030765533447266e+00
9.920000000000000000e+02,1.504210231360048056e-04,5.736947059631347656e-01,6.452463626861572266e+00
9.930000000000000000e+02,1.501870574429631233e-04,5.512654781341552734e-01,6.451848983764648438e+00
9.940000000000000000e+02,1.499952632002532482e-04,5.216896533966064453e-01,6.471291065216064453e+00
9.950000000000000000e+02,1.496772456448525190e-04,4.845142364501953125e-01,6.487536430358886719e+00
9.960000000000000000e+02,1.494542957516387105e-04,5.013465881347656250e-01,6.478656768798828125e+00
9.970000000000000000e+02,1.492111332481727004e-04,5.386948585510253906e-01,6.417338371276855469e+00
9.980000000000000000e+02,1.489760179538279772e-04,5.794107913970947266e-01,6.382784366607666016e+00
9.990000000000000000e+02,1.486776454839855433e-04,6.053209304809570312e-01,6.363254547119140625e+00
1.000000000000000000e+03,1.484175591031089425e-04,5.996584892272949219e-01,6.311036109924316406e+00
1.001000000000000000e+03,1.480172504670917988e-04,5.486607551574707031e-01,6.336790084838867188e+00
1.002000000000000000e+03,1.475978933740407228e-04,4.689335823059082031e-01,6.363013267517089844e+00
1.003000000000000000e+03,1.469337439630180597e-04,4.922747611999511719e-01,6.354638099670410156e+00
1.004000000000000000e+03,1.467240217607468367e-04,5.170106887817382812e-01,6.425253391265869141e+00
1.005000000000000000e+03,1.465819805162027478e-04,5.083024501800537109e-01,6.400398254394531250e+00
1.006000000000000000e+03,1.467065740143880248e-04,5.673408508300781250e-01,6.523553848266601562e+00
1.007000000000000000e+03,1.461931678932160139e-04,5.370914936065673828e-01,6.460436344146728516e+00
1.008000000000000000e+03,1.458988990634679794e-04,5.564808845520019531e-01,6.454686641693115234e+00
1.009000000000000000e+03,1.456601312384009361e-04,5.752027034759521484e-01,6.473119735717773438e+00
1.010000000000000000e+03,1.454334123991429806e-04,5.931675434112548828e-01,6.529844760894775391e+00
1.011000000000000000e+03,1.451929274480789900e-04,5.667984485626220703e-01,6.586246967315673828e+00
1.012000000000000000e+03,1.449692354071885347e-04,5.598008632659912109e-01,6.638561248779296875e+00
1.013000000000000000e+03,1.446270325686782598e-04,5.600035190582275391e-01,6.667856216430664062e+00
1.014000000000000000e+03,1.446071983082219958e-04,5.730509757995605469e-01,6.627114295959472656e+00
1.015000000000000000e+03,1.442416978534311056e-04,5.665898323059082031e-01,6.647302150726318359e+00
1.016000000000000000e+03,1.440446794731542468e-04,6.579399108886718750e-01,6.544524192810058594e+00
1.017000000000000000e+03,1.430261472705751657e-04,6.064474582672119141e-01,6.624729156494140625e+00
1.018000000000000000e+03,1.426070666639134288e-04,6.158292293548583984e-01,6.659816741943359375e+00
1.019000000000000000e+03,1.426009985152631998e-04,5.996525287628173828e-01,6.684079647064208984e+00
1.020000000000000000e+03,1.422396744601428509e-04,6.076157093048095703e-01,6.672127723693847656e+00
1.021000000000000000e+03,1.418235624441877007e-04,6.663560867309570312e-01,6.705087661743164062e+00
1.022000000000000000e+03,1.415255246683955193e-04,6.584465503692626953e-01,6.714654922485351562e+00
1.023000000000000000e+03,1.412980345776304603e-04,6.379067897796630859e-01,6.736130237579345703e+00
1.024000000000000000e+03,1.410660770488902926e-04,6.365418434143066406e-01,6.770947456359863281e+00
1.025000000000000000e+03,1.407830277457833290e-04,6.134629249572753906e-01,6.807513713836669922e+00
1.026000000000000000e+03,1.405410002917051315e-04,5.768299102783203125e-01,6.776953697204589844e+00
1.027000000000000000e+03,1.403185015078634024e-04,5.247414112091064453e-01,6.737761020660400391e+00
1.028000000000000000e+03,1.401059853378683329e-04,5.110800266265869141e-01,6.671769142150878906e+00
1.029000000000000000e+03,1.398898166371509433e-04,5.080401897430419922e-01,6.627420902252197266e+00
1.030000000000000000e+03,1.396268198732286692e-04,4.981279373168945312e-01,6.595090866088867188e+00
1.031000000000000000e+03,1.394205319229513407e-04,5.540549755096435547e-01,6.526238441467285156e+00
1.032000000000000000e+03,1.393127313349395990e-04,4.922330379486083984e-01,6.509626865386962891e+00
1.033000000000000000e+03,1.390278193866834044e-04,5.056381225585937500e-01,6.531424045562744141e+00
1.034000000000000000e+03,1.388630771543830633e-04,4.620373249053955078e-01,6.513546943664550781e+00
1.035000000000000000e+03,1.387403608532622457e-04,4.392385482788085938e-01,6.447891712188720703e+00
1.036000000000000000e+03,1.389050157740712166e-04,4.674136638641357422e-01,6.427689075469970703e+00
1.037000000000000000e+03,1.386368821840733290e-04,4.500091075897216797e-01,6.440174579620361328e+00
1.038000000000000000e+03,1.384858042001724243e-04,4.411458969116210938e-01,6.432721138000488281e+00
1.039000000000000000e+03,1.382513146381825209e-04,4.365861415863037109e-01,6.390296459197998047e+00
1.040000000000000000e+03,1.380701723974198103e-04,4.484891891479492188e-01,6.376399040222167969e+00
1.041000000000000000e+03,1.377288426738232374e-04,4.733800888061523438e-01,6.318540096282958984e+00
1.042000000000000000e+03,1.373486156808212399e-04,5.611777305603027344e-01,6.238160133361816406e+00
1.043000000000000000e+03,1.368804078083485365e-04,5.861580371856689453e-01,6.213297843933105469e+00
1.044000000000000000e+03,1.363439660053700209e-04,6.054639816284179688e-01,6.158965587615966797e+00
1.045000000000000000e+03,1.361103495582938194e-04,6.702661514282226562e-01,6.098737239837646484e+00
1.046000000000000000e+03,1.356884313281625509e-04,6.439745426177978516e-01,6.128192901611328125e+00
1.047000000000000000e+03,1.353059196844696999e-04,6.066262722015380859e-01,6.126927375793457031e+00
1.048000000000000000e+03,1.347894285572692752e-04,5.539178848266601562e-01,6.137197017669677734e+00
1.049000000000000000e+03,1.344835036434233189e-04,5.180776119232177734e-01,6.177134990692138672e+00
1.050000000000000000e+03,1.341097522526979446e-04,5.061447620391845703e-01,6.186606884002685547e+00
1.051000000000000000e+03,1.337903959210962057e-04,5.061089992523193359e-01,6.191668987274169922e+00
1.052000000000000000e+03,1.335361739620566368e-04,5.312383174896240234e-01,6.088620662689208984e+00
1.053000000000000000e+03,1.333081163465976715e-04,5.240559577941894531e-01,6.106731891632080078e+00
1.054000000000000000e+03,1.331356033915653825e-04,5.309224128723144531e-01,6.073904037475585938e+00
1.055000000000000000e+03,1.329923106823116541e-04,5.378067493438720703e-01,6.067935466766357422e+00
1.056000000000000000e+03,1.328847720287740231e-04,5.380868911743164062e-01,6.073552608489990234e+00
1.057000000000000000e+03,1.327292411588132381e-04,5.314648151397705078e-01,6.113264083862304688e+00
1.058000000000000000e+03,1.325421908404678106e-04,5.150973796844482422e-01,6.169234752655029297e+00
1.059000000000000000e+03,1.323481556028127670e-04,4.773736000061035156e-01,6.329593181610107422e+00
1.060000000000000000e+03,1.318938302574679255e-04,4.478871822357177734e-01,6.324113845825195312e+00
1.061000000000000000e+03,1.316386042162775993e-04,4.150331020355224609e-01,6.318489551544189453e+00
1.062000000000000000e+03,1.311074156546965241e-04,3.458857536315917969e-01,6.343833923339843750e+00
1.063000000000000000e+03,1.314576802542433143e-04,2.611160278320312500e-01,6.361381530761718750e+00
1.064000000000000000e+03,1.309528743149712682e-04,3.156304359436035156e-01,6.350073814392089844e+00
1.065000000000000000e+03,1.306815538555383682e-04,2.938807010650634766e-01,6.386851310729980469e+00
1.066000000000000000e+03,1.303715253015980124e-04,2.777874469757080078e-01,6.444036960601806641e+00
1.067000000000000000e+03,1.302601303905248642e-04,2.689719200134277344e-01,6.481348514556884766e+00
1.068000000000000000e+03,1.301439624512568116e-04,2.709746360778808594e-01,6.502070903778076172e+00
1.069000000000000000e+03,1.300615404034033418e-04,2.775788307189941406e-01,6.510395050048828125e+00
1.070000000000000000e+03,1.315983536187559366e-04,1.638054847717285156e-01,6.561750888824462891e+00
1.071000000000000000e+03,1.300313742831349373e-04,2.637743949890136719e-01,6.516641616821289062e+00
1.072000000000000000e+03,1.299150462727993727e-04,2.796709537506103516e-01,6.491903305053710938e+00
1.073000000000000000e+03,1.297786075156182051e-04,2.863705158233642578e-01,6.463932037353515625e+00
1.074000000000000000e+03,1.296630071010440588e-04,2.935707569122314453e-01,6.426825523376464844e+00
1.075000000000000000e+03,1.295988622587174177e-04,2.727687358856201172e-01,6.398459434509277344e+00
1.076000000000000000e+03,1.295104884775355458e-04,2.821445465087890625e-01,6.394305229187011719e+00
1.077000000000000000e+03,1.294367539230734110e-04,2.745687961578369141e-01,6.404201507568359375e+00
1.078000000000000000e+03,1.296400296268984675e-04,2.902865409851074219e-01,6.441601276397705078e+00
1.079000000000000000e+03,1.294006651733070612e-04,2.789556980133056641e-01,6.414646625518798828e+00
1.080000000000000000e+03,1.294390822295099497e-04,2.360641956329345703e-01,6.385278701782226562e+00
1.081000000000000000e+03,1.293214882025495172e-04,2.595663070678710938e-01,6.401356220245361328e+00
1.082000000000000000e+03,1.291739026783034205e-04,2.752244472503662109e-01,6.395219326019287109e+00
1.083000000000000000e+03,1.290426444029435515e-04,2.726972103118896484e-01,6.374621391296386719e+00
1.084000000000000000e+03,1.288816274609416723e-04,3.030240535736083984e-01,6.338867664337158203e+00
1.085000000000000000e+03,1.286751066800206900e-04,3.573894500732421875e-01,6.327508449554443359e+00
1.086000000000000000e+03,1.285167527385056019e-04,4.258036613464355469e-01,6.292639732360839844e+00
1.087000000000000000e+03,1.283992023672908545e-04,4.668056964874267578e-01,6.337807178497314453e+00
1.088000000000000000e+03,1.283203600905835629e-04,4.608511924743652344e-01,6.350183486938476562e+00
1.089000000000000000e+03,1.282409502891823649e-04,4.467844963073730469e-01,6.371783256530761719e+00
1.090000000000000000e+03,1.281864242628216743e-04,4.401504993438720703e-01,6.376303672790527344e+00
1.091000000000000000e+03,1.280775759369134903e-04,4.313766956329345703e-01,6.362245082855224609e+00
1.092000000000000000e+03,1.279570424230769277e-04,4.280805587768554688e-01,6.328532218933105469e+00
1.093000000000000000e+03,1.277629053220152855e-04,4.119217395782470703e-01,6.254325866699218750e+00
1.094000000000000000e+03,1.429382973583415151e-04,7.712960243225097656e-01,5.826949119567871094e+00
1.095000000000000000e+03,1.277036208193749189e-04,4.333257675170898438e-01,6.228841304779052734e+00
1.096000000000000000e+03,1.274493261007592082e-04,4.151999950408935547e-01,6.162710666656494141e+00
1.097000000000000000e+03,1.270006032427772880e-04,3.840923309326171875e-01,6.092563629150390625e+00
1.098000000000000000e+03,1.269095519091933966e-04,3.378927707672119141e-01,5.991490364074707031e+00
1.099000000000000000e+03,1.261512225028127432e-04,3.569483757019042969e-01,6.010647296905517578e+00
1.100000000000000000e+03,1.258111733477562666e-04,3.857433795928955078e-01,6.108501911163330078e+00
1.101000000000000000e+03,1.253035443369299173e-04,4.182040691375732422e-01,6.186606884002685547e+00
1.102000000000000000e+03,1.247717591468244791e-04,4.040062427520751953e-01,6.175979137420654297e+00
1.103000000000000000e+03,1.239415141753852367e-04,4.242718219757080078e-01,6.203825950622558594e+00
1.104000000000000000e+03,1.235135277966037393e-04,4.302620887756347656e-01,6.165197372436523438e+00
1.105000000000000000e+03,1.229947811225429177e-04,4.606425762176513672e-01,6.071329116821289062e+00
1.106000000000000000e+03,1.227184984600171447e-04,4.852414131164550781e-01,6.056758880615234375e+00
1.107000000000000000e+03,1.225493178935721517e-04,5.087316036224365234e-01,6.054483890533447266e+00
1.108000000000000000e+03,1.223857398144900799e-04,4.704654216766357422e-01,6.054739475250244141e+00
1.109000000000000000e+03,1.222368446178734303e-04,4.441678524017333984e-01,6.069252014160156250e+00
1.110000000000000000e+03,1.220071353600360453e-04,4.162907600402832031e-01,6.077393054962158203e+00
1.111000000000000000e+03,1.221825659740716219e-04,4.324793815612792969e-01,6.118727684020996094e+00
1.112000000000000000e+03,1.217737444676458836e-04,4.236459732055664062e-01,6.096162319183349609e+00
1.113000000000000000e+03,1.213514115079306066e-04,4.350543022155761719e-01,6.099702358245849609e+00
1.114000000000000000e+03,1.227369939442723989e-04,4.771888256072998047e-01,5.980423450469970703e+00
1.115000000000000000e+03,1.210321861435659230e-04,4.490554332733154297e-01,6.060050010681152344e+00
1.116000000000000000e+03,1.207024179166182876e-04,4.834234714508056641e-01,5.990180969238281250e+00
1.117000000000000000e+03,1.206505403388291597e-04,5.062758922576904297e-01,6.036738872528076172e+00
1.118000000000000000e+03,1.204920772579498589e-04,4.963219165802001953e-01,6.016455173492431641e+00
1.119000000000000000e+03,1.203848514705896378e-04,4.822790622711181641e-01,6.021158218383789062e+00
1.120000000000000000e+03,1.202417406602762640e-04,4.245817661285400391e-01,6.037236213684082031e+00
1.121000000000000000e+03,1.201523991767317057e-04,4.863202571868896484e-01,5.987898826599121094e+00
1.122000000000000000e+03,1.197927194880321622e-04,4.891753196716308594e-01,5.999068737030029297e+00
1.123000000000000000e+03,1.196141893160529435e-04,5.018830299377441406e-01,5.999982833862304688e+00
1.124000000000000000e+03,1.193564676214009523e-04,5.158782005310058594e-01,5.988301277160644531e+00
1.125000000000000000e+03,1.190492912428453565e-04,5.270302295684814453e-01,5.972384452819824219e+00
1.126000000000000000e+03,1.188247115351259708e-04,5.216658115386962891e-01,5.958903789520263672e+00
1.127000000000000000e+03,1.185820146929472685e-04,5.005717277526855469e-01,5.946110725402832031e+00
1.128000000000000000e+03,1.182621563202701509e-04,4.473090171813964844e-01,5.943484783172607422e+00
1.129000000000000000e+03,1.181001352961175144e-04,4.088461399078369141e-01,5.949548721313476562e+00
1.130000000000000000e+03,1.179076207336038351e-04,3.813326358795166016e-01,5.927524566650390625e+00
1.131000000000000000e+03,1.177664089482277632e-04,3.926157951354980469e-01,5.917518138885498047e+00
1.132000000000000000e+03,1.176281148218549788e-04,3.881156444549560547e-01,5.868298053741455078e+00
1.133000000000000000e+03,1.175551587948575616e-04,3.808200359344482422e-01,5.838059425354003906e+00
1.134000000000000000e+03,1.174758290289901197e-04,3.656089305877685547e-01,5.810410499572753906e+00
1.135000000000000000e+03,1.174193312181159854e-04,3.374278545379638672e-01,5.769741535186767578e+00
1.136000000000000000e+03,1.177152662421576679e-04,3.529071807861328125e-01,5.745083808898925781e+00
1.137000000000000000e+03,1.174013377749361098e-04,3.404676914215087891e-01,5.764899253845214844e+00
1.138000000000000000e+03,1.173393684439361095e-04,3.336966037750244141e-01,5.742816448211669922e+00
1.139000000000000000e+03,1.195220393128693104e-04,1.504540443420410156e-01,5.728392124176025391e+00
1.140000000000000000e+03,1.173191922134719789e-04,3.175199031829833984e-01,5.741558074951171875e+00
1.141000000000000000e+03,1.172471966128796339e-04,3.231823444366455078e-01,5.703193187713623047e+00
1.142000000000000000e+03,1.171930707641877234e-04,3.432095050811767578e-01,5.685952663421630859e+00
1.143000000000000000e+03,1.171348121715709567e-04,3.350675106048583984e-01,5.656687259674072266e+00
1.144000000000000000e+03,1.170548202935606241e-04,3.459632396697998047e-01,5.644032955169677734e+00
1.145000000000000000e+03,1.169566530734300613e-04,3.359019756317138672e-01,5.644939899444580078e+00
1.146000000000000000e+03,1.168130256701260805e-04,3.128826618194580078e-01,5.609537124633789062e+00
1.147000000000000000e+03,1.167091177194379270e-04,3.026783466339111328e-01,5.615783691406250000e+00
1.148000000000000000e+03,1.165711655630730093e-04,2.845168113708496094e-01,5.627714157104492188e+00
1.149000000000000000e+03,1.164255954790860415e-04,2.744436264038085938e-01,5.627618789672851562e+00
1.150000000000000000e+03,1.162327025667764246e-04,2.663969993591308594e-01,5.651844501495361328e+00
1.151000000000000000e+03,1.161048712674528360e-04,2.714276313781738281e-01,5.648926258087158203e+00
1.152000000000000000e+03,1.159730090876109898e-04,2.744257450103759766e-01,5.643981933593750000e+00
1.153000000000000000e+03,1.158400045824237168e-04,2.743244171142578125e-01,5.630888462066650391e+00
1.154000000000000000e+03,1.157194201368838549e-04,2.559423446655273438e-01,5.608732700347900391e+00
1.155000000000000000e+03,1.155852587544359267e-04,2.432703971862792969e-01,5.595837116241455078e+00
1.156000000000000000e+03,1.154415222117677331e-04,2.265632152557373047e-01,5.579473972320556641e+00
1.157000000000000000e+03,1.154001074610278010e-04,2.721309661865234375e-01,5.476375102996826172e+00
1.158000000000000000e+03,1.152125478256493807e-04,2.470791339874267578e-01,5.582641601562500000e+00
1.159000000000000000e+03,1.151122996816411614e-04,2.689540386199951172e-01,5.577258110046386719e+00
1.160000000000000000e+03,1.148744631791487336e-04,3.168582916259765625e-01,5.558934688568115234e+00
1.161000000000000000e+03,1.146001523011364043e-04,3.805637359619140625e-01,5.515501022338867188e+00
1.162000000000000000e+03,1.141946340794675052e-04,4.131972789764404297e-01,5.444893360137939453e+00
1.163000000000000000e+03,1.149193849414587021e-04,5.339205265045166016e-01,5.324941158294677734e+00
1.164000000000000000e+03,1.139869564212858677e-04,4.519402980804443359e-01,5.406389236450195312e+00
1.165000000000000000e+03,1.143879781011492014e-04,4.797697067260742188e-01,5.279298305511474609e+00
1.166000000000000000e+03,1.137197687057778239e-04,4.627645015716552734e-01,5.356935024261474609e+00
1.167000000000000000e+03,1.158577360911294818e-04,5.382895469665527344e-01,5.085000991821289062e+00
1.168000000000000000e+03,1.132126562879420817e-04,4.859268665313720703e-01,5.273424625396728516e+00
1.169000000000000000e+03,1.126779970945790410e-04,4.406511783599853516e-01,5.208595275878906250e+00
1.170000000000000000e+03,1.117409337894059718e-04,3.578901290893554688e-01,5.066004753112792969e+00
1.171000000000000000e+03,1.121732639148831367e-04,3.711342811584472656e-01,4.806709766387939453e+00
1.172000000000000000e+03,1.114665574277751148e-04,3.631234169006347656e-01,4.963454246520996094e+00
1.173000000000000000e+03,1.107108037103898823e-04,3.992676734924316406e-01,4.859353065490722656e+00
1.174000000000000000e+03,1.108655123971402645e-04,4.417181015014648438e-01,4.563316822052001953e+00
1.175000000000000000e+03,1.099565561162307858e-04,4.208922386169433594e-01,4.708452701568603516e+00
1.176000000000000000e+03,1.103688555303961039e-04,6.104707717895507812e-01,4.693574905395507812e+00
1.177000000000000000e+03,1.093639803002588451e-04,5.070865154266357422e-01,4.701715946197509766e+00
1.178000000000000000e+03,1.088926728698424995e-04,5.928397178649902344e-01,4.572935581207275391e+00
1.179000000000000000e+03,1.085286348825320601e-04,6.084203720092773438e-01,4.575334548950195312e+00
1.180000000000000000e+03,1.080681395251303911e-04,5.797326564788818359e-01,4.471459865570068359e+00
1.181000000000000000e+03,1.077488996088504791e-04,5.258023738861083984e-01,4.514557838439941406e+00
1.182000000000000000e+03,1.075848413165658712e-04,4.236161708831787109e-01,4.595778942108154297e+00
1.183000000000000000e+03,1.073838066076859832e-04,4.531621932983398438e-01,4.618030071258544922e+00
1.184000000000000000e+03,1.072660379577428102e-04,4.764914512634277344e-01,4.593438148498535156e+00
1.185000000000000000e+03,1.071122824214398861e-04,4.895985126495361328e-01,4.627699851989746094e+00
1.186000000000000000e+03,1.069074351107701659e-04,4.983842372894287109e-01,4.650155544281005859e+00
1.187000000000000000e+03,1.067032571882009506e-04,5.015552043914794922e-01,4.681593418121337891e+00
1.188000000000000000e+03,1.065425458364188671e-04,4.782915115356445312e-01,4.707260608673095703e+00
1.189000000000000000e+03,1.063480449374765158e-04,4.667460918426513672e-01,4.724288940429687500e+00
1.190000000000000000e+03,1.061192015185952187e-04,4.518330097198486328e-01,4.769288539886474609e+00
1.191000000000000000e+03,1.059668502421118319e-04,4.652917385101318359e-01,4.766384601593017578e+00
1.192000000000000000e+03,1.058846537489444017e-04,4.720211029052734375e-01,4.789125442504882812e+00
1.193000000000000000e+03,1.058038033079355955e-04,4.915833473205566406e-01,4.786324024200439453e+00
1.194000000000000000e+03,1.056765613611787558e-04,4.969894886016845703e-01,4.777678012847900391e+00
1.195000000000000000e+03,1.055839238688349724e-04,5.059659481048583984e-01,4.768491268157958984e+00
1.196000000000000000e+03,1.055357861332595348e-04,5.064070224761962891e-01,4.747205734252929688e+00
1.197000000000000000e+03,1.056269247783347964e-04,4.557371139526367188e-01,4.705804824829101562e+00
1.198000000000000000e+03,1.054755121003836393e-04,4.868268966674804688e-01,4.731230258941650391e+00
1.199000000000000000e+03,1.053997839335352182e-04,4.740178585052490234e-01,4.735377788543701172e+00
1.200000000000000000e+03,1.053502346621826291e-04,4.704892635345458984e-01,4.748661041259765625e+00
1.201000000000000000e+03,1.053081359714269638e-04,4.658639430999755859e-01,4.751257896423339844e+00
1.202000000000000000e+03,1.052740990417078137e-04,4.632055759429931641e-01,4.750409126281738281e+00
1.203000000000000000e+03,1.052355510182678699e-04,4.581928253173828125e-01,4.753547191619873047e+00
1.204000000000000000e+03,1.051572035066783428e-04,4.279196262359619141e-01,4.754505634307861328e+00
1.205000000000000000e+03,1.054431049851700664e-04,4.519045352935791016e-01,4.690085887908935547e+00
1.206000000000000000e+03,1.051366634783335030e-04,4.328429698944091797e-01,4.741265773773193359e+00
1.207000000000000000e+03,1.050669525284320116e-04,4.106283187866210938e-01,4.724237918853759766e+00
1.208000000000000000e+03,1.050215505529195070e-04,4.057884216308593750e-01,4.705007553100585938e+00
1.209000000000000000e+03,1.049703860189765692e-04,4.126667976379394531e-01,4.676802635192871094e+00
1.210000000000000000e+03,1.049717393470928073e-04,4.123389720916748047e-01,4.670819282531738281e+00
1.211000000000000000e+03,1.049244237947277725e-04,4.125058650970458984e-01,4.673810958862304688e+00
1.212000000000000000e+03,1.048069243552163243e-04,4.278004169464111328e-01,4.646556854248046875e+00
1.213000000000000000e+03,1.045666649588383734e-04,4.394352436065673828e-01,4.594235420227050781e+00
1.214000000000000000e+03,1.043658412527292967e-04,4.413425922393798828e-01,4.576878070831298828e+00
1.215000000000000000e+03,1.393490820191800594e-04,5.040347576141357422e-01,4.195846080780029297e+00
1.216000000000000000e+03,1.043412703438661993e-04,4.430294036865234375e-01,4.566608428955078125e+00
1.217000000000000000e+03,1.054004824254661798e-04,3.787279129028320312e-01,4.602010726928710938e+00
1.218000000000000000e+03,1.042782387230545282e-04,4.305064678192138672e-01,4.573483943939208984e+00
1.219000000000000000e+03,1.040177885442972183e-04,4.206478595733642578e-01,4.574881076812744141e+00
1.220000000000000000e+03,1.036508256220258772e-04,3.940761089324951172e-01,4.557281970977783203e+00
1.221000000000000000e+03,1.034004235407337546e-04,3.311693668365478516e-01,4.508135318756103516e+00
1.222000000000000000e+03,1.029675695463083684e-04,3.107905387878417969e-01,4.508230686187744141e+00
1.223000000000000000e+03,1.025820383802056313e-04,2.836048603057861328e-01,4.463838577270507812e+00
1.224000000000000000e+03,1.022910000756382942e-04,2.518236637115478516e-01,4.448104858398437500e+00
1.225000000000000000e+03,1.020133422571234405e-04,2.558648586273193359e-01,4.426936149597167969e+00
1.226000000000000000e+03,1.016067762975580990e-04,2.453088760375976562e-01,4.388051986694335938e+00
1.227000000000000000e+03,1.008385297609493136e-04,2.075791358947753906e-01,4.360980510711669922e+00
1.228000000000000000e+03,1.009315164992585778e-04,3.000855445861816406e-01,4.164305686950683594e+00
1.229000000000000000e+03,1.004632285912521183e-04,2.516031265258789062e-01,4.267324447631835938e+00
1.230000000000000000e+03,1.005581871140748262e-04,2.148270606994628906e-01,4.226801872253417969e+00
1.231000000000000000e+03,9.984622738556936383e-05,2.336502075195312500e-01,4.247538566589355469e+00
1.232000000000000000e+03,9.942098404280841351e-05,2.610206604003906250e-01,4.278903484344482422e+00
1.233000000000000000e+03,9.869399946182966232e-05,3.390610218048095703e-01,4.245549201965332031e+00
1.234000000000000000e+03,9.808369213715195656e-05,3.735244274139404297e-01,4.189592361450195312e+00
1.235000000000000000e+03,9.736340143717825413e-05,4.115283489227294922e-01,3.909663200378417969e+00
1.236000000000000000e+03,9.790624608285725117e-05,3.949820995330810547e-01,3.888165473937988281e+00
1.237000000000000000e+03,9.692145977169275284e-05,4.049241542816162109e-01,3.901090383529663086e+00
1.238000000000000000e+03,9.661871445132419467e-05,3.777027130126953125e-01,3.911798715591430664e+00
1.239000000000000000e+03,9.626525570638477802e-05,3.239989280700683594e-01,3.845565319061279297e+00
1.240000000000000000e+03,9.580148616805672646e-05,2.681910991668701172e-01,3.769040107727050781e+00
1.241000000000000000e+03,9.537241567159071565e-05,2.305150032043457031e-01,3.707655906677246094e+00
1.242000000000000000e+03,9.973148553399369121e-05,3.288269042968750000e-01,3.484670877456665039e+00
1.243000000000000000e+03,9.525925270281732082e-05,2.443015575408935547e-01,3.676356792449951172e+00
1.244000000000000000e+03,9.494769619777798653e-05,2.441406250000000000e-01,3.654017925262451172e+00
1.245000000000000000e+03,9.476285777054727077e-05,2.399623394012451172e-01,3.652379751205444336e+00
1.246000000000000000e+03,9.468499047216027975e-05,2.260982990264892578e-01,3.641064167022705078e+00
1.247000000000000000e+03,9.455352846998721361e-05,2.431690692901611328e-01,3.639784097671508789e+00
1.248000000000000000e+03,9.449040226172655821e-05,2.502679824829101562e-01,3.635182857513427734e+00
1.249000000000000000e+03,9.443746967008337379e-05,2.437055110931396484e-01,3.642153739929199219e+00
1.250000000000000000e+03,9.434983803657814860e-05,2.288639545440673828e-01,3.655049562454223633e+00
1.251000000000000000e+03,9.421638242201879621e-05,2.234339714050292969e-01,3.688169956207275391e+00
1.252000000000000000e+03,9.424799645785242319e-05,1.458704471588134766e-01,3.741822481155395508e+00
1.253000000000000000e+03,9.414895612280815840e-05,1.877427101135253906e-01,3.712849378585815430e+00
1.254000000000000000e+03,9.407108882442116737e-05,1.938879489898681641e-01,3.701570272445678711e+00
1.255000000000000000e+03,9.395479719387367368e-05,2.052247524261474609e-01,3.713829517364501953e+00
1.256000000000000000e+03,9.389417391503229737e-05,2.059936523437500000e-01,3.714275836944580078e+00
1.257000000000000000e+03,9.381328709423542023e-05,2.050042152404785156e-01,3.720705270767211914e+00
1.258000000000000000e+03,9.376952948514372110e-05,2.084255218505859375e-01,3.747469186782836914e+00
1.259000000000000000e+03,9.372246859129518270e-05,2.085149288177490234e-01,3.740300893783569336e+00
1.260000000000000000e+03,9.368312021251767874e-05,2.132236957550048828e-01,3.739013433456420898e+00
1.261000000000000000e+03,9.363626304548233747e-05,2.214431762695312500e-01,3.743658542633056641e+00
1.262000000000000000e+03,9.361426782561466098e-05,2.272963523864746094e-01,3.742268562316894531e+00
1.263000000000000000e+03,9.357785165775567293e-05,2.296566963195800781e-01,3.746233224868774414e+00
1.264000000000000000e+03,9.355493966722860932e-05,2.457916736602783203e-01,3.736087799072265625e+00
1.265000000000000000e+03,9.352047345601022243e-05,2.388358116149902344e-01,3.751082658767700195e+00
1.266000000000000000e+03,9.349323227070271969e-05,2.420425415039062500e-01,3.742173671722412109e+00
1.267000000000000000e+03,9.345723810838535428e-05,2.589344978332519531e-01,3.728078365325927734e+00
1.268000000000000000e+03,9.342851262772455812e-05,2.744257450103759766e-01,3.721699953079223633e+00
1.269000000000000000e+03,9.339008101960644126e-05,2.952992916107177734e-01,3.709235668182373047e+00
1.270000000000000000e+03,9.335891809314489365e-05,3.064155578613281250e-01,3.708497047424316406e+00
1.271000000000000000e+03,9.332451736554503441e-05,3.060281276702880859e-01,3.705578565597534180e+00
1.272000000000000000e+03,9.328403393737971783e-05,3.107130527496337891e-01,3.682281732559204102e+00
1.273000000000000000e+03,9.323695849161595106e-05,2.907216548919677734e-01,3.676459312438964844e+00
1.274000000000000000e+03,9.315668285125866532e-05,2.770602703094482422e-01,3.673146009445190430e+00
1.275000000000000000e+03,9.305302955908700824e-05,2.624452114105224609e-01,3.655342102050781250e+00
1.276000000000000000e+03,9.294449409935623407e-05,2.503275871276855469e-01,3.633756637573242188e+00
1.277000000000000000e+03,9.284280531574040651e-05,2.534270286560058594e-01,3.619968891143798828e+00
1.278000000000000000e+03,9.273065370507538319e-05,2.897322177886962891e-01,3.598917245864868164e+00
1.279000000000000000e+03,9.263516403734683990e-05,3.171324729919433594e-01,3.585824489593505859e+00
1.280000000000000000e+03,9.257039346266537905e-05,3.313720226287841797e-01,3.571904420852661133e+00
1.281000000000000000e+03,9.249364666175097227e-05,3.241956233978271484e-01,3.542565584182739258e+00
1.282000000000000000e+03,9.230794967152178288e-05,3.154218196868896484e-01,3.478497266769409180e+00
1.283000000000000000e+03,9.213676094077527523e-05,2.713263034820556641e-01,3.415460109710693359e+00
1.284000000000000000e+03,9.201133798342198133e-05,2.608716487884521484e-01,3.409586429595947266e+00
1.285000000000000000e+03,9.189574484480544925e-05,2.343416213989257812e-01,3.392382621765136719e+00
1.286000000000000000e+03,9.186860552290454507e-05,2.242386341094970703e-01,3.416937589645385742e+00
1.287000000000000000e+03,9.174678416457027197e-05,2.331256866455078125e-01,3.396771430969238281e+00
1.288000000000000000e+03,9.164584480458870530e-05,2.318918704986572266e-01,3.357484579086303711e+00
1.289000000000000000e+03,9.156730084214359522e-05,2.324402332305908203e-01,3.347478389739990234e+00
1.290000000000000000e+03,9.146066440735012293e-05,2.098619937896728516e-01,3.312836170196533203e+00
1.291000000000000000e+03,9.134518768405541778e-05,2.032756805419921875e-01,3.299933195114135742e+00
1.292000000000000000e+03,9.116018918575718999e-05,2.058327198028564453e-01,3.220175266265869141e+00
1.293000000000000000e+03,9.107188088819384575e-05,2.116322517395019531e-01,3.183404684066772461e+00
1.294000000000000000e+03,9.105665958486497402e-05,2.161145210266113281e-01,3.063576936721801758e+00
1.295000000000000000e+03,9.100182069232687354e-05,2.140283584594726562e-01,3.119365453720092773e+00
1.296000000000000000e+03,9.088778460863977671e-05,2.062559127807617188e-01,3.104370594024658203e+00
1.297000000000000000e+03,9.075437264982610941e-05,2.251267433166503906e-01,3.081219911575317383e+00
1.298000000000000000e+03,9.050532389665022492e-05,2.016723155975341797e-01,2.936471462249755859e+00
1.299000000000000000e+03,9.035614493768662214e-05,2.605319023132324219e-01,2.903636455535888672e+00
1.300000000000000000e+03,9.022788435686379671e-05,2.455294132232666016e-01,2.936325311660766602e+00
1.301000000000000000e+03,9.014052920974791050e-05,2.051353454589843750e-01,2.933816194534301758e+00
1.302000000000000000e+03,9.007746120914816856e-05,1.893460750579833984e-01,2.865907669067382812e+00
1.303000000000000000e+03,9.000620048027485609e-05,2.030313014984130859e-01,2.871108293533325195e+00
1.304000000000000000e+03,8.995004463940858841e-05,2.070307731628417969e-01,2.865907669067382812e+00
1.305000000000000000e+03,8.982993313111364841e-05,2.082526683807373047e-01,2.856983900070190430e+00
1.306000000000000000e+03,1.016272144624963403e-04,1.671373844146728516e-01,2.701234340667724609e+00
1.307000000000000000e+03,8.980307029560208321e-05,2.062320709228515625e-01,2.849332809448242188e+00
1.308000000000000000e+03,8.974362572189420462e-05,2.102434635162353516e-01,2.848645210266113281e+00
1.309000000000000000e+03,8.965899905888363719e-05,2.025783061981201172e-01,2.840606451034545898e+00
1.310000000000000000e+03,8.955515659181401134e-05,1.969933509826660156e-01,2.829568624496459961e+00
1.311000000000000000e+03,8.941577834775671363e-05,2.054154872894287109e-01,2.738260746002197266e+00
1.312000000000000000e+03,8.928302850108593702e-05,2.564072608947753906e-01,2.680424213409423828e+00
1.313000000000000000e+03,8.910795440897345543e-05,2.556681632995605469e-01,2.690562248229980469e+00
1.314000000000000000e+03,8.899621025193482637e-05,2.641141414642333984e-01,2.698096275329589844e+00
1.315000000000000000e+03,8.893529593478888273e-05,2.914726734161376953e-01,2.653638362884521484e+00
1.316000000000000000e+03,8.888100273907184601e-05,2.945125102996826172e-01,2.653404235839843750e+00
1.317000000000000000e+03,8.877424988895654678e-05,2.973914146423339844e-01,2.663578748703002930e+00
1.318000000000000000e+03,8.872420585248619318e-05,2.914547920227050781e-01,2.674111843109130859e+00
1.319000000000000000e+03,8.865199924912303686e-05,2.814888954162597656e-01,2.692859172821044922e+00
1.320000000000000000e+03,8.859425724949687719e-05,2.716422080993652344e-01,2.708775520324707031e+00
1.321000000000000000e+03,8.853145118337124586e-05,2.587378025054931641e-01,2.722198009490966797e+00
1.322000000000000000e+03,8.848510333336889744e-05,2.374231815338134766e-01,2.761733055114746094e+00
1.323000000000000000e+03,8.845652337186038494e-05,2.357244491577148438e-01,2.765697717666625977e+00
1.324000000000000000e+03,8.843172690831124783e-05,2.348363399505615234e-01,2.764958858489990234e+00
1.325000000000000000e+03,8.841586532071232796e-05,2.271890640258789062e-01,2.778491020202636719e+00
1.326000000000000000e+03,8.840116788633167744e-05,2.238035202026367188e-01,2.770305871963500977e+00
1.327000000000000000e+03,8.835730841383337975e-05,2.260029315948486328e-01,2.778878688812255859e+00
1.328000000000000000e+03,8.833938045427203178e-05,2.308428287506103516e-01,2.774475336074829102e+00
1.329000000000000000e+03,8.829627040540799499e-05,2.231717109680175781e-01,2.771234989166259766e+00
1.330000000000000000e+03,8.826854173094034195e-05,2.509057521820068359e-01,2.745275497436523438e+00
1.331000000000000000e+03,8.824071846902370453e-05,2.463817596435546875e-01,2.729644060134887695e+00
1.332000000000000000e+03,8.822293602861464024e-05,2.331495285034179688e-01,2.723865509033203125e+00
1.333000000000000000e+03,8.819891081657260656e-05,2.681791782379150391e-01,2.715044260025024414e+00
1.334000000000000000e+03,8.815909677650779486e-05,2.694368362426757812e-01,2.696728467941284180e+00
1.335000000000000000e+03,8.809424616629257798e-05,2.652347087860107422e-01,2.673519134521484375e+00
1.336000000000000000e+03,8.805068500805646181e-05,2.645850181579589844e-01,2.649578571319580078e+00
1.337000000000000000e+03,8.799215720500797033e-05,2.577722072601318359e-01,2.650456428527832031e+00
1.338000000000000000e+03,8.794866880634799600e-05,2.569377422332763672e-01,2.654230833053588867e+00
1.339000000000000000e+03,8.789515413809567690e-05,2.594232559204101562e-01,2.658933877944946289e+00
1.340000000000000000e+03,8.782515214988961816e-05,2.713739871978759766e-01,2.656234741210937500e+00
1.341000000000000000e+03,8.776338654570281506e-05,2.699553966522216797e-01,2.640230655670166016e+00
1.342000000000000000e+03,8.766801329329609871e-05,3.065645694732666016e-01,2.580148458480834961e+00
1.343000000000000000e+03,8.756826719036325812e-05,3.122746944427490234e-01,2.575547695159912109e+00
1.344000000000000000e+03,8.739226905163377523e-05,3.159284591674804688e-01,2.552952766418457031e+00
1.345000000000000000e+03,8.728087414056062698e-05,3.152251243591308594e-01,2.528851270675659180e+00
1.346000000000000000e+03,8.713453280506655574e-05,3.241360187530517578e-01,2.496681690216064453e+00
1.347000000000000000e+03,8.699325553607195616e-05,3.217995166778564453e-01,2.509884595870971680e+00
1.348000000000000000e+03,8.689520473126322031e-05,3.278136253356933594e-01,2.534425020217895508e+00
1.349000000000000000e+03,8.681243343744426966e-05,3.185570240020751953e-01,2.568606138229370117e+00
1.350000000000000000e+03,8.674072887515649199e-05,3.119826316833496094e-01,2.566543340682983398e+00
1.351000000000000000e+03,8.665396308060735464e-05,2.926468849182128906e-01,2.533152341842651367e+00
1.352000000000000000e+03,8.656566933495923877e-05,2.762019634246826172e-01,2.472397327423095703e+00
1.353000000000000000e+03,8.665850327815860510e-05,2.378165721893310547e-01,2.375310659408569336e+00
1.354000000000000000e+03,8.649092342238873243e-05,2.608120441436767578e-01,2.433461666107177734e+00
1.355000000000000000e+03,8.854328189045190811e-05,9.427070617675781250e-02,1.921835303306579590e+00
1.356000000000000000e+03,8.635732228867709637e-05,2.271115779876708984e-01,2.329718828201293945e+00
1.357000000000000000e+03,8.623710891697555780e-05,2.236843109130859375e-01,2.292151212692260742e+00
1.358000000000000000e+03,8.619156142231076956e-05,2.233028411865234375e-01,2.309333086013793945e+00
1.359000000000000000e+03,8.608683856436982751e-05,2.305746078491210938e-01,2.308345556259155273e+00
1.360000000000000000e+03,8.602505840826779604e-05,2.350628376007080078e-01,2.314350843429565430e+00
1.361000000000000000e+03,8.591803634772077203e-05,2.506911754608154297e-01,2.321131467819213867e+00
1.362000000000000000e+03,8.580271969549357891e-05,2.576947212219238281e-01,2.350945711135864258e+00
1.363000000000000000e+03,8.564838208258152008e-05,2.824962139129638672e-01,2.305076122283935547e+00
1.364000000000000000e+03,8.566972246626392007e-05,2.720236778259277344e-01,2.374769449234008789e+00
1.365000000000000000e+03,8.555173553759232163e-05,2.775013446807861328e-01,2.338306188583374023e+00
1.366000000000000000e+03,8.537259418517351151e-05,2.792954444885253906e-01,2.308257818222045898e+00
1.367000000000000000e+03,8.510313637088984251e-05,2.919077873229980469e-01,2.237247943878173828e+00
1.368000000000000000e+03,8.498031820636242628e-05,3.058016300201416016e-01,2.210871458053588867e+00
1.369000000000000000e+03,8.482999692205339670e-05,3.115653991699218750e-01,2.174481391906738281e+00
1.370000000000000000e+03,8.474575588479638100e-05,3.282129764556884766e-01,2.157233476638793945e+00
1.371000000000000000e+03,8.468449959764257073e-05,3.248453140258789062e-01,2.174817800521850586e+00
1.372000000000000000e+03,8.461971447104588151e-05,3.170371055603027344e-01,2.184802293777465820e+00
1.373000000000000000e+03,8.457436342723667622e-05,3.148257732391357422e-01,2.208881855010986328e+00
1.374000000000000000e+03,8.465386781608685851e-05,2.650678157806396484e-01,2.221740961074829102e+00
1.375000000000000000e+03,8.455180795863270760e-05,2.986490726470947266e-01,2.213065862655639648e+00
1.376000000000000000e+03,8.449799497611820698e-05,3.090202808380126953e-01,2.238857030868530273e+00
1.377000000000000000e+03,8.446577703580260277e-05,3.123462200164794922e-01,2.249580144882202148e+00
1.378000000000000000e+03,8.442087710136547685e-05,3.156125545501708984e-01,2.246990680694580078e+00
1.379000000000000000e+03,8.444146806141361594e-05,3.029823303222656250e-01,2.271326541900634766e+00
1.380000000000000000e+03,8.440688543487340212e-05,3.106713294982910156e-01,2.256507158279418945e+00
1.381000000000000000e+03,8.435575728071853518e-05,3.103971481323242188e-01,2.238366842269897461e+00
1.382000000000000000e+03,8.427809370914474130e-05,3.187298774719238281e-01,2.189432382583618164e+00
1.383000000000000000e+03,8.422193059232085943e-05,3.180384635925292969e-01,2.154066324234008789e+00
1.384000000000000000e+03,8.419559162575751543e-05,3.226757049560546875e-01,2.117932319641113281e+00
1.385000000000000000e+03,8.418073412030935287e-05,3.273189067840576172e-01,2.112029314041137695e+00
1.386000000000000000e+03,8.417345816269516945e-05,3.309309482574462891e-01,2.109257221221923828e+00
1.387000000000000000e+03,8.416509081143885851e-05,3.346920013427734375e-01,2.108774423599243164e+00
1.388000000000000000e+03,8.415628690272569656e-05,3.390491008758544922e-01,2.105417013168334961e+00
1.389000000000000000e+03,8.415951742790639400e-05,3.359556198120117188e-01,2.090224742889404297e+00
1.390000000000000000e+03,8.414817420998588204e-05,3.376364707946777344e-01,2.098497390747070312e+00
1.391000000000000000e+03,8.413117029704153538e-05,3.627419471740722656e-01,2.085894346237182617e+00
1.392000000000000000e+03,8.410176087636500597e-05,3.486514091491699219e-01,2.084965467453002930e+00
1.393000000000000000e+03,8.406012784689664841e-05,3.324091434478759766e-01,2.088322877883911133e+00
1.394000000000000000e+03,8.401006925851106644e-05,3.235876560211181641e-01,2.081315517425537109e+00
1.395000000000000000e+03,8.396946941502392292e-05,3.212571144104003906e-01,2.084775209426879883e+00
1.396000000000000000e+03,8.393535244977101684e-05,3.279805183410644531e-01,2.072940111160278320e+00
1.397000000000000000e+03,8.398790669161826372e-05,3.170728683471679688e-01,2.103273868560791016e+00
1.398000000000000000e+03,8.391906158067286015e-05,3.244340419769287109e-01,2.082822322845458984e+00
1.399000000000000000e+03,8.389404683839529753e-05,3.256618976593017578e-01,2.092609167098999023e+00
1.400000000000000000e+03,8.385391265619546175e-05,3.291904926300048828e-01,2.093486785888671875e+00
1.401000000000000000e+03,8.383754175156354904e-05,3.235101699829101562e-01,2.103610277175903320e+00
1.402000000000000000e+03,8.380874351132661104e-05,3.144204616546630859e-01,2.102930068969726562e+00
1.403000000000000000e+03,8.377259655389934778e-05,3.072023391723632812e-01,2.106916427612304688e+00
1.404000000000000000e+03,8.465587598038837314e-05,2.506911754608154297e-01,1.990724205970764160e+00
1.405000000000000000e+03,8.376598998438566923e-05,3.022730350494384766e-01,2.096793174743652344e+00
1.406000000000000000e+03,8.371863805223256350e-05,2.826094627380371094e-01,2.091592311859130859e+00
1.407000000000000000e+03,8.368097769562155008e-05,2.810537815093994141e-01,2.118217468261718750e+00
1.408000000000000000e+03,8.365776739083230495e-05,2.865374088287353516e-01,2.113836050033569336e+00
1.409000000000000000e+03,8.362688822671771049e-05,2.771258354187011719e-01,2.127126693725585938e+00
1.410000000000000000e+03,8.359961793757975101e-05,2.682805061340332031e-01,2.148265838623046875e+00
1.411000000000000000e+03,8.356284524779766798e-05,2.582013607025146484e-01,2.171899318695068359e+00
1.412000000000000000e+03,8.352345321327447891e-05,2.538144588470458984e-01,2.188357114791870117e+00
1.413000000000000000e+03,8.348314440809190273e-05,2.461194992065429688e-01,2.177260875701904297e+00
1.414000000000000000e+03,8.343806257471442223e-05,2.523422241210937500e-01,2.149677753448486328e+00
1.415000000000000000e+03,8.338426414411514997e-05,2.537786960601806641e-01,2.127375364303588867e+00
1.416000000000000000e+03,8.333895675605162978e-05,2.613008022308349609e-01,2.086428403854370117e+00
1.417000000000000000e+03,8.330218406626954675e-05,2.579331398010253906e-01,2.076151371002197266e+00
1.418000000000000000e+03,8.326258102897554636e-05,2.522349357604980469e-01,2.083605051040649414e+00
1.419000000000000000e+03,8.321246423292905092e-05,2.514302730560302734e-01,2.053966283798217773e+00
1.420000000000000000e+03,8.315630111610516906e-05,2.613663673400878906e-01,2.036052703857421875e+00
1.421000000000000000e+03,8.310763223562389612e-05,2.615571022033691406e-01,2.018790245056152344e+00
1.422000000000000000e+03,8.308080577990040183e-05,2.702891826629638672e-01,2.000496625900268555e+00
1.423000000000000000e+03,8.306311065098270774e-05,2.691149711608886719e-01,1.994271755218505859e+00
1.424000000000000000e+03,8.304806397063657641e-05,2.684533596038818359e-01,1.999816298484802246e+00
1.425000000000000000e+03,8.302672358695417643e-05,2.700626850128173828e-01,1.999962568283081055e+00
1.426000000000000000e+03,8.299625187646597624e-05,2.774536609649658203e-01,2.009647130966186523e+00
1.427000000000000000e+03,8.295360021293163300e-05,2.859830856323242188e-01,1.996751546859741211e+00
1.428000000000000000e+03,8.291587437270209193e-05,2.927601337432861328e-01,1.986584305763244629e+00
1.429000000000000000e+03,8.287566015496850014e-05,2.971589565277099609e-01,1.982158780097961426e+00
1.430000000000000000e+03,8.284859359264373779e-05,2.971410751342773438e-01,1.975209951400756836e+00
1.431000000000000000e+03,8.280981273856014013e-05,2.907633781433105469e-01,1.966703176498413086e+00
1.432000000000000000e+03,8.276687003672122955e-05,2.791166305541992188e-01,1.967873454093933105e+00
1.433000000000000000e+03,8.273823914350941777e-05,2.740085124969482422e-01,1.965437650680541992e+00
1.434000000000000000e+03,8.271536353277042508e-05,2.827823162078857422e-01,1.970784783363342285e+00
1.435000000000000000e+03,8.268965029856190085e-05,2.863109111785888672e-01,1.969614267349243164e+00
1.436000000000000000e+03,8.265172800747677684e-05,2.958476543426513672e-01,1.962519288063049316e+00
1.437000000000000000e+03,8.260778849944472313e-05,3.113031387329101562e-01,1.956491947174072266e+00
1.438000000000000000e+03,8.257765875896438956e-05,3.246009349822998047e-01,1.943749904632568359e+00
1.439000000000000000e+03,8.254183921962976456e-05,3.248631954193115234e-01,1.928206324577331543e+00
1.440000000000000000e+03,8.250740938819944859e-05,3.225803375244140625e-01,1.917753934860229492e+00
1.441000000000000000e+03,8.247048390330746770e-05,3.176152706146240234e-01,1.890638709068298340e+00
1.442000000000000000e+03,8.240583701990544796e-05,3.135144710540771484e-01,1.857752323150634766e+00
1.443000000000000000e+03,8.232979598687961698e-05,3.023028373718261719e-01,1.819826126098632812e+00
1.444000000000000000e+03,8.225631609093397856e-05,2.983093261718750000e-01,1.789726734161376953e+00
1.445000000000000000e+03,8.218243601731956005e-05,2.908825874328613281e-01,1.752700090408325195e+00
1.446000000000000000e+03,8.213729597628116608e-05,2.847194671630859375e-01,1.709280729293823242e+00
1.447000000000000000e+03,8.207545033656060696e-05,2.930581569671630859e-01,1.733104348182678223e+00
1.448000000000000000e+03,8.203028846764937043e-05,2.963066101074218750e-01,1.694490551948547363e+00
1.449000000000000000e+03,8.199596777558326721e-05,2.906858921051025391e-01,1.695507407188415527e+00
1.450000000000000000e+03,8.196265844162553549e-05,2.877235412597656250e-01,1.681931495666503906e+00
1.451000000000000000e+03,8.194244583137333393e-05,2.798616886138916016e-01,1.684499025344848633e+00
1.452000000000000000e+03,8.191825327230617404e-05,2.644717693328857422e-01,1.691974282264709473e+00
1.453000000000000000e+03,8.190248627215623856e-05,2.528250217437744141e-01,1.700217962265014648e+00
1.454000000000000000e+03,8.188992069335654378e-05,2.472519874572753906e-01,1.718745708465576172e+00
1.455000000000000000e+03,8.187335333786904812e-05,2.410352230072021484e-01,1.721993446350097656e+00
1.456000000000000000e+03,8.185424667317420244e-05,2.407312393188476562e-01,1.717239022254943848e+00
1.457000000000000000e+03,8.182892634067684412e-05,2.394676208496093750e-01,1.706376910209655762e+00
1.458000000000000000e+03,8.182601595763117075e-05,2.206385135650634766e-01,1.721847295761108398e+00
1.459000000000000000e+03,8.207464270526543260e-05,2.469003200531005859e-01,1.571012973785400391e+00
1.460000000000000000e+03,8.180423174053430557e-05,2.265632152557373047e-01,1.687805175781250000e+00
1.461000000000000000e+03,8.177652489393949509e-05,2.462387084960937500e-01,1.671076536178588867e+00
1.462000000000000000e+03,8.175648690667003393e-05,2.499282360076904297e-01,1.652512192726135254e+00
1.463000000000000000e+03,8.172715024556964636e-05,2.486944198608398438e-01,1.637678265571594238e+00
1.464000000000000000e+03,8.169033390004187822e-05,2.421677112579345703e-01,1.621242284774780273e+00
1.465000000000000000e+03,8.163844177033752203e-05,2.320587635040283203e-01,1.629880785942077637e+00
1.466000000000000000e+03,8.159245771821588278e-05,2.207875251770019531e-01,1.639470219612121582e+00
1.467000000000000000e+03,8.155565592460334301e-05,2.137422561645507812e-01,1.686883568763732910e+00
1.468000000000000000e+03,8.152848749887198210e-05,2.059936523437500000e-01,1.706618309020996094e+00
1.469000000000000000e+03,8.149837231030687690e-05,2.039074897766113281e-01,1.720201373100280762e+00
1.470000000000000000e+03,8.144033199641853571e-05,1.970887184143066406e-01,1.735086560249328613e+00
1.471000000000000000e+03,8.138083649100735784e-05,1.901268959045410156e-01,1.736344814300537109e+00
1.472000000000000000e+03,8.132972288876771927e-05,1.698791980743408203e-01,1.714722871780395508e+00
1.473000000000000000e+03,8.178626012522727251e-05,2.278625965118408203e-01,1.754207015037536621e+00
1.474000000000000000e+03,8.130060450639575720e-05,1.816213130950927734e-01,1.722724914550781250e+00
1.475000000000000000e+03,8.125065505737438798e-05,1.784324645996093750e-01,1.720047712326049805e+00
1.476000000000000000e+03,8.116185199469327927e-05,1.653790473937988281e-01,1.707686066627502441e+00
1.477000000000000000e+03,8.111414354061707854e-05,1.821458339691162109e-01,1.721028089523315430e+00
1.478000000000000000e+03,8.107162284431979060e-05,1.866340637207031250e-01,1.761821508407592773e+00
1.479000000000000000e+03,8.104489825200289488e-05,1.823723316192626953e-01,1.773275971412658691e+00
1.480000000000000000e+03,8.102015999611467123e-05,1.756250858306884766e-01,1.777357578277587891e+00
1.481000000000000000e+03,8.098631951725110412e-05,1.708328723907470703e-01,1.787978410720825195e+00
1.482000000000000000e+03,8.093056385405361652e-05,1.727521419525146484e-01,1.802249193191528320e+00
1.483000000000000000e+03,8.089379844022914767e-05,1.732289791107177734e-01,1.831529498100280762e+00
1.484000000000000000e+03,8.086032175924628973e-05,1.765012741088867188e-01,1.839202404022216797e+00
1.485000000000000000e+03,8.083011925918981433e-05,1.753509044647216797e-01,1.845705151557922363e+00
1.486000000000000000e+03,8.079931285465136170e-05,1.695334911346435547e-01,1.835267305374145508e+00
1.487000000000000000e+03,8.077346137724816799e-05,1.610100269317626953e-01,1.807493686676025391e+00
1.488000000000000000e+03,8.072490163613110781e-05,1.511275768280029297e-01,1.767109870910644531e+00
1.489000000000000000e+03,8.075543155428022146e-05,1.260340213775634766e-01,1.669240713119506836e+00
1.490000000000000000e+03,8.069888281170278788e-05,1.408994197845458984e-01,1.727230668067932129e+00
1.491000000000000000e+03,8.065593283390626311e-05,1.419007778167724609e-01,1.715008020401000977e+00
1.492000000000000000e+03,8.063229324761778116e-05,1.226544380187988281e-01,1.727033257484436035e+00
1.493000000000000000e+03,8.059295942075550556e-05,1.403689384460449219e-01,1.755465030670166016e+00
1.494000000000000000e+03,8.056259684963151813e-05,1.610636711120605469e-01,1.770020961761474609e+00
1.495000000000000000e+03,8.052236807998269796e-05,1.855611801147460938e-01,1.787934422492980957e+00
1.496000000000000000e+03,8.047701703617349267e-05,2.131044864654541016e-01,1.800793647766113281e+00
1.497000000000000000e+03,8.044701098697260022e-05,2.250611782073974609e-01,1.793705701828002930e+00
1.498000000000000000e+03,8.042471745284274220e-05,2.278268337249755859e-01,1.785206198692321777e+00
1.499000000000000000e+03,8.040468674153089523e-05,2.269685268402099609e-01,1.771279215812683105e+00
1.500000000000000000e+03,8.038942178245633841e-05,2.269148826599121094e-01,1.768667817115783691e+00
1.501000000000000000e+03,8.036864892346784472e-05,2.314090728759765625e-01,1.765851855278015137e+00
1.502000000000000000e+03,8.034249185584485531e-05,2.422690391540527344e-01,1.772500753402709961e+00
1.503000000000000000e+03,8.031110337469726801e-05,2.514839172363281250e-01,1.801956653594970703e+00
1.504000000000000000e+03,8.027855074033141136e-05,2.632915973663330078e-01,1.790845751762390137e+00
1.505000000000000000e+03,8.025176066439598799e-05,2.635121345520019531e-01,1.788219809532165527e+00
1.506000000000000000e+03,8.021216490305960178e-05,2.618849277496337891e-01,1.766773462295532227e+00
1.507000000000000000e+03,8.017684740480035543e-05,2.597451210021972656e-01,1.735086560249328613e+00
1.508000000000000000e+03,8.013194747036322951e-05,2.574682235717773438e-01,1.706428050994873047e+00
1.509000000000000000e+03,8.008345321286469698e-05,2.591609954833984375e-01,1.683394432067871094e+00
1.510000000000000000e+03,8.003766561159864068e-05,2.602756023406982422e-01,1.676994204521179199e+00
1.511000000000000000e+03,8.004435221664607525e-05,2.529680728912353516e-01,1.672824859619140625e+00
1.512000000000000000e+03,8.002041431609541178e-05,2.568721771240234375e-01,1.675048470497131348e+00
1.513000000000000000e+03,8.006836287677288055e-05,2.349436283111572266e-01,1.678010821342468262e+00
1.514000000000000000e+03,8.000341040315106511e-05,2.494096755981445312e-01,1.676065087318420410e+00
1.515000000000000000e+03,7.996632484719157219e-05,2.481997013092041016e-01,1.673739194869995117e+00
1.516000000000000000e+03,7.989065488800406456e-05,2.420842647552490234e-01,1.672481060028076172e+00
1.517000000000000000e+03,7.985324918990954757e-05,2.305209636688232422e-01,1.662591695785522461e+00
1.518000000000000000e+03,7.980626833159476519e-05,2.168715000152587891e-01,1.655950069427490234e+00
1.519000000000000000e+03,7.976317283464595675e-05,1.991510391235351562e-01,1.639953017234802246e+00
1.520000000000000000e+03,7.971691957209259272e-05,1.823902130126953125e-01,1.634094119071960449e+00
1.521000000000000000e+03,7.967725832713767886e-05,1.664876937866210938e-01,1.617321729660034180e+00
1.522000000000000000e+03,7.964348333189263940e-05,1.615345478057861328e-01,1.613496303558349609e+00
1.523000000000000000e+03,7.959296635817736387e-05,1.618087291717529297e-01,1.597601532936096191e+00
1.524000000000000000e+03,7.951981388032436371e-05,1.652240753173828125e-01,1.556434988975524902e+00
1.525000000000000000e+03,8.062862616498023272e-05,9.077191352844238281e-02,1.616890192031860352e+00
1.526000000000000000e+03,7.948652637423947453e-05,1.543343067169189453e-01,1.565293073654174805e+00
1.527000000000000000e+03,7.936645124573260546e-05,1.655101776123046875e-01,1.503711462020874023e+00
1.528000000000000000e+03,7.922892837086692452e-05,1.867115497589111328e-01,1.435349345207214355e+00
1.529000000000000000e+03,7.908519910415634513e-05,1.992225646972656250e-01,1.390028119087219238e+00
1.530000000000000000e+03,7.913706940598785877e-05,2.349555492401123047e-01,1.390898585319519043e+00
1.531000000000000000e+03,7.898772309999912977e-05,2.158761024475097656e-01,1.390423178672790527e+00
1.532000000000000000e+03,7.890383858466520905e-05,2.274394035339355469e-01,1.356534719467163086e+00
1.533000000000000000e+03,7.879448821768164635e-05,2.207219600677490234e-01,1.373548388481140137e+00
1.534000000000000000e+03,7.871900743339210749e-05,2.217352390289306641e-01,1.361706018447875977e+00
1.535000000000000000e+03,7.859554170863702893e-05,2.312958240509033203e-01,1.351268172264099121e+00
1.536000000000000000e+03,7.852714043110609055e-05,2.371490001678466797e-01,1.297396183013916016e+00
1.537000000000000000e+03,7.845759682822972536e-05,2.427279949188232422e-01,1.309567689895629883e+00
1.538000000000000000e+03,7.837929297238588333e-05,2.513766288757324219e-01,1.284259200096130371e+00
1.539000000000000000e+03,7.829993410268798470e-05,2.553641796112060547e-01,1.256492972373962402e+00
1.540000000000000000e+03,7.824034400982782245e-05,2.419114112854003906e-01,1.281501531600952148e+00
1.541000000000000000e+03,7.819221355020999908e-05,2.456665039062500000e-01,1.276622772216796875e+00
1.542000000000000000e+03,7.817793812137097120e-05,2.475917339324951172e-01,1.278802514076232910e+00
1.543000000000000000e+03,7.812631520209833980e-05,2.650976181030273438e-01,1.264363408088684082e+00
1.544000000000000000e+03,7.810824899934232235e-05,2.695500850677490234e-01,1.251614212989807129e+00
1.545000000000000000e+03,7.806127541698515415e-05,2.909898757934570312e-01,1.239113569259643555e+00
1.546000000000000000e+03,7.804030610714107752e-05,2.927958965301513672e-01,1.197171688079833984e+00
1.547000000000000000e+03,7.799301238264888525e-05,2.795040607452392578e-01,1.223562717437744141e+00
1.548000000000000000e+03,7.796250429237261415e-05,2.683758735656738281e-01,1.227673530578613281e+00
1.549000000000000000e+03,7.810501847416162491e-05,2.433717250823974609e-01,1.168600797653198242e+00
1.550000000000000000e+03,7.794697739882394671e-05,2.623975276947021484e-01,1.213527083396911621e+00
1.551000000000000000e+03,7.789961819071322680e-05,2.355456352233886719e-01,1.209525942802429199e+00
1.552000000000000000e+03,7.786649075569584966e-05,2.285659313201904297e-01,1.207587599754333496e+00
1.553000000000000000e+03,7.781852036714553833e-05,2.122700214385986328e-01,1.189498662948608398e+00
1.554000000000000000e+03,7.779774023219943047e-05,2.068579196929931641e-01,1.183954119682312012e+00
1.555000000000000000e+03,7.777099381200969219e-05,2.017498016357421875e-01,1.177722096443176270e+00
1.556000000000000000e+03,7.776169513817876577e-05,1.910924911499023438e-01,1.230270147323608398e+00
1.557000000000000000e+03,7.773163815727457404e-05,1.893520355224609375e-01,1.213044285774230957e+00
1.558000000000000000e+03,7.771553646307438612e-05,1.930952072143554688e-01,1.208026528358459473e+00
1.559000000000000000e+03,7.769661169731989503e-05,1.890957355499267578e-01,1.203250050544738770e+00
1.560000000000000000e+03,7.767206989228725433e-05,1.916587352752685547e-01,1.198568701744079590e+00
1.561000000000000000e+03,7.764597103232517838e-05,1.940369606018066406e-01,1.169573664665222168e+00
1.562000000000000000e+03,7.762323366478085518e-05,1.943528652191162109e-01,1.151821255683898926e+00
1.563000000000000000e+03,7.760591688565909863e-05,1.916110515594482422e-01,1.125774025917053223e+00
1.564000000000000000e+03,7.758915307931602001e-05,1.827716827392578125e-01,1.117962002754211426e+00
1.565000000000000000e+03,7.757481944281607866e-05,1.758575439453125000e-01,1.109243035316467285e+00
1.566000000000000000e+03,7.756273407721891999e-05,1.770079135894775391e-01,1.115986943244934082e+00
1.567000000000000000e+03,7.755491242278367281e-05,1.813709735870361328e-01,1.130162715911865234e+00
1.568000000000000000e+03,7.754006946925073862e-05,1.931488513946533203e-01,1.121677756309509277e+00
1.569000000000000000e+03,7.752687815809622407e-05,1.992404460906982422e-01,1.113631725311279297e+00
1.570000000000000000e+03,7.751259545329958200e-05,2.186954021453857422e-01,1.095886468887329102e+00
1.571000000000000000e+03,7.749699580017477274e-05,2.214133739471435547e-01,1.075639724731445312e+00
1.572000000000000000e+03,7.748260395601391792e-05,2.223849296569824219e-01,1.054193377494812012e+00
1.573000000000000000e+03,7.746557093923911452e-05,2.229034900665283203e-01,1.034246444702148438e+00
1.574000000000000000e+03,7.744480535620823503e-05,2.167224884033203125e-01,1.032710433006286621e+00
1.575000000000000000e+03,7.743384048808366060e-05,2.139747142791748047e-01,1.038583993911743164e+00
1.576000000000000000e+03,7.742233719909563661e-05,2.136051654815673828e-01,1.058099269866943359e+00
1.577000000000000000e+03,7.740929140709340572e-05,2.145707607269287109e-01,1.077322125434875488e+00
1.578000000000000000e+03,7.738667773082852364e-05,2.166032791137695312e-01,1.090729713439941406e+00
1.579000000000000000e+03,7.732324593234807253e-05,2.234697341918945312e-01,1.102008819580078125e+00
1.580000000000000000e+03,7.728718628641217947e-05,2.273321151733398438e-01,1.103888630867004395e+00
1.581000000000000000e+03,7.741522131254896522e-05,2.166032791137695312e-01,1.045042872428894043e+00
1.582000000000000000e+03,7.725107570877298713e-05,2.237498760223388672e-01,1.084219813346862793e+00
1.583000000000000000e+03,7.721112342551350594e-05,2.166628837585449219e-01,1.073086857795715332e+00
1.584000000000000000e+03,7.715816900599747896e-05,2.018332481384277344e-01,1.052745103836059570e+00
1.585000000000000000e+03,7.712451770203188062e-05,2.010941505432128906e-01,1.040317535400390625e+00
1.586000000000000000e+03,7.708186603849753737e-05,2.043426036834716797e-01,1.030398964881896973e+00
1.587000000000000000e+03,7.702699076617136598e-05,2.045631408691406250e-01,1.016128301620483398e+00
1.588000000000000000e+03,7.704401650698855519e-05,2.168655395507812500e-01,9.276947975158691406e-01
1.589000000000000000e+03,7.700586138525977731e-05,2.098917961120605469e-01,9.777997732162475586e-01
1.590000000000000000e+03,7.696261309320107102e-05,2.068877220153808594e-01,9.786190390586853027e-01
1.591000000000000000e+03,7.690300117246806622e-05,2.114534378051757812e-01,9.549344182014465332e-01
1.592000000000000000e+03,7.684934826102107763e-05,2.146959304809570312e-01,9.622489809989929199e-01
1.593000000000000000e+03,7.678354450035840273e-05,2.218365669250488281e-01,9.452059864997863770e-01
1.594000000000000000e+03,7.671146158827468753e-05,2.306759357452392578e-01,9.638362526893615723e-01
1.595000000000000000e+03,7.662960706511512399e-05,2.397179603576660156e-01,9.870966076850891113e-01
1.596000000000000000e+03,7.654981163796037436e-05,2.443850040435791016e-01,1.016333103179931641e+00
1.597000000000000000e+03,7.648279279237613082e-05,2.465128898620605469e-01,1.036221385002136230e+00
1.598000000000000000e+03,7.643600110895931721e-05,2.408266067504882812e-01,1.040507793426513672e+00
1.599000000000000000e+03,7.640328840352594852e-05,2.386868000030517578e-01,1.023932933807373047e+00
1.600000000000000000e+03,7.637210364919155836e-05,2.407371997833251953e-01,1.022206664085388184e+00
1.601000000000000000e+03,7.634002395207062364e-05,2.513051033020019531e-01,1.021914124488830566e+00
1.602000000000000000e+03,7.645932055311277509e-05,2.654790878295898438e-01,1.037143111228942871e+00
1.603000000000000000e+03,7.632601773366332054e-05,2.547323703765869141e-01,1.025578618049621582e+00
1.604000000000000000e+03,7.629625906702131033e-05,2.630114555358886719e-01,1.020034193992614746e+00
1.605000000000000000e+03,7.625973375979810953e-05,2.694964408874511719e-01,1.019119977951049805e+00
1.606000000000000000e+03,7.622380508109927177e-05,2.640962600708007812e-01,1.002983927726745605e+00
1.607000000000000000e+03,7.616899529239162803e-05,2.572000026702880859e-01,9.885376095771789551e-01
1.608000000000000000e+03,7.610626926179975271e-05,2.478718757629394531e-01,9.796796441078186035e-01
1.609000000000000000e+03,7.602187542943283916e-05,2.362847328186035156e-01,9.446354508399963379e-01
1.610000000000000000e+03,7.596923387609422207e-05,2.324938774108886719e-01,9.132997393608093262e-01
1.611000000000000000e+03,7.592889596708118916e-05,2.339541912078857422e-01,9.072871208190917969e-01
1.612000000000000000e+03,7.589007873320952058e-05,2.445697784423828125e-01,8.816934227943420410e-01
1.613000000000000000e+03,7.585766434203833342e-05,2.590775489807128906e-01,8.830392956733703613e-01
1.614000000000000000e+03,7.582573016406968236e-05,2.756357192993164062e-01,8.535541296005249023e-01
1.615000000000000000e+03,7.579103839816525578e-05,2.860605716705322266e-01,8.428821563720703125e-01
1.616000000000000000e+03,7.575572089990600944e-05,2.914667129516601562e-01,8.234546780586242676e-01
1.617000000000000000e+03,7.574300980195403099e-05,2.885937690734863281e-01,8.222038149833679199e-01
1.618000000000000000e+03,7.569791341666132212e-05,2.912759780883789062e-01,8.269656300544738770e-01
1.619000000000000000e+03,7.567068678326904774e-05,2.880632877349853516e-01,8.231181502342224121e-01
1.620000000000000000e+03,7.562759856227785349e-05,2.772569656372070312e-01,8.355675935745239258e-01
1.621000000000000000e+03,7.557649223599582911e-05,2.595782279968261719e-01,8.374474048614501953e-01
1.622000000000000000e+03,7.552703027613461018e-05,2.398729324340820312e-01,8.378351330757141113e-01
1.623000000000000000e+03,7.551348244305700064e-05,2.227544784545898438e-01,8.180199265480041504e-01
1.624000000000000000e+03,7.546924462076276541e-05,1.974046230316162109e-01,8.244201540946960449e-01
1.625000000000000000e+03,7.544660911662504077e-05,2.138078212738037109e-01,8.224964141845703125e-01
1.626000000000000000e+03,7.542954699601978064e-05,2.270936965942382812e-01,8.148453235626220703e-01
1.627000000000000000e+03,7.541430386481806636e-05,2.320051193237304688e-01,8.109539747238159180e-01
1.628000000000000000e+03,7.539545913459733129e-05,2.316594123840332031e-01,7.964856624603271484e-01
1.629000000000000000e+03,7.591136818518862128e-05,1.740157604217529297e-01,8.377838730812072754e-01
1.630000000000000000e+03,7.539024954894557595e-05,2.264559268951416016e-01,8.002380728721618652e-01
1.631000000000000000e+03,7.535783515777438879e-05,2.310931682586669922e-01,7.835535407066345215e-01
1.632000000000000000e+03,7.532811287092044950e-05,2.371847629547119141e-01,7.803936004638671875e-01
1.633000000000000000e+03,7.530105358455330133e-05,2.412676811218261719e-01,7.797133922576904297e-01
1.634000000000000000e+03,7.527190609835088253e-05,2.558410167694091797e-01,7.846653461456298828e-01
1.635000000000000000e+03,7.523520616814494133e-05,2.586364746093750000e-01,7.854772806167602539e-01
1.636000000000000000e+03,7.520282815676182508e-05,2.746701240539550781e-01,7.726036310195922852e-01
1.637000000000000000e+03,7.530279981438070536e-05,3.246247768402099609e-01,7.835169434547424316e-01
1.638000000000000000e+03,7.519621431129053235e-05,2.844333648681640625e-01,7.747175097465515137e-01
1.639000000000000000e+03,7.516361074522137642e-05,2.902746200561523438e-01,7.690925598144531250e-01
1.640000000000000000e+03,7.512541196774691343e-05,2.919435501098632812e-01,7.797133922576904297e-01
1.641000000000000000e+03,7.507159170927479863e-05,2.871572971343994141e-01,7.850018143653869629e-01
1.642000000000000000e+03,7.504601671826094389e-05,2.748847007751464844e-01,8.410096168518066406e-01
1.643000000000000000e+03,7.499897037632763386e-05,2.697467803955078125e-01,8.452813029289245605e-01
1.644000000000000000e+03,7.496229954995214939e-05,2.563059329986572266e-01,8.536053895950317383e-01
1.645000000000000000e+03,7.494027522625401616e-05,2.441167831420898438e-01,8.953570127487182617e-01
1.646000000000000000e+03,7.490629650419577956e-05,2.340555191040039062e-01,9.113759994506835938e-01
1.647000000000000000e+03,7.485902460757642984e-05,2.213954925537109375e-01,9.325517416000366211e-01
1.648000000000000000e+03,7.484240632038563490e-05,2.216637134552001953e-01,9.366406202316284180e-01
1.649000000000000000e+03,7.482336513930931687e-05,2.299964427947998047e-01,9.188368916511535645e-01
1.650000000000000000e+03,7.480084605049341917e-05,2.461373805999755859e-01,9.077260494232177734e-01
1.651000000000000000e+03,7.479273335775360465e-05,2.695143222808837891e-01,8.376449346542358398e-01
1.652000000000000000e+03,7.473782170563936234e-05,2.614796161651611328e-01,8.771217465400695801e-01
1.653000000000000000e+03,7.471117714885622263e-05,2.552390098571777344e-01,9.006966948509216309e-01
1.654000000000000000e+03,7.468053809134289622e-05,2.498805522918701172e-01,9.195024967193603516e-01
1.655000000000000000e+03,7.465318049071356654e-05,2.442061901092529297e-01,9.251859188079833984e-01
1.656000000000000000e+03,7.461631321348249912e-05,2.417325973510742188e-01,9.245203137397766113e-01
1.657000000000000000e+03,7.458157779183238745e-05,2.435922622680664062e-01,8.944938778877258301e-01
1.658000000000000000e+03,7.454135629814118147e-05,2.408146858215332031e-01,8.988680243492126465e-01
1.659000000000000000e+03,7.448476389981806278e-05,2.307951450347900391e-01,9.089767932891845703e-01
1.660000000000000000e+03,7.445472874678671360e-05,2.255201339721679688e-01,9.120489358901977539e-01
1.661000000000000000e+03,7.442059722961857915e-05,2.201616764068603516e-01,9.005503654479980469e-01
1.662000000000000000e+03,7.437527528963983059e-05,2.092123031616210938e-01,8.985242843627929688e-01
1.663000000000000000e+03,7.431977428495883942e-05,1.999020576477050781e-01,8.981439471244812012e-01
1.664000000000000000e+03,7.424900104524567723e-05,1.936495304107666016e-01,8.986266255378723145e-01
1.665000000000000000e+03,7.566139538539573550e-05,1.294851303100585938e-01,8.793380856513977051e-01
1.666000000000000000e+03,7.422691851388663054e-05,1.852154731750488281e-01,8.960738778114318848e-01
1.667000000000000000e+03,7.414072751998901367e-05,1.804411411285400391e-01,8.981950283050537109e-01
1.668000000000000000e+03,7.404694042634218931e-05,1.786708831787109375e-01,8.996872901916503906e-01
1.669000000000000000e+03,7.395745342364534736e-05,1.735985279083251953e-01,9.078137874603271484e-01
1.670000000000000000e+03,7.387607183773070574e-05,1.672387123107910156e-01,9.107981920242309570e-01
1.671000000000000000e+03,7.378838199656456709e-05,1.438677310943603516e-01,9.436625838279724121e-01
1.672000000000000000e+03,7.372389518423005939e-05,1.374661922454833984e-01,9.419802427291870117e-01
1.673000000000000000e+03,7.367431680904701352e-05,1.251339912414550781e-01,9.492070674896240234e-01
1.674000000000000000e+03,7.357922004302963614e-05,1.212596893310546875e-01,9.325517416000366211e-01
1.675000000000000000e+03,7.349026418523862958e-05,1.060307025909423828e-01,9.112296700477600098e-01
1.676000000000000000e+03,7.341908349189907312e-05,8.586645126342773438e-02,8.736619949340820312e-01
1.677000000000000000e+03,7.425106014125049114e-05,1.478910446166992188e-01,8.481267094612121582e-01
1.678000000000000000e+03,7.339110743487253785e-05,9.622573852539062500e-02,8.693756461143493652e-01
1.679000000000000000e+03,7.331169035751372576e-05,8.687973022460937500e-02,8.476439714431762695e-01
1.680000000000000000e+03,7.324943726416677237e-05,8.056759834289550781e-02,8.228767514228820801e-01
1.681000000000000000e+03,7.320131408050656319e-05,7.947683334350585938e-02,8.232132792472839355e-01
1.682000000000000000e+03,7.315337279578670859e-05,8.356571197509765625e-02,8.453837633132934570e-01
1.683000000000000000e+03,7.308080967050045729e-05,8.633136749267578125e-02,8.755344748497009277e-01
1.684000000000000000e+03,7.304127211682498455e-05,8.029937744140625000e-02,9.092181921005249023e-01
1.685000000000000000e+03,7.298628042917698622e-05,7.063150405883789062e-02,9.380888938903808594e-01
1.686000000000000000e+03,7.293347880477085710e-05,6.306767463684082031e-02,9.287042617797851562e-01
1.687000000000000000e+03,7.287324115168303251e-05,5.424022674560546875e-02,9.176810979843139648e-01
1.688000000000000000e+03,7.278841803781688213e-05,6.031990051269531250e-02,8.654842376708984375e-01
1.689000000000000000e+03,7.272569200722500682e-05,6.526708602905273438e-02,8.315372467041015625e-01
1.690000000000000000e+03,7.268336776178330183e-05,8.379817008972167969e-02,7.995139956474304199e-01
1.691000000000000000e+03,7.264937448780983686e-05,9.959936141967773438e-02,7.600663900375366211e-01
1.692000000000000000e+03,7.261219434440135956e-05,1.097619533538818359e-01,7.567967772483825684e-01
1.693000000000000000e+03,7.256530079757794738e-05,1.166403293609619141e-01,7.360379695892333984e-01
1.694000000000000000e+03,7.321558950934559107e-05,2.003014087677001953e-01,7.316198945045471191e-01
1.695000000000000000e+03,7.255204400280490518e-05,1.274228096008300781e-01,7.354673743247985840e-01
1.696000000000000000e+03,7.251898932736366987e-05,1.168251037597656250e-01,7.582303881645202637e-01
1.697000000000000000e+03,7.245391316246241331e-05,1.172065734863281250e-01,7.475657463073730469e-01
1.698000000000000000e+03,7.239339174702763557e-05,1.173317432403564453e-01,7.395928502082824707e-01
1.699000000000000000e+03,7.235121302073821425e-05,1.143097877502441406e-01,7.401267886161804199e-01
1.700000000000000000e+03,7.231616473291069269e-05,1.082181930541992188e-01,7.421895265579223633e-01
1.701000000000000000e+03,7.229058246593922377e-05,1.105189323425292969e-01,7.157765626907348633e-01
1.702000000000000000e+03,7.226341404020786285e-05,1.072406768798828125e-01,7.120753526687622070e-01
1.703000000000000000e+03,7.223685679491609335e-05,1.103818416595458984e-01,6.752024888992309570e-01
1.704000000000000000e+03,7.222064596135169268e-05,1.110792160034179688e-01,6.544144153594970703e-01
1.705000000000000000e+03,7.220424595288932323e-05,1.158416271209716797e-01,6.227422356605529785e-01
1.706000000000000000e+03,7.234807708300650120e-05,1.233994960784912109e-01,5.483016967773437500e-01
1.707000000000000000e+03,7.219890540000051260e-05,1.170396804809570312e-01,6.109438538551330566e-01
1.708000000000000000e+03,7.218967220978811383e-05,1.168847084045410156e-01,6.197652220726013184e-01
1.709000000000000000e+03,7.217310485430061817e-05,1.183092594146728516e-01,6.305176615715026855e-01
1.710000000000000000e+03,7.216121593955904245e-05,1.201987266540527344e-01,6.362303495407104492e-01
1.711000000000000000e+03,7.214549987111240625e-05,1.241624355316162109e-01,6.410287022590637207e-01
1.712000000000000000e+03,7.213484786916524172e-05,1.270115375518798828e-01,6.345992088317871094e-01
1.713000000000000000e+03,7.212458876892924309e-05,1.292705535888671875e-01,6.271602511405944824e-01
1.714000000000000000e+03,7.211133197415620089e-05,1.293003559112548828e-01,6.235029697418212891e-01
1.715000000000000000e+03,7.208279566839337349e-05,1.260280609130859375e-01,6.214475631713867188e-01
1.716000000000000000e+03,7.205879228422418237e-05,1.225709915161132812e-01,6.127139329910278320e-01
1.717000000000000000e+03,7.202829874586313963e-05,1.126110553741455078e-01,6.390538215637207031e-01
1.718000000000000000e+03,7.201186963357031345e-05,1.136660575866699219e-01,6.218791604042053223e-01
1.719000000000000000e+03,7.199547690106555820e-05,1.119077205657958984e-01,6.184266209602355957e-01
1.720000000000000000e+03,7.198798994068056345e-05,1.093268394470214844e-01,6.122823953628540039e-01
1.721000000000000000e+03,7.197701052064076066e-05,1.016914844512939453e-01,6.053774356842041016e-01
1.722000000000000000e+03,7.196776277851313353e-05,9.603500366210937500e-02,5.916113257408142090e-01
1.723000000000000000e+03,7.198307866929098964e-05,8.294582366943359375e-02,5.798568129539489746e-01
1.724000000000000000e+03,7.195914076874032617e-05,9.117126464843750000e-02,5.872445702552795410e-01
1.725000000000000000e+03,7.194980571512132883e-05,9.218454360961914062e-02,5.759289264678955078e-01
1.726000000000000000e+03,7.194089994300156832e-05,9.591579437255859375e-02,5.821608901023864746e-01
1.727000000000000000e+03,7.192567863967269659e-05,9.885430335998535156e-02,5.979824066162109375e-01
1.728000000000000000e+03,7.190920587163418531e-05,1.038670539855957031e-01,6.145352721214294434e-01
1.729000000000000000e+03,7.189417374320328236e-05,1.046895980834960938e-01,6.213012933731079102e-01
1.730000000000000000e+03,7.188085146481171250e-05,1.080989837646484375e-01,6.164078116416931152e-01
1.731000000000000000e+03,7.185059075709432364e-05,1.197338104248046875e-01,5.916552543640136719e-01
1.732000000000000000e+03,7.182212721090763807e-05,1.328945159912109375e-01,5.697334408760070801e-01
1.733000000000000000e+03,7.179772364906966686e-05,1.431703567504882812e-01,5.402482748031616211e-01
1.734000000000000000e+03,7.178560917964205146e-05,1.435995101928710938e-01,5.376150608062744141e-01
1.735000000000000000e+03,7.176821236498653889e-05,1.382648944854736328e-01,5.267309546470642090e-01
1.736000000000000000e+03,7.175165228545665741e-05,1.270473003387451172e-01,5.240464806556701660e-01
1.737000000000000000e+03,7.173765334300696850e-05,1.165211200714111328e-01,5.264895558357238770e-01
1.738000000000000000e+03,7.172083132900297642e-05,1.113414764404296875e-01,5.240976810455322266e-01
1.739000000000000000e+03,7.170125900302082300e-05,1.035332679748535156e-01,5.198771357536315918e-01
1.740000000000000000e+03,7.167026342358440161e-05,1.039922237396240234e-01,5.160370469093322754e-01
1.741000000000000000e+03,7.163304690038785338e-05,1.142561435699462891e-01,5.042020082473754883e-01
1.742000000000000000e+03,7.158683001762256026e-05,1.195549964904785156e-01,5.073692202568054199e-01
1.743000000000000000e+03,7.154876220738515258e-05,1.186013221740722656e-01,5.001277923583984375e-01
1.744000000000000000e+03,7.152361649787053466e-05,1.182436943054199219e-01,4.856156110763549805e-01
1.745000000000000000e+03,7.149228622438386083e-05,1.175343990325927734e-01,4.652957022190093994e-01
1.746000000000000000e+03,7.146601274143904448e-05,1.155614852905273438e-01,4.675997793674468994e-01
1.747000000000000000e+03,7.142807589843869209e-05,1.204609870910644531e-01,4.375660717487335205e-01
1.748000000000000000e+03,7.140409434214234352e-05,1.238644123077392578e-01,4.181677997112274170e-01
1.749000000000000000e+03,7.137614738894626498e-05,1.228272914886474609e-01,3.995448350906372070e-01
1.750000000000000000e+03,7.135875785024836659e-05,1.132726669311523438e-01,3.706814944744110107e-01
1.751000000000000000e+03,7.212464697659015656e-05,1.628994941711425781e-01,2.492885589599609375e-01
1.752000000000000000e+03,7.135049963835626841e-05,1.188278198242187500e-01,3.570909798145294189e-01
1.753000000000000000e+03,7.129205914679914713e-05,1.042127609252929688e-01,3.655539453029632568e-01
1.754000000000000000e+03,7.126658601919189095e-05,7.861852645874023438e-02,3.758455812931060791e-01
1.755000000000000000e+03,7.130167068680748343e-05,2.867579460144042969e-02,3.963337838649749756e-01
1.756000000000000000e+03,7.123724208213388920e-05,5.875229835510253906e-02,3.839867115020751953e-01
1.757000000000000000e+03,7.119365909602493048e-05,6.186962127685546875e-02,3.533532023429870605e-01
1.758000000000000000e+03,7.116409688023850322e-05,5.618929862976074219e-02,3.500543236732482910e-01
1.759000000000000000e+03,7.113036554073914886e-05,4.497766494750976562e-02,3.442611694335937500e-01
1.760000000000000000e+03,7.113980245776474476e-05,2.789497375488281250e-02,2.638665139675140381e-01
1.761000000000000000e+03,7.110671867849305272e-05,3.662109375000000000e-02,3.048940598964691162e-01
1.762000000000000000e+03,7.107346027623862028e-05,4.047751426696777344e-02,2.919326126575469971e-01
1.763000000000000000e+03,7.103287498466670513e-05,5.465745925903320312e-02,2.481840252876281738e-01
1.764000000000000000e+03,7.100580842234194279e-05,6.091594696044921875e-02,2.307826429605484009e-01
1.765000000000000000e+03,7.096756598912179470e-05,7.529258728027343750e-02,1.856808662414550781e-01
1.766000000000000000e+03,7.094236207194626331e-05,7.373690605163574219e-02,1.795146763324737549e-01
1.767000000000000000e+03,7.092866144375875592e-05,6.850361824035644531e-02,1.838156431913375854e-01
1.768000000000000000e+03,7.091822772054001689e-05,6.437897682189941406e-02,1.819577366113662720e-01
1.769000000000000000e+03,7.090744475135579705e-05,6.401538848876953125e-02,1.963309198617935181e-01
1.770000000000000000e+03,7.089095743140205741e-05,6.146430969238281250e-02,2.080854475498199463e-01
1.771000000000000000e+03,7.086904952302575111e-05,6.428360939025878906e-02,2.159266918897628784e-01
1.772000000000000000e+03,7.083950913511216640e-05,6.068348884582519531e-02,2.161168754100799561e-01
1.773000000000000000e+03,7.080243085511028767e-05,4.692673683166503906e-02,2.343155890703201294e-01
1.774000000000000000e+03,7.118888606783002615e-05,1.106977462768554688e-01,2.429248541593551636e-01
1.775000000000000000e+03,7.077906047925353050e-05,5.926489830017089844e-02,2.359906136989593506e-01
1.776000000000000000e+03,7.075272151269018650e-05,4.729628562927246094e-02,2.294513881206512451e-01
1.777000000000000000e+03,7.073873712215572596e-05,4.012584686279296875e-02,2.292977571487426758e-01
1.778000000000000000e+03,7.070784340612590313e-05,3.518462181091308594e-02,2.190719842910766602e-01
1.779000000000000000e+03,7.068811100907623768e-05,3.665685653686523438e-02,2.197449058294296265e-01
1.780000000000000000e+03,7.063529483275488019e-05,3.890395164489746094e-02,2.203227728605270386e-01
1.781000000000000000e+03,7.060271309455856681e-05,4.254579544067382812e-02,2.316896319389343262e-01
1.782000000000000000e+03,7.098117930581793189e-05,4.240870475769042969e-02,1.985764801502227783e-01
1.783000000000000000e+03,7.056359754642471671e-05,4.251003265380859375e-02,2.237094342708587646e-01
1.784000000000000000e+03,7.051835564197972417e-05,4.099011421203613281e-02,2.200813889503479004e-01
1.785000000000000000e+03,7.045563688734546304e-05,3.395676612854003906e-02,1.788417398929595947e-01
1.786000000000000000e+03,7.041657227091491222e-05,3.935694694519042969e-02,1.888334602117538452e-01
1.787000000000000000e+03,7.038391049718484282e-05,3.914237022399902344e-02,1.726316362619400024e-01
1.788000000000000000e+03,7.038475450826808810e-05,4.717707633972167969e-02,1.394892334938049316e-01
1.789000000000000000e+03,7.034889131318777800e-05,4.314780235290527344e-02,1.561152935028076172e-01
1.790000000000000000e+03,7.029865810181945562e-05,4.861354827880859375e-02,1.251160651445388794e-01
1.791000000000000000e+03,7.024694059509783983e-05,5.053281784057617188e-02,8.635605126619338989e-02
1.792000000000000000e+03,7.021521014394238591e-05,5.777478218078613281e-02,5.768286064267158508e-02
1.793000000000000000e+03,7.019675103947520256e-05,4.697442054748535156e-02,6.101831048727035522e-02
1.794000000000000000e+03,7.016635208856314421e-05,4.886388778686523438e-02,6.087933480739593506e-02
1.795000000000000000e+03,7.014667062321677804e-05,4.740953445434570312e-02,8.488582074642181396e-02
1.796000000000000000e+03,7.011970592429861426e-05,4.767179489135742188e-02,1.086436063051223755e-01
1.797000000000000000e+03,7.008788816165179014e-05,5.111694335937500000e-02,1.486178338527679443e-01
1.798000000000000000e+03,7.005859515629708767e-05,5.928874015808105469e-02,1.735971719026565552e-01
1.799000000000000000e+03,7.003708742558956146e-05,6.785392761230468750e-02,1.935586780309677124e-01
1.800000000000000000e+03,7.001670019235461950e-05,7.119774818420410156e-02,1.958042681217193604e-01
1.801000000000000000e+03,6.999779725447297096e-05,7.679462432861328125e-02,1.931271255016326904e-01
1.802000000000000000e+03,6.997154559940099716e-05,7.693171501159667969e-02,1.959944367408752441e-01
1.803000000000000000e+03,6.994699651841074228e-05,7.672309875488281250e-02,2.115671932697296143e-01
1.804000000000000000e+03,6.992796261329203844e-05,9.150505065917968750e-02,2.185965180397033691e-01
1.805000000000000000e+03,6.988854147493839264e-05,9.064078330993652344e-02,2.367147654294967651e-01
1.806000000000000000e+03,6.984345964156091213e-05,9.085536003112792969e-02,2.142516672611236572e-01
1.807000000000000000e+03,6.979929457884281874e-05,9.767413139343261719e-02,1.797999441623687744e-01
1.808000000000000000e+03,6.976192526053637266e-05,1.018106937408447266e-01,1.516168266534805298e-01
1.809000000000000000e+03,6.972526171011850238e-05,1.045227050781250000e-01,1.336668133735656738e-01
1.810000000000000000e+03,6.976404984015971422e-05,1.091778278350830078e-01,1.340910643339157104e-01
1.811000000000000000e+03,6.970941467443481088e-05,1.061499118804931641e-01,1.338131129741668701e-01
1.812000000000000000e+03,6.967863737372681499e-05,1.049399375915527344e-01,1.239749863743782043e-01
1.813000000000000000e+03,6.962518091313540936e-05,8.989572525024414062e-02,1.517631113529205322e-01
1.814000000000000000e+03,6.956585275474935770e-05,8.871555328369140625e-02,1.969965398311614990e-01
1.815000000000000000e+03,6.947619840502738953e-05,1.037001609802246094e-01,2.616136372089385986e-01
1.816000000000000000e+03,6.941362516954541206e-05,1.174092292785644531e-01,2.787297964096069336e-01
1.817000000000000000e+03,6.935631972737610340e-05,1.339137554168701172e-01,2.699815332889556885e-01
1.818000000000000000e+03,6.931499228812754154e-05,1.484572887420654297e-01,2.435466051101684570e-01
1.819000000000000000e+03,6.928062066435813904e-05,1.532375812530517578e-01,2.246676236391067505e-01
1.820000000000000000e+03,6.924256740603595972e-05,1.463234424591064453e-01,2.124303281307220459e-01
1.821000000000000000e+03,6.919074803590774536e-05,1.343488693237304688e-01,2.001491338014602661e-01
1.822000000000000000e+03,6.915620178915560246e-05,1.311302185058593750e-01,2.051669359207153320e-01
1.823000000000000000e+03,6.910375668667256832e-05,1.365244388580322266e-01,2.173969298601150513e-01
1.824000000000000000e+03,6.906780618010088801e-05,1.409113407135009766e-01,2.301608920097351074e-01
1.825000000000000000e+03,6.903243775013834238e-05,1.455605030059814453e-01,2.393407076597213745e-01
1.826000000000000000e+03,6.902096356498077512e-05,1.480877399444580078e-01,2.547744810581207275e-01
1.827000000000000000e+03,6.899549771333113313e-05,1.405358314514160156e-01,2.419739514589309692e-01
1.828000000000000000e+03,6.898224819451570511e-05,1.331746578216552734e-01,2.426322847604751587e-01
1.829000000000000000e+03,6.897302955621853471e-05,1.225113868713378906e-01,2.468893527984619141e-01
1.830000000000000000e+03,6.894702528370544314e-05,1.096665859222412109e-01,2.535822093486785889e-01
1.831000000000000000e+03,6.891459634061902761e-05,8.921027183532714844e-02,2.676847279071807861e-01
1.832000000000000000e+03,6.925499474164098501e-05,6.312131881713867188e-03,2.266718298196792603e-01
1.833000000000000000e+03,6.890374788781628013e-05,7.659196853637695312e-02,2.614234685897827148e-01
1.834000000000000000e+03,6.907108763698488474e-05,7.294416427612304688e-02,2.529166042804718018e-01
1.835000000000000000e+03,6.888887583045288920e-05,7.578730583190917969e-02,2.595582306385040283e-01
1.836000000000000000e+03,6.886391201987862587e-05,7.869601249694824219e-02,2.545843124389648438e-01
1.837000000000000000e+03,6.882319576106965542e-05,7.575154304504394531e-02,2.300219088792800903e-01
1.838000000000000000e+03,6.881092122057452798e-05,8.473992347717285156e-02,2.157731056213378906e-01
1.839000000000000000e+03,6.879740976728498936e-05,8.193850517272949219e-02,2.152025401592254639e-01
1.840000000000000000e+03,6.878090789541602135e-05,7.711052894592285156e-02,2.083707302808761597e-01
1.841000000000000000e+03,6.876769475638866425e-05,8.097887039184570312e-02,2.057009190320968628e-01
1.842000000000000000e+03,6.873928214190527797e-05,9.365677833557128906e-02,1.980059593915939331e-01
1.843000000000000000e+03,6.871369987493380904e-05,1.032412052154541016e-01,1.897331625223159790e-01
1.844000000000000000e+03,6.869174831081181765e-05,1.104176044464111328e-01,1.839107424020767212e-01
1.845000000000000000e+03,6.866238254588097334e-05,1.190543174743652344e-01,1.697204262018203735e-01
1.846000000000000000e+03,6.864190800115466118e-05,1.192450523376464844e-01,1.733557879924774170e-01
1.847000000000000000e+03,6.861751899123191833e-05,1.143634319305419922e-01,1.797999441623687744e-01
1.848000000000000000e+03,6.858519918750971556e-05,1.056611537933349609e-01,1.887822449207305908e-01
1.849000000000000000e+03,6.855430547147989273e-05,9.678006172180175781e-02,1.936537772417068481e-01
1.850000000000000000e+03,6.852180376881733537e-05,9.053945541381835938e-02,1.975231766700744629e-01
1.851000000000000000e+03,6.855854007881134748e-05,7.833838462829589844e-02,1.867341697216033936e-01
1.852000000000000000e+03,6.850763747934252024e-05,8.633732795715332031e-02,1.938000619411468506e-01
1.853000000000000000e+03,6.847568874945864081e-05,8.617043495178222656e-02,1.963309198617935181e-01
1.854000000000000000e+03,6.844967720098793507e-05,9.320974349975585938e-02,1.984813958406448364e-01
1.855000000000000000e+03,6.842413858976215124e-05,9.425282478332519531e-02,1.993372142314910889e-01
1.856000000000000000e+03,6.839685374870896339e-05,1.015186309814453125e-01,2.082756459712982178e-01
1.857000000000000000e+03,6.835971726104617119e-05,1.079261302947998047e-01,2.134836316108703613e-01
1.858000000000000000e+03,6.829752965131774545e-05,1.197338104248046875e-01,2.326478511095046997e-01
1.859000000000000000e+03,6.823348667239770293e-05,1.345038414001464844e-01,2.451704293489456177e-01
1.860000000000000000e+03,6.815703818574547768e-05,1.493096351623535156e-01,2.520534694194793701e-01
1.861000000000000000e+03,6.811109778936952353e-05,1.516580581665039062e-01,2.571736574172973633e-01
1.862000000000000000e+03,6.808769830968230963e-05,1.500308513641357422e-01,2.710787057876586914e-01
1.863000000000000000e+03,6.806340388720855117e-05,1.490592956542968750e-01,2.829356491565704346e-01
1.864000000000000000e+03,6.804298755014315248e-05,1.484990119934082031e-01,2.979086339473724365e-01
1.865000000000000000e+03,6.801872950745746493e-05,1.493573188781738281e-01,2.992984056472778320e-01
1.866000000000000000e+03,6.798634422011673450e-05,1.509308815002441406e-01,2.989180386066436768e-01
1.867000000000000000e+03,6.794665387133136392e-05,1.466631889343261719e-01,2.752407193183898926e-01
1.868000000000000000e+03,6.790041516069322824e-05,1.391589641571044922e-01,2.585561275482177734e-01
1.869000000000000000e+03,6.784355355193838477e-05,1.251935958862304688e-01,2.451265454292297363e-01
1.870000000000000000e+03,6.779104296583682299e-05,1.130878925323486328e-01,2.573638558387756348e-01
1.871000000000000000e+03,6.779037357773631811e-05,6.956458091735839844e-02,2.803097367286682129e-01
1.872000000000000000e+03,6.775850488338619471e-05,9.101629257202148438e-02,2.689794301986694336e-01
1.873000000000000000e+03,6.778944225516170263e-05,7.678270339965820312e-02,3.728758692741394043e-01
1.874000000000000000e+03,6.772906635887920856e-05,8.512735366821289062e-02,3.119233846664428711e-01
1.875000000000000000e+03,6.768343155272305012e-05,8.226633071899414062e-02,3.378975093364715576e-01
1.876000000000000000e+03,6.762782868463546038e-05,6.659626960754394531e-02,3.923107385635375977e-01
1.877000000000000000e+03,6.760640098946169019e-05,5.355477333068847656e-02,4.063400924205780029e-01
1.878000000000000000e+03,6.758038944099098444e-05,3.522038459777832031e-02,4.134791493415832520e-01
1.879000000000000000e+03,6.755510548828169703e-05,2.674460411071777344e-02,4.036629498004913330e-01
1.880000000000000000e+03,6.751890032319352031e-05,2.360343933105468750e-02,3.907380998134613037e-01
1.881000000000000000e+03,6.749777094228193164e-05,3.128051757812500000e-02,3.780545890331268311e-01
1.882000000000000000e+03,6.747884617652744055e-05,4.147291183471679688e-02,3.784788250923156738e-01
1.883000000000000000e+03,6.746262079104781151e-05,4.949569702148437500e-02,3.840306103229522705e-01
1.884000000000000000e+03,6.766660226276144385e-05,9.363889694213867188e-02,4.262650310993194580e-01
1.885000000000000000e+03,6.745542486896738410e-05,5.599856376647949219e-02,3.902553319931030273e-01
1.886000000000000000e+03,6.743399717379361391e-05,5.148053169250488281e-02,3.926033079624176025e-01
1.887000000000000000e+03,6.740695971529930830e-05,3.854036331176757812e-02,3.919815719127655029e-01
1.888000000000000000e+03,6.738689262419939041e-05,2.508759498596191406e-02,3.962386250495910645e-01
1.889000000000000000e+03,6.736559589626267552e-05,1.528263092041015625e-02,4.022731781005859375e-01
1.890000000000000000e+03,6.734114867867901921e-05,1.181364059448242188e-02,4.197989702224731445e-01
1.891000000000000000e+03,6.731966277584433556e-05,9.244680404663085938e-03,4.361689984798431396e-01
1.892000000000000000e+03,6.730150198563933372e-05,3.175735473632812500e-02,4.644837677478790283e-01
1.893000000000000000e+03,6.728476000716909766e-05,3.176927566528320312e-02,4.565328359603881836e-01
1.894000000000000000e+03,6.726470019202679396e-05,3.327131271362304688e-02,4.574471712112426758e-01
1.895000000000000000e+03,6.724611012032255530e-05,3.107190132141113281e-02,4.518368840217590332e-01
1.896000000000000000e+03,6.724672130076214671e-05,3.172755241394042969e-02,4.883439838886260986e-01
1.897000000000000000e+03,6.723104161210358143e-05,3.139972686767578125e-02,4.701379537582397461e-01
1.898000000000000000e+03,6.725145067321136594e-05,2.062320709228515625e-03,4.356496930122375488e-01
1.899000000000000000e+03,6.721067620674148202e-05,1.928210258483886719e-02,4.559110999107360840e-01
1.900000000000000000e+03,6.719891825923696160e-05,1.371502876281738281e-02,4.552381634712219238e-01
1.901000000000000000e+03,6.717188807670027018e-05,2.515316009521484375e-03,4.689310789108276367e-01
1.902000000000000000e+03,6.716011557728052139e-05,1.015663146972656250e-02,4.734441637992858887e-01
1.903000000000000000e+03,6.714242044836282730e-05,1.506805419921875000e-02,4.888706505298614502e-01
1.904000000000000000e+03,6.710980960633605719e-05,2.032518386840820312e-02,4.834066033363342285e-01
1.905000000000000000e+03,6.708056753268465400e-05,1.741647720336914062e-02,4.748778343200683594e-01
1.906000000000000000e+03,6.704404222546145320e-05,7.736682891845703125e-03,4.684117138385772705e-01
1.907000000000000000e+03,6.700264930259436369e-05,1.344084739685058594e-02,4.632403254508972168e-01
1.908000000000000000e+03,6.697004573652520776e-05,2.948641777038574219e-02,4.595464468002319336e-01
1.909000000000000000e+03,6.694517651339992881e-05,4.402995109558105469e-02,4.540385603904724121e-01
1.910000000000000000e+03,6.691577436868101358e-05,4.267096519470214844e-02,4.501544833183288574e-01
1.911000000000000000e+03,6.689871952403336763e-05,3.589391708374023438e-02,4.523123204708099365e-01
1.912000000000000000e+03,6.687382119707763195e-05,1.786351203918457031e-02,4.620334208011627197e-01
1.913000000000000000e+03,6.685983680654317141e-05,2.209544181823730469e-02,4.600730836391448975e-01
1.914000000000000000e+03,6.684414984192699194e-05,2.156496047973632812e-02,4.687042832374572754e-01
1.915000000000000000e+03,6.680654769297689199e-05,2.493858337402343750e-02,4.893972873687744141e-01
1.916000000000000000e+03,6.677811325062066317e-05,2.919435501098632812e-02,5.110045671463012695e-01
1.917000000000000000e+03,6.674454925814643502e-05,2.995729446411132812e-02,5.183923244476318359e-01
1.918000000000000000e+03,6.670413131359964609e-05,3.010034561157226562e-02,5.194456577301025391e-01
1.919000000000000000e+03,6.668058631476014853e-05,2.076625823974609375e-02,5.117287635803222656e-01
1.920000000000000000e+03,6.665194086963310838e-05,2.207756042480468750e-02,4.944736063480377197e-01
1.921000000000000000e+03,6.663495878456160426e-05,1.988410949707031250e-02,4.899751543998718262e-01
1.922000000000000000e+03,6.660867802565917373e-05,1.682043075561523438e-02,4.861349761486053467e-01
1.923000000000000000e+03,6.658872734988108277e-05,1.609921455383300781e-02,4.804295897483825684e-01
1.924000000000000000e+03,6.655584729742258787e-05,1.757144927978515625e-02,4.849939048290252686e-01
1.925000000000000000e+03,6.651860894635319710e-05,2.480149269104003906e-02,4.749290049076080322e-01
1.926000000000000000e+03,6.646803376497700810e-05,3.438591957092285156e-02,4.783303141593933105e-01
1.927000000000000000e+03,6.642546213697642088e-05,5.188584327697753906e-02,4.868078827857971191e-01
1.928000000000000000e+03,6.643359665758907795e-05,5.745291709899902344e-02,4.570521414279937744e-01
1.929000000000000000e+03,6.640434003202244639e-05,5.443096160888671875e-02,4.732027649879455566e-01
1.930000000000000000e+03,6.638672493863850832e-05,7.693171501159667969e-02,4.406821131706237793e-01
1.931000000000000000e+03,6.636044417973607779e-05,6.306171417236328125e-02,4.646739363670349121e-01
1.932000000000000000e+03,6.634314195252954960e-05,4.734992980957031250e-02,4.847964346408843994e-01
1.933000000000000000e+03,6.632663280470296741e-05,5.041956901550292969e-02,4.661076366901397705e-01
1.934000000000000000e+03,6.630491407122462988e-05,5.944967269897460938e-02,4.376611709594726562e-01
1.935000000000000000e+03,6.629711424466222525e-05,6.801486015319824219e-02,4.274573326110839844e-01
1.936000000000000000e+03,6.628726987401023507e-05,7.510781288146972656e-02,4.034727811813354492e-01
1.937000000000000000e+03,6.627282709814608097e-05,6.116628646850585938e-02,4.235367178916931152e-01
1.938000000000000000e+03,6.624915113206952810e-05,6.207823753356933594e-02,4.296151399612426758e-01
1.939000000000000000e+03,6.622556975344195962e-05,6.649494171142578125e-02,4.274061322212219238e-01
1.940000000000000000e+03,6.619761552428826690e-05,7.677674293518066406e-02,4.187456369400024414e-01
1.941000000000000000e+03,6.616943574044853449e-05,8.560419082641601562e-02,4.176411330699920654e-01
1.942000000000000000e+03,6.612059951294213533e-05,1.003026962280273438e-01,4.246777892112731934e-01
1.943000000000000000e+03,6.609366391785442829e-05,9.816288948059082031e-02,4.372735023498535156e-01
1.944000000000000000e+03,6.607171962969005108e-05,9.826421737670898438e-02,4.524585902690887451e-01
1.945000000000000000e+03,6.606269744224846363e-05,9.190440177917480469e-02,4.648641645908355713e-01
1.946000000000000000e+03,6.605248199775815010e-05,8.905529975891113281e-02,4.757409393787384033e-01
1.947000000000000000e+03,6.603486690437421203e-05,8.830428123474121094e-02,4.879123866558074951e-01
1.948000000000000000e+03,6.600908818654716015e-05,8.724927902221679688e-02,5.037704706192016602e-01
1.949000000000000000e+03,6.600611959584057331e-05,9.809136390686035156e-02,5.287936329841613770e-01
1.950000000000000000e+03,6.599303014809265733e-05,9.294152259826660156e-02,5.169074535369873047e-01
1.951000000000000000e+03,6.597070023417472839e-05,9.460449218750000000e-02,5.189116597175598145e-01
1.952000000000000000e+03,6.594598380615934730e-05,9.698867797851562500e-02,5.134988427162170410e-01
1.953000000000000000e+03,6.592897989321500063e-05,9.130835533142089844e-02,5.147423744201660156e-01
1.954000000000000000e+03,6.590349221369251609e-05,8.580684661865234375e-02,5.116336345672607422e-01
1.955000000000000000e+03,6.587142706848680973e-05,6.555318832397460938e-02,5.140839815139770508e-01
1.956000000000000000e+03,6.629535346291959286e-05,5.455613136291503906e-02,4.026096761226654053e-01
1.957000000000000000e+03,6.586492963833734393e-05,6.425380706787109375e-02,5.009031295776367188e-01
1.958000000000000000e+03,6.584265793208032846e-05,5.821585655212402344e-02,5.025269985198974609e-01
1.959000000000000000e+03,6.581636262126266956e-05,5.366206169128417969e-02,5.063598155975341797e-01
1.960000000000000000e+03,6.579365435754880309e-05,5.375742912292480469e-02,5.067474842071533203e-01
1.961000000000000000e+03,6.576662417501211166e-05,5.944967269897460938e-02,5.058843493461608887e-01
1.962000000000000000e+03,6.573348946403712034e-05,6.904006004333496094e-02,4.932301044464111328e-01
1.963000000000000000e+03,6.571400444954633713e-05,7.382631301879882812e-02,4.885853826999664307e-01
1.964000000000000000e+03,6.569179822690784931e-05,8.088350296020507812e-02,4.838382005691528320e-01
1.965000000000000000e+03,6.568715616595000029e-05,8.820891380310058594e-02,4.874808788299560547e-01
1.966000000000000000e+03,6.571970880031585693e-05,9.996294975280761719e-02,5.032438039779663086e-01
1.967000000000000000e+03,6.566868978552520275e-05,9.258985519409179688e-02,4.933764338493347168e-01
1.968000000000000000e+03,6.565819785464555025e-05,9.005665779113769531e-02,4.985990524291992188e-01
1.969000000000000000e+03,6.587123061763122678e-05,1.151442527770996094e-01,6.005278229713439941e-01
1.970000000000000000e+03,6.565236253663897514e-05,9.316205978393554688e-02,5.112020969390869141e-01
1.971000000000000000e+03,6.564190698554739356e-05,9.669065475463867188e-02,5.161394476890563965e-01
1.972000000000000000e+03,6.561681220773607492e-05,1.024127006530761719e-01,5.240464806556701660e-01
1.973000000000000000e+03,6.559885514434427023e-05,1.064717769622802734e-01,5.294666290283203125e-01
1.974000000000000000e+03,6.556797598022967577e-05,1.312553882598876953e-01,5.277330279350280762e-01
1.975000000000000000e+03,6.557023880304768682e-05,1.127958297729492188e-01,5.348281860351562500e-01
1.976000000000000000e+03,6.555409345310181379e-05,1.224279403686523438e-01,5.311416387557983398e-01
1.977000000000000000e+03,6.553878483828157187e-05,1.182079315185546875e-01,5.274916291236877441e-01
1.978000000000000000e+03,6.551775004481896758e-05,1.159608364105224609e-01,5.111581683158874512e-01
1.979000000000000000e+03,6.550710531882941723e-05,1.091659069061279297e-01,5.116336345672607422e-01
1.980000000000000000e+03,6.548842793563380837e-05,1.081049442291259766e-01,5.137914419174194336e-01
1.981000000000000000e+03,6.546837539644911885e-05,1.129031181335449219e-01,5.138426423072814941e-01
1.982000000000000000e+03,6.544514326378703117e-05,1.212596893310546875e-01,5.044433474540710449e-01
1.983000000000000000e+03,6.541449693031609058e-05,1.341879367828369141e-01,5.016638636589050293e-01
1.984000000000000000e+03,6.538692832691594958e-05,1.433491706848144531e-01,5.061257481575012207e-01
1.985000000000000000e+03,6.535813736263662577e-05,1.526296138763427734e-01,5.105730295181274414e-01
1.986000000000000000e+03,6.532530096592381597e-05,1.543283462524414062e-01,5.226567387580871582e-01
1.987000000000000000e+03,6.529092206619679928e-05,1.718282699584960938e-01,5.088102221488952637e-01
1.988000000000000000e+03,6.524332275148481131e-05,1.599431037902832031e-01,5.185824632644653320e-01
1.989000000000000000e+03,6.520171882584691048e-05,1.514494419097900391e-01,5.187214612960815430e-01
1.990000000000000000e+03,6.516290159197524190e-05,1.594960689544677734e-01,5.008519291877746582e-01
1.991000000000000000e+03,6.512731488328427076e-05,1.557588577270507812e-01,4.980723857879638672e-01
1.992000000000000000e+03,6.509255035780370235e-05,1.544117927551269531e-01,5.009396672248840332e-01
1.993000000000000000e+03,6.506156933028250933e-05,1.553237438201904297e-01,5.097610950469970703e-01
1.994000000000000000e+03,6.502777250716462731e-05,1.518309116363525391e-01,5.271112918853759766e-01
1.995000000000000000e+03,6.498533184640109539e-05,1.542091369628906250e-01,5.450905561447143555e-01
1.996000000000000000e+03,6.495418347185477614e-05,1.406550407409667969e-01,5.630259513854980469e-01
1.997000000000000000e+03,6.490967643912881613e-05,1.513361930847167969e-01,5.486381649971008301e-01
1.998000000000000000e+03,6.505112833110615611e-05,1.154184341430664062e-01,5.562160611152648926e-01
1.999000000000000000e+03,6.488668441306799650e-05,1.413583755493164062e-01,5.507447123527526855e-01
2.000000000000000000e+03,6.484399636974558234e-05,1.412749290466308594e-01,5.278866887092590332e-01
2.001000000000000000e+03,6.479263538494706154e-05,1.354396343231201172e-01,5.083712935447692871e-01
2.002000000000000000e+03,6.476653652498498559e-05,1.215994358062744141e-01,5.076544880867004395e-01
2.003000000000000000e+03,6.474064139183610678e-05,1.030266284942626953e-01,5.192042589187622070e-01
2.004000000000000000e+03,6.472363747889176011e-05,1.064538955688476562e-01,5.434594154357910156e-01
2.005000000000000000e+03,6.470189691754058003e-05,9.323358535766601562e-02,5.487405657768249512e-01
2.006000000000000000e+03,6.467502680607140064e-05,7.907152175903320312e-02,5.414918065071105957e-01
2.007000000000000000e+03,6.463615864049643278e-05,6.974339485168457031e-02,5.313830375671386719e-01
2.008000000000000000e+03,6.458799180109053850e-05,6.537437438964843750e-02,5.060745477676391602e-01
2.009000000000000000e+03,6.472927634604275227e-05,2.536773681640625000e-02,4.848915040493011475e-01
2.010000000000000000e+03,6.456978735513985157e-05,5.525350570678710938e-02,5.007129907608032227e-01
2.011000000000000000e+03,6.450586079154163599e-05,4.894733428955078125e-02,4.868078827857971191e-01
2.012000000000000000e+03,6.446972111007198691e-05,5.939602851867675781e-02,4.973043799400329590e-01
2.013000000000000000e+03,6.443315942306071520e-05,6.667971611022949219e-02,5.162345170974731445e-01
2.014000000000000000e+03,6.440816650865599513e-05,6.511807441711425781e-02,5.336359143257141113e-01
2.015000000000000000e+03,6.436979310819879174e-05,6.266832351684570312e-02,5.433204770088195801e-01
2.016000000000000000e+03,6.433791713789105415e-05,6.469488143920898438e-02,5.365544557571411133e-01
2.017000000000000000e+03,6.430919165723025799e-05,7.562041282653808594e-02,5.102438926696777344e-01
2.018000000000000000e+03,6.429775385186076164e-05,8.156895637512207031e-02,4.910796284675598145e-01
2.019000000000000000e+03,6.428432243410497904e-05,9.022951126098632812e-02,4.730564951896667480e-01
2.020000000000000000e+03,6.427071639336645603e-05,9.545087814331054688e-02,4.671682715415954590e-01
2.021000000000000000e+03,6.425409810617566109e-05,9.442567825317382812e-02,4.640010297298431396e-01
2.022000000000000000e+03,6.423675222322344780e-05,1.017570495605468750e-01,4.596927165985107422e-01
2.023000000000000000e+03,6.421563739422708750e-05,9.407401084899902344e-02,4.584931433200836182e-01
2.024000000000000000e+03,6.417739496100693941e-05,7.557868957519531250e-02,4.653907716274261475e-01
2.025000000000000000e+03,6.414874223992228508e-05,8.363127708435058594e-02,4.329652190208435059e-01
2.026000000000000000e+03,6.410784408217296004e-05,9.484291076660156250e-02,4.250581264495849609e-01
2.027000000000000000e+03,6.407694309018552303e-05,1.159429550170898438e-01,4.054257571697235107e-01
2.028000000000000000e+03,6.405210297089070082e-05,1.342833042144775391e-01,4.071520268917083740e-01
2.029000000000000000e+03,6.403835141099989414e-05,1.398861408233642578e-01,4.121332764625549316e-01
2.030000000000000000e+03,6.401955033652484417e-05,1.361906528472900391e-01,4.287520051002502441e-01
2.031000000000000000e+03,6.400076381396502256e-05,1.259326934814453125e-01,4.401481151580810547e-01
2.032000000000000000e+03,6.397860124707221985e-05,1.077175140380859375e-01,4.609873890876770020e-01
2.033000000000000000e+03,6.395806849468499422e-05,1.042902469635009766e-01,4.667805433273315430e-01
2.034000000000000000e+03,6.398978439392521977e-05,8.068680763244628906e-02,5.006617307662963867e-01
2.035000000000000000e+03,6.394661613740026951e-05,9.613037109375000000e-02,4.785204827785491943e-01
2.036000000000000000e+03,6.391169881680980325e-05,9.243488311767578125e-02,4.830262660980224609e-01
2.037000000000000000e+03,6.388805923052132130e-05,9.338259696960449219e-02,4.908894598484039307e-01
2.038000000000000000e+03,6.385712913470342755e-05,9.047389030456542969e-02,5.053138136863708496e-01
2.039000000000000000e+03,6.382841093000024557e-05,8.285045623779296875e-02,5.107631683349609375e-01
2.040000000000000000e+03,6.381273851729929447e-05,7.584095001220703125e-02,4.950953722000122070e-01
2.041000000000000000e+03,6.394856609404087067e-05,1.015663146972656250e-01,5.312806367874145508e-01
2.042000000000000000e+03,6.380611739587038755e-05,8.048415184020996094e-02,5.016126632690429688e-01
2.043000000000000000e+03,6.377982208505272865e-05,7.209181785583496094e-02,4.984527230262756348e-01
2.044000000000000000e+03,6.375273369485512376e-05,6.864666938781738281e-02,4.990744888782501221e-01
2.045000000000000000e+03,6.373523501679301262e-05,6.898045539855957031e-02,4.962510466575622559e-01
2.046000000000000000e+03,6.372026109602302313e-05,6.919503211975097656e-02,4.991257190704345703e-01
2.047000000000000000e+03,6.369878246914595366e-05,7.415413856506347656e-02,4.866177141666412354e-01
2.048000000000000000e+03,6.368247704813256860e-05,6.809830665588378906e-02,4.903042614459991455e-01
2.049000000000000000e+03,6.366277375491335988e-05,6.812214851379394531e-02,4.949563741683959961e-01
2.050000000000000000e+03,6.363847933243960142e-05,7.035136222839355469e-02,4.940932691097259521e-01
2.051000000000000000e+03,6.367782771121710539e-05,7.843375205993652344e-02,4.679289758205413818e-01
2.052000000000000000e+03,6.363024294842034578e-05,7.278323173522949219e-02,4.862373769283294678e-01
2.053000000000000000e+03,6.361013220157474279e-05,7.324814796447753906e-02,4.770868420600891113e-01
2.054000000000000000e+03,6.359262624755501747e-05,7.379651069641113281e-02,4.667805433273315430e-01
2.055000000000000000e+03,6.379843398462980986e-05,4.263520240783691406e-02,4.362713992595672607e-01
2.056000000000000000e+03,6.358104292303323746e-05,6.814002990722656250e-02,4.612214863300323486e-01
2.057000000000000000e+03,6.356526864692568779e-05,6.486177444458007812e-02,4.617554545402526855e-01
2.058000000000000000e+03,6.353845674311742187e-05,6.739497184753417969e-02,4.702769219875335693e-01
2.059000000000000000e+03,6.351216870825737715e-05,6.609559059143066406e-02,4.816364943981170654e-01
2.060000000000000000e+03,6.347900489345192909e-05,6.504654884338378906e-02,4.996011555194854736e-01
2.061000000000000000e+03,6.345553993014618754e-05,6.905198097229003906e-02,5.064548850059509277e-01
2.062000000000000000e+03,6.342945562209933996e-05,6.891489028930664062e-02,5.083712935447692871e-01
2.063000000000000000e+03,6.340152322081848979e-05,7.777810096740722656e-02,5.096221566200256348e-01
2.064000000000000000e+03,6.337495869956910610e-05,8.332729339599609375e-02,5.052114129066467285e-01
2.065000000000000000e+03,6.333887722576037049e-05,9.099245071411132812e-02,5.020954012870788574e-01
2.066000000000000000e+03,6.334691715892404318e-05,9.588599205017089844e-02,5.140328407287597656e-01
2.067000000000000000e+03,6.332295015454292297e-05,9.317994117736816406e-02,5.074131488800048828e-01
2.068000000000000000e+03,6.344594294205307961e-05,1.251161098480224609e-01,5.705087780952453613e-01
2.069000000000000000e+03,6.331045733531937003e-05,1.009225845336914062e-01,5.227006077766418457e-01
2.070000000000000000e+03,6.336202932288870215e-05,1.340746879577636719e-01,5.221812725067138672e-01
2.071000000000000000e+03,6.329240568447858095e-05,1.118838787078857422e-01,5.225104093551635742e-01
2.072000000000000000e+03,6.327586015686392784e-05,1.142144203186035156e-01,5.363130569458007812e-01
2.073000000000000000e+03,6.326533912215381861e-05,1.116096973419189453e-01,5.700772404670715332e-01
2.074000000000000000e+03,6.325490539893507957e-05,1.112699508666992188e-01,5.698870420455932617e-01
2.075000000000000000e+03,6.324435526039451361e-05,1.097023487091064453e-01,5.742977261543273926e-01
2.076000000000000000e+03,6.322854460449889302e-05,1.060903072357177734e-01,5.731419920921325684e-01
2.077000000000000000e+03,6.321914406726136804e-05,1.039147377014160156e-01,5.812465548515319824e-01
2.078000000000000000e+03,6.320657121250405908e-05,1.041173934936523438e-01,5.846039652824401855e-01
2.079000000000000000e+03,6.319916428765282035e-05,1.073062419891357422e-01,5.866228342056274414e-01
2.080000000000000000e+03,6.319354724837467074e-05,1.100778579711914062e-01,5.893585085868835449e-01
2.081000000000000000e+03,6.318643863778561354e-05,1.197338104248046875e-01,5.812026858329772949e-01
2.082000000000000000e+03,6.317962834145873785e-05,1.174330711364746094e-01,5.899802446365356445e-01
2.083000000000000000e+03,6.317229417618364096e-05,1.123249530792236328e-01,6.270651817321777344e-01
2.084000000000000000e+03,6.314156053122133017e-05,1.203298568725585938e-01,6.351258754730224609e-01
2.085000000000000000e+03,6.312035839073359966e-05,1.258373260498046875e-01,6.223106980323791504e-01
2.086000000000000000e+03,6.309003219939768314e-05,1.360654830932617188e-01,6.177024841308593750e-01
2.087000000000000000e+03,6.306001159828156233e-05,1.508772373199462891e-01,6.246659755706787109e-01
2.088000000000000000e+03,6.304055568762123585e-05,1.588940620422363281e-01,6.383442878723144531e-01
2.089000000000000000e+03,6.302340625552460551e-05,1.609861850738525391e-01,6.368008852005004883e-01
2.090000000000000000e+03,6.300403038039803505e-05,1.585662364959716797e-01,6.475533246994018555e-01
2.091000000000000000e+03,6.298354128375649452e-05,1.544475555419921875e-01,6.568136215209960938e-01
2.092000000000000000e+03,6.294826016528531909e-05,1.474857330322265625e-01,6.701627373695373535e-01
2.093000000000000000e+03,6.317241786746308208e-05,1.267850399017333984e-01,6.870082616806030273e-01
2.094000000000000000e+03,6.294233753578737378e-05,1.444399356842041016e-01,6.726570129394531250e-01
2.095000000000000000e+03,6.291059253271669149e-05,1.356005668640136719e-01,6.786037683486938477e-01
2.096000000000000000e+03,6.289174052653834224e-05,1.366674900054931641e-01,6.867229938507080078e-01
2.097000000000000000e+03,6.286596180871129036e-05,1.407921314239501953e-01,6.816320419311523438e-01
2.098000000000000000e+03,6.285295967245474458e-05,1.435995101928710938e-01,6.938693523406982422e-01
2.099000000000000000e+03,6.283480615820735693e-05,1.498341560363769531e-01,6.961368322372436523e-01
2.100000000000000000e+03,6.281744572333991528e-05,1.508295536041259766e-01,7.001233100891113281e-01
2.101000000000000000e+03,6.280700472416356206e-05,1.520752906799316406e-01,7.131359577178955078e-01
2.102000000000000000e+03,6.280197703745216131e-05,1.442551612854003906e-01,7.167786359786987305e-01
2.103000000000000000e+03,6.278898945311084390e-05,1.522004604339599609e-01,7.269678711891174316e-01
2.104000000000000000e+03,6.277227657847106457e-05,1.596033573150634766e-01,7.392124533653259277e-01
2.105000000000000000e+03,6.274604675127193332e-05,1.555800437927246094e-01,7.514643669128417969e-01
2.106000000000000000e+03,6.271759775700047612e-05,1.493275165557861328e-01,7.521812319755554199e-01
2.107000000000000000e+03,6.269899313338100910e-05,1.449465751647949219e-01,7.466587424278259277e-01
2.108000000000000000e+03,6.267562275752425194e-05,1.428484916687011719e-01,7.276846766471862793e-01
2.109000000000000000e+03,6.265205593081191182e-05,1.412808895111083984e-01,7.065016031265258789e-01
2.110000000000000000e+03,6.288108124863356352e-05,1.485884189605712891e-01,6.858086585998535156e-01
2.111000000000000000e+03,6.264101830311119556e-05,1.425564289093017578e-01,7.029028534889221191e-01
2.112000000000000000e+03,6.262054375838488340e-05,1.440286636352539062e-01,6.917188167572021484e-01
2.113000000000000000e+03,6.258868233999237418e-05,1.571238040924072266e-01,6.896049380302429199e-01
2.114000000000000000e+03,6.256000779103487730e-05,1.522541046142578125e-01,6.933500170707702637e-01
2.115000000000000000e+03,6.253553146962076426e-05,1.458585262298583984e-01,7.086155414581298828e-01
2.116000000000000000e+03,6.250881415326148272e-05,1.122534275054931641e-01,7.343555688858032227e-01
2.117000000000000000e+03,6.248315912671387196e-05,1.154124736785888672e-01,7.409899234771728516e-01
2.118000000000000000e+03,6.247003329917788506e-05,1.255869865417480469e-01,7.413775920867919922e-01
2.119000000000000000e+03,6.245376425795257092e-05,1.211166381835937500e-01,7.305666208267211914e-01
2.120000000000000000e+03,6.241670052986592054e-05,1.082479953765869141e-01,7.039122581481933594e-01
2.121000000000000000e+03,6.239345384528860450e-05,1.074373722076416016e-01,6.926258802413940430e-01
2.122000000000000000e+03,6.234826287254691124e-05,1.197576522827148438e-01,6.729422807693481445e-01
2.123000000000000000e+03,6.232052692212164402e-05,1.192808151245117188e-01,6.839361190795898438e-01
2.124000000000000000e+03,6.228908750927075744e-05,1.420199871063232422e-01,6.820197105407714844e-01
2.125000000000000000e+03,6.225751712918281555e-05,1.590132713317871094e-01,6.953176259994506836e-01
2.126000000000000000e+03,6.222457886906340718e-05,1.646518707275390625e-01,7.014107108116149902e-01
2.127000000000000000e+03,6.222323281690478325e-05,1.638650894165039062e-01,6.709746718406677246e-01
2.128000000000000000e+03,6.220651266630738974e-05,1.642465591430664062e-01,6.858086585998535156e-01
2.129000000000000000e+03,6.217091868165880442e-05,1.802980899810791016e-01,6.532586812973022461e-01
2.130000000000000000e+03,6.213890446815639734e-05,1.758456230163574219e-01,6.336848735809326172e-01
2.131000000000000000e+03,6.211173604242503643e-05,1.731991767883300781e-01,5.542045235633850098e-01
2.132000000000000000e+03,6.206590478541329503e-05,1.740813255310058594e-01,5.872445702552795410e-01
2.133000000000000000e+03,6.204425153555348516e-05,1.797199249267578125e-01,5.750145912170410156e-01
2.134000000000000000e+03,6.200847565196454525e-05,1.916229724884033203e-01,5.462462306022644043e-01
2.135000000000000000e+03,6.198932533152401447e-05,1.925170421600341797e-01,5.475848317146301270e-01
2.136000000000000000e+03,6.196104368427768350e-05,1.837432384490966797e-01,5.496402382850646973e-01
2.137000000000000000e+03,6.192925502546131611e-05,1.744925975799560547e-01,5.456245541572570801e-01
2.138000000000000000e+03,6.188992847455665469e-05,1.573383808135986328e-01,5.404896736145019531e-01
2.139000000000000000e+03,6.186474638525396585e-05,1.499712467193603516e-01,5.307101011276245117e-01
2.140000000000000000e+03,6.185118400026112795e-05,1.484155654907226562e-01,5.074131488800048828e-01
2.141000000000000000e+03,6.182373908814042807e-05,1.486778259277343750e-01,5.048749446868896484e-01
2.142000000000000000e+03,6.180228228913620114e-05,1.513719558715820312e-01,5.245731472969055176e-01
2.143000000000000000e+03,6.178549665492027998e-05,1.489222049713134766e-01,5.170025229454040527e-01
2.144000000000000000e+03,6.175754242576658726e-05,1.347005367279052734e-01,5.090881586074829102e-01
2.145000000000000000e+03,6.173984729684889317e-05,1.248896121978759766e-01,5.067913532257080078e-01
2.146000000000000000e+03,6.171277345856651664e-05,1.094400882720947266e-01,5.026659369468688965e-01
2.147000000000000000e+03,6.181091885082423687e-05,1.142144203186035156e-01,4.224322140216827393e-01
2.148000000000000000e+03,6.169445987325161695e-05,1.108109951019287109e-01,4.795738160610198975e-01
2.149000000000000000e+03,6.464802572736516595e-05,1.025915145874023438e-01,2.602311670780181885e-01
2.150000000000000000e+03,6.166467210277915001e-05,8.929371833801269531e-02,4.574471712112426758e-01
2.151000000000000000e+03,6.161799683468416333e-05,9.232163429260253906e-02,4.514052867889404297e-01
2.152000000000000000e+03,6.156921881483867764e-05,1.118183135986328125e-01,4.216129779815673828e-01
2.153000000000000000e+03,6.154635048005729914e-05,1.243472099304199219e-01,3.979137241840362549e-01
2.154000000000000000e+03,6.152091373223811388e-05,1.411676406860351562e-01,3.771402537822723389e-01
2.155000000000000000e+03,6.150185799924656749e-05,1.486420631408691406e-01,3.509613573551177979e-01
2.156000000000000000e+03,6.147797103039920330e-05,1.487135887145996094e-01,3.573762476444244385e-01
2.157000000000000000e+03,6.145474617369472980e-05,1.460552215576171875e-01,3.634107708930969238e-01
2.158000000000000000e+03,6.143112841527909040e-05,1.539945602416992188e-01,3.756042122840881348e-01
2.159000000000000000e+03,6.186458631418645382e-05,1.377701759338378906e-01,3.161292672157287598e-01
2.160000000000000000e+03,6.141395715530961752e-05,1.512885093688964844e-01,3.657075464725494385e-01
2.161000000000000000e+03,6.138307799119502306e-05,1.599967479705810547e-01,3.633083701133728027e-01
2.162000000000000000e+03,6.134925934020429850e-05,1.666545867919921875e-01,3.592414557933807373e-01
2.163000000000000000e+03,6.131800182629376650e-05,1.706421375274658203e-01,3.456948697566986084e-01
2.164000000000000000e+03,6.127398955868557096e-05,1.667857170104980469e-01,3.334502279758453369e-01
2.165000000000000000e+03,6.124524952610954642e-05,1.595854759216308594e-01,3.213445544242858887e-01
2.166000000000000000e+03,6.122444756329059601e-05,1.555442810058593750e-01,3.254188001155853271e-01
2.167000000000000000e+03,6.121207843534648418e-05,1.535892486572265625e-01,3.341231644153594971e-01
2.168000000000000000e+03,6.119697354733943939e-05,1.551985740661621094e-01,3.456509709358215332e-01
2.169000000000000000e+03,6.117988959886133671e-05,1.581072807312011719e-01,3.544577062129974365e-01
2.170000000000000000e+03,6.115810538176447153e-05,1.631677150726318359e-01,3.565570116043090820e-01
2.171000000000000000e+03,6.114240386523306370e-05,1.716911792755126953e-01,3.493375182151794434e-01
2.172000000000000000e+03,6.110647518653422594e-05,1.608729362487792969e-01,3.501494228839874268e-01
2.173000000000000000e+03,6.109035166446119547e-05,1.658499240875244141e-01,3.229684233665466309e-01
2.174000000000000000e+03,6.105614011175930500e-05,1.428306102752685547e-01,3.100581765174865723e-01
2.175000000000000000e+03,6.103104169596917927e-05,1.378715038299560547e-01,3.217249512672424316e-01
2.176000000000000000e+03,6.101498729549348354e-05,1.362144947052001953e-01,3.158513307571411133e-01
2.177000000000000000e+03,6.099884922150522470e-05,1.352190971374511719e-01,3.004028797149658203e-01
2.178000000000000000e+03,6.098117955843918025e-05,1.298069953918457031e-01,3.002493083477020264e-01
2.179000000000000000e+03,6.095671415096148849e-05,1.281559467315673828e-01,2.854738235473632812e-01
2.180000000000000000e+03,6.094259879318997264e-05,1.275002956390380859e-01,2.893505692481994629e-01
2.181000000000000000e+03,6.093050615163519979e-05,1.273393630981445312e-01,2.851446568965911865e-01
2.182000000000000000e+03,6.092205876484513283e-05,1.283705234527587891e-01,2.813118398189544678e-01
2.183000000000000000e+03,6.091364048188552260e-05,1.255810260772705078e-01,2.785907983779907227e-01
2.184000000000000000e+03,6.095033313613384962e-05,1.344144344329833984e-01,2.413522154092788696e-01
2.185000000000000000e+03,6.091046088840812445e-05,1.275956630706787109e-01,2.700766026973724365e-01
2.186000000000000000e+03,6.090152237447910011e-05,1.197636127471923828e-01,2.653001844882965088e-01
2.187000000000000000e+03,6.089334056014195085e-05,1.154363155364990234e-01,2.661998867988586426e-01
2.188000000000000000e+03,6.087742804083973169e-05,1.125037670135498047e-01,2.644882500171661377e-01
2.189000000000000000e+03,6.086496432544663548e-05,1.210153102874755859e-01,2.696962654590606689e-01
2.190000000000000000e+03,6.086211942601948977e-05,1.169145107269287109e-01,2.874780297279357910e-01
2.191000000000000000e+03,6.084476990508846939e-05,1.308560371398925781e-01,2.765865921974182129e-01
2.192000000000000000e+03,6.083465996198356152e-05,1.313984394073486328e-01,2.643346488475799561e-01
2.193000000000000000e+03,6.082442632759921253e-05,1.313686370849609375e-01,2.613283693790435791e-01
2.194000000000000000e+03,6.080557432142086327e-05,1.345574855804443359e-01,2.503345310688018799e-01
2.195000000000000000e+03,6.078552905819378793e-05,1.201987266540527344e-01,2.220343798398971558e-01
2.196000000000000000e+03,6.078152000554837286e-05,1.224160194396972656e-01,1.803704798221588135e-01
2.197000000000000000e+03,6.076011777622625232e-05,1.256883144378662109e-01,2.132934480905532837e-01
2.198000000000000000e+03,6.075729470467194915e-05,1.276671886444091797e-01,2.313092797994613647e-01
2.199000000000000000e+03,6.074850534787401557e-05,1.279056072235107422e-01,2.206519246101379395e-01
2.200000000000000000e+03,6.074279735912568867e-05,1.294016838073730469e-01,2.170165777206420898e-01
2.201000000000000000e+03,6.073425538488663733e-05,1.320958137512207031e-01,2.176382988691329956e-01
2.202000000000000000e+03,6.071937968954443932e-05,1.339793205261230469e-01,2.420617341995239258e-01
2.203000000000000000e+03,6.071197640267200768e-05,1.394212245941162109e-01,2.574516236782073975e-01
2.204000000000000000e+03,6.069169467082247138e-05,1.392185688018798828e-01,2.573126554489135742e-01
2.205000000000000000e+03,6.068281800253316760e-05,1.348316669464111328e-01,2.550158500671386719e-01
2.206000000000000000e+03,6.067589129088446498e-05,1.392424106597900391e-01,2.585049271583557129e-01
2.207000000000000000e+03,6.066723653930239379e-05,1.415431499481201172e-01,2.586585581302642822e-01
2.208000000000000000e+03,6.065629713702946901e-05,1.405179500579833984e-01,2.513878345489501953e-01
2.209000000000000000e+03,6.064227272872813046e-05,1.445949077606201172e-01,2.490983605384826660e-01
2.210000000000000000e+03,6.061808380763977766e-05,1.459479331970214844e-01,2.428297698497772217e-01
2.211000000000000000e+03,6.065815250622108579e-05,1.810371875762939453e-01,2.316457480192184448e-01
2.212000000000000000e+03,6.060589657863602042e-05,1.574397087097167969e-01,2.391505241394042969e-01
2.213000000000000000e+03,6.057990685803815722e-05,1.572608947753906250e-01,2.332696020603179932e-01
2.214000000000000000e+03,6.056471465853974223e-05,1.553952693939208984e-01,2.283468842506408691e-01
2.215000000000000000e+03,6.054942059563472867e-05,1.561045646667480469e-01,2.347105592489242554e-01
2.216000000000000000e+03,6.053580000298097730e-05,1.538515090942382812e-01,2.317408323287963867e-01
2.217000000000000000e+03,6.050911906640976667e-05,1.476943492889404297e-01,2.179820984601974487e-01
2.218000000000000000e+03,6.050272349966689944e-05,1.335799694061279297e-01,1.777006536722183228e-01
2.219000000000000000e+03,6.046958878869190812e-05,1.333177089691162109e-01,1.693400740623474121e-01
2.220000000000000000e+03,6.045581540092825890e-05,1.310467720031738281e-01,1.671456992626190186e-01
2.221000000000000000e+03,6.043611938366666436e-05,1.267135143280029297e-01,1.583096683025360107e-01
2.222000000000000000e+03,6.041643791832029819e-05,1.223385334014892578e-01,1.518069952726364136e-01
2.223000000000000000e+03,6.039475556463003159e-05,1.212179660797119141e-01,1.609283089637756348e-01
2.224000000000000000e+03,6.037007187842391431e-05,1.204133033752441406e-01,1.506659388542175293e-01
2.225000000000000000e+03,6.033872341504320502e-05,1.240849494934082031e-01,1.519094109535217285e-01
2.226000000000000000e+03,6.032169767422601581e-05,1.143395900726318359e-01,1.419323086738586426e-01
2.227000000000000000e+03,6.030780059518292546e-05,1.386582851409912109e-01,1.347640007734298706e-01
2.228000000000000000e+03,6.031966040609404445e-05,1.370370388031005859e-01,1.267472207546234131e-01
2.229000000000000000e+03,6.028232019161805511e-05,1.379191875457763672e-01,1.310920864343643188e-01
2.230000000000000000e+03,6.024190952302888036e-05,1.345336437225341797e-01,1.347128003835678101e-01
2.231000000000000000e+03,6.020873479428701103e-05,1.319587230682373047e-01,1.222560629248619080e-01
2.232000000000000000e+03,6.018186832079663873e-05,1.340925693511962891e-01,1.174284294247627258e-01
2.233000000000000000e+03,6.015656254021450877e-05,1.388609409332275391e-01,1.099894866347312927e-01
2.234000000000000000e+03,6.013702659402042627e-05,1.414656639099121094e-01,1.030625775456428528e-01
2.235000000000000000e+03,6.011849472997710109e-05,1.446604728698730469e-01,1.032527536153793335e-01
2.236000000000000000e+03,6.009309072396717966e-05,1.438140869140625000e-01,8.721917122602462769e-02
2.237000000000000000e+03,6.006305920891463757e-05,1.396715641021728516e-01,9.013038128614425659e-02
2.238000000000000000e+03,6.002694499329663813e-05,1.366555690765380859e-01,6.507790833711624146e-02
2.239000000000000000e+03,5.999407221679575741e-05,1.341342926025390625e-01,6.602880358695983887e-02
2.240000000000000000e+03,5.994955790811218321e-05,1.385152339935302734e-01,6.259826570749282837e-02
2.241000000000000000e+03,5.990245699649676681e-05,1.486003398895263672e-01,7.065894454717636108e-02
2.242000000000000000e+03,5.985711686662398279e-05,1.602828502655029297e-01,7.776872068643569946e-02
2.243000000000000000e+03,5.982038419460877776e-05,1.688122749328613281e-01,7.871962338685989380e-02
2.244000000000000000e+03,5.979148772894404829e-05,1.686632633209228516e-01,7.448447495698928833e-02
2.245000000000000000e+03,5.976639658911153674e-05,1.638948917388916016e-01,6.422210484743118286e-02
2.246000000000000000e+03,5.974417945253662765e-05,1.559317111968994141e-01,3.273278847336769104e-02
2.247000000000000000e+03,5.971482096356339753e-05,1.444876194000244141e-01,1.513388752937316895e-02
2.248000000000000000e+03,5.968585173832252622e-05,1.417219638824462891e-01,1.124252565205097198e-02
2.249000000000000000e+03,5.965802120044827461e-05,1.444876194000244141e-01,2.148295193910598755e-02
2.250000000000000000e+03,5.962545401416718960e-05,1.489222049713134766e-01,2.968992106616497040e-02
2.251000000000000000e+03,5.960967973805963993e-05,1.457870006561279297e-01,6.486578285694122314e-02
2.252000000000000000e+03,5.958593828836455941e-05,1.490116119384765625e-01,4.183945432305335999e-02
2.253000000000000000e+03,5.957077883067540824e-05,1.444935798645019531e-01,4.441419243812561035e-02
2.254000000000000000e+03,5.955270171398296952e-05,1.380443572998046875e-01,5.265773460268974304e-02
2.255000000000000000e+03,5.952743958914652467e-05,1.404166221618652344e-01,5.480822175741195679e-02
2.256000000000000000e+03,5.951280400040559471e-05,1.313745975494384766e-01,5.704648792743682861e-02
2.257000000000000000e+03,5.949378828518092632e-05,1.311242580413818359e-01,6.457320600748062134e-02
2.258000000000000000e+03,5.947878889855928719e-05,1.350998878479003906e-01,6.557530164718627930e-02
2.259000000000000000e+03,5.945343218627385795e-05,1.429617404937744141e-01,6.552409380674362183e-02
2.260000000000000000e+03,5.942307325312867761e-05,1.527190208435058594e-01,6.790865212678909302e-02
2.261000000000000000e+03,5.940299524809233844e-05,1.559853553771972656e-01,6.839141994714736938e-02
2.262000000000000000e+03,5.938848335063084960e-05,1.506268978118896484e-01,7.676661759614944458e-02
2.263000000000000000e+03,5.937802052358165383e-05,1.452445983886718750e-01,8.149185031652450562e-02
2.264000000000000000e+03,5.937203604844398797e-05,1.377940177917480469e-01,9.025472402572631836e-02
2.265000000000000000e+03,5.936065645073540509e-05,1.307964324951171875e-01,1.003561764955520630e-01
2.266000000000000000e+03,5.935401713941246271e-05,1.322448253631591797e-01,1.223584637045860291e-01
2.267000000000000000e+03,5.933569627813994884e-05,1.115024089813232422e-01,1.501685380935668945e-01
2.268000000000000000e+03,5.933091961196623743e-05,1.201272010803222656e-01,1.133103147149085999e-01
2.269000000000000000e+03,5.929681719862855971e-05,1.278638839721679688e-01,1.173552796244621277e-01
2.270000000000000000e+03,5.928512837272137403e-05,1.310765743255615234e-01,1.216928362846374512e-01
2.271000000000000000e+03,5.926574522163718939e-05,1.379549503326416016e-01,1.167847439646720886e-01
2.272000000000000000e+03,5.924943616264499724e-05,1.408874988555908203e-01,1.067344993352890015e-01
2.273000000000000000e+03,5.922981654293835163e-05,1.511156558990478516e-01,1.259791851043701172e-01
2.274000000000000000e+03,5.920529656577855349e-05,1.421391963958740234e-01,1.152633130550384521e-01
2.275000000000000000e+03,5.918587703490629792e-05,1.342356204986572266e-01,1.220293119549751282e-01
2.276000000000000000e+03,5.917062298976816237e-05,1.349210739135742188e-01,1.276907920837402344e-01
2.277000000000000000e+03,5.915088695473968983e-05,1.418530941009521484e-01,1.391161978244781494e-01
2.278000000000000000e+03,5.914007488172501326e-05,1.460611820220947266e-01,1.459772735834121704e-01
2.279000000000000000e+03,5.912292908760719001e-05,1.528382301330566406e-01,1.530724167823791504e-01
2.280000000000000000e+03,5.910531763220205903e-05,1.537561416625976562e-01,1.581194996833801270e-01
2.281000000000000000e+03,5.909049650654196739e-05,1.551747322082519531e-01,1.630714684724807739e-01
2.282000000000000000e+03,5.907343438593670726e-05,1.526474952697753906e-01,1.689231544733047485e-01
2.283000000000000000e+03,5.905289799557067454e-05,1.483082771301269531e-01,1.740140914916992188e-01
2.284000000000000000e+03,5.903460623812861741e-05,1.458644866943359375e-01,1.863977015018463135e-01
2.285000000000000000e+03,5.901650001760572195e-05,1.330971717834472656e-01,1.824478209018707275e-01
2.286000000000000000e+03,5.899965617572888732e-05,1.353740692138671875e-01,1.826380044221878052e-01
2.287000000000000000e+03,5.898513700230978429e-05,1.394391059875488281e-01,1.874436885118484497e-01
2.288000000000000000e+03,5.897171649849042296e-05,1.502633094787597656e-01,1.805387139320373535e-01
2.289000000000000000e+03,5.896148650208488107e-05,1.623809337615966797e-01,1.944876462221145630e-01
2.290000000000000000e+03,5.894185960642062128e-05,1.727283000946044922e-01,2.093289494514465332e-01
2.291000000000000000e+03,5.892579792998731136e-05,1.791775226593017578e-01,1.994834989309310913e-01
2.292000000000000000e+03,5.891062755836173892e-05,1.860916614532470703e-01,1.990958303213119507e-01
2.293000000000000000e+03,5.889843305340036750e-05,1.943528652191162109e-01,2.087583988904953003e-01
2.294000000000000000e+03,5.888597297598607838e-05,1.999139785766601562e-01,2.207470089197158813e-01
2.295000000000000000e+03,5.887229053769260645e-05,1.988649368286132812e-01,2.240824699401855469e-01
2.296000000000000000e+03,5.885732025490142405e-05,1.952469348907470703e-01,2.272716313600540161e-01
2.297000000000000000e+03,5.883530320716090500e-05,1.836895942687988281e-01,2.406865805387496948e-01
2.298000000000000000e+03,5.881869583390653133e-05,1.759648323059082031e-01,2.303144931793212891e-01
2.299000000000000000e+03,5.880168828298337758e-05,1.886785030364990234e-01,2.339717894792556763e-01
2.300000000000000000e+03,5.878271622350439429e-05,1.831352710723876953e-01,2.379728704690933228e-01
2.301000000000000000e+03,5.876175418961793184e-05,1.894772052764892578e-01,2.368317842483520508e-01
2.302000000000000000e+03,5.910924301133491099e-05,1.387596130371093750e-01,2.258818596601486206e-01
2.303000000000000000e+03,5.875489296158775687e-05,1.834869384765625000e-01,2.355444282293319702e-01
2.304000000000000000e+03,5.873725967830978334e-05,1.812458038330078125e-01,2.415423989295959473e-01
2.305000000000000000e+03,5.868678636034019291e-05,1.755952835083007812e-01,2.579490244388580322e-01
2.306000000000000000e+03,5.866771243745461106e-05,1.731216907501220703e-01,2.638007104396820068e-01
2.307000000000000000e+03,5.864538252353668213e-05,1.686573028564453125e-01,2.580002248287200928e-01
2.308000000000000000e+03,5.863223123014904559e-05,1.675486564636230469e-01,2.569542229175567627e-01
2.309000000000000000e+03,5.861490353709086776e-05,1.650631427764892578e-01,2.402038276195526123e-01
2.310000000000000000e+03,5.860118835698813200e-05,1.604974269866943359e-01,2.300292253494262695e-01
2.311000000000000000e+03,5.858863005414605141e-05,1.548409461975097656e-01,2.112819403409957886e-01
2.312000000000000000e+03,5.857391806785017252e-05,1.511335372924804688e-01,1.937708109617233276e-01
2.313000000000000000e+03,5.856150528416037560e-05,1.492798328399658203e-01,1.814457178115844727e-01
2.314000000000000000e+03,5.855396011611446738e-05,1.493334770202636719e-01,1.784979552030563354e-01
2.315000000000000000e+03,5.854692062712274492e-05,1.505315303802490234e-01,1.777299046516418457e-01
2.316000000000000000e+03,5.854061600985005498e-05,1.515269279479980469e-01,1.796829104423522949e-01
2.317000000000000000e+03,5.853080074302852154e-05,1.504898071289062500e-01,1.786808073520660400e-01
2.318000000000000000e+03,5.852121103089302778e-05,1.469492912292480469e-01,1.784979552030563354e-01
2.319000000000000000e+03,5.863410842721350491e-05,1.440584659576416016e-01,1.292634457349777222e-01
2.320000000000000000e+03,5.851942114531993866e-05,1.465976238250732422e-01,1.725365519523620605e-01
2.321000000000000000e+03,5.851083187735639513e-05,1.390039920806884766e-01,1.720684170722961426e-01
2.322000000000000000e+03,5.849873923580162227e-05,1.308083534240722656e-01,1.715929657220840454e-01
2.323000000000000000e+03,5.848962973686866462e-05,1.232624053955078125e-01,1.750161945819854736e-01
2.324000000000000000e+03,5.847504507983103395e-05,1.093864440917968750e-01,1.742554903030395508e-01
2.325000000000000000e+03,5.847428110428154469e-05,9.112954139709472656e-02,1.970111578702926636e-01
2.326000000000000000e+03,5.846394560649059713e-05,1.000761985778808594e-01,1.858710497617721558e-01
2.327000000000000000e+03,5.844877159688621759e-05,9.701251983642578125e-02,1.815847009420394897e-01
2.328000000000000000e+03,5.843462349730543792e-05,9.887814521789550781e-02,1.725877523422241211e-01
2.329000000000000000e+03,5.842988321091979742e-05,9.452700614929199219e-02,1.671164482831954956e-01
2.330000000000000000e+03,5.841302481712773442e-05,9.884238243103027344e-02,1.617841124534606934e-01
2.331000000000000000e+03,5.839940422447398305e-05,1.006484031677246094e-01,1.669701486825942993e-01
2.332000000000000000e+03,5.837836579303257167e-05,9.283423423767089844e-02,1.654560267925262451e-01
2.333000000000000000e+03,5.837989738211035728e-05,9.397864341735839844e-02,1.824478209018707275e-01
2.334000000000000000e+03,5.837111530127003789e-05,9.337067604064941406e-02,1.734435558319091797e-01
2.335000000000000000e+03,5.835973934154026210e-05,9.273290634155273438e-02,1.699764430522918701e-01
2.336000000000000000e+03,5.834375770064070821e-05,9.258389472961425781e-02,1.652585268020629883e-01
2.337000000000000000e+03,5.833472096128389239e-05,9.034872055053710938e-02,1.599262058734893799e-01
2.338000000000000000e+03,5.832672832184471190e-05,8.926987648010253906e-02,1.579805165529251099e-01
2.339000000000000000e+03,5.831796806887723505e-05,8.631348609924316406e-02,1.556471735239028931e-01
2.340000000000000000e+03,5.830589725519530475e-05,8.535385131835937500e-02,1.513535082340240479e-01
2.341000000000000000e+03,5.829947258462198079e-05,8.323192596435546875e-02,1.499783545732498169e-01
2.342000000000000000e+03,5.829094152431935072e-05,8.621811866760253906e-02,1.418299078941345215e-01
2.343000000000000000e+03,5.828330904478207231e-05,8.429884910583496094e-02,1.444997191429138184e-01
2.344000000000000000e+03,5.827458880958147347e-05,8.175969123840332031e-02,1.479302793741226196e-01
2.345000000000000000e+03,5.826305277878418565e-05,7.702112197875976562e-02,1.488811671733856201e-01
2.346000000000000000e+03,5.825476182508282363e-05,7.510781288146972656e-02,1.462625414133071899e-01
2.347000000000000000e+03,5.824729669257067144e-05,7.618665695190429688e-02,1.460723727941513062e-01
2.348000000000000000e+03,5.823955143569037318e-05,7.457137107849121094e-02,1.472646445035934448e-01
2.349000000000000000e+03,5.823442552355118096e-05,7.525086402893066406e-02,1.496857702732086182e-01
2.350000000000000000e+03,5.822664388688281178e-05,7.650852203369140625e-02,1.464015245437622070e-01
2.351000000000000000e+03,5.821925151394680142e-05,7.484555244445800781e-02,1.478351801633834839e-01
2.352000000000000000e+03,5.821186277898959816e-05,7.160902023315429688e-02,1.479302793741226196e-01
2.353000000000000000e+03,5.820302976644597948e-05,6.636381149291992188e-02,1.476449966430664062e-01
2.354000000000000000e+03,5.819352372782304883e-05,6.172060966491699219e-02,1.493054032325744629e-01
2.355000000000000000e+03,5.818624777020886540e-05,4.935860633850097656e-02,1.526920646429061890e-01
2.356000000000000000e+03,5.817705823574215174e-05,5.241632461547851562e-02,1.551644057035446167e-01
2.357000000000000000e+03,5.816787961521185935e-05,5.033612251281738281e-02,1.555959582328796387e-01
2.358000000000000000e+03,5.815937038278207183e-05,4.876255989074707031e-02,1.617841124534606934e-01
2.359000000000000000e+03,5.814932592329569161e-05,4.473328590393066406e-02,1.640150547027587891e-01
2.360000000000000000e+03,5.813600000692531466e-05,3.963708877563476562e-02,1.619303971529006958e-01
2.361000000000000000e+03,5.811895607621408999e-05,3.900527954101562500e-02,1.612135618925094604e-01
2.362000000000000000e+03,5.810470611322671175e-05,3.891587257385253906e-02,1.502124220132827759e-01
2.363000000000000000e+03,5.826003689435310662e-05,5.846023559570312500e-02,2.464870661497116089e-01
2.364000000000000000e+03,5.809996582684107125e-05,4.170536994934082031e-02,1.639784723520278931e-01
2.365000000000000000e+03,5.807863635709509254e-05,4.761815071105957031e-02,1.525896638631820679e-01
2.366000000000000000e+03,5.805562977911904454e-05,4.969239234924316406e-02,1.435488313436508179e-01
2.367000000000000000e+03,5.802987288916483521e-05,5.360841751098632812e-02,1.439291834831237793e-01
2.368000000000000000e+03,5.986446194583550096e-05,6.371736526489257812e-03,1.776348203420639038e-01
2.369000000000000000e+03,5.802558371215127409e-05,5.056858062744140625e-02,1.461235731840133667e-01
2.370000000000000000e+03,5.799149948870763183e-05,4.770755767822265625e-02,1.448874026536941528e-01
2.371000000000000000e+03,5.795656397822313011e-05,3.350973129272460938e-02,1.592166870832443237e-01
2.372000000000000000e+03,5.793855234514921904e-05,1.833438873291015625e-02,1.504538059234619141e-01
2.373000000000000000e+03,5.792752926936373115e-05,1.736879348754882812e-02,1.522605121135711670e-01
2.374000000000000000e+03,5.791079456685110927e-05,1.725554466247558594e-02,1.578342318534851074e-01
2.375000000000000000e+03,5.789876013295724988e-05,1.661181449890136719e-02,1.558812260627746582e-01
2.376000000000000000e+03,5.787883856100961566e-05,1.832842826843261719e-02,1.581706851720809937e-01
2.377000000000000000e+03,5.785785833722911775e-05,2.417564392089843750e-02,1.640662550926208496e-01
2.378000000000000000e+03,5.782459993497468531e-05,3.653764724731445312e-02,1.875314563512802124e-01
2.379000000000000000e+03,5.840927769895642996e-05,8.527040481567382812e-02,2.713200747966766357e-01
2.380000000000000000e+03,5.781790969194844365e-05,4.127621650695800781e-02,1.956726014614105225e-01
2.381000000000000000e+03,5.778750346507877111e-05,5.782842636108398438e-02,2.170897275209426880e-01
2.382000000000000000e+03,5.776221223641186953e-05,6.653070449829101562e-02,2.363051474094390869e-01
2.383000000000000000e+03,5.774158125859685242e-05,7.291436195373535156e-02,2.466772496700286865e-01
2.384000000000000000e+03,5.772042277385480702e-05,7.854700088500976562e-02,2.552865147590637207e-01
2.385000000000000000e+03,5.769021663581952453e-05,7.604360580444335938e-02,2.611820697784423828e-01
2.386000000000000000e+03,5.766552931163460016e-05,8.230805397033691406e-02,2.838207185268402100e-01
2.387000000000000000e+03,5.764010711573064327e-05,8.686780929565429688e-02,2.869074940681457520e-01
2.388000000000000000e+03,5.761017746408469975e-05,8.899569511413574219e-02,3.007466793060302734e-01
2.389000000000000000e+03,5.763507215306162834e-05,5.379915237426757812e-02,2.843473851680755615e-01
2.390000000000000000e+03,5.759702617069706321e-05,7.578134536743164062e-02,2.946097254753112793e-01
2.391000000000000000e+03,5.757024700869806111e-05,7.325410842895507812e-02,2.864759266376495361e-01
2.392000000000000000e+03,5.754754238296300173e-05,7.079243659973144531e-02,2.697913348674774170e-01
2.393000000000000000e+03,5.754122321377508342e-05,6.731152534484863281e-02,2.452508956193923950e-01
2.394000000000000000e+03,5.752855577156879008e-05,7.365942001342773438e-02,2.448193281888961792e-01
2.395000000000000000e+03,5.751999924541451037e-05,7.783174514770507812e-02,2.443950921297073364e-01
2.396000000000000000e+03,5.750451236963272095e-05,9.388923645019531250e-02,2.440147399902343750e-01
2.397000000000000000e+03,5.749284173361957073e-05,1.009404659271240234e-01,2.441098242998123169e-01
2.398000000000000000e+03,5.747396062361076474e-05,1.129448413848876953e-01,2.513439357280731201e-01
2.399000000000000000e+03,5.746485112467780709e-05,1.143634319305419922e-01,2.559960484504699707e-01
2.400000000000000000e+03,5.745205635321326554e-05,1.134932041168212891e-01,2.676481604576110840e-01
2.401000000000000000e+03,5.769595736637711525e-05,1.212656497955322266e-01,3.007466793060302734e-01
2.402000000000000000e+03,5.744703958043828607e-05,1.145064830780029297e-01,2.719784080982208252e-01
2.403000000000000000e+03,5.742774010286666453e-05,1.138210296630859375e-01,2.824894487857818604e-01
2.404000000000000000e+03,5.740835695178247988e-05,1.163601875305175781e-01,2.939002215862274170e-01
2.405000000000000000e+03,5.739576590713113546e-05,1.199245452880859375e-01,2.925177812576293945e-01
2.406000000000000000e+03,5.737562605645507574e-05,1.250267028808593750e-01,2.911938428878784180e-01
2.407000000000000000e+03,5.736800812883302569e-05,1.253783702850341797e-01,2.583805620670318604e-01
2.408000000000000000e+03,5.734316073358058929e-05,1.275718212127685547e-01,2.589949965476989746e-01
2.409000000000000000e+03,5.731861892854794860e-05,1.243472099304199219e-01,2.629448771476745605e-01
2.410000000000000000e+03,5.729395343223586679e-05,1.182496547698974609e-01,2.487180083990097046e-01
2.411000000000000000e+03,5.727808456867933273e-05,1.213908195495605469e-01,2.453459948301315308e-01
2.412000000000000000e+03,5.726271047024056315e-05,1.267075538635253906e-01,2.336426377296447754e-01
2.413000000000000000e+03,5.725366645492613316e-05,1.350462436676025391e-01,2.370731830596923828e-01
2.414000000000000000e+03,5.724674338125623763e-05,1.380801200866699219e-01,2.355444282293319702e-01
2.415000000000000000e+03,5.723840877180919051e-05,1.414120197296142578e-01,2.370731830596923828e-01
2.416000000000000000e+03,5.723247522837482393e-05,1.427352428436279297e-01,2.383459061384201050e-01
2.417000000000000000e+03,5.722216883441433311e-05,1.413643360137939453e-01,2.414911985397338867e-01
2.418000000000000000e+03,5.720576518797315657e-05,1.409292221069335938e-01,2.398234605789184570e-01
2.419000000000000000e+03,5.750391937908716500e-05,1.009702682495117188e-01,2.137103825807571411e-01
2.420000000000000000e+03,5.719637920265085995e-05,1.344859600067138672e-01,2.355956286191940308e-01
2.421000000000000000e+03,5.716929081245325506e-05,1.302123069763183594e-01,2.303144931793212891e-01
2.422000000000000000e+03,5.714049257221631706e-05,1.276254653930664062e-01,2.214199602603912354e-01
2.423000000000000000e+03,5.710180266760289669e-05,1.267075538635253906e-01,2.193718701601028442e-01
2.424000000000000000e+03,5.706051160814240575e-05,1.264333724975585938e-01,2.174700796604156494e-01
2.425000000000000000e+03,5.705731382477097213e-05,1.323819160461425781e-01,2.388798892498016357e-01
2.426000000000000000e+03,5.703620263375341892e-05,1.296162605285644531e-01,2.289320379495620728e-01
2.427000000000000000e+03,5.706536830984987319e-05,1.407086849212646484e-01,2.450606971979141235e-01
2.428000000000000000e+03,5.702050475520081818e-05,1.340985298156738281e-01,2.354493439197540283e-01
2.429000000000000000e+03,5.700509063899517059e-05,1.322925090789794922e-01,2.323552668094635010e-01
2.430000000000000000e+03,5.699691973859444261e-05,1.376152038574218750e-01,2.483888566493988037e-01
2.431000000000000000e+03,5.699180474039167166e-05,1.369118690490722656e-01,2.447315454483032227e-01
2.432000000000000000e+03,5.698044697055593133e-05,1.345694065093994141e-01,2.438757568597793579e-01
2.433000000000000000e+03,5.696935113519430161e-05,1.353919506072998047e-01,2.372633665800094604e-01
2.434000000000000000e+03,5.695794243365526199e-05,1.391172409057617188e-01,2.482498735189437866e-01
2.435000000000000000e+03,5.693686762242577970e-05,1.450955867767333984e-01,2.305485755205154419e-01
2.436000000000000000e+03,5.692892591468989849e-05,1.489818096160888672e-01,2.322162985801696777e-01
2.437000000000000000e+03,5.692335980711504817e-05,1.494586467742919922e-01,2.300731092691421509e-01
2.438000000000000000e+03,5.692219565389677882e-05,1.498401165008544922e-01,2.314116805791854858e-01
2.439000000000000000e+03,5.691392289008945227e-05,1.478075981140136719e-01,2.320773154497146606e-01
2.440000000000000000e+03,5.690488615073263645e-05,1.458346843719482422e-01,2.294075042009353638e-01
2.441000000000000000e+03,5.689239333150908351e-05,1.428782939910888672e-01,2.245579212903976440e-01
2.442000000000000000e+03,5.687827797373756766e-05,1.423418521881103516e-01,2.162339091300964355e-01
2.443000000000000000e+03,5.686396980308927596e-05,1.431763172149658203e-01,2.091899812221527100e-01
2.444000000000000000e+03,5.685275391442701221e-05,1.446723937988281250e-01,2.042452991008758545e-01
2.445000000000000000e+03,5.683844574377872050e-05,1.438200473785400391e-01,1.996736675500869751e-01
2.446000000000000000e+03,5.682310074917040765e-05,1.396715641021728516e-01,1.938658952713012695e-01
2.447000000000000000e+03,5.680504909832961857e-05,1.262784004211425781e-01,1.866756528615951538e-01
2.448000000000000000e+03,5.678703018929809332e-05,1.142323017120361328e-01,1.851980984210968018e-01
2.449000000000000000e+03,5.677191802533343434e-05,1.087725162506103516e-01,1.770642846822738647e-01
2.450000000000000000e+03,5.675897409673780203e-05,9.760856628417968750e-02,1.744968593120574951e-01
2.451000000000000000e+03,5.682117989636026323e-05,8.459091186523437500e-02,1.885847598314285278e-01
2.452000000000000000e+03,5.675293141393922269e-05,9.471178054809570312e-02,1.776348203420639038e-01
2.453000000000000000e+03,5.673965279129333794e-05,9.695887565612792969e-02,1.736337393522262573e-01
2.454000000000000000e+03,5.672555562341585755e-05,9.983181953430175781e-02,1.784467399120330811e-01
2.455000000000000000e+03,5.672092811437323689e-05,1.020789146423339844e-01,1.783955395221710205e-01
2.456000000000000000e+03,5.671601320500485599e-05,1.021623611450195312e-01,1.834938079118728638e-01
2.457000000000000000e+03,5.671154940500855446e-05,1.010298728942871094e-01,1.841082423925399780e-01
2.458000000000000000e+03,5.670613973052240908e-05,1.004993915557861328e-01,1.812482178211212158e-01
2.459000000000000000e+03,5.670225073117762804e-05,1.037478446960449219e-01,1.722586005926132202e-01
2.460000000000000000e+03,5.693502680514939129e-05,8.137226104736328125e-02,1.484495997428894043e-01
2.461000000000000000e+03,5.670053360518068075e-05,1.017868518829345703e-01,1.701666265726089478e-01
2.462000000000000000e+03,5.669665551977232099e-05,1.007914543151855469e-01,1.689231544733047485e-01
2.463000000000000000e+03,5.669180609402246773e-05,1.006901264190673828e-01,1.678771525621414185e-01
2.464000000000000000e+03,5.669045276590622962e-05,1.022517681121826172e-01,1.688792556524276733e-01
2.465000000000000000e+03,5.668784433510154486e-05,1.036584377288818359e-01,1.715417653322219849e-01
2.466000000000000000e+03,5.668520680046640337e-05,1.036167144775390625e-01,1.739775240421295166e-01
2.467000000000000000e+03,5.668348603649064898e-05,1.022100448608398438e-01,1.748772263526916504e-01
2.468000000000000000e+03,5.667974255629815161e-05,1.019060611724853516e-01,1.765888333320617676e-01
2.469000000000000000e+03,5.670656537404283881e-05,8.862018585205078125e-02,1.748260259628295898e-01
2.470000000000000000e+03,5.667835648637264967e-05,9.915232658386230469e-02,1.762084811925888062e-01
2.471000000000000000e+03,5.667411824106238782e-05,9.953379631042480469e-02,1.718782335519790649e-01
2.472000000000000000e+03,5.666528886649757624e-05,1.017451286315917969e-01,1.663996130228042603e-01
2.473000000000000000e+03,5.665973367285914719e-05,1.022934913635253906e-01,1.671603322029113770e-01
2.474000000000000000e+03,5.664850323228165507e-05,1.016616821289062500e-01,1.723098009824752808e-01
2.475000000000000000e+03,5.663824413204565644e-05,1.006841659545898438e-01,1.801144629716873169e-01
2.476000000000000000e+03,5.662810144713148475e-05,1.030147075653076172e-01,1.894917637109756470e-01
2.477000000000000000e+03,5.662007242790423334e-05,1.071453094482421875e-01,1.972891092300415039e-01
2.478000000000000000e+03,5.661140312440693378e-05,1.178920269012451172e-01,2.019558399915695190e-01
2.479000000000000000e+03,5.660286842612549663e-05,1.215219497680664062e-01,1.944876462221145630e-01
2.480000000000000000e+03,5.659959060722030699e-05,1.284003257751464844e-01,1.865366846323013306e-01
2.481000000000000000e+03,5.659400267177261412e-05,1.311600208282470703e-01,1.853517144918441772e-01
2.482000000000000000e+03,5.658633017446845770e-05,1.368105411529541016e-01,1.830110400915145874e-01
2.483000000000000000e+03,5.660329043166711926e-05,1.510918140411376953e-01,1.731144040822982788e-01
2.484000000000000000e+03,5.658462760038673878e-05,1.400351524353027344e-01,1.807800978422164917e-01
2.485000000000000000e+03,5.672946281265467405e-05,1.450240612030029297e-01,1.685500890016555786e-01
2.486000000000000000e+03,5.658027657773345709e-05,1.407325267791748047e-01,1.790611594915390015e-01
2.487000000000000000e+03,5.657544170389883220e-05,1.405179500579833984e-01,1.746870428323745728e-01
2.488000000000000000e+03,5.656517532770521939e-05,1.384317874908447266e-01,1.663996130228042603e-01
2.489000000000000000e+03,5.655917993863113225e-05,1.334071159362792969e-01,1.607820093631744385e-01
2.490000000000000000e+03,5.654781489283777773e-05,1.163899898529052734e-01,1.507829576730728149e-01
2.491000000000000000e+03,5.653557309415191412e-05,1.127004623413085938e-01,1.438779830932617188e-01
2.492000000000000000e+03,5.652099571307189763e-05,1.088976860046386719e-01,1.382164955139160156e-01
2.493000000000000000e+03,5.651269748341292143e-05,1.097321510314941406e-01,1.326427757740020752e-01
2.494000000000000000e+03,5.650044477079063654e-05,1.117110252380371094e-01,1.197837293148040771e-01
2.495000000000000000e+03,5.661930117639712989e-05,1.250624656677246094e-01,1.298339813947677612e-01
2.496000000000000000e+03,5.649494778481312096e-05,1.140952110290527344e-01,1.215977445244789124e-01
2.497000000000000000e+03,5.648221849696710706e-05,1.166224479675292969e-01,1.075903102755546570e-01
2.498000000000000000e+03,5.647109355777502060e-05,1.167714595794677734e-01,9.601862728595733643e-02
2.499000000000000000e+03,5.646108184009790421e-05,1.155316829681396484e-01,8.563922345638275146e-02
2.500000000000000000e+03,5.644365228363312781e-05,1.134037971496582031e-01,7.181464135646820068e-02
2.501000000000000000e+03,5.642486576107330620e-05,1.076698303222656250e-01,5.661493167281150818e-02
2.502000000000000000e+03,5.640937160933390260e-05,1.111686229705810547e-01,1.329061016440391541e-02
2.503000000000000000e+03,5.647812940878793597e-05,1.014411449432373047e-01,8.020447939634323120e-02
2.504000000000000000e+03,5.640144809149205685e-05,1.087784767150878906e-01,2.974112331867218018e-02
2.505000000000000000e+03,5.639509981847368181e-05,9.997487068176269531e-02,3.626573830842971802e-02
2.506000000000000000e+03,5.637701542582362890e-05,1.011848449707031250e-01,3.302537277340888977e-02
2.507000000000000000e+03,5.636813875753432512e-05,1.008212566375732422e-01,2.759063430130481720e-02
2.508000000000000000e+03,5.638659786200150847e-05,9.925961494445800781e-02,9.187125600874423981e-03
2.509000000000000000e+03,5.636321293422952294e-05,1.003324985504150391e-01,2.186330966651439667e-02
2.510000000000000000e+03,5.635168781736865640e-05,9.476542472839355469e-02,2.406500093638896942e-02
2.511000000000000000e+03,5.634181434288620949e-05,8.832812309265136719e-02,2.492081001400947571e-02
2.512000000000000000e+03,5.632570901070721447e-05,7.876753807067871094e-02,2.982890047132968903e-02
2.513000000000000000e+03,5.631011663354001939e-05,7.302165031433105469e-02,3.555622324347496033e-02
2.514000000000000000e+03,5.629293445963412523e-05,4.827380180358886719e-02,2.368464320898056030e-02
2.515000000000000000e+03,5.627246719086542726e-05,5.454421043395996094e-02,3.045063838362693787e-02
2.516000000000000000e+03,5.624938057735562325e-05,5.373358726501464844e-02,3.163560107350349426e-02
2.517000000000000000e+03,5.621076343231834471e-05,4.561543464660644531e-02,6.663592066615819931e-03
2.518000000000000000e+03,5.618586510536260903e-05,3.700852394104003906e-02,6.802568677812814713e-03
2.519000000000000000e+03,5.616857743007130921e-05,3.265738487243652344e-02,4.783742129802703857e-03
2.520000000000000000e+03,5.615446571027860045e-05,1.673698425292968750e-02,6.839141715317964554e-03
2.521000000000000000e+03,5.613912799162790179e-05,2.263784408569335938e-02,4.308293573558330536e-03
2.522000000000000000e+03,5.612732638837769628e-05,2.720355987548828125e-02,6.787939462810754776e-03
2.523000000000000000e+03,5.611325468635186553e-05,3.274679183959960938e-02,6.926917005330324173e-03
2.524000000000000000e+03,5.609140498563647270e-05,3.201961517333984375e-02,9.560169652104377747e-03
2.525000000000000000e+03,5.690347461495548487e-05,3.705620765686035156e-02,6.271529942750930786e-02
2.526000000000000000e+03,5.608575884252786636e-05,3.241300582885742188e-02,3.927934914827346802e-03
2.527000000000000000e+03,5.605565820587798953e-05,2.504587173461914062e-02,1.513388752937316895e-02
2.528000000000000000e+03,5.602014425676316023e-05,1.155138015747070312e-02,4.690115153789520264e-02
2.529000000000000000e+03,5.597901326837018132e-05,2.157092094421386719e-02,2.252162247896194458e-02
2.530000000000000000e+03,5.597051494987681508e-05,1.119375228881835938e-02,3.316435217857360840e-02
2.531000000000000000e+03,5.593882815446704626e-05,6.324052810668945312e-03,3.774328529834747314e-02
2.532000000000000000e+03,5.592969682766124606e-05,8.302927017211914062e-03,3.674118593335151672e-02
2.533000000000000000e+03,5.592022716882638633e-05,1.786947250366210938e-02,3.974016755819320679e-02
2.534000000000000000e+03,5.590633008978329599e-05,2.672076225280761719e-02,4.347060993313789368e-02
2.535000000000000000e+03,5.589542706729844213e-05,3.362298011779785156e-02,5.248218774795532227e-02
2.536000000000000000e+03,5.588066778727807105e-05,3.778934478759765625e-02,5.505692213773727417e-02
2.537000000000000000e+03,5.586573024629615247e-05,4.096031188964843750e-02,5.968705564737319946e-02
2.538000000000000000e+03,5.585234612226486206e-05,3.985762596130371094e-02,5.921160802245140076e-02
2.539000000000000000e+03,5.582407538895495236e-05,3.629922866821289062e-02,5.586884170770645142e-02
2.540000000000000000e+03,5.579036587732844055e-05,2.960562705993652344e-02,5.243097990751266479e-02
2.541000000000000000e+03,5.575782415689900517e-05,1.408457756042480469e-02,2.628863789141178131e-02
2.542000000000000000e+03,5.573828093474730849e-05,6.622076034545898438e-03,2.152683958411216736e-02
2.543000000000000000e+03,5.572040390688925982e-05,6.759166717529296875e-03,2.009318023920059204e-02
2.544000000000000000e+03,5.570907160290516913e-05,7.438659667968750000e-03,1.627496257424354553e-02
2.545000000000000000e+03,5.569188942899927497e-05,7.832050323486328125e-03,1.933246292173862457e-02
2.546000000000000000e+03,5.567434709519147873e-05,6.496906280517578125e-03,1.842545345425605774e-02
2.547000000000000000e+03,5.566105028265155852e-05,6.699562072753906250e-03,3.259381279349327087e-02
2.548000000000000000e+03,5.564701859839260578e-05,4.273653030395507812e-03,4.532851278781890869e-02
2.549000000000000000e+03,5.563772356254048645e-05,6.282329559326171875e-03,5.744147300720214844e-02
2.550000000000000000e+03,5.563208469538949430e-05,7.528066635131835938e-03,6.240808218717575073e-02
2.551000000000000000e+03,5.562797014135867357e-05,1.013875007629394531e-02,5.782914906740188599e-02
2.552000000000000000e+03,5.562182923313230276e-05,1.804828643798828125e-02,5.668075755238533020e-02
2.553000000000000000e+03,5.600736403721384704e-05,1.823902130126953125e-03,5.744147300720214844e-02
2.554000000000000000e+03,5.561420766753144562e-05,1.534819602966308594e-02,5.677585303783416748e-02
2.555000000000000000e+03,5.560517092817462981e-05,1.494288444519042969e-02,5.777794867753982544e-02
2.556000000000000000e+03,5.558456905419006944e-05,1.255869865417480469e-02,6.861085444688796997e-02
2.557000000000000000e+03,5.557760596275329590e-05,1.478195190429687500e-02,7.271434366703033447e-02
2.558000000000000000e+03,5.556210817303508520e-05,1.865625381469726562e-02,8.263292163610458374e-02
2.559000000000000000e+03,5.554735253099352121e-05,2.512931823730468750e-02,9.065702557563781738e-02
2.560000000000000000e+03,5.552641232497990131e-05,2.509355545043945312e-02,1.061200723052024841e-01
2.561000000000000000e+03,5.550614514504559338e-05,3.345608711242675781e-02,1.013509556651115417e-01
2.562000000000000000e+03,5.547186447074636817e-05,5.328059196472167969e-02,8.750444650650024414e-02
2.563000000000000000e+03,5.545435124076902866e-05,6.501078605651855469e-02,6.965684145689010620e-02
2.564000000000000000e+03,5.543280713027343154e-05,6.667375564575195312e-02,7.171224057674407959e-02
2.565000000000000000e+03,5.541245627682656050e-05,6.569623947143554688e-02,7.958274334669113159e-02
2.566000000000000000e+03,5.543476436287164688e-05,6.539821624755859375e-02,8.740934729576110840e-02
2.567000000000000000e+03,5.540506390389055014e-05,6.559491157531738281e-02,8.216479420661926270e-02
2.568000000000000000e+03,5.538628101930953562e-05,6.959438323974609375e-02,8.655354380607604980e-02
2.569000000000000000e+03,5.536794196814298630e-05,7.498264312744140625e-02,9.384619444608688354e-02
2.570000000000000000e+03,5.535329546546563506e-05,7.816553115844726562e-02,9.299769997596740723e-02
2.571000000000000000e+03,5.534202864510007203e-05,8.032917976379394531e-02,9.466542303562164307e-02
2.572000000000000000e+03,5.533095827559009194e-05,8.008480072021484375e-02,8.793599903583526611e-02
2.573000000000000000e+03,5.532042996492236853e-05,7.656216621398925781e-02,8.063603937625885010e-02
2.574000000000000000e+03,5.530983617063611746e-05,7.383227348327636719e-02,8.368622511625289917e-02
2.575000000000000000e+03,5.530177440959960222e-05,7.156133651733398438e-02,8.335706591606140137e-02
2.576000000000000000e+03,5.529383633984252810e-05,7.134079933166503906e-02,8.931846171617507935e-02
2.577000000000000000e+03,5.528541078092530370e-05,7.402300834655761719e-02,9.533105045557022095e-02
2.578000000000000000e+03,5.527895700652152300e-05,8.004903793334960938e-02,1.332864612340927124e-01
2.579000000000000000e+03,5.525285450858063996e-05,7.760524749755859375e-02,1.164775341749191284e-01
2.580000000000000000e+03,5.523742584045976400e-05,7.873773574829101562e-02,1.149999946355819702e-01
2.581000000000000000e+03,5.520489139598794281e-05,8.437037467956542969e-02,1.133761480450630188e-01
2.582000000000000000e+03,5.517377576325088739e-05,9.310841560363769531e-02,1.212027594447135925e-01
2.583000000000000000e+03,5.514146323548629880e-05,1.024425029754638672e-01,1.213929355144500732e-01
2.584000000000000000e+03,5.512498319149017334e-05,1.163303852081298828e-01,1.269373893737792969e-01
2.585000000000000000e+03,5.510694245458580554e-05,1.093804836273193359e-01,1.191034689545631409e-01
2.586000000000000000e+03,5.509730544872581959e-05,1.069068908691406250e-01,1.099894866347312927e-01
2.587000000000000000e+03,5.508658068720251322e-05,1.047611236572265625e-01,1.013948470354080200e-01
2.588000000000000000e+03,5.511507697519846261e-05,1.210808753967285156e-01,8.135287463665008545e-02
2.589000000000000000e+03,5.508343747351318598e-05,1.088440418243408203e-01,9.637703746557235718e-02
2.590000000000000000e+03,5.508662798092700541e-05,1.111209392547607422e-01,1.001001670956611633e-01
2.591000000000000000e+03,5.506600064109079540e-05,1.099348068237304688e-01,9.819836914539337158e-02
2.592000000000000000e+03,5.505388980964198709e-05,1.154959201812744141e-01,9.704998135566711426e-02
2.593000000000000000e+03,5.504531145561486483e-05,1.197695732116699219e-01,1.033990383148193359e-01
2.594000000000000000e+03,5.503285137820057571e-05,1.272797584533691406e-01,1.083144471049308777e-01
2.595000000000000000e+03,5.502065323526039720e-05,1.274049282073974609e-01,1.100845858454704285e-01
2.596000000000000000e+03,5.500451879925094545e-05,1.270830631256103516e-01,1.175820380449295044e-01
2.597000000000000000e+03,5.498978862306103110e-05,1.284837722778320312e-01,1.195789203047752380e-01
2.598000000000000000e+03,5.497625534189864993e-05,1.305103302001953125e-01,1.237336099147796631e-01
2.599000000000000000e+03,5.496777157532051206e-05,1.333713531494140625e-01,1.261254847049713135e-01
2.600000000000000000e+03,5.496079029398970306e-05,1.389861106872558594e-01,1.329499930143356323e-01
2.601000000000000000e+03,5.495498407981358469e-05,1.415610313415527344e-01,1.333303451538085938e-01
2.602000000000000000e+03,5.494463039212860167e-05,1.406311988830566406e-01,1.402060687541961670e-01
2.603000000000000000e+03,5.493774733622558415e-05,1.429796218872070312e-01,1.410691887140274048e-01
2.604000000000000000e+03,5.492787022376433015e-05,1.444041728973388672e-01,1.384871304035186768e-01
2.605000000000000000e+03,5.491516640176996589e-05,1.483321189880371094e-01,1.402572542428970337e-01
2.606000000000000000e+03,5.490672629093751311e-05,1.487016677856445312e-01,1.417421251535415649e-01
2.607000000000000000e+03,5.490037437994033098e-05,1.489758491516113281e-01,1.473231613636016846e-01
2.608000000000000000e+03,5.489461909746751189e-05,1.498937606811523438e-01,1.513827592134475708e-01
2.609000000000000000e+03,5.488255919772200286e-05,1.515328884124755859e-01,1.585949510335922241e-01
2.610000000000000000e+03,5.490146577358245850e-05,1.381576061248779297e-01,1.501904726028442383e-01
2.611000000000000000e+03,5.487781163537874818e-05,1.473426818847656250e-01,1.559616923332214355e-01
2.612000000000000000e+03,5.493255594046786427e-05,1.622498035430908203e-01,1.271714717149734497e-01
2.613000000000000000e+03,5.487010275828652084e-05,1.512587070465087891e-01,1.483764648437500000e-01
2.614000000000000000e+03,5.488802707986906171e-05,1.577019691467285156e-01,1.635103523731231689e-01
2.615000000000000000e+03,5.486594454851001501e-05,1.532435417175292969e-01,1.530504822731018066e-01
2.616000000000000000e+03,5.485934889293275774e-05,1.428544521331787109e-01,1.468477100133895874e-01
2.617000000000000000e+03,5.485594738274812698e-05,1.620590686798095703e-01,1.620328128337860107e-01
2.618000000000000000e+03,5.483981658471748233e-05,1.539766788482666016e-01,1.522385627031326294e-01
2.619000000000000000e+03,5.483568747877143323e-05,1.525759696960449219e-01,1.518069952726364136e-01
2.620000000000000000e+03,5.482654523802921176e-05,1.503884792327880859e-01,1.555813401937484741e-01
2.621000000000000000e+03,5.482156120706349611e-05,1.492857933044433594e-01,1.589753031730651855e-01
2.622000000000000000e+03,5.481737753143534064e-05,1.488566398620605469e-01,1.641832888126373291e-01
2.623000000000000000e+03,5.481254993355832994e-05,1.471877098083496094e-01,1.678552180528640747e-01
2.624000000000000000e+03,5.480540494318120182e-05,1.426458358764648438e-01,1.711102128028869629e-01
2.625000000000000000e+03,5.479208630276843905e-05,1.337110996246337891e-01,1.723024845123291016e-01
2.626000000000000000e+03,5.531573333428241313e-05,7.694363594055175781e-02,2.963286936283111572e-01
2.627000000000000000e+03,5.478946695802733302e-05,1.297295093536376953e-01,1.809922158718109131e-01
2.628000000000000000e+03,5.477909144246950746e-05,1.222074031829833984e-01,1.912692189216613770e-01
2.629000000000000000e+03,5.477079685078933835e-05,1.172184944152832031e-01,1.973842084407806396e-01
2.630000000000000000e+03,5.476603109855204821e-05,1.198768615722656250e-01,2.025922089815139771e-01
2.631000000000000000e+03,5.476058140629902482e-05,1.249253749847412109e-01,2.076026946306228638e-01
2.632000000000000000e+03,5.475629586726427078e-05,1.294672489166259766e-01,2.113404422998428345e-01
2.633000000000000000e+03,5.475230500451289117e-05,1.311302185058593750e-01,2.114794254302978516e-01
2.634000000000000000e+03,5.474830686580389738e-05,1.288354396820068359e-01,2.089924663305282593e-01
2.635000000000000000e+03,5.474484350997954607e-05,1.284062862396240234e-01,2.061324715614318848e-01
2.636000000000000000e+03,5.476145452121272683e-05,1.132309436798095703e-01,1.791781932115554810e-01
2.637000000000000000e+03,5.474045610753819346e-05,1.238048076629638672e-01,1.979547590017318726e-01
2.638000000000000000e+03,5.473584315041080117e-05,1.231491565704345703e-01,2.002515345811843872e-01
2.639000000000000000e+03,5.472835619002580643e-05,1.264572143554687500e-01,2.043111324310302734e-01
2.640000000000000000e+03,5.490096373250707984e-05,7.363557815551757812e-02,2.200813889503479004e-01
2.641000000000000000e+03,5.472773045767098665e-05,1.239895820617675781e-01,2.050279676914215088e-01
2.642000000000000000e+03,5.472485645441338420e-05,1.245260238647460938e-01,2.046476155519485474e-01
2.643000000000000000e+03,5.473412966239266098e-05,1.399099826812744141e-01,2.180698812007904053e-01
2.644000000000000000e+03,5.472234624903649092e-05,1.295268535614013672e-01,2.089924663305282593e-01
2.645000000000000000e+03,5.471720942296087742e-05,1.272916793823242188e-01,2.131032794713973999e-01
2.646000000000000000e+03,5.471229815157130361e-05,1.238465309143066406e-01,2.166362255811691284e-01
2.647000000000000000e+03,5.470501491799950600e-05,1.177191734313964844e-01,2.258599102497100830e-01
2.648000000000000000e+03,5.471285840030759573e-05,1.144707202911376953e-01,2.409206479787826538e-01
2.649000000000000000e+03,5.470242467708885670e-05,1.166462898254394531e-01,2.308338433504104614e-01
2.650000000000000000e+03,5.469451571116223931e-05,1.123309135437011719e-01,2.401526272296905518e-01
2.651000000000000000e+03,5.469304960570298135e-05,1.149535179138183594e-01,2.560691535472869873e-01
2.652000000000000000e+03,5.468584640766493976e-05,1.166105270385742188e-01,2.430638372898101807e-01
2.653000000000000000e+03,5.468300878419540823e-05,1.188158988952636719e-01,2.372853010892868042e-01
2.654000000000000000e+03,5.467643495649099350e-05,1.215577125549316406e-01,2.320700138807296753e-01
2.655000000000000000e+03,5.470647374750114977e-05,1.322329044342041016e-01,2.091826349496841431e-01
2.656000000000000000e+03,5.467508526635356247e-05,1.235485076904296875e-01,2.278275340795516968e-01
2.657000000000000000e+03,5.466909351525828242e-05,1.246988773345947266e-01,2.290710061788558960e-01
2.658000000000000000e+03,5.466297079692594707e-05,1.249313354492187500e-01,2.372853010892868042e-01
2.659000000000000000e+03,5.465720460051670671e-05,1.246154308319091797e-01,2.443585097789764404e-01
2.660000000000000000e+03,5.465035064844414592e-05,1.224696636199951172e-01,2.532530426979064941e-01
2.661000000000000000e+03,5.464148853207007051e-05,1.210987567901611328e-01,2.550670504570007324e-01
2.662000000000000000e+03,5.463111301651224494e-05,1.157283782958984375e-01,2.641956806182861328e-01
2.663000000000000000e+03,5.461941327666863799e-05,1.045405864715576172e-01,2.489447593688964844e-01
2.664000000000000000e+03,5.563418017118237913e-05,7.563829421997070312e-02,3.712008297443389893e-01
2.665000000000000000e+03,5.461530963657423854e-05,1.026272773742675781e-01,2.570200562477111816e-01
2.666000000000000000e+03,5.460177271743305027e-05,9.526014328002929688e-02,2.664924561977386475e-01
2.667000000000000000e+03,5.459225940285250545e-05,8.824467658996582031e-02,2.649198174476623535e-01
2.668000000000000000e+03,5.458218947751447558e-05,7.853507995605468750e-02,2.667338252067565918e-01
2.669000000000000000e+03,5.457488805404864252e-05,7.424950599670410156e-02,2.710787057876586914e-01
2.670000000000000000e+03,5.456399230752140284e-05,7.019042968750000000e-02,2.827015817165374756e-01
2.671000000000000000e+03,5.500656698131933808e-05,4.516839981079101562e-02,3.049891591072082520e-01
2.672000000000000000e+03,5.455721111502498388e-05,6.747245788574218750e-02,2.851446568965911865e-01
2.673000000000000000e+03,5.453835910884663463e-05,6.654858589172363281e-02,3.056547939777374268e-01
2.674000000000000000e+03,5.452298864838667214e-05,6.518959999084472656e-02,3.151271641254425049e-01
2.675000000000000000e+03,5.450980825116857886e-05,6.420612335205078125e-02,3.227782547473907471e-01
2.676000000000000000e+03,5.449866148410364985e-05,6.515979766845703125e-02,3.146443963050842285e-01
2.677000000000000000e+03,5.448846422950737178e-05,6.489157676696777344e-02,3.057059943675994873e-01
2.678000000000000000e+03,5.447788498713634908e-05,6.493926048278808594e-02,2.963286936283111572e-01
2.679000000000000000e+03,5.446681825560517609e-05,6.420016288757324219e-02,2.955679595470428467e-01
2.680000000000000000e+03,5.445427086669951677e-05,6.255507469177246094e-02,3.018365800380706787e-01
2.681000000000000000e+03,5.444139969768002629e-05,6.530284881591796875e-02,3.109651505947113037e-01
2.682000000000000000e+03,5.445080023491755128e-05,5.868077278137207031e-02,3.508223593235015869e-01
2.683000000000000000e+03,5.443387635750696063e-05,6.263256072998046875e-02,3.270426392555236816e-01
2.684000000000000000e+03,5.442228575702756643e-05,6.119012832641601562e-02,3.218785524368286133e-01
2.685000000000000000e+03,5.440878157969564199e-05,6.312727928161621094e-02,3.221564888954162598e-01
2.686000000000000000e+03,5.439372398541308939e-05,6.477236747741699219e-02,3.144103288650512695e-01
2.687000000000000000e+03,5.438388689071871340e-05,6.210207939147949219e-02,3.086245059967041016e-01
2.688000000000000000e+03,5.436600258690305054e-05,5.725622177124023438e-02,3.050842285156250000e-01
2.689000000000000000e+03,5.435566345113329589e-05,4.650950431823730469e-02,2.980549037456512451e-01
2.690000000000000000e+03,5.434537888504564762e-05,4.802942276000976562e-02,3.069494664669036865e-01
2.691000000000000000e+03,5.433246769825927913e-05,4.897713661193847656e-02,3.318702876567840576e-01
2.692000000000000000e+03,5.432023317553102970e-05,4.938244819641113281e-02,3.439759016036987305e-01
2.693000000000000000e+03,5.429972952697426081e-05,4.927515983581542969e-02,3.627378344535827637e-01
2.694000000000000000e+03,5.428576332633383572e-05,5.249381065368652344e-02,3.604410588741302490e-01
2.695000000000000000e+03,5.427068754215724766e-05,5.726218223571777344e-02,3.557962775230407715e-01
2.696000000000000000e+03,5.425841663964092731e-05,6.416440010070800781e-02,3.426373600959777832e-01
2.697000000000000000e+03,5.424961636890657246e-05,6.644725799560546875e-02,3.400991857051849365e-01
2.698000000000000000e+03,5.423940820037387311e-05,6.847977638244628906e-02,3.385265469551086426e-01
2.699000000000000000e+03,5.421831156127154827e-05,6.823539733886718750e-02,3.418254256248474121e-01
2.700000000000000000e+03,5.571393921854905784e-05,1.105666160583496094e-02,2.884874343872070312e-01
2.701000000000000000e+03,5.421342575573362410e-05,6.486177444458007812e-02,3.386655151844024658e-01
2.702000000000000000e+03,5.418163345893844962e-05,6.501078605651855469e-02,3.407721221446990967e-01
2.703000000000000000e+03,5.416041676653549075e-05,6.129145622253417969e-02,3.409622907638549805e-01
2.704000000000000000e+03,5.414162296801805496e-05,6.011724472045898438e-02,3.396676182746887207e-01
2.705000000000000000e+03,5.412666359916329384e-05,4.886388778686523438e-02,3.340719640254974365e-01
2.706000000000000000e+03,5.410913581727072597e-05,4.922747611999511719e-02,3.429225981235504150e-01
2.707000000000000000e+03,5.408760989666916430e-05,4.410743713378906250e-02,3.583344519138336182e-01
2.708000000000000000e+03,5.407269418356008828e-05,4.007816314697265625e-02,3.714933991432189941e-01
2.709000000000000000e+03,5.405205592978745699e-05,3.659129142761230469e-02,3.851789832115173340e-01
2.710000000000000000e+03,5.402181341196410358e-05,3.672838211059570312e-02,4.072544276714324951e-01
2.711000000000000000e+03,5.856137067894451320e-05,9.087324142456054688e-02,4.627575576305389404e-01
2.712000000000000000e+03,5.401356247602961957e-05,2.987980842590332031e-02,4.102241694927215576e-01
2.713000000000000000e+03,5.397351924329996109e-05,2.874135971069335938e-02,4.257311224937438965e-01
2.714000000000000000e+03,5.393091851146891713e-05,2.875924110412597656e-02,4.354594647884368896e-01
2.715000000000000000e+03,5.389615762396715581e-05,3.454685211181640625e-02,4.667366743087768555e-01
2.716000000000000000e+03,5.387624696595594287e-05,3.758072853088378906e-02,4.613238871097564697e-01
2.717000000000000000e+03,5.385732583818025887e-05,4.286170005798339844e-02,4.517929553985595703e-01
2.718000000000000000e+03,5.384123141993768513e-05,4.295110702514648438e-02,4.536582231521606445e-01
2.719000000000000000e+03,5.382681410992518067e-05,4.602074623107910156e-02,4.589685797691345215e-01
2.720000000000000000e+03,5.381307346397079527e-05,5.449652671813964844e-02,4.562914371490478516e-01
2.721000000000000000e+03,5.379643698688596487e-05,6.166100502014160156e-02,4.654420018196105957e-01
2.722000000000000000e+03,5.378434434533119202e-05,6.318688392639160156e-02,4.706134200096130371e-01
2.723000000000000000e+03,5.376508488552644849e-05,7.123947143554687500e-02,4.821119308471679688e-01
2.724000000000000000e+03,5.374466854846104980e-05,7.334947586059570312e-02,4.974433183670043945e-01
2.725000000000000000e+03,5.372875239118002355e-05,9.454488754272460938e-02,5.055918097496032715e-01
2.726000000000000000e+03,5.371499719331040978e-05,7.502436637878417969e-02,5.076106190681457520e-01
2.727000000000000000e+03,5.369843711378052831e-05,7.804632186889648438e-02,5.035802721977233887e-01
2.728000000000000000e+03,5.368562779040075839e-05,8.279085159301757812e-02,4.951465427875518799e-01
2.729000000000000000e+03,5.367820631363429129e-05,8.054971694946289062e-02,4.959072470664978027e-01
2.730000000000000000e+03,5.367010453483089805e-05,8.081793785095214844e-02,4.972531497478485107e-01
2.731000000000000000e+03,5.366243203752674162e-05,8.072257041931152344e-02,5.062135457992553711e-01
2.732000000000000000e+03,5.365053220884874463e-05,8.057951927185058594e-02,5.165197849273681641e-01
2.733000000000000000e+03,5.362503725336864591e-05,6.670951843261718750e-02,5.367445945739746094e-01
2.734000000000000000e+03,5.359832721296697855e-05,7.255077362060546875e-02,5.590906739234924316e-01
2.735000000000000000e+03,5.356870678951963782e-05,6.672143936157226562e-02,5.518492460250854492e-01
2.736000000000000000e+03,5.353712549549527466e-05,5.929470062255859375e-02,5.366568565368652344e-01
2.737000000000000000e+03,5.352113657863810658e-05,5.815625190734863281e-02,5.375126600265502930e-01
2.738000000000000000e+03,5.349436469259671867e-05,5.593895912170410156e-02,5.471532940864562988e-01
2.739000000000000000e+03,5.347748447093181312e-05,5.488991737365722656e-02,5.677219033241271973e-01
2.740000000000000000e+03,5.346405669115483761e-05,5.468130111694335938e-02,5.942007303237915039e-01
2.741000000000000000e+03,5.345984391169622540e-05,5.487799644470214844e-02,5.988967418670654297e-01
2.742000000000000000e+03,5.345660974853672087e-05,5.460977554321289062e-02,5.980848073959350586e-01
2.743000000000000000e+03,5.345427780412137508e-05,5.335211753845214844e-02,5.951077342033386230e-01
2.744000000000000000e+03,5.344943565432913601e-05,4.972219467163085938e-02,5.886343121528625488e-01
2.745000000000000000e+03,5.344380042515695095e-05,4.583597183227539062e-02,5.853281617164611816e-01
2.746000000000000000e+03,5.347778278519399464e-05,2.280473709106445312e-02,5.542045235633850098e-01
2.747000000000000000e+03,5.344163218978792429e-05,4.102587699890136719e-02,5.788035392761230469e-01
2.748000000000000000e+03,5.343262091628275812e-05,3.746151924133300781e-02,5.865204334259033203e-01
2.749000000000000000e+03,5.344020974007435143e-05,2.411603927612304688e-02,5.952978730201721191e-01
2.750000000000000000e+03,5.342919757822528481e-05,3.266930580139160156e-02,5.896875858306884766e-01
2.751000000000000000e+03,5.342193617252632976e-05,3.094077110290527344e-02,6.004327535629272461e-01
2.752000000000000000e+03,5.341256110114045441e-05,2.738833427429199219e-02,6.133357286453247070e-01
2.753000000000000000e+03,5.340524148778058589e-05,2.452731132507324219e-02,6.180462837219238281e-01
2.754000000000000000e+03,5.339630297385156155e-05,2.355575561523437500e-02,6.172709465026855469e-01
2.755000000000000000e+03,5.338900155038572848e-05,1.859068870544433594e-02,6.138696670532226562e-01
2.756000000000000000e+03,5.339533890946768224e-05,3.196597099304199219e-02,5.918965935707092285e-01
2.757000000000000000e+03,5.338458868209272623e-05,2.377629280090332031e-02,6.053262352943420410e-01
2.758000000000000000e+03,5.337880793376825750e-05,2.242922782897949219e-02,5.985675454139709473e-01
2.759000000000000000e+03,5.337128459359519184e-05,1.993179321289062500e-02,5.921307206153869629e-01
2.760000000000000000e+03,5.336710455594584346e-05,1.873970031738281250e-02,5.876761078834533691e-01
2.761000000000000000e+03,5.336234971764497459e-05,1.663565635681152344e-02,5.852769017219543457e-01
2.762000000000000000e+03,5.335934838512912393e-05,1.597404479980468750e-02,5.820658206939697266e-01
2.763000000000000000e+03,5.335524110705591738e-05,1.685619354248046875e-02,5.755851268768310547e-01
2.764000000000000000e+03,5.335104287951253355e-05,1.609325408935546875e-02,5.690165758132934570e-01
2.765000000000000000e+03,5.334608067641966045e-05,1.598000526428222656e-02,5.641231536865234375e-01
2.766000000000000000e+03,5.333924127626232803e-05,1.434087753295898438e-02,5.603342056274414062e-01
2.767000000000000000e+03,5.333604713086970150e-05,1.237988471984863281e-02,5.582787394523620605e-01
2.768000000000000000e+03,5.333262743079103529e-05,1.141428947448730469e-02,5.572181940078735352e-01
2.769000000000000000e+03,5.332608270691707730e-05,9.369850158691406250e-03,5.554991960525512695e-01
2.770000000000000000e+03,5.332201544661074877e-05,7.790327072143554688e-03,5.527197122573852539e-01
2.771000000000000000e+03,5.331597276381216943e-05,5.012750625610351562e-03,5.492599010467529297e-01
2.772000000000000000e+03,5.331109423423185945e-05,1.877546310424804688e-03,5.462974905967712402e-01
2.773000000000000000e+03,5.330458952812477946e-05,1.037120819091796875e-03,5.438910126686096191e-01
2.774000000000000000e+03,5.329564373823814094e-05,9.775161743164062500e-04,5.454270839691162109e-01
2.775000000000000000e+03,5.329178748070262372e-05,9.536743164062500000e-05,5.405848026275634766e-01
2.776000000000000000e+03,5.328771658241748810e-05,1.949071884155273438e-03,5.437008142471313477e-01
2.777000000000000000e+03,5.328284896677359939e-05,3.385543823242187500e-03,5.437520146369934082e-01
2.778000000000000000e+03,5.327849066816270351e-05,5.620718002319335938e-03,5.406798720359802246e-01
2.779000000000000000e+03,5.327353210304863751e-05,9.399652481079101562e-03,5.325314402580261230e-01
2.780000000000000000e+03,5.326875543687492609e-05,1.189112663269042969e-02,5.192554593086242676e-01
2.781000000000000000e+03,5.326720565790310502e-05,1.507997512817382812e-02,5.158468484878540039e-01
2.782000000000000000e+03,5.326213795342482626e-05,1.271367073059082031e-02,5.031999349594116211e-01
2.783000000000000000e+03,5.326051905285567045e-05,1.174807548522949219e-02,5.052626132965087891e-01
2.784000000000000000e+03,5.325725578586570919e-05,1.155734062194824219e-02,5.130673050880432129e-01
2.785000000000000000e+03,5.325347592588514090e-05,1.218318939208984375e-02,5.142741799354553223e-01
2.786000000000000000e+03,5.324872472556307912e-05,1.530647277832031250e-02,5.186337232589721680e-01
2.787000000000000000e+03,5.324460653355345130e-05,1.927018165588378906e-02,5.179607868194580078e-01
2.788000000000000000e+03,5.324060475686565042e-05,2.434253692626953125e-02,5.237539410591125488e-01
2.789000000000000000e+03,5.323677760316058993e-05,2.527236938476562500e-02,5.239514112472534180e-01
2.790000000000000000e+03,5.323142977431416512e-05,2.281665802001953125e-02,5.264017581939697266e-01
2.791000000000000000e+03,5.323063669493421912e-05,1.568198204040527344e-02,5.139304399490356445e-01
2.792000000000000000e+03,5.326281097950413823e-05,7.748603820800781250e-03,5.687313079833984375e-01
2.793000000000000000e+03,5.322477954905480146e-05,1.348257064819335938e-02,5.291301012039184570e-01
2.794000000000000000e+03,5.321692151483148336e-05,1.164078712463378906e-02,5.385659933090209961e-01
2.795000000000000000e+03,5.320986747392453253e-05,1.302361488342285156e-02,5.420769453048706055e-01
2.796000000000000000e+03,5.320057243807241321e-05,1.034736633300781250e-02,5.504667758941650391e-01
2.797000000000000000e+03,5.368047277443110943e-05,4.845857620239257812e-03,5.962634682655334473e-01
2.798000000000000000e+03,5.319883348420262337e-05,1.001954078674316406e-02,5.531512498855590820e-01
2.799000000000000000e+03,5.321231947164051235e-05,1.888275146484375000e-02,5.441323518753051758e-01
2.800000000000000000e+03,5.319335105014033616e-05,5.960464477539062500e-05,5.499840378761291504e-01
2.801000000000000000e+03,5.318737385096028447e-05,1.209974288940429688e-03,5.382879972457885742e-01
2.802000000000000000e+03,5.318152761901728809e-05,9.477138519287109375e-04,5.326265096664428711e-01
2.803000000000000000e+03,5.317848263075575233e-05,1.168251037597656250e-03,5.246682763099670410e-01
2.804000000000000000e+03,5.317421891959384084e-05,3.015995025634765625e-03,5.298981666564941406e-01
2.805000000000000000e+03,5.316986062098294497e-05,5.686283111572265625e-03,5.399630665779113770e-01
2.806000000000000000e+03,5.316533861332572997e-05,8.904933929443359375e-03,5.545849204063415527e-01
2.807000000000000000e+03,5.316201350069604814e-05,9.870529174804687500e-03,5.657103657722473145e-01
2.808000000000000000e+03,5.315939051797613502e-05,1.757144927978515625e-02,5.789424777030944824e-01
2.809000000000000000e+03,5.315592352417297661e-05,1.643896102905273438e-02,5.769822001457214355e-01
2.810000000000000000e+03,5.315074304235167801e-05,1.649856567382812500e-02,5.719936490058898926e-01
2.811000000000000000e+03,5.315295493346638978e-05,1.472234725952148438e-02,5.582275986671447754e-01
2.812000000000000000e+03,5.314694863045588136e-05,1.569986343383789062e-02,5.657542943954467773e-01
2.813000000000000000e+03,5.314120789989829063e-05,1.907348632812500000e-02,5.693091750144958496e-01
2.814000000000000000e+03,5.313331348588690162e-05,3.018379211425781250e-02,5.743855237960815430e-01
2.815000000000000000e+03,5.313858491717837751e-05,3.670454025268554688e-02,6.020638942718505859e-01
2.816000000000000000e+03,5.313015572028234601e-05,3.267526626586914062e-02,5.849404931068420410e-01
2.817000000000000000e+03,5.312151915859431028e-05,4.243850708007812500e-02,5.911285877227783203e-01
2.818000000000000000e+03,5.311407949193380773e-05,4.192590713500976562e-02,5.871933698654174805e-01
2.819000000000000000e+03,5.309996049618348479e-05,4.539489746093750000e-02,5.889708399772644043e-01
2.820000000000000000e+03,5.308780237101018429e-05,4.467964172363281250e-02,5.919917225837707520e-01
2.821000000000000000e+03,5.306663661031052470e-05,5.002021789550781250e-02,6.093565225601196289e-01
2.822000000000000000e+03,5.305037484504282475e-05,4.820823669433593750e-02,6.162176132202148438e-01
2.823000000000000000e+03,5.303618672769516706e-05,4.979372024536132812e-02,6.243295073509216309e-01
2.824000000000000000e+03,5.302429053699597716e-05,5.265474319458007812e-02,6.234663724899291992e-01
2.825000000000000000e+03,5.302068893797695637e-05,5.650520324707031250e-02,6.050921678543090820e-01
2.826000000000000000e+03,5.304291698848828673e-05,4.864931106567382812e-02,5.815830826759338379e-01
2.827000000000000000e+03,5.301837882143445313e-05,5.463361740112304688e-02,5.994745492935180664e-01
2.828000000000000000e+03,5.301187047734856606e-05,5.333423614501953125e-02,6.069135069847106934e-01
2.829000000000000000e+03,5.300353950588032603e-05,5.397796630859375000e-02,6.113680601119995117e-01
2.830000000000000000e+03,5.298703763401135802e-05,5.830526351928710938e-02,6.196701526641845703e-01
2.831000000000000000e+03,5.299250551615841687e-05,7.591247558593750000e-02,6.451029777526855469e-01
2.832000000000000000e+03,5.297666575643233955e-05,6.626844406127929688e-02,6.311905980110168457e-01
2.833000000000000000e+03,5.296157905831933022e-05,6.885528564453125000e-02,6.259606480598449707e-01
2.834000000000000000e+03,5.295309892971999943e-05,7.138252258300781250e-02,6.272992491722106934e-01
2.835000000000000000e+03,5.295082883094437420e-05,7.005929946899414062e-02,6.275918483734130859e-01
2.836000000000000000e+03,5.294595030136406422e-05,7.162094116210937500e-02,6.255803108215332031e-01
2.837000000000000000e+03,5.294091533869504929e-05,6.949901580810546875e-02,6.271602511405944824e-01
2.838000000000000000e+03,5.293288268148899078e-05,6.395578384399414062e-02,6.291717886924743652e-01
2.839000000000000000e+03,5.292613059282302856e-05,5.159378051757812500e-02,6.214914917945861816e-01
2.840000000000000000e+03,5.292066998663358390e-05,4.326105117797851562e-02,6.213012933731079102e-01
2.841000000000000000e+03,5.295904702506959438e-05,6.257295608520507812e-02,6.381468176841735840e-01
2.842000000000000000e+03,5.291727575240656734e-05,4.763603210449218750e-02,6.251414418220520020e-01
2.843000000000000000e+03,5.290891203912906349e-05,4.714727401733398438e-02,6.272992491722106934e-01
2.844000000000000000e+03,5.289765977067872882e-05,4.453659057617187500e-02,6.328656077384948730e-01
2.845000000000000000e+03,5.288882675813511014e-05,4.515647888183593750e-02,6.331509351730346680e-01
2.846000000000000000e+03,5.287858948577195406e-05,4.075765609741210938e-02,6.345480084419250488e-01
2.847000000000000000e+03,5.286439409246668220e-05,3.582239151000976562e-02,6.314685344696044922e-01
2.848000000000000000e+03,5.285427687340416014e-05,3.422498703002929688e-02,6.263410449028015137e-01
2.849000000000000000e+03,5.284197686705738306e-05,3.510713577270507812e-02,6.175635457038879395e-01
2.850000000000000000e+03,5.283030623104423285e-05,3.453493118286132812e-02,6.149229407310485840e-01
2.851000000000000000e+03,5.284766666591167450e-05,5.737543106079101562e-02,6.078717112541198730e-01
2.852000000000000000e+03,5.282639540382660925e-05,4.148483276367187500e-02,6.127651929855346680e-01
2.853000000000000000e+03,5.281790799926966429e-05,3.960132598876953125e-02,6.055675745010375977e-01
2.854000000000000000e+03,5.293164940667338669e-05,5.470514297485351562e-02,6.411164999008178711e-01
2.855000000000000000e+03,5.281577250570990145e-05,4.150867462158203125e-02,6.100806593894958496e-01
2.856000000000000000e+03,5.280777622829191387e-05,4.215240478515625000e-02,6.074840426445007324e-01
2.857000000000000000e+03,5.280042387312278152e-05,4.010200500488281250e-02,6.185656189918518066e-01
2.858000000000000000e+03,5.279442120809108019e-05,4.276037216186523438e-02,6.294570565223693848e-01
2.859000000000000000e+03,5.279317701933905482e-05,4.061460494995117188e-02,6.535513401031494141e-01
2.860000000000000000e+03,5.278845128486864269e-05,4.290342330932617188e-02,6.470193862915039062e-01
2.861000000000000000e+03,5.278598837321624160e-05,4.332065582275390625e-02,6.429890394210815430e-01
2.862000000000000000e+03,5.277863238006830215e-05,4.128217697143554688e-02,6.347893476486206055e-01
2.863000000000000000e+03,5.277031596051529050e-05,3.600120544433593750e-02,6.273504495620727539e-01
2.864000000000000000e+03,5.276206866255961359e-05,3.075599670410156250e-02,6.210598945617675781e-01
2.865000000000000000e+03,5.275570219964720309e-05,2.822875976562500000e-02,6.215938925743103027e-01
2.866000000000000000e+03,5.275142757454887033e-05,2.791881561279296875e-02,6.204381585121154785e-01
2.867000000000000000e+03,5.274872091831639409e-05,3.063678741455078125e-02,6.237443685531616211e-01
2.868000000000000000e+03,5.273897113511338830e-05,4.028081893920898438e-02,6.232762336730957031e-01
2.869000000000000000e+03,5.274900468066334724e-05,3.679990768432617188e-02,6.276357173919677734e-01
2.870000000000000000e+03,5.273418719298206270e-05,3.905296325683593750e-02,6.248049736022949219e-01
2.871000000000000000e+03,5.272813723422586918e-05,3.875494003295898438e-02,6.259606480598449707e-01
2.872000000000000000e+03,5.272140697343274951e-05,3.874301910400390625e-02,6.278771162033081055e-01
2.873000000000000000e+03,5.271509508020244539e-05,3.589391708374023438e-02,6.290255188941955566e-01
2.874000000000000000e+03,5.271484042168594897e-05,3.190040588378906250e-02,6.184778809547424316e-01
2.875000000000000000e+03,5.271090776659548283e-05,3.387928009033203125e-02,6.237077713012695312e-01
2.876000000000000000e+03,5.270459223538637161e-05,3.263950347900390625e-02,6.189020872116088867e-01
2.877000000000000000e+03,5.269939720164984465e-05,3.191232681274414062e-02,6.154496073722839355e-01
2.878000000000000000e+03,5.269332905299961567e-05,3.046989440917968750e-02,6.063795089721679688e-01
2.879000000000000000e+03,5.268729000817984343e-05,2.671480178833007812e-02,5.940032005310058594e-01
2.880000000000000000e+03,5.268146924208849669e-05,2.473592758178710938e-02,5.910335183143615723e-01
2.881000000000000000e+03,5.267462984193116426e-05,2.158880233764648438e-02,5.862790346145629883e-01
2.882000000000000000e+03,5.266717926133424044e-05,2.142190933227539062e-02,5.824462175369262695e-01
2.883000000000000000e+03,5.265813524601981044e-05,1.707077026367187500e-02,5.816342830657958984e-01
2.884000000000000000e+03,5.264883293421007693e-05,1.782178878784179688e-02,5.775015354156494141e-01
2.885000000000000000e+03,5.263235652819275856e-05,1.448392868041992188e-02,5.712695121765136719e-01
2.886000000000000000e+03,5.266305743134580553e-05,1.013875007629394531e-02,5.464364886283874512e-01
2.887000000000000000e+03,5.262753256829455495e-05,7.879734039306640625e-03,5.646058917045593262e-01
2.888000000000000000e+03,5.261931801214814186e-05,1.740455627441406250e-03,5.552578568458557129e-01
2.889000000000000000e+03,5.260999751044437289e-05,8.785724639892578125e-03,5.450905561447143555e-01
2.890000000000000000e+03,5.260217585600912571e-05,1.808404922485351562e-02,5.351719856262207031e-01
2.891000000000000000e+03,5.259411409497261047e-05,2.641081809997558594e-02,5.271112918853759766e-01
2.892000000000000000e+03,5.258728924673050642e-05,2.865791320800781250e-02,5.250559449195861816e-01
2.893000000000000000e+03,5.258115561446174979e-05,2.715587615966796875e-02,5.263506174087524414e-01
2.894000000000000000e+03,5.257680095382966101e-05,2.754926681518554688e-02,5.267309546470642090e-01
2.895000000000000000e+03,5.257366865407675505e-05,2.782344818115234375e-02,5.224592685699462891e-01
2.896000000000000000e+03,5.257306111161597073e-05,2.733469009399414062e-02,5.175803899765014648e-01
2.897000000000000000e+03,5.256705480860546231e-05,3.028512001037597656e-02,5.186848640441894531e-01
2.898000000000000000e+03,5.256340955384075642e-05,3.215074539184570312e-02,5.162783861160278320e-01
2.899000000000000000e+03,5.255602809484116733e-05,3.459453582763671875e-02,5.046335458755493164e-01
2.900000000000000000e+03,5.254813368082977831e-05,4.085898399353027344e-02,4.961998760700225830e-01
2.901000000000000000e+03,5.253812923911027610e-05,4.267096519470214844e-02,4.860838055610656738e-01
2.902000000000000000e+03,5.252936534816399217e-05,4.706978797912597656e-02,4.708986878395080566e-01
2.903000000000000000e+03,5.252224582363851368e-05,4.712939262390136719e-02,4.712351560592651367e-01
2.904000000000000000e+03,5.251529728411696851e-05,4.791617393493652344e-02,4.652445316314697266e-01
2.905000000000000000e+03,5.250751564744859934e-05,5.336999893188476562e-02,4.623259902000427246e-01
2.906000000000000000e+03,5.249870082479901612e-05,5.874633789062500000e-02,4.597366452217102051e-01
2.907000000000000000e+03,5.249122477835044265e-05,6.439685821533203125e-02,4.568108022212982178e-01
2.908000000000000000e+03,5.248360321274958551e-05,6.317496299743652344e-02,4.676437079906463623e-01
2.909000000000000000e+03,5.247778244665823877e-05,6.071329116821289062e-02,4.776061475276947021e-01
2.910000000000000000e+03,5.247333683655597270e-05,5.669593811035156250e-02,4.883439838886260986e-01
2.911000000000000000e+03,5.246723230811767280e-05,5.693435668945312500e-02,4.981674849987030029e-01
2.912000000000000000e+03,5.245873762760311365e-05,4.955530166625976562e-02,4.967703819274902344e-01
2.913000000000000000e+03,5.245527790975756943e-05,6.877779960632324219e-02,5.096221566200256348e-01
2.914000000000000000e+03,5.244939529802650213e-05,5.902051925659179688e-02,5.035802721977233887e-01
2.915000000000000000e+03,5.243629129836335778e-05,4.959106445312500000e-02,4.692748785018920898e-01
2.916000000000000000e+03,5.242223778623156250e-05,5.531907081604003906e-02,4.689822494983673096e-01
2.917000000000000000e+03,5.240256723482161760e-05,6.345510482788085938e-02,4.608923196792602539e-01
2.918000000000000000e+03,5.238982703303918242e-05,6.670355796813964844e-02,4.520270526409149170e-01
2.919000000000000000e+03,5.237365257926285267e-05,6.846785545349121094e-02,4.514492154121398926e-01
2.920000000000000000e+03,5.235669596004299819e-05,6.631016731262207031e-02,4.541848301887512207e-01
2.921000000000000000e+03,5.233430783846415579e-05,6.823539733886718750e-02,4.688432812690734863e-01
2.922000000000000000e+03,5.231532122706994414e-05,7.358193397521972656e-02,4.796688854694366455e-01
2.923000000000000000e+03,5.230115493759512901e-05,8.704066276550292969e-02,4.904944896697998047e-01
2.924000000000000000e+03,5.229207818047143519e-05,9.402036666870117188e-02,4.929887652397155762e-01
2.925000000000000000e+03,5.228508962318301201e-05,9.499788284301757812e-02,4.899751543998718262e-01
2.926000000000000000e+03,5.227987276157364249e-05,9.772777557373046875e-02,4.922719299793243408e-01
2.927000000000000000e+03,5.227161818766035140e-05,9.877681732177734375e-02,4.986941218376159668e-01
2.928000000000000000e+03,5.234420314081944525e-05,1.289010047912597656e-01,4.806343913078308105e-01
2.929000000000000000e+03,5.226950815995223820e-05,1.034617424011230469e-01,4.958706796169281006e-01
2.930000000000000000e+03,5.226388384471647441e-05,1.056432723999023438e-01,5.208353996276855469e-01
2.931000000000000000e+03,5.226079883868806064e-05,1.054108142852783203e-01,5.153713822364807129e-01
2.932000000000000000e+03,5.224424603511579335e-05,1.068294048309326172e-01,5.121602416038513184e-01
2.933000000000000000e+03,5.223683911026455462e-05,1.081228256225585938e-01,5.215083360671997070e-01
2.934000000000000000e+03,5.222849358688108623e-05,1.106202602386474609e-01,5.282158255577087402e-01
2.935000000000000000e+03,5.222278196015395224e-05,1.123428344726562500e-01,5.367958545684814453e-01
2.936000000000000000e+03,5.222018808126449585e-05,1.135945320129394531e-01,5.382367968559265137e-01
2.937000000000000000e+03,5.221658284426666796e-05,1.123785972595214844e-01,5.409212708473205566e-01
2.938000000000000000e+03,5.221103128860704601e-05,1.106441020965576172e-01,5.413016080856323242e-01
2.939000000000000000e+03,5.220669845584779978e-05,9.943246841430664062e-02,5.486381649971008301e-01
2.940000000000000000e+03,5.219183731242083013e-05,1.028001308441162109e-01,5.469192266464233398e-01
2.941000000000000000e+03,5.218643491389229894e-05,1.005470752716064453e-01,5.490185022354125977e-01
2.942000000000000000e+03,5.217565194470807910e-05,1.056611537933349609e-01,5.449004173278808594e-01
2.943000000000000000e+03,5.216967110754922032e-05,1.015663146972656250e-01,5.475409626960754395e-01
2.944000000000000000e+03,5.256436998024582863e-05,8.851289749145507812e-03,5.443225502967834473e-01
2.945000000000000000e+03,5.216895442572422326e-05,9.607076644897460938e-02,5.473434329032897949e-01
2.946000000000000000e+03,5.217150464886799455e-05,1.090705394744873047e-01,5.416892766952514648e-01
2.947000000000000000e+03,5.216043427935801446e-05,1.021921634674072266e-01,5.447102189064025879e-01
2.948000000000000000e+03,5.215284181758761406e-05,9.735226631164550781e-02,5.477311611175537109e-01
2.949000000000000000e+03,5.214362317929044366e-05,9.428858757019042969e-02,5.533414483070373535e-01
2.950000000000000000e+03,5.213793701841495931e-05,9.254813194274902344e-02,5.587542653083801270e-01
2.951000000000000000e+03,5.213312033447436988e-05,9.241700172424316406e-02,5.703186392784118652e-01
2.952000000000000000e+03,5.212866381043568254e-05,9.554028511047363281e-02,5.778892040252685547e-01
2.953000000000000000e+03,5.212053656578063965e-05,1.012623310089111328e-01,5.952978730201721191e-01
2.954000000000000000e+03,5.211047027842141688e-05,1.043081283569335938e-01,6.107975244522094727e-01
2.955000000000000000e+03,5.209995651966892183e-05,1.085221767425537109e-01,6.269189119338989258e-01
2.956000000000000000e+03,5.209259688854217529e-05,1.086354255676269531e-01,6.424185037612915039e-01
2.957000000000000000e+03,5.208222864894196391e-05,1.021683216094970703e-01,6.707333326339721680e-01
2.958000000000000000e+03,5.207285721553489566e-05,1.004219055175781250e-01,6.596004366874694824e-01
2.959000000000000000e+03,5.206520654610358179e-05,9.858608245849609375e-02,6.553287506103515625e-01
2.960000000000000000e+03,5.205746856518089771e-05,9.705424308776855469e-02,6.582618951797485352e-01
2.961000000000000000e+03,5.204956323723308742e-05,9.747743606567382812e-02,6.745808124542236328e-01
2.962000000000000000e+03,5.204162880545482039e-05,9.805560111999511719e-02,6.960344314575195312e-01
2.963000000000000000e+03,5.203668115427717566e-05,9.813904762268066406e-02,7.187023758888244629e-01
2.964000000000000000e+03,5.203192631597630680e-05,9.812116622924804688e-02,7.283576130867004395e-01
2.965000000000000000e+03,5.202736792853102088e-05,9.744763374328613281e-02,7.320514917373657227e-01
2.966000000000000000e+03,5.202134707360528409e-05,9.760260581970214844e-02,7.275384068489074707e-01
2.967000000000000000e+03,5.201658495934680104e-05,9.949207305908203125e-02,7.239907979965209961e-01
2.968000000000000000e+03,5.201151725486852229e-05,1.027584075927734375e-01,7.175466418266296387e-01
2.969000000000000000e+03,5.200647137826308608e-05,1.082301139831542969e-01,7.133261561393737793e-01
2.970000000000000000e+03,5.200300802243873477e-05,1.089394092559814453e-01,7.172102332115173340e-01
2.971000000000000000e+03,5.200014129513874650e-05,1.099288463592529297e-01,7.201433777809143066e-01
2.972000000000000000e+03,5.199750012252479792e-05,1.095533370971679688e-01,7.131798863410949707e-01
2.973000000000000000e+03,5.199511724640615284e-05,1.085698604583740234e-01,7.179782390594482422e-01
2.974000000000000000e+03,5.199078805162571371e-05,1.112878322601318359e-01,7.164494395256042480e-01
2.975000000000000000e+03,5.198582948651164770e-05,1.132428646087646484e-01,7.166396379470825195e-01
2.976000000000000000e+03,5.197824793867766857e-05,1.174926757812500000e-01,7.207139134407043457e-01
2.977000000000000000e+03,5.196990605327300727e-05,1.182317733764648438e-01,7.286428809165954590e-01
2.978000000000000000e+03,5.195329140406101942e-05,1.195549964904785156e-01,7.404120564460754395e-01
2.979000000000000000e+03,5.194554614718072116e-05,1.077651977539062500e-01,7.579524517059326172e-01
2.980000000000000000e+03,5.192646494833752513e-05,1.072943210601806641e-01,7.529053688049316406e-01
2.981000000000000000e+03,5.191368472878821194e-05,1.005530357360839844e-01,7.450202703475952148e-01
2.982000000000000000e+03,5.190617957850918174e-05,9.245276451110839844e-02,7.422846555709838867e-01
2.983000000000000000e+03,5.189151852391660213e-05,8.052587509155273438e-02,7.462710738182067871e-01
2.984000000000000000e+03,5.188856812310405076e-05,7.067918777465820312e-02,7.565553784370422363e-01
2.985000000000000000e+03,5.187907299841754138e-05,6.869435310363769531e-02,7.611197233200073242e-01
2.986000000000000000e+03,5.187340502743609250e-05,7.039308547973632812e-02,7.726036310195922852e-01
2.987000000000000000e+03,5.186811904422938824e-05,7.156729698181152344e-02,7.735617756843566895e-01
2.988000000000000000e+03,5.186103953747078776e-05,7.405281066894531250e-02,7.859600782394409180e-01
2.989000000000000000e+03,5.185334521229378879e-05,8.168220520019531250e-02,7.839851379394531250e-01
2.990000000000000000e+03,5.184341353015042841e-05,8.421540260314941406e-02,7.806203961372375488e-01
2.991000000000000000e+03,5.182753375265747309e-05,8.393526077270507812e-02,7.741835713386535645e-01
2.992000000000000000e+03,5.181568849366158247e-05,7.537603378295898438e-02,7.726987004280090332e-01
2.993000000000000000e+03,5.180169682716950774e-05,6.937980651855468750e-02,7.712064981460571289e-01
2.994000000000000000e+03,5.177956700208596885e-05,6.091594696044921875e-02,7.674614191055297852e-01
2.995000000000000000e+03,5.176804188522510231e-05,4.308223724365234375e-02,7.713088989257812500e-01
2.996000000000000000e+03,5.175409387447871268e-05,4.522800445556640625e-02,7.710162997245788574e-01
2.997000000000000000e+03,5.174196849111467600e-05,4.943609237670898438e-02,7.706798315048217773e-01
2.998000000000000000e+03,5.173493991605937481e-05,4.963874816894531250e-02,7.605930566787719727e-01
2.999000000000000000e+03,5.172381133888848126e-05,4.801750183105468750e-02,7.698679566383361816e-01
3.000000000000000000e+03,5.171040538698434830e-05,4.392862319946289062e-02,7.768753170967102051e-01
3.001000000000000000e+03,5.169970245333388448e-05,4.007816314697265625e-02,7.763047814369201660e-01
3.002000000000000000e+03,5.168893403606489301e-05,3.613829612731933594e-02,7.775482535362243652e-01
3.003000000000000000e+03,5.168206553207710385e-05,2.995729446411132812e-02,7.791428565979003906e-01
3.004000000000000000e+03,5.167120980331674218e-05,2.891421318054199219e-02,7.843288779258728027e-01
3.005000000000000000e+03,5.165974653209559619e-05,2.652406692504882812e-02,7.954324483871459961e-01
3.006000000000000000e+03,5.165397669770754874e-05,2.683997154235839844e-02,7.999016046524047852e-01
3.007000000000000000e+03,5.164941831026226282e-05,2.712607383728027344e-02,8.035516142845153809e-01
3.008000000000000000e+03,5.164181493455544114e-05,2.751350402832031250e-02,8.030249476432800293e-01
3.009000000000000000e+03,5.163007881492376328e-05,2.599954605102539062e-02,8.043708205223083496e-01
3.010000000000000000e+03,5.161645822227001190e-05,2.589821815490722656e-02,7.947082519531250000e-01
3.011000000000000000e+03,5.161808803677558899e-05,1.799464225769042969e-02,8.148965239524841309e-01
3.012000000000000000e+03,5.161047010915353894e-05,2.212524414062500000e-02,8.043708205223083496e-01
3.013000000000000000e+03,5.202682223170995712e-05,1.583099365234375000e-02,8.685563802719116211e-01
3.014000000000000000e+03,5.160732689546421170e-05,1.919865608215332031e-02,8.093228340148925781e-01
3.015000000000000000e+03,5.159423744771629572e-05,2.115368843078613281e-02,7.986069917678833008e-01
3.016000000000000000e+03,5.156638508196920156e-05,2.328753471374511719e-02,7.813518047332763672e-01
3.017000000000000000e+03,5.155508551979437470e-05,6.341934204101562500e-03,7.700068950653076172e-01
3.018000000000000000e+03,5.153528400114737451e-05,9.781122207641601562e-03,7.809641957283020020e-01
3.019000000000000000e+03,5.151733785169199109e-05,1.060366630554199219e-02,7.960029840469360352e-01
3.020000000000000000e+03,5.150413198862224817e-05,3.373622894287109375e-03,8.082183003425598145e-01
3.021000000000000000e+03,5.149251228431239724e-05,1.943111419677734375e-03,8.153281211853027344e-01
3.022000000000000000e+03,5.148302443558350205e-05,7.510185241699218750e-03,8.273898363113403320e-01
3.023000000000000000e+03,5.146963303559459746e-05,4.398822784423828125e-03,8.598080873489379883e-01
3.024000000000000000e+03,5.145846807863563299e-05,5.125999450683593750e-03,8.682272434234619141e-01
3.025000000000000000e+03,5.144697570358403027e-05,1.680850982666015625e-03,8.781384825706481934e-01
3.026000000000000000e+03,5.143550515640527010e-05,1.385211944580078125e-02,8.733693361282348633e-01
3.027000000000000000e+03,5.142796726431697607e-05,2.067089080810546875e-02,8.686588406562805176e-01
3.028000000000000000e+03,5.142266309121623635e-05,2.148151397705078125e-02,8.483168482780456543e-01
3.029000000000000000e+03,5.141790825291536748e-05,1.702904701232910156e-02,8.394662141799926758e-01
3.030000000000000000e+03,5.141287692822515965e-05,9.739398956298828125e-03,8.297013044357299805e-01
3.031000000000000000e+03,5.140663051861338317e-05,5.787611007690429688e-03,8.300450444221496582e-01
3.032000000000000000e+03,5.189585863263346255e-05,1.769065856933593750e-02,7.654426097869873047e-01
3.033000000000000000e+03,5.140592838870361447e-05,4.607439041137695312e-03,8.267681002616882324e-01
3.034000000000000000e+03,5.139829954714514315e-05,3.844499588012695312e-03,8.277336359024047852e-01
3.035000000000000000e+03,5.139604400028474629e-05,2.938508987426757812e-03,8.488875031471252441e-01
3.036000000000000000e+03,5.138552660355344415e-05,6.252527236938476562e-03,8.366281986236572266e-01
3.037000000000000000e+03,5.138014967087656260e-05,8.410215377807617188e-03,8.281651735305786133e-01
3.038000000000000000e+03,5.137240441399626434e-05,7.778406143188476562e-03,8.178808689117431641e-01
3.039000000000000000e+03,5.138022970641031861e-05,5.346536636352539062e-03,8.105223774909973145e-01
3.040000000000000000e+03,5.136716936249285936e-05,6.836652755737304688e-03,8.150355219841003418e-01
3.041000000000000000e+03,5.135697938385419548e-05,1.859664916992187500e-03,8.155255317687988281e-01
3.042000000000000000e+03,5.133477679919451475e-05,1.385211944580078125e-02,8.245078921318054199e-01
3.043000000000000000e+03,5.133407830726355314e-05,2.475976943969726562e-02,8.429772257804870605e-01
3.044000000000000000e+03,5.132704245625063777e-05,1.949071884155273438e-02,8.340827226638793945e-01
3.045000000000000000e+03,5.131945363245904446e-05,3.274679183959960938e-02,8.547098636627197266e-01
3.046000000000000000e+03,5.130701902089640498e-05,3.361701965332031250e-02,8.417264819145202637e-01
3.047000000000000000e+03,5.130087811267003417e-05,3.045797348022460938e-02,8.408560156822204590e-01
3.048000000000000000e+03,5.129474448040127754e-05,3.154277801513671875e-02,8.431162834167480469e-01
3.049000000000000000e+03,5.128815246280282736e-05,3.443956375122070312e-02,8.426919579505920410e-01
3.050000000000000000e+03,5.137823245604522526e-05,7.696151733398437500e-02,8.953570127487182617e-01
3.051000000000000000e+03,5.128576594870537519e-05,3.991127014160156250e-02,8.494652509689331055e-01
3.052000000000000000e+03,5.127850818098522723e-05,5.140304565429687500e-02,8.448498249053955078e-01
3.053000000000000000e+03,5.127434997120872140e-05,5.617141723632812500e-02,8.451935648918151855e-01
3.054000000000000000e+03,5.126982068759389222e-05,6.227493286132812500e-02,8.490849137306213379e-01
3.055000000000000000e+03,5.126571340952068567e-05,6.614923477172851562e-02,8.530275225639343262e-01
3.056000000000000000e+03,5.126107862452045083e-05,6.703138351440429688e-02,8.573065400123596191e-01
3.057000000000000000e+03,5.125575989950448275e-05,6.814002990722656250e-02,8.630338907241821289e-01
3.058000000000000000e+03,5.124901508679613471e-05,6.579160690307617188e-02,8.664424419403076172e-01
3.059000000000000000e+03,5.124327799421735108e-05,6.575584411621093750e-02,8.679346442222595215e-01
3.060000000000000000e+03,5.123676601215265691e-05,6.351470947265625000e-02,8.639920353889465332e-01
3.061000000000000000e+03,5.123667506268247962e-05,7.218122482299804688e-02,8.687539100646972656e-01
3.062000000000000000e+03,5.123381197336129844e-05,6.784200668334960938e-02,8.663985729217529297e-01
3.063000000000000000e+03,5.123310620547272265e-05,4.612207412719726562e-02,8.437891602516174316e-01
3.064000000000000000e+03,5.122667425894178450e-05,5.674362182617187500e-02,8.548561334609985352e-01
3.065000000000000000e+03,5.122122092870995402e-05,5.677938461303710938e-02,8.523106575012207031e-01
3.066000000000000000e+03,5.121273716213181615e-05,5.737543106079101562e-02,8.453837633132934570e-01
3.067000000000000000e+03,5.120698187965899706e-05,5.679130554199218750e-02,8.452301621437072754e-01
3.068000000000000000e+03,5.119863635627552867e-05,5.413293838500976562e-02,8.512500524520874023e-01
3.069000000000000000e+03,5.119407433085143566e-05,5.068778991699218750e-02,8.617318272590637207e-01
3.070000000000000000e+03,5.118920307722873986e-05,4.628896713256835938e-02,8.766828775405883789e-01
3.071000000000000000e+03,5.118633998790755868e-05,4.686117172241210938e-02,8.860235810279846191e-01
3.072000000000000000e+03,5.118235276313498616e-05,5.078315734863281250e-02,8.928042650222778320e-01
3.073000000000000000e+03,5.120575951877981424e-05,4.527568817138671875e-02,9.417461156845092773e-01
3.074000000000000000e+03,5.118101034895516932e-05,4.975795745849609375e-02,9.019474387168884277e-01
3.075000000000000000e+03,5.117634646012447774e-05,5.663633346557617188e-02,9.022400975227355957e-01
3.076000000000000000e+03,5.117239925311878324e-05,5.618333816528320312e-02,8.931406736373901367e-01
3.077000000000000000e+03,5.116737884236499667e-05,5.620718002319335938e-02,8.933308720588684082e-01
3.078000000000000000e+03,5.116294778417795897e-05,5.457401275634765625e-02,8.858334422111511230e-01
3.079000000000000000e+03,5.115879321238026023e-05,5.108118057250976562e-02,8.777947425842285156e-01
3.080000000000000000e+03,5.115510430186986923e-05,5.093812942504882812e-02,8.686588406562805176e-01
3.081000000000000000e+03,5.115131716593168676e-05,5.143880844116210938e-02,8.657256364822387695e-01
3.082000000000000000e+03,5.114763189340010285e-05,5.494356155395507812e-02,8.678833842277526855e-01
3.083000000000000000e+03,5.114366285852156579e-05,5.856752395629882812e-02,8.745251297950744629e-01
3.084000000000000000e+03,5.113731822348199785e-05,6.347894668579101562e-02,8.836097717285156250e-01
3.085000000000000000e+03,5.113274528412148356e-05,7.094144821166992188e-02,8.918021917343139648e-01
3.086000000000000000e+03,5.113129736855626106e-05,7.168054580688476562e-02,8.959349393844604492e-01
3.087000000000000000e+03,5.112145663588307798e-05,6.983280181884765625e-02,8.977123498916625977e-01
3.088000000000000000e+03,5.111521022627130151e-05,6.856918334960937500e-02,8.917509317398071289e-01
3.089000000000000000e+03,5.110883284942246974e-05,6.694793701171875000e-02,8.797696828842163086e-01
3.090000000000000000e+03,5.110244092065840960e-05,6.734132766723632812e-02,8.802011609077453613e-01
3.091000000000000000e+03,5.109552148496732116e-05,6.787776947021484375e-02,8.823590278625488281e-01
3.092000000000000000e+03,5.109210178488865495e-05,6.924867630004882812e-02,8.919923305511474609e-01
3.093000000000000000e+03,5.108771074446849525e-05,6.964206695556640625e-02,8.986266255378723145e-01
3.094000000000000000e+03,5.108390178065747023e-05,6.948709487915039062e-02,9.047343134880065918e-01
3.095000000000000000e+03,5.107911056256853044e-05,6.749629974365234375e-02,9.004991650581359863e-01
3.096000000000000000e+03,5.111550490255467594e-05,4.342794418334960938e-02,8.711091279983520508e-01
3.097000000000000000e+03,5.107783726998604834e-05,6.349086761474609375e-02,8.955910801887512207e-01
3.098000000000000000e+03,5.107340984977781773e-05,6.319284439086914062e-02,8.907414674758911133e-01
3.099000000000000000e+03,5.106704702484421432e-05,6.304979324340820312e-02,8.826515674591064453e-01
3.100000000000000000e+03,5.106301250634714961e-05,6.302595138549804688e-02,8.817372918128967285e-01
3.101000000000000000e+03,5.105835225549526513e-05,6.406307220458984375e-02,8.837122321128845215e-01
3.102000000000000000e+03,5.105499803903512657e-05,6.309747695922851562e-02,8.942964673042297363e-01
3.103000000000000000e+03,5.105209493194706738e-05,6.411075592041015625e-02,8.990069627761840820e-01
3.104000000000000000e+03,5.104922456666827202e-05,6.337165832519531250e-02,9.025179743766784668e-01
3.105000000000000000e+03,5.104529918753542006e-05,6.105899810791015625e-02,8.976684808731079102e-01
3.106000000000000000e+03,5.104061710881069303e-05,5.952119827270507812e-02,8.936234712600708008e-01
3.107000000000000000e+03,5.106758908368647099e-05,5.056858062744140625e-02,8.446596860885620117e-01
3.108000000000000000e+03,5.104002048028632998e-05,5.797147750854492188e-02,8.851531744003295898e-01
3.109000000000000000e+03,5.103400326333940029e-05,5.906820297241210938e-02,8.738521337509155273e-01
3.110000000000000000e+03,5.102779323351569474e-05,6.512403488159179688e-02,8.616294860839843750e-01
3.111000000000000000e+03,5.102630530018359423e-05,6.680488586425781250e-02,8.435477614402770996e-01
3.112000000000000000e+03,5.102144496049731970e-05,6.468296051025390625e-02,8.552438616752624512e-01
3.113000000000000000e+03,5.101579154143109918e-05,6.203651428222656250e-02,8.673568367958068848e-01
3.114000000000000000e+03,5.100346243125386536e-05,5.583763122558593750e-02,8.868355154991149902e-01
3.115000000000000000e+03,5.099140616948716342e-05,5.183219909667968750e-02,9.000676870346069336e-01
3.116000000000000000e+03,5.097975736134685576e-05,4.365444183349609375e-02,9.065117835998535156e-01
3.117000000000000000e+03,5.260862599243409932e-05,9.703636169433593750e-03,8.655354380607604980e-01
3.118000000000000000e+03,5.097106622997671366e-05,4.105567932128906250e-02,9.033885002136230469e-01
3.119000000000000000e+03,5.095110827824100852e-05,4.125833511352539062e-02,8.876548409461975098e-01
3.120000000000000000e+03,5.091716229799203575e-05,3.715753555297851562e-02,8.539929986000061035e-01
3.121000000000000000e+03,5.090177000965923071e-05,3.758668899536132812e-02,8.478341698646545410e-01
3.122000000000000000e+03,5.088756006443873048e-05,4.318952560424804688e-02,8.630777597427368164e-01
3.123000000000000000e+03,5.086637247586622834e-05,4.724264144897460938e-02,8.765950798988342285e-01
3.124000000000000000e+03,5.085237353341653943e-05,4.465579986572265625e-02,8.801500201225280762e-01
3.125000000000000000e+03,5.084104122943244874e-05,3.892183303833007812e-02,8.721697926521301270e-01
3.126000000000000000e+03,5.083516589365899563e-05,3.466606140136718750e-02,8.611612915992736816e-01
3.127000000000000000e+03,5.083028008812107146e-05,3.340244293212890625e-02,8.570651412010192871e-01
3.128000000000000000e+03,5.082590723759494722e-05,3.446340560913085938e-02,8.517767190933227539e-01
3.129000000000000000e+03,5.083559881313703954e-05,4.388093948364257812e-02,8.496554493904113770e-01
3.130000000000000000e+03,5.082128336653113365e-05,3.784894943237304688e-02,8.510086536407470703e-01
3.131000000000000000e+03,5.081333074485883117e-05,3.867149353027343750e-02,8.426408171653747559e-01
3.132000000000000000e+03,5.080549817648716271e-05,3.749132156372070312e-02,8.424944877624511719e-01
3.133000000000000000e+03,5.081587005406618118e-05,3.364086151123046875e-02,7.943717837333679199e-01
3.134000000000000000e+03,5.080216214992105961e-05,3.614425659179687500e-02,8.256708979606628418e-01
3.135000000000000000e+03,5.079357651993632317e-05,3.250837326049804688e-02,8.320126533508300781e-01
3.136000000000000000e+03,5.078746107756160200e-05,3.048181533813476562e-02,8.354285955429077148e-01
3.137000000000000000e+03,5.077770765637978911e-05,2.447366714477539062e-02,8.353334665298461914e-01
3.138000000000000000e+03,5.077252353657968342e-05,2.136230468750000000e-02,8.379228115081787109e-01
3.139000000000000000e+03,5.076513480162248015e-05,1.771450042724609375e-02,8.370597958564758301e-01
3.140000000000000000e+03,5.075565059087239206e-05,1.323223114013671875e-02,8.371621370315551758e-01
3.141000000000000000e+03,5.074952787254005671e-05,1.102685928344726562e-02,8.404756784439086914e-01
3.142000000000000000e+03,5.074273212812840939e-05,1.034736633300781250e-02,8.427358865737915039e-01
3.143000000000000000e+03,5.073546708445064723e-05,1.176595687866210938e-02,8.434088230133056641e-01
3.144000000000000000e+03,5.072790372651070356e-05,1.525878906250000000e-02,8.436502218246459961e-01
3.145000000000000000e+03,5.071648047305643559e-05,2.446174621582031250e-02,8.457641005516052246e-01
3.146000000000000000e+03,5.077647074358537793e-05,2.322196960449218750e-02,8.419166207313537598e-01
3.147000000000000000e+03,5.071214400231838226e-05,2.418756484985351562e-02,8.449521660804748535e-01
3.148000000000000000e+03,5.070117549621500075e-05,3.162622451782226562e-02,8.487923741340637207e-01
3.149000000000000000e+03,5.069242251920513809e-05,3.786087036132812500e-02,8.533639907836914062e-01
3.150000000000000000e+03,5.068706741440109909e-05,3.869533538818359375e-02,8.584183454513549805e-01
3.151000000000000000e+03,5.068136306363157928e-05,3.559589385986328125e-02,8.578843474388122559e-01
3.152000000000000000e+03,5.067432721261866391e-05,3.198385238647460938e-02,8.561508655548095703e-01
3.153000000000000000e+03,5.066819358034990728e-05,2.939701080322265625e-02,8.490849137306213379e-01
3.154000000000000000e+03,5.066044468549080193e-05,2.961158752441406250e-02,8.413387537002563477e-01
3.155000000000000000e+03,5.065299046691507101e-05,3.300905227661132812e-02,8.323491811752319336e-01
3.156000000000000000e+03,5.064683500677347183e-05,3.457069396972656250e-02,8.237910270690917969e-01
3.157000000000000000e+03,5.063781281933188438e-05,3.689527511596679688e-02,8.192706704139709473e-01
3.158000000000000000e+03,5.062552008894272149e-05,3.521442413330078125e-02,8.061482310295104980e-01
3.159000000000000000e+03,5.061302363174036145e-05,4.115104675292968750e-02,8.120657801628112793e-01
3.160000000000000000e+03,5.059855539002455771e-05,4.156827926635742188e-02,8.041294217109680176e-01
3.161000000000000000e+03,5.058539682067930698e-05,4.103183746337890625e-02,8.062945604324340820e-01
3.162000000000000000e+03,5.057174348621629179e-05,3.757476806640625000e-02,8.168202638626098633e-01
3.163000000000000000e+03,5.055780275142751634e-05,4.469156265258789062e-02,8.158107995986938477e-01
3.164000000000000000e+03,5.054435314377769828e-05,3.662109375000000000e-02,8.499480485916137695e-01
3.165000000000000000e+03,5.053239874541759491e-05,4.048347473144531250e-02,8.383105397224426270e-01
3.166000000000000000e+03,5.052563938079401851e-05,4.614591598510742188e-02,8.391736745834350586e-01
3.167000000000000000e+03,5.051653351983986795e-05,4.669427871704101562e-02,8.424944877624511719e-01
3.168000000000000000e+03,5.050654726801440120e-05,4.311800003051757812e-02,8.498456478118896484e-01
3.169000000000000000e+03,5.049593892181292176e-05,4.322528839111328125e-02,8.581769466400146484e-01
3.170000000000000000e+03,5.048813545727171004e-05,3.895759582519531250e-02,8.554851412773132324e-01
3.171000000000000000e+03,5.048241655458696187e-05,3.826618194580078125e-02,8.536492586135864258e-01
3.172000000000000000e+03,5.047926970291882753e-05,3.833770751953125000e-02,8.492238521575927734e-01
3.173000000000000000e+03,5.047529703006148338e-05,4.330873489379882812e-02,8.488435149192810059e-01
3.174000000000000000e+03,5.047165177529677749e-05,4.822015762329101562e-02,8.515791893005371094e-01
3.175000000000000000e+03,5.046762817073613405e-05,5.042552947998046875e-02,8.559167385101318359e-01
3.176000000000000000e+03,5.047192462370730937e-05,4.208087921142578125e-02,8.832806944847106934e-01
3.177000000000000000e+03,5.046370642958208919e-05,4.698038101196289062e-02,8.672177791595458984e-01
3.178000000000000000e+03,5.045973375672474504e-05,5.171298980712890625e-02,8.726013898849487305e-01
3.179000000000000000e+03,5.045509169576689601e-05,4.563331604003906250e-02,8.687539100646972656e-01
3.180000000000000000e+03,5.045051511842757463e-05,3.758668899536132812e-02,8.647601008415222168e-01
3.181000000000000000e+03,5.044624776928685606e-05,3.423690795898437500e-02,8.606273531913757324e-01
3.182000000000000000e+03,5.043988130637444556e-05,3.108978271484375000e-02,8.536492586135864258e-01
3.183000000000000000e+03,5.043662895332090557e-05,3.129243850708007812e-02,8.507672548294067383e-01
3.184000000000000000e+03,5.043467899668030441e-05,3.335475921630859375e-02,8.522083163261413574e-01
3.185000000000000000e+03,5.043312557972967625e-05,3.483295440673828125e-02,8.552438616752624512e-01
3.186000000000000000e+03,5.042889097239822149e-05,3.429651260375976562e-02,8.624048233032226562e-01
3.187000000000000000e+03,5.042645716457627714e-05,3.204345703125000000e-02,8.637506365776062012e-01
3.188000000000000000e+03,5.047766535426490009e-05,2.379417419433593750e-02,9.012306332588195801e-01
3.189000000000000000e+03,5.042352495365776122e-05,3.041028976440429688e-02,8.711603283882141113e-01
3.190000000000000000e+03,5.041721669840626419e-05,2.278089523315429688e-02,8.763025403022766113e-01
3.191000000000000000e+03,5.040980613557621837e-05,2.193450927734375000e-02,8.658134341239929199e-01
3.192000000000000000e+03,5.040260657551698387e-05,1.894235610961914062e-02,8.510086536407470703e-01
3.193000000000000000e+03,5.039655661676079035e-05,1.699924468994140625e-02,8.445644974708557129e-01
3.194000000000000000e+03,5.039117240812629461e-05,1.697540283203125000e-02,8.393638730049133301e-01
3.195000000000000000e+03,5.038605013396590948e-05,1.851320266723632812e-02,8.310544490814208984e-01
3.196000000000000000e+03,5.038236849941313267e-05,2.732276916503906250e-02,8.241275548934936523e-01
3.197000000000000000e+03,5.037523442297242582e-05,2.599954605102539062e-02,8.300450444221496582e-01
3.198000000000000000e+03,5.036990478402003646e-05,1.916885375976562500e-02,8.245078921318054199e-01
3.199000000000000000e+03,5.036556467530317605e-05,1.788139343261718750e-02,8.156645894050598145e-01
3.200000000000000000e+03,5.035968206357210875e-05,1.529455184936523438e-02,8.004794716835021973e-01
3.201000000000000000e+03,5.035714639234356582e-05,1.294612884521484375e-02,7.948033809661865234e-01
3.202000000000000000e+03,5.034965579397976398e-05,9.858608245849609375e-03,7.934136390686035156e-01
3.203000000000000000e+03,5.036150105297565460e-05,5.429983139038085938e-03,7.806203961372375488e-01
3.204000000000000000e+03,5.034780406276695430e-05,5.602836608886718750e-03,7.898514270782470703e-01
3.205000000000000000e+03,5.034654532209970057e-05,4.911422729492187500e-03,7.884616255760192871e-01
3.206000000000000000e+03,5.034068817622028291e-05,5.245208740234375000e-03,7.891345620155334473e-01
3.207000000000000000e+03,5.033599882153794169e-05,1.215934753417968750e-03,7.963467240333557129e-01
3.208000000000000000e+03,5.033047636970877647e-05,4.935264587402343750e-03,8.057678937911987305e-01
3.209000000000000000e+03,5.032660556025803089e-05,9.524822235107421875e-03,8.094179630279541016e-01
3.210000000000000000e+03,5.032331682741641998e-05,1.187324523925781250e-02,8.083061575889587402e-01
3.211000000000000000e+03,5.031958789913915098e-05,1.387596130371093750e-02,8.051461577415466309e-01
3.212000000000000000e+03,5.031531691201962531e-05,1.294612884521484375e-02,8.014377355575561523e-01
3.213000000000000000e+03,5.031163891544565558e-05,1.151561737060546875e-02,8.023007512092590332e-01
3.214000000000000000e+03,5.030716056353412569e-05,1.090764999389648438e-02,7.968221902847290039e-01
3.215000000000000000e+03,5.030180545873008668e-05,9.691715240478515625e-03,7.989360690116882324e-01
3.216000000000000000e+03,5.029720705351792276e-05,1.066923141479492188e-02,8.022496700286865234e-01
3.217000000000000000e+03,5.029303429182618856e-05,1.119375228881835938e-02,8.070187568664550781e-01
3.218000000000000000e+03,5.028876694268546999e-05,1.137256622314453125e-02,8.129215836524963379e-01
3.219000000000000000e+03,5.028659506933763623e-05,1.046657562255859375e-02,8.148453235626220703e-01
3.220000000000000000e+03,5.028271334595046937e-05,8.881092071533203125e-03,8.158547878265380859e-01
3.221000000000000000e+03,5.027811494073830545e-05,7.450580596923828125e-03,8.147575855255126953e-01
3.222000000000000000e+03,5.027272709412500262e-05,8.094310760498046875e-03,8.094691038131713867e-01
3.223000000000000000e+03,5.026790313422679901e-05,8.106231689453125000e-03,8.049048185348510742e-01
3.224000000000000000e+03,5.026393409934826195e-05,8.273124694824218750e-03,7.940792441368103027e-01
3.225000000000000000e+03,5.026496000937186182e-05,1.738071441650390625e-02,7.843288779258728027e-01
3.226000000000000000e+03,5.025915743317455053e-05,1.262426376342773438e-02,7.894271016120910645e-01
3.227000000000000000e+03,5.025464270147494972e-05,1.153945922851562500e-02,7.824051380157470703e-01
3.228000000000000000e+03,5.024782876716926694e-05,9.083747863769531250e-03,7.708700299263000488e-01
3.229000000000000000e+03,5.024426354793831706e-05,9.441375732421875000e-03,7.692388892173767090e-01
3.230000000000000000e+03,5.024398342357017100e-05,1.431703567504882812e-02,7.803936004638671875e-01
3.231000000000000000e+03,5.023580888519063592e-05,1.561641693115234375e-02,7.712064981460571289e-01
3.232000000000000000e+03,5.022929690312594175e-05,1.907348632812500000e-02,7.756757140159606934e-01
3.233000000000000000e+03,5.021439937991090119e-05,3.110170364379882812e-02,7.842265367507934570e-01
3.234000000000000000e+03,5.021071774535812438e-05,3.188848495483398438e-02,7.780310511589050293e-01
3.235000000000000000e+03,5.020212847739458084e-05,2.732276916503906250e-02,7.752953767776489258e-01
3.236000000000000000e+03,5.019547461415641010e-05,2.733469009399414062e-02,7.742859125137329102e-01
3.237000000000000000e+03,5.018468073103576899e-05,2.312660217285156250e-02,7.674175500869750977e-01
3.238000000000000000e+03,5.017587682232260704e-05,3.533363342285156250e-02,7.559775114059448242e-01
3.239000000000000000e+03,5.017854346078820527e-05,2.778768539428710938e-02,7.425771951675415039e-01
3.240000000000000000e+03,5.017010334995575249e-05,3.186464309692382812e-02,7.498259544372558594e-01
3.241000000000000000e+03,5.016273644287139177e-05,3.048181533813476562e-02,7.575208544731140137e-01
3.242000000000000000e+03,5.015821079723536968e-05,2.800226211547851562e-02,7.576598525047302246e-01
3.243000000000000000e+03,5.015562783228233457e-05,2.721548080444335938e-02,7.565114498138427734e-01
3.244000000000000000e+03,5.015195711166597903e-05,2.498626708984375000e-02,7.516546249389648438e-01
3.245000000000000000e+03,5.014873386244289577e-05,2.334117889404296875e-02,7.463222742080688477e-01
3.246000000000000000e+03,5.014530324842780828e-05,1.986026763916015625e-02,7.452616691589355469e-01
3.247000000000000000e+03,5.017608054913580418e-05,2.121925354003906250e-03,7.025663852691650391e-01
3.248000000000000000e+03,5.014214548282325268e-05,1.561641693115234375e-02,7.350797057151794434e-01
3.249000000000000000e+03,5.013645204599015415e-05,1.633167266845703125e-02,7.384444475173950195e-01
3.250000000000000000e+03,5.012958717998117208e-05,1.760721206665039062e-02,7.467538118362426758e-01
3.251000000000000000e+03,5.012631299905478954e-05,5.459785461425781250e-03,7.459858059883117676e-01
3.252000000000000000e+03,5.012274777982383966e-05,8.273124694824218750e-03,7.463222742080688477e-01
3.253000000000000000e+03,5.011952089262194932e-05,8.368492126464843750e-03,7.422846555709838867e-01
3.254000000000000000e+03,5.011695247958414257e-05,7.581710815429687500e-03,7.409460544586181641e-01
3.255000000000000000e+03,5.011382017983123660e-05,6.365776062011718750e-03,7.396952509880065918e-01
3.256000000000000000e+03,5.011193206883035600e-05,6.461143493652343750e-03,7.408436536788940430e-01
3.257000000000000000e+03,5.010883251088671386e-05,7.832050323486328125e-03,7.424308657646179199e-01
3.258000000000000000e+03,5.010531458538025618e-05,1.031160354614257812e-02,7.450714707374572754e-01
3.259000000000000000e+03,5.010208406019955873e-05,1.269578933715820312e-02,7.456054687500000000e-01
3.260000000000000000e+03,5.009890810470096767e-05,1.540184020996093750e-02,7.488165497779846191e-01
3.261000000000000000e+03,5.010218592360615730e-05,1.312494277954101562e-02,7.390223145484924316e-01
3.262000000000000000e+03,5.009782762499526143e-05,1.461505889892578125e-02,7.454518079757690430e-01
3.263000000000000000e+03,5.009465894545428455e-05,1.599788665771484375e-02,7.495406866073608398e-01
3.264000000000000000e+03,5.009202868677675724e-05,1.956224441528320312e-02,7.561165094375610352e-01
3.265000000000000000e+03,5.008960579289123416e-05,1.957416534423828125e-02,7.553996443748474121e-01
3.266000000000000000e+03,5.008438165532425046e-05,2.024173736572265625e-02,7.543975710868835449e-01
3.267000000000000000e+03,5.007878644391894341e-05,2.239942550659179688e-02,7.542439699172973633e-01
3.268000000000000000e+03,5.007025538361631334e-05,2.540349960327148438e-02,7.557873725891113281e-01
3.269000000000000000e+03,5.006210994906723499e-05,2.874135971069335938e-02,7.508792281150817871e-01
3.270000000000000000e+03,5.006501305615529418e-05,1.786947250366210938e-02,7.386346459388732910e-01
3.271000000000000000e+03,5.005780985811725259e-05,2.392530441284179688e-02,7.454518079757690430e-01
3.272000000000000000e+03,5.012085603084415197e-05,4.993677139282226562e-02,8.005673289299011230e-01
3.273000000000000000e+03,5.005479033570736647e-05,2.838373184204101562e-02,7.548730373382568359e-01
3.274000000000000000e+03,5.004872946301475167e-05,2.671480178833007812e-02,7.672638893127441406e-01
3.275000000000000000e+03,5.004569175071083009e-05,2.427101135253906250e-02,7.631385326385498047e-01
3.276000000000000000e+03,5.004051854484714568e-05,2.262592315673828125e-02,7.573673129081726074e-01
3.277000000000000000e+03,5.003593105357140303e-05,1.971721649169921875e-02,7.553557753562927246e-01
3.278000000000000000e+03,5.003166006645187736e-05,2.002716064453125000e-02,7.610245943069458008e-01
3.279000000000000000e+03,5.002620673622004688e-05,2.092123031616210938e-02,7.664520144462585449e-01
3.280000000000000000e+03,5.002027319278568029e-05,2.325773239135742188e-02,7.776945233345031738e-01
3.281000000000000000e+03,5.001859244657680392e-05,3.453493118286132812e-02,7.664008140563964844e-01
3.282000000000000000e+03,5.014840280637145042e-05,3.998279571533203125e-02,8.805888891220092773e-01
3.283000000000000000e+03,5.001083627576008439e-05,3.561973571777343750e-02,7.891345620155334473e-01
3.284000000000000000e+03,5.000727833248674870e-05,2.698898315429687500e-02,7.748125791549682617e-01
3.285000000000000000e+03,4.999888915335759521e-05,2.723932266235351562e-02,7.848116755485534668e-01
3.286000000000000000e+03,4.999446537112817168e-05,3.001689910888671875e-02,7.819735407829284668e-01
3.287000000000000000e+03,4.998866643290966749e-05,3.118515014648437500e-02,7.792305946350097656e-01
3.288000000000000000e+03,4.997805808670818806e-05,3.247261047363281250e-02,7.717404365539550781e-01
3.289000000000000000e+03,4.996884308638982475e-05,2.993345260620117188e-02,7.694290280342102051e-01
3.290000000000000000e+03,4.996146162739023566e-05,3.026723861694335938e-02,7.695753574371337891e-01
3.291000000000000000e+03,4.995487324777059257e-05,3.336668014526367188e-02,7.675126194953918457e-01
3.292000000000000000e+03,4.995137715013697743e-05,3.814697265625000000e-02,7.664520144462585449e-01
3.293000000000000000e+03,4.994761548005044460e-05,4.086494445800781250e-02,7.603955268859863281e-01
3.294000000000000000e+03,4.994262053514830768e-05,4.076957702636718750e-02,7.484873533248901367e-01
3.295000000000000000e+03,4.993875336367636919e-05,4.076957702636718750e-02,7.362793087959289551e-01
3.296000000000000000e+03,4.994239134248346090e-05,3.167390823364257812e-02,7.022737860679626465e-01
3.297000000000000000e+03,4.993245602236129344e-05,3.670454025268554688e-02,7.211015820503234863e-01
3.298000000000000000e+03,4.992223693989217281e-05,3.286600112915039062e-02,7.015569806098937988e-01
3.299000000000000000e+03,4.990939487470313907e-05,2.683401107788085938e-02,6.805787086486816406e-01
3.300000000000000000e+03,4.989803346688859165e-05,2.195835113525390625e-02,6.665566563606262207e-01
3.301000000000000000e+03,4.988654472981579602e-05,1.661777496337890625e-02,6.541218757629394531e-01
3.302000000000000000e+03,4.988466025679372251e-05,1.521110534667968750e-02,6.408385634422302246e-01
3.303000000000000000e+03,4.988052751286886632e-05,1.400709152221679688e-02,6.326315999031066895e-01
3.304000000000000000e+03,4.987146530766040087e-05,1.430511474609375000e-02,6.524980068206787109e-01
3.305000000000000000e+03,4.986578642274253070e-05,1.311302185058593750e-02,6.442837715148925781e-01
3.306000000000000000e+03,4.985995474271476269e-05,6.532669067382812500e-03,6.399168968200683594e-01
3.307000000000000000e+03,4.985534178558737040e-05,1.984834671020507812e-03,6.375689506530761719e-01
3.308000000000000000e+03,4.985132181900553405e-05,7.581710815429687500e-03,6.450079083442687988e-01
3.309000000000000000e+03,4.984683255315758288e-05,1.811385154724121094e-02,6.377152204513549805e-01
3.310000000000000000e+03,4.986020940123125911e-05,3.459453582763671875e-02,6.711209416389465332e-01
3.311000000000000000e+03,4.984107363270595670e-05,2.409219741821289062e-02,6.498062610626220703e-01
3.312000000000000000e+03,4.983248800272122025e-05,1.952648162841796875e-02,6.519201397895812988e-01
3.313000000000000000e+03,4.982525206287391484e-05,1.882314682006835938e-02,6.416504979133605957e-01
3.314000000000000000e+03,4.981709571438841522e-05,1.966357231140136719e-02,6.296984553337097168e-01
3.315000000000000000e+03,4.981016536476090550e-05,2.372860908508300781e-02,6.183242201805114746e-01
3.316000000000000000e+03,4.980314770364202559e-05,2.799630165100097656e-02,6.073450446128845215e-01
3.317000000000000000e+03,4.979981895303353667e-05,2.864003181457519531e-02,6.036950945854187012e-01
3.318000000000000000e+03,4.979659570381045341e-05,2.835392951965332031e-02,6.045581698417663574e-01
3.319000000000000000e+03,4.979377990821376443e-05,3.100633621215820312e-02,6.073962450027465820e-01
3.320000000000000000e+03,4.978797005605883896e-05,3.666281700134277344e-02,6.132918000221252441e-01
3.321000000000000000e+03,4.978402648703195155e-05,3.090500831604003906e-02,6.202992200851440430e-01
3.322000000000000000e+03,4.977498610969632864e-05,3.181695938110351562e-02,6.171832084655761719e-01
3.323000000000000000e+03,4.977064236300066113e-05,3.336071968078613281e-02,6.057577729225158691e-01
3.324000000000000000e+03,4.976656418875791132e-05,3.712177276611328125e-02,6.089249849319458008e-01
3.325000000000000000e+03,5.107160177431069314e-05,7.566809654235839844e-02,6.663153171539306641e-01
3.326000000000000000e+03,4.976522177457809448e-05,3.862977027893066406e-02,6.111778616905212402e-01
3.327000000000000000e+03,4.976053605787456036e-05,3.720521926879882812e-02,6.073450446128845215e-01
3.328000000000000000e+03,4.975087722414173186e-05,3.568530082702636719e-02,6.015372276306152344e-01
3.329000000000000000e+03,4.974056355422362685e-05,3.468394279479980469e-02,6.034098267555236816e-01
3.330000000000000000e+03,4.973084651282988489e-05,3.880858421325683594e-02,6.148278713226318359e-01
3.331000000000000000e+03,4.972464375896379352e-05,4.007816314697265625e-02,6.242271065711975098e-01
3.332000000000000000e+03,4.972103488398715854e-05,4.217624664306640625e-02,6.218352317810058594e-01
3.333000000000000000e+03,4.971831003786064684e-05,4.119873046875000000e-02,6.231738328933715820e-01
3.334000000000000000e+03,4.971464659320190549e-05,3.986358642578125000e-02,6.172709465026855469e-01
3.335000000000000000e+03,4.971056114300154150e-05,3.969073295593261719e-02,6.055164337158203125e-01
3.336000000000000000e+03,4.970647205482237041e-05,4.130005836486816406e-02,5.954515337944030762e-01
3.337000000000000000e+03,4.970237932866439223e-05,4.413723945617675781e-02,5.872445702552795410e-01
3.338000000000000000e+03,4.970014560967683792e-05,4.610419273376464844e-02,5.845600962638854980e-01
3.339000000000000000e+03,4.969519432052038610e-05,4.727840423583984375e-02,5.850867629051208496e-01
3.340000000000000000e+03,4.968985376763157547e-05,4.763603210449218750e-02,5.874347686767578125e-01
3.341000000000000000e+03,4.968297434970736504e-05,4.581809043884277344e-02,5.913699865341186523e-01
3.342000000000000000e+03,4.967773202224634588e-05,4.399418830871582031e-02,5.908433198928833008e-01
3.343000000000000000e+03,4.967022687196731567e-05,4.278421401977539062e-02,5.848453640937805176e-01
3.344000000000000000e+03,4.966498818248510361e-05,4.448294639587402344e-02,5.741953253746032715e-01
3.345000000000000000e+03,4.965993139194324613e-05,4.783868789672851562e-02,5.617751479148864746e-01
3.346000000000000000e+03,4.965507469023577869e-05,5.038976669311523438e-02,5.511763095855712891e-01
3.347000000000000000e+03,4.965253538102842867e-05,5.289316177368164062e-02,5.496402382850646973e-01
3.348000000000000000e+03,4.965028347214683890e-05,5.143284797668457031e-02,5.513226389884948730e-01
3.349000000000000000e+03,4.964917025063186884e-05,4.990696907043457031e-02,5.529976487159729004e-01
3.350000000000000000e+03,4.964822801412083209e-05,4.887580871582031250e-02,5.547239184379577637e-01
3.351000000000000000e+03,4.964557592757046223e-05,4.633665084838867188e-02,5.555431246757507324e-01
3.352000000000000000e+03,4.964258187101222575e-05,4.805326461791992188e-02,5.538241863250732422e-01
3.353000000000000000e+03,4.964004256180487573e-05,4.850029945373535156e-02,5.507447123527526855e-01
3.354000000000000000e+03,4.963623359799385071e-05,4.793405532836914062e-02,5.459536910057067871e-01
3.355000000000000000e+03,4.963258106727153063e-05,4.711151123046875000e-02,5.395826697349548340e-01
3.356000000000000000e+03,4.962810999131761491e-05,4.367828369140625000e-02,5.319535732269287109e-01
3.357000000000000000e+03,4.962318053003400564e-05,3.952980041503906250e-02,5.223714709281921387e-01
3.358000000000000000e+03,4.961928789271041751e-05,3.446936607360839844e-02,5.175291895866394043e-01
3.359000000000000000e+03,4.961335798725485802e-05,2.869963645935058594e-02,5.166660547256469727e-01
3.360000000000000000e+03,4.960630030836910009e-05,2.868175506591796875e-02,5.229420065879821777e-01
3.361000000000000000e+03,4.960105798090808094e-05,2.706646919250488281e-02,5.228908061981201172e-01
3.362000000000000000e+03,4.959570287610404193e-05,1.988410949707031250e-02,5.211718678474426270e-01
3.363000000000000000e+03,4.959167563356459141e-05,1.580715179443359375e-02,5.172877907752990723e-01
3.364000000000000000e+03,4.959490979672409594e-05,2.503395080566406250e-03,4.993670582771301270e-01
3.365000000000000000e+03,4.958999852533452213e-05,8.767843246459960938e-03,5.103828310966491699e-01
3.366000000000000000e+03,4.958561476087197661e-05,5.298852920532226562e-03,5.109168291091918945e-01
3.367000000000000000e+03,4.957958299200981855e-05,3.987550735473632812e-03,5.034339427947998047e-01
3.368000000000000000e+03,4.957627243129536510e-05,3.892183303833007812e-03,5.077056884765625000e-01
3.369000000000000000e+03,4.956989141646772623e-05,4.118680953979492188e-03,5.062135457992553711e-01
3.370000000000000000e+03,4.956521297572180629e-05,2.789497375488281250e-03,5.090881586074829102e-01
3.371000000000000000e+03,4.956149496138095856e-05,4.577636718750000000e-03,5.060233473777770996e-01
3.372000000000000000e+03,4.955734402756206691e-05,7.426738739013671875e-03,5.016126632690429688e-01
3.373000000000000000e+03,4.955391705152578652e-05,8.213520050048828125e-03,4.966313838958740234e-01
3.374000000000000000e+03,4.955143958795815706e-05,9.322166442871093750e-03,4.879563152790069580e-01
3.375000000000000000e+03,4.956170960213057697e-05,8.964538574218750000e-03,4.860838055610656738e-01
3.376000000000000000e+03,4.954700489179231226e-05,9.191036224365234375e-03,4.872906804084777832e-01
3.377000000000000000e+03,4.954321775585412979e-05,5.435943603515625000e-03,4.823094308376312256e-01
3.378000000000000000e+03,4.953701136400923133e-05,6.818771362304687500e-03,4.878612160682678223e-01
3.379000000000000000e+03,4.953232200932689011e-05,8.893013000488281250e-03,4.896825551986694336e-01
3.380000000000000000e+03,4.952416929882019758e-05,1.049041748046875000e-02,4.868591129779815674e-01
3.381000000000000000e+03,4.951698429067619145e-05,1.369714736938476562e-02,4.795298874378204346e-01
3.382000000000000000e+03,4.952740346197970212e-05,1.972913742065429688e-02,4.761213064193725586e-01
3.383000000000000000e+03,4.951491064275614917e-05,1.541376113891601562e-02,4.785643815994262695e-01
3.384000000000000000e+03,4.951299342792481184e-05,1.531839370727539062e-02,4.753093719482421875e-01
3.385000000000000000e+03,4.951134542352519929e-05,1.354217529296875000e-02,4.705183207988739014e-01
3.386000000000000000e+03,4.950961010763421655e-05,1.413822174072265625e-02,4.705183207988739014e-01
3.387000000000000000e+03,4.950702714268118143e-05,1.313686370849609375e-02,4.713302552700042725e-01
3.388000000000000000e+03,4.950378206558525562e-05,1.463890075683593750e-02,4.752069711685180664e-01
3.389000000000000000e+03,4.949948925059288740e-05,1.652240753173828125e-02,4.820680618286132812e-01
3.390000000000000000e+03,4.950084257870912552e-05,1.925230026245117188e-02,4.869980812072753906e-01
3.391000000000000000e+03,4.949760113959200680e-05,1.767873764038085938e-02,4.841746687889099121e-01
3.392000000000000000e+03,4.951000664732418954e-05,2.313852310180664062e-02,5.272649526596069336e-01
3.393000000000000000e+03,4.949343565385788679e-05,1.950263977050781250e-02,4.985990524291992188e-01
3.394000000000000000e+03,4.948937930748797953e-05,1.721382141113281250e-02,4.992646574974060059e-01
3.395000000000000000e+03,4.948224523104727268e-05,1.161098480224609375e-02,4.992646574974060059e-01
3.396000000000000000e+03,4.947647539665922523e-05,7.796287536621093750e-03,5.008007287979125977e-01
3.397000000000000000e+03,4.947115667164325714e-05,3.087520599365234375e-03,4.967703819274902344e-01
3.398000000000000000e+03,4.946533590555191040e-05,3.015995025634765625e-03,4.856522083282470703e-01
3.399000000000000000e+03,4.946131957694888115e-05,5.441904067993164062e-03,4.795298874378204346e-01
3.400000000000000000e+03,4.945796536048874259e-05,7.343292236328125000e-03,4.710449874401092529e-01
3.401000000000000000e+03,4.945512409904040396e-05,8.767843246459960938e-03,4.682727754116058350e-01
3.402000000000000000e+03,4.945026375935412943e-05,8.058547973632812500e-03,4.652957022190093994e-01
3.403000000000000000e+03,4.944685497321188450e-05,6.467103958129882812e-03,4.640010297298431396e-01
3.404000000000000000e+03,4.944299143971875310e-05,7.116794586181640625e-03,4.627063274383544922e-01
3.405000000000000000e+03,4.943962630932219326e-05,7.885694503784179688e-03,4.628087282180786133e-01
3.406000000000000000e+03,4.943376916344277561e-05,9.620189666748046875e-03,4.643374979496002197e-01
3.407000000000000000e+03,4.942948726238682866e-05,8.916854858398437500e-03,4.605046510696411133e-01
3.408000000000000000e+03,4.942833038512617350e-05,7.933378219604492188e-03,4.519319534301757812e-01
3.409000000000000000e+03,4.942567829857580364e-05,8.374452590942382812e-03,4.557647705078125000e-01
3.410000000000000000e+03,4.941954102832823992e-05,6.198883056640625000e-03,4.467093348503112793e-01
3.411000000000000000e+03,4.941537918057292700e-05,2.068281173706054688e-03,4.367907643318176270e-01
3.412000000000000000e+03,4.946970875607803464e-05,8.702278137207031250e-03,4.216641783714294434e-01
3.413000000000000000e+03,4.941408769809640944e-05,8.583068847656250000e-04,4.351157248020172119e-01
3.414000000000000000e+03,4.941158476867713034e-05,3.576278686523437500e-05,4.319557845592498779e-01
3.415000000000000000e+03,4.940805956721305847e-05,8.583068847656250000e-04,4.311000108718872070e-01
3.416000000000000000e+03,4.940506187267601490e-05,2.324581146240234375e-03,4.324385821819305420e-01
3.417000000000000000e+03,4.940454527968540788e-05,2.497434616088867188e-03,4.395776093006134033e-01
3.418000000000000000e+03,4.939838618156500161e-05,2.121925354003906250e-03,4.394752085208892822e-01
3.419000000000000000e+03,4.939571954309940338e-05,2.908706665039062500e-03,4.396726787090301514e-01
3.420000000000000000e+03,4.939139034831896424e-05,2.908706665039062500e-03,4.402944445610046387e-01
3.421000000000000000e+03,4.938812708132900298e-05,2.193450927734375000e-03,4.358910620212554932e-01
3.422000000000000000e+03,4.938521306030452251e-05,5.125999450683593750e-03,4.120893776416778564e-01
3.423000000000000000e+03,4.937905396218411624e-05,5.114078521728515625e-03,4.184530675411224365e-01
3.424000000000000000e+03,4.937557605444453657e-05,7.122755050659179688e-03,4.156735241413116455e-01
3.425000000000000000e+03,4.937005360261537135e-05,1.279711723327636719e-02,4.052868187427520752e-01
3.426000000000000000e+03,4.936303957947529852e-05,2.236366271972656250e-02,3.881999254226684570e-01
3.427000000000000000e+03,4.935742617817595601e-05,3.091096878051757812e-02,3.789542913436889648e-01
3.428000000000000000e+03,4.935390461469069123e-05,3.328323364257812500e-02,3.764234483242034912e-01
3.429000000000000000e+03,4.935245306114666164e-05,3.225803375244140625e-02,3.815436363220214844e-01
3.430000000000000000e+03,4.935081960866227746e-05,2.991557121276855469e-02,3.852301836013793945e-01
3.431000000000000000e+03,4.934809840051457286e-05,2.580881118774414062e-02,3.897359967231750488e-01
3.432000000000000000e+03,4.934494063491001725e-05,2.034902572631835938e-02,3.959021866321563721e-01
3.433000000000000000e+03,4.934096432407386601e-05,1.599192619323730469e-02,3.810169994831085205e-01
3.434000000000000000e+03,4.933409582008607686e-05,1.668930053710937500e-02,3.859470486640930176e-01
3.435000000000000000e+03,4.932290539727546275e-05,1.699328422546386719e-02,3.861884176731109619e-01
3.436000000000000000e+03,4.932315277983434498e-05,2.217292785644531250e-03,3.819752037525177002e-01
3.437000000000000000e+03,4.931599323754198849e-05,9.721517562866210938e-03,3.841257095336914062e-01
3.438000000000000000e+03,4.930367140332236886e-05,6.204843521118164062e-03,3.780984878540039062e-01
3.439000000000000000e+03,4.929300121148116887e-05,4.529953002929687500e-04,3.688601553440093994e-01
3.440000000000000000e+03,4.928642010781913996e-05,6.175041198730468750e-03,3.612529635429382324e-01
3.441000000000000000e+03,4.927962800138629973e-05,1.198053359985351562e-02,3.557012081146240234e-01
3.442000000000000000e+03,4.929350689053535461e-05,9.632110595703125000e-03,3.431127965450286865e-01
3.443000000000000000e+03,4.927875488647259772e-05,1.140832901000976562e-02,3.526363968849182129e-01
3.444000000000000000e+03,4.927413829136639833e-05,1.375675201416015625e-02,3.569446802139282227e-01
3.445000000000000000e+03,4.927066038362681866e-05,1.270771026611328125e-02,3.610627949237823486e-01
3.446000000000000000e+03,4.926832480123266578e-05,1.027584075927734375e-02,3.636887371540069580e-01
3.447000000000000000e+03,4.926438850816339254e-05,1.171827316284179688e-02,3.583783507347106934e-01
3.448000000000000000e+03,4.926430119667202234e-05,6.377696990966796875e-04,3.621599972248077393e-01
3.449000000000000000e+03,4.926135443383827806e-05,5.590915679931640625e-03,3.602508604526519775e-01
3.450000000000000000e+03,4.925935354549437761e-05,6.842613220214843750e-03,3.580418527126312256e-01
3.451000000000000000e+03,4.925757457385770977e-05,8.535385131835937500e-03,3.512027263641357422e-01
3.452000000000000000e+03,4.925455141346901655e-05,8.940696716308593750e-03,3.491912186145782471e-01
3.453000000000000000e+03,4.925144094158895314e-05,9.322166442871093750e-03,3.493375182151794434e-01
3.454000000000000000e+03,4.924799577565863729e-05,1.090764999389648438e-02,3.499080538749694824e-01
3.455000000000000000e+03,4.924497625324875116e-05,1.106262207031250000e-02,3.511076271533966064e-01
3.456000000000000000e+03,4.924166569253429770e-05,1.175403594970703125e-02,3.522560298442840576e-01
3.457000000000000000e+03,4.923589585814625025e-05,1.230239868164062500e-02,3.503908216953277588e-01
3.458000000000000000e+03,4.923236701870337129e-05,1.472234725952148438e-02,3.562278449535369873e-01
3.459000000000000000e+03,4.922912921756505966e-05,1.810789108276367188e-02,3.480940461158752441e-01
3.460000000000000000e+03,4.922570587950758636e-05,1.161098480224609375e-02,3.269914388656616211e-01
3.461000000000000000e+03,4.922043808619491756e-05,1.049041748046875000e-02,3.309632539749145508e-01
3.462000000000000000e+03,4.921637082588858902e-05,7.581710815429687500e-03,3.305828869342803955e-01
3.463000000000000000e+03,4.921191066387109458e-05,4.303455352783203125e-03,3.278545439243316650e-01
3.464000000000000000e+03,4.920573701383545995e-05,1.299381256103515625e-03,3.223100900650024414e-01
3.465000000000000000e+03,4.919910134049132466e-05,3.862380981445312500e-03,3.241753280162811279e-01
3.466000000000000000e+03,4.918828199151903391e-05,2.384185791015625000e-04,3.125012516975402832e-01
3.467000000000000000e+03,4.917973274132236838e-05,8.916854858398437500e-03,3.138836920261383057e-01
3.468000000000000000e+03,4.917462501907721162e-05,1.230239868164062500e-02,3.193403780460357666e-01
3.469000000000000000e+03,4.916964098811149597e-05,1.510381698608398438e-02,3.286152780055999756e-01
3.470000000000000000e+03,4.916420220979489386e-05,1.531839370727539062e-02,3.373269438743591309e-01
3.471000000000000000e+03,4.915533645544201136e-05,1.341104507446289062e-02,3.445025682449340820e-01
3.472000000000000000e+03,4.914841701975092292e-05,1.083612442016601562e-02,3.450731039047241211e-01
3.473000000000000000e+03,4.916052785119973123e-05,6.818771362304687500e-03,3.499592542648315430e-01
3.474000000000000000e+03,4.914529199595563114e-05,5.328655242919921875e-03,3.466091454029083252e-01
3.475000000000000000e+03,4.913718294119462371e-05,5.435943603515625000e-03,3.374220430850982666e-01
3.476000000000000000e+03,4.913127850159071386e-05,4.804134368896484375e-03,3.243142962455749512e-01
3.477000000000000000e+03,4.912603617412969470e-05,2.717971801757812500e-03,3.096266090869903564e-01
3.478000000000000000e+03,4.912384974886663258e-05,1.764297485351562500e-03,2.933662533760070801e-01
3.479000000000000000e+03,4.912048461847007275e-05,5.900859832763671875e-04,2.895846366882324219e-01
3.480000000000000000e+03,4.911967334919609129e-05,1.215934753417968750e-03,2.920276820659637451e-01
3.481000000000000000e+03,4.911547875963151455e-05,1.686811447143554688e-03,2.923129498958587646e-01
3.482000000000000000e+03,4.911237556370906532e-05,4.637241363525390625e-03,2.852324247360229492e-01
3.483000000000000000e+03,4.910994175588712096e-05,5.829334259033203125e-03,2.769157588481903076e-01
3.484000000000000000e+03,4.910745701636187732e-05,5.340576171875000000e-03,2.707495689392089844e-01
3.485000000000000000e+03,4.910445932182483375e-05,2.527236938476562500e-03,2.674945592880249023e-01
3.486000000000000000e+03,4.909923518425785005e-05,2.288818359375000000e-03,2.703179717063903809e-01
3.487000000000000000e+03,4.909230483463034034e-05,1.019239425659179688e-02,2.754308879375457764e-01
3.488000000000000000e+03,4.908677510684356093e-05,1.564025878906250000e-02,2.813118398189544678e-01
3.489000000000000000e+03,4.908165647066198289e-05,1.696348190307617188e-02,2.845229208469390869e-01
3.490000000000000000e+03,4.907744005322456360e-05,1.764297485351562500e-02,2.784005999565124512e-01
3.491000000000000000e+03,4.907368565909564495e-05,1.634359359741210938e-02,2.715614736080169678e-01
3.492000000000000000e+03,4.906859976472333074e-05,1.583099365234375000e-02,2.630984783172607422e-01
3.493000000000000000e+03,4.906428875983692706e-05,1.493692398071289062e-02,2.624767720699310303e-01
3.494000000000000000e+03,4.906053072772920132e-05,1.568794250488281250e-02,2.597483992576599121e-01
3.495000000000000000e+03,4.909941344521939754e-05,5.841255187988281250e-04,2.737046480178833008e-01
3.496000000000000000e+03,4.905808236799202859e-05,1.261234283447265625e-02,2.623816728591918945e-01
3.497000000000000000e+03,4.905265814159065485e-05,1.213550567626953125e-02,2.641444802284240723e-01
3.498000000000000000e+03,4.904819070361554623e-05,1.213550567626953125e-02,2.583659589290618896e-01
3.499000000000000000e+03,4.904348679701797664e-05,1.270771026611328125e-02,2.583147585391998291e-01
3.500000000000000000e+03,4.903789886157028377e-05,1.374483108520507812e-02,2.502906322479248047e-01
3.501000000000000000e+03,4.903165972791612148e-05,1.429319381713867188e-02,2.438318729400634766e-01
3.502000000000000000e+03,4.902216824120841920e-05,1.184940338134765625e-02,2.267230302095413208e-01
3.503000000000000000e+03,4.901345164398662746e-05,8.988380432128906250e-03,2.096654176712036133e-01
3.504000000000000000e+03,4.900538260699249804e-05,3.719329833984375000e-03,1.861124336719512939e-01
3.505000000000000000e+03,4.899846317130140960e-05,1.269578933715820312e-03,1.699618250131607056e-01
3.506000000000000000e+03,4.899196937913075089e-05,7.075071334838867188e-03,1.506220400333404541e-01
3.507000000000000000e+03,4.898657061858102679e-05,1.009106636047363281e-02,1.449312865734100342e-01
3.508000000000000000e+03,4.897959661320783198e-05,1.220703125000000000e-02,1.424516439437866211e-01
3.509000000000000000e+03,4.897119288216345012e-05,1.270771026611328125e-02,1.480399817228317261e-01
3.510000000000000000e+03,4.896376049146056175e-05,1.202821731567382812e-02,1.476523131132125854e-01
3.511000000000000000e+03,4.895746315014548600e-05,1.221895217895507812e-02,1.509511917829513550e-01
3.512000000000000000e+03,4.895419260719791055e-05,4.559755325317382812e-03,1.298924982547760010e-01
3.513000000000000000e+03,4.894527228316292167e-05,5.710124969482421875e-03,1.268349885940551758e-01
3.514000000000000000e+03,4.893843288300558925e-05,8.255243301391601562e-03,1.257378011941909790e-01
3.515000000000000000e+03,4.893268487649038434e-05,8.368492126464843750e-03,1.193887442350387573e-01
3.516000000000000000e+03,4.892287688562646508e-05,1.102089881896972656e-02,1.072684675455093384e-01
3.517000000000000000e+03,4.891674689133651555e-05,5.125999450683593750e-03,9.580650180578231812e-02
3.518000000000000000e+03,4.891048592980951071e-05,5.304813385009765625e-03,9.909806400537490845e-02
3.519000000000000000e+03,4.890366471954621375e-05,7.969141006469726562e-03,9.299769997596740723e-02
3.520000000000000000e+03,4.889889896730892360e-05,8.916854858398437500e-03,9.370721876621246338e-02
3.521000000000000000e+03,4.889420961262658238e-05,8.070468902587890625e-03,8.807497471570968628e-02
3.522000000000000000e+03,4.888895637122914195e-05,4.899501800537109375e-03,7.638626545667648315e-02
3.523000000000000000e+03,4.888486364507116377e-05,5.346536636352539062e-03,7.176344841718673706e-02
3.524000000000000000e+03,4.887924660579301417e-05,6.216764450073242188e-03,6.588982790708541870e-02
3.525000000000000000e+03,4.887637260253541172e-05,7.951259613037109375e-03,6.139867007732391357e-02
3.526000000000000000e+03,4.887138857156969607e-05,8.571147918701171875e-03,5.940178409218788147e-02
3.527000000000000000e+03,4.886833266937173903e-05,1.046061515808105469e-02,5.815830826759338379e-02
3.528000000000000000e+03,4.886514579993672669e-05,9.053945541381835938e-03,6.646036356687545776e-02
3.529000000000000000e+03,4.886230090050958097e-05,8.857250213623046875e-03,7.543537020683288574e-02
3.530000000000000000e+03,4.885919042862951756e-05,5.811452865600585938e-03,8.994020521640777588e-02
3.531000000000000000e+03,4.885593079961836338e-05,1.046061515808105469e-02,1.046425327658653259e-01
3.532000000000000000e+03,4.885378439212217927e-05,6.324052810668945312e-03,1.092287749052047729e-01
3.533000000000000000e+03,4.885169619228690863e-05,3.314018249511718750e-03,1.120887845754623413e-01
3.534000000000000000e+03,4.885053567704744637e-05,1.400709152221679688e-03,1.123301535844802856e-01
3.535000000000000000e+03,4.892460128758102655e-05,9.012222290039062500e-03,1.547255218029022217e-01
3.536000000000000000e+03,4.884873487753793597e-05,2.324581146240234375e-04,1.170992702245712280e-01
3.537000000000000000e+03,4.884567169938236475e-05,2.467632293701171875e-03,1.197690963745117188e-01
3.538000000000000000e+03,4.884313239017501473e-05,3.433227539062500000e-03,1.190522685647010803e-01
3.539000000000000000e+03,4.884114969172514975e-05,4.303455352783203125e-03,1.183939501643180847e-01
3.540000000000000000e+03,4.883850851911120117e-05,4.422664642333984375e-03,1.139466911554336548e-01
3.541000000000000000e+03,4.883481597062200308e-05,5.567073822021484375e-03,1.068881005048751831e-01
3.542000000000000000e+03,4.885868838755413890e-05,6.514787673950195312e-03,5.791692435741424561e-02
3.543000000000000000e+03,4.883389556198380888e-05,3.480911254882812500e-03,9.843243658542633057e-02
3.544000000000000000e+03,4.882993744104169309e-05,9.071826934814453125e-03,8.602689206600189209e-02
3.545000000000000000e+03,4.882661232841201127e-05,9.286403656005859375e-03,8.488582074642181396e-02
3.546000000000000000e+03,4.882170105702243745e-05,8.988380432128906250e-03,8.578551560640335083e-02
3.547000000000000000e+03,4.881899440078996122e-05,8.058547973632812500e-03,8.378131687641143799e-02
3.548000000000000000e+03,4.881600034423172474e-05,6.806850433349609375e-03,8.612198382616043091e-02
3.549000000000000000e+03,4.881287168245762587e-05,5.722045898437500000e-03,8.230376988649368286e-02
3.550000000000000000e+03,4.880846972810104489e-05,5.280971527099609375e-03,8.292550593614578247e-02
3.551000000000000000e+03,4.880545020569115877e-05,5.578994750976562500e-03,7.328487932682037354e-02
3.552000000000000000e+03,4.880279811914078891e-05,8.034706115722656250e-03,6.545826792716979980e-02
3.553000000000000000e+03,4.880018241237848997e-05,8.904933929443359375e-03,5.576643720269203186e-02
3.554000000000000000e+03,4.879898915532976389e-05,1.026391983032226562e-02,5.295763164758682251e-02
3.555000000000000000e+03,4.879730113316327333e-05,1.112222671508789062e-02,5.439129471778869629e-02
3.556000000000000000e+03,4.879588959738612175e-05,1.424551010131835938e-02,5.730249732732772827e-02
3.557000000000000000e+03,4.879636981058865786e-05,1.351833343505859375e-02,5.906531587243080139e-02
3.558000000000000000e+03,4.879458356299437582e-05,1.392364501953125000e-02,5.810710042715072632e-02
3.559000000000000000e+03,4.879301559412851930e-05,1.443624496459960938e-02,6.445616483688354492e-02
3.560000000000000000e+03,4.879202242591418326e-05,1.486539840698242188e-02,6.722108274698257446e-02
3.561000000000000000e+03,4.879097468801774085e-05,1.579523086547851562e-02,7.071014493703842163e-02
3.562000000000000000e+03,4.878973413724452257e-05,1.730918884277343750e-02,7.376033067703247070e-02
3.563000000000000000e+03,4.878855543211102486e-05,1.773834228515625000e-02,7.648135721683502197e-02
3.564000000000000000e+03,4.878673644270747900e-05,1.778602600097656250e-02,7.977291941642761230e-02
3.565000000000000000e+03,4.878520849160850048e-05,1.896619796752929688e-02,8.564653992652893066e-02
3.566000000000000000e+03,4.878377876593731344e-05,1.829862594604492188e-02,8.717528730630874634e-02
3.567000000000000000e+03,4.878310573985800147e-05,1.714229583740234375e-02,8.936966210603713989e-02
3.568000000000000000e+03,4.878188337897881866e-05,1.624822616577148438e-02,8.841145038604736328e-02
3.569000000000000000e+03,4.878107938566245139e-05,1.735687255859375000e-02,8.635605126619338989e-02
3.570000000000000000e+03,4.877970059169456363e-05,1.791715621948242188e-02,8.607809245586395264e-02
3.571000000000000000e+03,4.877644823864102364e-05,1.738071441650390625e-02,8.259635418653488159e-02
3.572000000000000000e+03,4.877449828200042248e-05,1.783370971679687500e-02,8.454203605651855469e-02
3.573000000000000000e+03,4.877331230090931058e-05,1.622438430786132812e-02,8.459323644638061523e-02
3.574000000000000000e+03,4.877064202446490526e-05,1.909732818603515625e-02,8.702899515628814697e-02
3.575000000000000000e+03,4.876930324826389551e-05,2.026557922363281250e-02,8.535394817590713501e-02
3.576000000000000000e+03,4.876764069194905460e-05,2.208948135375976562e-02,8.130166679620742798e-02
3.577000000000000000e+03,4.876663297181949019e-05,2.287626266479492188e-02,7.963394373655319214e-02
3.578000000000000000e+03,4.876449747825972736e-05,2.353191375732421875e-02,7.909998297691345215e-02
3.579000000000000000e+03,4.876387538388371468e-05,1.711845397949218750e-02,7.309470325708389282e-02
3.580000000000000000e+03,4.876095044892281294e-05,1.797676086425781250e-02,7.332876324653625488e-02
3.581000000000000000e+03,4.875856393482536077e-05,1.662969589233398438e-02,7.147085666656494141e-02
3.582000000000000000e+03,4.875673766946420074e-05,1.465082168579101562e-02,6.689193099737167358e-02
3.583000000000000000e+03,4.875430749962106347e-05,1.420974731445312500e-02,6.349796056747436523e-02
3.584000000000000000e+03,4.876028469880111516e-05,2.393722534179687500e-02,6.923259049654006958e-02
3.585000000000000000e+03,4.875372542301192880e-05,1.652240753173828125e-02,6.483653187751770020e-02
3.586000000000000000e+03,4.878739855485036969e-05,2.098083496093750000e-02,2.357492409646511078e-02
3.587000000000000000e+03,4.874959631706587970e-05,1.761913299560546875e-02,5.472045019268989563e-02
3.588000000000000000e+03,4.874740989180281758e-05,1.647472381591796875e-02,5.510811880230903625e-02
3.589000000000000000e+03,4.874324076808989048e-05,1.864433288574218750e-02,5.940178409218788147e-02
3.590000000000000000e+03,4.874140358879230917e-05,2.032518386840820312e-02,6.341017782688140869e-02
3.591000000000000000e+03,4.873798025073483586e-05,2.249479293823242188e-02,6.918139755725860596e-02
3.592000000000000000e+03,4.873485886491835117e-05,1.834630966186523438e-02,7.543537020683288574e-02
3.593000000000000000e+03,4.873097350355237722e-05,1.937150955200195312e-02,7.705189287662506104e-02
3.594000000000000000e+03,4.872831414104439318e-05,1.797676086425781250e-02,7.180001586675643921e-02
3.595000000000000000e+03,4.872633871855214238e-05,1.378059387207031250e-02,7.051996141672134399e-02
3.596000000000000000e+03,4.872525823884643614e-05,1.133680343627929688e-02,6.874983012676239014e-02
3.597000000000000000e+03,4.872304998571053147e-05,9.608268737792968750e-03,7.013229280710220337e-02
3.598000000000000000e+03,4.872283170698210597e-05,9.965896606445312500e-03,7.090032100677490234e-02
3.599000000000000000e+03,4.872312274528667331e-05,1.207590103149414062e-02,5.872884765267372131e-02
3.600000000000000000e+03,4.872135468758642673e-05,1.094341278076171875e-02,6.526808440685272217e-02
3.601000000000000000e+03,4.872192948823794723e-05,1.755952835083007812e-02,8.292550593614578247e-02
3.602000000000000000e+03,4.872051067650318146e-05,1.356601715087890625e-02,7.228277623653411865e-02
3.603000000000000000e+03,4.871983401244506240e-05,1.468658447265625000e-02,7.357014715671539307e-02
3.604000000000000000e+03,4.871868804912082851e-05,1.639127731323242188e-02,7.615219801664352417e-02
3.605000000000000000e+03,4.871811324846930802e-05,1.693964004516601562e-02,7.710309326648712158e-02
3.606000000000000000e+03,4.871687997365370393e-05,1.814365386962890625e-02,8.092130720615386963e-02
3.607000000000000000e+03,4.871549390372820199e-05,1.997947692871093750e-02,8.626827597618103027e-02
3.608000000000000000e+03,4.871420242125168443e-05,2.249479293823242188e-02,9.198828786611557007e-02
3.609000000000000000e+03,4.871272903983481228e-05,2.595186233520507812e-02,9.876891225576400757e-02
3.610000000000000000e+03,4.871278724749572575e-05,3.079175949096679688e-02,1.002537682652473450e-01
3.611000000000000000e+03,4.871123019256629050e-05,2.839565277099609375e-02,9.952963143587112427e-02
3.612000000000000000e+03,4.870870543527416885e-05,3.359317779541015625e-02,1.024408414959907532e-01
3.613000000000000000e+03,4.870733391726389527e-05,3.283023834228515625e-02,9.890788793563842773e-02
3.614000000000000000e+03,4.870484917773865163e-05,3.000497817993164062e-02,8.941355347633361816e-02
3.615000000000000000e+03,4.870282282354310155e-05,3.147125244140625000e-02,8.745323866605758667e-02
3.616000000000000000e+03,4.870065095019526780e-05,3.372430801391601562e-02,8.941355347633361816e-02
3.617000000000000000e+03,4.869957047048956156e-05,3.565549850463867188e-02,8.869671821594238281e-02
3.618000000000000000e+03,4.869871190749108791e-05,3.641843795776367188e-02,8.831635862588882446e-02
3.619000000000000000e+03,4.869725671596825123e-05,3.681182861328125000e-02,8.736547082662582397e-02
3.620000000000000000e+03,4.870034899795427918e-05,3.395080566406250000e-02,9.772291779518127441e-02
3.621000000000000000e+03,4.869674376095645130e-05,3.597736358642578125e-02,9.036444872617721558e-02
3.622000000000000000e+03,4.869403710472397506e-05,3.689527511596679688e-02,8.254515379667282104e-02
3.623000000000000000e+03,4.869463737122714520e-05,3.355741500854492188e-02,9.070823341608047485e-02
3.624000000000000000e+03,4.869306940236128867e-05,3.536939620971679688e-02,8.626827597618103027e-02
3.625000000000000000e+03,4.869153781328350306e-05,3.467798233032226562e-02,8.397149294614791870e-02
3.626000000000000000e+03,4.868937685387209058e-05,3.335475921630859375e-02,8.240617811679840088e-02
3.627000000000000000e+03,4.869349868386052549e-05,2.738237380981445312e-02,7.065894454717636108e-02
3.628000000000000000e+03,4.868829637416638434e-05,3.151893615722656250e-02,7.877082377672195435e-02
3.629000000000000000e+03,4.868629912380129099e-05,3.087520599365234375e-02,8.192341029644012451e-02
3.630000000000000000e+03,4.868197356699965894e-05,3.011226654052734375e-02,9.342925995588302612e-02
3.631000000000000000e+03,4.867790994467213750e-05,2.957582473754882812e-02,1.026822105050086975e-01
3.632000000000000000e+03,4.867305688094347715e-05,2.965927124023437500e-02,1.182037740945816040e-01
3.633000000000000000e+03,4.867183088208548725e-05,2.719163894653320312e-02,1.127544119954109192e-01
3.634000000000000000e+03,4.868831820203922689e-05,4.214048385620117188e-02,1.528602987527847290e-01
3.635000000000000000e+03,4.866732342634350061e-05,3.211498260498046875e-02,1.259791851043701172e-01
3.636000000000000000e+03,4.866091330768540502e-05,3.093481063842773438e-02,1.228265911340713501e-01
3.637000000000000000e+03,4.865572191192768514e-05,2.989768981933593750e-02,1.134712398052215576e-01
3.638000000000000000e+03,4.864848233410157263e-05,2.812147140502929688e-02,1.034941375255584717e-01
3.639000000000000000e+03,4.864114453084766865e-05,2.501010894775390625e-02,1.005829274654388428e-01
3.640000000000000000e+03,4.863069625571370125e-05,2.201795578002929688e-02,9.990999102592468262e-02
3.641000000000000000e+03,4.861894558416679502e-05,2.430677413940429688e-02,1.163824498653411865e-01
3.642000000000000000e+03,4.861017805524170399e-05,2.186298370361328125e-02,1.165726184844970703e-01
3.643000000000000000e+03,4.860349508817307651e-05,1.957416534423828125e-02,1.281808763742446899e-01
3.644000000000000000e+03,4.859936234424822032e-05,1.813173294067382812e-02,1.179623976349830627e-01
3.645000000000000000e+03,4.859201362705789506e-05,1.786947250366210938e-02,9.928824007511138916e-02
3.646000000000000000e+03,4.858550892095081508e-05,1.943111419677734375e-02,9.886400401592254639e-02
3.647000000000000000e+03,4.857626481680199504e-05,2.517700195312500000e-02,1.014387384057044983e-01
3.648000000000000000e+03,4.857782187173143029e-05,2.813339233398437500e-02,1.298485994338989258e-01
3.649000000000000000e+03,4.856773375649936497e-05,2.659559249877929688e-02,1.151389703154563904e-01
3.650000000000000000e+03,4.856215309700928628e-05,2.677440643310546875e-02,1.234044581651687622e-01
3.651000000000000000e+03,4.855466977460309863e-05,2.522468566894531250e-02,1.364390552043914795e-01
3.652000000000000000e+03,4.855166480410844088e-05,2.261400222778320312e-02,1.345738321542739868e-01
3.653000000000000000e+03,4.854639701079577208e-05,1.806020736694335938e-02,1.242602616548538208e-01
3.654000000000000000e+03,4.854212238569743931e-05,1.301765441894531250e-02,1.147586032748222351e-01
3.655000000000000000e+03,4.853785503655672073e-05,1.116991043090820312e-02,1.048839092254638672e-01
3.656000000000000000e+03,4.853277278016321361e-05,9.560585021972656250e-03,1.032527536153793335e-01
3.657000000000000000e+03,4.852802885579876602e-05,1.128911972045898438e-02,1.016801223158836365e-01
3.658000000000000000e+03,4.851919584325514734e-05,1.348257064819335938e-02,1.010144948959350586e-01
3.659000000000000000e+03,4.850761251873336732e-05,1.778602600097656250e-02,9.843243658542633057e-02
3.660000000000000000e+03,4.849077231483533978e-05,1.574754714965820312e-02,8.445426076650619507e-02
3.661000000000000000e+03,5.015840361011214554e-05,1.838684082031250000e-01,2.101847380399703979e-01
3.662000000000000000e+03,4.848314347327686846e-05,2.868175506591796875e-02,9.413877129554748535e-02
3.663000000000000000e+03,4.847059244639240205e-05,2.608299255371093750e-02,6.307370960712432861e-02
3.664000000000000000e+03,4.845805233344435692e-05,2.590417861938476562e-02,7.117827981710433960e-02
3.665000000000000000e+03,4.845082730753347278e-05,2.424716949462890625e-02,6.869862973690032959e-02
3.666000000000000000e+03,4.844536306336522102e-05,2.497434616088867188e-02,6.545826792716979980e-02
3.667000000000000000e+03,4.843887654715217650e-05,2.391338348388671875e-02,5.042678862810134888e-02
3.668000000000000000e+03,4.844184149987995625e-05,1.890659332275390625e-02,3.001176193356513977e-02
3.669000000000000000e+03,4.843428905587643385e-05,2.170801162719726562e-02,4.140789434313774109e-02
3.670000000000000000e+03,4.843126225750893354e-05,2.622604370117187500e-02,1.909107901155948639e-02
3.671000000000000000e+03,4.841647023567929864e-05,2.384185791015625000e-02,2.262402698397636414e-02
3.672000000000000000e+03,4.841195550397969782e-05,2.288818359375000000e-02,2.576930075883865356e-02
3.673000000000000000e+03,4.840486872126348317e-05,2.473592758178710938e-02,2.467211149632930756e-02
3.674000000000000000e+03,4.839873508899472654e-05,2.464056015014648438e-02,2.080269530415534973e-02
3.675000000000000000e+03,4.839184839511290193e-05,2.765655517578125000e-02,2.171701751649379730e-02
3.676000000000000000e+03,4.839427492697723210e-05,2.595186233520507812e-02,2.595948241651058197e-02
3.677000000000000000e+03,4.838781387661583722e-05,2.689361572265625000e-02,2.362612634897232056e-02
3.678000000000000000e+03,4.838132372242398560e-05,3.050565719604492188e-02,3.039212338626384735e-02
3.679000000000000000e+03,4.837416054215282202e-05,3.014802932739257812e-02,3.431273996829986572e-02
3.680000000000000000e+03,4.836712469113990664e-05,2.764463424682617188e-02,4.379976540803909302e-02
3.681000000000000000e+03,4.835946310777217150e-05,3.485679626464843750e-02,7.424309104681015015e-02
3.682000000000000000e+03,4.834806532016955316e-05,2.971887588500976562e-02,6.436108052730560303e-02
3.683000000000000000e+03,4.833872299059294164e-05,2.820491790771484375e-02,5.902142822742462158e-02
3.684000000000000000e+03,4.832714694202877581e-05,2.825260162353515625e-02,5.338919535279273987e-02
3.685000000000000000e+03,4.831364640267565846e-05,2.671480178833007812e-02,4.388754069805145264e-02
3.686000000000000000e+03,4.831967817153781652e-05,3.221035003662109375e-02,4.312682524323463440e-02
3.687000000000000000e+03,4.830850593862123787e-05,2.894401550292968750e-02,4.355838522315025330e-02
3.688000000000000000e+03,4.830034595215693116e-05,2.686977386474609375e-02,4.175167903304100037e-02
3.689000000000000000e+03,4.829222598345950246e-05,2.095699310302734375e-02,3.120404109358787537e-02
3.690000000000000000e+03,4.828545206692069769e-05,1.639127731323242188e-02,2.729073539376258850e-02
3.691000000000000000e+03,4.827864540857262909e-05,1.076459884643554688e-02,2.104407548904418945e-02
3.692000000000000000e+03,4.827255907002836466e-05,6.139278411865234375e-03,1.288830861449241638e-02
3.693000000000000000e+03,4.826701479032635689e-05,5.948543548583984375e-03,1.665532216429710388e-02
3.694000000000000000e+03,4.826300573768094182e-05,8.511543273925781250e-03,1.780371181666851044e-02
3.695000000000000000e+03,4.825949872611090541e-05,1.147985458374023438e-02,2.586439065635204315e-02
3.696000000000000000e+03,4.825439464184455574e-05,1.715421676635742188e-02,3.922083228826522827e-02
3.697000000000000000e+03,4.826292570214718580e-05,3.470182418823242188e-02,4.175167903304100037e-02
3.698000000000000000e+03,4.825111318496055901e-05,2.309083938598632812e-02,4.007663950324058533e-02
3.699000000000000000e+03,4.824274219572544098e-05,2.681016921997070312e-02,3.826993703842163086e-02
3.700000000000000000e+03,4.823760900762863457e-05,2.739429473876953125e-02,2.314336225390434265e-02
3.701000000000000000e+03,4.823318522539921105e-05,2.845525741577148438e-02,8.740935474634170532e-03
3.702000000000000000e+03,4.822712799068540335e-05,2.843141555786132812e-02,9.903955273330211639e-03
3.703000000000000000e+03,4.822198388865217566e-05,2.850294113159179688e-02,1.638468168675899506e-02
3.704000000000000000e+03,4.821474067284725606e-05,2.696514129638671875e-02,1.504611130803823471e-02
3.705000000000000000e+03,4.820802132599055767e-05,2.696514129638671875e-02,8.850654121488332748e-04
3.706000000000000000e+03,4.820253525394946337e-05,2.340078353881835938e-02,8.740935474634170532e-03
3.707000000000000000e+03,4.820485992240719497e-05,2.826452255249023438e-02,2.037113346159458160e-02
3.708000000000000000e+03,4.819963578484021127e-05,2.540349960327148438e-02,1.351004745811223984e-02
3.709000000000000000e+03,4.820719186682254076e-05,2.839565277099609375e-02,2.204617485404014587e-02
3.710000000000000000e+03,4.819762034458108246e-05,2.638101577758789062e-02,1.632616482675075531e-02
3.711000000000000000e+03,4.819320747628808022e-05,2.622604370117187500e-02,1.317357644438743591e-02
3.712000000000000000e+03,4.818617526325397193e-05,2.441406250000000000e-02,1.177649013698101044e-03
3.713000000000000000e+03,4.818407251150347292e-05,1.615285873413085938e-02,1.414641737937927246e-02
3.714000000000000000e+03,4.817556691705249250e-05,1.124143600463867188e-02,1.848396845161914825e-02
3.715000000000000000e+03,4.816984801436774433e-05,7.593631744384765625e-03,1.138150226324796677e-02
3.716000000000000000e+03,4.816589353140443563e-05,8.511543273925781250e-03,2.896577585488557816e-03
3.717000000000000000e+03,4.816444561583921313e-05,6.926059722900390625e-03,3.364711301401257515e-03
3.718000000000000000e+03,4.816277214558795094e-05,5.328655242919921875e-03,4.037653561681509018e-03
3.719000000000000000e+03,4.816122236661612988e-05,5.304813385009765625e-03,3.847474465146660805e-03
3.720000000000000000e+03,4.815967622562311590e-05,6.580352783203125000e-03,1.367828343063592911e-03
3.721000000000000000e+03,4.815860302187502384e-05,1.089572906494140625e-02,5.829728208482265472e-03
3.722000000000000000e+03,4.815637657884508371e-05,1.282691955566406250e-02,1.551424525678157806e-02
3.723000000000000000e+03,4.816618820768781006e-05,1.776218414306640625e-03,1.040866225957870483e-02
3.724000000000000000e+03,4.815280772163532674e-05,7.915496826171875000e-03,1.379531715065240860e-02
3.725000000000000000e+03,4.814709973288699985e-05,5.412101745605468750e-03,1.098651438951492310e-02
3.726000000000000000e+03,4.814207204617559910e-05,1.192092895507812500e-03,3.642665920779109001e-03
3.727000000000000000e+03,4.814239582628943026e-05,1.113414764404296875e-02,7.855869829654693604e-03
3.728000000000000000e+03,4.813939449377357960e-05,5.948543548583984375e-03,1.843276782892644405e-03
3.729000000000000000e+03,4.813638224732130766e-05,5.888938903808593750e-03,5.376223474740982056e-03
3.730000000000000000e+03,4.813328268937766552e-05,6.556510925292968750e-03,8.565384894609451294e-03
3.731000000000000000e+03,4.812965562450699508e-05,1.063346862792968750e-02,1.070856023579835892e-02
3.732000000000000000e+03,4.812539191334508359e-05,1.263618469238281250e-02,1.271275803446769714e-02
3.733000000000000000e+03,4.811986582353711128e-05,1.335144042968750000e-02,9.040833450853824615e-03
3.734000000000000000e+03,4.811750841327011585e-05,1.449584960937500000e-02,8.185026235878467560e-03
3.735000000000000000e+03,4.811518738279119134e-05,7.712841033935546875e-03,2.048085152637213469e-04
3.736000000000000000e+03,4.811305188923142850e-05,7.915496826171875000e-03,3.847474465146660805e-03
3.737000000000000000e+03,4.810889004147611558e-05,6.628036499023437500e-03,1.333449780941009521e-02
3.738000000000000000e+03,4.810663813259452581e-05,5.924701690673828125e-03,1.481204479932785034e-02
3.739000000000000000e+03,4.810379687114618719e-05,4.661083221435546875e-03,1.628959365189075470e-02
3.740000000000000000e+03,4.810000245925039053e-05,4.661083221435546875e-03,1.710151135921478271e-02
3.741000000000000000e+03,4.809477832168340683e-05,5.376338958740234375e-03,1.523629203438758850e-02
3.742000000000000000e+03,4.809085294255055487e-05,7.200241088867187500e-03,1.500222459435462952e-02
3.743000000000000000e+03,4.808848098036833107e-05,8.749961853027343750e-03,1.609941199421882629e-02
3.744000000000000000e+03,4.808659650734625757e-05,9.381771087646484375e-03,1.986642740666866302e-02
3.745000000000000000e+03,4.808376979781314731e-05,9.429454803466796875e-03,2.616428770124912262e-02
3.746000000000000000e+03,4.808216908713802695e-05,1.045465469360351562e-02,3.626573830842971802e-02
3.747000000000000000e+03,4.807906589121557772e-05,9.584426879882812500e-03,3.850400447845458984e-02
3.748000000000000000e+03,4.807645382243208587e-05,8.344650268554687500e-03,3.846011683344841003e-02
3.749000000000000000e+03,4.807475852430798113e-05,5.769729614257812500e-03,3.831382095813751221e-02
3.750000000000000000e+03,4.807330697076395154e-05,5.400180816650390625e-03,3.602435812354087830e-02
3.751000000000000000e+03,4.807103323400951922e-05,5.900859832763671875e-03,3.087488561868667603e-02
3.752000000000000000e+03,4.806933065992780030e-05,7.212162017822265625e-03,2.764183655381202698e-02
3.753000000000000000e+03,4.806651486433111131e-05,1.018047332763671875e-02,2.425518073141574860e-02
3.754000000000000000e+03,4.806445940630510449e-05,1.363754272460937500e-02,2.263134159147739410e-02
3.755000000000000000e+03,4.806212018593214452e-05,1.596212387084960938e-02,2.282152138650417328e-02
3.756000000000000000e+03,4.813187842955812812e-05,3.384351730346679688e-02,5.246755480766296387e-02
3.757000000000000000e+03,4.806159267900511622e-05,1.754760742187500000e-02,2.544014342129230499e-02
3.758000000000000000e+03,4.805705975741147995e-05,2.131462097167968750e-02,2.544014342129230499e-02
3.759000000000000000e+03,4.805206481250934303e-05,2.114772796630859375e-02,2.177553623914718628e-02
3.760000000000000000e+03,4.804705895367078483e-05,2.138614654541015625e-02,2.229487150907516479e-02
3.761000000000000000e+03,4.804728814633563161e-05,2.479553222656250000e-02,1.443168614059686661e-02
3.762000000000000000e+03,4.804495256394147873e-05,2.303123474121093750e-02,1.848396845161914825e-02
3.763000000000000000e+03,4.805916978511959314e-05,3.168582916259765625e-02,4.455316811800003052e-02
3.764000000000000000e+03,4.804347918252460659e-05,2.509355545043945312e-02,2.467942796647548676e-02
3.765000000000000000e+03,4.804169657290913165e-05,2.474784851074218750e-02,2.530116774141788483e-02
3.766000000000000000e+03,4.803828051080927253e-05,2.589225769042968750e-02,2.448924630880355835e-02
3.767000000000000000e+03,4.803670162800699472e-05,2.617835998535156250e-02,2.425518073141574860e-02
3.768000000000000000e+03,4.803351475857198238e-05,2.664327621459960938e-02,2.538894116878509521e-02
3.769000000000000000e+03,4.803116826224140823e-05,2.628564834594726562e-02,2.000540494918823242e-02
3.770000000000000000e+03,4.802814510185271502e-05,2.567768096923828125e-02,1.414641737937927246e-02
3.771000000000000000e+03,4.802571129403077066e-05,2.528429031372070312e-02,3.467115573585033417e-03
3.772000000000000000e+03,4.802334296982735395e-05,2.621412277221679688e-02,9.216383914463222027e-04
3.773000000000000000e+03,4.802145849680528045e-05,2.702474594116210938e-02,2.209006110206246376e-03
3.774000000000000000e+03,4.801963950740173459e-05,2.824068069458007812e-02,2.048085152637213469e-04
3.775000000000000000e+03,4.801747491001151502e-05,2.942085266113281250e-02,3.364711301401257515e-03
3.776000000000000000e+03,4.801362592843361199e-05,3.035068511962890625e-02,6.188143044710159302e-03
3.777000000000000000e+03,4.800959504791535437e-05,3.008842468261718750e-02,5.705380346626043320e-03
3.778000000000000000e+03,4.800558963324874640e-05,2.896785736083984375e-02,2.274837577715516090e-03
3.779000000000000000e+03,4.803760384675115347e-05,2.179145812988281250e-02,2.214126475155353546e-02
3.780000000000000000e+03,4.800425085704773664e-05,2.765655517578125000e-02,2.157804090529680252e-03
3.781000000000000000e+03,4.799810994882136583e-05,2.344846725463867188e-02,8.119195699691772461e-03
3.782000000000000000e+03,4.799412272404879332e-05,2.372264862060546875e-02,7.687634322792291641e-03
3.783000000000000000e+03,4.798997906618751585e-05,2.734661102294921875e-02,7.029321044683456421e-03
3.784000000000000000e+03,4.798834561370313168e-05,2.874135971069335938e-02,5.361594725400209427e-03
3.785000000000000000e+03,4.798441295861266553e-05,3.328323364257812500e-02,1.799389254301786423e-03
3.786000000000000000e+03,4.798126246896572411e-05,3.622770309448242188e-02,6.751366890966892242e-03
3.787000000000000000e+03,4.797712972504086792e-05,4.107952117919921875e-02,1.114012021571397781e-02
3.788000000000000000e+03,4.797404835699126124e-05,4.215240478515625000e-02,1.490713469684123993e-02
3.789000000000000000e+03,4.797193105332553387e-05,4.237890243530273438e-02,1.681624352931976318e-02
3.790000000000000000e+03,4.796900248038582504e-05,4.289150238037109375e-02,1.146927755326032639e-02
3.791000000000000000e+03,4.796552821062505245e-05,4.451274871826171875e-02,9.187125600874423981e-03
3.792000000000000000e+03,4.796143548446707428e-05,4.774332046508789062e-02,7.321904413402080536e-03
3.793000000000000000e+03,4.796062421519309282e-05,4.636049270629882812e-02,8.953058160841464996e-03
3.794000000000000000e+03,4.796032590093091130e-05,5.643367767333984375e-02,7.512084208428859711e-03
3.795000000000000000e+03,4.795615677721798420e-05,5.153417587280273438e-02,8.185026235878467560e-03
3.796000000000000000e+03,4.795503991772420704e-05,5.658864974975585938e-02,2.000540494918823242e-02
3.797000000000000000e+03,4.795085260411724448e-05,5.329847335815429688e-02,1.638468168675899506e-02
3.798000000000000000e+03,4.794886626768857241e-05,5.155801773071289062e-02,1.590923406183719635e-02
3.799000000000000000e+03,4.794574488187208772e-05,5.029439926147460938e-02,1.547767315059900284e-02
3.800000000000000000e+03,4.794391497853212059e-05,5.081892013549804688e-02,1.367096882313489914e-02
3.801000000000000000e+03,4.798686131834983826e-05,4.030466079711914062e-02,2.783201634883880615e-02
3.802000000000000000e+03,4.794299456989392638e-05,4.966259002685546875e-02,1.523629203438758850e-02
3.803000000000000000e+03,4.793942207470536232e-05,5.166530609130859375e-02,6.992748007178306580e-03
3.804000000000000000e+03,4.793630068888887763e-05,5.496740341186523438e-02,1.638468122109770775e-03
3.805000000000000000e+03,4.793246989720501006e-05,5.977153778076171875e-02,1.537526864558458328e-02
3.806000000000000000e+03,4.792902836925350130e-05,6.381273269653320312e-02,2.328965440392494202e-02
3.807000000000000000e+03,4.792533582076430321e-05,6.712675094604492188e-02,3.181846812367439270e-02
3.808000000000000000e+03,4.792085019289515913e-05,7.228851318359375000e-02,4.537240415811538696e-02
3.809000000000000000e+03,4.791802712134085596e-05,6.977319717407226562e-02,3.946221247315406799e-02
3.810000000000000000e+03,4.791349783772602677e-05,6.408691406250000000e-02,3.254261240363121033e-02
3.811000000000000000e+03,4.790896127815358341e-05,6.271600723266601562e-02,3.682896122336387634e-02
3.812000000000000000e+03,4.790574894286692142e-05,5.888938903808593750e-02,3.750190511345863342e-02
3.813000000000000000e+03,4.790148159372620285e-05,5.285739898681640625e-02,3.908185288310050964e-02
3.814000000000000000e+03,4.789833474205806851e-05,4.968643188476562500e-02,3.774328529834747314e-02
3.815000000000000000e+03,4.789156082551926374e-05,4.390478134155273438e-02,3.249140828847885132e-02
3.816000000000000000e+03,4.788638034369796515e-05,4.098415374755859375e-02,3.030434623360633850e-02
3.817000000000000000e+03,4.787912621395662427e-05,3.805160522460937500e-02,2.228024043142795563e-02
3.818000000000000000e+03,4.787348370882682502e-05,3.896951675415039062e-02,2.114647999405860901e-02
3.819000000000000000e+03,4.786688077729195356e-05,3.958940505981445312e-02,2.162192761898040771e-02
3.820000000000000000e+03,4.786119097843766212e-05,3.914833068847656250e-02,2.391139604151248932e-02
3.821000000000000000e+03,4.785741111845709383e-05,3.653764724731445312e-02,2.685917355120182037e-02
3.822000000000000000e+03,4.785302735399454832e-05,2.983808517456054688e-02,2.591559290885925293e-02
3.823000000000000000e+03,4.784864722751080990e-05,2.493858337402343750e-02,3.941100835800170898e-02
3.824000000000000000e+03,4.785042256116867065e-05,1.407861709594726562e-02,2.437952905893325806e-02
3.825000000000000000e+03,4.784538759849965572e-05,2.011060714721679688e-02,3.273278847336769104e-02
3.826000000000000000e+03,4.783961048815399408e-05,2.131462097167968750e-02,3.693136572837829590e-02
3.827000000000000000e+03,4.783023177878931165e-05,2.470016479492187500e-02,4.751557856798171997e-02
3.828000000000000000e+03,4.782025644090026617e-05,2.585649490356445312e-02,5.902142822742462158e-02
3.829000000000000000e+03,4.780887684319168329e-05,2.435445785522460938e-02,6.637258827686309814e-02
3.830000000000000000e+03,4.780056769959628582e-05,1.958608627319335938e-02,6.545826792716979980e-02
3.831000000000000000e+03,4.779377559316344559e-05,1.387596130371093750e-02,5.883125215768814087e-02
3.832000000000000000e+03,4.778853690368123353e-05,1.021623611450195312e-02,5.047798529267311096e-02
3.833000000000000000e+03,4.778422226081602275e-05,9.059906005859375000e-03,4.714253172278404236e-02
3.834000000000000000e+03,4.778133734362199903e-05,9.775161743164062500e-03,4.962218180298805237e-02
3.835000000000000000e+03,4.777827416546642780e-05,1.077651977539062500e-02,5.592004209756851196e-02
3.836000000000000000e+03,4.778497168445028365e-05,8.201599121093750000e-03,7.638626545667648315e-02
3.837000000000000000e+03,4.777673530043102801e-05,1.002550125122070312e-02,6.193263828754425049e-02
3.838000000000000000e+03,4.782278119819238782e-05,1.329183578491210938e-02,7.886590808629989624e-02
3.839000000000000000e+03,4.777574940817430615e-05,1.037120819091796875e-02,6.373933702707290649e-02
3.840000000000000000e+03,4.779297887580469251e-05,8.165836334228515625e-03,9.017426520586013794e-02
3.841000000000000000e+03,4.777481808559969068e-05,9.977817535400390625e-03,6.846456229686737061e-02
3.842000000000000000e+03,4.777257345267571509e-05,1.033544540405273438e-02,7.347505539655685425e-02
3.843000000000000000e+03,4.776641435455530882e-05,1.165866851806640625e-02,7.595470547676086426e-02
3.844000000000000000e+03,4.776099740411154926e-05,1.178979873657226562e-02,7.519398629665374756e-02
3.845000000000000000e+03,4.775168054038658738e-05,2.086162567138671875e-02,6.793791800737380981e-02
3.846000000000000000e+03,4.774920671479776502e-05,1.702308654785156250e-02,6.330777704715728760e-02
3.847000000000000000e+03,4.774011904373764992e-05,1.957416534423828125e-02,6.136209517717361450e-02
3.848000000000000000e+03,4.773622276843525469e-05,1.962184906005859375e-02,5.810710042715072632e-02
3.849000000000000000e+03,4.773219552589580417e-05,1.838207244873046875e-02,5.429620668292045593e-02
3.850000000000000000e+03,4.772790271090343595e-05,1.512765884399414062e-02,4.966606572270393372e-02
3.851000000000000000e+03,4.772162355948239565e-05,1.078844070434570312e-02,4.265137389302253723e-02
3.852000000000000000e+03,4.771688327309675515e-05,6.496906280517578125e-03,3.721663355827331543e-02
3.853000000000000000e+03,4.771245585288852453e-05,5.352497100830078125e-03,3.459069877862930298e-02
3.854000000000000000e+03,4.770864325109869242e-05,6.890296936035156250e-03,3.434931486845016479e-02
3.855000000000000000e+03,4.770362284034490585e-05,1.373291015625000000e-02,3.930860757827758789e-02
3.856000000000000000e+03,4.769337829202413559e-05,1.832246780395507812e-02,4.456048086285591125e-02
3.857000000000000000e+03,4.768595681525766850e-05,2.150535583496093750e-02,4.355838522315025330e-02
3.858000000000000000e+03,4.768166763824410737e-05,2.510547637939453125e-02,4.003275185823440552e-02
3.859000000000000000e+03,4.767988866660743952e-05,2.561807632446289062e-02,3.682896122336387634e-02
3.860000000000000000e+03,4.767804784933105111e-05,2.572536468505859375e-02,3.445171937346458435e-02
3.861000000000000000e+03,4.852578422287479043e-05,2.186298370361328125e-02,7.136845588684082031e-02
3.862000000000000000e+03,4.767805148730985820e-05,2.548694610595703125e-02,3.668998554348945618e-02
3.863000000000000000e+03,4.767764403368346393e-05,2.560615539550781250e-02,3.559279441833496094e-02
3.864000000000000000e+03,4.767411155626177788e-05,2.623796463012695312e-02,3.034823387861251831e-02
3.865000000000000000e+03,4.767163773067295551e-05,2.672672271728515625e-02,2.933881990611553192e-02
3.866000000000000000e+03,4.766724669025279582e-05,2.819299697875976562e-02,2.876828424632549286e-02
3.867000000000000000e+03,4.766256461152806878e-05,2.863407135009765625e-02,2.895846217870712280e-02
3.868000000000000000e+03,4.765636913361959159e-05,2.994537353515625000e-02,2.662510611116886139e-02
3.869000000000000000e+03,4.764874393003992736e-05,2.996921539306640625e-02,2.295318432152271271e-02
3.870000000000000000e+03,4.764816912938840687e-05,3.192424774169921875e-02,2.376510389149188995e-02
3.871000000000000000e+03,4.764157347381114960e-05,3.097057342529296875e-02,2.338474430143833160e-02
3.872000000000000000e+03,4.763086326420307159e-05,3.219842910766601562e-02,1.928126066923141479e-02
3.873000000000000000e+03,4.762360913446173072e-05,3.117322921752929688e-02,2.100018784403800964e-02
3.874000000000000000e+03,4.761820673593319952e-05,3.610849380493164062e-02,2.119036763906478882e-02
3.875000000000000000e+03,4.761166201205924153e-05,3.541707992553710938e-02,2.758331783115863800e-02
3.876000000000000000e+03,4.760217052535153925e-05,3.539323806762695312e-02,3.655100613832473755e-02
3.877000000000000000e+03,4.759251169161871076e-05,3.476142883300781250e-02,4.156149923801422119e-02
3.878000000000000000e+03,4.758721843245439231e-05,3.056526184082031250e-02,4.322922974824905396e-02
3.879000000000000000e+03,4.758316208608448505e-05,2.988576889038085938e-02,3.755310550332069397e-02
3.880000000000000000e+03,4.757846909342333674e-05,2.851486206054687500e-02,2.824894711375236511e-02
3.881000000000000000e+03,4.757259011967107654e-05,2.703666687011718750e-02,2.100018784403800964e-02
3.882000000000000000e+03,4.756705675390549004e-05,2.517700195312500000e-02,3.181846812367439270e-02
3.883000000000000000e+03,4.756563066621311009e-05,2.861022949218750000e-02,3.039212338626384735e-02
3.884000000000000000e+03,4.755522240884602070e-05,2.801418304443359375e-02,3.960119187831878662e-02
3.885000000000000000e+03,4.755070040118880570e-05,2.847909927368164062e-02,4.331700503826141357e-02
3.886000000000000000e+03,4.754112524096854031e-05,2.919435501098632812e-02,5.286254361271858215e-02
3.887000000000000000e+03,4.753506073029711843e-05,3.074407577514648438e-02,5.286254361271858215e-02
3.888000000000000000e+03,4.752997119794599712e-05,3.201961517333984375e-02,5.038289725780487061e-02
3.889000000000000000e+03,4.752591485157608986e-05,3.266334533691406250e-02,4.799833893775939941e-02
3.890000000000000000e+03,4.751956657855771482e-05,3.440380096435546875e-02,5.172146484255790710e-02
3.891000000000000000e+03,4.751506276079453528e-05,3.510713577270507812e-02,5.772674456238746643e-02
3.892000000000000000e+03,4.751064989250153303e-05,3.608465194702148438e-02,6.741126626729965210e-02
3.893000000000000000e+03,4.750697917188517749e-05,3.767013549804687500e-02,7.486483454704284668e-02
3.894000000000000000e+03,4.750395964947529137e-05,3.839731216430664062e-02,7.572063803672790527e-02
3.895000000000000000e+03,4.750166408484801650e-05,4.091262817382812500e-02,7.095152139663696289e-02
3.896000000000000000e+03,4.750755397253669798e-05,3.908872604370117188e-02,5.867763981223106384e-02
3.897000000000000000e+03,4.749999061459675431e-05,4.032850265502929688e-02,6.703090667724609375e-02
3.898000000000000000e+03,4.749678919324651361e-05,4.169940948486328125e-02,5.458147078752517700e-02
3.899000000000000000e+03,4.749406798509880900e-05,4.099607467651367188e-02,4.513833671808242798e-02
3.900000000000000000e+03,4.749138679471798241e-05,3.905296325683593750e-02,3.916962817311286926e-02
3.901000000000000000e+03,4.748968058265745640e-05,3.678798675537109375e-02,3.954999148845672607e-02
3.902000000000000000e+03,4.748809442389756441e-05,3.340244293212890625e-02,4.875905811786651611e-02
3.903000000000000000e+03,4.750976586365140975e-05,2.118349075317382812e-02,3.988645970821380615e-02
3.904000000000000000e+03,4.748671199195086956e-05,3.091096878051757812e-02,4.695235565304756165e-02
3.905000000000000000e+03,4.748558421852067113e-05,3.223419189453125000e-02,4.728151112794876099e-02
3.906000000000000000e+03,4.748393257614225149e-05,3.337860107421875000e-02,4.851767793297767639e-02
3.907000000000000000e+03,4.748256833408959210e-05,3.299713134765625000e-02,4.943200200796127319e-02
3.908000000000000000e+03,4.747966886498034000e-05,3.120899200439453125e-02,5.295763164758682251e-02
3.909000000000000000e+03,4.747838829644024372e-05,3.052949905395507812e-02,5.654178187251091003e-02
3.910000000000000000e+03,4.747662751469761133e-05,3.023147583007812500e-02,5.720740929245948792e-02
3.911000000000000000e+03,4.747434650198556483e-05,3.136396408081054688e-02,6.120849400758743286e-02
3.912000000000000000e+03,4.747551065520383418e-05,2.667903900146484375e-02,4.132011905312538147e-02
3.913000000000000000e+03,4.747355706058442593e-05,2.940893173217773438e-02,5.290643125772476196e-02
3.914000000000000000e+03,4.747090861201286316e-05,3.231763839721679688e-02,5.677585303783416748e-02
3.915000000000000000e+03,4.746877311845310032e-05,3.491640090942382812e-02,6.016249954700469971e-02
3.916000000000000000e+03,4.746565173263661563e-05,3.886222839355468750e-02,6.373933702707290649e-02
3.917000000000000000e+03,4.746341437567025423e-05,3.747940063476562500e-02,6.732348352670669556e-02
3.918000000000000000e+03,4.746165723190642893e-05,3.696680068969726562e-02,6.760875880718231201e-02
3.919000000000000000e+03,4.745967817143537104e-05,3.497600555419921875e-02,6.846456229686737061e-02
3.920000000000000000e+03,4.745849582832306623e-05,3.343820571899414062e-02,6.831827014684677124e-02
3.921000000000000000e+03,4.745610931422561407e-05,3.215074539184570312e-02,6.866206228733062744e-02
3.922000000000000000e+03,4.745958358398638666e-05,2.149343490600585938e-02,4.900043830275535583e-02
3.923000000000000000e+03,4.745577098219655454e-05,2.889633178710937500e-02,6.264214962720870972e-02
3.924000000000000000e+03,4.745391925098374486e-05,2.943277359008789062e-02,6.288352608680725098e-02
3.925000000000000000e+03,4.745303886011242867e-05,3.054141998291015625e-02,6.096711009740829468e-02
3.926000000000000000e+03,4.745243131765164435e-05,3.156661987304687500e-02,6.001621484756469727e-02
3.927000000000000000e+03,4.745145270135253668e-05,3.255605697631835938e-02,5.806322023272514343e-02
3.928000000000000000e+03,4.745118712889961898e-05,3.337860107421875000e-02,5.739758908748626709e-02
3.929000000000000000e+03,4.744870602735318244e-05,3.296136856079101562e-02,5.534218996763229370e-02
3.930000000000000000e+03,4.744624675367958844e-05,3.533363342285156250e-02,5.887513235211372375e-02
3.931000000000000000e+03,4.745304977404884994e-05,3.309249877929687500e-02,6.155227124691009521e-02
3.932000000000000000e+03,4.744630496134050190e-05,3.490447998046875000e-02,5.940178409218788147e-02
3.933000000000000000e+03,4.744630496134050190e-05,3.521442413330078125e-02,5.902142822742462158e-02
3.934000000000000000e+03,4.744648686028085649e-05,3.530979156494140625e-02,5.891902372241020203e-02
3.935000000000000000e+03,4.744657780975103378e-05,3.533363342285156250e-02,5.887513235211372375e-02
3.936000000000000000e+03,4.744627949548885226e-05,3.533363342285156250e-02,5.887513235211372375e-02
3.937000000000000000e+03,4.744624675367958844e-05,3.533363342285156250e-02,5.887513235211372375e-02
