Iter,Loss,l1,l2
0.000000000000000000e+00,4.821040440635107188e+03,9.999900054931640625e+01,1.000999908447265625e+02
2.000000000000000000e+00,4.818837658095138977e+03,9.999900054931640625e+01,1.000999908447265625e+02
3.000000000000000000e+00,4.663524779601043520e+03,9.999900054931640625e+01,1.000999908447265625e+02
