Iter,Loss,L2
0.000000000000000000e+00,2.451161891222000122e-01,8.641563653945922852e-01
1.000000000000000000e+00,2.158556282520294189e-01,8.191264867782592773e-01
2.000000000000000000e+00,2.124939560890197754e-01,8.018728494644165039e-01
3.000000000000000000e+00,2.126056104898452759e-01,8.001157641410827637e-01
4.000000000000000000e+00,2.125719338655471802e-01,8.039849996566772461e-01
5.000000000000000000e+00,2.127624005079269409e-01,8.074966669082641602e-01
6.000000000000000000e+00,2.106873542070388794e-01,8.091153502464294434e-01
7.000000000000000000e+00,2.063701152801513672e-01,8.092816472053527832e-01
8.000000000000000000e+00,2.017973959445953369e-01,8.089008927345275879e-01
9.000000000000000000e+00,1.985398232936859131e-01,8.086990118026733398e-01
1.000000000000000000e+01,1.968888044357299805e-01,8.089048862457275391e-01
1.100000000000000000e+01,1.961442381143569946e-01,8.092017173767089844e-01
1.200000000000000000e+01,1.954055577516555786e-01,8.089065551757812500e-01
1.300000000000000000e+01,1.941438913345336914e-01,8.072197437286376953e-01
1.400000000000000000e+01,1.922401040792465210e-01,8.034585118293762207e-01
1.500000000000000000e+01,1.897757202386856079e-01,7.972691655158996582e-01
1.600000000000000000e+01,1.869006007909774780e-01,7.887601852416992188e-01
1.700000000000000000e+01,1.838154345750808716e-01,7.784969210624694824e-01
1.800000000000000000e+01,1.807613372802734375e-01,7.673665881156921387e-01
1.900000000000000000e+01,1.779469102621078491e-01,7.563667893409729004e-01
2.000000000000000000e+01,1.754394024610519409e-01,7.463733553886413574e-01
2.100000000000000000e+01,1.731073111295700073e-01,7.379561066627502441e-01
2.200000000000000000e+01,1.706935316324234009e-01,7.313107848167419434e-01
2.300000000000000000e+01,1.679924726486206055e-01,7.262957096099853516e-01
2.400000000000000000e+01,1.649906039237976074e-01,7.224798798561096191e-01
2.500000000000000000e+01,1.618574559688568115e-01,7.191504240036010742e-01
2.600000000000000000e+01,1.588117778301239014e-01,7.153530120849609375e-01
2.700000000000000000e+01,1.559782773256301880e-01,7.100869417190551758e-01
2.800000000000000000e+01,1.533448696136474609e-01,7.026622295379638672e-01
2.900000000000000000e+01,1.508450657129287720e-01,6.930271387100219727e-01
3.000000000000000000e+01,1.484735310077667236e-01,6.818532943725585938e-01
3.100000000000000000e+01,1.463119834661483765e-01,6.703495383262634277e-01
3.200000000000000000e+01,1.444449275732040405e-01,6.599060893058776855e-01
3.300000000000000000e+01,1.428623050451278687e-01,6.517013907432556152e-01
3.400000000000000000e+01,1.414656341075897217e-01,6.463921666145324707e-01
3.500000000000000000e+01,1.401826292276382446e-01,6.439422965049743652e-01
3.600000000000000000e+01,1.390513926744461060e-01,6.435798406600952148e-01
3.700000000000000000e+01,1.381647288799285889e-01,6.439590454101562500e-01
3.800000000000000000e+01,1.375451385974884033e-01,6.436631083488464355e-01
3.900000000000000000e+01,1.371109485626220703e-01,6.418891549110412598e-01
4.000000000000000000e+01,1.367696821689605713e-01,6.388306021690368652e-01
4.100000000000000000e+01,1.364901512861251831e-01,6.354891061782836914e-01
4.200000000000000000e+01,1.362487375736236572e-01,6.330832242965698242e-01
4.300000000000000000e+01,1.359602957963943481e-01,6.324003934860229492e-01
4.400000000000000000e+01,1.355349421501159668e-01,6.334050297737121582e-01
4.500000000000000000e+01,1.349782347679138184e-01,6.352340579032897949e-01
4.600000000000000000e+01,1.343574821949005127e-01,6.366049051284790039e-01
4.700000000000000000e+01,1.336851269006729126e-01,6.365571618080139160e-01
4.800000000000000000e+01,1.329122781753540039e-01,6.350917816162109375e-01
4.900000000000000000e+01,1.320295929908752441e-01,6.331789493560791016e-01
5.000000000000000000e+01,1.310929507017135620e-01,6.321191787719726562e-01
5.100000000000000000e+01,1.301442235708236694e-01,6.327182650566101074e-01
5.200000000000000000e+01,1.291820257902145386e-01,6.347959637641906738e-01
5.300000000000000000e+01,1.282216012477874756e-01,6.372811198234558105e-01
5.400000000000000000e+01,1.273057162761688232e-01,6.388176679611206055e-01
5.500000000000000000e+01,1.264430284500122070e-01,6.385883092880249023e-01
5.600000000000000000e+01,1.256042420864105225e-01,6.368403434753417969e-01
5.700000000000000000e+01,1.247787848114967346e-01,6.346945166587829590e-01
5.800000000000000000e+01,1.239741593599319458e-01,6.333471536636352539e-01
5.900000000000000000e+01,1.231779158115386963e-01,6.332211494445800781e-01
6.000000000000000000e+01,1.223791986703872681e-01,6.336441636085510254e-01
6.100000000000000000e+01,1.215889826416969299e-01,6.333027482032775879e-01
6.200000000000000000e+01,1.207965090870857239e-01,6.312466859817504883e-01
6.300000000000000000e+01,1.199725568294525146e-01,6.277085542678833008e-01
6.400000000000000000e+01,1.191321834921836853e-01,6.239714622497558594e-01
6.500000000000000000e+01,1.183086931705474854e-01,6.213033199310302734e-01
6.600000000000000000e+01,1.174907162785530090e-01,6.198435425758361816e-01
6.700000000000000000e+01,1.166658997535705566e-01,6.184728145599365234e-01
6.800000000000000000e+01,1.158493012189865112e-01,6.159617900848388672e-01
6.900000000000000000e+01,1.150430068373680115e-01,6.124089360237121582e-01
7.000000000000000000e+01,1.142535880208015442e-01,6.093083024024963379e-01
7.100000000000000000e+01,1.134842783212661743e-01,6.079325079917907715e-01
7.200000000000000000e+01,1.127174198627471924e-01,6.077982187271118164e-01
7.300000000000000000e+01,1.119695305824279785e-01,6.072006821632385254e-01
7.400000000000000000e+01,1.112508699297904968e-01,6.054714322090148926e-01
7.500000000000000000e+01,1.105495840311050415e-01,6.039569377899169922e-01
7.600000000000000000e+01,1.098714321851730347e-01,6.040228009223937988e-01
7.700000000000000000e+01,1.092131882905960083e-01,6.048074364662170410e-01
7.800000000000000000e+01,1.085842698812484741e-01,6.043212413787841797e-01
7.900000000000000000e+01,1.079632863402366638e-01,6.025953292846679688e-01
8.000000000000000000e+01,1.073514372110366821e-01,6.015213131904602051e-01
8.100000000000000000e+01,1.067557781934738159e-01,6.013196110725402832e-01
8.200000000000000000e+01,1.061593070626258850e-01,6.000534296035766602e-01
8.300000000000000000e+01,1.055713295936584473e-01,5.974472761154174805e-01
8.400000000000000000e+01,1.049967333674430847e-01,5.955688357353210449e-01
8.500000000000000000e+01,1.044351160526275635e-01,5.945909619331359863e-01
8.600000000000000000e+01,1.038921475410461426e-01,5.926390290260314941e-01
8.700000000000000000e+01,1.033719703555107117e-01,5.903395414352416992e-01
8.800000000000000000e+01,1.028697043657302856e-01,5.895726084709167480e-01
8.900000000000000000e+01,1.023838967084884644e-01,5.890145897865295410e-01
9.000000000000000000e+01,1.019148305058479309e-01,5.874617695808410645e-01
9.100000000000000000e+01,1.014500856399536133e-01,5.868771076202392578e-01
9.200000000000000000e+01,1.009963750839233398e-01,5.871222019195556641e-01
9.300000000000000000e+01,1.005455926060676575e-01,5.862499475479125977e-01
9.400000000000000000e+01,1.001002565026283264e-01,5.857891440391540527e-01
9.500000000000000000e+01,9.966231882572174072e-02,5.860496163368225098e-01
9.600000000000000000e+01,9.923144429922103882e-02,5.849562287330627441e-01
9.700000000000000000e+01,9.880997240543365479e-02,5.843339562416076660e-01
9.800000000000000000e+01,9.839701652526855469e-02,5.841604471206665039e-01
9.900000000000000000e+01,9.799674898386001587e-02,5.824127197265625000e-01
1.000000000000000000e+02,9.760360419750213623e-02,5.816912651062011719e-01
1.010000000000000000e+02,9.722166508436203003e-02,5.806432962417602539e-01
1.020000000000000000e+02,9.684824943542480469e-02,5.789268612861633301e-01
1.030000000000000000e+02,9.648483246564865112e-02,5.784308314323425293e-01
1.040000000000000000e+02,9.612833708524703979e-02,5.765998959541320801e-01
1.050000000000000000e+02,9.578090906143188477e-02,5.763692855834960938e-01
1.060000000000000000e+02,9.544050693511962891e-02,5.748416185379028320e-01
1.070000000000000000e+02,9.510850906372070312e-02,5.749875307083129883e-01
1.080000000000000000e+02,9.478445351123809814e-02,5.732561349868774414e-01
1.090000000000000000e+02,9.446860104799270630e-02,5.744965076446533203e-01
1.100000000000000000e+02,9.416230022907257080e-02,5.713472962379455566e-01
1.110000000000000000e+02,9.386625885963439941e-02,5.753148794174194336e-01
1.120000000000000000e+02,9.359662979841232300e-02,5.672751665115356445e-01
1.130000000000000000e+02,9.339296817779541016e-02,5.805975794792175293e-01
1.140000000000000000e+02,9.340058267116546631e-02,5.587581992149353027e-01
1.150000000000000000e+02,9.369677305221557617e-02,5.889286398887634277e-01
1.160000000000000000e+02,9.393905103206634521e-02,5.600008368492126465e-01
1.170000000000000000e+02,9.279027581214904785e-02,5.691071748733520508e-01
1.180000000000000000e+02,9.210592508316040039e-02,5.798259973526000977e-01
1.190000000000000000e+02,9.236441552639007568e-02,5.601927042007446289e-01
1.200000000000000000e+02,9.187190234661102295e-02,5.703843235969543457e-01
1.210000000000000000e+02,9.147080034017562866e-02,5.732674002647399902e-01
1.220000000000000000e+02,9.154020994901657104e-02,5.633431077003479004e-01
1.230000000000000000e+02,9.090052545070648193e-02,5.667018294334411621e-01
1.240000000000000000e+02,9.070251882076263428e-02,5.697909593582153320e-01
1.250000000000000000e+02,9.080839157104492188e-02,5.668982863426208496e-01
1.260000000000000000e+02,9.017482399940490723e-02,5.615609884262084961e-01
1.270000000000000000e+02,9.002950787544250488e-02,5.691661238670349121e-01
1.280000000000000000e+02,8.989436179399490356e-02,5.684097409248352051e-01
1.290000000000000000e+02,8.947683870792388916e-02,5.583031773567199707e-01
1.300000000000000000e+02,8.945181965827941895e-02,5.698670744895935059e-01
1.310000000000000000e+02,8.907315135002136230e-02,5.668752193450927734e-01
1.320000000000000000e+02,8.875163644552230835e-02,5.588346123695373535e-01
1.330000000000000000e+02,8.869389444589614868e-02,5.684116482734680176e-01
1.340000000000000000e+02,8.833412826061248779e-02,5.645020008087158203e-01
1.350000000000000000e+02,8.815090358257293701e-02,5.619858503341674805e-01
1.360000000000000000e+02,8.791575580835342407e-02,5.629467964172363281e-01
1.370000000000000000e+02,8.754281699657440186e-02,5.650306344032287598e-01
1.380000000000000000e+02,8.740421384572982788e-02,5.617336630821228027e-01
1.390000000000000000e+02,8.714129775762557983e-02,5.586074590682983398e-01
1.400000000000000000e+02,8.687490224838256836e-02,5.663617849349975586e-01
1.410000000000000000e+02,8.671918511390686035e-02,5.566607117652893066e-01
1.420000000000000000e+02,8.641321212053298950e-02,5.605852603912353516e-01
1.430000000000000000e+02,8.616665750741958618e-02,5.592899322509765625e-01
1.440000000000000000e+02,8.595702052116394043e-02,5.591946840286254883e-01
1.450000000000000000e+02,8.565244823694229126e-02,5.545327663421630859e-01
1.460000000000000000e+02,8.543282747268676758e-02,5.599392056465148926e-01
1.470000000000000000e+02,8.521267026662826538e-02,5.541419982910156250e-01
1.480000000000000000e+02,8.493814617395401001e-02,5.555666685104370117e-01
1.490000000000000000e+02,8.473705500364303589e-02,5.536318421363830566e-01
1.500000000000000000e+02,8.453205972909927368e-02,5.569238662719726562e-01
1.510000000000000000e+02,8.431673049926757812e-02,5.468086600303649902e-01
1.520000000000000000e+02,8.422638475894927979e-02,5.620634555816650391e-01
1.530000000000000000e+02,8.430242538452148438e-02,5.406563878059387207e-01
1.540000000000000000e+02,8.464010059833526611e-02,5.675150156021118164e-01
1.550000000000000000e+02,8.519729971885681152e-02,5.379132032394409180e-01
1.560000000000000000e+02,8.483749628067016602e-02,5.589602589607238770e-01
1.570000000000000000e+02,8.340272307395935059e-02,5.511010289192199707e-01
1.580000000000000000e+02,8.294099569320678711e-02,5.386022925376892090e-01
1.590000000000000000e+02,8.356270194053649902e-02,5.624860525131225586e-01
1.600000000000000000e+02,8.342835307121276855e-02,5.414720177650451660e-01
1.610000000000000000e+02,8.241939544677734375e-02,5.405091047286987305e-01
1.620000000000000000e+02,8.234828710556030273e-02,5.590527057647705078e-01
1.630000000000000000e+02,8.274548500776290894e-02,5.365960597991943359e-01
1.640000000000000000e+02,8.209596574306488037e-02,5.421738028526306152e-01
1.650000000000000000e+02,8.160374313592910767e-02,5.535804629325866699e-01
1.660000000000000000e+02,8.190523087978363037e-02,5.343000888824462891e-01
1.670000000000000000e+02,8.167209476232528687e-02,5.435017943382263184e-01
1.680000000000000000e+02,8.113647997379302979e-02,5.479907989501953125e-01
1.690000000000000000e+02,8.116610348224639893e-02,5.332151055335998535e-01
1.700000000000000000e+02,8.117178827524185181e-02,5.440188050270080566e-01
1.710000000000000000e+02,8.078861981630325317e-02,5.424498319625854492e-01
1.720000000000000000e+02,8.058341592550277710e-02,5.329047441482543945e-01
1.730000000000000000e+02,8.062827587127685547e-02,5.436454415321350098e-01
1.740000000000000000e+02,8.046054840087890625e-02,5.372678041458129883e-01
1.750000000000000000e+02,8.015796542167663574e-02,5.335234999656677246e-01
1.760000000000000000e+02,8.008664101362228394e-02,5.419594049453735352e-01
1.770000000000000000e+02,8.007016032934188843e-02,5.332125425338745117e-01
1.780000000000000000e+02,7.984092831611633301e-02,5.350391268730163574e-01
1.790000000000000000e+02,7.963041961193084717e-02,5.385755896568298340e-01
1.800000000000000000e+02,7.960369437932968140e-02,5.306152701377868652e-01
1.810000000000000000e+02,7.951861619949340820e-02,5.363582968711853027e-01
1.820000000000000000e+02,7.930169999599456787e-02,5.338924527168273926e-01
1.830000000000000000e+02,7.916086912155151367e-02,5.298326015472412109e-01
1.840000000000000000e+02,7.911249995231628418e-02,5.360256433486938477e-01
1.850000000000000000e+02,7.900612801313400269e-02,5.292491912841796875e-01
1.860000000000000000e+02,7.883406430482864380e-02,5.308915972709655762e-01
1.870000000000000000e+02,7.870066165924072266e-02,5.332127213478088379e-01
1.880000000000000000e+02,7.862611860036849976e-02,5.266659855842590332e-01
1.890000000000000000e+02,7.853681594133377075e-02,5.322391986846923828e-01
1.900000000000000000e+02,7.839603722095489502e-02,5.287368297576904297e-01
1.910000000000000000e+02,7.825510948896408081e-02,5.268940329551696777e-01
1.920000000000000000e+02,7.816386222839355469e-02,5.312304496765136719e-01
1.930000000000000000e+02,7.808590680360794067e-02,5.250918269157409668e-01
1.940000000000000000e+02,7.797069847583770752e-02,5.283707976341247559e-01
1.950000000000000000e+02,7.783764600753784180e-02,5.272496938705444336e-01
1.960000000000000000e+02,7.772669941186904907e-02,5.243117213249206543e-01
1.970000000000000000e+02,7.763858139514923096e-02,5.279612541198730469e-01
1.980000000000000000e+02,7.754722982645034790e-02,5.233866572380065918e-01
1.990000000000000000e+02,7.743949443101882935e-02,5.255073904991149902e-01
2.000000000000000000e+02,7.732398062944412231e-02,5.244562029838562012e-01
2.010000000000000000e+02,7.721529901027679443e-02,5.227481126785278320e-01
2.020000000000000000e+02,7.711926847696304321e-02,5.247393846511840820e-01
2.030000000000000000e+02,7.702989876270294189e-02,5.214275121688842773e-01
2.040000000000000000e+02,7.693626731634140015e-02,5.235620141029357910e-01
2.050000000000000000e+02,7.683294266462326050e-02,5.212094783782958984e-01
2.060000000000000000e+02,7.672632485628128052e-02,5.217019915580749512e-01
2.070000000000000000e+02,7.662452012300491333e-02,5.213111639022827148e-01
2.080000000000000000e+02,7.653054594993591309e-02,5.198522806167602539e-01
2.090000000000000000e+02,7.644116133451461792e-02,5.212329626083374023e-01
2.100000000000000000e+02,7.635156810283660889e-02,5.184382200241088867e-01
2.110000000000000000e+02,7.625994831323623657e-02,5.206369757652282715e-01
2.120000000000000000e+02,7.616594433784484863e-02,5.176237225532531738e-01
2.130000000000000000e+02,7.607094198465347290e-02,5.194493532180786133e-01
2.140000000000000000e+02,7.597590982913970947e-02,5.172982811927795410e-01
2.150000000000000000e+02,7.588203251361846924e-02,5.179588794708251953e-01
2.160000000000000000e+02,7.578995823860168457e-02,5.171223282814025879e-01
2.170000000000000000e+02,7.569991052150726318e-02,5.165148973464965820e-01
2.180000000000000000e+02,7.561168074607849121e-02,5.168482661247253418e-01
2.190000000000000000e+02,7.552482187747955322e-02,5.152915120124816895e-01
2.200000000000000000e+02,7.543919235467910767e-02,5.164655447006225586e-01
2.210000000000000000e+02,7.535481452941894531e-02,5.141689181327819824e-01
2.220000000000000000e+02,7.527255266904830933e-02,5.161647200584411621e-01
2.230000000000000000e+02,7.519394159317016602e-02,5.128456950187683105e-01
2.240000000000000000e+02,7.512320578098297119e-02,5.163831710815429688e-01
2.250000000000000000e+02,7.506883889436721802e-02,5.108003020286560059e-01
2.260000000000000000e+02,7.505498081445693970e-02,5.180902481079101562e-01
2.270000000000000000e+02,7.512887567281723022e-02,5.073192119598388672e-01
2.280000000000000000e+02,7.543086260557174683e-02,5.232442021369934082e-01
2.290000000000000000e+02,7.605923712253570557e-02,5.034646391868591309e-01
2.300000000000000000e+02,7.722945511341094971e-02,5.275471210479736328e-01
2.310000000000000000e+02,7.712599635124206543e-02,5.058180689811706543e-01
2.320000000000000000e+02,7.584346830844879150e-02,5.136252045631408691e-01
2.330000000000000000e+02,7.443358004093170166e-02,5.196078419685363770e-01
2.340000000000000000e+02,7.516077160835266113e-02,5.037302374839782715e-01
2.350000000000000000e+02,7.611723989248275757e-02,5.172313451766967773e-01
2.360000000000000000e+02,7.485346496105194092e-02,5.110079646110534668e-01
2.370000000000000000e+02,7.419440150260925293e-02,5.034571290016174316e-01
2.380000000000000000e+02,7.502318173646926880e-02,5.162286162376403809e-01
2.390000000000000000e+02,7.486766576766967773e-02,5.064568519592285156e-01
2.400000000000000000e+02,7.402986288070678711e-02,5.044076442718505859e-01
2.410000000000000000e+02,7.417394220829010010e-02,5.145584940910339355e-01
2.420000000000000000e+02,7.452370226383209229e-02,5.042539834976196289e-01
2.430000000000000000e+02,7.404938340187072754e-02,5.055043697357177734e-01
2.440000000000000000e+02,7.374609261751174927e-02,5.125632882118225098e-01
2.450000000000000000e+02,7.409926503896713257e-02,5.021492242813110352e-01
2.460000000000000000e+02,7.400125265121459961e-02,5.067765116691589355e-01
2.470000000000000000e+02,7.354544103145599365e-02,5.099415779113769531e-01
2.480000000000000000e+02,7.367663085460662842e-02,5.011753439903259277e-01
2.490000000000000000e+02,7.381767779588699341e-02,5.082654356956481934e-01
2.500000000000000000e+02,7.345180213451385498e-02,5.070354342460632324e-01
2.510000000000000000e+02,7.333251833915710449e-02,5.016325712203979492e-01
2.520000000000000000e+02,7.350936532020568848e-02,5.086894035339355469e-01
2.530000000000000000e+02,7.336067408323287964e-02,5.043926835060119629e-01
2.540000000000000000e+02,7.311815023422241211e-02,5.022686719894409180e-01
2.550000000000000000e+02,7.315945625305175781e-02,5.079436898231506348e-01
2.560000000000000000e+02,7.319665700197219849e-02,5.022178888320922852e-01
2.570000000000000000e+02,7.301945984363555908e-02,5.032755136489868164e-01
2.580000000000000000e+02,7.288751751184463501e-02,5.066279768943786621e-01
2.590000000000000000e+02,7.293050736188888550e-02,5.006297826766967773e-01
2.600000000000000000e+02,7.290825992822647095e-02,5.050557255744934082e-01
2.610000000000000000e+02,7.274925708770751953e-02,5.037786960601806641e-01
2.620000000000000000e+02,7.266533374786376953e-02,5.008044242858886719e-01
2.630000000000000000e+02,7.268340885639190674e-02,5.050469040870666504e-01
2.640000000000000000e+02,7.263580709695816040e-02,5.012686848640441895e-01
2.650000000000000000e+02,7.251309603452682495e-02,5.014590024948120117e-01
2.660000000000000000e+02,7.243780046701431274e-02,5.038816332817077637e-01
2.670000000000000000e+02,7.242923974990844727e-02,4.994167089462280273e-01
2.680000000000000000e+02,7.239070534706115723e-02,5.028817057609558105e-01
2.690000000000000000e+02,7.229292392730712891e-02,5.009327530860900879e-01
2.700000000000000000e+02,7.221240550279617310e-02,4.998736381530761719e-01
2.710000000000000000e+02,7.218188792467117310e-02,5.018424391746520996e-01
2.720000000000000000e+02,7.215056568384170532e-02,4.993530213832855225e-01
2.730000000000000000e+02,7.208323478698730469e-02,4.993928670883178711e-01
2.740000000000000000e+02,7.200638204813003540e-02,5.014576911926269531e-01
2.750000000000000000e+02,7.196485996246337891e-02,4.959681928157806396e-01
2.760000000000000000e+02,7.195932418107986450e-02,5.038157701492309570e-01
2.770000000000000000e+02,7.198408991098403931e-02,4.934441149234771729e-01
2.780000000000000000e+02,7.206548005342483521e-02,5.067251324653625488e-01
2.790000000000000000e+02,7.234789431095123291e-02,4.911026656627655029e-01
2.800000000000000000e+02,7.274711132049560547e-02,5.106872320175170898e-01
2.810000000000000000e+02,7.318594306707382202e-02,4.922817051410675049e-01
2.820000000000000000e+02,7.245299220085144043e-02,5.025614500045776367e-01
2.830000000000000000e+02,7.162068039178848267e-02,5.017957091331481934e-01
2.840000000000000000e+02,7.164359092712402344e-02,4.927929639816284180e-01
2.850000000000000000e+02,7.210896164178848267e-02,5.048964023590087891e-01
2.860000000000000000e+02,7.198567688465118408e-02,4.943819344043731689e-01
2.870000000000000000e+02,7.136924564838409424e-02,4.945049881935119629e-01
2.880000000000000000e+02,7.147201150655746460e-02,5.016171932220458984e-01
2.890000000000000000e+02,7.178768515586853027e-02,4.922496378421783447e-01
2.900000000000000000e+02,7.139535248279571533e-02,4.965099692344665527e-01
2.910000000000000000e+02,7.112854719161987305e-02,4.986952543258666992e-01
2.920000000000000000e+02,7.135598361492156982e-02,4.933345913887023926e-01
2.930000000000000000e+02,7.129515707492828369e-02,4.971257150173187256e-01
2.940000000000000000e+02,7.098311185836791992e-02,4.973148405551910400e-01
2.950000000000000000e+02,7.099033892154693604e-02,4.935277402400970459e-01
2.960000000000000000e+02,7.108990848064422607e-02,4.965667128562927246e-01
2.970000000000000000e+02,7.090872526168823242e-02,4.961194097995758057e-01
2.980000000000000000e+02,7.076120376586914062e-02,4.920234680175781250e-01
2.990000000000000000e+02,7.083809375762939453e-02,4.963765144348144531e-01
3.000000000000000000e+02,7.078722119331359863e-02,4.938762784004211426e-01
3.010000000000000000e+02,7.060826569795608521e-02,4.910834133625030518e-01
3.020000000000000000e+02,7.060716301202774048e-02,4.962804317474365234e-01
3.030000000000000000e+02,7.062510401010513306e-02,4.913096725940704346e-01
3.040000000000000000e+02,7.047921419143676758e-02,4.920690655708312988e-01
3.050000000000000000e+02,7.039591670036315918e-02,4.949624240398406982e-01
3.060000000000000000e+02,7.041734457015991211e-02,4.903613328933715820e-01
3.070000000000000000e+02,7.034708559513092041e-02,4.932250380516052246e-01
3.080000000000000000e+02,7.023502886295318604e-02,4.929004311561584473e-01
3.090000000000000000e+02,7.020905613899230957e-02,4.906623363494873047e-01
3.100000000000000000e+02,7.018368691205978394e-02,4.925462901592254639e-01
3.110000000000000000e+02,7.009023427963256836e-02,4.915414452552795410e-01
3.120000000000000000e+02,7.001900672912597656e-02,4.900906085968017578e-01
3.130000000000000000e+02,6.999903172254562378e-02,4.916178584098815918e-01
3.140000000000000000e+02,6.994627416133880615e-02,4.905072748661041260e-01
3.150000000000000000e+02,6.986011564731597900e-02,4.892939925193786621e-01
3.160000000000000000e+02,6.981051713228225708e-02,4.916147291660308838e-01
3.170000000000000000e+02,6.977643072605133057e-02,4.889646172523498535e-01
3.180000000000000000e+02,6.970745325088500977e-02,4.899426400661468506e-01
3.190000000000000000e+02,6.963504850864410400e-02,4.903803169727325439e-01
3.200000000000000000e+02,6.959108263254165649e-02,4.883090555667877197e-01
3.210000000000000000e+02,6.954430043697357178e-02,4.898714125156402588e-01
3.220000000000000000e+02,6.947567313909530640e-02,4.886053204536437988e-01
3.230000000000000000e+02,6.941263377666473389e-02,4.881303310394287109e-01
3.240000000000000000e+02,6.936629116535186768e-02,4.886107742786407471e-01
3.250000000000000000e+02,6.931257992982864380e-02,4.878793060779571533e-01
3.260000000000000000e+02,6.924538314342498779e-02,4.872459471225738525e-01
3.270000000000000000e+02,6.918527930974960327e-02,4.883686602115631104e-01
3.280000000000000000e+02,6.913468241691589355e-02,4.865128397941589355e-01
3.290000000000000000e+02,6.907714158296585083e-02,4.876331984996795654e-01
3.300000000000000000e+02,6.901204586029052734e-02,4.868908822536468506e-01
3.310000000000000000e+02,6.895226985216140747e-02,4.864212274551391602e-01
3.320000000000000000e+02,6.889816373586654663e-02,4.867546260356903076e-01
3.330000000000000000e+02,6.883933395147323608e-02,4.861308038234710693e-01
3.340000000000000000e+02,6.877540051937103271e-02,4.856503605842590332e-01
3.350000000000000000e+02,6.871473789215087891e-02,4.862222075462341309e-01
3.360000000000000000e+02,6.865788251161575317e-02,4.848588705062866211e-01
3.370000000000000000e+02,6.859822571277618408e-02,4.856443703174591064e-01
3.380000000000000000e+02,6.853489577770233154e-02,4.847669005393981934e-01
3.390000000000000000e+02,6.847308576107025146e-02,4.848342835903167725e-01
3.400000000000000000e+02,6.841411441564559937e-02,4.844575226306915283e-01
3.410000000000000000e+02,6.835426390171051025e-02,4.846741557121276855e-01
3.420000000000000000e+02,6.829208880662918091e-02,4.834282100200653076e-01
3.430000000000000000e+02,6.823104619979858398e-02,4.850547015666961670e-01
3.440000000000000000e+02,6.817391514778137207e-02,4.821372330188751221e-01
3.450000000000000000e+02,6.812077015638351440e-02,4.855080246925354004e-01
3.460000000000000000e+02,6.807407736778259277e-02,4.806977808475494385e-01
3.470000000000000000e+02,6.804274767637252808e-02,4.865754842758178711e-01
3.480000000000000000e+02,6.804586946964263916e-02,4.782806038856506348e-01
3.490000000000000000e+02,6.811606884002685547e-02,4.899342954158782959e-01
3.500000000000000000e+02,6.830784678459167480e-02,4.742020368576049805e-01
3.510000000000000000e+02,6.869938969612121582e-02,4.967481493949890137e-01
3.520000000000000000e+02,6.930427253246307373e-02,4.707739055156707764e-01
3.530000000000000000e+02,6.979350000619888306e-02,4.991931617259979248e-01
3.540000000000000000e+02,6.957180052995681763e-02,4.747155606746673584e-01
3.550000000000000000e+02,6.836947798728942871e-02,4.842652976512908936e-01
3.560000000000000000e+02,6.744526326656341553e-02,4.883561134338378906e-01
3.570000000000000000e+02,6.769238412380218506e-02,4.724620580673217773e-01
3.580000000000000000e+02,6.833755224943161011e-02,4.915083944797515869e-01
3.590000000000000000e+02,6.818077713251113892e-02,4.761304557323455811e-01
3.600000000000000000e+02,6.737023591995239258e-02,4.775543510913848877e-01
3.610000000000000000e+02,6.715705990791320801e-02,4.880381822586059570e-01
3.620000000000000000e+02,6.759177893400192261e-02,4.727449715137481689e-01
3.630000000000000000e+02,6.761213392019271851e-02,4.839714765548706055e-01
3.640000000000000000e+02,6.708051264286041260e-02,4.812192916870117188e-01
3.650000000000000000e+02,6.686853617429733276e-02,4.737712144851684570e-01
3.660000000000000000e+02,6.713109463453292847e-02,4.858307242393493652e-01
3.670000000000000000e+02,6.713592261075973511e-02,4.754481017589569092e-01
3.680000000000000000e+02,6.675207614898681641e-02,4.768285155296325684e-01
3.690000000000000000e+02,6.660198420286178589e-02,4.832403957843780518e-01
3.700000000000000000e+02,6.676095724105834961e-02,4.730809926986694336e-01
3.710000000000000000e+02,6.672193109989166260e-02,4.804159402847290039e-01
3.720000000000000000e+02,6.644442677497863770e-02,4.788695275783538818e-01
3.730000000000000000e+02,6.633259356021881104e-02,4.736339449882507324e-01
3.740000000000000000e+02,6.641542911529541016e-02,4.816326797008514404e-01
3.750000000000000000e+02,6.636341661214828491e-02,4.748341441154479980e-01
3.760000000000000000e+02,6.615309417247772217e-02,4.757554531097412109e-01
3.770000000000000000e+02,6.605743616819381714e-02,4.798973500728607178e-01
3.780000000000000000e+02,6.608824431896209717e-02,4.730791151523590088e-01
3.790000000000000000e+02,6.603126227855682373e-02,4.783147275447845459e-01
3.800000000000000000e+02,6.587134301662445068e-02,4.768710136413574219e-01
3.810000000000000000e+02,6.577721238136291504e-02,4.737761318683624268e-01
3.820000000000000000e+02,6.577061861753463745e-02,4.790250360965728760e-01
3.830000000000000000e+02,6.571654975414276123e-02,4.740328490734100342e-01
3.840000000000000000e+02,6.558871269226074219e-02,4.753100275993347168e-01
3.850000000000000000e+02,6.549470126628875732e-02,4.771384000778198242e-01
3.860000000000000000e+02,6.546141207218170166e-02,4.726637899875640869e-01
3.870000000000000000e+02,6.540754437446594238e-02,4.765427112579345703e-01
3.880000000000000000e+02,6.530398130416870117e-02,4.743994474411010742e-01
3.890000000000000000e+02,6.520922482013702393e-02,4.733033180236816406e-01
3.900000000000000000e+02,6.515538692474365234e-02,4.762572348117828369e-01
3.910000000000000000e+02,6.510038673877716064e-02,4.724846184253692627e-01
3.920000000000000000e+02,6.501322984695434570e-02,4.744776487350463867e-01
3.930000000000000000e+02,6.492096185684204102e-02,4.741778373718261719e-01
3.940000000000000000e+02,6.485192477703094482e-02,4.720080494880676270e-01
3.950000000000000000e+02,6.479176878929138184e-02,4.746410846710205078e-01
3.960000000000000000e+02,6.471570581197738647e-02,4.720576703548431396e-01
3.970000000000000000e+02,6.462863087654113770e-02,4.728503525257110596e-01
3.980000000000000000e+02,6.455036997795104980e-02,4.734974503517150879e-01
3.990000000000000000e+02,6.448221206665039062e-02,4.714348316192626953e-01
4.000000000000000000e+02,6.441034376621246338e-02,4.734643101692199707e-01
4.010000000000000000e+02,6.432972848415374756e-02,4.717804193496704102e-01
4.020000000000000000e+02,6.424863636493682861e-02,4.718905091285705566e-01
4.030000000000000000e+02,6.417337059974670410e-02,4.725588560104370117e-01
4.040000000000000000e+02,6.409993022680282593e-02,4.707882404327392578e-01
4.050000000000000000e+02,6.402291357517242432e-02,4.721853435039520264e-01
4.060000000000000000e+02,6.394311785697937012e-02,4.709752798080444336e-01
4.070000000000000000e+02,6.386443972587585449e-02,4.709945321083068848e-01
4.080000000000000000e+02,6.378760933876037598e-02,4.714335203170776367e-01
4.090000000000000000e+02,6.371027976274490356e-02,4.701751172542572021e-01
4.100000000000000000e+02,6.363133341073989868e-02,4.711139202117919922e-01
4.110000000000000000e+02,6.355211883783340454e-02,4.700935482978820801e-01
4.120000000000000000e+02,6.347372382879257202e-02,4.701971411705017090e-01
4.130000000000000000e+02,6.339545547962188721e-02,4.701934754848480225e-01
4.140000000000000000e+02,6.331604719161987305e-02,4.694477617740631104e-01
4.150000000000000000e+02,6.323577463626861572e-02,4.699549973011016846e-01
4.160000000000000000e+02,6.315587460994720459e-02,4.691627621650695801e-01
4.170000000000000000e+02,6.307692825794219971e-02,4.694128334522247314e-01
4.180000000000000000e+02,6.299818307161331177e-02,4.690722227096557617e-01
4.190000000000000000e+02,6.291838735342025757e-02,4.688753783702850342e-01
4.200000000000000000e+02,6.283742934465408325e-02,4.688650369644165039e-01
4.210000000000000000e+02,6.275609880685806274e-02,4.684910178184509277e-01
4.220000000000000000e+02,6.267544627189636230e-02,4.685249328613281250e-01
4.230000000000000000e+02,6.259560585021972656e-02,4.681931734085083008e-01
4.240000000000000000e+02,6.251595169305801392e-02,4.681848287582397461e-01
4.250000000000000000e+02,6.243574991822242737e-02,4.678533673286437988e-01
4.260000000000000000e+02,6.235472857952117920e-02,4.678941667079925537e-01
4.270000000000000000e+02,6.227323412895202637e-02,4.674579501152038574e-01
4.280000000000000000e+02,6.219168379902839661e-02,4.675965607166290283e-01
4.290000000000000000e+02,6.211040169000625610e-02,4.670905470848083496e-01
4.300000000000000000e+02,6.202932447195053101e-02,4.672318696975708008e-01
4.310000000000000000e+02,6.194825470447540283e-02,4.668345153331756592e-01
4.320000000000000000e+02,6.186702847480773926e-02,4.667983353137969971e-01
4.330000000000000000e+02,6.178562343120574951e-02,4.666821956634521484e-01
4.340000000000000000e+02,6.170412898063659668e-02,4.663279056549072266e-01
4.350000000000000000e+02,6.162264570593833923e-02,4.665691554546356201e-01
4.360000000000000000e+02,6.154122576117515564e-02,4.658566713333129883e-01
4.370000000000000000e+02,6.145987659692764282e-02,4.664519131183624268e-01
4.380000000000000000e+02,6.137864291667938232e-02,4.654013514518737793e-01
4.390000000000000000e+02,6.129755824804306030e-02,4.663695991039276123e-01
4.400000000000000000e+02,6.121686100959777832e-02,4.649314284324645996e-01
4.410000000000000000e+02,6.113694608211517334e-02,4.664339721202850342e-01
4.420000000000000000e+02,6.105891242623329163e-02,4.643203020095825195e-01
4.430000000000000000e+02,6.098443269729614258e-02,4.668687880039215088e-01
4.440000000000000000e+02,6.091834232211112976e-02,4.633059203624725342e-01
4.450000000000000000e+02,6.086768582463264465e-02,4.681804180145263672e-01
4.460000000000000000e+02,6.085570529103279114e-02,4.614715874195098877e-01
4.470000000000000000e+02,6.090731173753738403e-02,4.715375304222106934e-01
4.480000000000000000e+02,6.112513691186904907e-02,4.587504267692565918e-01
4.490000000000000000e+02,6.147040426731109619e-02,4.778732061386108398e-01
4.500000000000000000e+02,6.211858987808227539e-02,4.580128788948059082e-01
4.510000000000000000e+02,6.197574734687805176e-02,4.787537455558776855e-01
4.520000000000000000e+02,6.138540431857109070e-02,4.640256762504577637e-01
4.530000000000000000e+02,6.041201949119567871e-02,4.682064056396484375e-01
4.540000000000000000e+02,6.046183407306671143e-02,4.717358052730560303e-01
4.550000000000000000e+02,6.103074550628662109e-02,4.621464312076568604e-01
4.560000000000000000e+02,6.074185669422149658e-02,4.686992466449737549e-01
4.570000000000000000e+02,6.005364656448364258e-02,4.649457335472106934e-01
4.580000000000000000e+02,5.979075282812118530e-02,4.639249742031097412e-01
4.590000000000000000e+02,6.013516336679458618e-02,4.689184427261352539e-01
4.600000000000000000e+02,6.031893193721771240e-02,4.659217596054077148e-01
4.610000000000000000e+02,5.980671197175979614e-02,4.653514325618743896e-01
4.620000000000000000e+02,5.945105478167533875e-02,4.712691903114318848e-01
4.630000000000000000e+02,5.960633233189582825e-02,4.633299708366394043e-01
4.640000000000000000e+02,5.963142216205596924e-02,4.687484502792358398e-01
4.650000000000000000e+02,5.931019037961959839e-02,4.667239487171173096e-01
4.660000000000000000e+02,5.907603353261947632e-02,4.625084698200225830e-01
4.670000000000000000e+02,5.917359143495559692e-02,4.695711731910705566e-01
4.680000000000000000e+02,5.922430753707885742e-02,4.619457125663757324e-01
4.690000000000000000e+02,5.896662920713424683e-02,4.673001468181610107e-01
4.700000000000000000e+02,5.875574797391891479e-02,4.656942188739776611e-01
4.710000000000000000e+02,5.876152217388153076e-02,4.656870365142822266e-01
4.720000000000000000e+02,5.875523388385772705e-02,4.664408266544342041e-01
4.730000000000000000e+02,5.858247727155685425e-02,4.672873914241790771e-01
4.740000000000000000e+02,5.837953835725784302e-02,4.640453457832336426e-01
4.750000000000000000e+02,5.832297727465629578e-02,4.687252044677734375e-01
4.760000000000000000e+02,5.830772221088409424e-02,4.636247754096984863e-01
4.770000000000000000e+02,5.817395821213722229e-02,4.669121801853179932e-01
4.780000000000000000e+02,5.799733102321624756e-02,4.655298888683319092e-01
4.790000000000000000e+02,5.789167433977127075e-02,4.647128582000732422e-01
4.800000000000000000e+02,5.784765258431434631e-02,4.665945172309875488e-01
4.810000000000000000e+02,5.777144432067871094e-02,4.644789397716522217e-01
4.820000000000000000e+02,5.762697011232376099e-02,4.654528498649597168e-01
4.830000000000000000e+02,5.748620629310607910e-02,4.652025997638702393e-01
4.840000000000000000e+02,5.739640444517135620e-02,4.638424515724182129e-01
4.850000000000000000e+02,5.732871964573860168e-02,4.646407067775726318e-01
4.860000000000000000e+02,5.723410844802856445e-02,4.631588757038116455e-01
4.870000000000000000e+02,5.710243433713912964e-02,4.625798165798187256e-01
4.880000000000000000e+02,5.697161331772804260e-02,4.632450640201568604e-01
4.890000000000000000e+02,5.686688795685768127e-02,4.603236019611358643e-01
4.900000000000000000e+02,5.678360909223556519e-02,4.636028110980987549e-01
4.910000000000000000e+02,5.670460686087608337e-02,4.583753347396850586e-01
4.920000000000000000e+02,5.661910027265548706e-02,4.644663035869598389e-01
4.930000000000000000e+02,5.655592307448387146e-02,4.558109939098358154e-01
4.940000000000000000e+02,5.655559524893760681e-02,4.672439098358154297e-01
4.950000000000000000e+02,5.672038346529006958e-02,4.512889981269836426e-01
4.960000000000000000e+02,5.717836320400238037e-02,4.748478829860687256e-01
4.970000000000000000e+02,5.809573829174041748e-02,4.461269676685333252e-01
4.980000000000000000e+02,5.925165861845016479e-02,4.825897216796875000e-01
4.990000000000000000e+02,5.971873179078102112e-02,4.478888809680938721e-01
5.000000000000000000e+02,5.794449895620346069e-02,4.670051336288452148e-01
5.010000000000000000e+02,5.608090758323669434e-02,4.650220572948455811e-01
5.020000000000000000e+02,5.604138225317001343e-02,4.489330351352691650e-01
5.030000000000000000e+02,5.703590810298919678e-02,4.702454507350921631e-01
5.040000000000000000e+02,5.673395097255706787e-02,4.494753181934356689e-01
5.050000000000000000e+02,5.574688315391540527e-02,4.541858732700347900e-01
5.060000000000000000e+02,5.593913048505783081e-02,4.606676697731018066e-01
5.070000000000000000e+02,5.593720823526382446e-02,4.496236741542816162e-01
5.080000000000000000e+02,5.510900169610977173e-02,4.557775557041168213e-01
5.090000000000000000e+02,5.473291873931884766e-02,4.556674063205718994e-01
5.100000000000000000e+02,5.529347062110900879e-02,4.515566825866699219e-01
5.110000000000000000e+02,5.530951172113418579e-02,4.517368376255035400e-01
5.120000000000000000e+02,5.437465757131576538e-02,4.545137584209442139e-01
5.130000000000000000e+02,5.421721935272216797e-02,4.466910362243652344e-01
5.140000000000000000e+02,5.452429503202438354e-02,4.502821862697601318e-01
5.150000000000000000e+02,5.417355522513389587e-02,4.519256055355072021e-01
5.160000000000000000e+02,5.387639999389648438e-02,4.413965940475463867e-01
5.170000000000000000e+02,5.403480306267738342e-02,4.555373489856719971e-01
5.180000000000000000e+02,5.395326763391494751e-02,4.433603882789611816e-01
5.190000000000000000e+02,5.343120172619819641e-02,4.475818872451782227e-01
5.200000000000000000e+02,5.322221666574478149e-02,4.489926695823669434e-01
5.210000000000000000e+02,5.320337414741516113e-02,4.435886740684509277e-01
5.220000000000000000e+02,5.291019380092620850e-02,4.446779489517211914e-01
5.230000000000000000e+02,5.259937047958374023e-02,4.450787901878356934e-01
5.240000000000000000e+02,5.258196592330932617e-02,4.413894414901733398e-01
5.250000000000000000e+02,5.253452807664871216e-02,4.409087002277374268e-01
5.260000000000000000e+02,5.232177674770355225e-02,4.469954073429107666e-01
5.270000000000000000e+02,5.239660292863845825e-02,4.338442981243133545e-01
5.280000000000000000e+02,5.290156230330467224e-02,4.552101194858551025e-01
5.290000000000000000e+02,5.424958467483520508e-02,4.318499267101287842e-01
5.300000000000000000e+02,5.577804148197174072e-02,4.634402394294738770e-01
5.310000000000000000e+02,5.787929892539978027e-02,4.413411617279052734e-01
5.320000000000000000e+02,5.304729193449020386e-02,4.473232626914978027e-01
5.330000000000000000e+02,5.192136764526367188e-02,4.593544304370880127e-01
5.340000000000000000e+02,5.444914102554321289e-02,4.361486732959747314e-01
5.350000000000000000e+02,5.237901955842971802e-02,4.432462155818939209e-01
5.360000000000000000e+02,5.100857466459274292e-02,4.418077170848846436e-01
5.370000000000000000e+02,5.204147845506668091e-02,4.226185381412506104e-01
5.380000000000000000e+02,5.275490134954452515e-02,4.481835365295410156e-01
5.390000000000000000e+02,5.306060984730720520e-02,4.260400831699371338e-01
5.400000000000000000e+02,5.115877836942672729e-02,4.365281462669372559e-01
5.410000000000000000e+02,4.983923956751823425e-02,4.433982074260711670e-01
5.420000000000000000e+02,5.029935762286186218e-02,4.259262681007385254e-01
5.430000000000000000e+02,5.079646408557891846e-02,4.398212134838104248e-01
5.440000000000000000e+02,5.034318938851356506e-02,4.307688474655151367e-01
5.450000000000000000e+02,4.940959438681602478e-02,4.252885282039642334e-01
5.460000000000000000e+02,4.921672493219375610e-02,4.345708489418029785e-01
5.470000000000000000e+02,4.966417700052261353e-02,4.232651889324188232e-01
5.480000000000000000e+02,4.975365102291107178e-02,4.335583150386810303e-01
5.490000000000000000e+02,4.931416362524032593e-02,4.257930219173431396e-01
5.500000000000000000e+02,4.847575724124908447e-02,4.298106729984283447e-01
5.510000000000000000e+02,4.810089990496635437e-02,4.272375702857971191e-01
5.520000000000000000e+02,4.805970564484596252e-02,4.180987775325775146e-01
5.530000000000000000e+02,4.826717823743820190e-02,4.306477010250091553e-01
5.540000000000000000e+02,4.882339388132095337e-02,4.126505553722381592e-01
5.550000000000000000e+02,4.917582869529724121e-02,4.337408840656280518e-01
5.560000000000000000e+02,4.975774884223937988e-02,4.175616204738616943e-01
5.570000000000000000e+02,4.897511005401611328e-02,4.324497282505035400e-01
5.580000000000000000e+02,4.786236584186553955e-02,4.233465194702148438e-01
5.590000000000000000e+02,4.670546576380729675e-02,4.222497045993804932e-01
5.600000000000000000e+02,4.658709838986396790e-02,4.266563653945922852e-01
5.610000000000000000e+02,4.718847572803497314e-02,4.075536131858825684e-01
5.620000000000000000e+02,4.798588156700134277e-02,4.294973611831665039e-01
5.630000000000000000e+02,4.956178367137908936e-02,4.036911725997924805e-01
5.640000000000000000e+02,5.028423666954040527e-02,4.345006048679351807e-01
5.650000000000000000e+02,5.144615471363067627e-02,4.139218330383300781e-01
5.660000000000000000e+02,4.793535172939300537e-02,4.247409701347351074e-01
5.670000000000000000e+02,4.536741971969604492e-02,4.225094020366668701e-01
5.680000000000000000e+02,4.575446993112564087e-02,4.043397605419158936e-01
5.690000000000000000e+02,4.709379374980926514e-02,4.213214814662933350e-01
5.700000000000000000e+02,4.742539674043655396e-02,4.032972753047943115e-01
5.710000000000000000e+02,4.545086249709129333e-02,4.127932488918304443e-01
5.720000000000000000e+02,4.409256577491760254e-02,4.176649451255798340e-01
5.730000000000000000e+02,4.425349459052085876e-02,4.062932431697845459e-01
5.740000000000000000e+02,4.527961462736129761e-02,4.186438918113708496e-01
5.750000000000000000e+02,4.679078236222267151e-02,3.922590315341949463e-01
5.760000000000000000e+02,4.765415191650390625e-02,4.148733913898468018e-01
5.770000000000000000e+02,4.916340857744216919e-02,3.994402587413787842e-01
5.780000000000000000e+02,4.688328132033348083e-02,4.251153767108917236e-01
5.790000000000000000e+02,4.346191883087158203e-02,4.331092238426208496e-01
5.800000000000000000e+02,4.395020753145217896e-02,4.238417446613311768e-01
5.810000000000000000e+02,4.546353593468666077e-02,4.456225335597991943e-01
5.820000000000000000e+02,4.512862488627433777e-02,4.341179132461547852e-01
5.830000000000000000e+02,4.331850260496139526e-02,4.381057620048522949e-01
5.840000000000000000e+02,4.237596690654754639e-02,4.410749375820159912e-01
5.850000000000000000e+02,4.257224872708320618e-02,4.266529679298400879e-01
5.860000000000000000e+02,4.350714758038520813e-02,4.364289045333862305e-01
5.870000000000000000e+02,4.620846360921859741e-02,4.106751680374145508e-01
5.880000000000000000e+02,4.908663779497146606e-02,4.397376477718353271e-01
5.890000000000000000e+02,5.226866155862808228e-02,3.960888683795928955e-01
5.900000000000000000e+02,4.352123290300369263e-02,3.868564367294311523e-01
5.910000000000000000e+02,4.230039939284324646e-02,3.960349261760711670e-01
5.920000000000000000e+02,5.482193082571029663e-02,3.463116884231567383e-01
5.930000000000000000e+02,5.373639613389968872e-02,3.546215593814849854e-01
5.940000000000000000e+02,4.203449562191963196e-02,3.666776716709136963e-01
5.950000000000000000e+02,4.823135584592819214e-02,3.503493666648864746e-01
5.960000000000000000e+02,5.336645618081092834e-02,3.600237667560577393e-01
5.970000000000000000e+02,4.610503464937210083e-02,3.581404089927673340e-01
5.980000000000000000e+02,4.217915982007980347e-02,3.496215045452117920e-01
5.990000000000000000e+02,4.778162017464637756e-02,3.514658212661743164e-01
6.000000000000000000e+02,4.427642747759819031e-02,3.443432748317718506e-01
6.010000000000000000e+02,4.121112823486328125e-02,3.411180973052978516e-01
6.020000000000000000e+02,4.586113989353179932e-02,3.590052723884582520e-01
6.030000000000000000e+02,4.147369042038917542e-02,3.617922663688659668e-01
6.040000000000000000e+02,4.036231338977813721e-02,3.597131669521331787e-01
6.050000000000000000e+02,4.305110871791839600e-02,3.820687830448150635e-01
6.060000000000000000e+02,4.093161597847938538e-02,3.825640976428985596e-01
6.070000000000000000e+02,3.822705894708633423e-02,3.816596269607543945e-01
6.080000000000000000e+02,3.923866525292396545e-02,3.943506479263305664e-01
6.090000000000000000e+02,3.804418817162513733e-02,4.036789536476135254e-01
6.100000000000000000e+02,3.838528320193290710e-02,3.986102938652038574e-01
6.110000000000000000e+02,3.816443681716918945e-02,4.031224548816680908e-01
6.120000000000000000e+02,3.784983977675437927e-02,4.092763364315032959e-01
6.130000000000000000e+02,3.759844228625297546e-02,4.094168841838836670e-01
6.140000000000000000e+02,3.779556974768638611e-02,4.112281799316406250e-01
6.150000000000000000e+02,3.774309158325195312e-02,4.058733284473419189e-01
6.160000000000000000e+02,3.720534965395927429e-02,4.088363945484161377e-01
6.170000000000000000e+02,3.684530407190322876e-02,4.029432237148284912e-01
6.180000000000000000e+02,3.620775043964385986e-02,4.014463722705841064e-01
6.190000000000000000e+02,3.610180690884590149e-02,4.073404371738433838e-01
6.200000000000000000e+02,3.601555898785591125e-02,4.050682485103607178e-01
6.210000000000000000e+02,3.597094863653182983e-02,4.051420390605926514e-01
6.220000000000000000e+02,3.599293529987335205e-02,3.943591415882110596e-01
6.230000000000000000e+02,3.595173358917236328e-02,4.033082127571105957e-01
6.240000000000000000e+02,3.521778061985969543e-02,4.002299606800079346e-01
6.250000000000000000e+02,3.471523523330688477e-02,4.000408053398132324e-01
6.260000000000000000e+02,3.437588363885879517e-02,4.004239439964294434e-01
6.270000000000000000e+02,3.412731736898422241e-02,3.971176147460937500e-01
6.280000000000000000e+02,3.424488008022308350e-02,4.008200466632843018e-01
6.290000000000000000e+02,3.438415378332138062e-02,3.905578851699829102e-01
6.300000000000000000e+02,3.464522212743759155e-02,4.011176824569702148e-01
6.310000000000000000e+02,3.536365181207656860e-02,3.864248991012573242e-01
6.320000000000000000e+02,3.659899905323982239e-02,4.026776850223541260e-01
6.330000000000000000e+02,3.895708918571472168e-02,3.728281557559967041e-01
6.340000000000000000e+02,4.198082536458969116e-02,4.026810228824615479e-01
6.350000000000000000e+02,4.186927527189254761e-02,3.680328428745269775e-01
6.360000000000000000e+02,3.662487119436264038e-02,3.530368208885192871e-01
6.370000000000000000e+02,3.233733773231506348e-02,3.407499790191650391e-01
6.380000000000000000e+02,3.394636884331703186e-02,3.159702122211456299e-01
6.390000000000000000e+02,4.666904360055923462e-02,3.377101123332977295e-01
6.400000000000000000e+02,5.516415089368820190e-02,3.194167912006378174e-01
6.410000000000000000e+02,4.084657505154609680e-02,3.323264420032501221e-01
6.420000000000000000e+02,3.231894969940185547e-02,3.505275547504425049e-01
6.430000000000000000e+02,4.261747747659683228e-02,3.439610600471496582e-01
6.440000000000000000e+02,4.527818411588668823e-02,3.833190202713012695e-01
6.450000000000000000e+02,3.195474669337272644e-02,4.241083860397338867e-01
6.460000000000000000e+02,4.516728222370147705e-02,4.355785548686981201e-01
6.470000000000000000e+02,4.897999018430709839e-02,4.820891022682189941e-01
6.480000000000000000e+02,3.447904065251350403e-02,5.225654244422912598e-01
6.490000000000000000e+02,4.763596132397651672e-02,5.121293067932128906e-01
6.500000000000000000e+02,4.049396514892578125e-02,5.156123638153076172e-01
6.510000000000000000e+02,3.489725291728973389e-02,5.222566723823547363e-01
6.520000000000000000e+02,4.036680608987808228e-02,4.884945452213287354e-01
6.530000000000000000e+02,3.761950507760047913e-02,4.801215231418609619e-01
6.540000000000000000e+02,3.377953171730041504e-02,4.775282740592956543e-01
6.550000000000000000e+02,3.798550367355346680e-02,4.544101357460021973e-01
6.560000000000000000e+02,3.440810739994049072e-02,4.411801099777221680e-01
6.570000000000000000e+02,3.272049874067306519e-02,4.343790411949157715e-01
6.580000000000000000e+02,3.426120430231094360e-02,4.117367863655090332e-01
6.590000000000000000e+02,3.142990171909332275e-02,3.887992501258850098e-01
6.600000000000000000e+02,3.082279115915298462e-02,3.723822832107543945e-01
6.610000000000000000e+02,3.031979501247406006e-02,3.596208989620208740e-01
6.620000000000000000e+02,3.370344638824462891e-02,3.179948329925537109e-01
6.630000000000000000e+02,3.013270162045955658e-02,2.900234758853912354e-01
6.640000000000000000e+02,3.444260358810424805e-02,2.866723537445068359e-01
6.650000000000000000e+02,3.138507902622222900e-02,2.900254726409912109e-01
6.660000000000000000e+02,3.413052111864089966e-02,2.945241034030914307e-01
6.670000000000000000e+02,3.749825060367584229e-02,3.156467080116271973e-01
6.680000000000000000e+02,3.384103626012802124e-02,3.439450263977050781e-01
6.690000000000000000e+02,3.245775029063224792e-02,3.637958467006683350e-01
6.700000000000000000e+02,3.281749039888381958e-02,3.763123154640197754e-01
6.710000000000000000e+02,3.354886919260025024e-02,3.820041716098785400e-01
6.720000000000000000e+02,3.457801789045333862e-02,3.866530358791351318e-01
6.730000000000000000e+02,3.297223150730133057e-02,3.903092443943023682e-01
6.740000000000000000e+02,3.412468731403350830e-02,3.875738084316253662e-01
6.750000000000000000e+02,3.338718786835670471e-02,3.812426924705505371e-01
6.760000000000000000e+02,3.220094740390777588e-02,3.750424087047576904e-01
6.770000000000000000e+02,3.294469788670539856e-02,3.709556162357330322e-01
6.780000000000000000e+02,3.197740763425827026e-02,3.653462231159210205e-01
6.790000000000000000e+02,3.106325864791870117e-02,3.572951853275299072e-01
6.800000000000000000e+02,3.122865408658981323e-02,3.461639583110809326e-01
6.810000000000000000e+02,2.979886904358863831e-02,3.409238159656524658e-01
6.820000000000000000e+02,3.073730319738388062e-02,3.379267156124114990e-01
6.830000000000000000e+02,3.052225522696971893e-02,3.385468125343322754e-01
6.840000000000000000e+02,2.975659444928169250e-02,3.483513295650482178e-01
6.850000000000000000e+02,3.056637197732925415e-02,3.537672460079193115e-01
6.860000000000000000e+02,3.086404874920845032e-02,3.515444099903106689e-01
6.870000000000000000e+02,2.909933775663375854e-02,3.418092131614685059e-01
6.880000000000000000e+02,2.905524149537086487e-02,3.313474357128143311e-01
6.890000000000000000e+02,3.037790954113006592e-02,3.209411501884460449e-01
6.900000000000000000e+02,2.801552787423133850e-02,3.110807836055755615e-01
6.910000000000000000e+02,2.933520451188087463e-02,3.048568964004516602e-01
6.920000000000000000e+02,2.808505110442638397e-02,2.903178632259368896e-01
6.930000000000000000e+02,2.898594364523887634e-02,2.888109982013702393e-01
6.940000000000000000e+02,3.127700462937355042e-02,2.916367352008819580e-01
6.950000000000000000e+02,2.927393652498722076e-02,3.063549697399139404e-01
6.960000000000000000e+02,2.828357741236686707e-02,3.180983960628509521e-01
6.970000000000000000e+02,2.930645085871219635e-02,3.191824555397033691e-01
6.980000000000000000e+02,2.797600999474525452e-02,3.227662444114685059e-01
6.990000000000000000e+02,2.735915780067443848e-02,3.202714622020721436e-01
7.000000000000000000e+02,2.742974646389484406e-02,3.068420588970184326e-01
7.010000000000000000e+02,2.757865935564041138e-02,2.909401059150695801e-01
7.020000000000000000e+02,2.657818794250488281e-02,2.868606448173522949e-01
7.030000000000000000e+02,2.703128755092620850e-02,2.920004129409790039e-01
7.040000000000000000e+02,2.547491714358329773e-02,3.003809452056884766e-01
7.050000000000000000e+02,2.634290046989917755e-02,2.979435920715332031e-01
7.060000000000000000e+02,2.621107921004295349e-02,2.875599861145019531e-01
7.070000000000000000e+02,2.538019046187400818e-02,2.872987687587738037e-01
7.080000000000000000e+02,2.526747994124889374e-02,2.967761754989624023e-01
7.090000000000000000e+02,2.547782659530639648e-02,2.965775728225708008e-01
7.100000000000000000e+02,2.505098655819892883e-02,2.890892326831817627e-01
7.110000000000000000e+02,2.515492960810661316e-02,2.931086421012878418e-01
7.120000000000000000e+02,2.511564455926418304e-02,2.953957617282867432e-01
7.130000000000000000e+02,2.536622434854507446e-02,2.881052196025848389e-01
7.140000000000000000e+02,2.439246699213981628e-02,2.884805202484130859e-01
7.150000000000000000e+02,2.470484748482704163e-02,2.901791632175445557e-01
7.160000000000000000e+02,2.535477280616760254e-02,2.886824309825897217e-01
7.170000000000000000e+02,2.403343841433525085e-02,2.876608967781066895e-01
7.180000000000000000e+02,2.390031889081001282e-02,2.915430068969726562e-01
7.190000000000000000e+02,2.447036281228065491e-02,2.893240451812744141e-01
7.200000000000000000e+02,2.380182594060897827e-02,2.878639101982116699e-01
7.210000000000000000e+02,2.355797961354255676e-02,2.952754199504852295e-01
7.220000000000000000e+02,2.393319457769393921e-02,2.880343198776245117e-01
7.230000000000000000e+02,2.322204038500785828e-02,2.848299145698547363e-01
7.240000000000000000e+02,2.329171821475028992e-02,2.932966947555541992e-01
7.250000000000000000e+02,2.384502999484539032e-02,2.883043885231018066e-01
7.260000000000000000e+02,2.284433692693710327e-02,2.777602672576904297e-01
7.270000000000000000e+02,2.436183951795101166e-02,2.816619575023651123e-01
7.280000000000000000e+02,2.396970614790916443e-02,2.953694462776184082e-01
7.290000000000000000e+02,2.640751749277114868e-02,2.926605939865112305e-01
7.300000000000000000e+02,2.419405058026313782e-02,2.793098986148834229e-01
7.310000000000000000e+02,2.352503500878810883e-02,2.801331877708435059e-01
7.320000000000000000e+02,2.352212741971015930e-02,2.969986200332641602e-01
7.330000000000000000e+02,2.557736076414585114e-02,3.170576095581054688e-01
7.340000000000000000e+02,2.411027811467647552e-02,3.239463269710540771e-01
7.350000000000000000e+02,2.535188384354114532e-02,3.255006372928619385e-01
7.360000000000000000e+02,2.793032862246036530e-02,3.279833495616912842e-01
7.370000000000000000e+02,3.241846710443496704e-02,3.280845284461975098e-01
7.380000000000000000e+02,4.216625168919563293e-02,3.126301765441894531e-01
7.390000000000000000e+02,5.825196206569671631e-02,2.898839116096496582e-01
7.400000000000000000e+02,3.409807756543159485e-02,2.834500968456268311e-01
7.410000000000000000e+02,2.940521016716957092e-02,2.835724055767059326e-01
7.420000000000000000e+02,6.378586590290069580e-02,3.229536116123199463e-01
7.430000000000000000e+02,6.123442947864532471e-02,3.344128727912902832e-01
7.440000000000000000e+02,2.574922144412994385e-02,3.513952493667602539e-01
7.450000000000000000e+02,6.099370121955871582e-02,3.609097003936767578e-01
7.460000000000000000e+02,3.122315183281898499e-02,3.761245608329772949e-01
7.470000000000000000e+02,5.411647260189056396e-02,3.888226151466369629e-01
7.480000000000000000e+02,5.469309538602828979e-02,3.903362154960632324e-01
7.490000000000000000e+02,3.091146238148212433e-02,3.910259604454040527e-01
7.500000000000000000e+02,5.253076925873756409e-02,3.983113765716552734e-01
7.510000000000000000e+02,2.875063754618167877e-02,4.100733399391174316e-01
7.520000000000000000e+02,4.813027381896972656e-02,4.106090366840362549e-01
7.530000000000000000e+02,2.869568206369876862e-02,4.101066887378692627e-01
7.540000000000000000e+02,4.314676672220230103e-02,4.151755571365356445e-01
7.550000000000000000e+02,2.963490970432758331e-02,4.213249683380126953e-01
7.560000000000000000e+02,3.907060250639915466e-02,4.144088327884674072e-01
7.570000000000000000e+02,2.992057055234909058e-02,4.026966989040374756e-01
7.580000000000000000e+02,3.439000248908996582e-02,3.928124606609344482e-01
7.590000000000000000e+02,2.989934384822845459e-02,3.862582743167877197e-01
7.600000000000000000e+02,3.127630054950714111e-02,3.772630691528320312e-01
7.610000000000000000e+02,2.926922775804996490e-02,3.679719865322113037e-01
7.620000000000000000e+02,2.938677556812763214e-02,3.564320206642150879e-01
7.630000000000000000e+02,2.836244925856590271e-02,3.471619188785552979e-01
7.640000000000000000e+02,2.657357417047023773e-02,3.370043337345123291e-01
7.650000000000000000e+02,2.779459208250045776e-02,3.280194997787475586e-01
7.660000000000000000e+02,2.468882501125335693e-02,3.198451101779937744e-01
7.670000000000000000e+02,2.723041176795959473e-02,3.066055178642272949e-01
7.680000000000000000e+02,2.374665066599845886e-02,2.963786721229553223e-01
7.690000000000000000e+02,2.497195452451705933e-02,2.851331532001495361e-01
7.700000000000000000e+02,2.330495044589042664e-02,2.767044007778167725e-01
7.710000000000000000e+02,2.416855841875076294e-02,2.658334672451019287e-01
7.720000000000000000e+02,2.342259138822555542e-02,2.508620321750640869e-01
7.730000000000000000e+02,2.355878800153732300e-02,2.427906095981597900e-01
7.740000000000000000e+02,2.273187786340713501e-02,2.381544411182403564e-01
7.750000000000000000e+02,2.353423088788986206e-02,2.363073527812957764e-01
7.760000000000000000e+02,2.236189134418964386e-02,2.334197461605072021e-01
7.770000000000000000e+02,2.315885387361049652e-02,2.311537414789199829e-01
7.780000000000000000e+02,2.264324016869068146e-02,2.326532304286956787e-01
7.790000000000000000e+02,2.225496247410774231e-02,2.367083281278610229e-01
7.800000000000000000e+02,2.258718758821487427e-02,2.378991544246673584e-01
7.810000000000000000e+02,2.184791862964630127e-02,2.378497719764709473e-01
7.820000000000000000e+02,2.225847542285919189e-02,2.401685416698455811e-01
7.830000000000000000e+02,2.149554714560508728e-02,2.428154796361923218e-01
7.840000000000000000e+02,2.183520048856735229e-02,2.448060512542724609e-01
7.850000000000000000e+02,2.144000679254531860e-02,2.443321049213409424e-01
7.860000000000000000e+02,2.136594802141189575e-02,2.423526942729949951e-01
7.870000000000000000e+02,2.168136835098266602e-02,2.431889921426773071e-01
7.880000000000000000e+02,2.099667862057685852e-02,2.440814077854156494e-01
7.890000000000000000e+02,2.125209942460060120e-02,2.423785179853439331e-01
7.900000000000000000e+02,2.103844285011291504e-02,2.403130978345870972e-01
7.910000000000000000e+02,2.080403268337249756e-02,2.388433814048767090e-01
7.920000000000000000e+02,2.100006863474845886e-02,2.386866360902786255e-01
7.930000000000000000e+02,2.066469192504882812e-02,2.395257651805877686e-01
7.940000000000000000e+02,2.070679888129234314e-02,2.405984997749328613e-01
7.950000000000000000e+02,2.052151411771774292e-02,2.412071526050567627e-01
7.960000000000000000e+02,2.039157599210739136e-02,2.416316866874694824e-01
7.970000000000000000e+02,2.046369202435016632e-02,2.434885054826736450e-01
7.980000000000000000e+02,2.027660608291625977e-02,2.430745959281921387e-01
7.990000000000000000e+02,2.015652507543563843e-02,2.410899996757507324e-01
8.000000000000000000e+02,2.013727277517318726e-02,2.402114868164062500e-01
8.010000000000000000e+02,2.002571150660514832e-02,2.397639602422714233e-01
8.020000000000000000e+02,1.996122486889362335e-02,2.397382408380508423e-01
8.030000000000000000e+02,1.993769593536853790e-02,2.403147667646408081e-01
8.040000000000000000e+02,1.978943869471549988e-02,2.405121922492980957e-01
8.050000000000000000e+02,1.973653957247734070e-02,2.399960309267044067e-01
8.060000000000000000e+02,1.974127069115638733e-02,2.405129969120025635e-01
8.070000000000000000e+02,1.963018253445625305e-02,2.396995127201080322e-01
8.080000000000000000e+02,1.953286118805408478e-02,2.381963580846786499e-01
8.090000000000000000e+02,1.951568946242332458e-02,2.376997768878936768e-01
8.100000000000000000e+02,1.945066638290882111e-02,2.373184412717819214e-01
8.110000000000000000e+02,1.935490034520626068e-02,2.374565601348876953e-01
8.120000000000000000e+02,1.933094300329685211e-02,2.381021082401275635e-01
8.130000000000000000e+02,1.927240937948226929e-02,2.379797250032424927e-01
8.140000000000000000e+02,1.917513087391853333e-02,2.378912121057510376e-01
8.150000000000000000e+02,1.913987286388874054e-02,2.379897385835647583e-01
8.160000000000000000e+02,1.910698786377906799e-02,2.367324233055114746e-01
8.170000000000000000e+02,1.902889460325241089e-02,2.357889711856842041e-01
8.180000000000000000e+02,1.895715668797492981e-02,2.350381016731262207e-01
8.190000000000000000e+02,1.891493797302246094e-02,2.345374226570129395e-01
8.200000000000000000e+02,1.887218281626701355e-02,2.348772734403610229e-01
8.210000000000000000e+02,1.880498789250850677e-02,2.350851297378540039e-01
8.220000000000000000e+02,1.874022558331489563e-02,2.351359426975250244e-01
8.230000000000000000e+02,1.870299503207206726e-02,2.354046553373336792e-01
8.240000000000000000e+02,1.865907758474349976e-02,2.346547096967697144e-01
8.250000000000000000e+02,1.859484985470771790e-02,2.339678406715393066e-01
8.260000000000000000e+02,1.853566244244575500e-02,2.331778407096862793e-01
8.270000000000000000e+02,1.848981156945228577e-02,2.324545234441757202e-01
8.280000000000000000e+02,1.844706945121288300e-02,2.324457466602325439e-01
8.290000000000000000e+02,1.839441992342472076e-02,2.324061095714569092e-01
8.300000000000000000e+02,1.833609864115715027e-02,2.324852794408798218e-01
8.310000000000000000e+02,1.828856021165847778e-02,2.326017320156097412e-01
8.320000000000000000e+02,1.824685372412204742e-02,2.321352660655975342e-01
8.330000000000000000e+02,1.819942519068717957e-02,2.318417429924011230e-01
8.340000000000000000e+02,1.814794726669788361e-02,2.311179339885711670e-01
8.350000000000000000e+02,1.809532567858695984e-02,2.306300252676010132e-01
8.360000000000000000e+02,1.804826036095619202e-02,2.305210679769515991e-01
8.370000000000000000e+02,1.800416409969329834e-02,2.304384559392929077e-01
8.380000000000000000e+02,1.795801706612110138e-02,2.306429743766784668e-01
8.390000000000000000e+02,1.791099458932876587e-02,2.304127961397171021e-01
8.400000000000000000e+02,1.786236278712749481e-02,2.301897257566452026e-01
8.410000000000000000e+02,1.781428419053554535e-02,2.298248410224914551e-01
8.420000000000000000e+02,1.776886917650699615e-02,2.293608635663986206e-01
8.430000000000000000e+02,1.772472262382507324e-02,2.291463017463684082e-01
8.440000000000000000e+02,1.768105849623680115e-02,2.288789898157119751e-01
8.450000000000000000e+02,1.763574779033660889e-02,2.289282679557800293e-01
8.460000000000000000e+02,1.758956164121627808e-02,2.287860512733459473e-01
8.470000000000000000e+02,1.754442229866981506e-02,2.286288440227508545e-01
8.480000000000000000e+02,1.749957725405693054e-02,2.283365577459335327e-01
8.490000000000000000e+02,1.745572686195373535e-02,2.279679477214813232e-01
8.500000000000000000e+02,1.741253584623336792e-02,2.277410924434661865e-01
8.510000000000000000e+02,1.736983284354209900e-02,2.274646610021591187e-01
8.520000000000000000e+02,1.732732728123664856e-02,2.274594306945800781e-01
8.530000000000000000e+02,1.728432811796665192e-02,2.273286432027816772e-01
8.540000000000000000e+02,1.724161207675933838e-02,2.273060381412506104e-01
8.550000000000000000e+02,1.719909161329269409e-02,2.269841283559799194e-01
8.560000000000000000e+02,1.715657673776149750e-02,2.267404347658157349e-01
8.570000000000000000e+02,1.711443811655044556e-02,2.263782918453216553e-01
8.580000000000000000e+02,1.707250997424125671e-02,2.262191474437713623e-01
8.590000000000000000e+02,1.703105494379997253e-02,2.260089665651321411e-01
8.600000000000000000e+02,1.698971353471279144e-02,2.259577363729476929e-01
8.610000000000000000e+02,1.694867387413978577e-02,2.257876545190811157e-01
8.620000000000000000e+02,1.690814830362796783e-02,2.256935536861419678e-01
8.630000000000000000e+02,1.686791516840457916e-02,2.253660708665847778e-01
8.640000000000000000e+02,1.682823523879051208e-02,2.251763343811035156e-01
8.650000000000000000e+02,1.678933948278427124e-02,2.248041778802871704e-01
8.660000000000000000e+02,1.675178855657577515e-02,2.247824221849441528e-01
8.670000000000000000e+02,1.671646162867546082e-02,2.244286686182022095e-01
8.680000000000000000e+02,1.668562367558479309e-02,2.245815247297286987e-01
8.690000000000000000e+02,1.666384004056453705e-02,2.239656895399093628e-01
8.700000000000000000e+02,1.666298508644104004e-02,2.243059724569320679e-01
8.710000000000000000e+02,1.670490205287933350e-02,2.230994701385498047e-01
8.720000000000000000e+02,1.685395091772079468e-02,2.238130122423171997e-01
8.730000000000000000e+02,1.720050908625125885e-02,2.215681821107864380e-01
8.740000000000000000e+02,1.804999262094497681e-02,2.219087630510330200e-01
8.750000000000000000e+02,1.947015710175037384e-02,2.188182622194290161e-01
8.760000000000000000e+02,2.191732823848724365e-02,2.135169059038162231e-01
8.770000000000000000e+02,2.377980947494506836e-02,2.159455716609954834e-01
8.780000000000000000e+02,2.296072803437709808e-02,2.100744992494583130e-01
8.790000000000000000e+02,1.977314427495002747e-02,2.117211967706680298e-01
8.800000000000000000e+02,1.689227297902107239e-02,2.113801985979080200e-01
8.810000000000000000e+02,1.689762622117996216e-02,2.089285552501678467e-01
8.820000000000000000e+02,1.888918131589889526e-02,2.120926529169082642e-01
8.830000000000000000e+02,1.988491788506507874e-02,2.077175974845886230e-01
8.840000000000000000e+02,1.858830079436302185e-02,2.088896483182907104e-01
8.850000000000000000e+02,1.668398082256317139e-02,2.079946845769882202e-01
8.860000000000000000e+02,1.652462407946586609e-02,2.056123018264770508e-01
8.870000000000000000e+02,1.772388815879821777e-02,2.074176371097564697e-01
8.880000000000000000e+02,1.807715743780136108e-02,2.043197751045227051e-01
8.890000000000000000e+02,1.699844561517238617e-02,2.043313533067703247e-01
8.900000000000000000e+02,1.619664393365383148e-02,2.047168314456939697e-01
8.910000000000000000e+02,1.669280976057052612e-02,2.035463899374008179e-01
8.920000000000000000e+02,1.727224141359329224e-02,2.045920044183731079e-01
8.930000000000000000e+02,1.685175672173500061e-02,2.036616951227188110e-01
8.940000000000000000e+02,1.613797806203365326e-02,2.036986798048019409e-01
8.950000000000000000e+02,1.618484593927860260e-02,2.047481387853622437e-01
8.960000000000000000e+02,1.665786467492580414e-02,2.037507295608520508e-01
8.970000000000000000e+02,1.663548126816749573e-02,2.051101326942443848e-01
8.980000000000000000e+02,1.613937132060527802e-02,2.052419632673263550e-01
8.990000000000000000e+02,1.589772850275039673e-02,2.050655037164688110e-01
9.000000000000000000e+02,1.612529531121253967e-02,2.060999125242233276e-01
9.010000000000000000e+02,1.632415503263473511e-02,2.046700567007064819e-01
9.020000000000000000e+02,1.613672077655792236e-02,2.048458456993103027e-01
9.030000000000000000e+02,1.581805571913719177e-02,2.042028158903121948e-01
9.040000000000000000e+02,1.575587689876556396e-02,2.031845152378082275e-01
9.050000000000000000e+02,1.591470092535018921e-02,2.035594582557678223e-01
9.060000000000000000e+02,1.597325876355171204e-02,2.026363164186477661e-01
9.070000000000000000e+02,1.580634340643882751e-02,2.026336640119552612e-01
9.080000000000000000e+02,1.561730820685625076e-02,2.022748291492462158e-01
9.090000000000000000e+02,1.559671387076377869e-02,2.016354054212570190e-01
9.100000000000000000e+02,1.568261906504631042e-02,2.018116563558578491e-01
9.110000000000000000e+02,1.569561846554279327e-02,2.011121213436126709e-01
9.120000000000000000e+02,1.558120548725128174e-02,2.010839432477951050e-01
9.130000000000000000e+02,1.545351184904575348e-02,2.009503990411758423e-01
9.140000000000000000e+02,1.541636046022176743e-02,2.006966024637222290e-01
9.150000000000000000e+02,1.545103266835212708e-02,2.008464336395263672e-01
9.160000000000000000e+02,1.546696480363607407e-02,2.001912593841552734e-01
9.170000000000000000e+02,1.541197486221790314e-02,2.000723481178283691e-01
9.180000000000000000e+02,1.531879603862762451e-02,1.996676474809646606e-01
9.190000000000000000e+02,1.524807140231132507e-02,1.993210762739181519e-01
9.200000000000000000e+02,1.522745564579963684e-02,1.991484612226486206e-01
9.210000000000000000e+02,1.523427013307809830e-02,1.988485902547836304e-01
9.220000000000000000e+02,1.522766984999179840e-02,1.988137811422348022e-01
9.230000000000000000e+02,1.518891938030719757e-02,1.984815150499343872e-01
9.240000000000000000e+02,1.512691471725702286e-02,1.982584446668624878e-01
9.250000000000000000e+02,1.506674196571111679e-02,1.980079710483551025e-01
9.260000000000000000e+02,1.502532605081796646e-02,1.977800428867340088e-01
9.270000000000000000e+02,1.500376686453819275e-02,1.975844055414199829e-01
9.280000000000000000e+02,1.499151811003684998e-02,1.973993480205535889e-01
9.290000000000000000e+02,1.497587841004133224e-02,1.972317099571228027e-01
9.300000000000000000e+02,1.495039463043212891e-02,1.970664411783218384e-01
9.310000000000000000e+02,1.491441112011671066e-02,1.967504024505615234e-01
9.320000000000000000e+02,1.487249135971069336e-02,1.965275704860687256e-01
9.330000000000000000e+02,1.482951547950506210e-02,1.962638944387435913e-01
9.340000000000000000e+02,1.478918083012104034e-02,1.961302906274795532e-01
9.350000000000000000e+02,1.475286297500133514e-02,1.959634125232696533e-01
9.360000000000000000e+02,1.472034119069576263e-02,1.958456635475158691e-01
9.370000000000000000e+02,1.469093002378940582e-02,1.957588195800781250e-01
9.380000000000000000e+02,1.466388627886772156e-02,1.955797523260116577e-01
9.390000000000000000e+02,1.463897898793220520e-02,1.954809874296188354e-01
9.400000000000000000e+02,1.461655646562576294e-02,1.952285617589950562e-01
9.410000000000000000e+02,1.459800265729427338e-02,1.952429115772247314e-01
9.420000000000000000e+02,1.458637602627277374e-02,1.949256062507629395e-01
9.430000000000000000e+02,1.458781864494085312e-02,1.950394511222839355e-01
9.440000000000000000e+02,1.461550779640674591e-02,1.945616304874420166e-01
9.450000000000000000e+02,1.469485647976398468e-02,1.949676275253295898e-01
9.460000000000000000e+02,1.488492917269468307e-02,1.943247467279434204e-01
9.470000000000000000e+02,1.529504172503948212e-02,1.954683065414428711e-01
9.480000000000000000e+02,1.617498882114887238e-02,1.952673941850662231e-01
9.490000000000000000e+02,1.787730306386947632e-02,1.970204412937164307e-01
9.500000000000000000e+02,2.082496508955955505e-02,1.996247619390487671e-01
9.510000000000000000e+02,2.537486888468265533e-02,1.960931569337844849e-01
9.520000000000000000e+02,2.910398691892623901e-02,1.945322006940841675e-01
9.530000000000000000e+02,3.208333626389503479e-02,2.074445635080337524e-01
9.540000000000000000e+02,2.841353788971900940e-02,2.270983308553695679e-01
9.550000000000000000e+02,1.922225207090377808e-02,2.537493705749511719e-01
9.560000000000000000e+02,1.627329923212528229e-02,2.782717049121856689e-01
9.570000000000000000e+02,1.661783643066883087e-02,2.975035011768341064e-01
9.580000000000000000e+02,1.638652198016643524e-02,3.102313578128814697e-01
9.590000000000000000e+02,1.645904034376144409e-02,3.209235668182373047e-01
9.600000000000000000e+02,1.700488291680812836e-02,3.281144201755523682e-01
9.610000000000000000e+02,1.707286387681961060e-02,3.311710357666015625e-01
9.620000000000000000e+02,1.697588153183460236e-02,3.296567797660827637e-01
9.630000000000000000e+02,1.713636517524719238e-02,3.238085210323333740e-01
9.640000000000000000e+02,1.639875769615173340e-02,3.158141374588012695e-01
9.650000000000000000e+02,1.599210500717163086e-02,3.081047236919403076e-01
9.660000000000000000e+02,1.623542979359626770e-02,3.011524379253387451e-01
9.670000000000000000e+02,1.594059355556964874e-02,2.944069802761077881e-01
9.680000000000000000e+02,1.575886830687522888e-02,2.876141965389251709e-01
9.690000000000000000e+02,1.574145071208477020e-02,2.825298607349395752e-01
9.700000000000000000e+02,1.553314365446567535e-02,2.787659168243408203e-01
9.710000000000000000e+02,1.568336412310600281e-02,2.774653732776641846e-01
9.720000000000000000e+02,1.577016152441501617e-02,2.785141170024871826e-01
9.730000000000000000e+02,1.550974417477846146e-02,2.813440859317779541e-01
9.740000000000000000e+02,1.559806708246469498e-02,2.838703989982604980e-01
9.750000000000000000e+02,1.543252728879451752e-02,2.865590155124664307e-01
9.760000000000000000e+02,1.529656909406185150e-02,2.899700701236724854e-01
9.770000000000000000e+02,1.541157811880111694e-02,2.926487624645233154e-01
9.780000000000000000e+02,1.528132520616054535e-02,2.931486070156097412e-01
9.790000000000000000e+02,1.520460471510887146e-02,2.912124395370483398e-01
9.800000000000000000e+02,1.520773395895957947e-02,2.882834970951080322e-01
9.810000000000000000e+02,1.507049147039651871e-02,2.860377728939056396e-01
9.820000000000000000e+02,1.511312834918498993e-02,2.848693430423736572e-01
9.830000000000000000e+02,1.510765682905912399e-02,2.851806581020355225e-01
9.840000000000000000e+02,1.500504929572343826e-02,2.870140671730041504e-01
9.850000000000000000e+02,1.498717814683914185e-02,2.888695895671844482e-01
9.860000000000000000e+02,1.493479125201702118e-02,2.889897227287292480e-01
9.870000000000000000e+02,1.489657722413539886e-02,2.877744734287261963e-01
9.880000000000000000e+02,1.487725041806697845e-02,2.862474620342254639e-01
9.890000000000000000e+02,1.478483248502016068e-02,2.851849794387817383e-01
9.900000000000000000e+02,1.478839758783578873e-02,2.848173677921295166e-01
9.910000000000000000e+02,1.476995926350355148e-02,2.852451503276824951e-01
9.920000000000000000e+02,1.471396163105964661e-02,2.864699661731719971e-01
9.930000000000000000e+02,1.471360772848129272e-02,2.875352501869201660e-01
9.940000000000000000e+02,1.467775832861661911e-02,2.871388196945190430e-01
9.950000000000000000e+02,1.462550088763237000e-02,2.858316004276275635e-01
9.960000000000000000e+02,1.461795158684253693e-02,2.850213944911956787e-01
9.970000000000000000e+02,1.458074524998664856e-02,2.850222587585449219e-01
9.980000000000000000e+02,1.457174494862556458e-02,2.856019735336303711e-01
9.990000000000000000e+02,1.454853639006614685e-02,2.863209843635559082e-01
1.000000000000000000e+03,1.452008821070194244e-02,2.865410447120666504e-01
1.001000000000000000e+03,1.450775843113660812e-02,2.861045002937316895e-01
1.002000000000000000e+03,1.447438541799783707e-02,2.852276861667633057e-01
1.003000000000000000e+03,1.444928254932165146e-02,2.846716046333312988e-01
1.004000000000000000e+03,1.443982310593128204e-02,2.850182950496673584e-01
1.005000000000000000e+03,1.440551131963729858e-02,2.856780886650085449e-01
1.006000000000000000e+03,1.439273916184902191e-02,2.858417630195617676e-01
1.007000000000000000e+03,1.437347009778022766e-02,2.855165898799896240e-01
1.008000000000000000e+03,1.434833183884620667e-02,2.849072217941284180e-01
1.009000000000000000e+03,1.433134451508522034e-02,2.844496667385101318e-01
1.010000000000000000e+03,1.431138813495635986e-02,2.844544351100921631e-01
1.011000000000000000e+03,1.429152116179466248e-02,2.848438620567321777e-01
1.012000000000000000e+03,1.427151728421449661e-02,2.853268384933471680e-01
1.013000000000000000e+03,1.424887031316757202e-02,2.853447794914245605e-01
1.014000000000000000e+03,1.423436403274536133e-02,2.848293781280517578e-01
1.015000000000000000e+03,1.421255804598331451e-02,2.844345867633819580e-01
1.016000000000000000e+03,1.419494114816188812e-02,2.844519615173339844e-01
1.017000000000000000e+03,1.417732052505016327e-02,2.847082316875457764e-01
1.018000000000000000e+03,1.415625400841236115e-02,2.849035561084747314e-01
1.019000000000000000e+03,1.413991488516330719e-02,2.847757339477539062e-01
1.020000000000000000e+03,1.412014756351709366e-02,2.844150364398956299e-01
1.021000000000000000e+03,1.410081330686807632e-02,2.840141654014587402e-01
1.022000000000000000e+03,1.408459525555372238e-02,2.838253974914550781e-01
1.023000000000000000e+03,1.406602747738361359e-02,2.840241193771362305e-01
1.024000000000000000e+03,1.404846273362636566e-02,2.842929363250732422e-01
1.025000000000000000e+03,1.403024420142173767e-02,2.843229770660400391e-01
1.026000000000000000e+03,1.401206012815237045e-02,2.841531932353973389e-01
1.027000000000000000e+03,1.399483531713485718e-02,2.839672267436981201e-01
1.028000000000000000e+03,1.397622190415859222e-02,2.839467823505401611e-01
1.029000000000000000e+03,1.395951583981513977e-02,2.840378284454345703e-01
1.030000000000000000e+03,1.394151244312524796e-02,2.841520905494689941e-01
1.031000000000000000e+03,1.392413489520549774e-02,2.842066586017608643e-01
1.032000000000000000e+03,1.390717178583145142e-02,2.840531468391418457e-01
1.033000000000000000e+03,1.388911250978708267e-02,2.837956547737121582e-01
1.034000000000000000e+03,1.387197896838188171e-02,2.836389839649200439e-01
1.035000000000000000e+03,1.385481841862201691e-02,2.836565971374511719e-01
1.036000000000000000e+03,1.383733842521905899e-02,2.837677001953125000e-01
1.037000000000000000e+03,1.382031850516796112e-02,2.837957143783569336e-01
1.038000000000000000e+03,1.380291953682899475e-02,2.837279736995697021e-01
1.039000000000000000e+03,1.378602534532546997e-02,2.836025357246398926e-01
1.040000000000000000e+03,1.376897841691970825e-02,2.834801673889160156e-01
1.041000000000000000e+03,1.375200413167476654e-02,2.834753692150115967e-01
1.042000000000000000e+03,1.373506803065538406e-02,2.835545241832733154e-01
1.043000000000000000e+03,1.371784042567014694e-02,2.836048603057861328e-01
1.044000000000000000e+03,1.370116882026195526e-02,2.835336029529571533e-01
1.045000000000000000e+03,1.368424482643604279e-02,2.833941280841827393e-01
1.046000000000000000e+03,1.366746798157691956e-02,2.833260297775268555e-01
1.047000000000000000e+03,1.365081407129764557e-02,2.833333313465118408e-01
1.048000000000000000e+03,1.363398320972919464e-02,2.833783030509948730e-01
1.049000000000000000e+03,1.361734606325626373e-02,2.833992242813110352e-01
1.050000000000000000e+03,1.360066235065460205e-02,2.833504378795623779e-01
1.051000000000000000e+03,1.358402892947196960e-02,2.832523882389068604e-01
1.052000000000000000e+03,1.356745883822441101e-02,2.831550836563110352e-01
1.053000000000000000e+03,1.355089154094457626e-02,2.831323444843292236e-01
1.054000000000000000e+03,1.353441737592220306e-02,2.831521630287170410e-01
1.055000000000000000e+03,1.351789571344852448e-02,2.831482887268066406e-01
1.056000000000000000e+03,1.350147277116775513e-02,2.831063568592071533e-01
1.057000000000000000e+03,1.348507124930620193e-02,2.830384671688079834e-01
1.058000000000000000e+03,1.346864365041255951e-02,2.829828858375549316e-01
1.059000000000000000e+03,1.345232408493757248e-02,2.829506099224090576e-01
1.060000000000000000e+03,1.343594864010810852e-02,2.829580307006835938e-01
1.061000000000000000e+03,1.341966539621353149e-02,2.829748988151550293e-01
1.062000000000000000e+03,1.340339705348014832e-02,2.829496562480926514e-01
1.063000000000000000e+03,1.338716130703687668e-02,2.828879356384277344e-01
1.064000000000000000e+03,1.337095815688371658e-02,2.828229069709777832e-01
1.065000000000000000e+03,1.335474662482738495e-02,2.827912569046020508e-01
1.066000000000000000e+03,1.333860866725444794e-02,2.827770113945007324e-01
1.067000000000000000e+03,1.332245394587516785e-02,2.827628850936889648e-01
1.068000000000000000e+03,1.330638583749532700e-02,2.827306091785430908e-01
1.069000000000000000e+03,1.329030096530914307e-02,2.826720774173736572e-01
1.070000000000000000e+03,1.327425241470336914e-02,2.826139330863952637e-01
1.071000000000000000e+03,1.325825694948434830e-02,2.825800478458404541e-01
1.072000000000000000e+03,1.324223726987838745e-02,2.825770080089569092e-01
1.073000000000000000e+03,1.322628557682037354e-02,2.825678884983062744e-01
1.074000000000000000e+03,1.321034692227840424e-02,2.825395762920379639e-01
1.075000000000000000e+03,1.319442689418792725e-02,2.824970185756683350e-01
1.076000000000000000e+03,1.317853387445211411e-02,2.824549376964569092e-01
1.077000000000000000e+03,1.316267438232898712e-02,2.824221849441528320e-01
1.078000000000000000e+03,1.314683631062507629e-02,2.824008166790008545e-01
1.079000000000000000e+03,1.313101034611463547e-02,2.823861837387084961e-01
1.080000000000000000e+03,1.311522722244262695e-02,2.823573350906372070e-01
1.081000000000000000e+03,1.309945713728666306e-02,2.823156118392944336e-01
1.082000000000000000e+03,1.308371126651763916e-02,2.822703421115875244e-01
1.083000000000000000e+03,1.306798961013555527e-02,2.822380661964416504e-01
1.084000000000000000e+03,1.305228751152753830e-02,2.822135388851165771e-01
1.085000000000000000e+03,1.303660124540328979e-02,2.821943759918212891e-01
1.086000000000000000e+03,1.302095130085945129e-02,2.821694612503051758e-01
1.087000000000000000e+03,1.300533488392829895e-02,2.821349203586578369e-01
1.088000000000000000e+03,1.298973709344863892e-02,2.820934653282165527e-01
1.089000000000000000e+03,1.297413930296897888e-02,2.820599973201751709e-01
1.090000000000000000e+03,1.295858435332775116e-02,2.820370793342590332e-01
1.091000000000000000e+03,1.294303033500909805e-02,2.820153832435607910e-01
1.092000000000000000e+03,1.292750798165798187e-02,2.819868028163909912e-01
1.093000000000000000e+03,1.291201636195182800e-02,2.819528877735137939e-01
1.094000000000000000e+03,1.289654895663261414e-02,2.819184362888336182e-01
1.095000000000000000e+03,1.288108155131340027e-02,2.818877100944519043e-01
1.096000000000000000e+03,1.286564767360687256e-02,2.818633019924163818e-01
1.097000000000000000e+03,1.285023987293243408e-02,2.818404734134674072e-01
1.098000000000000000e+03,1.283484697341918945e-02,2.818129360675811768e-01
1.099000000000000000e+03,1.281947270035743713e-02,2.817785441875457764e-01
1.100000000000000000e+03,1.280411891639232635e-02,2.817442417144775391e-01
1.101000000000000000e+03,1.278879679739475250e-02,2.817122936248779297e-01
1.102000000000000000e+03,1.277348771691322327e-02,2.816856205463409424e-01
1.103000000000000000e+03,1.275819633156061172e-02,2.816597223281860352e-01
1.104000000000000000e+03,1.274291984736919403e-02,2.816354334354400635e-01
1.105000000000000000e+03,1.272768527269363403e-02,2.816035449504852295e-01
1.106000000000000000e+03,1.271245162934064865e-02,2.815734148025512695e-01
1.107000000000000000e+03,1.269724033772945404e-02,2.815397977828979492e-01
1.108000000000000000e+03,1.268205791711807251e-02,2.815185487270355225e-01
1.109000000000000000e+03,1.266690529882907867e-02,2.814861238002777100e-01
1.110000000000000000e+03,1.265180855989456177e-02,2.814679443836212158e-01
1.111000000000000000e+03,1.263680029660463333e-02,2.814242243766784668e-01
1.112000000000000000e+03,1.262191776186227798e-02,2.814115583896636963e-01
1.113000000000000000e+03,1.260733604431152344e-02,2.813532054424285889e-01
1.114000000000000000e+03,1.259338669478893280e-02,2.813661694526672363e-01
1.115000000000000000e+03,1.258080266416072845e-02,2.812792956829071045e-01
1.116000000000000000e+03,1.257139816880226135e-02,2.813387513160705566e-01
1.117000000000000000e+03,1.256918534636497498e-02,2.811707854270935059e-01
1.118000000000000000e+03,1.258449256420135498e-02,2.813321948051452637e-01
1.119000000000000000e+03,1.263981685042381287e-02,2.809691727161407471e-01
1.120000000000000000e+03,1.279846206307411194e-02,2.813410758972167969e-01
1.121000000000000000e+03,1.318466477096080780e-02,2.804546952247619629e-01
1.122000000000000000e+03,1.420262269675731659e-02,2.809661626815795898e-01
1.123000000000000000e+03,1.633995585143566132e-02,2.785061001777648926e-01
1.124000000000000000e+03,2.168146148324012756e-02,2.750008404254913330e-01
1.125000000000000000e+03,2.709869481623172760e-02,2.675659954547882080e-01
1.126000000000000000e+03,3.146289661526679993e-02,2.411748170852661133e-01
1.127000000000000000e+03,2.475693635642528534e-02,2.377860695123672485e-01
1.128000000000000000e+03,2.683463692665100098e-02,2.660672664642333984e-01
1.129000000000000000e+03,4.070208221673965454e-02,2.915526628494262695e-01
1.130000000000000000e+03,2.792198397219181061e-02,3.024042248725891113e-01
1.131000000000000000e+03,1.389521732926368713e-02,3.146852850914001465e-01
1.132000000000000000e+03,2.617958188056945801e-02,3.239062726497650146e-01
1.133000000000000000e+03,5.109165236353874207e-02,3.151203989982604980e-01
1.134000000000000000e+03,4.732910916209220886e-02,3.010818660259246826e-01
1.135000000000000000e+03,2.056703530251979828e-02,2.859624028205871582e-01
1.136000000000000000e+03,1.957203820347785950e-02,2.761120796203613281e-01
1.137000000000000000e+03,2.733498625457286835e-02,2.571365535259246826e-01
1.138000000000000000e+03,1.301890145987272263e-02,2.380049526691436768e-01
1.139000000000000000e+03,3.086396493017673492e-02,2.522425651550292969e-01
1.140000000000000000e+03,4.133887961506843567e-02,2.921120822429656982e-01
1.141000000000000000e+03,1.388504542410373688e-02,3.291753530502319336e-01
1.142000000000000000e+03,3.676200285553932190e-02,3.480343222618103027e-01
1.143000000000000000e+03,2.628773078322410583e-02,3.644452989101409912e-01
1.144000000000000000e+03,1.892460696399211884e-02,3.828130662441253662e-01
1.145000000000000000e+03,3.004840388894081116e-02,3.917961120605468750e-01
1.146000000000000000e+03,1.819398254156112671e-02,4.016306996345520020e-01
1.147000000000000000e+03,2.334405481815338135e-02,4.135599434375762939e-01
1.148000000000000000e+03,2.212450094521045685e-02,4.177548289299011230e-01
1.149000000000000000e+03,2.000270970165729523e-02,4.177788496017456055e-01
1.150000000000000000e+03,2.404090389609336853e-02,4.168663024902343750e-01
1.151000000000000000e+03,1.824181526899337769e-02,4.152765572071075439e-01
1.152000000000000000e+03,2.207697927951812744e-02,4.069677591323852539e-01
1.153000000000000000e+03,1.857395283877849579e-02,4.000558257102966309e-01
1.154000000000000000e+03,1.972008123993873596e-02,3.976222574710845947e-01
1.155000000000000000e+03,1.903074979782104492e-02,3.901240229606628418e-01
1.156000000000000000e+03,1.753746904432773590e-02,3.816141486167907715e-01
1.157000000000000000e+03,1.921514421701431274e-02,3.734492063522338867e-01
1.158000000000000000e+03,1.614817604422569275e-02,3.652014136314392090e-01
1.159000000000000000e+03,1.735275425016880035e-02,3.523133099079132080e-01
1.160000000000000000e+03,1.572245731949806213e-02,3.398159742355346680e-01
1.161000000000000000e+03,1.542481686919927597e-02,3.262529969215393066e-01
1.162000000000000000e+03,1.486125960946083069e-02,3.107994794845581055e-01
1.163000000000000000e+03,1.384025346487760544e-02,2.961802482604980469e-01
1.164000000000000000e+03,1.425172016024589539e-02,2.837814986705780029e-01
1.165000000000000000e+03,1.338609494268894196e-02,2.724577188491821289e-01
1.166000000000000000e+03,1.368968375027179718e-02,2.600341141223907471e-01
1.167000000000000000e+03,1.300170924514532089e-02,2.487865388393402100e-01
1.168000000000000000e+03,1.332673430442810059e-02,2.387571930885314941e-01
1.169000000000000000e+03,1.354938000440597534e-02,2.343460172414779663e-01
1.170000000000000000e+03,1.254094392061233521e-02,2.300536334514617920e-01
1.171000000000000000e+03,1.304269116371870041e-02,2.221750468015670776e-01
1.172000000000000000e+03,1.330710574984550476e-02,2.218707650899887085e-01
1.173000000000000000e+03,1.251542475074529648e-02,2.236404865980148315e-01
1.174000000000000000e+03,1.269554719328880310e-02,2.244042903184890747e-01
1.175000000000000000e+03,1.290175970643758774e-02,2.271692156791687012e-01
1.176000000000000000e+03,1.221710070967674255e-02,2.305059731006622314e-01
1.177000000000000000e+03,1.244092267006635666e-02,2.317815423011779785e-01
1.178000000000000000e+03,1.251815725117921829e-02,2.350291907787322998e-01
1.179000000000000000e+03,1.203852612525224686e-02,2.350785136222839355e-01
1.180000000000000000e+03,1.214464660733938217e-02,2.326335459947586060e-01
1.181000000000000000e+03,1.221178472042083740e-02,2.328224927186965942e-01
1.182000000000000000e+03,1.182601042091846466e-02,2.317874878644943237e-01
1.183000000000000000e+03,1.190346945077180862e-02,2.274821549654006958e-01
1.184000000000000000e+03,1.192999444901943207e-02,2.256763726472854614e-01
1.185000000000000000e+03,1.170963048934936523e-02,2.244757562875747681e-01
1.186000000000000000e+03,1.171238534152507782e-02,2.246236652135848999e-01
1.187000000000000000e+03,1.176849752664566040e-02,2.274378687143325806e-01
1.188000000000000000e+03,1.165011152625083923e-02,2.280462086200714111e-01
1.189000000000000000e+03,1.154565438628196716e-02,2.277868837118148804e-01
1.190000000000000000e+03,1.159023586660623550e-02,2.287257611751556396e-01
1.191000000000000000e+03,1.159256324172019958e-02,2.273778319358825684e-01
1.192000000000000000e+03,1.149301417171955109e-02,2.263433337211608887e-01
1.193000000000000000e+03,1.144447363913059235e-02,2.261149883270263672e-01
1.194000000000000000e+03,1.150418631732463837e-02,2.240327000617980957e-01
1.195000000000000000e+03,1.142964512109756470e-02,2.236229926347732544e-01
1.196000000000000000e+03,1.134053990244865417e-02,2.235585153102874756e-01
1.197000000000000000e+03,1.135349646210670471e-02,2.234302759170532227e-01
1.198000000000000000e+03,1.134699769318103790e-02,2.251017838716506958e-01
1.199000000000000000e+03,1.128645893186330795e-02,2.255083769559860229e-01
1.200000000000000000e+03,1.124543510377407074e-02,2.248327136039733887e-01
1.201000000000000000e+03,1.124125998467206955e-02,2.247208803892135620e-01
1.202000000000000000e+03,1.124099828302860260e-02,2.237246632575988770e-01
1.203000000000000000e+03,1.119184214621782303e-02,2.238533496856689453e-01
1.204000000000000000e+03,1.115643419325351715e-02,2.240785956382751465e-01
1.205000000000000000e+03,1.116183307021856308e-02,2.231059968471527100e-01
1.206000000000000000e+03,1.114087738096714020e-02,2.233085930347442627e-01
1.207000000000000000e+03,1.110505405813455582e-02,2.232725322246551514e-01
1.208000000000000000e+03,1.107510086148977280e-02,2.233257740736007690e-01
1.209000000000000000e+03,1.106449216604232788e-02,2.237071990966796875e-01
1.210000000000000000e+03,1.105582062155008316e-02,2.228705137968063354e-01
1.211000000000000000e+03,1.102419104427099228e-02,2.227182984352111816e-01
1.212000000000000000e+03,1.099307462573051453e-02,2.226082384586334229e-01
1.213000000000000000e+03,1.098044775426387787e-02,2.223434448242187500e-01
1.214000000000000000e+03,1.096839923411607742e-02,2.228380590677261353e-01
1.215000000000000000e+03,1.095383428037166595e-02,2.224314212799072266e-01
1.216000000000000000e+03,1.092631556093692780e-02,2.223168164491653442e-01
1.217000000000000000e+03,1.090366207063198090e-02,2.221001237630844116e-01
1.218000000000000000e+03,1.089062727987766266e-02,2.217067480087280273e-01
1.219000000000000000e+03,1.087825465947389603e-02,2.220289409160614014e-01
1.220000000000000000e+03,1.086223497986793518e-02,2.216885983943939209e-01
1.221000000000000000e+03,1.083989627659320831e-02,2.216493487358093262e-01
1.222000000000000000e+03,1.081807166337966919e-02,2.215985506772994995e-01
1.223000000000000000e+03,1.080338191241025925e-02,2.215151637792587280e-01
1.224000000000000000e+03,1.078936737030744553e-02,2.218247950077056885e-01
1.225000000000000000e+03,1.077494397759437561e-02,2.213958650827407837e-01
1.226000000000000000e+03,1.075596269220113754e-02,2.212230861186981201e-01
1.227000000000000000e+03,1.073656231164932251e-02,2.209814190864562988e-01
1.228000000000000000e+03,1.072024181485176086e-02,2.209052443504333496e-01
1.229000000000000000e+03,1.070538721978664398e-02,2.210980802774429321e-01
1.230000000000000000e+03,1.069127023220062256e-02,2.208637297153472900e-01
1.231000000000000000e+03,1.067526731640100479e-02,2.209273725748062134e-01
1.232000000000000000e+03,1.065780036151409149e-02,2.207470089197158813e-01
1.233000000000000000e+03,1.064109429717063904e-02,2.206881940364837646e-01
1.234000000000000000e+03,1.062491349875926971e-02,2.206566929817199707e-01
1.235000000000000000e+03,1.061038952320814133e-02,2.204085439443588257e-01
1.236000000000000000e+03,1.059569604694843292e-02,2.204196751117706299e-01
1.237000000000000000e+03,1.058023609220981598e-02,2.201930135488510132e-01
1.238000000000000000e+03,1.056434027850627899e-02,2.202393859624862671e-01
1.239000000000000000e+03,1.054808124899864197e-02,2.201795727014541626e-01
1.240000000000000000e+03,1.053263060748577118e-02,2.200640290975570679e-01
1.241000000000000000e+03,1.051764748990535736e-02,2.199679166078567505e-01
1.242000000000000000e+03,1.050296425819396973e-02,2.197275608777999878e-01
1.243000000000000000e+03,1.048839278519153595e-02,2.197878062725067139e-01
1.244000000000000000e+03,1.047327648848295212e-02,2.197031676769256592e-01
1.245000000000000000e+03,1.045804657042026520e-02,2.197236567735671997e-01
1.246000000000000000e+03,1.044268999248743057e-02,2.195992320775985718e-01
1.247000000000000000e+03,1.042763795703649521e-02,2.194955796003341675e-01
1.248000000000000000e+03,1.041298452764749527e-02,2.194595634937286377e-01
1.249000000000000000e+03,1.039843820035457611e-02,2.192993462085723877e-01
1.250000000000000000e+03,1.038400176912546158e-02,2.192454338073730469e-01
1.251000000000000000e+03,1.036940980702638626e-02,2.190765589475631714e-01
1.252000000000000000e+03,1.035472005605697632e-02,2.190980613231658936e-01
1.253000000000000000e+03,1.034003682434558868e-02,2.190483063459396362e-01
1.254000000000000000e+03,1.032535266131162643e-02,2.190389186143875122e-01
1.255000000000000000e+03,1.031084731221199036e-02,2.189542502164840698e-01
1.256000000000000000e+03,1.029642485082149506e-02,2.188105434179306030e-01
1.257000000000000000e+03,1.028213649988174438e-02,2.187120467424392700e-01
1.258000000000000000e+03,1.026791613548994064e-02,2.185664921998977661e-01
1.259000000000000000e+03,1.025370694696903229e-02,2.185456305742263794e-01
1.260000000000000000e+03,1.023950893431901932e-02,2.184395045042037964e-01
1.261000000000000000e+03,1.022526714950799942e-02,2.184264510869979858e-01
1.262000000000000000e+03,1.021105702966451645e-02,2.183361500501632690e-01
1.263000000000000000e+03,1.019685715436935425e-02,2.183133959770202637e-01
1.264000000000000000e+03,1.018270850181579590e-02,2.182110995054244995e-01
1.265000000000000000e+03,1.016862690448760986e-02,2.181032896041870117e-01
1.266000000000000000e+03,1.015455834567546844e-02,2.179842293262481689e-01
1.267000000000000000e+03,1.014058850705623627e-02,2.178968638181686401e-01
1.268000000000000000e+03,1.012666523456573486e-02,2.178591489791870117e-01
1.269000000000000000e+03,1.011278573423624039e-02,2.177838981151580811e-01
1.270000000000000000e+03,1.009891740977764130e-02,2.177372127771377563e-01
1.271000000000000000e+03,1.008508726954460144e-02,2.176303714513778687e-01
1.272000000000000000e+03,1.007130742073059082e-02,2.175818979740142822e-01
1.273000000000000000e+03,1.005753874778747559e-02,2.174642682075500488e-01
1.274000000000000000e+03,1.004381105303764343e-02,2.174133956432342529e-01
1.275000000000000000e+03,1.003011316061019897e-02,2.172937095165252686e-01
1.276000000000000000e+03,1.001643389463424683e-02,2.172601819038391113e-01
1.277000000000000000e+03,1.000279840081930161e-02,2.171533554792404175e-01
1.278000000000000000e+03,9.989198297262191772e-03,2.171324938535690308e-01
1.279000000000000000e+03,9.975634515285491943e-03,2.170082032680511475e-01
1.280000000000000000e+03,9.962137788534164429e-03,2.169733196496963501e-01
1.281000000000000000e+03,9.948661550879478455e-03,2.168266028165817261e-01
1.282000000000000000e+03,9.935261681675910950e-03,2.168179303407669067e-01
1.283000000000000000e+03,9.921962395310401917e-03,2.166703939437866211e-01
1.284000000000000000e+03,9.908773005008697510e-03,2.166855037212371826e-01
1.285000000000000000e+03,9.895757772028446198e-03,2.164929360151290894e-01
1.286000000000000000e+03,9.883027523756027222e-03,2.165426313877105713e-01
1.287000000000000000e+03,9.870719164609909058e-03,2.163009941577911377e-01
1.288000000000000000e+03,9.859099052846431732e-03,2.164191305637359619e-01
1.289000000000000000e+03,9.848659858107566833e-03,2.160782068967819214e-01
1.290000000000000000e+03,9.840212762355804443e-03,2.163151949644088745e-01
1.291000000000000000e+03,9.835203178226947784e-03,2.158198952674865723e-01
1.292000000000000000e+03,9.836431592702865601e-03,2.162698507308959961e-01
1.293000000000000000e+03,9.848623536527156830e-03,2.154685556888580322e-01
1.294000000000000000e+03,9.881437756121158600e-03,2.162712216377258301e-01
1.295000000000000000e+03,9.950950741767883301e-03,2.149039059877395630e-01
1.296000000000000000e+03,1.009131595492362976e-02,2.163062542676925659e-01
1.297000000000000000e+03,1.035434380173683167e-02,2.139090299606323242e-01
1.298000000000000000e+03,1.085521280765533447e-02,2.160852551460266113e-01
1.299000000000000000e+03,1.171734370291233063e-02,2.120339572429656982e-01
1.300000000000000000e+03,1.320792455226182938e-02,2.140417248010635376e-01
1.301000000000000000e+03,1.521325856447219849e-02,2.091984748840332031e-01
1.302000000000000000e+03,1.746321283280849457e-02,2.081535309553146362e-01
1.303000000000000000e+03,1.835497841238975525e-02,2.094075381755828857e-01
1.304000000000000000e+03,1.629836298525333405e-02,2.119174748659133911e-01
1.305000000000000000e+03,1.253412477672100067e-02,2.118954509496688843e-01
1.306000000000000000e+03,9.973436594009399414e-03,2.116423696279525757e-01
1.307000000000000000e+03,1.034032367169857025e-02,2.110243588685989380e-01
1.308000000000000000e+03,1.231932360678911209e-02,2.083465158939361572e-01
1.309000000000000000e+03,1.305410172790288925e-02,2.053283154964447021e-01
1.310000000000000000e+03,1.151016913354396820e-02,2.054793834686279297e-01
1.311000000000000000e+03,9.859682992100715637e-03,2.073127329349517822e-01
1.312000000000000000e+03,1.023872941732406616e-02,2.088585197925567627e-01
1.313000000000000000e+03,1.153078116476535797e-02,2.091986238956451416e-01
1.314000000000000000e+03,1.152623165398836136e-02,2.078680098056793213e-01
1.315000000000000000e+03,1.028451509773731232e-02,2.064998596906661987e-01
1.316000000000000000e+03,9.687243029475212097e-03,2.059092521667480469e-01
1.317000000000000000e+03,1.033615879714488983e-02,2.056197524070739746e-01
1.318000000000000000e+03,1.088459230959415436e-02,2.070724815130233765e-01
1.319000000000000000e+03,1.041338965296745300e-02,2.083529531955718994e-01
1.320000000000000000e+03,9.708223864436149597e-03,2.092695534229278564e-01
1.321000000000000000e+03,9.727632626891136169e-03,2.094048708677291870e-01
1.322000000000000000e+03,1.022245548665523529e-02,2.090012431144714355e-01
1.323000000000000000e+03,1.033196784555912018e-02,2.083930820226669312e-01
1.324000000000000000e+03,9.900954551994800568e-03,2.084419280290603638e-01
1.325000000000000000e+03,9.532852098345756531e-03,2.093754410743713379e-01
1.326000000000000000e+03,9.633954614400863647e-03,2.105655968189239502e-01
1.327000000000000000e+03,9.929960593581199646e-03,2.121963948011398315e-01
1.328000000000000000e+03,9.983561933040618896e-03,2.118740826845169067e-01
1.329000000000000000e+03,9.740002453327178955e-03,2.120451182126998901e-01
1.330000000000000000e+03,9.472460485994815826e-03,2.116897702217102051e-01
1.331000000000000000e+03,9.420288726687431335e-03,2.114673405885696411e-01
1.332000000000000000e+03,9.557918645441532135e-03,2.124961763620376587e-01
1.333000000000000000e+03,9.697818197309970856e-03,2.123049944639205933e-01
1.334000000000000000e+03,9.705562144517898560e-03,2.136648148298263550e-01
1.335000000000000000e+03,9.585806168615818024e-03,2.131994366645812988e-01
1.336000000000000000e+03,9.434161707758903503e-03,2.135404497385025024e-01
1.337000000000000000e+03,9.331941604614257812e-03,2.133285999298095703e-01
1.338000000000000000e+03,9.311396628618240356e-03,2.129210680723190308e-01
1.339000000000000000e+03,9.354630485177040100e-03,2.135155051946640015e-01
1.340000000000000000e+03,9.421469643712043762e-03,2.127545624971389771e-01
1.341000000000000000e+03,9.477993473410606384e-03,2.136868834495544434e-01
1.342000000000000000e+03,9.501704014837741852e-03,2.126836776733398438e-01
1.343000000000000000e+03,9.494451805949211121e-03,2.135325074195861816e-01
1.344000000000000000e+03,9.456662461161613464e-03,2.124459147453308105e-01
1.345000000000000000e+03,9.405163116753101349e-03,2.129997760057449341e-01
1.346000000000000000e+03,9.345351718366146088e-03,2.121651619672775269e-01
1.347000000000000000e+03,9.288523346185684204e-03,2.125708460807800293e-01
1.348000000000000000e+03,9.237373247742652893e-03,2.120830714702606201e-01
1.349000000000000000e+03,9.195662103593349457e-03,2.122578769922256470e-01
1.350000000000000000e+03,9.163560345768928528e-03,2.119607627391815186e-01
1.351000000000000000e+03,9.140325710177421570e-03,2.118437886238098145e-01
1.352000000000000000e+03,9.124320000410079956e-03,2.116864174604415894e-01
1.353000000000000000e+03,9.113728068768978119e-03,2.114540636539459229e-01
1.354000000000000000e+03,9.107131510972976685e-03,2.115360200405120850e-01
1.355000000000000000e+03,9.103510528802871704e-03,2.112298905849456787e-01
1.356000000000000000e+03,9.102482348680496216e-03,2.114353179931640625e-01
1.357000000000000000e+03,9.104207158088684082e-03,2.110115885734558105e-01
1.358000000000000000e+03,9.110068902373313904e-03,2.113493978977203369e-01
1.359000000000000000e+03,9.121745824813842773e-03,2.107676863670349121e-01
1.360000000000000000e+03,9.143890812993049622e-03,2.112532854080200195e-01
1.361000000000000000e+03,9.181081317365169525e-03,2.104770392179489136e-01
1.362000000000000000e+03,9.246253408491611481e-03,2.112153023481369019e-01
1.363000000000000000e+03,9.351568296551704407e-03,2.100560665130615234e-01
1.364000000000000000e+03,9.533890523016452789e-03,2.110754251480102539e-01
1.365000000000000000e+03,9.822479449212551117e-03,2.092747837305068970e-01
1.366000000000000000e+03,1.031535398215055466e-02,2.104990035295486450e-01
1.367000000000000000e+03,1.104064565151929855e-02,2.079741060733795166e-01
1.368000000000000000e+03,1.217077113687992096e-02,2.087298035621643066e-01
1.369000000000000000e+03,1.348657347261905670e-02,2.065679132938385010e-01
1.370000000000000000e+03,1.488207094371318817e-02,2.060411125421524048e-01
1.371000000000000000e+03,1.541336439549922943e-02,2.065423130989074707e-01
1.372000000000000000e+03,1.454056240618228912e-02,2.068626135587692261e-01
1.373000000000000000e+03,1.228530146181583405e-02,2.065443396568298340e-01
1.374000000000000000e+03,9.980932809412479401e-03,2.062900960445404053e-01
1.375000000000000000e+03,8.960023522377014160e-03,2.063361257314682007e-01
1.376000000000000000e+03,9.620413184165954590e-03,2.059598565101623535e-01
1.377000000000000000e+03,1.089852489531040192e-02,2.046743780374526978e-01
1.378000000000000000e+03,1.129876077175140381e-02,2.037922888994216919e-01
1.379000000000000000e+03,1.043589133769273758e-02,2.027246356010437012e-01
1.380000000000000000e+03,9.253772906959056854e-03,2.039578855037689209e-01
1.381000000000000000e+03,8.964182808995246887e-03,2.057310342788696289e-01
1.382000000000000000e+03,9.618854150176048279e-03,2.061590254306793213e-01
1.383000000000000000e+03,1.023713126778602600e-02,2.049337923526763916e-01
1.384000000000000000e+03,1.010548975318670273e-02,2.027488648891448975e-01
1.385000000000000000e+03,9.403925389051437378e-03,2.028839290142059326e-01
1.386000000000000000e+03,8.891645818948745728e-03,2.045342624187469482e-01
1.387000000000000000e+03,9.020718745887279510e-03,2.062574476003646851e-01
1.388000000000000000e+03,9.484132751822471619e-03,2.067015469074249268e-01
1.389000000000000000e+03,9.689889848232269287e-03,2.061783224344253540e-01
1.390000000000000000e+03,9.418053552508354187e-03,2.052225619554519653e-01
1.391000000000000000e+03,8.982390165328979492e-03,2.050739228725433350e-01
1.392000000000000000e+03,8.777970448136329651e-03,2.061671465635299683e-01
1.393000000000000000e+03,8.905807510018348694e-03,2.075824439525604248e-01
1.394000000000000000e+03,9.157532826066017151e-03,2.088899612426757812e-01
1.395000000000000000e+03,9.274267591536045074e-03,2.080512195825576782e-01
1.396000000000000000e+03,9.174454025924205780e-03,2.076377868652343750e-01
1.397000000000000000e+03,8.944577537477016449e-03,2.071295380592346191e-01
1.398000000000000000e+03,8.746948093175888062e-03,2.079273313283920288e-01
1.399000000000000000e+03,8.676324039697647095e-03,2.092402726411819458e-01
1.400000000000000000e+03,8.740661665797233582e-03,2.096123844385147095e-01
1.401000000000000000e+03,8.870029821991920471e-03,2.102697491645812988e-01
1.402000000000000000e+03,8.984187617897987366e-03,2.086810469627380371e-01
1.403000000000000000e+03,9.049020707607269287e-03,2.086378931999206543e-01
1.404000000000000000e+03,9.039488621056079865e-03,2.079262882471084595e-01
1.405000000000000000e+03,8.965533226728439331e-03,2.092876583337783813e-01
1.406000000000000000e+03,8.850516751408576965e-03,2.094103842973709106e-01
1.407000000000000000e+03,8.742908015847206116e-03,2.101720571517944336e-01
1.408000000000000000e+03,8.656302466988563538e-03,2.094469964504241943e-01
1.409000000000000000e+03,8.594189770519733429e-03,2.090263366699218750e-01
1.410000000000000000e+03,8.555956184864044189e-03,2.085635960102081299e-01
1.411000000000000000e+03,8.537048473954200745e-03,2.085983455181121826e-01
1.412000000000000000e+03,8.530234917998313904e-03,2.091211080551147461e-01
1.413000000000000000e+03,8.534477092325687408e-03,2.090895175933837891e-01
1.414000000000000000e+03,8.548554033041000366e-03,2.092573344707489014e-01
1.415000000000000000e+03,8.570487610995769501e-03,2.082904279232025146e-01
1.416000000000000000e+03,8.605724200606346130e-03,2.083693146705627441e-01
1.417000000000000000e+03,8.657961152493953705e-03,2.076714932918548584e-01
1.418000000000000000e+03,8.734188973903656006e-03,2.085529118776321411e-01
1.419000000000000000e+03,8.840702474117279053e-03,2.077612727880477905e-01
1.420000000000000000e+03,9.012058377265930176e-03,2.086053341627120972e-01
1.421000000000000000e+03,9.263200685381889343e-03,2.067963182926177979e-01
1.422000000000000000e+03,9.669909253716468811e-03,2.073319256305694580e-01
1.423000000000000000e+03,1.021247915923595428e-02,2.056727856397628784e-01
1.424000000000000000e+03,1.097565051168203354e-02,2.063814699649810791e-01
1.425000000000000000e+03,1.177418045699596405e-02,2.050136029720306396e-01
1.426000000000000000e+03,1.262745819985866547e-02,2.047807574272155762e-01
1.427000000000000000e+03,1.300440542399883270e-02,2.043255418539047241e-01
1.428000000000000000e+03,1.275560632348060608e-02,2.038076817989349365e-01
1.429000000000000000e+03,1.158105768263339996e-02,2.041623592376708984e-01
1.430000000000000000e+03,1.001209020614624023e-02,2.044815719127655029e-01
1.431000000000000000e+03,8.748658001422882080e-03,2.046253383159637451e-01
1.432000000000000000e+03,8.400732651352882385e-03,2.042990773916244507e-01
1.433000000000000000e+03,8.908022195100784302e-03,2.034365385770797729e-01
1.434000000000000000e+03,9.672913700342178345e-03,2.023736387491226196e-01
1.435000000000000000e+03,1.003618631511926651e-02,2.009609490633010864e-01
1.436000000000000000e+03,9.672081097960472107e-03,2.023164182901382446e-01
1.437000000000000000e+03,8.910417556762695312e-03,2.035400122404098511e-01
1.438000000000000000e+03,8.394845761358737946e-03,2.041617482900619507e-01
1.439000000000000000e+03,8.428627625107765198e-03,2.036671489477157593e-01
1.440000000000000000e+03,8.829156868159770966e-03,2.024365514516830444e-01
1.441000000000000000e+03,9.186500683426856995e-03,2.019248902797698975e-01
1.442000000000000000e+03,9.198275394737720490e-03,2.018986940383911133e-01
1.443000000000000000e+03,8.853089064359664917e-03,2.034873515367507935e-01
1.444000000000000000e+03,8.447149768471717834e-03,2.050194442272186279e-01
1.445000000000000000e+03,8.269993588328361511e-03,2.054985612630844116e-01
1.446000000000000000e+03,8.355529047548770905e-03,2.046211659908294678e-01
1.447000000000000000e+03,8.576930500566959381e-03,2.037592083215713501e-01
1.448000000000000000e+03,8.762566372752189636e-03,2.036439031362533569e-01
1.449000000000000000e+03,8.783847093582153320e-03,2.047317326068878174e-01
1.450000000000000000e+03,8.632121607661247253e-03,2.057075351476669312e-01
1.451000000000000000e+03,8.424305357038974762e-03,2.068061977624893188e-01
1.452000000000000000e+03,8.258521556854248047e-03,2.065834105014801025e-01
1.453000000000000000e+03,8.172092027962207794e-03,2.060086280107498169e-01
1.454000000000000000e+03,8.169520646333694458e-03,2.058289349079132080e-01
1.455000000000000000e+03,8.228115737438201904e-03,2.058921456336975098e-01
1.456000000000000000e+03,8.311572484672069550e-03,2.070958912372589111e-01
1.457000000000000000e+03,8.399740792810916901e-03,2.068623155355453491e-01
1.458000000000000000e+03,8.494105190038681030e-03,2.075478434562683105e-01
1.459000000000000000e+03,8.588478900492191315e-03,2.061166465282440186e-01
1.460000000000000000e+03,8.707329630851745605e-03,2.065961062908172607e-01
1.461000000000000000e+03,8.832320570945739746e-03,2.056569457054138184e-01
1.462000000000000000e+03,8.990745060145854950e-03,2.069891989231109619e-01
1.463000000000000000e+03,9.158192202448844910e-03,2.057927399873733521e-01
1.464000000000000000e+03,9.408285841345787048e-03,2.066946178674697876e-01
1.465000000000000000e+03,9.674821980297565460e-03,2.047144472599029541e-01
1.466000000000000000e+03,1.002695597708225250e-02,2.050210833549499512e-01
1.467000000000000000e+03,1.027651503682136536e-02,2.040937989950180054e-01
1.468000000000000000e+03,1.043249852955341339e-02,2.047815918922424316e-01
1.469000000000000000e+03,1.030219718813896179e-02,2.039210796356201172e-01
1.470000000000000000e+03,9.989289566874504089e-03,2.039320170879364014e-01
1.471000000000000000e+03,9.418917819857597351e-03,2.035013437271118164e-01
1.472000000000000000e+03,8.798488415777683258e-03,2.037033140659332275e-01
1.473000000000000000e+03,8.276076987385749817e-03,2.037217170000076294e-01
1.474000000000000000e+03,8.014024235308170319e-03,2.037005424499511719e-01
1.475000000000000000e+03,8.034285157918930054e-03,2.035117149353027344e-01
1.476000000000000000e+03,8.247398771345615387e-03,2.028139829635620117e-01
1.477000000000000000e+03,8.512763306498527527e-03,2.024432867765426636e-01
1.478000000000000000e+03,8.682955056428909302e-03,2.024622708559036255e-01
1.479000000000000000e+03,8.692054077982902527e-03,2.028415203094482422e-01
1.480000000000000000e+03,8.537201210856437683e-03,2.030649632215499878e-01
1.481000000000000000e+03,8.312968537211418152e-03,2.033882439136505127e-01
1.482000000000000000e+03,8.097053505480289459e-03,2.032882571220397949e-01
1.483000000000000000e+03,7.954349741339683533e-03,2.033373862504959106e-01
1.484000000000000000e+03,7.902411743998527527e-03,2.035446166992187500e-01
1.485000000000000000e+03,7.928397506475448608e-03,2.037387192249298096e-01
1.486000000000000000e+03,8.003313094377517700e-03,2.042593806982040405e-01
1.487000000000000000e+03,8.097970858216285706e-03,2.040334939956665039e-01
1.488000000000000000e+03,8.196725510060787201e-03,2.044419497251510620e-01
1.489000000000000000e+03,8.285069838166236877e-03,2.040192186832427979e-01
1.490000000000000000e+03,8.373562246561050415e-03,2.047147601842880249e-01
1.491000000000000000e+03,8.453508839011192322e-03,2.042510956525802612e-01
1.492000000000000000e+03,8.558735251426696777e-03,2.051299959421157837e-01
1.493000000000000000e+03,8.681200444698333740e-03,2.041956931352615356e-01
1.494000000000000000e+03,8.878309279680252075e-03,2.049480974674224854e-01
1.495000000000000000e+03,9.119575843214988708e-03,2.037565708160400391e-01
1.496000000000000000e+03,9.483912959694862366e-03,2.045115828514099121e-01
1.497000000000000000e+03,9.885058738291263580e-03,2.032547295093536377e-01
1.498000000000000000e+03,1.041348651051521301e-02,2.036076486110687256e-01
1.499000000000000000e+03,1.083843596279621124e-02,2.026136517524719238e-01
1.500000000000000000e+03,1.118379458785057068e-02,2.024409174919128418e-01
1.501000000000000000e+03,1.108339615166187286e-02,2.022266387939453125e-01
1.502000000000000000e+03,1.058826129883527756e-02,2.022036761045455933e-01
1.503000000000000000e+03,9.648719802498817444e-03,2.021212279796600342e-01
1.504000000000000000e+03,8.664393797516822815e-03,2.022509425878524780e-01
1.505000000000000000e+03,7.948528975248336792e-03,2.022394090890884399e-01
1.506000000000000000e+03,7.744234986603260040e-03,2.019868791103363037e-01
1.507000000000000000e+03,7.999930530786514282e-03,2.015242874622344971e-01
1.508000000000000000e+03,8.448252454400062561e-03,2.007768005132675171e-01
1.509000000000000000e+03,8.781999349594116211e-03,1.999534070491790771e-01
1.510000000000000000e+03,8.769017644226551056e-03,2.005777955055236816e-01
1.511000000000000000e+03,8.444517850875854492e-03,2.011207938194274902e-01
1.512000000000000000e+03,8.020147681236267090e-03,2.014614194631576538e-01
1.513000000000000000e+03,7.739053107798099518e-03,2.014233320951461792e-01
1.514000000000000000e+03,7.696744985878467560e-03,2.011583596467971802e-01
1.515000000000000000e+03,7.845586165785789490e-03,2.009120732545852661e-01
1.516000000000000000e+03,8.053926751017570496e-03,2.009772956371307373e-01
1.517000000000000000e+03,8.181397803127765656e-03,2.013891339302062988e-01
1.518000000000000000e+03,8.172039873898029327e-03,2.019978165626525879e-01
1.519000000000000000e+03,8.039563894271850586e-03,2.021201103925704956e-01
1.520000000000000000e+03,7.863957434892654419e-03,2.023550122976303101e-01
1.521000000000000000e+03,7.707183714956045151e-03,2.023809254169464111e-01
1.522000000000000000e+03,7.613411173224449158e-03,2.026728838682174683e-01
1.523000000000000000e+03,7.589787244796752930e-03,2.031129300594329834e-01
1.524000000000000000e+03,7.622101344168186188e-03,2.032395750284194946e-01
1.525000000000000000e+03,7.688455749303102493e-03,2.037159353494644165e-01
1.526000000000000000e+03,7.770631927996873856e-03,2.033106833696365356e-01
1.527000000000000000e+03,7.864832878112792969e-03,2.038456052541732788e-01
1.528000000000000000e+03,7.963973097503185272e-03,2.033737748861312866e-01
1.529000000000000000e+03,8.086828514933586121e-03,2.042751163244247437e-01
1.530000000000000000e+03,8.231643587350845337e-03,2.033825069665908813e-01
1.531000000000000000e+03,8.453300222754478455e-03,2.042038142681121826e-01
1.532000000000000000e+03,8.740628138184547424e-03,2.027738690376281738e-01
1.533000000000000000e+03,9.191633202135562897e-03,2.035208940505981445e-01
1.534000000000000000e+03,9.731357917189598083e-03,2.020972222089767456e-01
1.535000000000000000e+03,1.048249192535877228e-02,2.025015801191329956e-01
1.536000000000000000e+03,1.117431372404098511e-02,2.013702392578125000e-01
1.537000000000000000e+03,1.182819996029138565e-02,2.007787674665451050e-01
1.538000000000000000e+03,1.187069155275821686e-02,2.010689824819564819e-01
1.539000000000000000e+03,1.125573087483644485e-02,2.009068727493286133e-01
1.540000000000000000e+03,9.929252788424491882e-03,2.004954665899276733e-01
1.541000000000000000e+03,8.533783257007598877e-03,2.001389861106872559e-01
1.542000000000000000e+03,7.610743865370750427e-03,2.003089487552642822e-01
1.543000000000000000e+03,7.538125384598970413e-03,2.003062665462493896e-01
1.544000000000000000e+03,8.117306046187877655e-03,1.995622366666793823e-01
1.545000000000000000e+03,8.756617084145545959e-03,1.982945650815963745e-01
1.546000000000000000e+03,8.947669528424739838e-03,1.963325291872024536e-01
1.547000000000000000e+03,8.513436652719974518e-03,1.977935731410980225e-01
1.548000000000000000e+03,7.819693535566329956e-03,1.990135759115219116e-01
1.549000000000000000e+03,7.446418516337871552e-03,1.993885636329650879e-01
1.550000000000000000e+03,7.573606446385383606e-03,1.984750479459762573e-01
1.551000000000000000e+03,7.962157949805259705e-03,1.966059952974319458e-01
1.552000000000000000e+03,8.221555501222610474e-03,1.964889913797378540e-01
1.553000000000000000e+03,8.116131648421287537e-03,1.963906437158584595e-01
1.554000000000000000e+03,7.742913905531167984e-03,1.977723985910415649e-01
1.555000000000000000e+03,7.435508072376251221e-03,1.987022608518600464e-01
1.556000000000000000e+03,7.404613774269819260e-03,1.985640078783035278e-01
1.557000000000000000e+03,7.584547623991966248e-03,1.976597160100936890e-01
1.558000000000000000e+03,7.781790569424629211e-03,1.964032202959060669e-01
1.559000000000000000e+03,7.820417173206806183e-03,1.970335245132446289e-01
1.560000000000000000e+03,7.668562233448028564e-03,1.977431476116180420e-01
1.561000000000000000e+03,7.457766681909561157e-03,1.986012905836105347e-01
1.562000000000000000e+03,7.332568988204002380e-03,1.988071650266647339e-01
1.563000000000000000e+03,7.339378818869590759e-03,1.984393745660781860e-01
1.564000000000000000e+03,7.435628212988376617e-03,1.981037557125091553e-01
1.565000000000000000e+03,7.535779848694801331e-03,1.979607790708541870e-01
1.566000000000000000e+03,7.563665509223937988e-03,1.987501829862594604e-01
1.567000000000000000e+03,7.510699331760406494e-03,1.994219571352005005e-01
1.568000000000000000e+03,7.414658553898334503e-03,1.995947808027267456e-01
1.569000000000000000e+03,7.317886687815189362e-03,1.994838267564773560e-01
1.570000000000000000e+03,7.252858020365238190e-03,1.994678527116775513e-01
1.571000000000000000e+03,7.232463918626308441e-03,1.998365372419357300e-01
1.572000000000000000e+03,7.244973909109830856e-03,2.004649192094802856e-01
1.573000000000000000e+03,7.276199758052825928e-03,2.007787823677062988e-01
1.574000000000000000e+03,7.315848954021930695e-03,2.011138945817947388e-01
1.575000000000000000e+03,7.354436442255973816e-03,2.008307129144668579e-01
1.576000000000000000e+03,7.392101921141147614e-03,2.011608928442001343e-01
1.577000000000000000e+03,7.428744342178106308e-03,2.011937946081161499e-01
1.578000000000000000e+03,7.476067170500755310e-03,2.020997703075408936e-01
1.579000000000000000e+03,7.540099322795867920e-03,2.016934752464294434e-01
1.580000000000000000e+03,7.653890177607536316e-03,2.023240029811859131e-01
1.581000000000000000e+03,7.830147631466388702e-03,2.013132125139236450e-01
1.582000000000000000e+03,8.140495046973228455e-03,2.020969986915588379e-01
1.583000000000000000e+03,8.600536733865737915e-03,2.008911818265914917e-01
1.584000000000000000e+03,9.381343610584735870e-03,2.016446888446807861e-01
1.585000000000000000e+03,1.045236829668283463e-02,1.998072266578674316e-01
1.586000000000000000e+03,1.208151504397392273e-02,1.986422836780548096e-01
1.587000000000000000e+03,1.369636598974466324e-02,1.998800784349441528e-01
1.588000000000000000e+03,1.486588921397924423e-02,1.990627199411392212e-01
1.589000000000000000e+03,1.455751806497573853e-02,1.971237063407897949e-01
1.590000000000000000e+03,1.271071936935186386e-02,1.924728006124496460e-01
1.591000000000000000e+03,9.613523259758949280e-03,1.975244730710983276e-01
1.592000000000000000e+03,7.329070009291172028e-03,2.019225656986236572e-01
1.593000000000000000e+03,7.619671523571014404e-03,2.037847787141799927e-01
1.594000000000000000e+03,9.409280493855476379e-03,1.987507641315460205e-01
1.595000000000000000e+03,1.092812884598970413e-02,1.901255249977111816e-01
1.596000000000000000e+03,1.040152274072170258e-02,1.885439157485961914e-01
1.597000000000000000e+03,8.166316896677017212e-03,1.883869320154190063e-01
1.598000000000000000e+03,7.151829078793525696e-03,1.897291839122772217e-01
1.599000000000000000e+03,8.278561756014823914e-03,1.923502534627914429e-01
1.600000000000000000e+03,9.285382926464080811e-03,1.910741329193115234e-01
1.601000000000000000e+03,8.478649891912937164e-03,1.875866502523422241e-01
1.602000000000000000e+03,7.229221519082784653e-03,1.847870647907257080e-01
1.603000000000000000e+03,7.266393862664699554e-03,1.849815547466278076e-01
1.604000000000000000e+03,8.070146664977073669e-03,1.882150173187255859e-01
1.605000000000000000e+03,8.095152676105499268e-03,1.892564296722412109e-01
1.606000000000000000e+03,7.333608344197273254e-03,1.872941255569458008e-01
1.607000000000000000e+03,7.022896315902471542e-03,1.853592246770858765e-01
1.608000000000000000e+03,7.482997141778469086e-03,1.846264898777008057e-01
1.609000000000000000e+03,7.715944200754165649e-03,1.855671256780624390e-01
1.610000000000000000e+03,7.284095510840415955e-03,1.867208629846572876e-01
1.611000000000000000e+03,6.951928138732910156e-03,1.874042898416519165e-01
1.612000000000000000e+03,7.175155915319919586e-03,1.867996603250503540e-01
1.613000000000000000e+03,7.406925316900014877e-03,1.856375932693481445e-01
1.614000000000000000e+03,7.236978039145469666e-03,1.851913928985595703e-01
1.615000000000000000e+03,6.951859220862388611e-03,1.859152019023895264e-01
1.616000000000000000e+03,6.935936398804187775e-03,1.872112751007080078e-01
1.617000000000000000e+03,7.129681296646595001e-03,1.877804249525070190e-01
1.618000000000000000e+03,7.166586816310882568e-03,1.872151345014572144e-01
1.619000000000000000e+03,6.971046328544616699e-03,1.858238875865936279e-01
1.620000000000000000e+03,6.833598949015140533e-03,1.851261854171752930e-01
1.621000000000000000e+03,6.899569183588027954e-03,1.859258413314819336e-01
1.622000000000000000e+03,6.996413692831993103e-03,1.877154409885406494e-01
1.623000000000000000e+03,6.965029053390026093e-03,1.881458163261413574e-01
1.624000000000000000e+03,6.845577154308557510e-03,1.866631358861923218e-01
1.625000000000000000e+03,6.769992876797914505e-03,1.850915998220443726e-01
1.626000000000000000e+03,6.810165941715240479e-03,1.848906725645065308e-01
1.627000000000000000e+03,6.859110668301582336e-03,1.861748993396759033e-01
1.628000000000000000e+03,6.834822241216897964e-03,1.867407858371734619e-01
1.629000000000000000e+03,6.766602862626314163e-03,1.861220747232437134e-01
1.630000000000000000e+03,6.718185730278491974e-03,1.851004064083099365e-01
1.631000000000000000e+03,6.719685159623622894e-03,1.845156550407409668e-01
1.632000000000000000e+03,6.747938692569732666e-03,1.846988350152969360e-01
1.633000000000000000e+03,6.748144514858722687e-03,1.848559677600860596e-01
1.634000000000000000e+03,6.707842461764812469e-03,1.851041764020919800e-01
1.635000000000000000e+03,6.669516675174236298e-03,1.851183176040649414e-01
1.636000000000000000e+03,6.650364026427268982e-03,1.846746057271957397e-01
1.637000000000000000e+03,6.657542660832405090e-03,1.839805990457534790e-01
1.638000000000000000e+03,6.665040738880634308e-03,1.836480200290679932e-01
1.639000000000000000e+03,6.653419695794582367e-03,1.843029260635375977e-01
1.640000000000000000e+03,6.625691428780555725e-03,1.847980767488479614e-01
1.641000000000000000e+03,6.600631400942802429e-03,1.844038516283035278e-01
1.642000000000000000e+03,6.585487164556980133e-03,1.836159229278564453e-01
1.643000000000000000e+03,6.584462244063615799e-03,1.834080815315246582e-01
1.644000000000000000e+03,6.584551185369491577e-03,1.839698851108551025e-01
1.645000000000000000e+03,6.575265899300575256e-03,1.842343658208847046e-01
1.646000000000000000e+03,6.559685803949832916e-03,1.838871687650680542e-01
1.647000000000000000e+03,6.540141999721527100e-03,1.833943724632263184e-01
1.648000000000000000e+03,6.524229887872934341e-03,1.833006441593170166e-01
1.649000000000000000e+03,6.515044718980789185e-03,1.834594607353210449e-01
1.650000000000000000e+03,6.509938277304172516e-03,1.834910064935684204e-01
1.651000000000000000e+03,6.503834389150142670e-03,1.834298223257064819e-01
1.652000000000000000e+03,6.495865061879158020e-03,1.832717061042785645e-01
1.653000000000000000e+03,6.482950411736965179e-03,1.831021308898925781e-01
1.654000000000000000e+03,6.469070445746183395e-03,1.828608959913253784e-01
1.655000000000000000e+03,6.455500610172748566e-03,1.828185319900512695e-01
1.656000000000000000e+03,6.444066297262907028e-03,1.830087155103683472e-01
1.657000000000000000e+03,6.435105577111244202e-03,1.830746829509735107e-01
1.658000000000000000e+03,6.427502259612083435e-03,1.827766597270965576e-01
1.659000000000000000e+03,6.419595330953598022e-03,1.823484599590301514e-01
1.660000000000000000e+03,6.411160342395305634e-03,1.823492646217346191e-01
1.661000000000000000e+03,6.401085294783115387e-03,1.825792640447616577e-01
1.662000000000000000e+03,6.389955990016460419e-03,1.826683133840560913e-01
1.663000000000000000e+03,6.378717720508575439e-03,1.824218481779098511e-01
1.664000000000000000e+03,6.367388181388378143e-03,1.821762919425964355e-01
1.665000000000000000e+03,6.356798112392425537e-03,1.821236610412597656e-01
1.666000000000000000e+03,6.346961949020624161e-03,1.821772009134292603e-01
1.667000000000000000e+03,6.337630096822977066e-03,1.821915507316589355e-01
1.668000000000000000e+03,6.328704766929149628e-03,1.821238100528717041e-01
1.669000000000000000e+03,6.320011802017688751e-03,1.820509880781173706e-01
1.670000000000000000e+03,6.311100441962480545e-03,1.819151788949966431e-01
1.671000000000000000e+03,6.302165333181619644e-03,1.818271726369857788e-01
1.672000000000000000e+03,6.292924284934997559e-03,1.817935556173324585e-01
1.673000000000000000e+03,6.283534690737724304e-03,1.818686276674270630e-01
1.674000000000000000e+03,6.274022161960601807e-03,1.818177849054336548e-01
1.675000000000000000e+03,6.264430470764636993e-03,1.816614568233489990e-01
1.676000000000000000e+03,6.254808045923709869e-03,1.814902424812316895e-01
1.677000000000000000e+03,6.245283409953117371e-03,1.815133094787597656e-01
1.678000000000000000e+03,6.235719658434391022e-03,1.815430521965026855e-01
1.679000000000000000e+03,6.226317025721073151e-03,1.814887821674346924e-01
1.680000000000000000e+03,6.217002402991056442e-03,1.813211888074874878e-01
1.681000000000000000e+03,6.207791157066822052e-03,1.812532544136047363e-01
1.682000000000000000e+03,6.198768038302659988e-03,1.812187880277633667e-01
1.683000000000000000e+03,6.189956329762935638e-03,1.812164187431335449e-01
1.684000000000000000e+03,6.181414239108562469e-03,1.811294257640838623e-01
1.685000000000000000e+03,6.173333153128623962e-03,1.810854375362396240e-01
1.686000000000000000e+03,6.165881175547838211e-03,1.809727251529693604e-01
1.687000000000000000e+03,6.159443873912096024e-03,1.809318512678146362e-01
1.688000000000000000e+03,6.154654081910848618e-03,1.808288991451263428e-01
1.689000000000000000e+03,6.152498535811901093e-03,1.808817684650421143e-01
1.690000000000000000e+03,6.154838949441909790e-03,1.807708740234375000e-01
1.691000000000000000e+03,6.164720747619867325e-03,1.807702928781509399e-01
1.692000000000000000e+03,6.187975872308015823e-03,1.805302351713180542e-01
1.693000000000000000e+03,6.234196014702320099e-03,1.806714981794357300e-01
1.694000000000000000e+03,6.322355940937995911e-03,1.804205477237701416e-01
1.695000000000000000e+03,6.484043318778276443e-03,1.806711554527282715e-01
1.696000000000000000e+03,6.784685887396335602e-03,1.801465004682540894e-01
1.697000000000000000e+03,7.326146122068166733e-03,1.806525290012359619e-01
1.698000000000000000e+03,8.325461298227310181e-03,1.797039508819580078e-01
1.699000000000000000e+03,1.005198247730731964e-02,1.809268593788146973e-01
1.700000000000000000e+03,1.305336132645606995e-02,1.792252808809280396e-01
1.701000000000000000e+03,1.739885471761226654e-02,1.814678609371185303e-01
1.702000000000000000e+03,2.298126183450222015e-02,1.785880029201507568e-01
1.703000000000000000e+03,2.601847797632217407e-02,1.813467741012573242e-01
1.704000000000000000e+03,2.323492243885993958e-02,1.774327158927917480e-01
1.705000000000000000e+03,1.335269771516323090e-02,1.806556284427642822e-01
1.706000000000000000e+03,6.440567318350076675e-03,1.844670027494430542e-01
1.707000000000000000e+03,9.211698547005653381e-03,1.886791288852691650e-01
1.708000000000000000e+03,1.538624055683612823e-02,1.675520390272140503e-01
1.709000000000000000e+03,1.670194417238235474e-02,1.527490913867950439e-01
1.710000000000000000e+03,1.013860013335943222e-02,1.355998218059539795e-01
1.711000000000000000e+03,6.916814483702182770e-03,1.238071247935295105e-01
1.712000000000000000e+03,8.630528114736080170e-03,1.099761575460433960e-01
1.713000000000000000e+03,1.400642842054367065e-02,1.136676669120788574e-01
1.714000000000000000e+03,2.390756085515022278e-02,1.226972416043281555e-01
1.715000000000000000e+03,3.299442306160926819e-02,1.529445648193359375e-01
1.716000000000000000e+03,2.236182056367397308e-02,2.006734311580657959e-01
1.717000000000000000e+03,7.927546277642250061e-03,2.362064868211746216e-01
1.718000000000000000e+03,1.296202372759580612e-02,2.595159113407135010e-01
1.719000000000000000e+03,1.672217436134815216e-02,2.824292182922363281e-01
1.720000000000000000e+03,8.651998825371265411e-03,3.000971674919128418e-01
1.721000000000000000e+03,1.415844261646270752e-02,3.082380592823028564e-01
1.722000000000000000e+03,1.383996848016977310e-02,3.080891370773315430e-01
1.723000000000000000e+03,8.941817097365856171e-03,3.077246546745300293e-01
1.724000000000000000e+03,1.372192334383726120e-02,3.043525815010070801e-01
1.725000000000000000e+03,1.387643814086914062e-02,2.922424674034118652e-01
1.726000000000000000e+03,9.152164682745933533e-03,2.858258485794067383e-01
1.727000000000000000e+03,1.361717097461223602e-02,2.810702323913574219e-01
1.728000000000000000e+03,8.377208374440670013e-03,2.768441736698150635e-01
1.729000000000000000e+03,1.213782653212547302e-02,2.667086124420166016e-01
1.730000000000000000e+03,8.971540257334709167e-03,2.592269182205200195e-01
1.731000000000000000e+03,9.444337338209152222e-03,2.557611763477325439e-01
1.732000000000000000e+03,1.014348119497299194e-02,2.535072863101959229e-01
1.733000000000000000e+03,8.229319937527179718e-03,2.480334639549255371e-01
1.734000000000000000e+03,1.005907077342271805e-02,2.463704943656921387e-01
1.735000000000000000e+03,9.098675101995468140e-03,2.473570704460144043e-01
1.736000000000000000e+03,7.890658453106880188e-03,2.492248117923736572e-01
1.737000000000000000e+03,9.652000851929187775e-03,2.447379827499389648e-01
1.738000000000000000e+03,7.803976535797119141e-03,2.419305145740509033e-01
1.739000000000000000e+03,7.968312129378318787e-03,2.408055663108825684e-01
1.740000000000000000e+03,8.631774224340915680e-03,2.341862469911575317e-01
1.741000000000000000e+03,7.536942604929208755e-03,2.237915694713592529e-01
1.742000000000000000e+03,7.070722058415412903e-03,2.141616046428680420e-01
1.743000000000000000e+03,7.883254438638687134e-03,2.068166583776473999e-01
1.744000000000000000e+03,7.196049205958843231e-03,2.036471962928771973e-01
1.745000000000000000e+03,6.976411212235689163e-03,1.980162411928176880e-01
1.746000000000000000e+03,7.354869507253170013e-03,1.865383982658386230e-01
1.747000000000000000e+03,6.820559501647949219e-03,1.770049333572387695e-01
1.748000000000000000e+03,6.446022540330886841e-03,1.716733276844024658e-01
1.749000000000000000e+03,6.928170099854469299e-03,1.673595458269119263e-01
1.750000000000000000e+03,6.806257180869579315e-03,1.672284007072448730e-01
1.751000000000000000e+03,6.541828624904155731e-03,1.702591627836227417e-01
1.752000000000000000e+03,6.741470657289028168e-03,1.748913973569869995e-01
1.753000000000000000e+03,6.547337863594293594e-03,1.799544245004653931e-01
1.754000000000000000e+03,6.192902568727731705e-03,1.859830468893051147e-01
1.755000000000000000e+03,6.481891963630914688e-03,1.884104013442993164e-01
1.756000000000000000e+03,6.318293511867523193e-03,1.878003925085067749e-01
1.757000000000000000e+03,6.153340917080640793e-03,1.832969337701797485e-01
1.758000000000000000e+03,6.286588031798601151e-03,1.785961687564849854e-01
1.759000000000000000e+03,6.155648268759250641e-03,1.773638874292373657e-01
1.760000000000000000e+03,6.081850267946720123e-03,1.782275587320327759e-01
1.761000000000000000e+03,6.167247425764799118e-03,1.803162992000579834e-01
1.762000000000000000e+03,6.010599434375762939e-03,1.828854829072952271e-01
1.763000000000000000e+03,5.952368490397930145e-03,1.843661516904830933e-01
1.764000000000000000e+03,6.048597395420074463e-03,1.824470758438110352e-01
1.765000000000000000e+03,5.930038169026374817e-03,1.794072836637496948e-01
1.766000000000000000e+03,5.862404592335224152e-03,1.778751909732818604e-01
1.767000000000000000e+03,5.931597203016281128e-03,1.791466176509857178e-01
1.768000000000000000e+03,5.916599184274673462e-03,1.815255731344223022e-01
1.769000000000000000e+03,5.800631362944841385e-03,1.836598515510559082e-01
1.770000000000000000e+03,5.841169506311416626e-03,1.836914122104644775e-01
1.771000000000000000e+03,5.845252424478530884e-03,1.817753165960311890e-01
1.772000000000000000e+03,5.768763832747936249e-03,1.787847429513931274e-01
1.773000000000000000e+03,5.759157240390777588e-03,1.781826615333557129e-01
1.774000000000000000e+03,5.799268372356891632e-03,1.800711005926132202e-01
1.775000000000000000e+03,5.736064165830612183e-03,1.819731742143630981e-01
1.776000000000000000e+03,5.708103999495506287e-03,1.816418617963790894e-01
1.777000000000000000e+03,5.719742737710475922e-03,1.801922470331192017e-01
1.778000000000000000e+03,5.711580626666545868e-03,1.793402135372161865e-01
1.779000000000000000e+03,5.665635690093040466e-03,1.791859567165374756e-01
1.780000000000000000e+03,5.667132325470447540e-03,1.790374219417572021e-01
1.781000000000000000e+03,5.671013146638870239e-03,1.790872663259506226e-01
1.782000000000000000e+03,5.646253935992717743e-03,1.793209612369537354e-01
1.783000000000000000e+03,5.625297315418720245e-03,1.793227791786193848e-01
1.784000000000000000e+03,5.628117360174655914e-03,1.789088100194931030e-01
1.785000000000000000e+03,5.620742216706275940e-03,1.785378009080886841e-01
1.786000000000000000e+03,5.592855624854564667e-03,1.785804331302642822e-01
1.787000000000000000e+03,5.585115402936935425e-03,1.789108961820602417e-01
1.788000000000000000e+03,5.588884465396404266e-03,1.791397035121917725e-01
1.789000000000000000e+03,5.574310664087533951e-03,1.790238618850708008e-01
1.790000000000000000e+03,5.552764050662517548e-03,1.785797476768493652e-01
1.791000000000000000e+03,5.551494657993316650e-03,1.781796962022781372e-01
1.792000000000000000e+03,5.546512082219123840e-03,1.784024089574813843e-01
1.793000000000000000e+03,5.529512185603380203e-03,1.788236945867538452e-01
1.794000000000000000e+03,5.518028046935796738e-03,1.787141561508178711e-01
1.795000000000000000e+03,5.516691133379936218e-03,1.781295239925384521e-01
1.796000000000000000e+03,5.507211200892925262e-03,1.778277754783630371e-01
1.797000000000000000e+03,5.494806915521621704e-03,1.781744509935379028e-01
1.798000000000000000e+03,5.486177280545234680e-03,1.785078793764114380e-01
1.799000000000000000e+03,5.481205880641937256e-03,1.783538311719894409e-01
1.800000000000000000e+03,5.472059361636638641e-03,1.780296415090560913e-01
1.801000000000000000e+03,5.461161956191062927e-03,1.778098791837692261e-01
1.802000000000000000e+03,5.452936980873346329e-03,1.776557713747024536e-01
1.803000000000000000e+03,5.447425879538059235e-03,1.776136755943298340e-01
1.804000000000000000e+03,5.439492873847484589e-03,1.777316182851791382e-01
1.805000000000000000e+03,5.429169163107872009e-03,1.779192984104156494e-01
1.806000000000000000e+03,5.421427078545093536e-03,1.778588742017745972e-01
1.807000000000000000e+03,5.414579063653945923e-03,1.775098890066146851e-01
1.808000000000000000e+03,5.407232791185379028e-03,1.772045493125915527e-01
1.809000000000000000e+03,5.398133303970098495e-03,1.771559417247772217e-01
1.810000000000000000e+03,5.390204023569822311e-03,1.773448139429092407e-01
1.811000000000000000e+03,5.383263342082500458e-03,1.775397807359695435e-01
1.812000000000000000e+03,5.376338958740234375e-03,1.774304360151290894e-01
1.813000000000000000e+03,5.367654375731945038e-03,1.770770847797393799e-01
1.814000000000000000e+03,5.359577946364879608e-03,1.768432557582855225e-01
1.815000000000000000e+03,5.352794192731380463e-03,1.769408732652664185e-01
1.816000000000000000e+03,5.345494486391544342e-03,1.771831959486007690e-01
1.817000000000000000e+03,5.337525159120559692e-03,1.772211790084838867e-01
1.818000000000000000e+03,5.329759791493415833e-03,1.770874708890914917e-01
1.819000000000000000e+03,5.322637036442756653e-03,1.769593954086303711e-01
1.820000000000000000e+03,5.315340124070644379e-03,1.768396496772766113e-01
1.821000000000000000e+03,5.308009684085845947e-03,1.767540127038955688e-01
1.822000000000000000e+03,5.300256423652172089e-03,1.767653971910476685e-01
1.823000000000000000e+03,5.292903631925582886e-03,1.768606305122375488e-01
1.824000000000000000e+03,5.285872146487236023e-03,1.768744885921478271e-01
1.825000000000000000e+03,5.278678610920906067e-03,1.767049431800842285e-01
1.826000000000000000e+03,5.271164700388908386e-03,1.765332370996475220e-01
1.827000000000000000e+03,5.263784900307655334e-03,1.765046715736389160e-01
1.828000000000000000e+03,5.256696604192256927e-03,1.765668243169784546e-01
1.829000000000000000e+03,5.249592475593090057e-03,1.765972524881362915e-01
1.830000000000000000e+03,5.242394283413887024e-03,1.765119135379791260e-01
1.831000000000000000e+03,5.235057324171066284e-03,1.763799935579299927e-01
1.832000000000000000e+03,5.227900575846433640e-03,1.762940287590026855e-01
1.833000000000000000e+03,5.220828577876091003e-03,1.762806475162506104e-01
1.834000000000000000e+03,5.213768221437931061e-03,1.762966960668563843e-01
1.835000000000000000e+03,5.206606350839138031e-03,1.762588322162628174e-01
1.836000000000000000e+03,5.199444945901632309e-03,1.761960387229919434e-01
1.837000000000000000e+03,5.192372016608715057e-03,1.761464774608612061e-01
1.838000000000000000e+03,5.185392685234546661e-03,1.760877817869186401e-01
1.839000000000000000e+03,5.178381688892841339e-03,1.760261207818984985e-01
1.840000000000000000e+03,5.171291530132293701e-03,1.759849041700363159e-01
1.841000000000000000e+03,5.164259113371372223e-03,1.759759783744812012e-01
1.842000000000000000e+03,5.157255567610263824e-03,1.759372055530548096e-01
1.843000000000000000e+03,5.150309298187494278e-03,1.758482903242111206e-01
1.844000000000000000e+03,5.143354646861553192e-03,1.757914572954177856e-01
1.845000000000000000e+03,5.136390216648578644e-03,1.757845282554626465e-01
1.846000000000000000e+03,5.129420198500156403e-03,1.757761240005493164e-01
1.847000000000000000e+03,5.122486501932144165e-03,1.757196784019470215e-01
1.848000000000000000e+03,5.115598440170288086e-03,1.756416410207748413e-01
1.849000000000000000e+03,5.108696408569812775e-03,1.755944490432739258e-01
1.850000000000000000e+03,5.101817660033702850e-03,1.755646616220474243e-01
1.851000000000000000e+03,5.094935651868581772e-03,1.755371838808059692e-01
1.852000000000000000e+03,5.088062025606632233e-03,1.754966527223587036e-01
1.853000000000000000e+03,5.081226117908954620e-03,1.754423975944519043e-01
1.854000000000000000e+03,5.074399523437023163e-03,1.753929853439331055e-01
1.855000000000000000e+03,5.067587364464998245e-03,1.753489971160888672e-01
1.856000000000000000e+03,5.060764495283365250e-03,1.753158718347549438e-01
1.857000000000000000e+03,5.053956061601638794e-03,1.752815395593643188e-01
1.858000000000000000e+03,5.047174636274576187e-03,1.752445101737976074e-01
1.859000000000000000e+03,5.040404386818408966e-03,1.752000451087951660e-01
1.860000000000000000e+03,5.033659283071756363e-03,1.751375198364257812e-01
1.861000000000000000e+03,5.026911385357379913e-03,1.750840991735458374e-01
1.862000000000000000e+03,5.020173266530036926e-03,1.750555932521820068e-01
1.863000000000000000e+03,5.013437010347843170e-03,1.750392764806747437e-01
1.864000000000000000e+03,5.006729625165462494e-03,1.750009506940841675e-01
1.865000000000000000e+03,5.000030156224966049e-03,1.749391853809356689e-01
1.866000000000000000e+03,4.993341863155364990e-03,1.748884618282318115e-01
1.867000000000000000e+03,4.986668005585670471e-03,1.748528778553009033e-01
1.868000000000000000e+03,4.979994148015975952e-03,1.748235374689102173e-01
1.869000000000000000e+03,4.973343573510646820e-03,1.747878789901733398e-01
1.870000000000000000e+03,4.966705106198787689e-03,1.747479289770126343e-01
1.871000000000000000e+03,4.960072226822376251e-03,1.747044324874877930e-01
1.872000000000000000e+03,4.953452851623296738e-03,1.746560931205749512e-01
1.873000000000000000e+03,4.946843255311250687e-03,1.746165007352828979e-01
1.874000000000000000e+03,4.940243437886238098e-03,1.745849251747131348e-01
1.875000000000000000e+03,4.933657590299844742e-03,1.745566874742507935e-01
1.876000000000000000e+03,4.927078261971473694e-03,1.745190620422363281e-01
1.877000000000000000e+03,4.920516628772020340e-03,1.744712889194488525e-01
1.878000000000000000e+03,4.913958255201578140e-03,1.744244843721389771e-01
1.879000000000000000e+03,4.907428286969661713e-03,1.743859648704528809e-01
1.880000000000000000e+03,4.900899715721607208e-03,1.743581891059875488e-01
1.881000000000000000e+03,4.894373472779989243e-03,1.743251234292984009e-01
1.882000000000000000e+03,4.887864924967288971e-03,1.742837429046630859e-01
1.883000000000000000e+03,4.881365224719047546e-03,1.742393821477890015e-01
1.884000000000000000e+03,4.874869715422391891e-03,1.742006242275238037e-01
1.885000000000000000e+03,4.868395160883665085e-03,1.741658300161361694e-01
1.886000000000000000e+03,4.861938301473855972e-03,1.741294562816619873e-01
1.887000000000000000e+03,4.855480045080184937e-03,1.740945279598236084e-01
1.888000000000000000e+03,4.849029704928398132e-03,1.740569919347763062e-01
1.889000000000000000e+03,4.842598922550678253e-03,1.740165650844573975e-01
1.890000000000000000e+03,4.836162552237510681e-03,1.739749461412429810e-01
1.891000000000000000e+03,4.829754121601581573e-03,1.739390641450881958e-01
1.892000000000000000e+03,4.823351278901100159e-03,1.739069074392318726e-01
1.893000000000000000e+03,4.816963337361812592e-03,1.738727390766143799e-01
1.894000000000000000e+03,4.810576327145099640e-03,1.738343387842178345e-01
1.895000000000000000e+03,4.804196767508983612e-03,1.737943887710571289e-01
1.896000000000000000e+03,4.797841422259807587e-03,1.737580448389053345e-01
1.897000000000000000e+03,4.791486542671918869e-03,1.737233996391296387e-01
1.898000000000000000e+03,4.785145632922649384e-03,1.736891865730285645e-01
1.899000000000000000e+03,4.778813570737838745e-03,1.736524999141693115e-01
1.900000000000000000e+03,4.772485699504613876e-03,1.736162900924682617e-01
1.901000000000000000e+03,4.766169004142284393e-03,1.735806465148925781e-01
1.902000000000000000e+03,4.759875126183032990e-03,1.735450327396392822e-01
1.903000000000000000e+03,4.753580782562494278e-03,1.735093891620635986e-01
1.904000000000000000e+03,4.747305996716022491e-03,1.734749227762222290e-01
1.905000000000000000e+03,4.741030745208263397e-03,1.734408587217330933e-01
1.906000000000000000e+03,4.734773188829421997e-03,1.734048724174499512e-01
1.907000000000000000e+03,4.728514701128005981e-03,1.733684539794921875e-01
1.908000000000000000e+03,4.722273908555507660e-03,1.733335256576538086e-01
1.909000000000000000e+03,4.716048948466777802e-03,1.733003407716751099e-01
1.910000000000000000e+03,4.709825385361909866e-03,1.732658743858337402e-01
1.911000000000000000e+03,4.703616257756948471e-03,1.732306033372879028e-01
1.912000000000000000e+03,4.697420634329319000e-03,1.731954067945480347e-01
1.913000000000000000e+03,4.691222682595252991e-03,1.731615811586380005e-01
1.914000000000000000e+03,4.685033578425645828e-03,1.731274127960205078e-01
1.915000000000000000e+03,4.678870085626840591e-03,1.730931103229522705e-01
1.916000000000000000e+03,4.672710318118333817e-03,1.730586737394332886e-01
1.917000000000000000e+03,4.666544031351804733e-03,1.730246096849441528e-01
1.918000000000000000e+03,4.660401958972215652e-03,1.729909628629684448e-01
1.919000000000000000e+03,4.654280841350555420e-03,1.729574799537658691e-01
1.920000000000000000e+03,4.648161586374044418e-03,1.729236245155334473e-01
1.921000000000000000e+03,4.642047453671693802e-03,1.728905439376831055e-01
1.922000000000000000e+03,4.635937511920928955e-03,1.728572100400924683e-01
1.923000000000000000e+03,4.629842005670070648e-03,1.728241592645645142e-01
1.924000000000000000e+03,4.623753484338521957e-03,1.727898269891738892e-01
1.925000000000000000e+03,4.617677070200443268e-03,1.727575361728668213e-01
1.926000000000000000e+03,4.611621610820293427e-03,1.727242767810821533e-01
1.927000000000000000e+03,4.605562426149845123e-03,1.726923584938049316e-01
1.928000000000000000e+03,4.599515348672866821e-03,1.726578176021575928e-01
1.929000000000000000e+03,4.593474790453910828e-03,1.726266145706176758e-01
1.930000000000000000e+03,4.587455652654170990e-03,1.725922077894210815e-01
1.931000000000000000e+03,4.581436514854431152e-03,1.725627183914184570e-01
1.932000000000000000e+03,4.575432278215885162e-03,1.725266724824905396e-01
1.933000000000000000e+03,4.569439217448234558e-03,1.724984198808670044e-01
1.934000000000000000e+03,4.563457332551479340e-03,1.724603921175003052e-01
1.935000000000000000e+03,4.557492211461067200e-03,1.724360287189483643e-01
1.936000000000000000e+03,4.551554098725318909e-03,1.723940968513488770e-01
1.937000000000000000e+03,4.545648116618394852e-03,1.723751425743103027e-01
1.938000000000000000e+03,4.539784975349903107e-03,1.723255962133407593e-01
1.939000000000000000e+03,4.534013569355010986e-03,1.723176985979080200e-01
1.940000000000000000e+03,4.528389312326908112e-03,1.722539216279983521e-01
1.941000000000000000e+03,4.523058421909809113e-03,1.722663342952728271e-01
1.942000000000000000e+03,4.518270492553710938e-03,1.721734851598739624e-01
1.943000000000000000e+03,4.514530301094055176e-03,1.722280085086822510e-01
1.944000000000000000e+03,4.512877203524112701e-03,1.720791459083557129e-01
1.945000000000000000e+03,4.515388980507850647e-03,1.722173541784286499e-01
1.946000000000000000e+03,4.526369273662567139e-03,1.719526201486587524e-01
1.947000000000000000e+03,4.554629325866699219e-03,1.722697168588638306e-01
1.948000000000000000e+03,4.619057290256023407e-03,1.717739105224609375e-01
1.949000000000000000e+03,4.758463241159915924e-03,1.724801361560821533e-01
1.950000000000000000e+03,5.058294162154197693e-03,1.715336740016937256e-01
1.951000000000000000e+03,5.690126679837703705e-03,1.731027066707611084e-01
1.952000000000000000e+03,7.036458700895309448e-03,1.714204102754592896e-01
1.953000000000000000e+03,9.766795672476291656e-03,1.745667457580566406e-01
1.954000000000000000e+03,1.523823011666536331e-02,1.719670742750167847e-01
1.955000000000000000e+03,2.429205365478992462e-02,1.752022057771682739e-01
1.956000000000000000e+03,3.671116009354591370e-02,1.698108315467834473e-01
1.957000000000000000e+03,4.107300564646720886e-02,1.804411709308624268e-01
1.958000000000000000e+03,2.823849022388458252e-02,1.861287951469421387e-01
1.959000000000000000e+03,8.816775865852832794e-03,1.738377064466476440e-01
1.960000000000000000e+03,6.283625960350036621e-03,1.599455624818801880e-01
1.961000000000000000e+03,1.334850676357746124e-02,1.530188024044036865e-01
1.962000000000000000e+03,1.164854038506746292e-02,1.521366983652114868e-01
1.963000000000000000e+03,5.621655844151973724e-03,1.538321822881698608e-01
1.964000000000000000e+03,7.168457843363285065e-03,1.558331698179244995e-01
1.965000000000000000e+03,9.971409104764461517e-03,1.595438271760940552e-01
1.966000000000000000e+03,6.571633741259574890e-03,1.628295630216598511e-01
1.967000000000000000e+03,5.474017001688480377e-03,1.621453315019607544e-01
1.968000000000000000e+03,8.380515500903129578e-03,1.548792421817779541e-01
1.969000000000000000e+03,6.321680266410112381e-03,1.470791548490524292e-01
1.970000000000000000e+03,5.052590742707252502e-03,1.469725966453552246e-01
1.971000000000000000e+03,7.438208907842636108e-03,1.508074849843978882e-01
1.972000000000000000e+03,6.391162984073162079e-03,1.564768403768539429e-01
1.973000000000000000e+03,4.824765957891941071e-03,1.587932407855987549e-01
1.974000000000000000e+03,6.384746171534061432e-03,1.576485484838485718e-01
1.975000000000000000e+03,5.893975496292114258e-03,1.544349193572998047e-01
1.976000000000000000e+03,4.783667623996734619e-03,1.515810638666152954e-01
1.977000000000000000e+03,5.880937911570072174e-03,1.497787684202194214e-01
1.978000000000000000e+03,5.488432012498378754e-03,1.497412323951721191e-01
1.979000000000000000e+03,4.675769247114658356e-03,1.505398154258728027e-01
1.980000000000000000e+03,5.462268367409706116e-03,1.525896638631820679e-01
1.981000000000000000e+03,5.209080874919891357e-03,1.558463424444198608e-01
1.982000000000000000e+03,4.570825025439262390e-03,1.561899483203887939e-01
1.983000000000000000e+03,5.162041168659925461e-03,1.524518877267837524e-01
1.984000000000000000e+03,4.994136281311511993e-03,1.486860364675521851e-01
1.985000000000000000e+03,4.505324177443981171e-03,1.481325775384902954e-01
1.986000000000000000e+03,4.895906895399093628e-03,1.495675295591354370e-01
1.987000000000000000e+03,4.912523552775382996e-03,1.526068300008773804e-01
1.988000000000000000e+03,4.465235397219657898e-03,1.533292084932327271e-01
1.989000000000000000e+03,4.611279349774122238e-03,1.524108946323394775e-01
1.990000000000000000e+03,4.784657619893550873e-03,1.521600484848022461e-01
1.991000000000000000e+03,4.437623545527458191e-03,1.510452181100845337e-01
1.992000000000000000e+03,4.433561116456985474e-03,1.488971561193466187e-01
1.993000000000000000e+03,4.635318182408809662e-03,1.487425714731216431e-01
1.994000000000000000e+03,4.463267512619495392e-03,1.495152562856674194e-01
1.995000000000000000e+03,4.317499697208404541e-03,1.512016355991363525e-01
1.996000000000000000e+03,4.460717551410198212e-03,1.524864584207534790e-01
1.997000000000000000e+03,4.448219668120145798e-03,1.509691923856735229e-01
1.998000000000000000e+03,4.275935702025890350e-03,1.485973745584487915e-01
1.999000000000000000e+03,4.323367960751056671e-03,1.482886970043182373e-01
2.000000000000000000e+03,4.395714960992336273e-03,1.488061845302581787e-01
2.001000000000000000e+03,4.287352319806814194e-03,1.495835036039352417e-01
2.002000000000000000e+03,4.224806092679500580e-03,1.496289372444152832e-01
2.003000000000000000e+03,4.295179620385169983e-03,1.493276804685592651e-01
2.004000000000000000e+03,4.285097587853670120e-03,1.496647298336029053e-01
2.005000000000000000e+03,4.192902240902185440e-03,1.491296738386154175e-01
2.006000000000000000e+03,4.198000766336917877e-03,1.477812081575393677e-01
2.007000000000000000e+03,4.238205030560493469e-03,1.478762626647949219e-01
2.008000000000000000e+03,4.198577255010604858e-03,1.487761735916137695e-01
2.009000000000000000e+03,4.145117476582527161e-03,1.496178954839706421e-01
2.010000000000000000e+03,4.165625665336847305e-03,1.496394723653793335e-01
2.011000000000000000e+03,4.179910756647586823e-03,1.485730409622192383e-01
2.012000000000000000e+03,4.138887394219636917e-03,1.479342579841613770e-01
2.013000000000000000e+03,4.111997783184051514e-03,1.478638499975204468e-01
2.014000000000000000e+03,4.128656350076198578e-03,1.477229297161102295e-01
2.015000000000000000e+03,4.130307585000991821e-03,1.480054408311843872e-01
2.016000000000000000e+03,4.098125267773866653e-03,1.482046097517013550e-01
2.017000000000000000e+03,4.081668797880411148e-03,1.483984142541885376e-01
2.018000000000000000e+03,4.090507514774799347e-03,1.484423726797103882e-01
2.019000000000000000e+03,4.088755697011947632e-03,1.476947814226150513e-01
2.020000000000000000e+03,4.065772984176874161e-03,1.471803635358810425e-01
2.021000000000000000e+03,4.052251111716032028e-03,1.473754793405532837e-01
2.022000000000000000e+03,4.055049270391464233e-03,1.477442532777786255e-01
2.023000000000000000e+03,4.053360316902399063e-03,1.480091214179992676e-01
2.024000000000000000e+03,4.037651233375072479e-03,1.476986706256866455e-01
2.025000000000000000e+03,4.024534020572900772e-03,1.474217921495437622e-01
2.026000000000000000e+03,4.023175686597824097e-03,1.474545598030090332e-01
2.027000000000000000e+03,4.022027365863323212e-03,1.472310423851013184e-01
2.028000000000000000e+03,4.011476878076791763e-03,1.471601128578186035e-01
2.029000000000000000e+03,3.998974338173866272e-03,1.472977548837661743e-01
2.030000000000000000e+03,3.994312603026628494e-03,1.474859863519668579e-01
2.031000000000000000e+03,3.992748912423849106e-03,1.475557535886764526e-01
2.032000000000000000e+03,3.986004274338483810e-03,1.471405327320098877e-01
2.033000000000000000e+03,3.975308500230312347e-03,1.468621641397476196e-01
2.034000000000000000e+03,3.968267235904932022e-03,1.469357609748840332e-01
2.035000000000000000e+03,3.964992240071296692e-03,1.470568925142288208e-01
2.036000000000000000e+03,3.960513044148683548e-03,1.472188681364059448e-01
2.037000000000000000e+03,3.952423576265573502e-03,1.471602767705917358e-01
2.038000000000000000e+03,3.944356460124254227e-03,1.471004933118820190e-01
2.039000000000000000e+03,3.938963171094655991e-03,1.470565348863601685e-01
2.040000000000000000e+03,3.934993874281644821e-03,1.468341350555419922e-01
2.041000000000000000e+03,3.929321654140949249e-03,1.467549949884414673e-01
2.042000000000000000e+03,3.921945579349994659e-03,1.467985361814498901e-01
2.043000000000000000e+03,3.915202803909778595e-03,1.469569504261016846e-01
2.044000000000000000e+03,3.910281695425510406e-03,1.470357477664947510e-01
2.045000000000000000e+03,3.905629273504018784e-03,1.468342095613479614e-01
2.046000000000000000e+03,3.899694187566637993e-03,1.467088311910629272e-01
2.047000000000000000e+03,3.893069922924041748e-03,1.466746032238006592e-01
2.048000000000000000e+03,3.887075930833816528e-03,1.466870009899139404e-01
2.049000000000000000e+03,3.882071003317832947e-03,1.467107683420181274e-01
2.050000000000000000e+03,3.877055365592241287e-03,1.466819643974304199e-01
2.051000000000000000e+03,3.871420864015817642e-03,1.467365026473999023e-01
2.052000000000000000e+03,3.865317907184362411e-03,1.466839909553527832e-01
2.053000000000000000e+03,3.859604243189096451e-03,1.465411484241485596e-01
2.054000000000000000e+03,3.854461479932069778e-03,1.464791744947433472e-01
2.055000000000000000e+03,3.849426517263054848e-03,1.464958935976028442e-01
2.056000000000000000e+03,3.843967337161302567e-03,1.465957164764404297e-01
2.057000000000000000e+03,3.838261589407920837e-03,1.465877890586853027e-01
2.058000000000000000e+03,3.832691814750432968e-03,1.465188413858413696e-01
2.059000000000000000e+03,3.827471751719713211e-03,1.464730054140090942e-01
2.060000000000000000e+03,3.822383005172014236e-03,1.464121192693710327e-01
2.061000000000000000e+03,3.817155491560697556e-03,1.463965922594070435e-01
2.062000000000000000e+03,3.811716102063655853e-03,1.463710367679595947e-01
2.063000000000000000e+03,3.806283930316567421e-03,1.463955193758010864e-01
2.064000000000000000e+03,3.801037091761827469e-03,1.464310139417648315e-01
2.065000000000000000e+03,3.795950440689921379e-03,1.463850587606430054e-01
2.066000000000000000e+03,3.790843300521373749e-03,1.463184207677841187e-01
2.067000000000000000e+03,3.785614622756838799e-03,1.462486833333969116e-01
2.068000000000000000e+03,3.780340077355504036e-03,1.462571024894714355e-01
2.069000000000000000e+03,3.775117220357060432e-03,1.462741941213607788e-01
2.070000000000000000e+03,3.770011244341731071e-03,1.462502926588058472e-01
2.071000000000000000e+03,3.764950670301914215e-03,1.462331265211105347e-01
2.072000000000000000e+03,3.759894752874970436e-03,1.461994200944900513e-01
2.073000000000000000e+03,3.754770616069436073e-03,1.461739093065261841e-01
2.074000000000000000e+03,3.749636933207511902e-03,1.461234837770462036e-01
2.075000000000000000e+03,3.744544228538870811e-03,1.461007297039031982e-01
2.076000000000000000e+03,3.739506471902132034e-03,1.461194157600402832e-01
2.077000000000000000e+03,3.734513884410262108e-03,1.461139172315597534e-01
2.078000000000000000e+03,3.729522693902254105e-03,1.460866332054138184e-01
2.079000000000000000e+03,3.724506357684731483e-03,1.460303515195846558e-01
2.080000000000000000e+03,3.719484433531761169e-03,1.460024863481521606e-01
2.081000000000000000e+03,3.714479040354490280e-03,1.459877192974090576e-01
2.082000000000000000e+03,3.709520446136593819e-03,1.459717154502868652e-01
2.083000000000000000e+03,3.704586066305637360e-03,1.459660530090332031e-01
2.084000000000000000e+03,3.699671942740678787e-03,1.459515094757080078e-01
2.085000000000000000e+03,3.694755025207996368e-03,1.459416598081588745e-01
2.086000000000000000e+03,3.689827397465705872e-03,1.459045857191085815e-01
2.087000000000000000e+03,3.684915835037827492e-03,1.458687782287597656e-01
2.088000000000000000e+03,3.680019173771142960e-03,1.458508968353271484e-01
2.089000000000000000e+03,3.675152081996202469e-03,1.458463519811630249e-01
2.090000000000000000e+03,3.670292906463146210e-03,1.458429843187332153e-01
2.091000000000000000e+03,3.665456548333168030e-03,1.458156555891036987e-01
2.092000000000000000e+03,3.660618327558040619e-03,1.457946151494979858e-01
2.093000000000000000e+03,3.655784763395786285e-03,1.457714438438415527e-01
2.094000000000000000e+03,3.650959813967347145e-03,1.457511931657791138e-01
2.095000000000000000e+03,3.646159078925848007e-03,1.457291543483734131e-01
2.096000000000000000e+03,3.641372313722968102e-03,1.457146108150482178e-01
2.097000000000000000e+03,3.636592533439397812e-03,1.457093209028244019e-01
2.098000000000000000e+03,3.631832543760538101e-03,1.456887125968933105e-01
2.099000000000000000e+03,3.627076279371976852e-03,1.456640362739562988e-01
2.100000000000000000e+03,3.622329561039805412e-03,1.456365436315536499e-01
2.101000000000000000e+03,3.617589827626943588e-03,1.456236988306045532e-01
2.102000000000000000e+03,3.612862899899482727e-03,1.456106305122375488e-01
2.103000000000000000e+03,3.608149010688066483e-03,1.455957740545272827e-01
2.104000000000000000e+03,3.603447927162051201e-03,1.455799639225006104e-01
2.105000000000000000e+03,3.598757321015000343e-03,1.455605775117874146e-01
2.106000000000000000e+03,3.594079986214637756e-03,1.455413103103637695e-01
2.107000000000000000e+03,3.589413361623883247e-03,1.455156207084655762e-01
2.108000000000000000e+03,3.584753256291151047e-03,1.454985737800598145e-01
2.109000000000000000e+03,3.580095712095499039e-03,1.454841047525405884e-01
2.110000000000000000e+03,3.575463080778717995e-03,1.454737931489944458e-01
2.111000000000000000e+03,3.570835571736097336e-03,1.454555541276931763e-01
2.112000000000000000e+03,3.566212253645062447e-03,1.454346179962158203e-01
2.113000000000000000e+03,3.561608493328094482e-03,1.454151421785354614e-01
2.114000000000000000e+03,3.557012882083654404e-03,1.453970670700073242e-01
2.115000000000000000e+03,3.552428912371397018e-03,1.453807353973388672e-01
2.116000000000000000e+03,3.547849599272012711e-03,1.453628093004226685e-01
2.117000000000000000e+03,3.543278668075799942e-03,1.453501731157302856e-01
2.118000000000000000e+03,3.538728225976228714e-03,1.453335434198379517e-01
2.119000000000000000e+03,3.534166608005762100e-03,1.453152596950531006e-01
2.120000000000000000e+03,3.529637353494763374e-03,1.452931314706802368e-01
2.121000000000000000e+03,3.525103908032178879e-03,1.452774554491043091e-01
2.122000000000000000e+03,3.520591184496879578e-03,1.452619433403015137e-01
2.123000000000000000e+03,3.516077296808362007e-03,1.452466398477554321e-01
2.124000000000000000e+03,3.511579241603612900e-03,1.452290415763854980e-01
2.125000000000000000e+03,3.507090266793966293e-03,1.452119052410125732e-01
2.126000000000000000e+03,3.502605715766549110e-03,1.451949477195739746e-01
2.127000000000000000e+03,3.498133271932601929e-03,1.451763957738876343e-01
2.128000000000000000e+03,3.493677359074354172e-03,1.451594829559326172e-01
2.129000000000000000e+03,3.489220049232244492e-03,1.451437175273895264e-01
2.130000000000000000e+03,3.484776476398110390e-03,1.451303511857986450e-01
2.131000000000000000e+03,3.480349201709032059e-03,1.451129168272018433e-01
2.132000000000000000e+03,3.475923556834459305e-03,1.450954377651214600e-01
2.133000000000000000e+03,3.471499308943748474e-03,1.450768411159515381e-01
2.134000000000000000e+03,3.467091824859380722e-03,1.450627744197845459e-01
2.135000000000000000e+03,3.462694119662046432e-03,1.450455486774444580e-01
2.136000000000000000e+03,3.458301071077585220e-03,1.450300961732864380e-01
2.137000000000000000e+03,3.453927347436547279e-03,1.450133025646209717e-01
2.138000000000000000e+03,3.449562471359968185e-03,1.449999511241912842e-01
2.139000000000000000e+03,3.445199690759181976e-03,1.449816077947616577e-01
2.140000000000000000e+03,3.440851112827658653e-03,1.449654400348663330e-01
2.141000000000000000e+03,3.436493920162320137e-03,1.449478417634963989e-01
2.142000000000000000e+03,3.432166762650012970e-03,1.449349373579025269e-01
2.143000000000000000e+03,3.427841700613498688e-03,1.449171900749206543e-01
2.144000000000000000e+03,3.423522226512432098e-03,1.449032425880432129e-01
2.145000000000000000e+03,3.419216256588697433e-03,1.448838561773300171e-01
2.146000000000000000e+03,3.414921462535858154e-03,1.448718160390853882e-01
2.147000000000000000e+03,3.410629928112030029e-03,1.448512077331542969e-01
2.148000000000000000e+03,3.406353993341326714e-03,1.448405236005783081e-01
2.149000000000000000e+03,3.402097383514046669e-03,1.448187530040740967e-01
2.150000000000000000e+03,3.397841239348053932e-03,1.448119580745697021e-01
2.151000000000000000e+03,3.393617924302816391e-03,1.447855532169342041e-01
2.152000000000000000e+03,3.389414865523576736e-03,1.447817683219909668e-01
2.153000000000000000e+03,3.385246731340885162e-03,1.447497457265853882e-01
2.154000000000000000e+03,3.381138667464256287e-03,1.447555422782897949e-01
2.155000000000000000e+03,3.377140033990144730e-03,1.447131335735321045e-01
2.156000000000000000e+03,3.373288083821535110e-03,1.447324305772781372e-01
2.157000000000000000e+03,3.369724377989768982e-03,1.446728110313415527e-01
2.158000000000000000e+03,3.366638906300067902e-03,1.447175741195678711e-01
2.159000000000000000e+03,3.364433534443378448e-03,1.446242630481719971e-01
2.160000000000000000e+03,3.363809082657098770e-03,1.447162777185440063e-01
2.161000000000000000e+03,3.366129472851753235e-03,1.445660293102264404e-01
2.162000000000000000e+03,3.373887389898300171e-03,1.447503566741943359e-01
2.163000000000000000e+03,3.391969949007034302e-03,1.444961726665496826e-01
2.164000000000000000e+03,3.429567441344261169e-03,1.448671072721481323e-01
2.165000000000000000e+03,3.505046479403972626e-03,1.444358676671981812e-01
2.166000000000000000e+03,3.652932588011026382e-03,1.452133655548095703e-01
2.167000000000000000e+03,3.943590912967920303e-03,1.445185244083404541e-01
2.168000000000000000e+03,4.504374228417873383e-03,1.462443768978118896e-01
2.169000000000000000e+03,5.592518486082553864e-03,1.452780514955520630e-01
2.170000000000000000e+03,7.599276024848222733e-03,1.492366492748260498e-01
2.171000000000000000e+03,1.119666546583175659e-02,1.473536044359207153e-01
2.172000000000000000e+03,1.669825613498687744e-02,1.551896333694458008e-01
2.173000000000000000e+03,2.364302612841129303e-02,1.431342065334320068e-01
2.174000000000000000e+03,2.885186113417148590e-02,1.533868908882141113e-01
2.175000000000000000e+03,2.650088071823120117e-02,1.482329666614532471e-01
2.176000000000000000e+03,1.378797274082899094e-02,1.469334959983825684e-01
2.177000000000000000e+03,3.893992863595485687e-03,1.463607400655746460e-01
2.178000000000000000e+03,8.476863615214824677e-03,1.475226581096649170e-01
2.179000000000000000e+03,1.501549873501062393e-02,1.510028094053268433e-01
2.180000000000000000e+03,9.702583774924278259e-03,1.488541364669799805e-01
2.181000000000000000e+03,3.659780370071530342e-03,1.469897180795669556e-01
2.182000000000000000e+03,8.012728765606880188e-03,1.450971513986587524e-01
2.183000000000000000e+03,1.037912070751190186e-02,1.488031893968582153e-01
2.184000000000000000e+03,5.109305027872323990e-03,1.509369611740112305e-01
2.185000000000000000e+03,4.665714688599109650e-03,1.510788649320602417e-01
2.186000000000000000e+03,8.250508457422256470e-03,1.492632478475570679e-01
2.187000000000000000e+03,5.886857863515615463e-03,1.472498029470443726e-01
2.188000000000000000e+03,3.761824918910861015e-03,1.452907919883728027e-01
2.189000000000000000e+03,6.399260368198156357e-03,1.445366591215133667e-01
2.190000000000000000e+03,5.971081554889678955e-03,1.453888863325119019e-01
2.191000000000000000e+03,3.651673672720789909e-03,1.467438936233520508e-01
2.192000000000000000e+03,5.035111214965581894e-03,1.495740562677383423e-01
2.193000000000000000e+03,5.544795654714107513e-03,1.518158018589019775e-01
2.194000000000000000e+03,3.766011446714401245e-03,1.511901617050170898e-01
2.195000000000000000e+03,4.323658067733049393e-03,1.474380791187286377e-01
2.196000000000000000e+03,5.074542947113513947e-03,1.455074250698089600e-01
2.197000000000000000e+03,3.843425773084163666e-03,1.455797404050827026e-01
2.198000000000000000e+03,3.784952685236930847e-03,1.463364958763122559e-01
2.199000000000000000e+03,4.649035166949033737e-03,1.483291089534759521e-01
2.200000000000000000e+03,4.004438407719135284e-03,1.478781700134277344e-01
2.201000000000000000e+03,3.519396064803004265e-03,1.473340988159179688e-01
2.202000000000000000e+03,4.190608393400907516e-03,1.487313657999038696e-01
2.203000000000000000e+03,4.082257393747568130e-03,1.477547436952590942e-01
2.204000000000000000e+03,3.466969588771462440e-03,1.456496417522430420e-01
2.205000000000000000e+03,3.746417351067066193e-03,1.458188444375991821e-01
2.206000000000000000e+03,4.036061465740203857e-03,1.463859379291534424e-01
2.207000000000000000e+03,3.564364975318312645e-03,1.481973826885223389e-01
2.208000000000000000e+03,3.443747293204069138e-03,1.487390249967575073e-01
2.209000000000000000e+03,3.779933555051684380e-03,1.467331200838088989e-01
2.210000000000000000e+03,3.653283696621656418e-03,1.461139768362045288e-01
2.211000000000000000e+03,3.356967587023973465e-03,1.463091671466827393e-01
2.212000000000000000e+03,3.495214041322469711e-03,1.458292305469512939e-01
2.213000000000000000e+03,3.629753598943352699e-03,1.463376432657241821e-01
2.214000000000000000e+03,3.412847407162189484e-03,1.460726708173751831e-01
2.215000000000000000e+03,3.315674141049385071e-03,1.461632996797561646e-01
2.216000000000000000e+03,3.467066446319222450e-03,1.470704823732376099e-01
2.217000000000000000e+03,3.468725830316543579e-03,1.460062116384506226e-01
2.218000000000000000e+03,3.302270779386162758e-03,1.447629481554031372e-01
2.219000000000000000e+03,3.299584612250328064e-03,1.448249071836471558e-01
2.220000000000000000e+03,3.402872476726770401e-03,1.451903879642486572e-01
2.221000000000000000e+03,3.356792032718658447e-03,1.461534053087234497e-01
2.222000000000000000e+03,3.251150716096162796e-03,1.460297703742980957e-01
2.223000000000000000e+03,3.270385554060339928e-03,1.452555358409881592e-01
2.224000000000000000e+03,3.332370193675160408e-03,1.455082446336746216e-01
2.225000000000000000e+03,3.287355881184339523e-03,1.451900005340576172e-01
2.226000000000000000e+03,3.220099722966551781e-03,1.446652561426162720e-01
2.227000000000000000e+03,3.236647695302963257e-03,1.446684151887893677e-01
2.228000000000000000e+03,3.274769056588411331e-03,1.447491943836212158e-01
2.229000000000000000e+03,3.243786050006747246e-03,1.454911828041076660e-01
2.230000000000000000e+03,3.195589873939752579e-03,1.454448848962783813e-01
2.231000000000000000e+03,3.201157785952091217e-03,1.445639729499816895e-01
2.232000000000000000e+03,3.226831089705228806e-03,1.444567888975143433e-01
2.233000000000000000e+03,3.213054034858942032e-03,1.444720625877380371e-01
2.234000000000000000e+03,3.177063539624214172e-03,1.447340101003646851e-01
2.235000000000000000e+03,3.170656971633434296e-03,1.448529660701751709e-01
2.236000000000000000e+03,3.186887595802545547e-03,1.445809751749038696e-01
2.237000000000000000e+03,3.185871057212352753e-03,1.448896825313568115e-01
2.238000000000000000e+03,3.161689732223749161e-03,1.447896957397460938e-01
2.239000000000000000e+03,3.147719893604516983e-03,1.443588435649871826e-01
2.240000000000000000e+03,3.154023084789514542e-03,1.443127542734146118e-01
2.241000000000000000e+03,3.159351879730820656e-03,1.443514078855514526e-01
2.242000000000000000e+03,3.147340379655361176e-03,1.447896957397460938e-01
2.243000000000000000e+03,3.131652483716607094e-03,1.447680741548538208e-01
2.244000000000000000e+03,3.127945819869637489e-03,1.443802565336227417e-01
2.245000000000000000e+03,3.132299520075321198e-03,1.443824023008346558e-01
2.246000000000000000e+03,3.130022902041673660e-03,1.442691087722778320e-01
2.247000000000000000e+03,3.118992550298571587e-03,1.443185955286026001e-01
2.248000000000000000e+03,3.109614131972193718e-03,1.442921757698059082e-01
2.249000000000000000e+03,3.108107484877109528e-03,1.442614644765853882e-01
2.250000000000000000e+03,3.109048120677471161e-03,1.445285677909851074e-01
2.251000000000000000e+03,3.104764036834239960e-03,1.443949490785598755e-01
2.252000000000000000e+03,3.096271771937608719e-03,1.441948562860488892e-01
2.253000000000000000e+03,3.089777659624814987e-03,1.440685391426086426e-01
2.254000000000000000e+03,3.088060067966580391e-03,1.440584063529968262e-01
2.255000000000000000e+03,3.087018383666872978e-03,1.442710012197494507e-01
2.256000000000000000e+03,3.082863520830869675e-03,1.441789269447326660e-01
2.257000000000000000e+03,3.076271386817097664e-03,1.441385447978973389e-01
2.258000000000000000e+03,3.071059705689549446e-03,1.441545039415359497e-01
2.259000000000000000e+03,3.068435471504926682e-03,1.440780907869338989e-01
2.260000000000000000e+03,3.066512523218989372e-03,1.440541744232177734e-01
2.261000000000000000e+03,3.062810050323605537e-03,1.439181864261627197e-01
2.262000000000000000e+03,3.057615831494331360e-03,1.440028697252273560e-01
2.263000000000000000e+03,3.052842803299427032e-03,1.441018879413604736e-01
2.264000000000000000e+03,3.049653489142656326e-03,1.440318673849105835e-01
2.265000000000000000e+03,3.047128673642873764e-03,1.439732760190963745e-01
2.266000000000000000e+03,3.043876495212316513e-03,1.438596844673156738e-01
2.267000000000000000e+03,3.039591712877154350e-03,1.439063400030136108e-01
2.268000000000000000e+03,3.035194706171751022e-03,1.439110785722732544e-01
2.269000000000000000e+03,3.031556960195302963e-03,1.438671797513961792e-01
2.270000000000000000e+03,3.028592094779014587e-03,1.439072340726852417e-01
2.271000000000000000e+03,3.025553654879331589e-03,1.438844799995422363e-01
2.272000000000000000e+03,3.021914511919021606e-03,1.438863128423690796e-01
2.273000000000000000e+03,3.017917042598128319e-03,1.437850296497344971e-01
2.274000000000000000e+03,3.014111425727605820e-03,1.437325775623321533e-01
2.275000000000000000e+03,3.010785207152366638e-03,1.437870413064956665e-01
2.276000000000000000e+03,3.007680410519242287e-03,1.437917649745941162e-01
2.277000000000000000e+03,3.004415193572640419e-03,1.438001543283462524e-01
2.278000000000000000e+03,3.000831697136163712e-03,1.437301784753799438e-01
2.279000000000000000e+03,2.997148782014846802e-03,1.437153816223144531e-01
2.280000000000000000e+03,2.993598580360412598e-03,1.437024176120758057e-01
2.281000000000000000e+03,2.990309614688158035e-03,1.436476260423660278e-01
2.282000000000000000e+03,2.987109124660491943e-03,1.436481326818466187e-01
2.283000000000000000e+03,2.983818529173731804e-03,1.436400413513183594e-01
2.284000000000000000e+03,2.980373334139585495e-03,1.436721086502075195e-01
2.285000000000000000e+03,2.976870397105813026e-03,1.436339318752288818e-01
2.286000000000000000e+03,2.973435446619987488e-03,1.435791105031967163e-01
2.287000000000000000e+03,2.970135770738124847e-03,1.435649991035461426e-01
2.288000000000000000e+03,2.966901753097772598e-03,1.435489058494567871e-01
2.289000000000000000e+03,2.963650971651077271e-03,1.435599774122238159e-01
2.290000000000000000e+03,2.960320329293608665e-03,1.435243934392929077e-01
2.291000000000000000e+03,2.956934273242950439e-03,1.435192674398422241e-01
2.292000000000000000e+03,2.953583840280771255e-03,1.435080617666244507e-01
2.293000000000000000e+03,2.950285095721483231e-03,1.434773057699203491e-01
2.294000000000000000e+03,2.947036176919937134e-03,1.434512734413146973e-01
2.295000000000000000e+03,2.943804021924734116e-03,1.434217542409896851e-01
2.296000000000000000e+03,2.940563019365072250e-03,1.434401869773864746e-01
2.297000000000000000e+03,2.937287790700793266e-03,1.434275954961776733e-01
2.298000000000000000e+03,2.934001153334975243e-03,1.434092074632644653e-01
2.299000000000000000e+03,2.930722199380397797e-03,1.433817595243453979e-01
2.300000000000000000e+03,2.927479799836874008e-03,1.433629542589187622e-01
2.301000000000000000e+03,2.924270695075392723e-03,1.433554291725158691e-01
2.302000000000000000e+03,2.921058796346187592e-03,1.433269381523132324e-01
2.303000000000000000e+03,2.917860168963670731e-03,1.433230042457580566e-01
2.304000000000000000e+03,2.914643613621592522e-03,1.433113813400268555e-01
2.305000000000000000e+03,2.911412157118320465e-03,1.433065384626388550e-01
2.306000000000000000e+03,2.908200025558471680e-03,1.432786434888839722e-01
2.307000000000000000e+03,2.904998138546943665e-03,1.432510465383529663e-01
2.308000000000000000e+03,2.901813481003046036e-03,1.432408541440963745e-01
2.309000000000000000e+03,2.898645587265491486e-03,1.432278752326965332e-01
2.310000000000000000e+03,2.895485842600464821e-03,1.432217508554458618e-01
2.311000000000000000e+03,2.892316784709692001e-03,1.431989818811416626e-01
2.312000000000000000e+03,2.889154478907585144e-03,1.431914418935775757e-01
2.313000000000000000e+03,2.885990310460329056e-03,1.431733518838882446e-01
2.314000000000000000e+03,2.882821951061487198e-03,1.431548893451690674e-01
2.315000000000000000e+03,2.879679203033447266e-03,1.431340575218200684e-01
2.316000000000000000e+03,2.876541111618280411e-03,1.431207805871963501e-01
2.317000000000000000e+03,2.873407676815986633e-03,1.431163549423217773e-01
2.318000000000000000e+03,2.870287979021668434e-03,1.430977582931518555e-01
2.319000000000000000e+03,2.867164090275764465e-03,1.430819928646087646e-01
2.320000000000000000e+03,2.864053007215261459e-03,1.430605947971343994e-01
2.321000000000000000e+03,2.860932610929012299e-03,1.430506706237792969e-01
2.322000000000000000e+03,2.857828047126531601e-03,1.430322676897048950e-01
2.323000000000000000e+03,2.854726742953062057e-03,1.430190205574035645e-01
2.324000000000000000e+03,2.851628698408603668e-03,1.430056542158126831e-01
2.325000000000000000e+03,2.848536008968949318e-03,1.429936587810516357e-01
2.326000000000000000e+03,2.845458686351776123e-03,1.429791003465652466e-01
2.327000000000000000e+03,2.842379966750741005e-03,1.429579108953475952e-01
2.328000000000000000e+03,2.839301945641636848e-03,1.429439783096313477e-01
2.329000000000000000e+03,2.836237195879220963e-03,1.429286301136016846e-01
2.330000000000000000e+03,2.833177801221609116e-03,1.429195702075958252e-01
2.331000000000000000e+03,2.830113749951124191e-03,1.429019570350646973e-01
2.332000000000000000e+03,2.827067859470844269e-03,1.428896486759185791e-01
2.333000000000000000e+03,2.824013121426105499e-03,1.428733766078948975e-01
2.334000000000000000e+03,2.820971421897411346e-03,1.428596526384353638e-01
2.335000000000000000e+03,2.817933447659015656e-03,1.428419947624206543e-01
2.336000000000000000e+03,2.814900130033493042e-03,1.428282409906387329e-01
2.337000000000000000e+03,2.811879152432084084e-03,1.428161412477493286e-01
2.338000000000000000e+03,2.808852354064583778e-03,1.428031474351882935e-01
2.339000000000000000e+03,2.805832773447036743e-03,1.427888423204421997e-01
2.340000000000000000e+03,2.802824834361672401e-03,1.427721381187438965e-01
2.341000000000000000e+03,2.799817128106951714e-03,1.427593082189559937e-01
2.342000000000000000e+03,2.796816173940896988e-03,1.427437663078308105e-01
2.343000000000000000e+03,2.793822903186082840e-03,1.427314430475234985e-01
2.344000000000000000e+03,2.790825441479682922e-03,1.427154690027236938e-01
2.345000000000000000e+03,2.787840086966753006e-03,1.427046805620193481e-01
2.346000000000000000e+03,2.784862648695707321e-03,1.426893621683120728e-01
2.347000000000000000e+03,2.781883813440799713e-03,1.426764279603958130e-01
2.348000000000000000e+03,2.778910333290696144e-03,1.426589787006378174e-01
2.349000000000000000e+03,2.775937551632523537e-03,1.426479667425155640e-01
2.350000000000000000e+03,2.772975713014602661e-03,1.426326334476470947e-01
2.351000000000000000e+03,2.770020626485347748e-03,1.426214724779129028e-01
2.352000000000000000e+03,2.767072059214115143e-03,1.426048874855041504e-01
2.353000000000000000e+03,2.764116739854216576e-03,1.425940990447998047e-01
2.354000000000000000e+03,2.761177252978086472e-03,1.425775289535522461e-01
2.355000000000000000e+03,2.758240792900323868e-03,1.425657123327255249e-01
2.356000000000000000e+03,2.755308058112859726e-03,1.425486505031585693e-01
2.357000000000000000e+03,2.752375323325395584e-03,1.425387114286422729e-01
2.358000000000000000e+03,2.749446779489517212e-03,1.425226181745529175e-01
2.359000000000000000e+03,2.746539190411567688e-03,1.425131559371948242e-01
2.360000000000000000e+03,2.743616234511137009e-03,1.424938291311264038e-01
2.361000000000000000e+03,2.740714233368635178e-03,1.424853205680847168e-01
2.362000000000000000e+03,2.737813163548707962e-03,1.424653977155685425e-01
2.363000000000000000e+03,2.734920242801308632e-03,1.424597501754760742e-01
2.364000000000000000e+03,2.732037333771586418e-03,1.424364894628524780e-01
2.365000000000000000e+03,2.729169093072414398e-03,1.424351185560226440e-01
2.366000000000000000e+03,2.726307138800621033e-03,1.424078196287155151e-01
2.367000000000000000e+03,2.723481273278594017e-03,1.424117088317871094e-01
2.368000000000000000e+03,2.720683347433805466e-03,1.423757523298263550e-01
2.369000000000000000e+03,2.717945724725723267e-03,1.423896551132202148e-01
2.370000000000000000e+03,2.715303562581539154e-03,1.423415988683700562e-01
2.371000000000000000e+03,2.712800633162260056e-03,1.423738449811935425e-01
2.372000000000000000e+03,2.710558008402585983e-03,1.423037797212600708e-01
2.373000000000000000e+03,2.708750776946544647e-03,1.423646509647369385e-01
2.374000000000000000e+03,2.707690466195344925e-03,1.422562748193740845e-01
2.375000000000000000e+03,2.707954263314604759e-03,1.423708200454711914e-01
2.376000000000000000e+03,2.710545901209115982e-03,1.421954780817031860e-01
2.377000000000000000e+03,2.717327792197465897e-03,1.424077898263931274e-01
2.378000000000000000e+03,2.731733955442905426e-03,1.421154737472534180e-01
2.379000000000000000e+03,2.760013565421104431e-03,1.425144076347351074e-01
2.380000000000000000e+03,2.814115723595023155e-03,1.420164555311203003e-01
2.381000000000000000e+03,2.915709977969527245e-03,1.427853405475616455e-01
2.382000000000000000e+03,3.107206430286169052e-03,1.419408768415451050e-01
2.383000000000000000e+03,3.463579341769218445e-03,1.434925645589828491e-01
2.384000000000000000e+03,4.132328554987907410e-03,1.421049833297729492e-01
2.385000000000000000e+03,5.346641875803470612e-03,1.453585922718048096e-01
2.386000000000000000e+03,7.532482035458087921e-03,1.429343968629837036e-01
2.387000000000000000e+03,1.109329611063003540e-02,1.493554860353469849e-01
2.388000000000000000e+03,1.636884734034538269e-02,1.421949565410614014e-01
2.389000000000000000e+03,2.209731005132198334e-02,1.503749191761016846e-01
2.390000000000000000e+03,2.485483512282371521e-02,1.407870948314666748e-01
2.391000000000000000e+03,1.964803226292133331e-02,1.424243897199630737e-01
2.392000000000000000e+03,8.754025213420391083e-03,1.463990956544876099e-01
2.393000000000000000e+03,3.015347290784120560e-03,1.484862864017486572e-01
2.394000000000000000e+03,7.715091574937105179e-03,1.521394550800323486e-01
2.395000000000000000e+03,1.205858774483203888e-02,1.371096521615982056e-01
2.396000000000000000e+03,7.939353585243225098e-03,1.274787485599517822e-01
2.397000000000000000e+03,3.145221620798110962e-03,1.234487742185592651e-01
2.398000000000000000e+03,5.397818982601165771e-03,1.209374591708183289e-01
2.399000000000000000e+03,9.669193066656589508e-03,1.378257274627685547e-01
2.400000000000000000e+03,9.036436676979064941e-03,1.574545949697494507e-01
2.401000000000000000e+03,4.068623296916484833e-03,1.778680533170700073e-01
2.402000000000000000e+03,4.175255075097084045e-03,1.963345259428024292e-01
2.403000000000000000e+03,6.837125867605209351e-03,2.061821669340133667e-01
2.404000000000000000e+03,7.222182117402553558e-03,2.157339304685592651e-01
2.405000000000000000e+03,4.997587762773036957e-03,2.248724997043609619e-01
2.406000000000000000e+03,3.892925102263689041e-03,2.335544824600219727e-01
2.407000000000000000e+03,4.942611325532197952e-03,2.365644723176956177e-01
2.408000000000000000e+03,5.722547415643930435e-03,2.366749942302703857e-01
2.409000000000000000e+03,4.731484223157167435e-03,2.361663430929183960e-01
2.410000000000000000e+03,3.972983919084072113e-03,2.328912466764450073e-01
2.411000000000000000e+03,4.699311219155788422e-03,2.261211127042770386e-01
2.412000000000000000e+03,4.875409416854381561e-03,2.179921120405197144e-01
2.413000000000000000e+03,4.180458374321460724e-03,2.136445939540863037e-01
2.414000000000000000e+03,3.805470652878284454e-03,2.065225690603256226e-01
2.415000000000000000e+03,4.060593899339437485e-03,1.989407092332839966e-01
2.416000000000000000e+03,4.397345706820487976e-03,1.912869513034820557e-01
2.417000000000000000e+03,4.080317914485931396e-03,1.835543215274810791e-01
2.418000000000000000e+03,3.415809944272041321e-03,1.720078885555267334e-01
2.419000000000000000e+03,3.426589537411928177e-03,1.587607115507125854e-01
2.420000000000000000e+03,3.692031139507889748e-03,1.497089564800262451e-01
2.421000000000000000e+03,3.464660607278347015e-03,1.382079273462295532e-01
2.422000000000000000e+03,3.041504183784127235e-03,1.280357837677001953e-01
2.423000000000000000e+03,3.423304297029972076e-03,1.250182986259460449e-01
2.424000000000000000e+03,3.677737433463335037e-03,1.212487742304801941e-01
2.425000000000000000e+03,3.346107667312026024e-03,1.243796348571777344e-01
2.426000000000000000e+03,2.948674373328685760e-03,1.308272033929824829e-01
2.427000000000000000e+03,3.051664680242538452e-03,1.365610957145690918e-01
2.428000000000000000e+03,3.260697238147258759e-03,1.401937156915664673e-01
2.429000000000000000e+03,3.034097608178853989e-03,1.418192833662033081e-01
2.430000000000000000e+03,2.888689748942852020e-03,1.417361497879028320e-01
2.431000000000000000e+03,3.018813207745552063e-03,1.401636749505996704e-01
2.432000000000000000e+03,3.039508592337369919e-03,1.380849182605743408e-01
2.433000000000000000e+03,2.845372539013624191e-03,1.367103606462478638e-01
2.434000000000000000e+03,2.797712571918964386e-03,1.360267102718353271e-01
2.435000000000000000e+03,2.918977290391921997e-03,1.357010155916213989e-01
2.436000000000000000e+03,2.893885597586631775e-03,1.371296495199203491e-01
2.437000000000000000e+03,2.747145015746355057e-03,1.399895995855331421e-01
2.438000000000000000e+03,2.703812438994646072e-03,1.424096971750259399e-01
2.439000000000000000e+03,2.787081059068441391e-03,1.436567306518554688e-01
2.440000000000000000e+03,2.775367349386215210e-03,1.428858488798141479e-01
2.441000000000000000e+03,2.680581295862793922e-03,1.418057233095169067e-01
2.442000000000000000e+03,2.674038754776120186e-03,1.410984545946121216e-01
2.443000000000000000e+03,2.704952144995331764e-03,1.407388001680374146e-01
2.444000000000000000e+03,2.700424287468194962e-03,1.412242501974105835e-01
2.445000000000000000e+03,2.648736815899610519e-03,1.416118890047073364e-01
2.446000000000000000e+03,2.628259826451539993e-03,1.424689739942550659e-01
2.447000000000000000e+03,2.652064198628067970e-03,1.441737860441207886e-01
2.448000000000000000e+03,2.654347568750381470e-03,1.441837102174758911e-01
2.449000000000000000e+03,2.619180828332901001e-03,1.430957466363906860e-01
2.450000000000000000e+03,2.590357558801770210e-03,1.418714970350265503e-01
2.451000000000000000e+03,2.602732740342617035e-03,1.413980424404144287e-01
2.452000000000000000e+03,2.611496020108461380e-03,1.421559154987335205e-01
2.453000000000000000e+03,2.599915023893117905e-03,1.421448290348052979e-01
2.454000000000000000e+03,2.574448008090257645e-03,1.423236280679702759e-01
2.455000000000000000e+03,2.564067486673593521e-03,1.428144127130508423e-01
2.456000000000000000e+03,2.572070108726620674e-03,1.428018659353256226e-01
2.457000000000000000e+03,2.574687357991933823e-03,1.428335905075073242e-01
2.458000000000000000e+03,2.563797403126955032e-03,1.422376632690429688e-01
2.459000000000000000e+03,2.548716496676206589e-03,1.420949995517730713e-01
2.460000000000000000e+03,2.543028909713029861e-03,1.425274163484573364e-01
2.461000000000000000e+03,2.544933464378118515e-03,1.425711065530776978e-01
2.462000000000000000e+03,2.546028932556509972e-03,1.424013078212738037e-01
2.463000000000000000e+03,2.536910818889737129e-03,1.416894793510437012e-01
2.464000000000000000e+03,2.526108175516128540e-03,1.415219604969024658e-01
2.465000000000000000e+03,2.521455055102705956e-03,1.418697386980056763e-01
2.466000000000000000e+03,2.522568684071302414e-03,1.419249475002288818e-01
2.467000000000000000e+03,2.522135619074106216e-03,1.421771198511123657e-01
2.468000000000000000e+03,2.516666427254676819e-03,1.423281580209732056e-01
2.469000000000000000e+03,2.508795354515314102e-03,1.425203979015350342e-01
2.470000000000000000e+03,2.504744566977024078e-03,1.423202753067016602e-01
2.471000000000000000e+03,2.504583681002259254e-03,1.417132318019866943e-01
2.472000000000000000e+03,2.503836294636130333e-03,1.415262073278427124e-01
2.473000000000000000e+03,2.500584349036216736e-03,1.415437310934066772e-01
2.474000000000000000e+03,2.494448795914649963e-03,1.418535858392715454e-01
2.475000000000000000e+03,2.489909995347261429e-03,1.420172303915023804e-01
2.476000000000000000e+03,2.487870864570140839e-03,1.419243365526199341e-01
2.477000000000000000e+03,2.486839890480041504e-03,1.419170796871185303e-01
2.478000000000000000e+03,2.484251046553254128e-03,1.417226791381835938e-01
2.479000000000000000e+03,2.480283379554748535e-03,1.415525525808334351e-01
2.480000000000000000e+03,2.476097550243139267e-03,1.413431912660598755e-01
2.481000000000000000e+03,2.473047934472560883e-03,1.414212882518768311e-01
2.482000000000000000e+03,2.471079817041754723e-03,1.417886614799499512e-01
2.483000000000000000e+03,2.469155937433242798e-03,1.419014483690261841e-01
2.484000000000000000e+03,2.466773614287376404e-03,1.418729275465011597e-01
2.485000000000000000e+03,2.463562414050102234e-03,1.416792273521423340e-01
2.486000000000000000e+03,2.460184041410684586e-03,1.415817737579345703e-01
2.487000000000000000e+03,2.457389142364263535e-03,1.415175944566726685e-01
2.488000000000000000e+03,2.455226844176650047e-03,1.414247751235961914e-01
2.489000000000000000e+03,2.453122986480593681e-03,1.415016502141952515e-01
2.490000000000000000e+03,2.450773259624838829e-03,1.415781676769256592e-01
2.491000000000000000e+03,2.447848441079258919e-03,1.417133659124374390e-01
2.492000000000000000e+03,2.444912213832139969e-03,1.416894346475601196e-01
2.493000000000000000e+03,2.442233497276902199e-03,1.415825784206390381e-01
2.494000000000000000e+03,2.439911942929029465e-03,1.415630877017974854e-01
2.495000000000000000e+03,2.437755931168794632e-03,1.415763199329376221e-01
2.496000000000000000e+03,2.435418311506509781e-03,1.416305005550384521e-01
2.497000000000000000e+03,2.432882320135831833e-03,1.415525674819946289e-01
2.498000000000000000e+03,2.430260879918932915e-03,1.415292471647262573e-01
2.499000000000000000e+03,2.427699044346809387e-03,1.415199637413024902e-01
2.500000000000000000e+03,2.425243146717548370e-03,1.414692997932434082e-01
2.501000000000000000e+03,2.422953955829143524e-03,1.414221078157424927e-01
2.502000000000000000e+03,2.420674078166484833e-03,1.413851380348205566e-01
2.503000000000000000e+03,2.418331103399395943e-03,1.414565593004226685e-01
2.504000000000000000e+03,2.415875438600778580e-03,1.414718478918075562e-01
2.505000000000000000e+03,2.413396025076508522e-03,1.414508223533630371e-01
2.506000000000000000e+03,2.410945948213338852e-03,1.413749456405639648e-01
2.507000000000000000e+03,2.408595988526940346e-03,1.413122266530990601e-01
2.508000000000000000e+03,2.406280953437089920e-03,1.413080245256423950e-01
2.509000000000000000e+03,2.403991762548685074e-03,1.412862986326217651e-01
2.510000000000000000e+03,2.401663456112146378e-03,1.412970125675201416e-01
2.511000000000000000e+03,2.399312332272529602e-03,1.412952393293380737e-01
2.512000000000000000e+03,2.396941650658845901e-03,1.413194835186004639e-01
2.513000000000000000e+03,2.394570969045162201e-03,1.412798017263412476e-01
2.514000000000000000e+03,2.392219612374901772e-03,1.412062197923660278e-01
2.515000000000000000e+03,2.389905508607625961e-03,1.411682963371276855e-01
2.516000000000000000e+03,2.387616783380508423e-03,1.411663442850112915e-01
2.517000000000000000e+03,2.385329222306609154e-03,1.412003785371780396e-01
2.518000000000000000e+03,2.383035607635974884e-03,1.412011384963989258e-01
2.519000000000000000e+03,2.380732446908950806e-03,1.412150412797927856e-01
2.520000000000000000e+03,2.378424163907766342e-03,1.412006765604019165e-01
2.521000000000000000e+03,2.376117510721087456e-03,1.411792784929275513e-01
2.522000000000000000e+03,2.373818773776292801e-03,1.411349028348922729e-01
2.523000000000000000e+03,2.371531911194324493e-03,1.410947740077972412e-01
2.524000000000000000e+03,2.369262045249342918e-03,1.410934329032897949e-01
2.525000000000000000e+03,2.367009408771991730e-03,1.411028355360031128e-01
2.526000000000000000e+03,2.364749088883399963e-03,1.411162018775939941e-01
2.527000000000000000e+03,2.362485043704509735e-03,1.410934031009674072e-01
2.528000000000000000e+03,2.360216807574033737e-03,1.410843282938003540e-01
2.529000000000000000e+03,2.357956953346729279e-03,1.410653442144393921e-01
2.530000000000000000e+03,2.355696167796850204e-03,1.410487443208694458e-01
2.531000000000000000e+03,2.353436779230833054e-03,1.410249769687652588e-01
2.532000000000000000e+03,2.351180883124470711e-03,1.410163044929504395e-01
2.533000000000000000e+03,2.348939888179302216e-03,1.410161852836608887e-01
2.534000000000000000e+03,2.346708439290523529e-03,1.410022526979446411e-01
2.535000000000000000e+03,2.344473497942090034e-03,1.409845203161239624e-01
2.536000000000000000e+03,2.342247404158115387e-03,1.409587264060974121e-01
2.537000000000000000e+03,2.340017119422554970e-03,1.409524083137512207e-01
2.538000000000000000e+03,2.337799873203039169e-03,1.409422606229782104e-01
2.539000000000000000e+03,2.335573546588420868e-03,1.409378349781036377e-01
2.540000000000000000e+03,2.333353739231824875e-03,1.409219056367874146e-01
2.541000000000000000e+03,2.331136260181665421e-03,1.409150063991546631e-01
2.542000000000000000e+03,2.328927395865321159e-03,1.409022212028503418e-01
2.543000000000000000e+03,2.326714107766747475e-03,1.408861875534057617e-01
2.544000000000000000e+03,2.324509434401988983e-03,1.408694386482238770e-01
2.545000000000000000e+03,2.322306856513023376e-03,1.408609449863433838e-01
2.546000000000000000e+03,2.320107538253068924e-03,1.408577561378479004e-01
2.547000000000000000e+03,2.317918930202722549e-03,1.408456563949584961e-01
2.548000000000000000e+03,2.315720776095986366e-03,1.408314853906631470e-01
2.549000000000000000e+03,2.313534729182720184e-03,1.408126801252365112e-01
2.550000000000000000e+03,2.311352640390396118e-03,1.408004164695739746e-01
2.551000000000000000e+03,2.309166360646486282e-03,1.407847702503204346e-01
2.552000000000000000e+03,2.306992420926690102e-03,1.407768130302429199e-01
2.553000000000000000e+03,2.304814523085951805e-03,1.407666802406311035e-01
2.554000000000000000e+03,2.302643377333879471e-03,1.407637298107147217e-01
2.555000000000000000e+03,2.300471998751163483e-03,1.407516449689865112e-01
2.556000000000000000e+03,2.298307605087757111e-03,1.407374441623687744e-01
2.557000000000000000e+03,2.296146005392074585e-03,1.407163441181182861e-01
2.558000000000000000e+03,2.293981146067380905e-03,1.407042592763900757e-01
2.559000000000000000e+03,2.291826996952295303e-03,1.406904011964797974e-01
2.560000000000000000e+03,2.289673779159784317e-03,1.406821757555007935e-01
2.561000000000000000e+03,2.287518698722124100e-03,1.406706273555755615e-01
2.562000000000000000e+03,2.285369671881198883e-03,1.406645923852920532e-01
2.563000000000000000e+03,2.283222507685422897e-03,1.406511068344116211e-01
2.564000000000000000e+03,2.281080232933163643e-03,1.406399458646774292e-01
2.565000000000000000e+03,2.278937026858329773e-03,1.406227946281433105e-01
2.566000000000000000e+03,2.276802901178598404e-03,1.406137794256210327e-01
2.567000000000000000e+03,2.274670870974659920e-03,1.406007856130599976e-01
2.568000000000000000e+03,2.272536745294928551e-03,1.405948102474212646e-01
2.569000000000000000e+03,2.270411234349012375e-03,1.405801773071289062e-01
2.570000000000000000e+03,2.268289914354681969e-03,1.405734270811080933e-01
2.571000000000000000e+03,2.266164403408765793e-03,1.405573785305023193e-01
2.572000000000000000e+03,2.264049369841814041e-03,1.405509114265441895e-01
2.573000000000000000e+03,2.261937595903873444e-03,1.405317485332489014e-01
2.574000000000000000e+03,2.259828848764300346e-03,1.405285447835922241e-01
2.575000000000000000e+03,2.257728017866611481e-03,1.405098736286163330e-01
2.576000000000000000e+03,2.255635103210806847e-03,1.405110806226730347e-01
2.577000000000000000e+03,2.253552665933966637e-03,1.404862850904464722e-01
2.578000000000000000e+03,2.251487690955400467e-03,1.404906511306762695e-01
2.579000000000000000e+03,2.249437617138028145e-03,1.404600739479064941e-01
2.580000000000000000e+03,2.247432013973593712e-03,1.404739469289779663e-01
2.581000000000000000e+03,2.245480660349130630e-03,1.404322981834411621e-01
2.582000000000000000e+03,2.243613358587026596e-03,1.404593586921691895e-01
2.583000000000000000e+03,2.241883426904678345e-03,1.404009908437728882e-01
2.584000000000000000e+03,2.240393543615937233e-03,1.404514908790588379e-01
2.585000000000000000e+03,2.239286201074719429e-03,1.403626650571823120e-01
2.586000000000000000e+03,2.238846383988857269e-03,1.404518783092498779e-01
2.587000000000000000e+03,2.239547437056899071e-03,1.403143703937530518e-01
2.588000000000000000e+03,2.242212183773517609e-03,1.404750049114227295e-01
2.589000000000000000e+03,2.248337026685476303e-03,1.402510106563568115e-01
2.590000000000000000e+03,2.260511508211493492e-03,1.405358463525772095e-01
2.591000000000000000e+03,2.283542649820446968e-03,1.401619613170623779e-01
2.592000000000000000e+03,2.325912239030003548e-03,1.406794041395187378e-01
2.593000000000000000e+03,2.403535880148410797e-03,1.400482952594757080e-01
2.594000000000000000e+03,2.544390503317117691e-03,1.410189121961593628e-01
2.595000000000000000e+03,2.801995258778333664e-03,1.399597972631454468e-01
2.596000000000000000e+03,3.266212297603487968e-03,1.418503820896148682e-01
2.597000000000000000e+03,4.108035936951637268e-03,1.400906592607498169e-01
2.598000000000000000e+03,5.571106448769569397e-03,1.438314020633697510e-01
2.599000000000000000e+03,8.064813911914825439e-03,1.405976712703704834e-01
2.600000000000000000e+03,1.181054767221212387e-02,1.470395326614379883e-01
2.601000000000000000e+03,1.670289039611816406e-02,1.393430233001708984e-01
2.602000000000000000e+03,2.070837281644344330e-02,1.450703144073486328e-01
2.603000000000000000e+03,2.041257545351982117e-02,1.431440711021423340e-01
2.604000000000000000e+03,1.297196093946695328e-02,1.460857689380645752e-01
2.605000000000000000e+03,4.264559131115674973e-03,1.430228203535079956e-01
2.606000000000000000e+03,3.215198405086994171e-03,1.388922482728958130e-01
2.607000000000000000e+03,8.446905761957168579e-03,1.366411000490188599e-01
2.608000000000000000e+03,1.010062824934720993e-02,1.400310248136520386e-01
2.609000000000000000e+03,5.433371756225824356e-03,1.429550945758819580e-01
2.610000000000000000e+03,2.477938309311866760e-03,1.431870907545089722e-01
2.611000000000000000e+03,5.328684113919734955e-03,1.420066952705383301e-01
2.612000000000000000e+03,6.899699568748474121e-03,1.402220427989959717e-01
2.613000000000000000e+03,3.895071335136890411e-03,1.381692290306091309e-01
2.614000000000000000e+03,2.610274590551853180e-03,1.343838870525360107e-01
2.615000000000000000e+03,4.793054424226284027e-03,1.330817788839340210e-01
2.616000000000000000e+03,5.291239358484745026e-03,1.342135965824127197e-01
2.617000000000000000e+03,3.085896838456392288e-03,1.362304687500000000e-01
2.618000000000000000e+03,2.644407562911510468e-03,1.370294690132141113e-01
2.619000000000000000e+03,4.170998930931091309e-03,1.374923586845397949e-01
2.620000000000000000e+03,3.808370325714349747e-03,1.372915655374526978e-01
2.621000000000000000e+03,2.474741544574499130e-03,1.364072263240814209e-01
2.622000000000000000e+03,2.976423595100641251e-03,1.355637162923812866e-01
2.623000000000000000e+03,3.723390400409698486e-03,1.356927454471588135e-01
2.624000000000000000e+03,2.956093056127429008e-03,1.351292580366134644e-01
2.625000000000000000e+03,2.375305630266666412e-03,1.341242939233779907e-01
2.626000000000000000e+03,3.021440003067255020e-03,1.345661878585815430e-01
2.627000000000000000e+03,3.261177334934473038e-03,1.357291787862777710e-01
2.628000000000000000e+03,2.572915051132440567e-03,1.366612166166305542e-01
2.629000000000000000e+03,2.404588740319013596e-03,1.366952508687973022e-01
2.630000000000000000e+03,2.880464773625135422e-03,1.361476331949234009e-01
2.631000000000000000e+03,2.842939458787441254e-03,1.363281756639480591e-01
2.632000000000000000e+03,2.379787154495716095e-03,1.365801095962524414e-01
2.633000000000000000e+03,2.402148209512233734e-03,1.364725977182388306e-01
2.634000000000000000e+03,2.711215056478977203e-03,1.366332471370697021e-01
2.635000000000000000e+03,2.589769661426544189e-03,1.365842968225479126e-01
2.636000000000000000e+03,2.297281753271818161e-03,1.369344592094421387e-01
2.637000000000000000e+03,2.366704400628805161e-03,1.377553194761276245e-01
2.638000000000000000e+03,2.550823381170630455e-03,1.380334645509719849e-01
2.639000000000000000e+03,2.439525909721851349e-03,1.382351219654083252e-01
2.640000000000000000e+03,2.249919110909104347e-03,1.381398588418960571e-01
2.641000000000000000e+03,2.308262977749109268e-03,1.380998194217681885e-01
2.642000000000000000e+03,2.427874598652124405e-03,1.387766748666763306e-01
2.643000000000000000e+03,2.357102930545806885e-03,1.387018114328384399e-01
2.644000000000000000e+03,2.224680036306381226e-03,1.384667009115219116e-01
2.645000000000000000e+03,2.242369810119271278e-03,1.386735588312149048e-01
2.646000000000000000e+03,2.330132294446229935e-03,1.388998180627822876e-01
2.647000000000000000e+03,2.304202876985073090e-03,1.397621035575866699e-01
2.648000000000000000e+03,2.210616134107112885e-03,1.398829370737075806e-01
2.649000000000000000e+03,2.192428335547447205e-03,1.395109444856643677e-01
2.650000000000000000e+03,2.249026903882622719e-03,1.398740112781524658e-01
2.651000000000000000e+03,2.261890098452568054e-03,1.398118436336517334e-01
2.652000000000000000e+03,2.204887336120009422e-03,1.399963349103927612e-01
2.653000000000000000e+03,2.164725214242935181e-03,1.398547887802124023e-01
2.654000000000000000e+03,2.184688346460461617e-03,1.395138651132583618e-01
2.655000000000000000e+03,2.215026179328560829e-03,1.402006000280380249e-01
2.656000000000000000e+03,2.200075658038258553e-03,1.403307914733886719e-01
2.657000000000000000e+03,2.161050913855433464e-03,1.404237449169158936e-01
2.658000000000000000e+03,2.146564424037933350e-03,1.403788626194000244e-01
2.659000000000000000e+03,2.164333127439022064e-03,1.400719583034515381e-01
2.660000000000000000e+03,2.177425893023610115e-03,1.404803246259689331e-01
2.661000000000000000e+03,2.163514960557222366e-03,1.402478218078613281e-01
2.662000000000000000e+03,2.139240037649869919e-03,1.401124298572540283e-01
2.663000000000000000e+03,2.130908658728003502e-03,1.402189880609512329e-01
2.664000000000000000e+03,2.140745054930448532e-03,1.402317136526107788e-01
2.665000000000000000e+03,2.148048020899295807e-03,1.406499594449996948e-01
2.666000000000000000e+03,2.140488009899854660e-03,1.403472423553466797e-01
2.667000000000000000e+03,2.124757738783955574e-03,1.402144879102706909e-01
2.668000000000000000e+03,2.116715302690863609e-03,1.402575820684432983e-01
2.669000000000000000e+03,2.119648037478327751e-03,1.401497423648834229e-01
2.670000000000000000e+03,2.124764490872621536e-03,1.402840465307235718e-01
2.671000000000000000e+03,2.122339326888322830e-03,1.400134712457656860e-01
2.672000000000000000e+03,2.113148570060729980e-03,1.401121020317077637e-01
2.673000000000000000e+03,2.104965969920158386e-03,1.402197033166885376e-01
2.674000000000000000e+03,2.103045582771301270e-03,1.401252597570419312e-01
2.675000000000000000e+03,2.105311257764697075e-03,1.401158422231674194e-01
2.676000000000000000e+03,2.105760388076305389e-03,1.398826241493225098e-01
2.677000000000000000e+03,2.101700985804200172e-03,1.400152295827865601e-01
2.678000000000000000e+03,2.095314441248774529e-03,1.400203704833984375e-01
2.679000000000000000e+03,2.090923953801393509e-03,1.399524062871932983e-01
2.680000000000000000e+03,2.089852001518011093e-03,1.399658769369125366e-01
2.681000000000000000e+03,2.090285532176494598e-03,1.398953944444656372e-01
2.682000000000000000e+03,2.089203801006078720e-03,1.400456875562667847e-01
2.683000000000000000e+03,2.085828222334384918e-03,1.399451941251754761e-01
2.684000000000000000e+03,2.081525046378374100e-03,1.398987025022506714e-01
2.685000000000000000e+03,2.078326884657144547e-03,1.398996859788894653e-01
2.686000000000000000e+03,2.076875884085893631e-03,1.398920863866806030e-01
2.687000000000000000e+03,2.076197415590286255e-03,1.399714052677154541e-01
2.688000000000000000e+03,2.074907068163156509e-03,1.398464441299438477e-01
2.689000000000000000e+03,2.072385046631097794e-03,1.398728340864181519e-01
2.690000000000000000e+03,2.069257898256182671e-03,1.398752331733703613e-01
2.691000000000000000e+03,2.066468819975852966e-03,1.399053335189819336e-01
2.692000000000000000e+03,2.064586849883198738e-03,1.399141401052474976e-01
2.693000000000000000e+03,2.063272288069128990e-03,1.398365199565887451e-01
2.694000000000000000e+03,2.061921637505292892e-03,1.399032026529312134e-01
2.695000000000000000e+03,2.060015918686985970e-03,1.398737728595733643e-01
2.696000000000000000e+03,2.057638019323348999e-03,1.398832499980926514e-01
2.697000000000000000e+03,2.055167919024825096e-03,1.398241519927978516e-01
2.698000000000000000e+03,2.053023315966129303e-03,1.398083418607711792e-01
2.699000000000000000e+03,2.051276853308081627e-03,1.398577541112899780e-01
2.700000000000000000e+03,2.049736678600311279e-03,1.398269981145858765e-01
2.701000000000000000e+03,2.048105699941515923e-03,1.398406773805618286e-01
2.702000000000000000e+03,2.046210225671529770e-03,1.397860497236251831e-01
2.703000000000000000e+03,2.044111024588346481e-03,1.398119181394577026e-01
2.704000000000000000e+03,2.041985746473073959e-03,1.397924572229385376e-01
2.705000000000000000e+03,2.039992250502109528e-03,1.397567987442016602e-01
2.706000000000000000e+03,2.038181526586413383e-03,1.397467106580734253e-01
2.707000000000000000e+03,2.036492340266704559e-03,1.397297978401184082e-01
2.708000000000000000e+03,2.034793607890605927e-03,1.397689282894134521e-01
2.709000000000000000e+03,2.033003140240907669e-03,1.397292613983154297e-01
2.710000000000000000e+03,2.031099051237106323e-03,1.397231966257095337e-01
2.711000000000000000e+03,2.029150724411010742e-03,1.396950781345367432e-01
2.712000000000000000e+03,2.027225680649280548e-03,1.396940946578979492e-01
2.713000000000000000e+03,2.025372581556439400e-03,1.396826058626174927e-01
2.714000000000000000e+03,2.023601438850164413e-03,1.396493613719940186e-01
2.715000000000000000e+03,2.021867316216230392e-03,1.396584063768386841e-01
2.716000000000000000e+03,2.020127838477492332e-03,1.396460235118865967e-01
2.717000000000000000e+03,2.018339466303586960e-03,1.396612375974655151e-01
2.718000000000000000e+03,2.016523154452443123e-03,1.396255195140838623e-01
2.719000000000000000e+03,2.014672150835394859e-03,1.396160274744033813e-01
2.720000000000000000e+03,2.012833254411816597e-03,1.396027952432632446e-01
2.721000000000000000e+03,2.011019503697752953e-03,1.395962238311767578e-01
2.722000000000000000e+03,2.009244635701179504e-03,1.395869106054306030e-01
2.723000000000000000e+03,2.007486764341592789e-03,1.395650506019592285e-01
2.724000000000000000e+03,2.005740534514188766e-03,1.395742893218994141e-01
2.725000000000000000e+03,2.003986854106187820e-03,1.395610123872756958e-01
2.726000000000000000e+03,2.002225024625658989e-03,1.395612359046936035e-01
2.727000000000000000e+03,2.000443870201706886e-03,1.395337581634521484e-01
2.728000000000000000e+03,1.998663414269685745e-03,1.395310312509536743e-01
2.729000000000000000e+03,1.996882725507020950e-03,1.395210027694702148e-01
2.730000000000000000e+03,1.995107391849160194e-03,1.395139992237091064e-01
2.731000000000000000e+03,1.993349054828286171e-03,1.395013332366943359e-01
2.732000000000000000e+03,1.991599332541227341e-03,1.394881457090377808e-01
2.733000000000000000e+03,1.989854034036397934e-03,1.394893079996109009e-01
2.734000000000000000e+03,1.988116884604096413e-03,1.394745260477066040e-01
2.735000000000000000e+03,1.986384857445955276e-03,1.394681185483932495e-01
2.736000000000000000e+03,1.984647475183010101e-03,1.394484490156173706e-01
2.737000000000000000e+03,1.982900314033031464e-03,1.394484043121337891e-01
2.738000000000000000e+03,1.981158275157213211e-03,1.394346952438354492e-01
2.739000000000000000e+03,1.979415770620107651e-03,1.394280195236206055e-01
2.740000000000000000e+03,1.977679086849093437e-03,1.394122540950775146e-01
2.741000000000000000e+03,1.975947991013526917e-03,1.394063830375671387e-01
2.742000000000000000e+03,1.974219223484396935e-03,1.393982172012329102e-01
2.743000000000000000e+03,1.972487196326255798e-03,1.393878459930419922e-01
2.744000000000000000e+03,1.970771234482526779e-03,1.393769383430480957e-01
2.745000000000000000e+03,1.969052944332361221e-03,1.393648535013198853e-01
2.746000000000000000e+03,1.967337448149919510e-03,1.393594741821289062e-01
2.747000000000000000e+03,1.965623814612627029e-03,1.393455117940902710e-01
2.748000000000000000e+03,1.963909016922116280e-03,1.393371373414993286e-01
2.749000000000000000e+03,1.962201436981558800e-03,1.393230855464935303e-01
2.750000000000000000e+03,1.960491295903921127e-03,1.393197625875473022e-01
2.751000000000000000e+03,1.958786044269800186e-03,1.393074989318847656e-01
2.752000000000000000e+03,1.957080559805035591e-03,1.393003165721893311e-01
2.753000000000000000e+03,1.955378334969282150e-03,1.392863839864730835e-01
2.754000000000000000e+03,1.953680533915758133e-03,1.392801851034164429e-01
2.755000000000000000e+03,1.951982150785624981e-03,1.392673999071121216e-01
2.756000000000000000e+03,1.950285397469997406e-03,1.392595171928405762e-01
2.757000000000000000e+03,1.948587363585829735e-03,1.392472088336944580e-01
2.758000000000000000e+03,1.946894451975822449e-03,1.392411142587661743e-01
2.759000000000000000e+03,1.945211086422204971e-03,1.392312645912170410e-01
2.760000000000000000e+03,1.943525276146829128e-03,1.392240375280380249e-01
2.761000000000000000e+03,1.941836322657763958e-03,1.392119973897933960e-01
2.762000000000000000e+03,1.940152375027537346e-03,1.392040699720382690e-01
2.763000000000000000e+03,1.938472269102931023e-03,1.391937583684921265e-01
2.764000000000000000e+03,1.936785411089658737e-03,1.391855627298355103e-01
2.765000000000000000e+03,1.935120322741568089e-03,1.391746252775192261e-01
2.766000000000000000e+03,1.933441963046789169e-03,1.391676068305969238e-01
2.767000000000000000e+03,1.931767095811665058e-03,1.391584128141403198e-01
2.768000000000000000e+03,1.930100028403103352e-03,1.391511708498001099e-01
2.769000000000000000e+03,1.928433310240507126e-03,1.391399800777435303e-01
2.770000000000000000e+03,1.926761702634394169e-03,1.391321271657943726e-01
2.771000000000000000e+03,1.925099175423383713e-03,1.391210556030273438e-01
2.772000000000000000e+03,1.923436531797051430e-03,1.391148865222930908e-01
2.773000000000000000e+03,1.921777380630373955e-03,1.391032338142395020e-01
2.774000000000000000e+03,1.920124283060431480e-03,1.390973031520843506e-01
2.775000000000000000e+03,1.918465713970363140e-03,1.390855759382247925e-01
2.776000000000000000e+03,1.916809007525444031e-03,1.390816718339920044e-01
2.777000000000000000e+03,1.915157423354685307e-03,1.390671581029891968e-01
2.778000000000000000e+03,1.913506537675857544e-03,1.390638053417205811e-01
2.779000000000000000e+03,1.911870669573545456e-03,1.390477865934371948e-01
2.780000000000000000e+03,1.910233404487371445e-03,1.390482485294342041e-01
2.781000000000000000e+03,1.908602775074541569e-03,1.390286982059478760e-01
2.782000000000000000e+03,1.906989607959985733e-03,1.390335857868194580e-01
2.783000000000000000e+03,1.905392040498554707e-03,1.390080749988555908e-01
2.784000000000000000e+03,1.903821481391787529e-03,1.390207707881927490e-01
2.785000000000000000e+03,1.902288757264614105e-03,1.389857381582260132e-01
2.786000000000000000e+03,1.900832285173237324e-03,1.390104889869689941e-01
2.787000000000000000e+03,1.899498398415744305e-03,1.389594525098800659e-01
2.788000000000000000e+03,1.898351241834461689e-03,1.390061229467391968e-01
2.789000000000000000e+03,1.897531794384121895e-03,1.389279216527938843e-01
2.790000000000000000e+03,1.897286623716354370e-03,1.390103399753570557e-01
2.791000000000000000e+03,1.898025395348668098e-03,1.388849616050720215e-01
2.792000000000000000e+03,1.900490489788353443e-03,1.390334069728851318e-01
2.793000000000000000e+03,1.905995188280940056e-03,1.388269364833831787e-01
2.794000000000000000e+03,1.916908659040927887e-03,1.390926986932754517e-01
2.795000000000000000e+03,1.937580178491771221e-03,1.387423723936080933e-01
2.796000000000000000e+03,1.975766848772764206e-03,1.392290592193603516e-01
2.797000000000000000e+03,2.046074252575635910e-03,1.386288553476333618e-01
2.798000000000000000e+03,2.174435649067163467e-03,1.395441442728042603e-01
2.799000000000000000e+03,2.410651650279760361e-03,1.385175883769989014e-01
2.800000000000000000e+03,2.839549444615840912e-03,1.403034180402755737e-01
2.801000000000000000e+03,3.623530734330415726e-03,1.385581791400909424e-01
2.802000000000000000e+03,5.001832731068134308e-03,1.421056687831878662e-01
2.803000000000000000e+03,7.385597564280033112e-03,1.388505399227142334e-01
2.804000000000000000e+03,1.105170510709285736e-02,1.450050026178359985e-01
2.805000000000000000e+03,1.602444425225257874e-02,1.376246213912963867e-01
2.806000000000000000e+03,2.040098793804645538e-02,1.434614360332489014e-01
2.807000000000000000e+03,2.079644799232482910e-02,1.415394544601440430e-01
2.808000000000000000e+03,1.365683693438768387e-02,1.450027376413345337e-01
2.809000000000000000e+03,4.453957080841064453e-03,1.410491019487380981e-01
2.810000000000000000e+03,2.662572776898741722e-03,1.361866593360900879e-01
2.811000000000000000e+03,7.884022779762744904e-03,1.335991024971008301e-01
2.812000000000000000e+03,1.011468283832073212e-02,1.370429843664169312e-01
2.813000000000000000e+03,5.584104917943477631e-03,1.404251605272293091e-01
2.814000000000000000e+03,2.127261599525809288e-03,1.405831724405288696e-01
2.815000000000000000e+03,4.806572105735540390e-03,1.395093053579330444e-01
2.816000000000000000e+03,6.678001955151557922e-03,1.381014585494995117e-01
2.817000000000000000e+03,3.728501964360475540e-03,1.356398463249206543e-01
2.818000000000000000e+03,2.240412868559360504e-03,1.310522705316543579e-01
2.819000000000000000e+03,4.461426287889480591e-03,1.308138370513916016e-01
2.820000000000000000e+03,5.119083914905786514e-03,1.318429559469223022e-01
2.821000000000000000e+03,2.808524528518319130e-03,1.339781582355499268e-01
2.822000000000000000e+03,2.314312383532524109e-03,1.348177343606948853e-01
2.823000000000000000e+03,3.919482231140136719e-03,1.346408426761627197e-01
2.824000000000000000e+03,3.488897345960140228e-03,1.342567503452301025e-01
2.825000000000000000e+03,2.122703939676284790e-03,1.327698081731796265e-01
2.826000000000000000e+03,2.711459062993526459e-03,1.308630853891372681e-01
2.827000000000000000e+03,3.458755556493997574e-03,1.319462358951568604e-01
2.828000000000000000e+03,2.629612106829881668e-03,1.316015124320983887e-01
2.829000000000000000e+03,2.039380604401230812e-03,1.304387152194976807e-01
2.830000000000000000e+03,2.735324902459979057e-03,1.311459988355636597e-01
2.831000000000000000e+03,2.964054932817816734e-03,1.314626932144165039e-01
2.832000000000000000e+03,2.227417659014463425e-03,1.318435221910476685e-01
2.833000000000000000e+03,2.080940175801515579e-03,1.317269504070281982e-01
2.834000000000000000e+03,2.590445335954427719e-03,1.307806074619293213e-01
2.835000000000000000e+03,2.526745200157165527e-03,1.312307864427566528e-01
2.836000000000000000e+03,2.040222054347395897e-03,1.313578486442565918e-01
2.837000000000000000e+03,2.082203980535268784e-03,1.308182179927825928e-01
2.838000000000000000e+03,2.405749168246984482e-03,1.309318244457244873e-01
2.839000000000000000e+03,2.267452189698815346e-03,1.305213570594787598e-01
2.840000000000000000e+03,1.962831476703286171e-03,1.303121298551559448e-01
2.841000000000000000e+03,2.047985792160034180e-03,1.306381225585937500e-01
2.842000000000000000e+03,2.243613125756382942e-03,1.305380910634994507e-01
2.843000000000000000e+03,2.124496968463063240e-03,1.307874619960784912e-01
2.844000000000000000e+03,1.926012337207794189e-03,1.306881904602050781e-01
2.845000000000000000e+03,1.989571610465645790e-03,1.303853392601013184e-01
2.846000000000000000e+03,2.118590753525495529e-03,1.306286156177520752e-01
2.847000000000000000e+03,2.044364111497998238e-03,1.304053366184234619e-01
2.848000000000000000e+03,1.907837344333529472e-03,1.299856603145599365e-01
2.849000000000000000e+03,1.930671161971986294e-03,1.298594623804092407e-01
2.850000000000000000e+03,2.024994930252432823e-03,1.298446953296661377e-01
2.851000000000000000e+03,1.996777718886733055e-03,1.303578466176986694e-01
2.852000000000000000e+03,1.898678252473473549e-03,1.304845809936523438e-01
2.853000000000000000e+03,1.887684455141425133e-03,1.301945894956588745e-01
2.854000000000000000e+03,1.948860008269548416e-03,1.300801187753677368e-01
2.855000000000000000e+03,1.956547144800424576e-03,1.298614293336868286e-01
2.856000000000000000e+03,1.893727807328104973e-03,1.297875195741653442e-01
2.857000000000000000e+03,1.861180993728339672e-03,1.296192705631256104e-01
2.858000000000000000e+03,1.891501364298164845e-03,1.293354779481887817e-01
2.859000000000000000e+03,1.916670007631182671e-03,1.295586824417114258e-01
2.860000000000000000e+03,1.890831976197659969e-03,1.297901272773742676e-01
2.861000000000000000e+03,1.852141693234443665e-03,1.299326121807098389e-01
2.862000000000000000e+03,1.851890934631228447e-03,1.298378407955169678e-01
2.863000000000000000e+03,1.874789828434586525e-03,1.294840425252914429e-01
2.864000000000000000e+03,1.876851776614785194e-03,1.293625384569168091e-01
2.865000000000000000e+03,1.852284185588359833e-03,1.292582899332046509e-01
2.866000000000000000e+03,1.834128634072840214e-03,1.291812211275100708e-01
2.867000000000000000e+03,1.840502838604152203e-03,1.291743814945220947e-01
2.868000000000000000e+03,1.852356130257248878e-03,1.291001737117767334e-01
2.869000000000000000e+03,1.847962383180856705e-03,1.292492151260375977e-01
2.870000000000000000e+03,1.831112429499626160e-03,1.292954385280609131e-01
2.871000000000000000e+03,1.821751124225556850e-03,1.291716992855072021e-01
2.872000000000000000e+03,1.826117746531963348e-03,1.289775669574737549e-01
2.873000000000000000e+03,1.831744564697146416e-03,1.287032514810562134e-01
2.874000000000000000e+03,1.827415428124368191e-03,1.286473572254180908e-01
2.875000000000000000e+03,1.816440140828490257e-03,1.285825371742248535e-01
2.876000000000000000e+03,1.810037530958652496e-03,1.284901946783065796e-01
2.877000000000000000e+03,1.811454771086573601e-03,1.284327059984207153e-01
2.878000000000000000e+03,1.814218936488032341e-03,1.283183246850967407e-01
2.879000000000000000e+03,1.811547554098069668e-03,1.283270269632339478e-01
2.880000000000000000e+03,1.804413041099905968e-03,1.282367855310440063e-01
2.881000000000000000e+03,1.798968296498060226e-03,1.280841678380966187e-01
2.882000000000000000e+03,1.798102166503667831e-03,1.279577016830444336e-01
2.883000000000000000e+03,1.799179124645888805e-03,1.278135925531387329e-01
2.884000000000000000e+03,1.797826844267547131e-03,1.278040558099746704e-01
2.885000000000000000e+03,1.793387811630964279e-03,1.277150064706802368e-01
2.886000000000000000e+03,1.788705703802406788e-03,1.276207566261291504e-01
2.887000000000000000e+03,1.786322565749287605e-03,1.275458186864852905e-01
2.888000000000000000e+03,1.785943051800131798e-03,1.274525225162506104e-01
2.889000000000000000e+03,1.785174245014786720e-03,1.274474263191223145e-01
2.890000000000000000e+03,1.782635226845741272e-03,1.273486316204071045e-01
2.891000000000000000e+03,1.778988516889512539e-03,1.272685527801513672e-01
2.892000000000000000e+03,1.775968354195356369e-03,1.271900385618209839e-01
2.893000000000000000e+03,1.774335978552699089e-03,1.271105706691741943e-01
2.894000000000000000e+03,1.773358089849352837e-03,1.270876824855804443e-01
2.895000000000000000e+03,1.771851209923624992e-03,1.269911080598831177e-01
2.896000000000000000e+03,1.769373076967895031e-03,1.269527673721313477e-01
2.897000000000000000e+03,1.766554196365177631e-03,1.269062012434005737e-01
2.898000000000000000e+03,1.764199114404618740e-03,1.268779188394546509e-01
2.899000000000000000e+03,1.762566622346639633e-03,1.268626749515533447e-01
2.900000000000000000e+03,1.761203631758689880e-03,1.267822533845901489e-01
2.901000000000000000e+03,1.759530510753393173e-03,1.267501860857009888e-01
2.902000000000000000e+03,1.757380086928606033e-03,1.266938149929046631e-01
2.903000000000000000e+03,1.755035715177655220e-03,1.266783326864242554e-01
2.904000000000000000e+03,1.752918818965554237e-03,1.266565769910812378e-01
2.905000000000000000e+03,1.751167350448668003e-03,1.266185194253921509e-01
2.906000000000000000e+03,1.749598886817693710e-03,1.266213208436965942e-01
2.907000000000000000e+03,1.747932867147028446e-03,1.265926063060760498e-01
2.908000000000000000e+03,1.746021909639239311e-03,1.265900135040283203e-01
2.909000000000000000e+03,1.743966480717062950e-03,1.265455186367034912e-01
2.910000000000000000e+03,1.741951680742204189e-03,1.265069097280502319e-01
2.911000000000000000e+03,1.740116742439568043e-03,1.264868527650833130e-01
2.912000000000000000e+03,1.738424645736813545e-03,1.264634579420089722e-01
2.913000000000000000e+03,1.736754318699240685e-03,1.264711618423461914e-01
2.914000000000000000e+03,1.734998309984803200e-03,1.264489293098449707e-01
2.915000000000000000e+03,1.733128214254975319e-03,1.264521330595016479e-01
2.916000000000000000e+03,1.731215044856071472e-03,1.264412254095077515e-01
2.917000000000000000e+03,1.729352166876196861e-03,1.264297515153884888e-01
2.918000000000000000e+03,1.727585913613438606e-03,1.264135986566543579e-01
2.919000000000000000e+03,1.725881826132535934e-03,1.263808608055114746e-01
2.920000000000000000e+03,1.724178669974207878e-03,1.263759732246398926e-01
2.921000000000000000e+03,1.722429064102470875e-03,1.263609826564788818e-01
2.922000000000000000e+03,1.720636733807623386e-03,1.263640969991683960e-01
2.923000000000000000e+03,1.718829968012869358e-03,1.263501048088073730e-01
2.924000000000000000e+03,1.717041363008320332e-03,1.263388097286224365e-01
2.925000000000000000e+03,1.715286402031779289e-03,1.263311356306076050e-01
2.926000000000000000e+03,1.713574398308992386e-03,1.263147145509719849e-01
2.927000000000000000e+03,1.711871940642595291e-03,1.263061910867691040e-01
2.928000000000000000e+03,1.710159471258521080e-03,1.262826621532440186e-01
2.929000000000000000e+03,1.708423951640725136e-03,1.262779682874679565e-01
2.930000000000000000e+03,1.706676790490746498e-03,1.262678653001785278e-01
2.931000000000000000e+03,1.704938244074583054e-03,1.262643486261367798e-01
2.932000000000000000e+03,1.703205169178545475e-03,1.262542903423309326e-01
2.933000000000000000e+03,1.701490837149322033e-03,1.262395083904266357e-01
2.934000000000000000e+03,1.699788961559534073e-03,1.262321770191192627e-01
2.935000000000000000e+03,1.698097446933388710e-03,1.262179315090179443e-01
2.936000000000000000e+03,1.696406863629817963e-03,1.262113153934478760e-01
2.937000000000000000e+03,1.694701379165053368e-03,1.261934489011764526e-01
2.938000000000000000e+03,1.692996360361576080e-03,1.261853426694869995e-01
2.939000000000000000e+03,1.691299490630626678e-03,1.261754930019378662e-01
2.940000000000000000e+03,1.689596101641654968e-03,1.261693686246871948e-01
2.941000000000000000e+03,1.687906915321946144e-03,1.261604726314544678e-01
2.942000000000000000e+03,1.686226343736052513e-03,1.261477321386337280e-01
2.943000000000000000e+03,1.684555201791226864e-03,1.261405050754547119e-01
2.944000000000000000e+03,1.682883361354470253e-03,1.261292099952697754e-01
2.945000000000000000e+03,1.681212917901575565e-03,1.261233538389205933e-01
2.946000000000000000e+03,1.679540262557566166e-03,1.261092722415924072e-01
2.947000000000000000e+03,1.677871216088533401e-03,1.261008530855178833e-01
2.948000000000000000e+03,1.676200190559029579e-03,1.260913759469985962e-01
2.949000000000000000e+03,1.674532541073858738e-03,1.260861009359359741e-01
2.950000000000000000e+03,1.672873739153146744e-03,1.260783970355987549e-01
2.951000000000000000e+03,1.671219943091273308e-03,1.260687261819839478e-01
2.952000000000000000e+03,1.669570803642272949e-03,1.260610818862915039e-01
2.953000000000000000e+03,1.667922595515847206e-03,1.260514706373214722e-01
2.954000000000000000e+03,1.666272990405559540e-03,1.260452568531036377e-01
2.955000000000000000e+03,1.664633164182305336e-03,1.260341107845306396e-01
2.956000000000000000e+03,1.662989729084074497e-03,1.260270327329635620e-01
2.957000000000000000e+03,1.661352580413222313e-03,1.260185390710830688e-01
2.958000000000000000e+03,1.659711590036749840e-03,1.260139793157577515e-01
2.959000000000000000e+03,1.658077235333621502e-03,1.260058581829071045e-01
2.960000000000000000e+03,1.656446373090147972e-03,1.259975433349609375e-01
2.961000000000000000e+03,1.654818770475685596e-03,1.259889453649520874e-01
2.962000000000000000e+03,1.653195242397487164e-03,1.259810626506805420e-01
2.963000000000000000e+03,1.651573227718472481e-03,1.259740293025970459e-01
2.964000000000000000e+03,1.649956684559583664e-03,1.259654462337493896e-01
2.965000000000000000e+03,1.648337813094258308e-03,1.259588301181793213e-01
2.966000000000000000e+03,1.646730466745793819e-03,1.259512305259704590e-01
2.967000000000000000e+03,1.645111478865146637e-03,1.259459853172302246e-01
2.968000000000000000e+03,1.643502968363463879e-03,1.259374618530273438e-01
2.969000000000000000e+03,1.641904702410101891e-03,1.259302943944931030e-01
2.970000000000000000e+03,1.640294911339879036e-03,1.259210705757141113e-01
2.971000000000000000e+03,1.638692920096218586e-03,1.259145289659500122e-01
2.972000000000000000e+03,1.637089299038052559e-03,1.259060502052307129e-01
2.973000000000000000e+03,1.635502907447516918e-03,1.258994340896606445e-01
2.974000000000000000e+03,1.633905805647373199e-03,1.258911490440368652e-01
2.975000000000000000e+03,1.632315106689929962e-03,1.258848309516906738e-01
2.976000000000000000e+03,1.630728831514716148e-03,1.258774846792221069e-01
2.977000000000000000e+03,1.629146281629800797e-03,1.258706748485565186e-01
2.978000000000000000e+03,1.627554534934461117e-03,1.258623749017715454e-01
2.979000000000000000e+03,1.625983742997050285e-03,1.258551627397537231e-01
2.980000000000000000e+03,1.624400960281491280e-03,1.258480548858642578e-01
2.981000000000000000e+03,1.622821670025587082e-03,1.258410066366195679e-01
2.982000000000000000e+03,1.621245406568050385e-03,1.258337199687957764e-01
2.983000000000000000e+03,1.619676128029823303e-03,1.258264482021331787e-01
2.984000000000000000e+03,1.618111506104469299e-03,1.258193403482437134e-01
2.985000000000000000e+03,1.616537803784012794e-03,1.258120983839035034e-01
2.986000000000000000e+03,1.614979002624750137e-03,1.258054673671722412e-01
2.987000000000000000e+03,1.613417640328407288e-03,1.257981956005096436e-01
2.988000000000000000e+03,1.611856045201420784e-03,1.257913857698440552e-01
2.989000000000000000e+03,1.610303530469536781e-03,1.257842481136322021e-01
2.990000000000000000e+03,1.608749153092503548e-03,1.257776319980621338e-01
2.991000000000000000e+03,1.607192913070321083e-03,1.257697790861129761e-01
2.992000000000000000e+03,1.605644589290022850e-03,1.257631480693817139e-01
2.993000000000000000e+03,1.604095567017793655e-03,1.257555782794952393e-01
2.994000000000000000e+03,1.602547941729426384e-03,1.257496625185012817e-01
2.995000000000000000e+03,1.601011375896632671e-03,1.257425993680953979e-01
2.996000000000000000e+03,1.599465147592127323e-03,1.257370561361312866e-01
2.997000000000000000e+03,1.597932074218988419e-03,1.257291287183761597e-01
2.998000000000000000e+03,1.596395857632160187e-03,1.257235556840896606e-01
2.999000000000000000e+03,1.594862435013055801e-03,1.257151961326599121e-01
3.000000000000000000e+03,1.593332854099571705e-03,1.257099509239196777e-01
3.001000000000000000e+03,1.591805368661880493e-03,1.257008016109466553e-01
3.002000000000000000e+03,1.590282889083027840e-03,1.256971359252929688e-01
3.003000000000000000e+03,1.588766230270266533e-03,1.256874352693557739e-01
3.004000000000000000e+03,1.587242120876908302e-03,1.256849765777587891e-01
3.005000000000000000e+03,1.585737336426973343e-03,1.256735473871231079e-01
3.006000000000000000e+03,1.584234414622187614e-03,1.256725192070007324e-01
3.007000000000000000e+03,1.582752796821296215e-03,1.256590932607650757e-01
3.008000000000000000e+03,1.581286080181598663e-03,1.256618350744247437e-01
3.009000000000000000e+03,1.579837640747427940e-03,1.256439536809921265e-01
3.010000000000000000e+03,1.578444382175803185e-03,1.256520450115203857e-01
3.011000000000000000e+03,1.577123533934354782e-03,1.256279349327087402e-01
3.012000000000000000e+03,1.575924921780824661e-03,1.256451904773712158e-01
3.013000000000000000e+03,1.574941910803318024e-03,1.256103962659835815e-01
3.014000000000000000e+03,1.574300462380051613e-03,1.256443858146667480e-01
3.015000000000000000e+03,1.574267516843974590e-03,1.255923211574554443e-01
3.016000000000000000e+03,1.575265196152031422e-03,1.256561279296875000e-01
3.017000000000000000e+03,1.578081632032990456e-03,1.255775988101959229e-01
3.018000000000000000e+03,1.584075274877250195e-03,1.256987154483795166e-01
3.019000000000000000e+03,1.595733221620321274e-03,1.255831420421600342e-01
3.020000000000000000e+03,1.617390429601073265e-03,1.258211135864257812e-01
3.021000000000000000e+03,1.657236367464065552e-03,1.256756335496902466e-01
3.022000000000000000e+03,1.729094423353672028e-03,1.261629760265350342e-01
3.023000000000000000e+03,1.859692158177495003e-03,1.260925084352493286e-01
3.024000000000000000e+03,2.091079251840710640e-03,1.271138191223144531e-01
3.025000000000000000e+03,2.503436990082263947e-03,1.276011168956756592e-01
3.026000000000000000e+03,3.196844365447759628e-03,1.295798122882843018e-01
3.027000000000000000e+03,4.328722599893808365e-03,1.318354308605194092e-01
3.028000000000000000e+03,5.928875412791967392e-03,1.351663917303085327e-01
3.029000000000000000e+03,7.845365442335605621e-03,1.371088773012161255e-01
3.030000000000000000e+03,9.251858107745647430e-03,1.415604799985885620e-01
3.031000000000000000e+03,9.447492659091949463e-03,1.330992877483367920e-01
3.032000000000000000e+03,7.708355784416198730e-03,1.267948746681213379e-01
3.033000000000000000e+03,5.094762425869703293e-03,1.250707358121871948e-01
3.034000000000000000e+03,2.851728117093443871e-03,1.281134039163589478e-01
3.035000000000000000e+03,1.729482901282608509e-03,1.282071173191070557e-01
3.036000000000000000e+03,1.807447057217359543e-03,1.280528455972671509e-01
3.037000000000000000e+03,2.742948243394494057e-03,1.301602125167846680e-01
3.038000000000000000e+03,3.610124345868825912e-03,1.313158422708511353e-01
3.039000000000000000e+03,3.689810866490006447e-03,1.325436979532241821e-01
3.040000000000000000e+03,2.883289242163300514e-03,1.322579830884933472e-01
3.041000000000000000e+03,1.923055620864033699e-03,1.293586343526840210e-01
3.042000000000000000e+03,1.621921779587864876e-03,1.262962669134140015e-01
3.043000000000000000e+03,2.075235825031995773e-03,1.242747381329536438e-01
3.044000000000000000e+03,2.749131992459297180e-03,1.270470023155212402e-01
3.045000000000000000e+03,3.058185335248708725e-03,1.289857476949691772e-01
3.046000000000000000e+03,2.752671949565410614e-03,1.321629136800765991e-01
3.047000000000000000e+03,2.050110837444663048e-03,1.331362724304199219e-01
3.048000000000000000e+03,1.627373741939663887e-03,1.307970136404037476e-01
3.049000000000000000e+03,1.788554247468709946e-03,1.274290531873703003e-01
3.050000000000000000e+03,2.208652207627892494e-03,1.239102035760879517e-01
3.051000000000000000e+03,2.474794397130608559e-03,1.255459338426589966e-01
3.052000000000000000e+03,2.389811212196946144e-03,1.275691986083984375e-01
3.053000000000000000e+03,2.039650687947869301e-03,1.300348937511444092e-01
3.054000000000000000e+03,1.680842600762844086e-03,1.298441439867019653e-01
3.055000000000000000e+03,1.571919070556759834e-03,1.283348500728607178e-01
3.056000000000000000e+03,1.734532648697495461e-03,1.270539909601211548e-01
3.057000000000000000e+03,1.950722187757492065e-03,1.252347081899642944e-01
3.058000000000000000e+03,2.029010327532887459e-03,1.262357234954833984e-01
3.059000000000000000e+03,1.922981580719351768e-03,1.271933168172836304e-01
3.060000000000000000e+03,1.726477174088358879e-03,1.280221045017242432e-01
3.061000000000000000e+03,1.571804983541369438e-03,1.277751028537750244e-01
3.062000000000000000e+03,1.550399232655763626e-03,1.268625557422637939e-01
3.063000000000000000e+03,1.637490466237068176e-03,1.259253323078155518e-01
3.064000000000000000e+03,1.742869615554809570e-03,1.249103695154190063e-01
3.065000000000000000e+03,1.787396962754428387e-03,1.263327002525329590e-01
3.066000000000000000e+03,1.743435626849532127e-03,1.272058337926864624e-01
3.067000000000000000e+03,1.651448896154761314e-03,1.275711059570312500e-01
3.068000000000000000e+03,1.561668585054576397e-03,1.270349770784378052e-01
3.069000000000000000e+03,1.520302379503846169e-03,1.259830892086029053e-01
3.070000000000000000e+03,1.539553632028400898e-03,1.251564323902130127e-01
3.071000000000000000e+03,1.592107350006699562e-03,1.247355937957763672e-01
3.072000000000000000e+03,1.640482340008020401e-03,1.258492618799209595e-01
3.073000000000000000e+03,1.656818087212741375e-03,1.264805495738983154e-01
3.074000000000000000e+03,1.637827837839722633e-03,1.273405998945236206e-01
3.075000000000000000e+03,1.591617590747773647e-03,1.271466463804244995e-01
3.076000000000000000e+03,1.540633849799633026e-03,1.261373907327651978e-01
3.077000000000000000e+03,1.506934873759746552e-03,1.249695643782615662e-01
3.078000000000000000e+03,1.502695493400096893e-03,1.244726553559303284e-01
3.079000000000000000e+03,1.521103898994624615e-03,1.250312030315399170e-01
3.080000000000000000e+03,1.545917824842035770e-03,1.257053464651107788e-01
3.081000000000000000e+03,1.568884821608662605e-03,1.267123371362686157e-01
3.082000000000000000e+03,1.579865580424666405e-03,1.267246603965759277e-01
3.083000000000000000e+03,1.573195913806557655e-03,1.264719963073730469e-01
3.084000000000000000e+03,1.552250934764742851e-03,1.256797760725021362e-01
3.085000000000000000e+03,1.526658073998987675e-03,1.250812858343124390e-01
3.086000000000000000e+03,1.504824496805667877e-03,1.246910989284515381e-01
3.087000000000000000e+03,1.490167574957013130e-03,1.251510828733444214e-01
3.088000000000000000e+03,1.483355648815631866e-03,1.257703453302383423e-01
3.089000000000000000e+03,1.483892090618610382e-03,1.260550171136856079e-01
3.090000000000000000e+03,1.489462563768029213e-03,1.260887533426284790e-01
3.091000000000000000e+03,1.496009295806288719e-03,1.256128847599029541e-01
3.092000000000000000e+03,1.502088503912091255e-03,1.253762096166610718e-01
3.093000000000000000e+03,1.506558619439601898e-03,1.251578032970428467e-01
3.094000000000000000e+03,1.508230343461036682e-03,1.253921240568161011e-01
3.095000000000000000e+03,1.507521257735788822e-03,1.254067718982696533e-01
3.096000000000000000e+03,1.505034975707530975e-03,1.257876753807067871e-01
3.097000000000000000e+03,1.501035643741488457e-03,1.257598400115966797e-01
3.098000000000000000e+03,1.495565520599484444e-03,1.256858259439468384e-01
3.099000000000000000e+03,1.489603309892117977e-03,1.253429800271987915e-01
3.100000000000000000e+03,1.483707688748836517e-03,1.252990514039993286e-01
3.101000000000000000e+03,1.478383666835725307e-03,1.252469569444656372e-01
3.102000000000000000e+03,1.473445910960435867e-03,1.255144029855728149e-01
3.103000000000000000e+03,1.469278242439031601e-03,1.255503892898559570e-01
3.104000000000000000e+03,1.465813023969531059e-03,1.255200207233428955e-01
3.105000000000000000e+03,1.462739426642656326e-03,1.253844946622848511e-01
3.106000000000000000e+03,1.459990860894322395e-03,1.253596395254135132e-01
3.107000000000000000e+03,1.457756850868463516e-03,1.252720355987548828e-01
3.108000000000000000e+03,1.455825055018067360e-03,1.253319680690765381e-01
3.109000000000000000e+03,1.453962177038192749e-03,1.253963410854339600e-01
3.110000000000000000e+03,1.452308613806962967e-03,1.254846155643463135e-01
3.111000000000000000e+03,1.450786832720041275e-03,1.254816949367523193e-01
3.112000000000000000e+03,1.449330826289951801e-03,1.254020929336547852e-01
3.113000000000000000e+03,1.447896007448434830e-03,1.252275407314300537e-01
3.114000000000000000e+03,1.446539536118507385e-03,1.252043694257736206e-01
3.115000000000000000e+03,1.445255940780043602e-03,1.252709180116653442e-01
3.116000000000000000e+03,1.443981076590716839e-03,1.253787428140640259e-01
3.117000000000000000e+03,1.442762557417154312e-03,1.254069358110427856e-01
3.118000000000000000e+03,1.441635424271225929e-03,1.254128068685531616e-01
3.119000000000000000e+03,1.440628897398710251e-03,1.253082156181335449e-01
3.120000000000000000e+03,1.439725747331976891e-03,1.252672672271728516e-01
3.121000000000000000e+03,1.439068582840263844e-03,1.251851916313171387e-01
3.122000000000000000e+03,1.438786275684833527e-03,1.252283304929733276e-01
3.123000000000000000e+03,1.439034938812255859e-03,1.252488940954208374e-01
3.124000000000000000e+03,1.440152060240507126e-03,1.254144459962844849e-01
3.125000000000000000e+03,1.442675362341105938e-03,1.253522783517837524e-01
3.126000000000000000e+03,1.447394024580717087e-03,1.254011541604995728e-01
3.127000000000000000e+03,1.455683493986725807e-03,1.252105385065078735e-01
3.128000000000000000e+03,1.469804090447723866e-03,1.253547668457031250e-01
3.129000000000000000e+03,1.493864925578236580e-03,1.252192407846450806e-01
3.130000000000000000e+03,1.534096896648406982e-03,1.256314665079116821e-01
3.131000000000000000e+03,1.602100208401679993e-03,1.255339831113815308e-01
3.132000000000000000e+03,1.714281737804412842e-03,1.262104064226150513e-01
3.133000000000000000e+03,1.901812385767698288e-03,1.262373924255371094e-01
3.134000000000000000e+03,2.202354837208986282e-03,1.273643076419830322e-01
3.135000000000000000e+03,2.686476800590753555e-03,1.279940754175186157e-01
3.136000000000000000e+03,3.401893191039562225e-03,1.299111843109130859e-01
3.137000000000000000e+03,4.415239673107862473e-03,1.318989396095275879e-01
3.138000000000000000e+03,5.582778714597225189e-03,1.346802860498428345e-01
3.139000000000000000e+03,6.649504881352186203e-03,1.351450681686401367e-01
3.140000000000000000e+03,6.938544102013111115e-03,1.367517858743667603e-01
3.141000000000000000e+03,6.241455674171447754e-03,1.334837079048156738e-01
3.142000000000000000e+03,4.494993947446346283e-03,1.298961043357849121e-01
3.143000000000000000e+03,2.669359091669321060e-03,1.260361969470977783e-01
3.144000000000000000e+03,1.587787759490311146e-03,1.235812604427337646e-01
3.145000000000000000e+03,1.541254227049648762e-03,1.233344897627830505e-01
3.146000000000000000e+03,2.291446551680564880e-03,1.241035908460617065e-01
3.147000000000000000e+03,3.408117918297648430e-03,1.313656121492385864e-01
3.148000000000000000e+03,4.368327092379331589e-03,1.371931880712509155e-01
3.149000000000000000e+03,4.265200812369585037e-03,1.424167901277542114e-01
3.150000000000000000e+03,3.119315253570675850e-03,1.379328370094299316e-01
3.151000000000000000e+03,1.878269598819315434e-03,1.303193271160125732e-01
3.152000000000000000e+03,1.491749193519353867e-03,1.223270073533058167e-01
3.153000000000000000e+03,2.106245374307036400e-03,1.172683909535408020e-01
3.154000000000000000e+03,3.226144937798380852e-03,1.254182308912277222e-01
3.155000000000000000e+03,4.383650142699480057e-03,1.338508427143096924e-01
3.156000000000000000e+03,4.735585302114486694e-03,1.423634588718414307e-01
3.157000000000000000e+03,3.509697504341602325e-03,1.405816674232482910e-01
3.158000000000000000e+03,1.943259034305810928e-03,1.363839060068130493e-01
3.159000000000000000e+03,1.657642424106597900e-03,1.308488547801971436e-01
3.160000000000000000e+03,2.550203818827867508e-03,1.240318492054939270e-01
3.161000000000000000e+03,3.471668111160397530e-03,1.241550818085670471e-01
3.162000000000000000e+03,3.679257584735751152e-03,1.270388960838317871e-01
3.163000000000000000e+03,2.969250082969665527e-03,1.326154172420501709e-01
3.164000000000000000e+03,1.983810216188430786e-03,1.339790225028991699e-01
3.165000000000000000e+03,1.479810453020036221e-03,1.327440738677978516e-01
3.166000000000000000e+03,1.832308946177363396e-03,1.298894882202148438e-01
3.167000000000000000e+03,2.415455412119626999e-03,1.258250176906585693e-01
3.168000000000000000e+03,2.497200388461351395e-03,1.258653104305267334e-01
3.169000000000000000e+03,2.109957393258810043e-03,1.260850578546524048e-01
3.170000000000000000e+03,1.617713365703821182e-03,1.262546926736831665e-01
3.171000000000000000e+03,1.423907000571489334e-03,1.265320330858230591e-01
3.172000000000000000e+03,1.613809145055711269e-03,1.270545572042465210e-01
3.173000000000000000e+03,1.893694978207349777e-03,1.275889724493026733e-01
3.174000000000000000e+03,1.979414140805602074e-03,1.270904690027236938e-01
3.175000000000000000e+03,1.793625997379422188e-03,1.274257153272628784e-01
3.176000000000000000e+03,1.523768878541886806e-03,1.267612278461456299e-01
3.177000000000000000e+03,1.405643182806670666e-03,1.257717162370681763e-01
3.178000000000000000e+03,1.493977615609765053e-03,1.257514357566833496e-01
3.179000000000000000e+03,1.658051973208785057e-03,1.249518394470214844e-01
3.180000000000000000e+03,1.742793130688369274e-03,1.256372779607772827e-01
3.181000000000000000e+03,1.694176462478935719e-03,1.264979690313339233e-01
3.182000000000000000e+03,1.549625536426901817e-03,1.274254620075225830e-01
3.183000000000000000e+03,1.425012480467557907e-03,1.269479542970657349e-01
3.184000000000000000e+03,1.394241582602262497e-03,1.259145587682723999e-01
3.185000000000000000e+03,1.450186246074736118e-03,1.252252161502838135e-01
3.186000000000000000e+03,1.535090967081487179e-03,1.242935359477996826e-01
3.187000000000000000e+03,1.579195028170943260e-03,1.253742575645446777e-01
3.188000000000000000e+03,1.559998374432325363e-03,1.259296685457229614e-01
3.189000000000000000e+03,1.492406707257032394e-03,1.263091713190078735e-01
3.190000000000000000e+03,1.417350489646196365e-03,1.262260228395462036e-01
3.191000000000000000e+03,1.377039821818470955e-03,1.259230673313140869e-01
3.192000000000000000e+03,1.382986782118678093e-03,1.253044307231903076e-01
3.193000000000000000e+03,1.417345600202679634e-03,1.245910599827766418e-01
3.194000000000000000e+03,1.454123528674244881e-03,1.249920353293418884e-01
3.195000000000000000e+03,1.472997944802045822e-03,1.250499337911605835e-01
3.196000000000000000e+03,1.463427208364009857e-03,1.258053630590438843e-01
3.197000000000000000e+03,1.432836987078189850e-03,1.259592473506927490e-01
3.198000000000000000e+03,1.396296313032507896e-03,1.257079392671585083e-01
3.199000000000000000e+03,1.368714030832052231e-03,1.251912266016006470e-01
3.200000000000000000e+03,1.359198242425918579e-03,1.249333471059799194e-01
3.201000000000000000e+03,1.365403179079294205e-03,1.249180138111114502e-01
3.202000000000000000e+03,1.380412373691797256e-03,1.248383224010467529e-01
3.203000000000000000e+03,1.396600389853119850e-03,1.253009289503097534e-01
3.204000000000000000e+03,1.405344577506184578e-03,1.252877861261367798e-01
3.205000000000000000e+03,1.403464237228035927e-03,1.255246251821517944e-01
3.206000000000000000e+03,1.393485814332962036e-03,1.253883987665176392e-01
3.207000000000000000e+03,1.378623535856604576e-03,1.252764612436294556e-01
3.208000000000000000e+03,1.363147282972931862e-03,1.249657869338989258e-01
3.209000000000000000e+03,1.351115060970187187e-03,1.249949708580970764e-01
3.210000000000000000e+03,1.344740390777587891e-03,1.249857246875762939e-01
3.211000000000000000e+03,1.343716983683407307e-03,1.249370723962783813e-01
3.212000000000000000e+03,1.346391742117702961e-03,1.250863075256347656e-01
3.213000000000000000e+03,1.350439037196338177e-03,1.250414550304412842e-01
3.214000000000000000e+03,1.354859909042716026e-03,1.252034753561019897e-01
3.215000000000000000e+03,1.358252484351396561e-03,1.251923888921737671e-01
3.216000000000000000e+03,1.359128160402178764e-03,1.252851337194442749e-01
3.217000000000000000e+03,1.357789151370525360e-03,1.250534057617187500e-01
3.218000000000000000e+03,1.354748848825693130e-03,1.250833868980407715e-01
3.219000000000000000e+03,1.350618433207273483e-03,1.248927339911460876e-01
3.220000000000000000e+03,1.345775322988629341e-03,1.249325424432754517e-01
3.221000000000000000e+03,1.341021154075860977e-03,1.249390318989753723e-01
3.222000000000000000e+03,1.336631597951054573e-03,1.251049637794494629e-01
3.223000000000000000e+03,1.332858111709356308e-03,1.251166611909866333e-01
3.224000000000000000e+03,1.329653430730104446e-03,1.251776218414306641e-01
3.225000000000000000e+03,1.326983328908681870e-03,1.250644624233245850e-01
3.226000000000000000e+03,1.324976561591029167e-03,1.249126568436622620e-01
3.227000000000000000e+03,1.323421718552708626e-03,1.248286962509155273e-01
3.228000000000000000e+03,1.322197727859020233e-03,1.248262152075767517e-01
3.229000000000000000e+03,1.321234856732189655e-03,1.249219626188278198e-01
3.230000000000000000e+03,1.320491428487002850e-03,1.250414848327636719e-01
3.231000000000000000e+03,1.319884555414319038e-03,1.251452267169952393e-01
3.232000000000000000e+03,1.319410279393196106e-03,1.250655651092529297e-01
3.233000000000000000e+03,1.319027505815029144e-03,1.250158101320266724e-01
3.234000000000000000e+03,1.318740192800760269e-03,1.248534172773361206e-01
3.235000000000000000e+03,1.318649272434413433e-03,1.248313710093498230e-01
3.236000000000000000e+03,1.318810041993856430e-03,1.247982829809188843e-01
3.237000000000000000e+03,1.319287111982703209e-03,1.249663159251213074e-01
3.238000000000000000e+03,1.320280600339174271e-03,1.249736845493316650e-01
3.239000000000000000e+03,1.321968040429055691e-03,1.251170784235000610e-01
3.240000000000000000e+03,1.324599841609597206e-03,1.249848082661628723e-01
3.241000000000000000e+03,1.328535145148634911e-03,1.250078380107879639e-01
3.242000000000000000e+03,1.334453700110316277e-03,1.248084977269172668e-01
3.243000000000000000e+03,1.343236654065549374e-03,1.249785870313644409e-01
3.244000000000000000e+03,1.356524531729519367e-03,1.248497292399406433e-01
3.245000000000000000e+03,1.376138534396886826e-03,1.251972019672393799e-01
3.246000000000000000e+03,1.405641320161521435e-03,1.250671595335006714e-01
3.247000000000000000e+03,1.448737108148634434e-03,1.254713237285614014e-01
3.248000000000000000e+03,1.513125840574502945e-03,1.252550631761550903e-01
3.249000000000000000e+03,1.606103032827377319e-03,1.258309185504913330e-01
3.250000000000000000e+03,1.744726556353271008e-03,1.256632059812545776e-01
3.251000000000000000e+03,1.940847141668200493e-03,1.266546398401260376e-01
3.252000000000000000e+03,2.225510077551007271e-03,1.268736422061920166e-01
3.253000000000000000e+03,2.599135972559452057e-03,1.282598376274108887e-01
3.254000000000000000e+03,3.084409749135375023e-03,1.289865970611572266e-01
3.255000000000000000e+03,3.601171309128403664e-03,1.304811835289001465e-01
3.256000000000000000e+03,4.089929629117250443e-03,1.311140805482864380e-01
3.257000000000000000e+03,4.319236148148775101e-03,1.320591419935226440e-01
3.258000000000000000e+03,4.207912366837263107e-03,1.312653571367263794e-01
3.259000000000000000e+03,3.624357515946030617e-03,1.302154660224914551e-01
3.260000000000000000e+03,2.804252551868557930e-03,1.278946250677108765e-01
3.261000000000000000e+03,1.991867320612072945e-03,1.257534027099609375e-01
3.262000000000000000e+03,1.465104403905570507e-03,1.234906092286109924e-01
3.263000000000000000e+03,1.300693838857114315e-03,1.228873804211616516e-01
3.264000000000000000e+03,1.433514757081866264e-03,1.248142048716545105e-01
3.265000000000000000e+03,1.765882130712270737e-03,1.264011859893798828e-01
3.266000000000000000e+03,2.174537628889083862e-03,1.293440908193588257e-01
3.267000000000000000e+03,2.497019944712519646e-03,1.306264549493789673e-01
3.268000000000000000e+03,2.532492158934473991e-03,1.308443099260330200e-01
3.269000000000000000e+03,2.258533379063010216e-03,1.288452446460723877e-01
3.270000000000000000e+03,1.808878965675830841e-03,1.261038035154342651e-01
3.271000000000000000e+03,1.443514600396156311e-03,1.232315227389335632e-01
3.272000000000000000e+03,1.300785341300070286e-03,1.224852278828620911e-01
3.273000000000000000e+03,1.358814071863889694e-03,1.241033449769020081e-01
3.274000000000000000e+03,1.548979431390762329e-03,1.255811154842376709e-01
3.275000000000000000e+03,1.791282673366367817e-03,1.282885819673538208e-01
3.276000000000000000e+03,1.985097071155905724e-03,1.292851567268371582e-01
3.277000000000000000e+03,2.017789985984563828e-03,1.291593164205551147e-01
3.278000000000000000e+03,1.875001238659024239e-03,1.272285431623458862e-01
3.279000000000000000e+03,1.631136634387075901e-03,1.250024884939193726e-01
3.280000000000000000e+03,1.418715110048651695e-03,1.229608356952667236e-01
3.281000000000000000e+03,1.307489583268761635e-03,1.232529878616333008e-01
3.282000000000000000e+03,1.285292324610054493e-03,1.246177479624748230e-01
3.283000000000000000e+03,1.330476137809455395e-03,1.257156878709793091e-01
3.284000000000000000e+03,1.418505096808075905e-03,1.270379275083541870e-01
3.285000000000000000e+03,1.512896502390503883e-03,1.270200759172439575e-01
3.286000000000000000e+03,1.571126747876405716e-03,1.266633272171020508e-01
3.287000000000000000e+03,1.577822724357247353e-03,1.253330111503601074e-01
3.288000000000000000e+03,1.538023236207664013e-03,1.247191131114959717e-01
3.289000000000000000e+03,1.480054343119263649e-03,1.239964291453361511e-01
3.290000000000000000e+03,1.420265296474099159e-03,1.249458044767379761e-01
3.291000000000000000e+03,1.366096665151417255e-03,1.253237873315811157e-01
3.292000000000000000e+03,1.320676878094673157e-03,1.256435960531234741e-01
3.293000000000000000e+03,1.288086059503257275e-03,1.254847496747970581e-01
3.294000000000000000e+03,1.268707797862589359e-03,1.251258552074432373e-01
3.295000000000000000e+03,1.260555116459727287e-03,1.247207224369049072e-01
3.296000000000000000e+03,1.262299017980694771e-03,1.244210749864578247e-01
3.297000000000000000e+03,1.271642278879880905e-03,1.244473457336425781e-01
3.298000000000000000e+03,1.285809557884931564e-03,1.244566664099693298e-01
3.299000000000000000e+03,1.302650780417025089e-03,1.251154839992523193e-01
3.300000000000000000e+03,1.320666167885065079e-03,1.251488476991653442e-01
3.301000000000000000e+03,1.339507987722754478e-03,1.253583878278732300e-01
3.302000000000000000e+03,1.358605688437819481e-03,1.250289827585220337e-01
3.303000000000000000e+03,1.376022584736347198e-03,1.251738220453262329e-01
3.304000000000000000e+03,1.394369639456272125e-03,1.247716099023818970e-01
3.305000000000000000e+03,1.414576894603669643e-03,1.251343041658401489e-01
3.306000000000000000e+03,1.439920510165393353e-03,1.248031035065650940e-01
3.307000000000000000e+03,1.469346694648265839e-03,1.253165304660797119e-01
3.308000000000000000e+03,1.508436165750026703e-03,1.252136379480361938e-01
3.309000000000000000e+03,1.555117312818765640e-03,1.258089542388916016e-01
3.310000000000000000e+03,1.614485168829560280e-03,1.255000382661819458e-01
3.311000000000000000e+03,1.681645866483449936e-03,1.260397583246231079e-01
3.312000000000000000e+03,1.765383640304207802e-03,1.256471574306488037e-01
3.313000000000000000e+03,1.859570387750864029e-03,1.263027489185333252e-01
3.314000000000000000e+03,1.976875821128487587e-03,1.260752975940704346e-01
3.315000000000000000e+03,2.100229496136307716e-03,1.269202232360839844e-01
3.316000000000000000e+03,2.240511588752269745e-03,1.268652975559234619e-01
3.317000000000000000e+03,2.361308550462126732e-03,1.277608573436737061e-01
3.318000000000000000e+03,2.464202698320150375e-03,1.275880783796310425e-01
3.319000000000000000e+03,2.496172208338975906e-03,1.279731839895248413e-01
3.320000000000000000e+03,2.467688405886292458e-03,1.273523420095443726e-01
3.321000000000000000e+03,2.348440932109951973e-03,1.273331642150878906e-01
3.322000000000000000e+03,2.181398682296276093e-03,1.263985037803649902e-01
3.323000000000000000e+03,1.970873679965734482e-03,1.263800263404846191e-01
3.324000000000000000e+03,1.765660941600799561e-03,1.255381107330322266e-01
3.325000000000000000e+03,1.577051472850143909e-03,1.255774348974227905e-01
3.326000000000000000e+03,1.428875373676419258e-03,1.250748485326766968e-01
3.327000000000000000e+03,1.322610769420862198e-03,1.250749677419662476e-01
3.328000000000000000e+03,1.258928794413805008e-03,1.248629689216613770e-01
3.329000000000000000e+03,1.231388770975172520e-03,1.248205006122589111e-01
3.330000000000000000e+03,1.232322887517511845e-03,1.249429807066917419e-01
3.331000000000000000e+03,1.253973809070885181e-03,1.248823702335357666e-01
3.332000000000000000e+03,1.289425883442163467e-03,1.252889633178710938e-01
3.333000000000000000e+03,1.333322259597480297e-03,1.251392662525177002e-01
3.334000000000000000e+03,1.380097237415611744e-03,1.255412846803665161e-01
3.335000000000000000e+03,1.427713432349264622e-03,1.252414286136627197e-01
3.336000000000000000e+03,1.471547177061438560e-03,1.256154775619506836e-01
3.337000000000000000e+03,1.513930736109614372e-03,1.252378374338150024e-01
3.338000000000000000e+03,1.550892135128378868e-03,1.257156878709793091e-01
3.339000000000000000e+03,1.588302664458751678e-03,1.253700256347656250e-01
3.340000000000000000e+03,1.620959141291677952e-03,1.259099245071411133e-01
3.341000000000000000e+03,1.656152191571891308e-03,1.255794316530227661e-01
3.342000000000000000e+03,1.686337636783719063e-03,1.260584741830825806e-01
3.343000000000000000e+03,1.719813561066985130e-03,1.256453990936279297e-01
3.344000000000000000e+03,1.747416099533438683e-03,1.261285543441772461e-01
3.345000000000000000e+03,1.779248006641864777e-03,1.257256418466567993e-01
3.346000000000000000e+03,1.803831197321414948e-03,1.262678503990173340e-01
3.347000000000000000e+03,1.831504516303539276e-03,1.259092539548873901e-01
3.348000000000000000e+03,1.847471343353390694e-03,1.264166533946990967e-01
3.349000000000000000e+03,1.862046541646122932e-03,1.259965747594833374e-01
3.350000000000000000e+03,1.859664334915578365e-03,1.264190375804901123e-01
3.351000000000000000e+03,1.852588029578328133e-03,1.259087920188903809e-01
3.352000000000000000e+03,1.827527768909931183e-03,1.262784153223037720e-01
3.353000000000000000e+03,1.798737561330199242e-03,1.257538348436355591e-01
3.354000000000000000e+03,1.755705452524125576e-03,1.261165887117385864e-01
3.355000000000000000e+03,1.712159253656864166e-03,1.256133615970611572e-01
3.356000000000000000e+03,1.659882720559835434e-03,1.259370297193527222e-01
3.357000000000000000e+03,1.610339619219303131e-03,1.254174709320068359e-01
3.358000000000000000e+03,1.557856448926031590e-03,1.256814301013946533e-01
3.359000000000000000e+03,1.511254813522100449e-03,1.251857131719589233e-01
3.360000000000000000e+03,1.466562272980809212e-03,1.254351139068603516e-01
3.361000000000000000e+03,1.429438940249383450e-03,1.250047087669372559e-01
3.362000000000000000e+03,1.396554638631641865e-03,1.252688020467758179e-01
3.363000000000000000e+03,1.370924757793545723e-03,1.249102577567100525e-01
3.364000000000000000e+03,1.349727157503366470e-03,1.251671165227890015e-01
3.365000000000000000e+03,1.334639964625239372e-03,1.248406693339347839e-01
3.366000000000000000e+03,1.323543605394661427e-03,1.250770986080169678e-01
3.367000000000000000e+03,1.317816320806741714e-03,1.247669681906700134e-01
3.368000000000000000e+03,1.316048437729477882e-03,1.250371336936950684e-01
3.369000000000000000e+03,1.319924951530992985e-03,1.247496232390403748e-01
3.370000000000000000e+03,1.328652957454323769e-03,1.250747442245483398e-01
3.371000000000000000e+03,1.344858552329242229e-03,1.247906833887100220e-01
3.372000000000000000e+03,1.368445111438632011e-03,1.251879185438156128e-01
3.373000000000000000e+03,1.403973321430385113e-03,1.248928382992744446e-01
3.374000000000000000e+03,1.452128170058131218e-03,1.254100203514099121e-01
3.375000000000000000e+03,1.521113445051014423e-03,1.251218765974044800e-01
3.376000000000000000e+03,1.611788524314761162e-03,1.258278191089630127e-01
3.377000000000000000e+03,1.738034770824015141e-03,1.256226301193237305e-01
3.378000000000000000e+03,1.896949717774987221e-03,1.265518218278884888e-01
3.379000000000000000e+03,2.107098698616027832e-03,1.265108287334442139e-01
3.380000000000000000e+03,2.347498200833797455e-03,1.276135593652725220e-01
3.381000000000000000e+03,2.630029805004596710e-03,1.277502775192260742e-01
3.382000000000000000e+03,2.887420589104294777e-03,1.288179755210876465e-01
3.383000000000000000e+03,3.107839496806263924e-03,1.288274824619293213e-01
3.384000000000000000e+03,3.174371318891644478e-03,1.294156014919281006e-01
3.385000000000000000e+03,3.089094301685690880e-03,1.287343949079513550e-01
3.386000000000000000e+03,2.788088051602244377e-03,1.283696144819259644e-01
3.387000000000000000e+03,2.376691438257694244e-03,1.268506944179534912e-01
3.388000000000000000e+03,1.921577379107475281e-03,1.259801983833312988e-01
3.389000000000000000e+03,1.547409687191247940e-03,1.245001703500747681e-01
3.390000000000000000e+03,1.300953561440110207e-03,1.241979151964187622e-01
3.391000000000000000e+03,1.191652729175984859e-03,1.242684274911880493e-01
3.392000000000000000e+03,1.194883370772004128e-03,1.245882064104080200e-01
3.393000000000000000e+03,1.279626507312059402e-03,1.257052719593048096e-01
3.394000000000000000e+03,1.413357327692210674e-03,1.259573101997375488e-01
3.395000000000000000e+03,1.556448172777891159e-03,1.266974061727523804e-01
3.396000000000000000e+03,1.676409621722996235e-03,1.262621134519577026e-01
3.397000000000000000e+03,1.737685874104499817e-03,1.264703571796417236e-01
3.398000000000000000e+03,1.741933985613286495e-03,1.257018446922302246e-01
3.399000000000000000e+03,1.685463474132120609e-03,1.259475201368331909e-01
3.400000000000000000e+03,1.597565715201199055e-03,1.253122091293334961e-01
3.401000000000000000e+03,1.489054528065025806e-03,1.254903674125671387e-01
3.402000000000000000e+03,1.385578070767223835e-03,1.249376013875007629e-01
3.403000000000000000e+03,1.296333735808730125e-03,1.249141320586204529e-01
3.404000000000000000e+03,1.230928115546703339e-03,1.245029047131538391e-01
3.405000000000000000e+03,1.189233036711812019e-03,1.244797483086585999e-01
3.406000000000000000e+03,1.168531249277293682e-03,1.244387626647949219e-01
3.407000000000000000e+03,1.164158224128186703e-03,1.244795098900794983e-01
3.408000000000000000e+03,1.171835465356707573e-03,1.247352957725524902e-01
3.409000000000000000e+03,1.188259106129407883e-03,1.246523484587669373e-01
3.410000000000000000e+03,1.210883376188576221e-03,1.248972341418266296e-01
3.411000000000000000e+03,1.238345284946262836e-03,1.246354058384895325e-01
3.412000000000000000e+03,1.269185915589332581e-03,1.249223127961158752e-01
3.413000000000000000e+03,1.304485835134983063e-03,1.246105208992958069e-01
3.414000000000000000e+03,1.343647018074989319e-03,1.250670552253723145e-01
3.415000000000000000e+03,1.390747027471661568e-03,1.247482076287269592e-01
3.416000000000000000e+03,1.444895286113023758e-03,1.253365725278854370e-01
3.417000000000000000e+03,1.513370079919695854e-03,1.250303387641906738e-01
3.418000000000000000e+03,1.593484077602624893e-03,1.257299929857254028e-01
3.419000000000000000e+03,1.696285558864474297e-03,1.254476308822631836e-01
3.420000000000000000e+03,1.813689479604363441e-03,1.262957006692886353e-01
3.421000000000000000e+03,1.959703862667083740e-03,1.260877549648284912e-01
3.422000000000000000e+03,2.112493617460131645e-03,1.270232349634170532e-01
3.423000000000000000e+03,2.283768029883503914e-03,1.268625855445861816e-01
3.424000000000000000e+03,2.426873892545700073e-03,1.277153193950653076e-01
3.425000000000000000e+03,2.548292279243469238e-03,1.274354159832000732e-01
3.426000000000000000e+03,2.582210814580321312e-03,1.280094534158706665e-01
3.427000000000000000e+03,2.545912982895970345e-03,1.273655742406845093e-01
3.428000000000000000e+03,2.394720213487744331e-03,1.274660974740982056e-01
3.429000000000000000e+03,2.182581927627325058e-03,1.263960152864456177e-01
3.430000000000000000e+03,1.917421119287610054e-03,1.261800974607467651e-01
3.431000000000000000e+03,1.665853196755051613e-03,1.250746250152587891e-01
3.432000000000000000e+03,1.448498805984854698e-03,1.249879077076911926e-01
3.433000000000000000e+03,1.291773398406803608e-03,1.244618445634841919e-01
3.434000000000000000e+03,1.193729694932699203e-03,1.245773956179618835e-01
3.435000000000000000e+03,1.148532377555966377e-03,1.246831119060516357e-01
3.436000000000000000e+03,1.145183690823614597e-03,1.247083619236946106e-01
3.437000000000000000e+03,1.172570628114044666e-03,1.250183731317520142e-01
3.438000000000000000e+03,1.220288570038974285e-03,1.247945800423622131e-01
3.439000000000000000e+03,1.278616953641176224e-03,1.251928955316543579e-01
3.440000000000000000e+03,1.341542345471680164e-03,1.248731017112731934e-01
3.441000000000000000e+03,1.401141053065657616e-03,1.254470348358154297e-01
3.442000000000000000e+03,1.457356382161378860e-03,1.251223683357238770e-01
3.443000000000000000e+03,1.502163941040635109e-03,1.257064640522003174e-01
3.444000000000000000e+03,1.540241762995719910e-03,1.252742111682891846e-01
3.445000000000000000e+03,1.563562313094735146e-03,1.257315725088119507e-01
3.446000000000000000e+03,1.581372693181037903e-03,1.251864731311798096e-01
3.447000000000000000e+03,1.586869824677705765e-03,1.256453543901443481e-01
3.448000000000000000e+03,1.591960201039910316e-03,1.251336485147476196e-01
3.449000000000000000e+03,1.589058665558695793e-03,1.256706565618515015e-01
3.450000000000000000e+03,1.589155406691133976e-03,1.252209097146987915e-01
3.451000000000000000e+03,1.582893542945384979e-03,1.257172822952270508e-01
3.452000000000000000e+03,1.579850912094116211e-03,1.252243369817733765e-01
3.453000000000000000e+03,1.570629421621561050e-03,1.256586462259292603e-01
3.454000000000000000e+03,1.564936479553580284e-03,1.251276880502700806e-01
3.455000000000000000e+03,1.554297516122460365e-03,1.255854517221450806e-01
3.456000000000000000e+03,1.548331230878829956e-03,1.250890791416168213e-01
3.457000000000000000e+03,1.538741867989301682e-03,1.255699247121810913e-01
3.458000000000000000e+03,1.534444279968738556e-03,1.250975430011749268e-01
3.459000000000000000e+03,1.527268672361969948e-03,1.255637258291244507e-01
3.460000000000000000e+03,1.525748753920197487e-03,1.250751316547393799e-01
3.461000000000000000e+03,1.522110658697783947e-03,1.255477815866470337e-01
3.462000000000000000e+03,1.524886582046747208e-03,1.250654458999633789e-01
3.463000000000000000e+03,1.526355044916272163e-03,1.255681365728378296e-01
3.464000000000000000e+03,1.535024261102080345e-03,1.251053214073181152e-01
3.465000000000000000e+03,1.542533049359917641e-03,1.256255060434341431e-01
3.466000000000000000e+03,1.557530602440237999e-03,1.251542866230010986e-01
3.467000000000000000e+03,1.570908585563302040e-03,1.256951689720153809e-01
3.468000000000000000e+03,1.591975800693035126e-03,1.252135634422302246e-01
3.469000000000000000e+03,1.610587351024150848e-03,1.257845163345336914e-01
3.470000000000000000e+03,1.637013745494186878e-03,1.253052800893783569e-01
3.471000000000000000e+03,1.659419736824929714e-03,1.259003132581710815e-01
3.472000000000000000e+03,1.689027645625174046e-03,1.254170686006546021e-01
3.473000000000000000e+03,1.711821532808244228e-03,1.260256469249725342e-01
3.474000000000000000e+03,1.739975996315479279e-03,1.255277693271636963e-01
3.475000000000000000e+03,1.757073332555592060e-03,1.261324137449264526e-01
3.476000000000000000e+03,1.776267192326486111e-03,1.256155222654342651e-01
3.477000000000000000e+03,1.779573271051049232e-03,1.261829733848571777e-01
3.478000000000000000e+03,1.781275263056159019e-03,1.256249547004699707e-01
3.479000000000000000e+03,1.763784210197627544e-03,1.261294931173324585e-01
3.480000000000000000e+03,1.742753898724913597e-03,1.255245059728622437e-01
3.481000000000000000e+03,1.703405636362731457e-03,1.259672939777374268e-01
3.482000000000000000e+03,1.662043738178908825e-03,1.253427267074584961e-01
3.483000000000000000e+03,1.607747050002217293e-03,1.257325261831283569e-01
3.484000000000000000e+03,1.555325929075479507e-03,1.251213103532791138e-01
3.485000000000000000e+03,1.497319899499416351e-03,1.254669576883316040e-01
3.486000000000000000e+03,1.445191912353038788e-03,1.248975545167922974e-01
3.487000000000000000e+03,1.393713289871811867e-03,1.252094805240631104e-01
3.488000000000000000e+03,1.350264647044241428e-03,1.247074306011199951e-01
3.489000000000000000e+03,1.310822088271379471e-03,1.249988973140716553e-01
3.490000000000000000e+03,1.279408344998955727e-03,1.245735287666320801e-01
3.491000000000000000e+03,1.252794172614812851e-03,1.248496249318122864e-01
3.492000000000000000e+03,1.232966547831892967e-03,1.244789585471153259e-01
3.493000000000000000e+03,1.217468990944325924e-03,1.247419491410255432e-01
3.494000000000000000e+03,1.207498251460492611e-03,1.244041249155998230e-01
3.495000000000000000e+03,1.201358158141374588e-03,1.246738508343696594e-01
3.496000000000000000e+03,1.200308441184461117e-03,1.243554130196571350e-01
3.497000000000000000e+03,1.203342922963202000e-03,1.246643662452697754e-01
3.498000000000000000e+03,1.212357426993548870e-03,1.243485286831855774e-01
3.499000000000000000e+03,1.227082451805472374e-03,1.247286945581436157e-01
3.500000000000000000e+03,1.250990200787782669e-03,1.243955269455909729e-01
3.501000000000000000e+03,1.284740283153951168e-03,1.248879656195640564e-01
3.502000000000000000e+03,1.334894797764718533e-03,1.245375499129295349e-01
3.503000000000000000e+03,1.403216156177222729e-03,1.252162307500839233e-01
3.504000000000000000e+03,1.502075814642012119e-03,1.248875334858894348e-01
3.505000000000000000e+03,1.632862258702516556e-03,1.258312910795211792e-01
3.506000000000000000e+03,1.816432457417249680e-03,1.256111711263656616e-01
3.507000000000000000e+03,2.044793916866183281e-03,1.268500685691833496e-01
3.508000000000000000e+03,2.342887222766876221e-03,1.268398910760879517e-01
3.509000000000000000e+03,2.663986757397651672e-03,1.282619982957839966e-01
3.510000000000000000e+03,3.013889305293560028e-03,1.283312141895294189e-01
3.511000000000000000e+03,3.264753846451640129e-03,1.295623332262039185e-01
3.512000000000000000e+03,3.397238673642277718e-03,1.290901750326156616e-01
3.513000000000000000e+03,3.255238989368081093e-03,1.294060051441192627e-01
3.514000000000000000e+03,2.908004447817802429e-03,1.279669553041458130e-01
3.515000000000000000e+03,2.364510903134942055e-03,1.270993649959564209e-01
3.516000000000000000e+03,1.821040874347090721e-03,1.250916123390197754e-01
3.517000000000000000e+03,1.388512901030480862e-03,1.242791116237640381e-01
3.518000000000000000e+03,1.147527946159243584e-03,1.235302463173866272e-01
3.519000000000000000e+03,1.089083612896502018e-03,1.236123070120811462e-01
3.520000000000000000e+03,1.171689014881849289e-03,1.250308752059936523e-01
3.521000000000000000e+03,1.346560893580317497e-03,1.256456524133682251e-01
3.522000000000000000e+03,1.553094713017344475e-03,1.271320283412933350e-01
3.523000000000000000e+03,1.730247982777655125e-03,1.269742995500564575e-01
3.524000000000000000e+03,1.805536914616823196e-03,1.271672099828720093e-01
3.525000000000000000e+03,1.772064715623855591e-03,1.259122788906097412e-01
3.526000000000000000e+03,1.636481843888759613e-03,1.255623847246170044e-01
3.527000000000000000e+03,1.466130721382796764e-03,1.243804022669792175e-01
3.528000000000000000e+03,1.300342613831162453e-03,1.245174482464790344e-01
3.529000000000000000e+03,1.175606274046003819e-03,1.242205202579498291e-01
3.530000000000000000e+03,1.100587891414761543e-03,1.243560239672660828e-01
3.531000000000000000e+03,1.074728555977344513e-03,1.245200783014297485e-01
3.532000000000000000e+03,1.088308403268456459e-03,1.243425756692886353e-01
3.533000000000000000e+03,1.128508709371089935e-03,1.246011853218078613e-01
3.534000000000000000e+03,1.183655927889049053e-03,1.242816224694252014e-01
3.535000000000000000e+03,1.243300852365791798e-03,1.248287186026573181e-01
3.536000000000000000e+03,1.303100259974598885e-03,1.245800629258155823e-01
3.537000000000000000e+03,1.354515552520751953e-03,1.253223717212677002e-01
3.538000000000000000e+03,1.397793646901845932e-03,1.249348595738410950e-01
3.539000000000000000e+03,1.423053094185888767e-03,1.254036724567413330e-01
3.540000000000000000e+03,1.435934798792004585e-03,1.247842907905578613e-01
3.541000000000000000e+03,1.430764212273061275e-03,1.251258254051208496e-01
3.542000000000000000e+03,1.419328385964035988e-03,1.244649365544319153e-01
3.543000000000000000e+03,1.398877706378698349e-03,1.249462887644767761e-01
3.544000000000000000e+03,1.380686881020665169e-03,1.244241222739219666e-01
3.545000000000000000e+03,1.360366703011095524e-03,1.249780952930450439e-01
3.546000000000000000e+03,1.345476717688143253e-03,1.245527639985084534e-01
3.547000000000000000e+03,1.330685219727456570e-03,1.249808073043823242e-01
3.548000000000000000e+03,1.321512740105390549e-03,1.244827210903167725e-01
3.549000000000000000e+03,1.313368789851665497e-03,1.249027848243713379e-01
3.550000000000000000e+03,1.311767729930579662e-03,1.244007125496864319e-01
3.551000000000000000e+03,1.312543521635234356e-03,1.248948946595191956e-01
3.552000000000000000e+03,1.320994226261973381e-03,1.244358196854591370e-01
3.553000000000000000e+03,1.332769868895411491e-03,1.249628290534019470e-01
3.554000000000000000e+03,1.353859901428222656e-03,1.245141401886940002e-01
3.555000000000000000e+03,1.379562541842460632e-03,1.251078248023986816e-01
3.556000000000000000e+03,1.417539548128843307e-03,1.246093958616256714e-01
3.557000000000000000e+03,1.462204614654183388e-03,1.253094375133514404e-01
3.558000000000000000e+03,1.524078543297946453e-03,1.248333454132080078e-01
3.559000000000000000e+03,1.594659639522433281e-03,1.256682872772216797e-01
3.560000000000000000e+03,1.687343930825591087e-03,1.252441406250000000e-01
3.561000000000000000e+03,1.785586355254054070e-03,1.261863559484481812e-01
3.562000000000000000e+03,1.904162112623453140e-03,1.257641017436981201e-01
3.563000000000000000e+03,2.012362005189061165e-03,1.267446279525756836e-01
3.564000000000000000e+03,2.124732825905084610e-03,1.262557506561279297e-01
3.565000000000000000e+03,2.194218337535858154e-03,1.271050870418548584e-01
3.566000000000000000e+03,2.238597022369503975e-03,1.264531910419464111e-01
3.567000000000000000e+03,2.207666635513305664e-03,1.270536482334136963e-01
3.568000000000000000e+03,2.133283065631985664e-03,1.261805444955825806e-01
3.569000000000000000e+03,1.986309885978698730e-03,1.264938414096832275e-01
3.570000000000000000e+03,1.814663759432733059e-03,1.254613548517227173e-01
3.571000000000000000e+03,1.618133625015616417e-03,1.255675256252288818e-01
3.572000000000000000e+03,1.439350657165050507e-03,1.246512979269027710e-01
3.573000000000000000e+03,1.284948317334055901e-03,1.247197389602661133e-01
3.574000000000000000e+03,1.170939533039927483e-03,1.242182850837707520e-01
3.575000000000000000e+03,1.095015322789549828e-03,1.243084296584129333e-01
3.576000000000000000e+03,1.054196967743337154e-03,1.242566406726837158e-01
3.577000000000000000e+03,1.041606068611145020e-03,1.242515668272972107e-01
3.578000000000000000e+03,1.050413469783961773e-03,1.244463622570037842e-01
3.579000000000000000e+03,1.074412255547940731e-03,1.242426186800003052e-01
3.580000000000000000e+03,1.108237425796687603e-03,1.245774477720260620e-01
3.581000000000000000e+03,1.148523762822151184e-03,1.242534965276718140e-01
3.582000000000000000e+03,1.191642717458307743e-03,1.247471868991851807e-01
3.583000000000000000e+03,1.238181488588452339e-03,1.243759244680404663e-01
3.584000000000000000e+03,1.284792437218129635e-03,1.249824389815330505e-01
3.585000000000000000e+03,1.335774548351764679e-03,1.245391219854354858e-01
3.586000000000000000e+03,1.386389601975679398e-03,1.251948773860931396e-01
3.587000000000000000e+03,1.444573164917528629e-03,1.246776133775711060e-01
3.588000000000000000e+03,1.503053703345358372e-03,1.254146844148635864e-01
3.589000000000000000e+03,1.573498011566698551e-03,1.249018386006355286e-01
3.590000000000000000e+03,1.643482013605535030e-03,1.257620602846145630e-01
3.591000000000000000e+03,1.727136783301830292e-03,1.252762079238891602e-01
3.592000000000000000e+03,1.802981481887400150e-03,1.261754184961318970e-01
3.593000000000000000e+03,1.885942881926894188e-03,1.256507486104965210e-01
3.594000000000000000e+03,1.943957409821450710e-03,1.264815330505371094e-01
3.595000000000000000e+03,1.994235906749963760e-03,1.258571296930313110e-01
3.596000000000000000e+03,1.999481348320841789e-03,1.265560537576675415e-01
3.597000000000000000e+03,1.983191585168242455e-03,1.258031278848648071e-01
3.598000000000000000e+03,1.914337743073701859e-03,1.263245046138763428e-01
3.599000000000000000e+03,1.824657432734966278e-03,1.254528760910034180e-01
3.600000000000000000e+03,1.698844018392264843e-03,1.257894784212112427e-01
3.601000000000000000e+03,1.570437219925224781e-03,1.248978674411773682e-01
3.602000000000000000e+03,1.436612335965037346e-03,1.251309812068939209e-01
3.603000000000000000e+03,1.320121577009558678e-03,1.244063079357147217e-01
3.604000000000000000e+03,1.219972269609570503e-03,1.246078833937644958e-01
3.605000000000000000e+03,1.143631176091730595e-03,1.241648420691490173e-01
3.606000000000000000e+03,1.087823184207081795e-03,1.243038177490234375e-01
3.607000000000000000e+03,1.051192870363593102e-03,1.241053640842437744e-01
3.608000000000000000e+03,1.029858598485589027e-03,1.241261065006256104e-01
3.609000000000000000e+03,1.020530471578240395e-03,1.240952536463737488e-01
3.610000000000000000e+03,1.020147115923464298e-03,1.239992380142211914e-01
3.611000000000000000e+03,1.026341109536588192e-03,1.241136491298675537e-01
3.612000000000000000e+03,1.037524547427892685e-03,1.239331066608428955e-01
3.613000000000000000e+03,1.052782405167818069e-03,1.241860389709472656e-01
3.614000000000000000e+03,1.072277082130312920e-03,1.239264607429504395e-01
3.615000000000000000e+03,1.096245949156582355e-03,1.243019327521324158e-01
3.616000000000000000e+03,1.126936636865139008e-03,1.239619627594947815e-01
3.617000000000000000e+03,1.165521331131458282e-03,1.244844496250152588e-01
3.618000000000000000e+03,1.217499375343322754e-03,1.240854337811470032e-01
3.619000000000000000e+03,1.284681260585784912e-03,1.248204335570335388e-01
3.620000000000000000e+03,1.378154382109642029e-03,1.244028136134147644e-01
3.621000000000000000e+03,1.498779631219804287e-03,1.254169791936874390e-01
3.622000000000000000e+03,1.665963209234178066e-03,1.250490099191665649e-01
3.623000000000000000e+03,1.871522516012191772e-03,1.263666749000549316e-01
3.624000000000000000e+03,2.141145523637533188e-03,1.261340677738189697e-01
3.625000000000000000e+03,2.432598499581217766e-03,1.276644468307495117e-01
3.626000000000000000e+03,2.761203330010175705e-03,1.274964660406112671e-01
3.627000000000000000e+03,3.012196859344840050e-03,1.289096176624298096e-01
3.628000000000000000e+03,3.180796978995203972e-03,1.283253580331802368e-01
3.629000000000000000e+03,3.110462799668312073e-03,1.289901137351989746e-01
3.630000000000000000e+03,2.857807092368602753e-03,1.275939345359802246e-01
3.631000000000000000e+03,2.390512265264987946e-03,1.271491646766662598e-01
3.632000000000000000e+03,1.883808639831840992e-03,1.252251565456390381e-01
3.633000000000000000e+03,1.431847456842660904e-03,1.245280653238296509e-01
3.634000000000000000e+03,1.139336614869534969e-03,1.234540045261383057e-01
3.635000000000000000e+03,1.018318929709494114e-03,1.233683228492736816e-01
3.636000000000000000e+03,1.042401650920510292e-03,1.243463009595870972e-01
3.637000000000000000e+03,1.168917631730437279e-03,1.247365921735763550e-01
3.638000000000000000e+03,1.347652054391801357e-03,1.263058036565780640e-01
3.639000000000000000e+03,1.527302432805299759e-03,1.262087225914001465e-01
3.640000000000000000e+03,1.641439856030046940e-03,1.267978101968765259e-01
3.641000000000000000e+03,1.668896991759538651e-03,1.256950646638870239e-01
3.642000000000000000e+03,1.592964283190667629e-03,1.255842149257659912e-01
3.643000000000000000e+03,1.463307067751884460e-03,1.243491023778915405e-01
3.644000000000000000e+03,1.309823011979460716e-03,1.245437785983085632e-01
3.645000000000000000e+03,1.176009653136134148e-03,1.239633336663246155e-01
3.646000000000000000e+03,1.075993874110281467e-03,1.241533905267715454e-01
3.647000000000000000e+03,1.018462469801306725e-03,1.240741834044456482e-01
3.648000000000000000e+03,9.997372981160879135e-04,1.239298805594444275e-01
3.649000000000000000e+03,1.011466141790151596e-03,1.240878999233245850e-01
3.650000000000000000e+03,1.044098287820816040e-03,1.238159760832786560e-01
3.651000000000000000e+03,1.088946941308677197e-03,1.243000701069831848e-01
3.652000000000000000e+03,1.140450360253453255e-03,1.240739002823829651e-01
3.653000000000000000e+03,1.191851682960987091e-03,1.247961819171905518e-01
3.654000000000000000e+03,1.241950667463243008e-03,1.243700981140136719e-01
3.655000000000000000e+03,1.282684388570487499e-03,1.249626055359840393e-01
3.656000000000000000e+03,1.317193149589002132e-03,1.243213042616844177e-01
3.657000000000000000e+03,1.338694011792540550e-03,1.248479038476943970e-01
3.658000000000000000e+03,1.356431981548666954e-03,1.241967529058456421e-01
3.659000000000000000e+03,1.364507712423801422e-03,1.248465701937675476e-01
3.660000000000000000e+03,1.374352141283452511e-03,1.242562234401702881e-01
3.661000000000000000e+03,1.378406072035431862e-03,1.249930560588836670e-01
3.662000000000000000e+03,1.387068303301930428e-03,1.244155466556549072e-01
3.663000000000000000e+03,1.390943536534905434e-03,1.250580698251724243e-01
3.664000000000000000e+03,1.400146749801933765e-03,1.244359016418457031e-01
3.665000000000000000e+03,1.404865295626223087e-03,1.250674575567245483e-01
3.666000000000000000e+03,1.415934995748102665e-03,1.244338452816009521e-01
3.667000000000000000e+03,1.422769506461918354e-03,1.251406818628311157e-01
3.668000000000000000e+03,1.436351682059466839e-03,1.244956776499748230e-01
3.669000000000000000e+03,1.444837311282753944e-03,1.252078860998153687e-01
3.670000000000000000e+03,1.459770137444138527e-03,1.245603337883949280e-01
3.671000000000000000e+03,1.468618167564272881e-03,1.252508163452148438e-01
3.672000000000000000e+03,1.483974745497107506e-03,1.245714798569679260e-01
3.673000000000000000e+03,1.492713810876011848e-03,1.253035515546798706e-01
3.674000000000000000e+03,1.508545596152544022e-03,1.246272698044776917e-01
3.675000000000000000e+03,1.516914577223360538e-03,1.254050135612487793e-01
3.676000000000000000e+03,1.531615736894309521e-03,1.247410401701927185e-01
3.677000000000000000e+03,1.536227646283805370e-03,1.254783868789672852e-01
3.678000000000000000e+03,1.544811762869358063e-03,1.247867718338966370e-01
3.679000000000000000e+03,1.540514640510082245e-03,1.254855245351791382e-01
3.680000000000000000e+03,1.538407523185014725e-03,1.247409805655479431e-01
3.681000000000000000e+03,1.522586098872125149e-03,1.254159212112426758e-01
3.682000000000000000e+03,1.508634304627776146e-03,1.246627718210220337e-01
3.683000000000000000e+03,1.482280087657272816e-03,1.253091394901275635e-01
3.684000000000000000e+03,1.458493527024984360e-03,1.245897188782691956e-01
3.685000000000000000e+03,1.424977323040366173e-03,1.251847892999649048e-01
3.686000000000000000e+03,1.395111205056309700e-03,1.244798824191093445e-01
3.687000000000000000e+03,1.359014888294041157e-03,1.250273436307907104e-01
3.688000000000000000e+03,1.327958540059626102e-03,1.243460774421691895e-01
3.689000000000000000e+03,1.294298097491264343e-03,1.248494908213615417e-01
3.690000000000000000e+03,1.266839564777910709e-03,1.242193058133125305e-01
3.691000000000000000e+03,1.239442732185125351e-03,1.246976479887962341e-01
3.692000000000000000e+03,1.218672376126050949e-03,1.241264194250106812e-01
3.693000000000000000e+03,1.199458842165768147e-03,1.246011704206466675e-01
3.694000000000000000e+03,1.186762237921357155e-03,1.240556985139846802e-01
3.695000000000000000e+03,1.176345860585570335e-03,1.245281621813774109e-01
3.696000000000000000e+03,1.172491582110524178e-03,1.240021139383316040e-01
3.697000000000000000e+03,1.171640353277325630e-03,1.244974434375762939e-01
3.698000000000000000e+03,1.178160542622208595e-03,1.239923834800720215e-01
3.699000000000000000e+03,1.188834081403911114e-03,1.245515793561935425e-01
3.700000000000000000e+03,1.208868576213717461e-03,1.240412741899490356e-01
3.701000000000000000e+03,1.234948169440031052e-03,1.246934309601783752e-01
3.702000000000000000e+03,1.274225534871220589e-03,1.241511180996894836e-01
3.703000000000000000e+03,1.322543364949524403e-03,1.249244287610054016e-01
3.704000000000000000e+03,1.390404184348881245e-03,1.243600696325302124e-01
3.705000000000000000e+03,1.470809918828308582e-03,1.253154575824737549e-01
3.706000000000000000e+03,1.578956842422485352e-03,1.247621029615402222e-01
3.707000000000000000e+03,1.699529588222503662e-03,1.259137690067291260e-01
3.708000000000000000e+03,1.851536449976265430e-03,1.253759562969207764e-01
3.709000000000000000e+03,2.001153305172920227e-03,1.266365200281143188e-01
3.710000000000000000e+03,2.167667727917432785e-03,1.260652095079421997e-01
3.711000000000000000e+03,2.288854680955410004e-03,1.272528022527694702e-01
3.712000000000000000e+03,2.384575083851814270e-03,1.265028268098831177e-01
3.713000000000000000e+03,2.376081887632608414e-03,1.273681670427322388e-01
3.714000000000000000e+03,2.301414962857961655e-03,1.262898743152618408e-01
3.715000000000000000e+03,2.111553214490413666e-03,1.266590058803558350e-01
3.716000000000000000e+03,1.877866918221116066e-03,1.253146678209304810e-01
3.717000000000000000e+03,1.606179634109139442e-03,1.253412812948226929e-01
3.718000000000000000e+03,1.364628085866570473e-03,1.241676062345504761e-01
3.719000000000000000e+03,1.169242663308978081e-03,1.241898834705352783e-01
3.720000000000000000e+03,1.040440518409013748e-03,1.237437874078750610e-01
3.721000000000000000e+03,9.733352926559746265e-04,1.238152980804443359e-01
3.722000000000000000e+03,9.585925145074725151e-04,1.240867227315902710e-01
3.723000000000000000e+03,9.833279764279723167e-04,1.239979192614555359e-01
3.724000000000000000e+03,1.034384826198220253e-03,1.245366483926773071e-01
3.725000000000000000e+03,1.100247493013739586e-03,1.241556406021118164e-01
3.726000000000000000e+03,1.168701099231839180e-03,1.247701719403266907e-01
3.727000000000000000e+03,1.234951894730329514e-03,1.242205649614334106e-01
3.728000000000000000e+03,1.288269064389169216e-03,1.249527707695960999e-01
3.729000000000000000e+03,1.332602929323911667e-03,1.243402585387229919e-01
3.730000000000000000e+03,1.357816276140511036e-03,1.250699311494827271e-01
3.731000000000000000e+03,1.374151790514588356e-03,1.243581101298332214e-01
3.732000000000000000e+03,1.372568309307098389e-03,1.249788850545883179e-01
3.733000000000000000e+03,1.366932177916169167e-03,1.242078319191932678e-01
3.734000000000000000e+03,1.349627738818526268e-03,1.248198896646499634e-01
3.735000000000000000e+03,1.334459870122373104e-03,1.241128146648406982e-01
3.736000000000000000e+03,1.313540968112647533e-03,1.247708052396774292e-01
3.737000000000000000e+03,1.297866809181869030e-03,1.241274252533912659e-01
3.738000000000000000e+03,1.279179472476243973e-03,1.247307509183883667e-01
3.739000000000000000e+03,1.266283332370221615e-03,1.240717843174934387e-01
3.740000000000000000e+03,1.251858193427324295e-03,1.246214658021926880e-01
3.741000000000000000e+03,1.243855105713009834e-03,1.239672228693962097e-01
3.742000000000000000e+03,1.235879957675933838e-03,1.245633885264396667e-01
3.743000000000000000e+03,1.235333271324634552e-03,1.239554733037948608e-01
3.744000000000000000e+03,1.235970761626958847e-03,1.246042922139167786e-01
3.745000000000000000e+03,1.244903309270739555e-03,1.240116655826568604e-01
3.746000000000000000e+03,1.255674636922776699e-03,1.246793568134307861e-01
3.747000000000000000e+03,1.276085851714015007e-03,1.240650340914726257e-01
3.748000000000000000e+03,1.299167284741997719e-03,1.247992888092994690e-01
3.749000000000000000e+03,1.334358006715774536e-03,1.241710111498832703e-01
3.750000000000000000e+03,1.372926635667681694e-03,1.250197589397430420e-01
3.751000000000000000e+03,1.426494214683771133e-03,1.243774369359016418e-01
3.752000000000000000e+03,1.482395105995237827e-03,1.253213584423065186e-01
3.753000000000000000e+03,1.554897171445190907e-03,1.246486008167266846e-01
3.754000000000000000e+03,1.624658238142728806e-03,1.256694495677947998e-01
3.755000000000000000e+03,1.708903349936008453e-03,1.249583512544631958e-01
3.756000000000000000e+03,1.778549514710903168e-03,1.260273754596710205e-01
3.757000000000000000e+03,1.853670342825353146e-03,1.252648532390594482e-01
3.758000000000000000e+03,1.894792309030890465e-03,1.262837499380111694e-01
3.759000000000000000e+03,1.925672637298703194e-03,1.254230141639709473e-01
3.760000000000000000e+03,1.903662341646850109e-03,1.262638568878173828e-01
3.761000000000000000e+03,1.859677373431622982e-03,1.252716779708862305e-01
3.762000000000000000e+03,1.762349391356110573e-03,1.258801221847534180e-01
3.763000000000000000e+03,1.649849931709468365e-03,1.248125806450843811e-01
3.764000000000000000e+03,1.509565627202391624e-03,1.252310425043106079e-01
3.765000000000000000e+03,1.375914784148335457e-03,1.242560073733329773e-01
3.766000000000000000e+03,1.246962230652570724e-03,1.245603039860725403e-01
3.767000000000000000e+03,1.141213579103350639e-03,1.238660216331481934e-01
3.768000000000000000e+03,1.056751585565507412e-03,1.240847259759902954e-01
3.769000000000000000e+03,9.969356469810009003e-04,1.237295791506767273e-01
3.770000000000000000e+03,9.578915778547525406e-04,1.238283812999725342e-01
3.771000000000000000e+03,9.365714504383504391e-04,1.237358525395393372e-01
3.772000000000000000e+03,9.289915906265377998e-04,1.236794516444206238e-01
3.773000000000000000e+03,9.317045332863926888e-04,1.237779408693313599e-01
3.774000000000000000e+03,9.419323178008198738e-04,1.235837712883949280e-01
3.775000000000000000e+03,9.576714364811778069e-04,1.238565668463706970e-01
3.776000000000000000e+03,9.780556429177522659e-04,1.235582455992698669e-01
3.777000000000000000e+03,1.002435688860714436e-03,1.239813193678855896e-01
3.778000000000000000e+03,1.032205880619585514e-03,1.235798597335815430e-01
3.779000000000000000e+03,1.067461445927619934e-03,1.241480931639671326e-01
3.780000000000000000e+03,1.112548983655869961e-03,1.236546859145164490e-01
3.781000000000000000e+03,1.167630194686353207e-03,1.244222000241279602e-01
3.782000000000000000e+03,1.241610501892864704e-03,1.238717809319496155e-01
3.783000000000000000e+03,1.333092572167515755e-03,1.248971372842788696e-01
3.784000000000000000e+03,1.457717968150973320e-03,1.243257820606231689e-01
3.785000000000000000e+03,1.607234822586178780e-03,1.256267130374908447e-01
3.786000000000000000e+03,1.804801402613520622e-03,1.250735372304916382e-01
3.787000000000000000e+03,2.020655199885368347e-03,1.266120076179504395e-01
3.788000000000000000e+03,2.279728883877396584e-03,1.260817348957061768e-01
3.789000000000000000e+03,2.505134791135787964e-03,1.276642978191375732e-01
3.790000000000000000e+03,2.713826484978199005e-03,1.269510835409164429e-01
3.791000000000000000e+03,2.778247231617569923e-03,1.281540989875793457e-01
3.792000000000000000e+03,2.732339082285761833e-03,1.269358843564987183e-01
3.793000000000000000e+03,2.481985837221145630e-03,1.273330897092819214e-01
3.794000000000000000e+03,2.136274473741650581e-03,1.256468445062637329e-01
3.795000000000000000e+03,1.718113198876380920e-03,1.254195719957351685e-01
3.796000000000000000e+03,1.354220556095242500e-03,1.238771751523017883e-01
3.797000000000000000e+03,1.088487450033426285e-03,1.236838400363922119e-01
3.798000000000000000e+03,9.499361040070652962e-04,1.234041452407836914e-01
3.799000000000000000e+03,9.242657106369733810e-04,1.234536990523338318e-01
3.800000000000000000e+03,9.843778098002076149e-04,1.244765818119049072e-01
3.801000000000000000e+03,1.098886132240295410e-03,1.244425252079963684e-01
3.802000000000000000e+03,1.231012516655027866e-03,1.255544424057006836e-01
3.803000000000000000e+03,1.351430779322981834e-03,1.249502301216125488e-01
3.804000000000000000e+03,1.422656700015068054e-03,1.255500167608261108e-01
3.805000000000000000e+03,1.443963265046477318e-03,1.245251446962356567e-01
3.806000000000000000e+03,1.403494272381067276e-03,1.249996051192283630e-01
3.807000000000000000e+03,1.331185922026634216e-03,1.240447312593460083e-01
3.808000000000000000e+03,1.233660033904016018e-03,1.245146244764328003e-01
3.809000000000000000e+03,1.138667692430317402e-03,1.237672194838523865e-01
3.810000000000000000e+03,1.053022686392068863e-03,1.239627003669738770e-01
3.811000000000000000e+03,9.879638673737645149e-04,1.234697997570037842e-01
3.812000000000000000e+03,9.435692336410284042e-04,1.234973222017288208e-01
3.813000000000000000e+03,9.185852250084280968e-04,1.233960315585136414e-01
3.814000000000000000e+03,9.091482497751712799e-04,1.234372928738594055e-01
3.815000000000000000e+03,9.115184657275676727e-04,1.236359030008316040e-01
3.816000000000000000e+03,9.224889217875897884e-04,1.235092654824256897e-01
3.817000000000000000e+03,9.395766537636518478e-04,1.237952634692192078e-01
3.818000000000000000e+03,9.612924186512827873e-04,1.233997121453285217e-01
3.819000000000000000e+03,9.862498845905065536e-04,1.238068118691444397e-01
3.820000000000000000e+03,1.015325542539358139e-03,1.233479082584381104e-01
3.821000000000000000e+03,1.048002857714891434e-03,1.239608079195022583e-01
3.822000000000000000e+03,1.088148332200944424e-03,1.234931573271751404e-01
3.823000000000000000e+03,1.134790247306227684e-03,1.242753863334655762e-01
3.824000000000000000e+03,1.195239252410829067e-03,1.237001568078994751e-01
3.825000000000000000e+03,1.266621751710772514e-03,1.246658936142921448e-01
3.826000000000000000e+03,1.361408736556768417e-03,1.240162402391433716e-01
3.827000000000000000e+03,1.471546478569507599e-03,1.252231746912002563e-01
3.828000000000000000e+03,1.615915098227560520e-03,1.245855316519737244e-01
3.829000000000000000e+03,1.772104762494564056e-03,1.260000765323638916e-01
3.830000000000000000e+03,1.962898299098014832e-03,1.253352761268615723e-01
3.831000000000000000e+03,2.136239083483815193e-03,1.268230378627777100e-01
3.832000000000000000e+03,2.314510289579629898e-03,1.260232776403427124e-01
3.833000000000000000e+03,2.409972250461578369e-03,1.273416727781295776e-01
3.834000000000000000e+03,2.452233107760548592e-03,1.262594610452651978e-01
3.835000000000000000e+03,2.352416981011629105e-03,1.270868331193923950e-01
3.836000000000000000e+03,2.175286412239074707e-03,1.256642192602157593e-01
3.837000000000000000e+03,1.892376807518303394e-03,1.259311884641647339e-01
3.838000000000000000e+03,1.598171540535986423e-03,1.244292855262756348e-01
3.839000000000000000e+03,1.315529458224773407e-03,1.244637593626976013e-01
3.840000000000000000e+03,1.101462403312325478e-03,1.235202625393867493e-01
3.841000000000000000e+03,9.641083888709545135e-04,1.235657036304473877e-01
3.842000000000000000e+03,9.036528063006699085e-04,1.236271783709526062e-01
3.843000000000000000e+03,9.060394368134438992e-04,1.235957592725753784e-01
3.844000000000000000e+03,9.538813028484582901e-04,1.242962777614593506e-01
3.845000000000000000e+03,1.029470120556652546e-03,1.239864826202392578e-01
3.846000000000000000e+03,1.113662961870431900e-03,1.247673556208610535e-01
3.847000000000000000e+03,1.194433076307177544e-03,1.241394802927970886e-01
3.848000000000000000e+03,1.254019793123006821e-03,1.248913332819938660e-01
3.849000000000000000e+03,1.294109388254582882e-03,1.241117641329765320e-01
3.850000000000000000e+03,1.302636461332440376e-03,1.248667985200881958e-01
3.851000000000000000e+03,1.293225912377238274e-03,1.240322962403297424e-01
3.852000000000000000e+03,1.259566983208060265e-03,1.246496886014938354e-01
3.853000000000000000e+03,1.218737103044986725e-03,1.238009631633758545e-01
3.854000000000000000e+03,1.168255228549242020e-03,1.242696195840835571e-01
3.855000000000000000e+03,1.121392007917165756e-03,1.235385090112686157e-01
3.856000000000000000e+03,1.075945678167045116e-03,1.239946335554122925e-01
3.857000000000000000e+03,1.038492773659527302e-03,1.234524771571159363e-01
3.858000000000000000e+03,1.006120350211858749e-03,1.238753795623779297e-01
3.859000000000000000e+03,9.809040930122137070e-04,1.234368309378623962e-01
3.860000000000000000e+03,9.603952057659626007e-04,1.237237155437469482e-01
3.861000000000000000e+03,9.450441575609147549e-04,1.233350709080696106e-01
3.862000000000000000e+03,9.332353365607559681e-04,1.235564947128295898e-01
3.863000000000000000e+03,9.249434806406497955e-04,1.232433989644050598e-01
3.864000000000000000e+03,9.191394783556461334e-04,1.234961897134780884e-01
3.865000000000000000e+03,9.158264147117733955e-04,1.232289969921112061e-01
3.866000000000000000e+03,9.144252398982644081e-04,1.234928816556930542e-01
3.867000000000000000e+03,9.152179118245840073e-04,1.232169792056083679e-01
3.868000000000000000e+03,9.181411005556583405e-04,1.234925389289855957e-01
3.869000000000000000e+03,9.240712970495223999e-04,1.231853142380714417e-01
3.870000000000000000e+03,9.335454087704420090e-04,1.235534027218818665e-01
3.871000000000000000e+03,9.486770723015069962e-04,1.231859177350997925e-01
3.872000000000000000e+03,9.711210150271654129e-04,1.237173154950141907e-01
3.873000000000000000e+03,1.005739788524806499e-03,1.232478693127632141e-01
3.874000000000000000e+03,1.056315843015909195e-03,1.240169405937194824e-01
3.875000000000000000e+03,1.134271034970879555e-03,1.234454512596130371e-01
3.876000000000000000e+03,1.246874686330556870e-03,1.246137693524360657e-01
3.877000000000000000e+03,1.419908832758665085e-03,1.240069270133972168e-01
3.878000000000000000e+03,1.661029527895152569e-03,1.257698833942413330e-01
3.879000000000000000e+03,2.018776256591081619e-03,1.252978444099426270e-01
3.880000000000000000e+03,2.469317521899938583e-03,1.276970505714416504e-01
3.881000000000000000e+03,3.063497599214315414e-03,1.273842602968215942e-01
3.882000000000000000e+03,3.637519199401140213e-03,1.300510019063949585e-01
3.883000000000000000e+03,4.174227360635995865e-03,1.289340257644653320e-01
3.884000000000000000e+03,4.300351720303297043e-03,1.307392418384552002e-01
3.885000000000000000e+03,4.054611548781394958e-03,1.284056752920150757e-01
3.886000000000000000e+03,3.245833097025752068e-03,1.282136589288711548e-01
3.887000000000000000e+03,2.273885300382971764e-03,1.256291121244430542e-01
3.888000000000000000e+03,1.402596244588494301e-03,1.243975088000297546e-01
3.889000000000000000e+03,9.447089396417140961e-04,1.226854175329208374e-01
3.890000000000000000e+03,9.397301473654806614e-04,1.220526173710823059e-01
3.891000000000000000e+03,1.267913961783051491e-03,1.249227374792098999e-01
3.892000000000000000e+03,1.759850885719060898e-03,1.262184828519821167e-01
3.893000000000000000e+03,2.161345910280942917e-03,1.300297379493713379e-01
3.894000000000000000e+03,2.267372561618685722e-03,1.295451968908309937e-01
3.895000000000000000e+03,1.938988454639911652e-03,1.290910542011260986e-01
3.896000000000000000e+03,1.417715451680123806e-03,1.256975084543228149e-01
3.897000000000000000e+03,9.995865402743220329e-04,1.220546141266822815e-01
3.898000000000000000e+03,8.985212771221995354e-04,1.206562891602516174e-01
3.899000000000000000e+03,1.085574505850672722e-03,1.209041476249694824e-01
3.900000000000000000e+03,1.413231948390603065e-03,1.256827414035797119e-01
3.901000000000000000e+03,1.750995055772364140e-03,1.281130164861679077e-01
3.902000000000000000e+03,1.898764166980981827e-03,1.307066828012466431e-01
3.903000000000000000e+03,1.748624024912714958e-03,1.285110712051391602e-01
3.904000000000000000e+03,1.359216170385479927e-03,1.255159825086593628e-01
3.905000000000000000e+03,1.010530279017984867e-03,1.213576570153236389e-01
3.906000000000000000e+03,8.863615221343934536e-04,1.191674619913101196e-01
3.907000000000000000e+03,9.729008888825774193e-04,1.219371706247329712e-01
3.908000000000000000e+03,1.183988759294152260e-03,1.244925558567047119e-01
3.909000000000000000e+03,1.441828440874814987e-03,1.282258331775665283e-01
3.910000000000000000e+03,1.618151320144534111e-03,1.283687651157379150e-01
3.911000000000000000e+03,1.572897657752037048e-03,1.276650428771972656e-01
3.912000000000000000e+03,1.347287208773195744e-03,1.241144761443138123e-01
3.913000000000000000e+03,1.079554087482392788e-03,1.216367706656455994e-01
3.914000000000000000e+03,9.157048771157860756e-04,1.202686205506324768e-01
3.915000000000000000e+03,8.800915675237774849e-04,1.214373111724853516e-01
3.916000000000000000e+03,9.322650730609893799e-04,1.245371177792549133e-01
3.917000000000000000e+03,1.045242534019052982e-03,1.258096098899841309e-01
3.918000000000000000e+03,1.169368741102516651e-03,1.267620325088500977e-01
3.919000000000000000e+03,1.239903620444238186e-03,1.249857842922210693e-01
3.920000000000000000e+03,1.220558420754969120e-03,1.239184811711311340e-01
3.921000000000000000e+03,1.148501876741647720e-03,1.218518018722534180e-01
3.922000000000000000e+03,1.061376067809760571e-03,1.224657520651817322e-01
3.923000000000000000e+03,9.845109889283776283e-04,1.229333132505416870e-01
3.924000000000000000e+03,9.216950275003910065e-04,1.243244484066963196e-01
3.925000000000000000e+03,8.806596742942929268e-04,1.244567930698394775e-01
3.926000000000000000e+03,8.626556955277919769e-04,1.238447874784469604e-01
3.927000000000000000e+03,8.628412033431231976e-04,1.230358928442001343e-01
3.928000000000000000e+03,8.761329809203743935e-04,1.221343129873275757e-01
3.929000000000000000e+03,8.989545749500393867e-04,1.227708980441093445e-01
3.930000000000000000e+03,9.273506002500653267e-04,1.229271888732910156e-01
3.931000000000000000e+03,9.559019235894083977e-04,1.240505054593086243e-01
3.932000000000000000e+03,9.829150512814521790e-04,1.239121630787849426e-01
3.933000000000000000e+03,1.003958634100854397e-03,1.242553815245628357e-01
3.934000000000000000e+03,1.018246286548674107e-03,1.231594011187553406e-01
3.935000000000000000e+03,1.022840035147964954e-03,1.234149187803268433e-01
3.936000000000000000e+03,1.025404199026525021e-03,1.226763203740119934e-01
3.937000000000000000e+03,1.026528421789407730e-03,1.236734017729759216e-01
3.938000000000000000e+03,1.030481653288006783e-03,1.233687847852706909e-01
3.939000000000000000e+03,1.032430329360067844e-03,1.240955665707588196e-01
3.940000000000000000e+03,1.036524656228721142e-03,1.234480142593383789e-01
3.941000000000000000e+03,1.038916641846299171e-03,1.239372044801712036e-01
3.942000000000000000e+03,1.043439842760562897e-03,1.231647208333015442e-01
3.943000000000000000e+03,1.047880621626973152e-03,1.238186731934547424e-01
3.944000000000000000e+03,1.059047412127256393e-03,1.231596618890762329e-01
3.945000000000000000e+03,1.072884071618318558e-03,1.240425482392311096e-01
3.946000000000000000e+03,1.094713108614087105e-03,1.234586760401725769e-01
3.947000000000000000e+03,1.119272201322019100e-03,1.243121400475502014e-01
3.948000000000000000e+03,1.153165823780000210e-03,1.235761865973472595e-01
3.949000000000000000e+03,1.188351307064294815e-03,1.244717985391616821e-01
3.950000000000000000e+03,1.234607771039009094e-03,1.236663013696670532e-01
3.951000000000000000e+03,1.282852608710527420e-03,1.246976256370544434e-01
3.952000000000000000e+03,1.346481149084866047e-03,1.238080486655235291e-01
3.953000000000000000e+03,1.410068245604634285e-03,1.250438988208770752e-01
3.954000000000000000e+03,1.491012400947511196e-03,1.242392957210540771e-01
3.955000000000000000e+03,1.563415513373911381e-03,1.255937367677688599e-01
3.956000000000000000e+03,1.644847448915243149e-03,1.246553435921669006e-01
3.957000000000000000e+03,1.696716062724590302e-03,1.258370280265808105e-01
3.958000000000000000e+03,1.742736203595995903e-03,1.247044280171394348e-01
3.959000000000000000e+03,1.741700340062379837e-03,1.257978379726409912e-01
3.960000000000000000e+03,1.725646667182445526e-03,1.246144026517868042e-01
3.961000000000000000e+03,1.657724264077842236e-03,1.256081908941268921e-01
3.962000000000000000e+03,1.574563095346093178e-03,1.244750916957855225e-01
3.963000000000000000e+03,1.453813049010932446e-03,1.251913607120513916e-01
3.964000000000000000e+03,1.330936676822602749e-03,1.240215972065925598e-01
3.965000000000000000e+03,1.201008446514606476e-03,1.243794411420822144e-01
3.966000000000000000e+03,1.089287572540342808e-03,1.234206780791282654e-01
3.967000000000000000e+03,9.953930275514721870e-04,1.237484663724899292e-01
3.968000000000000000e+03,9.266288834623992443e-04,1.233136132359504700e-01
3.969000000000000000e+03,8.794373134151101112e-04,1.235636174678802490e-01
3.970000000000000000e+03,8.517248788848519325e-04,1.234613582491874695e-01
3.971000000000000000e+03,8.395654149353504181e-04,1.234054937958717346e-01
3.972000000000000000e+03,8.394103497266769409e-04,1.234290376305580139e-01
3.973000000000000000e+03,8.480587275698781013e-04,1.231299862265586853e-01
3.974000000000000000e+03,8.629435906186699867e-04,1.234064549207687378e-01
3.975000000000000000e+03,8.825830882415175438e-04,1.231127902865409851e-01
3.976000000000000000e+03,9.058144642040133476e-04,1.236772835254669189e-01
3.977000000000000000e+03,9.332468034699559212e-04,1.232641264796257019e-01
3.978000000000000000e+03,9.639204945415258408e-04,1.238668113946914673e-01
3.979000000000000000e+03,1.000794232822954655e-03,1.232044622302055359e-01
3.980000000000000000e+03,1.042797463014721870e-03,1.239535659551620483e-01
3.981000000000000000e+03,1.097005908377468586e-03,1.232428625226020813e-01
3.982000000000000000e+03,1.161067979410290718e-03,1.243286207318305969e-01
3.983000000000000000e+03,1.247052801772952080e-03,1.236307322978973389e-01
3.984000000000000000e+03,1.346782431937754154e-03,1.249546632170677185e-01
3.985000000000000000e+03,1.477441284805536270e-03,1.241254210472106934e-01
3.986000000000000000e+03,1.617678673937916756e-03,1.255831569433212280e-01
3.987000000000000000e+03,1.791159040294587612e-03,1.246431395411491394e-01
3.988000000000000000e+03,1.952659571543335915e-03,1.263047456741333008e-01
3.989000000000000000e+03,2.130620880052447319e-03,1.253583878278732300e-01
3.990000000000000000e+03,2.243013819679617882e-03,1.269764602184295654e-01
3.991000000000000000e+03,2.320502419024705887e-03,1.257809400558471680e-01
3.992000000000000000e+03,2.266217954456806183e-03,1.269103288650512695e-01
3.993000000000000000e+03,2.138437004759907722e-03,1.253572106361389160e-01
3.994000000000000000e+03,1.890688552521169186e-03,1.258846819400787354e-01
3.995000000000000000e+03,1.616251538507640362e-03,1.242558062076568604e-01
3.996000000000000000e+03,1.329515827819705009e-03,1.244633644819259644e-01
3.997000000000000000e+03,1.098427339456975460e-03,1.233331114053726196e-01
3.998000000000000000e+03,9.356200462207198143e-04,1.234350278973579407e-01
3.999000000000000000e+03,8.502001292072236538e-04,1.232684478163719177e-01
4.000000000000000000e+03,8.315286831930279732e-04,1.232121214270591736e-01
4.001000000000000000e+03,8.638717699795961380e-04,1.238612681627273560e-01
4.002000000000000000e+03,9.296654025092720985e-04,1.235237792134284973e-01
4.003000000000000000e+03,1.010099658742547035e-03,1.244126558303833008e-01
4.004000000000000000e+03,1.091925427317619324e-03,1.237382665276527405e-01
4.005000000000000000e+03,1.156853395514190197e-03,1.245888471603393555e-01
4.006000000000000000e+03,1.204394502565264702e-03,1.237177699804306030e-01
4.007000000000000000e+03,1.220990321598947048e-03,1.245645210146903992e-01
4.008000000000000000e+03,1.219472731463611126e-03,1.236187368631362915e-01
4.009000000000000000e+03,1.192167401313781738e-03,1.243941038846969604e-01
4.010000000000000000e+03,1.156550366431474686e-03,1.234455257654190063e-01
4.011000000000000000e+03,1.108842669054865837e-03,1.240609064698219299e-01
4.012000000000000000e+03,1.063367584720253944e-03,1.232293173670768738e-01
4.013000000000000000e+03,1.017473288811743259e-03,1.237499713897705078e-01
4.014000000000000000e+03,9.789731120690703392e-04,1.231265142560005188e-01
4.015000000000000000e+03,9.448984637856483459e-04,1.236024051904678345e-01
4.016000000000000000e+03,9.180989582091569901e-04,1.230999156832695007e-01
4.017000000000000000e+03,8.960192790254950523e-04,1.234619468450546265e-01
4.018000000000000000e+03,8.793302113190293312e-04,1.230198442935943604e-01
4.019000000000000000e+03,8.662900654599070549e-04,1.232855841517448425e-01
4.020000000000000000e+03,8.569053024984896183e-04,1.229457333683967590e-01
4.021000000000000000e+03,8.500453550368547440e-04,1.231970861554145813e-01
4.022000000000000000e+03,8.455710485577583313e-04,1.229325160384178162e-01
4.023000000000000000e+03,8.428264409303665161e-04,1.231966987252235413e-01
4.024000000000000000e+03,8.418740471825003624e-04,1.229208856821060181e-01
4.025000000000000000e+03,8.424660190939903259e-04,1.231916025280952454e-01
4.026000000000000000e+03,8.450322202406823635e-04,1.228837296366691589e-01
4.027000000000000000e+03,8.497679373249411583e-04,1.232109293341636658e-01
4.028000000000000000e+03,8.578206179663538933e-04,1.228700429201126099e-01
4.029000000000000000e+03,8.700627367943525314e-04,1.233130395412445068e-01
4.030000000000000000e+03,8.891421020962297916e-04,1.228735819458961487e-01
4.031000000000000000e+03,9.172261925414204597e-04,1.235116794705390930e-01
4.032000000000000000e+03,9.606427047401666641e-04,1.229300200939178467e-01
4.033000000000000000e+03,1.024183467961847782e-03,1.238982528448104858e-01
4.034000000000000000e+03,1.122952904552221298e-03,1.231898292899131775e-01
4.035000000000000000e+03,1.265367260202765465e-03,1.246730014681816101e-01
4.036000000000000000e+03,1.485126093029975891e-03,1.239205375313758850e-01
4.037000000000000000e+03,1.786028267815709114e-03,1.260971426963806152e-01
4.038000000000000000e+03,2.227089367806911469e-03,1.254532486200332642e-01
4.039000000000000000e+03,2.754162531346082687e-03,1.282811313867568970e-01
4.040000000000000000e+03,3.415445797145366669e-03,1.275198161602020264e-01
4.041000000000000000e+03,3.963136579841375351e-03,1.304262727499008179e-01
4.042000000000000000e+03,4.379175603389739990e-03,1.284068375825881958e-01
4.043000000000000000e+03,4.244117531925439835e-03,1.299700587987899780e-01
4.044000000000000000e+03,3.704305971041321754e-03,1.273822337388992310e-01
4.045000000000000000e+03,2.692311769351363182e-03,1.271242201328277588e-01
4.046000000000000000e+03,1.699016196653246880e-03,1.245083063840866089e-01
4.047000000000000000e+03,1.015194458886981010e-03,1.232942044734954834e-01
4.048000000000000000e+03,8.325682720169425011e-04,1.225478723645210266e-01
4.049000000000000000e+03,1.077176304534077644e-03,1.222346723079681396e-01
4.050000000000000000e+03,1.554027083329856396e-03,1.264215111732482910e-01
4.051000000000000000e+03,2.057327423244714737e-03,1.277641505002975464e-01
4.052000000000000000e+03,2.264010021463036537e-03,1.311603188514709473e-01
4.053000000000000000e+03,2.049791160970926285e-03,1.289735436439514160e-01
4.054000000000000000e+03,1.494992291554808617e-03,1.264875382184982300e-01
4.055000000000000000e+03,1.004355028271675110e-03,1.227383613586425781e-01
4.056000000000000000e+03,8.350345306098461151e-04,1.196205988526344299e-01
4.057000000000000000e+03,1.002170844003558159e-03,1.215755790472030640e-01
4.058000000000000000e+03,1.364160794764757156e-03,1.235665008425712585e-01
4.059000000000000000e+03,1.726677874103188515e-03,1.285818219184875488e-01
4.060000000000000000e+03,1.912955427542328835e-03,1.293307989835739136e-01
4.061000000000000000e+03,1.735296915285289288e-03,1.296429932117462158e-01
4.062000000000000000e+03,1.323994714766740799e-03,1.257027983665466309e-01
4.063000000000000000e+03,9.412457002326846123e-04,1.215735673904418945e-01
4.064000000000000000e+03,8.208347717300057411e-04,1.195263490080833435e-01
4.065000000000000000e+03,9.595683077350258827e-04,1.195211410522460938e-01
4.066000000000000000e+03,1.225314452312886715e-03,1.253567188978195190e-01
4.067000000000000000e+03,1.525606028735637665e-03,1.280867755413055420e-01
4.068000000000000000e+03,1.687298412434756756e-03,1.304164975881576538e-01
4.069000000000000000e+03,1.579894218593835831e-03,1.278273165225982666e-01
4.070000000000000000e+03,1.246359199285507202e-03,1.241967007517814636e-01
4.071000000000000000e+03,9.377580718137323856e-04,1.199457719922065735e-01
4.072000000000000000e+03,8.234293200075626373e-04,1.186360791325569153e-01
4.073000000000000000e+03,8.791366708464920521e-04,1.218506097793579102e-01
4.074000000000000000e+03,1.038769492879509926e-03,1.248405501246452332e-01
4.075000000000000000e+03,1.248286105692386627e-03,1.281126588582992554e-01
4.076000000000000000e+03,1.397765474393963814e-03,1.272728294134140015e-01
4.077000000000000000e+03,1.370065030641853809e-03,1.260751783847808838e-01
4.078000000000000000e+03,1.204093918204307556e-03,1.224212571978569031e-01
4.079000000000000000e+03,1.006139907985925674e-03,1.212107986211776733e-01
4.080000000000000000e+03,8.728741668164730072e-04,1.209124326705932617e-01
4.081000000000000000e+03,8.125872118398547173e-04,1.224544644355773926e-01
4.082000000000000000e+03,8.149674977175891399e-04,1.245733126997947693e-01
4.083000000000000000e+03,8.681549225002527237e-04,1.248875409364700317e-01
4.084000000000000000e+03,9.416384273208677769e-04,1.248530074954032898e-01
4.085000000000000000e+03,9.970637038350105286e-04,1.229146048426628113e-01
4.086000000000000000e+03,1.018274109810590744e-03,1.227923780679702759e-01
4.087000000000000000e+03,1.017915783450007439e-03,1.218606755137443542e-01
4.088000000000000000e+03,9.994764113798737526e-04,1.234484165906906128e-01
4.089000000000000000e+03,9.703151299618184566e-04,1.236522570252418518e-01
4.090000000000000000e+03,9.308950975537300110e-04,1.244369074702262878e-01
4.091000000000000000e+03,8.895084611140191555e-04,1.235511228442192078e-01
4.092000000000000000e+03,8.502084529027342796e-04,1.229536160826683044e-01
4.093000000000000000e+03,8.188551291823387146e-04,1.220920532941818237e-01
4.094000000000000000e+03,8.002570830285549164e-04,1.221582666039466858e-01
4.095000000000000000e+03,7.932919543236494064e-04,1.226691603660583496e-01
4.096000000000000000e+03,7.939283968880772591e-04,1.231428608298301697e-01
4.097000000000000000e+03,7.997527718544006348e-04,1.235557571053504944e-01
4.098000000000000000e+03,8.105775341391563416e-04,1.231955066323280334e-01
4.099000000000000000e+03,8.233692497014999390e-04,1.232210919260978699e-01
4.100000000000000000e+03,8.359242929145693779e-04,1.225053742527961731e-01
4.101000000000000000e+03,8.484955760650336742e-04,1.229684054851531982e-01
4.102000000000000000e+03,8.632079698145389557e-04,1.226273924112319946e-01
4.103000000000000000e+03,8.780873613432049751e-04,1.234442144632339478e-01
4.104000000000000000e+03,8.946515154093503952e-04,1.230536103248596191e-01
4.105000000000000000e+03,9.121108450926840305e-04,1.236671805381774902e-01
4.106000000000000000e+03,9.325642604380846024e-04,1.229638531804084778e-01
4.107000000000000000e+03,9.528886293992400169e-04,1.236275956034660339e-01
4.108000000000000000e+03,9.787530871108174324e-04,1.228501945734024048e-01
4.109000000000000000e+03,1.008525956422090530e-03,1.237822771072387695e-01
4.110000000000000000e+03,1.049171783961355686e-03,1.230432018637657166e-01
4.111000000000000000e+03,1.095446525141596794e-03,1.242119595408439636e-01
4.112000000000000000e+03,1.157772261649370193e-03,1.234166100621223450e-01
4.113000000000000000e+03,1.225425628945231438e-03,1.246585994958877563e-01
4.114000000000000000e+03,1.310965279117226601e-03,1.236780285835266113e-01
4.115000000000000000e+03,1.396411913447082043e-03,1.250108778476715088e-01
4.116000000000000000e+03,1.502070226706564426e-03,1.238842010498046875e-01
4.117000000000000000e+03,1.597485272213816643e-03,1.254697740077972412e-01
4.118000000000000000e+03,1.708418014459311962e-03,1.243847310543060303e-01
4.119000000000000000e+03,1.784045482054352760e-03,1.260630488395690918e-01
4.120000000000000000e+03,1.851242617703974247e-03,1.248383298516273499e-01
4.121000000000000000e+03,1.845537219196557999e-03,1.261359751224517822e-01
4.122000000000000000e+03,1.805914565920829773e-03,1.246372312307357788e-01
4.123000000000000000e+03,1.687437063083052635e-03,1.255214214324951172e-01
4.124000000000000000e+03,1.546354498714208603e-03,1.240068301558494568e-01
4.125000000000000000e+03,1.368048833683133125e-03,1.247339472174644470e-01
4.126000000000000000e+03,1.201484585180878639e-03,1.235548183321952820e-01
4.127000000000000000e+03,1.046805293299257755e-03,1.240350008010864258e-01
4.128000000000000000e+03,9.271037997677922249e-04,1.232396289706230164e-01
4.129000000000000000e+03,8.428992005065083504e-04,1.233236715197563171e-01
4.130000000000000000e+03,7.958987844176590443e-04,1.230868101119995117e-01
4.131000000000000000e+03,7.803082698956131935e-04,1.229737177491188049e-01
4.132000000000000000e+03,7.890365668572485447e-04,1.233411952853202820e-01
4.133000000000000000e+03,8.149277418851852417e-04,1.231099292635917664e-01
4.134000000000000000e+03,8.512535132467746735e-04,1.237456426024436951e-01
4.135000000000000000e+03,8.931452175602316856e-04,1.231990680098533630e-01
4.136000000000000000e+03,9.345222497358918190e-04,1.238451674580574036e-01
4.137000000000000000e+03,9.754005586728453636e-04,1.230286285281181335e-01
4.138000000000000000e+03,1.010685693472623825e-03,1.238932535052299500e-01
4.139000000000000000e+03,1.046076999045908451e-03,1.230965703725814819e-01
4.140000000000000000e+03,1.075069303624331951e-03,1.241591125726699829e-01
4.141000000000000000e+03,1.106080366298556328e-03,1.233182474970817566e-01
4.142000000000000000e+03,1.129553071223199368e-03,1.242975071072578430e-01
4.143000000000000000e+03,1.156175276264548302e-03,1.232957392930984497e-01
4.144000000000000000e+03,1.175026176497340202e-03,1.242730170488357544e-01
4.145000000000000000e+03,1.200125552713871002e-03,1.232666745781898499e-01
4.146000000000000000e+03,1.218255143612623215e-03,1.244284659624099731e-01
4.147000000000000000e+03,1.244447892531752586e-03,1.234713569283485413e-01
4.148000000000000000e+03,1.261282013729214668e-03,1.246443539857864380e-01
4.149000000000000000e+03,1.283972756937146187e-03,1.235701963305473328e-01
4.150000000000000000e+03,1.293110428377985954e-03,1.246338561177253723e-01
4.151000000000000000e+03,1.306673279032111168e-03,1.235056668519973755e-01
4.152000000000000000e+03,1.305330893956124783e-03,1.246167346835136414e-01
4.153000000000000000e+03,1.308735110796988010e-03,1.235600709915161133e-01
4.154000000000000000e+03,1.296378904953598976e-03,1.246919631958007812e-01
4.155000000000000000e+03,1.286992453970015049e-03,1.236121878027915955e-01
4.156000000000000000e+03,1.261222409084439278e-03,1.246098652482032776e-01
4.157000000000000000e+03,1.237459597177803516e-03,1.234745979309082031e-01
4.158000000000000000e+03,1.200520084239542484e-03,1.243630051612854004e-01
4.159000000000000000e+03,1.167807495221495628e-03,1.233143657445907593e-01
4.160000000000000000e+03,1.127537572756409645e-03,1.241810247302055359e-01
4.161000000000000000e+03,1.093481085263192654e-03,1.232506707310676575e-01
4.162000000000000000e+03,1.056149485521018505e-03,1.240317299962043762e-01
4.163000000000000000e+03,1.025395700708031654e-03,1.231380254030227661e-01
4.164000000000000000e+03,9.943356271833181381e-04,1.238140910863876343e-01
4.165000000000000000e+03,9.700335212983191013e-04,1.229988113045692444e-01
4.166000000000000000e+03,9.474904509261250496e-04,1.236430108547210693e-01
4.167000000000000000e+03,9.314870694652199745e-04,1.229468956589698792e-01
4.168000000000000000e+03,9.179521002806723118e-04,1.235842183232307434e-01
4.169000000000000000e+03,9.102543117478489876e-04,1.229337155818939209e-01
4.170000000000000000e+03,9.050823282450437546e-04,1.235503330826759338e-01
4.171000000000000000e+03,9.055087575688958168e-04,1.228778883814811707e-01
4.172000000000000000e+03,9.089219383895397186e-04,1.235378310084342957e-01
4.173000000000000000e+03,9.189857519231736660e-04,1.228621751070022583e-01
4.174000000000000000e+03,9.333654306828975677e-04,1.236365288496017456e-01
4.175000000000000000e+03,9.570477996021509171e-04,1.229249462485313416e-01
4.176000000000000000e+03,9.874326642602682114e-04,1.238405779004096985e-01
4.177000000000000000e+03,1.032206462696194649e-03,1.230349540710449219e-01
4.178000000000000000e+03,1.087575219571590424e-03,1.241591647267341614e-01
4.179000000000000000e+03,1.166060566902160645e-03,1.232487633824348450e-01
4.180000000000000000e+03,1.259815879166126251e-03,1.246726065874099731e-01
4.181000000000000000e+03,1.388754462823271751e-03,1.236833333969116211e-01
4.182000000000000000e+03,1.532929367385804653e-03,1.254201978445053101e-01
4.183000000000000000e+03,1.719800755381584167e-03,1.243472248315811157e-01
4.184000000000000000e+03,1.901373500004410744e-03,1.262845247983932495e-01
4.185000000000000000e+03,2.109315712004899979e-03,1.250756531953811646e-01
4.186000000000000000e+03,2.251779194921255112e-03,1.269661039113998413e-01
4.187000000000000000e+03,2.365597756579518318e-03,1.254986524581909180e-01
4.188000000000000000e+03,2.333794487640261650e-03,1.269732117652893066e-01
4.189000000000000000e+03,2.221810631453990936e-03,1.252176761627197266e-01
4.190000000000000000e+03,1.960627036169171333e-03,1.260224580764770508e-01
4.191000000000000000e+03,1.658646040596067905e-03,1.241891533136367798e-01
4.192000000000000000e+03,1.328520593233406544e-03,1.244553253054618835e-01
4.193000000000000000e+03,1.058887108229100704e-03,1.230812966823577881e-01
4.194000000000000000e+03,8.704926585778594017e-04,1.231402531266212463e-01
4.195000000000000000e+03,7.776331622153520584e-04,1.229501217603683472e-01
4.196000000000000000e+03,7.673052605241537094e-04,1.228812709450721741e-01
4.197000000000000000e+03,8.186742197722196579e-04,1.238159537315368652e-01
4.198000000000000000e+03,9.082437609322369099e-04,1.234042197465896606e-01
4.199000000000000000e+03,1.009020372293889523e-03,1.245794743299484253e-01
4.200000000000000000e+03,1.102550071664154530e-03,1.236632987856864929e-01
4.201000000000000000e+03,1.162850297987461090e-03,1.245976686477661133e-01
4.202000000000000000e+03,1.192681491374969482e-03,1.234654039144515991e-01
4.203000000000000000e+03,1.178542152047157288e-03,1.243066638708114624e-01
4.204000000000000000e+03,1.141930930316448212e-03,1.232516169548034668e-01
4.205000000000000000e+03,1.079929643310606480e-03,1.240205243229866028e-01
4.206000000000000000e+03,1.014832407236099243e-03,1.230394840240478516e-01
4.207000000000000000e+03,9.472233359701931477e-04,1.235831379890441895e-01
4.208000000000000000e+03,8.894773200154304504e-04,1.227945014834403992e-01
4.209000000000000000e+03,8.412274764850735664e-04,1.231444105505943298e-01
4.210000000000000000e+03,8.055610815063118935e-04,1.227587312459945679e-01
4.211000000000000000e+03,7.803641492500901222e-04,1.229688674211502075e-01
4.212000000000000000e+03,7.643078570254147053e-04,1.228535398840904236e-01
4.213000000000000000e+03,7.552481256425380707e-04,1.228728890419006348e-01
4.214000000000000000e+03,7.515606703236699104e-04,1.228266283869743347e-01
4.215000000000000000e+03,7.518444326706230640e-04,1.226978674530982971e-01
4.216000000000000000e+03,7.550381706096231937e-04,1.227987334132194519e-01
4.217000000000000000e+03,7.605097489431500435e-04,1.226026266813278198e-01
4.218000000000000000e+03,7.680148119106888771e-04,1.229221448302268982e-01
4.219000000000000000e+03,7.779267616569995880e-04,1.226061880588531494e-01
4.220000000000000000e+03,7.906017126515507698e-04,1.230675876140594482e-01
4.221000000000000000e+03,8.075254154391586781e-04,1.225940212607383728e-01
4.222000000000000000e+03,8.296857704408466816e-04,1.232031732797622681e-01
4.223000000000000000e+03,8.608606876805424690e-04,1.226150840520858765e-01
4.224000000000000000e+03,9.030154906213283539e-04,1.234873384237289429e-01
4.225000000000000000e+03,9.645759128034114838e-04,1.227624565362930298e-01
4.226000000000000000e+03,1.048230333253741264e-03,1.240170896053314209e-01
4.227000000000000000e+03,1.171820797026157379e-03,1.231066882610321045e-01
4.228000000000000000e+03,1.335539855062961578e-03,1.248872727155685425e-01
4.229000000000000000e+03,1.573633519001305103e-03,1.238737031817436218e-01
4.230000000000000000e+03,1.866492675617337227e-03,1.262441277503967285e-01
4.231000000000000000e+03,2.263885922729969025e-03,1.252096295356750488e-01
4.232000000000000000e+03,2.672057831659913063e-03,1.279271841049194336e-01
4.233000000000000000e+03,3.129079937934875488e-03,1.265607476234436035e-01
4.234000000000000000e+03,3.400168148800730705e-03,1.290050595998764038e-01
4.235000000000000000e+03,3.520148573443293571e-03,1.268688440322875977e-01
4.236000000000000000e+03,3.225409891456365585e-03,1.281627863645553589e-01
4.237000000000000000e+03,2.700485289096832275e-03,1.257569193840026855e-01
4.238000000000000000e+03,1.954271225258708000e-03,1.257177293300628662e-01
4.239000000000000000e+03,1.297491951845586300e-03,1.234733015298843384e-01
4.240000000000000000e+03,8.740033372305333614e-04,1.228439658880233765e-01
4.241000000000000000e+03,7.596771465614438057e-04,1.226071342825889587e-01
4.242000000000000000e+03,8.996065589599311352e-04,1.224665567278862000e-01
4.243000000000000000e+03,1.185705885291099548e-03,1.254807859659194946e-01
4.244000000000000000e+03,1.505215535871684551e-03,1.256940960884094238e-01
4.245000000000000000e+03,1.692347694188356400e-03,1.281407028436660767e-01
4.246000000000000000e+03,1.670260215178132057e-03,1.262504905462265015e-01
4.247000000000000000e+03,1.416728831827640533e-03,1.254277378320693970e-01
4.248000000000000000e+03,1.099152723327279091e-03,1.227821782231330872e-01
4.249000000000000000e+03,8.543638396076858044e-04,1.215177029371261597e-01
4.250000000000000000e+03,7.579510565847158432e-04,1.218770742416381836e-01
4.251000000000000000e+03,7.986091077327728271e-04,1.225114539265632629e-01
4.252000000000000000e+03,9.312821784988045692e-04,1.248448118567466736e-01
4.253000000000000000e+03,1.095282612368464470e-03,1.249298453330993652e-01
4.254000000000000000e+03,1.208592439070343971e-03,1.256705671548843384e-01
4.255000000000000000e+03,1.233897404745221138e-03,1.237085238099098206e-01
4.256000000000000000e+03,1.161427004262804985e-03,1.236887201666831970e-01
4.257000000000000000e+03,1.048057805746793747e-03,1.221404746174812317e-01
4.258000000000000000e+03,9.252910385839641094e-04,1.231322884559631348e-01
4.259000000000000000e+03,8.271061815321445465e-04,1.231500953435897827e-01
4.260000000000000000e+03,7.645029108971357346e-04,1.234239414334297180e-01
4.261000000000000000e+03,7.424290524795651436e-04,1.233090832829475403e-01
4.262000000000000000e+03,7.541871746070683002e-04,1.224478110671043396e-01
4.263000000000000000e+03,7.878233445808291435e-04,1.227549612522125244e-01
4.264000000000000000e+03,8.320126216858625412e-04,1.222370862960815430e-01
4.265000000000000000e+03,8.764070225879549980e-04,1.234177350997924805e-01
4.266000000000000000e+03,9.166449308395385742e-04,1.231808364391326904e-01
4.267000000000000000e+03,9.430230711586773396e-04,1.240281239151954651e-01
4.268000000000000000e+03,9.560514008626341820e-04,1.230265572667121887e-01
4.269000000000000000e+03,9.503776091150939465e-04,1.234723031520843506e-01
4.270000000000000000e+03,9.355975198559463024e-04,1.223931089043617249e-01
4.271000000000000000e+03,9.119494934566318989e-04,1.232319697737693787e-01
4.272000000000000000e+03,8.887900039553642273e-04,1.226364597678184509e-01
4.273000000000000000e+03,8.641278836876153946e-04,1.233488619327545166e-01
4.274000000000000000e+03,8.422778919339179993e-04,1.227237582206726074e-01
4.275000000000000000e+03,8.217304712161421776e-04,1.230583265423774719e-01
4.276000000000000000e+03,8.050317410379648209e-04,1.224649623036384583e-01
4.277000000000000000e+03,7.910150452516973019e-04,1.228599920868873596e-01
4.278000000000000000e+03,7.807249203324317932e-04,1.225124821066856384e-01
4.279000000000000000e+03,7.730226498097181320e-04,1.229977458715438843e-01
4.280000000000000000e+03,7.677786634303629398e-04,1.226323917508125305e-01
4.281000000000000000e+03,7.640383555553853512e-04,1.229407563805580139e-01
4.282000000000000000e+03,7.621968397870659828e-04,1.225119829177856445e-01
4.283000000000000000e+03,7.618796080350875854e-04,1.228294745087623596e-01
4.284000000000000000e+03,7.634367211721837521e-04,1.225050836801528931e-01
4.285000000000000000e+03,7.668161997571587563e-04,1.229151189327239990e-01
4.286000000000000000e+03,7.729672361165285110e-04,1.225251927971839905e-01
4.287000000000000000e+03,7.821413455531001091e-04,1.230296939611434937e-01
4.288000000000000000e+03,7.963711977936327457e-04,1.225264072418212891e-01
4.289000000000000000e+03,8.166556945070624352e-04,1.232420206069946289e-01
4.290000000000000000e+03,8.470028406009078026e-04,1.226313188672065735e-01
4.291000000000000000e+03,8.891571778804063797e-04,1.235771849751472473e-01
4.292000000000000000e+03,9.520102757960557938e-04,1.227696761488914490e-01
4.293000000000000000e+03,1.038259360939264297e-03,1.240457072854042053e-01
4.294000000000000000e+03,1.166805042885243893e-03,1.230585500597953796e-01
4.295000000000000000e+03,1.337571884505450726e-03,1.249732598662376404e-01
4.296000000000000000e+03,1.586573198437690735e-03,1.239500790834426880e-01
4.297000000000000000e+03,1.888955943286418915e-03,1.264801025390625000e-01
4.298000000000000000e+03,2.291675889864563942e-03,1.253257989883422852e-01
4.299000000000000000e+03,2.687144093215465546e-03,1.280759125947952271e-01
4.300000000000000000e+03,3.109760116785764694e-03,1.264573931694030762e-01
4.301000000000000000e+03,3.320769174024462700e-03,1.288576424121856689e-01
4.302000000000000000e+03,3.369197249412536621e-03,1.266103982925415039e-01
4.303000000000000000e+03,3.018657211214303970e-03,1.278579682111740112e-01
4.304000000000000000e+03,2.469631144776940346e-03,1.254514902830123901e-01
4.305000000000000000e+03,1.755018718540668488e-03,1.253788471221923828e-01
4.306000000000000000e+03,1.161257619969546795e-03,1.232349872589111328e-01
4.307000000000000000e+03,8.103387663140892982e-04,1.226693913340568542e-01
4.308000000000000000e+03,7.472574943676590919e-04,1.227020248770713806e-01
4.309000000000000000e+03,9.078062139451503754e-04,1.226468831300735474e-01
4.310000000000000000e+03,1.186456764116883278e-03,1.256679296493530273e-01
4.311000000000000000e+03,1.478531863540410995e-03,1.256557703018188477e-01
4.312000000000000000e+03,1.630134414881467819e-03,1.278587281703948975e-01
4.313000000000000000e+03,1.583538018167018890e-03,1.257270723581314087e-01
4.314000000000000000e+03,1.334015862084925175e-03,1.249261870980262756e-01
4.315000000000000000e+03,1.041003270074725151e-03,1.224518865346908569e-01
4.316000000000000000e+03,8.226959034800529480e-04,1.215313225984573364e-01
4.317000000000000000e+03,7.368505466729402542e-04,1.221468076109886169e-01
4.318000000000000000e+03,7.707584882155060768e-04,1.227044314146041870e-01
4.319000000000000000e+03,8.867295691743493080e-04,1.247528716921806335e-01
4.320000000000000000e+03,1.031773630529642105e-03,1.245329454541206360e-01
4.321000000000000000e+03,1.135368831455707550e-03,1.250979602336883545e-01
4.322000000000000000e+03,1.167444861494004726e-03,1.232472881674766541e-01
4.323000000000000000e+03,1.117791398428380489e-03,1.235860586166381836e-01
4.324000000000000000e+03,1.030820305459201336e-03,1.223474889993667603e-01
4.325000000000000000e+03,9.257143829017877579e-04,1.235021650791168213e-01
4.326000000000000000e+03,8.329112315550446510e-04,1.231690347194671631e-01
4.327000000000000000e+03,7.635240908712148666e-04,1.233224570751190186e-01
4.328000000000000000e+03,7.272186921909451485e-04,1.228766515851020813e-01
4.329000000000000000e+03,7.229814073070883751e-04,1.221517845988273621e-01
4.330000000000000000e+03,7.430422119796276093e-04,1.225829795002937317e-01
4.331000000000000000e+03,7.773884572088718414e-04,1.222662329673767090e-01
4.332000000000000000e+03,8.171658264473080635e-04,1.234300881624221802e-01
4.333000000000000000e+03,8.574529783800244331e-04,1.231105253100395203e-01
4.334000000000000000e+03,8.894496713764965534e-04,1.237646415829658508e-01
4.335000000000000000e+03,9.117741137742996216e-04,1.227367371320724487e-01
4.336000000000000000e+03,9.189517004415392876e-04,1.232781857252120972e-01
4.337000000000000000e+03,9.188415715470910072e-04,1.223578527569770813e-01
4.338000000000000000e+03,9.097579168155789375e-04,1.234048902988433838e-01
4.339000000000000000e+03,8.997570257633924484e-04,1.226865649223327637e-01
4.340000000000000000e+03,8.846077835187315941e-04,1.234918907284736633e-01
4.341000000000000000e+03,8.698267629370093346e-04,1.226031407713890076e-01
4.342000000000000000e+03,8.533668005838990211e-04,1.231277137994766235e-01
4.343000000000000000e+03,8.403264218941330910e-04,1.224081143736839294e-01
4.344000000000000000e+03,8.286130614578723907e-04,1.230535209178924561e-01
4.345000000000000000e+03,8.212723769247531891e-04,1.225682646036148071e-01
4.346000000000000000e+03,8.157787960954010487e-04,1.232457235455513000e-01
4.347000000000000000e+03,8.140549762174487114e-04,1.225877478718757629e-01
4.348000000000000000e+03,8.141286089085042477e-04,1.231797710061073303e-01
4.349000000000000000e+03,8.183044847100973129e-04,1.224463060498237610e-01
4.350000000000000000e+03,8.249747334048151970e-04,1.231899559497833252e-01
4.351000000000000000e+03,8.373536402359604836e-04,1.225398331880569458e-01
4.352000000000000000e+03,8.540551643818616867e-04,1.233562156558036804e-01
4.353000000000000000e+03,8.795729372650384903e-04,1.226174160838127136e-01
4.354000000000000000e+03,9.120088070631027222e-04,1.235791891813278198e-01
4.355000000000000000e+03,9.590296540409326553e-04,1.227308958768844604e-01
4.356000000000000000e+03,1.017384813167154789e-03,1.240148022770881653e-01
4.357000000000000000e+03,1.099573215469717979e-03,1.230311393737792969e-01
4.358000000000000000e+03,1.197227975353598595e-03,1.246261224150657654e-01
4.359000000000000000e+03,1.330080209299921989e-03,1.234370917081832886e-01
4.360000000000000000e+03,1.476382720284163952e-03,1.253209561109542847e-01
4.361000000000000000e+03,1.664787530899047852e-03,1.240208670496940613e-01
4.362000000000000000e+03,1.843984704464673996e-03,1.261905431747436523e-01
4.363000000000000000e+03,2.048061462119221687e-03,1.248015090823173523e-01
4.364000000000000000e+03,2.178598195314407349e-03,1.268662363290786743e-01
4.365000000000000000e+03,2.275464590638875961e-03,1.251565366983413696e-01
4.366000000000000000e+03,2.220974303781986237e-03,1.267214715480804443e-01
4.367000000000000000e+03,2.088672714307904243e-03,1.247895658016204834e-01
4.368000000000000000e+03,1.816247357055544853e-03,1.257284283638000488e-01
4.369000000000000000e+03,1.514304778538644314e-03,1.238635182380676270e-01
4.370000000000000000e+03,1.197627047076821327e-03,1.242429912090301514e-01
4.371000000000000000e+03,9.481914457865059376e-04,1.229137033224105835e-01
4.372000000000000000e+03,7.843268103897571564e-04,1.229665204882621765e-01
4.373000000000000000e+03,7.148982258513569832e-04,1.228671893477439880e-01
4.374000000000000000e+03,7.245641900226473808e-04,1.227368041872978210e-01
4.375000000000000000e+03,7.904202793724834919e-04,1.238478049635887146e-01
4.376000000000000000e+03,8.878213120624423027e-04,1.233189180493354797e-01
4.377000000000000000e+03,9.871845832094550133e-04,1.246296912431716919e-01
4.378000000000000000e+03,1.070499187335371971e-03,1.234890967607498169e-01
4.379000000000000000e+03,1.111997175030410290e-03,1.244678422808647156e-01
4.380000000000000000e+03,1.119666267186403275e-03,1.231623440980911255e-01
4.381000000000000000e+03,1.084975432604551315e-03,1.240056082606315613e-01
4.382000000000000000e+03,1.032488187775015831e-03,1.229659691452980042e-01
4.383000000000000000e+03,9.623017394915223122e-04,1.236891448497772217e-01
4.384000000000000000e+03,8.947033784352242947e-04,1.228090226650238037e-01
4.385000000000000000e+03,8.315495215356349945e-04,1.232757419347763062e-01
4.386000000000000000e+03,7.816159632056951523e-04,1.225737258791923523e-01
4.387000000000000000e+03,7.442845962941646576e-04,1.228709518909454346e-01
4.388000000000000000e+03,7.198016392067074776e-04,1.226099729537963867e-01
4.389000000000000000e+03,7.059584022499620914e-04,1.227208599448204041e-01
4.390000000000000000e+03,7.007607491686940193e-04,1.228015720844268799e-01
4.391000000000000000e+03,7.020740304142236710e-04,1.225969493389129639e-01
4.392000000000000000e+03,7.080263458192348480e-04,1.228165477514266968e-01
4.393000000000000000e+03,7.173230405896902084e-04,1.224289312958717346e-01
4.394000000000000000e+03,7.292449590750038624e-04,1.228262633085250854e-01
4.395000000000000000e+03,7.440189365297555923e-04,1.224288493394851685e-01
4.396000000000000000e+03,7.615675567649304867e-04,1.230114549398422241e-01
4.397000000000000000e+03,7.835481083020567894e-04,1.224936172366142273e-01
4.398000000000000000e+03,8.099969709292054176e-04,1.232329532504081726e-01
4.399000000000000000e+03,8.449535816907882690e-04,1.224910020828247070e-01
4.400000000000000000e+03,8.883633418008685112e-04,1.235206574201583862e-01
4.401000000000000000e+03,9.485235204920172691e-04,1.226098984479904175e-01
4.402000000000000000e+03,1.023842487484216690e-03,1.240155398845672607e-01
4.403000000000000000e+03,1.129738986492156982e-03,1.229513362050056458e-01
4.404000000000000000e+03,1.258471864275634289e-03,1.247113496065139771e-01
4.405000000000000000e+03,1.436108490452170372e-03,1.234978884458541870e-01
4.406000000000000000e+03,1.636012690141797066e-03,1.256424784660339355e-01
4.407000000000000000e+03,1.895853551104664803e-03,1.243271082639694214e-01
4.408000000000000000e+03,2.142410259693861008e-03,1.267467141151428223e-01
4.409000000000000000e+03,2.416777424514293671e-03,1.252146363258361816e-01
4.410000000000000000e+03,2.573861973360180855e-03,1.274754256010055542e-01
4.411000000000000000e+03,2.662662649527192116e-03,1.255265176296234131e-01
4.412000000000000000e+03,2.520163543522357941e-03,1.270778030157089233e-01
4.413000000000000000e+03,2.256589010357856750e-03,1.249074116349220276e-01
4.414000000000000000e+03,1.823897124268114567e-03,1.255273818969726562e-01
4.415000000000000000e+03,1.390727702528238297e-03,1.235313564538955688e-01
4.416000000000000000e+03,1.014371518976986408e-03,1.235589906573295593e-01
4.417000000000000000e+03,7.825023494660854340e-04,1.225709617137908936e-01
4.418000000000000000e+03,7.024095393717288971e-04,1.224923506379127502e-01
4.419000000000000000e+03,7.487922557629644871e-04,1.234267577528953552e-01
4.420000000000000000e+03,8.782028453424572945e-04,1.232236698269844055e-01
4.421000000000000000e+03,1.037671929225325584e-03,1.251645088195800781e-01
4.422000000000000000e+03,1.181889791041612625e-03,1.241794526576995850e-01
4.423000000000000000e+03,1.250049448572099209e-03,1.254463493824005127e-01
4.424000000000000000e+03,1.238489756360650063e-03,1.236455813050270081e-01
4.425000000000000000e+03,1.141690183430910110e-03,1.240969300270080566e-01
4.426000000000000000e+03,1.014635199680924416e-03,1.227322816848754883e-01
4.427000000000000000e+03,8.832222083583474159e-04,1.230784058570861816e-01
4.428000000000000000e+03,7.814482087269425392e-04,1.226971670985221863e-01
4.429000000000000000e+03,7.176962099038064480e-04,1.228557303547859192e-01
4.430000000000000000e+03,6.941852625459432602e-04,1.229337677359580994e-01
4.431000000000000000e+03,7.039365591481328011e-04,1.226969137787818909e-01
4.432000000000000000e+03,7.360496092587709427e-04,1.230908557772636414e-01
4.433000000000000000e+03,7.799756713211536407e-04,1.225803792476654053e-01
4.434000000000000000e+03,8.258674060925841331e-04,1.234841197729110718e-01
4.435000000000000000e+03,8.699043537490069866e-04,1.227631494402885437e-01
4.436000000000000000e+03,9.034365648403763771e-04,1.238141208887100220e-01
4.437000000000000000e+03,9.282344253733754158e-04,1.227520033717155457e-01
4.438000000000000000e+03,9.369709878228604794e-04,1.236538812518119812e-01
4.439000000000000000e+03,9.384710574522614479e-04,1.225692853331565857e-01
4.440000000000000000e+03,9.289194131270051003e-04,1.234490945935249329e-01
4.441000000000000000e+03,9.189978591166436672e-04,1.226005852222442627e-01
4.442000000000000000e+03,9.039500728249549866e-04,1.234559118747711182e-01
4.443000000000000000e+03,8.917276281863451004e-04,1.226631626486778259e-01
4.444000000000000000e+03,8.773882873356342316e-04,1.234482228755950928e-01
4.445000000000000000e+03,8.672480471432209015e-04,1.225616261363029480e-01
4.446000000000000000e+03,8.570948848500847816e-04,1.233735531568527222e-01
4.447000000000000000e+03,8.520031115040183067e-04,1.225083544850349426e-01
4.448000000000000000e+03,8.479710668325424194e-04,1.233682930469512939e-01
4.449000000000000000e+03,8.494523353874683380e-04,1.225427985191345215e-01
4.450000000000000000e+03,8.527990430593490601e-04,1.233635842800140381e-01
4.451000000000000000e+03,8.628473151475191116e-04,1.225401759147644043e-01
4.452000000000000000e+03,8.760212222114205360e-04,1.234194040298461914e-01
4.453000000000000000e+03,8.984798914752900600e-04,1.225725114345550537e-01
4.454000000000000000e+03,9.261564118787646294e-04,1.236416921019554138e-01
4.455000000000000000e+03,9.677634225226938725e-04,1.226956248283386230e-01
4.456000000000000000e+03,1.017277827486395836e-03,1.240148246288299561e-01
4.457000000000000000e+03,1.087427837774157524e-03,1.229047402739524841e-01
4.458000000000000000e+03,1.167063834145665169e-03,1.244868114590644836e-01
4.459000000000000000e+03,1.274980022571980953e-03,1.232381388545036316e-01
4.460000000000000000e+03,1.388778910040855408e-03,1.250789612531661987e-01
4.461000000000000000e+03,1.534732291474938393e-03,1.237243041396141052e-01
4.462000000000000000e+03,1.668222714215517044e-03,1.257298588752746582e-01
4.463000000000000000e+03,1.822100952267646790e-03,1.242485195398330688e-01
4.464000000000000000e+03,1.920718583278357983e-03,1.262379735708236694e-01
4.465000000000000000e+03,2.004562877118587494e-03,1.245781183242797852e-01
4.466000000000000000e+03,1.980573637410998344e-03,1.262671947479248047e-01
4.467000000000000000e+03,1.907440368086099625e-03,1.244322136044502258e-01
4.468000000000000000e+03,1.721009379252791405e-03,1.255955696105957031e-01
4.469000000000000000e+03,1.503318082541227341e-03,1.237689182162284851e-01
4.470000000000000000e+03,1.247183536179363728e-03,1.244141161441802979e-01
4.471000000000000000e+03,1.023378921672701836e-03,1.229749545454978943e-01
4.472000000000000000e+03,8.450347231701016426e-04,1.232833266258239746e-01
4.473000000000000000e+03,7.340144366025924683e-04,1.227244958281517029e-01
4.474000000000000000e+03,6.862222217023372650e-04,1.227583438158035278e-01
4.475000000000000000e+03,6.912828539498150349e-04,1.231951564550399780e-01
4.476000000000000000e+03,7.343736942857503891e-04,1.228265985846519470e-01
4.477000000000000000e+03,7.991904276423156261e-04,1.238314434885978699e-01
4.478000000000000000e+03,8.721452904865145683e-04,1.229796260595321655e-01
4.479000000000000000e+03,9.364250581711530685e-04,1.241094395518302917e-01
4.480000000000000000e+03,9.888163767755031586e-04,1.229852437973022461e-01
4.481000000000000000e+03,1.016185618937015533e-03,1.240823119878768921e-01
4.482000000000000000e+03,1.028507016599178314e-03,1.229554191231727600e-01
4.483000000000000000e+03,1.016671769320964813e-03,1.239338293671607971e-01
4.484000000000000000e+03,9.964165510609745979e-04,1.228628531098365784e-01
4.485000000000000000e+03,9.615122107788920403e-04,1.237110644578933716e-01
4.486000000000000000e+03,9.266005363315343857e-04,1.227050051093101501e-01
4.487000000000000000e+03,8.874391787685453892e-04,1.234945058822631836e-01
4.488000000000000000e+03,8.535728557035326958e-04,1.226019784808158875e-01
4.489000000000000000e+03,8.212716784328222275e-04,1.233165115118026733e-01
4.490000000000000000e+03,7.951915031298995018e-04,1.225531771779060364e-01
4.491000000000000000e+03,7.723823073320090771e-04,1.231194287538528442e-01
4.492000000000000000e+03,7.549219299107789993e-04,1.225001662969589233e-01
4.493000000000000000e+03,7.407713565044105053e-04,1.229413375258445740e-01
4.494000000000000000e+03,7.307352498173713684e-04,1.224656105041503906e-01
4.495000000000000000e+03,7.232983480207622051e-04,1.228642091155052185e-01
4.496000000000000000e+03,7.188448216766119003e-04,1.224471777677536011e-01
4.497000000000000000e+03,7.164303679019212723e-04,1.228664815425872803e-01
4.498000000000000000e+03,7.166679715737700462e-04,1.224146485328674316e-01
4.499000000000000000e+03,7.191040785983204842e-04,1.229039132595062256e-01
4.500000000000000000e+03,7.247787434607744217e-04,1.223816424608230591e-01
4.501000000000000000e+03,7.336924900300800800e-04,1.229790449142456055e-01
4.502000000000000000e+03,7.479911437258124352e-04,1.223741397261619568e-01
4.503000000000000000e+03,7.683819858357310295e-04,1.231300756335258484e-01
4.504000000000000000e+03,7.994522457011044025e-04,1.224065348505973816e-01
4.505000000000000000e+03,8.428914006799459457e-04,1.234270334243774414e-01
4.506000000000000000e+03,9.085967903956770897e-04,1.225338429212570190e-01
4.507000000000000000e+03,9.990839753299951553e-04,1.239932253956794739e-01
4.508000000000000000e+03,1.135529950261116028e-03,1.229001209139823914e-01
4.509000000000000000e+03,1.316904439590871334e-03,1.249840557575225830e-01
4.510000000000000000e+03,1.583516830578446388e-03,1.237316206097602844e-01
4.511000000000000000e+03,1.907589030452072620e-03,1.264831125736236572e-01
4.512000000000000000e+03,2.345744054764509201e-03,1.250599473714828491e-01
4.513000000000000000e+03,2.777475863695144653e-03,1.281561404466629028e-01
4.514000000000000000e+03,3.247786313295364380e-03,1.261814981698989868e-01
4.515000000000000000e+03,3.480559214949607849e-03,1.288745552301406860e-01
4.516000000000000000e+03,3.536840667948126793e-03,1.262632012367248535e-01
4.517000000000000000e+03,3.138506319373846054e-03,1.276567876338958740e-01
4.518000000000000000e+03,2.521255053579807281e-03,1.252308189868927002e-01
4.519000000000000000e+03,1.721525215543806553e-03,1.251974850893020630e-01
4.520000000000000000e+03,1.075049978680908680e-03,1.231430247426033020e-01
4.521000000000000000e+03,7.280131103470921516e-04,1.225589215755462646e-01
4.522000000000000000e+03,7.212576456367969513e-04,1.226806938648223877e-01
4.523000000000000000e+03,9.575470467098057270e-04,1.227236241102218628e-01
4.524000000000000000e+03,1.286057056859135628e-03,1.259727030992507935e-01
4.525000000000000000e+03,1.579915755428373814e-03,1.258642226457595825e-01
4.526000000000000000e+03,1.664635958150029182e-03,1.281812340021133423e-01
4.527000000000000000e+03,1.514551346190273762e-03,1.254413872957229614e-01
4.528000000000000000e+03,1.175891840830445290e-03,1.244893148541450500e-01
4.529000000000000000e+03,8.569554775021970272e-04,1.216952800750732422e-01
4.530000000000000000e+03,6.941186147741973400e-04,1.208181008696556091e-01
4.531000000000000000e+03,7.095866021700203419e-04,1.226020753383636475e-01
4.532000000000000000e+03,8.499401155859231949e-04,1.229951828718185425e-01
4.533000000000000000e+03,1.036528032273054123e-03,1.260381489992141724e-01
4.534000000000000000e+03,1.186334760859608650e-03,1.250765770673751831e-01
4.535000000000000000e+03,1.212255097925662994e-03,1.253418624401092529e-01
4.536000000000000000e+03,1.125127775594592094e-03,1.227792426943778992e-01
4.537000000000000000e+03,9.701250237412750721e-04,1.223638430237770081e-01
4.538000000000000000e+03,8.257439476437866688e-04,1.218641325831413269e-01
4.539000000000000000e+03,7.206388982012867928e-04,1.226633191108703613e-01
4.540000000000000000e+03,6.723638507537543774e-04,1.234102100133895874e-01
4.541000000000000000e+03,6.799978436902165413e-04,1.232688575983047485e-01
4.542000000000000000e+03,7.255853852257132530e-04,1.232510879635810852e-01
4.543000000000000000e+03,7.844457286410033703e-04,1.221725866198539734e-01
4.544000000000000000e+03,8.358414052054286003e-04,1.228404119610786438e-01
4.545000000000000000e+03,8.736758027225732803e-04,1.222601383924484253e-01
4.546000000000000000e+03,8.892485639080405235e-04,1.238555014133453369e-01
4.547000000000000000e+03,8.884035050868988037e-04,1.231551542878150940e-01
4.548000000000000000e+03,8.642069296911358833e-04,1.238742545247077942e-01
4.549000000000000000e+03,8.260473841801285744e-04,1.223622709512710571e-01
4.550000000000000000e+03,7.795416750013828278e-04,1.226249933242797852e-01
4.551000000000000000e+03,7.382798939943313599e-04,1.219939962029457092e-01
4.552000000000000000e+03,7.057021139189600945e-04,1.225306168198585510e-01
4.553000000000000000e+03,6.832617800682783127e-04,1.226299703121185303e-01
4.554000000000000000e+03,6.688912399113178253e-04,1.226927563548088074e-01
4.555000000000000000e+03,6.613709847442805767e-04,1.226199343800544739e-01
4.556000000000000000e+03,6.595869781449437141e-04,1.223016083240509033e-01
4.557000000000000000e+03,6.623435183428227901e-04,1.223566457629203796e-01
4.558000000000000000e+03,6.685510743409395218e-04,1.222481578588485718e-01
4.559000000000000000e+03,6.771928165107965469e-04,1.226920634508132935e-01
4.560000000000000000e+03,6.875137914903461933e-04,1.224922463297843933e-01
4.561000000000000000e+03,6.990268593654036522e-04,1.228843927383422852e-01
4.562000000000000000e+03,7.126496639102697372e-04,1.222653910517692566e-01
4.563000000000000000e+03,7.281830185092985630e-04,1.228954419493675232e-01
4.564000000000000000e+03,7.475498132407665253e-04,1.222091764211654663e-01
4.565000000000000000e+03,7.707306649535894394e-04,1.231826916337013245e-01
4.566000000000000000e+03,8.017505169846117496e-04,1.223801076412200928e-01
4.567000000000000000e+03,8.395079639740288258e-04,1.235131025314331055e-01
4.568000000000000000e+03,8.912550983950495720e-04,1.225602403283119202e-01
4.569000000000000000e+03,9.541050530970096588e-04,1.238909736275672913e-01
4.570000000000000000e+03,1.040334696881473064e-03,1.228062808513641357e-01
4.571000000000000000e+03,1.141344779171049595e-03,1.244799941778182983e-01
4.572000000000000000e+03,1.278183888643980026e-03,1.232239305973052979e-01
4.573000000000000000e+03,1.427329843863844872e-03,1.252663284540176392e-01
4.574000000000000000e+03,1.618881709873676300e-03,1.237944960594177246e-01
4.575000000000000000e+03,1.797142205759882927e-03,1.261711269617080688e-01
4.576000000000000000e+03,1.998361665755510330e-03,1.245569586753845215e-01
4.577000000000000000e+03,2.119125798344612122e-03,1.268076896667480469e-01
4.578000000000000000e+03,2.202937146648764610e-03,1.248604133725166321e-01
4.579000000000000000e+03,2.131929621100425720e-03,1.265150308609008789e-01
4.580000000000000000e+03,1.985997427254915237e-03,1.244577318429946899e-01
4.581000000000000000e+03,1.706125680357217789e-03,1.254487782716751099e-01
4.582000000000000000e+03,1.404703361913561821e-03,1.236068010330200195e-01
4.583000000000000000e+03,1.096668653190135956e-03,1.240436956286430359e-01
4.584000000000000000e+03,8.605737239122390747e-04,1.227901056408882141e-01
4.585000000000000000e+03,7.131691090762615204e-04,1.229116469621658325e-01
4.586000000000000000e+03,6.596184684894979000e-04,1.227866485714912415e-01
4.587000000000000000e+03,6.818519323132932186e-04,1.226945742964744568e-01
4.588000000000000000e+03,7.547035347670316696e-04,1.237744987010955811e-01
4.589000000000000000e+03,8.534888038411736488e-04,1.231783404946327209e-01
4.590000000000000000e+03,9.487280622124671936e-04,1.246054172515869141e-01
4.591000000000000000e+03,1.024452270939946175e-03,1.232598498463630676e-01
4.592000000000000000e+03,1.054854481481015682e-03,1.244874745607376099e-01
4.593000000000000000e+03,1.049526501446962357e-03,1.229265555739402771e-01
4.594000000000000000e+03,1.002726727165281773e-03,1.239431872963905334e-01
4.595000000000000000e+03,9.410062921233475208e-04,1.227740123867988586e-01
4.596000000000000000e+03,8.675518911331892014e-04,1.234430894255638123e-01
4.597000000000000000e+03,8.009112789295613766e-04,1.226820871233940125e-01
4.598000000000000000e+03,7.427863311022520065e-04,1.229511499404907227e-01
4.599000000000000000e+03,6.993588176555931568e-04,1.225264072418212891e-01
4.600000000000000000e+03,6.699494551867246628e-04,1.226649731397628784e-01
4.601000000000000000e+03,6.538871675729751587e-04,1.225885972380638123e-01
4.602000000000000000e+03,6.487191421911120415e-04,1.226250007748603821e-01
4.603000000000000000e+03,6.517419824376702309e-04,1.227165833115577698e-01
4.604000000000000000e+03,6.604066584259271622e-04,1.224784851074218750e-01
4.605000000000000000e+03,6.727712461724877357e-04,1.227624416351318359e-01
4.606000000000000000e+03,6.880386499688029289e-04,1.222978383302688599e-01
4.607000000000000000e+03,7.055500755086541176e-04,1.229325085878372192e-01
4.608000000000000000e+03,7.263218285515904427e-04,1.223146095871925354e-01
4.609000000000000000e+03,7.497048354707658291e-04,1.232097446918487549e-01
4.610000000000000000e+03,7.784230983816087246e-04,1.223789900541305542e-01
4.611000000000000000e+03,8.112011710181832314e-04,1.234097480773925781e-01
4.612000000000000000e+03,8.539137197658419609e-04,1.224209666252136230e-01
4.613000000000000000e+03,9.042262099683284760e-04,1.236876323819160461e-01
4.614000000000000000e+03,9.730069432407617569e-04,1.226244121789932251e-01
4.615000000000000000e+03,1.053800340741872787e-03,1.241815909743309021e-01
4.616000000000000000e+03,1.164237619377672672e-03,1.229637488722801208e-01
4.617000000000000000e+03,1.287491759285330772e-03,1.248365268111228943e-01
4.618000000000000000e+03,1.450625481083989143e-03,1.234303787350654602e-01
4.619000000000000000e+03,1.614559907466173172e-03,1.256453990936279297e-01
4.620000000000000000e+03,1.815663999877870083e-03,1.240777224302291870e-01
4.621000000000000000e+03,1.974701182916760445e-03,1.264182478189468384e-01
4.622000000000000000e+03,2.133689355105161667e-03,1.246095746755599976e-01
4.623000000000000000e+03,2.174407709389925003e-03,1.266507059335708618e-01
4.624000000000000000e+03,2.156958216801285744e-03,1.246163547039031982e-01
4.625000000000000000e+03,1.979237655177712440e-03,1.260209083557128906e-01
4.626000000000000000e+03,1.740667503327131271e-03,1.240220144391059875e-01
4.627000000000000000e+03,1.418208237737417221e-03,1.247376054525375366e-01
4.628000000000000000e+03,1.119160559028387070e-03,1.230858191847801208e-01
4.629000000000000000e+03,8.694186108186841011e-04,1.233712211251258850e-01
4.630000000000000000e+03,7.136550266295671463e-04,1.225828826427459717e-01
4.631000000000000000e+03,6.513686385005712509e-04,1.226740851998329163e-01
4.632000000000000000e+03,6.671427981927990913e-04,1.231309846043586731e-01
4.633000000000000000e+03,7.361694006249308586e-04,1.228668540716171265e-01
4.634000000000000000e+03,8.308480028063058853e-04,1.241490691900253296e-01
4.635000000000000000e+03,9.292781469412147999e-04,1.231929659843444824e-01
4.636000000000000000e+03,1.001987024210393429e-03,1.245925650000572205e-01
4.637000000000000000e+03,1.043434953317046165e-03,1.230742484331130981e-01
4.638000000000000000e+03,1.035726279951632023e-03,1.243102625012397766e-01
4.639000000000000000e+03,9.982131887227296829e-04,1.228255182504653931e-01
4.640000000000000000e+03,9.312586043961346149e-04,1.237416714429855347e-01
4.641000000000000000e+03,8.603403693996369839e-04,1.226643621921539307e-01
4.642000000000000000e+03,7.899677148088812828e-04,1.231438145041465759e-01
4.643000000000000000e+03,7.327855564653873444e-04,1.225651949644088745e-01
4.644000000000000000e+03,6.890342338010668755e-04,1.227423250675201416e-01
4.645000000000000000e+03,6.601245841011404991e-04,1.225951313972473145e-01
4.646000000000000000e+03,6.440484430640935898e-04,1.226057037711143494e-01
4.647000000000000000e+03,6.388355977833271027e-04,1.226796060800552368e-01
4.648000000000000000e+03,6.421038415282964706e-04,1.225143074989318848e-01
4.649000000000000000e+03,6.514558335766196251e-04,1.227181628346443176e-01
4.650000000000000000e+03,6.649259012192487717e-04,1.223854795098304749e-01
4.651000000000000000e+03,6.809948245063424110e-04,1.228295713663101196e-01
4.652000000000000000e+03,6.997063755989074707e-04,1.223339140415191650e-01
4.653000000000000000e+03,7.205448346212506294e-04,1.230556741356849670e-01
4.654000000000000000e+03,7.457425817847251892e-04,1.223321333527565002e-01
4.655000000000000000e+03,7.745331386104226112e-04,1.233108565211296082e-01
4.656000000000000000e+03,8.114849915727972984e-04,1.223691552877426147e-01
4.657000000000000000e+03,8.546760072931647301e-04,1.236203014850616455e-01
4.658000000000000000e+03,9.126391960307955742e-04,1.225187852978706360e-01
4.659000000000000000e+03,9.808037430047988892e-04,1.240401640534400940e-01
4.660000000000000000e+03,1.074023894034326077e-03,1.227944195270538330e-01
4.661000000000000000e+03,1.180543331429362297e-03,1.245949715375900269e-01
4.662000000000000000e+03,1.324115204624831676e-03,1.232169270515441895e-01
4.663000000000000000e+03,1.476004370488226414e-03,1.253268718719482422e-01
4.664000000000000000e+03,1.670152531005442142e-03,1.238241791725158691e-01
4.665000000000000000e+03,1.843707403168082237e-03,1.261322200298309326e-01
4.666000000000000000e+03,2.037984551861882210e-03,1.244265958666801453e-01
4.667000000000000000e+03,2.144442172721028328e-03,1.266347169876098633e-01
4.668000000000000000e+03,2.215299522504210472e-03,1.246806010603904724e-01
4.669000000000000000e+03,2.127797575667500496e-03,1.264087408781051636e-01
4.670000000000000000e+03,1.966960262507200241e-03,1.243483498692512512e-01
4.671000000000000000e+03,1.672164653427898884e-03,1.253485828638076782e-01
4.672000000000000000e+03,1.359737478196620941e-03,1.234611943364143372e-01
4.673000000000000000e+03,1.048541045747697353e-03,1.238732337951660156e-01
4.674000000000000000e+03,8.167651249095797539e-04,1.226344406604766846e-01
4.675000000000000000e+03,6.801547715440392494e-04,1.227995231747627258e-01
4.676000000000000000e+03,6.399120320565998554e-04,1.227949261665344238e-01
4.677000000000000000e+03,6.749474559910595417e-04,1.227260828018188477e-01
4.678000000000000000e+03,7.572419708594679832e-04,1.238213852047920227e-01
4.679000000000000000e+03,8.605372859165072441e-04,1.231469511985778809e-01
4.680000000000000000e+03,9.536655852571129799e-04,1.245775446295738220e-01
4.681000000000000000e+03,1.022967393510043621e-03,1.231657415628433228e-01
4.682000000000000000e+03,1.043426454998552799e-03,1.245093792676925659e-01
4.683000000000000000e+03,1.027229707688093185e-03,1.228798627853393555e-01
4.684000000000000000e+03,9.697254281491041183e-04,1.239974051713943481e-01
4.685000000000000000e+03,8.983670268207788467e-04,1.226801946759223938e-01
4.686000000000000000e+03,8.193119429051876068e-04,1.233487725257873535e-01
4.687000000000000000e+03,7.513201562687754631e-04,1.225557774305343628e-01
4.688000000000000000e+03,6.971486145630478859e-04,1.227920949459075928e-01
4.689000000000000000e+03,6.605138769373297691e-04,1.225830316543579102e-01
4.690000000000000000e+03,6.391878123395144939e-04,1.225576475262641907e-01
4.691000000000000000e+03,6.307620787993073463e-04,1.227331608533859253e-01
4.692000000000000000e+03,6.324336281977593899e-04,1.224927902221679688e-01
4.693000000000000000e+03,6.416823016479611397e-04,1.228016316890716553e-01
4.694000000000000000e+03,6.563885253854095936e-04,1.223865523934364319e-01
4.695000000000000000e+03,6.745753926225006580e-04,1.228488013148307800e-01
4.696000000000000000e+03,6.956320139579474926e-04,1.223405674099922180e-01
4.697000000000000000e+03,7.182702538557350636e-04,1.230340898036956787e-01
4.698000000000000000e+03,7.444178918376564980e-04,1.223661825060844421e-01
4.699000000000000000e+03,7.728212513029575348e-04,1.232896074652671814e-01
4.700000000000000000e+03,8.081908454187214375e-04,1.223890110850334167e-01
4.701000000000000000e+03,8.480432443320751190e-04,1.236002743244171143e-01
4.702000000000000000e+03,9.006308391690254211e-04,1.224931851029396057e-01
4.703000000000000000e+03,9.604256483726203442e-04,1.240213438868522644e-01
4.704000000000000000e+03,1.040803268551826477e-03,1.227329522371292114e-01
4.705000000000000000e+03,1.129618380218744278e-03,1.245279759168624878e-01
4.706000000000000000e+03,1.247493899427354336e-03,1.230796575546264648e-01
4.707000000000000000e+03,1.368951983749866486e-03,1.251090019941329956e-01
4.708000000000000000e+03,1.523589133284986019e-03,1.235623061656951904e-01
4.709000000000000000e+03,1.661143265664577484e-03,1.257325112819671631e-01
4.710000000000000000e+03,1.819379627704620361e-03,1.240734606981277466e-01
4.711000000000000000e+03,1.914524473249912262e-03,1.261628866195678711e-01
4.712000000000000000e+03,1.993702724575996399e-03,1.243471801280975342e-01
4.713000000000000000e+03,1.955958548933267593e-03,1.260943263769149780e-01
4.714000000000000000e+03,1.868631457909941673e-03,1.241886615753173828e-01
4.715000000000000000e+03,1.663129427470266819e-03,1.253954023122787476e-01
4.716000000000000000e+03,1.429202733561396599e-03,1.235684826970100403e-01
4.717000000000000000e+03,1.160862855613231659e-03,1.242546811699867249e-01
4.718000000000000000e+03,9.326023282483220100e-04,1.228083446621894836e-01
4.719000000000000000e+03,7.594669004902243614e-04,1.231894418597221375e-01
4.720000000000000000e+03,6.610514828935265541e-04,1.225810423493385315e-01
4.721000000000000000e+03,6.302266265265643597e-04,1.227229535579681396e-01
4.722000000000000000e+03,6.520233582705259323e-04,1.231284216046333313e-01
4.723000000000000000e+03,7.083882228471338749e-04,1.227976828813552856e-01
4.724000000000000000e+03,7.806480862200260162e-04,1.238722801208496094e-01
4.725000000000000000e+03,8.557835826650261879e-04,1.228897124528884888e-01
4.726000000000000000e+03,9.151531266979873180e-04,1.242557391524314880e-01
4.727000000000000000e+03,9.571300470270216465e-04,1.228344514966011047e-01
4.728000000000000000e+03,9.673283202573657036e-04,1.242450475692749023e-01
4.729000000000000000e+03,9.577987366355955601e-04,1.227597966790199280e-01
4.730000000000000000e+03,9.227449190802872181e-04,1.239227876067161560e-01
4.731000000000000000e+03,8.802048396319150925e-04,1.226362660527229309e-01
4.732000000000000000e+03,8.294286089949309826e-04,1.234251260757446289e-01
4.733000000000000000e+03,7.835740689188241959e-04,1.225394606590270996e-01
4.734000000000000000e+03,7.411774713546037674e-04,1.230430230498313904e-01
4.735000000000000000e+03,7.071149302646517754e-04,1.225497424602508545e-01
4.736000000000000000e+03,6.790522020310163498e-04,1.228388100862503052e-01
4.737000000000000000e+03,6.577710155397653580e-04,1.225253790616989136e-01
4.738000000000000000e+03,6.418119883164763451e-04,1.226786822080612183e-01
4.739000000000000000e+03,6.308241281658411026e-04,1.224397271871566772e-01
4.740000000000000000e+03,6.237797206267714500e-04,1.225746199488639832e-01
4.741000000000000000e+03,6.198056507855653763e-04,1.224153637886047363e-01
4.742000000000000000e+03,6.179436459206044674e-04,1.225301399827003479e-01
4.743000000000000000e+03,6.174001027829945087e-04,1.224435716867446899e-01
4.744000000000000000e+03,6.176576716825366020e-04,1.224585622549057007e-01
4.745000000000000000e+03,6.184813100844621658e-04,1.224837303161621094e-01
4.746000000000000000e+03,6.199123454280197620e-04,1.223689094185829163e-01
4.747000000000000000e+03,6.221561925485730171e-04,1.225683614611625671e-01
4.748000000000000000e+03,6.255651824176311493e-04,1.223002001643180847e-01
4.749000000000000000e+03,6.305256392806768417e-04,1.226779073476791382e-01
4.750000000000000000e+03,6.377832032740116119e-04,1.222339048981666565e-01
4.751000000000000000e+03,6.481458549387753010e-04,1.228033900260925293e-01
4.752000000000000000e+03,6.635719910264015198e-04,1.221914142370223999e-01
4.753000000000000000e+03,6.860559224151074886e-04,1.230144202709197998e-01
4.754000000000000000e+03,7.207504240795969963e-04,1.222216486930847168e-01
4.755000000000000000e+03,7.720731082372367382e-04,1.234088614583015442e-01
4.756000000000000000e+03,8.529855404049158096e-04,1.223888471722602844e-01
4.757000000000000000e+03,9.715532651171088219e-04,1.241573393344879150e-01
4.758000000000000000e+03,1.158935716375708580e-03,1.229015812277793884e-01
4.759000000000000000e+03,1.421683584339916706e-03,1.255314946174621582e-01
4.760000000000000000e+03,1.823775586672127247e-03,1.240925118327140808e-01
4.761000000000000000e+03,2.327298047021031380e-03,1.276398897171020508e-01
4.762000000000000000e+03,3.017646493390202522e-03,1.257704049348831177e-01
4.763000000000000000e+03,3.676588879898190498e-03,1.297167986631393433e-01
4.764000000000000000e+03,4.352174233645200729e-03,1.264899969100952148e-01
4.765000000000000000e+03,4.550013225525617599e-03,1.296335607767105103e-01
4.766000000000000000e+03,4.390013404190540314e-03,1.264618039131164551e-01
4.767000000000000000e+03,3.485868219286203384e-03,1.274509727954864502e-01
4.768000000000000000e+03,2.340069040656089783e-03,1.252945065498352051e-01
4.769000000000000000e+03,1.229154062457382679e-03,1.240244954824447632e-01
4.770000000000000000e+03,6.697365315631031990e-04,1.227964535355567932e-01
4.771000000000000000e+03,7.689514895901083946e-04,1.218773573637008667e-01
4.772000000000000000e+03,1.302632503211498260e-03,1.249487325549125671e-01
4.773000000000000000e+03,1.909961341880261898e-03,1.260724216699600220e-01
4.774000000000000000e+03,2.147618914023041725e-03,1.299597322940826416e-01
4.775000000000000000e+03,1.915322733111679554e-03,1.275003552436828613e-01
4.776000000000000000e+03,1.304152072407305241e-03,1.263795047998428345e-01
4.777000000000000000e+03,7.913750596344470978e-04,1.223583072423934937e-01
4.778000000000000000e+03,6.784473080188035965e-04,1.201933845877647400e-01
4.779000000000000000e+03,9.196118335239589214e-04,1.218485310673713684e-01
4.780000000000000000e+03,1.291945227421820164e-03,1.232373118400573730e-01
4.781000000000000000e+03,1.545275095850229263e-03,1.289099007844924927e-01
4.782000000000000000e+03,1.559517928399145603e-03,1.280557662248611450e-01
4.783000000000000000e+03,1.263007055968046188e-03,1.280380934476852417e-01
4.784000000000000000e+03,8.742678910493850708e-04,1.231363564729690552e-01
4.785000000000000000e+03,6.677268538624048233e-04,1.199853643774986267e-01
4.786000000000000000e+03,7.326221093535423279e-04,1.204229295253753662e-01
4.787000000000000000e+03,9.716897038742899895e-04,1.211641356348991394e-01
4.788000000000000000e+03,1.228563953191041946e-03,1.278390586376190186e-01
4.789000000000000000e+03,1.384897273965179920e-03,1.280210167169570923e-01
4.790000000000000000e+03,1.280994853004813194e-03,1.287079453468322754e-01
4.791000000000000000e+03,9.690359001979231834e-04,1.237780675292015076e-01
4.792000000000000000e+03,6.893450627103447914e-04,1.198785156011581421e-01
4.793000000000000000e+03,6.313981721177697182e-04,1.194362863898277283e-01
4.794000000000000000e+03,7.678475230932235718e-04,1.197598353028297424e-01
4.795000000000000000e+03,9.802165441215038300e-04,1.265047192573547363e-01
4.796000000000000000e+03,1.184592489153146744e-03,1.274366378784179688e-01
4.797000000000000000e+03,1.239123055711388588e-03,1.284918040037155151e-01
4.798000000000000000e+03,1.085403026081621647e-03,1.241220384836196899e-01
4.799000000000000000e+03,8.410862646996974945e-04,1.205498948693275452e-01
4.800000000000000000e+03,6.880443543195724487e-04,1.192450076341629028e-01
4.801000000000000000e+03,6.570159457623958588e-04,1.198262646794319153e-01
4.802000000000000000e+03,6.941462634131312370e-04,1.246131509542465210e-01
4.803000000000000000e+03,7.874497678130865097e-04,1.257029324769973755e-01
4.804000000000000000e+03,8.947319583967328072e-04,1.262712180614471436e-01
4.805000000000000000e+03,9.404312586411833763e-04,1.230848431587219238e-01
4.806000000000000000e+03,9.052363457158207893e-04,1.212963163852691650e-01
4.807000000000000000e+03,8.367928094230592251e-04,1.202860325574874878e-01
4.808000000000000000e+03,7.541642407886683941e-04,1.221751794219017029e-01
4.809000000000000000e+03,6.757571245543658733e-04,1.237867996096611023e-01
4.810000000000000000e+03,6.267740391194820404e-04,1.245924308896064758e-01
4.811000000000000000e+03,6.141974590718746185e-04,1.233636364340782166e-01
4.812000000000000000e+03,6.261526141315698624e-04,1.218262240290641785e-01
4.813000000000000000e+03,6.494795670732855797e-04,1.210771128535270691e-01
4.814000000000000000e+03,6.747876759618520737e-04,1.213241145014762878e-01
4.815000000000000000e+03,6.974851712584495544e-04,1.234539076685905457e-01
4.816000000000000000e+03,7.174829952418804169e-04,1.236282736063003540e-01
4.817000000000000000e+03,7.298110285773873329e-04,1.243341118097305298e-01
4.818000000000000000e+03,7.290360517799854279e-04,1.223316714167594910e-01
4.819000000000000000e+03,7.123958203010261059e-04,1.225397065281867981e-01
4.820000000000000000e+03,6.872973171994090080e-04,1.214787214994430542e-01
4.821000000000000000e+03,6.618326297029852867e-04,1.226425319910049438e-01
4.822000000000000000e+03,6.420826539397239685e-04,1.228429451584815979e-01
4.823000000000000000e+03,6.262279348447918892e-04,1.231403797864913940e-01
4.824000000000000000e+03,6.155955488793551922e-04,1.228180602192878723e-01
4.825000000000000000e+03,6.096669821999967098e-04,1.222584322094917297e-01
4.826000000000000000e+03,6.052769022062420845e-04,1.222982704639434814e-01
4.827000000000000000e+03,6.021813605912029743e-04,1.223011687397956848e-01
4.828000000000000000e+03,6.030230433680117130e-04,1.227152645587921143e-01
4.829000000000000000e+03,6.062007742002606392e-04,1.226574778556823730e-01
4.830000000000000000e+03,6.102247862145304680e-04,1.227070540189743042e-01
4.831000000000000000e+03,6.159782642498612404e-04,1.224596723914146423e-01
4.832000000000000000e+03,6.217880290932953358e-04,1.226535066962242126e-01
4.833000000000000000e+03,6.263476097956299782e-04,1.224170997738838196e-01
4.834000000000000000e+03,6.311140605248510838e-04,1.228496879339218140e-01
4.835000000000000000e+03,6.375652737915515900e-04,1.223433241248130798e-01
4.836000000000000000e+03,6.444884347729384899e-04,1.229081228375434875e-01
4.837000000000000000e+03,6.534490385092794895e-04,1.222377941012382507e-01
4.838000000000000000e+03,6.643583765253424644e-04,1.231337860226631165e-01
4.839000000000000000e+03,6.778126698918640614e-04,1.224819049239158630e-01
4.840000000000000000e+03,6.932136020623147488e-04,1.233353987336158752e-01
4.841000000000000000e+03,7.140701054595410824e-04,1.223654299974441528e-01
4.842000000000000000e+03,7.394687272608280182e-04,1.232191696763038635e-01
4.843000000000000000e+03,7.749518263153731823e-04,1.223022267222404480e-01
4.844000000000000000e+03,8.195867412723600864e-04,1.236739009618759155e-01
4.845000000000000000e+03,8.823688258416950703e-04,1.227788329124450684e-01
4.846000000000000000e+03,9.567440138198435307e-04,1.243083477020263672e-01
4.847000000000000000e+03,1.056978013366460800e-03,1.229262053966522217e-01
4.848000000000000000e+03,1.169180963188409805e-03,1.247346326708793640e-01
4.849000000000000000e+03,1.318881171755492687e-03,1.231657862663269043e-01
4.850000000000000000e+03,1.473729033023118973e-03,1.256798058748245239e-01
4.851000000000000000e+03,1.668012700974941254e-03,1.240808367729187012e-01
4.852000000000000000e+03,1.825617393478751183e-03,1.266150921583175659e-01
4.853000000000000000e+03,1.980528468266129494e-03,1.244731545448303223e-01
4.854000000000000000e+03,2.023738576099276543e-03,1.265372037887573242e-01
4.855000000000000000e+03,2.016438404098153114e-03,1.242902576923370361e-01
4.856000000000000000e+03,1.864301739260554314e-03,1.259593367576599121e-01
4.857000000000000000e+03,1.660181209444999695e-03,1.240578517317771912e-01
4.858000000000000000e+03,1.369156292639672756e-03,1.249581798911094666e-01
4.859000000000000000e+03,1.089371973648667336e-03,1.232468336820602417e-01
4.860000000000000000e+03,8.434926276095211506e-04,1.234508380293846130e-01
4.861000000000000000e+03,6.816447712481021881e-04,1.224784180521965027e-01
4.862000000000000000e+03,6.079133017919957638e-04,1.225822344422340393e-01
4.863000000000000000e+03,6.107771769165992737e-04,1.229766383767127991e-01
4.864000000000000000e+03,6.673012394458055496e-04,1.228718310594558716e-01
4.865000000000000000e+03,7.515477482229471207e-04,1.240558028221130371e-01
4.866000000000000000e+03,8.421003585681319237e-04,1.231199949979782104e-01
4.867000000000000000e+03,9.121179464273154736e-04,1.243966072797775269e-01
4.868000000000000000e+03,9.562444756738841534e-04,1.228384822607040405e-01
4.869000000000000000e+03,9.578908793628215790e-04,1.242416873574256897e-01
4.870000000000000000e+03,9.329432505182921886e-04,1.227411702275276184e-01
4.871000000000000000e+03,8.779915515333414078e-04,1.239296644926071167e-01
4.872000000000000000e+03,8.150112116709351540e-04,1.226630136370658875e-01
4.873000000000000000e+03,7.480216445401310921e-04,1.232551187276840210e-01
4.874000000000000000e+03,6.914462428539991379e-04,1.224232837557792664e-01
4.875000000000000000e+03,6.471844390034675598e-04,1.226663887500762939e-01
4.876000000000000000e+03,6.175356684252619743e-04,1.225333437323570251e-01
4.877000000000000000e+03,6.002053851261734962e-04,1.225750148296356201e-01
4.878000000000000000e+03,5.930596380494534969e-04,1.227549836039543152e-01
4.879000000000000000e+03,5.938424728810787201e-04,1.224671676754951477e-01
4.880000000000000000e+03,6.005810573697090149e-04,1.226987913250923157e-01
4.881000000000000000e+03,6.117136799730360508e-04,1.222727224230766296e-01
4.882000000000000000e+03,6.258382927626371384e-04,1.227390617132186890e-01
4.883000000000000000e+03,6.425158935599029064e-04,1.223178654909133911e-01
4.884000000000000000e+03,6.607522955164313316e-04,1.229863464832305908e-01
4.885000000000000000e+03,6.818133406341075897e-04,1.223516091704368591e-01
4.886000000000000000e+03,7.047355757094919682e-04,1.231565997004508972e-01
4.887000000000000000e+03,7.331182132475078106e-04,1.222693845629692078e-01
4.888000000000000000e+03,7.654931978322565556e-04,1.234136521816253662e-01
4.889000000000000000e+03,8.085294393822550774e-04,1.223748996853828430e-01
4.890000000000000000e+03,8.584119495935738087e-04,1.238578408956527710e-01
4.891000000000000000e+03,9.257968631573021412e-04,1.225795373320579529e-01
4.892000000000000000e+03,1.001927535980939865e-03,1.243092864751815796e-01
4.893000000000000000e+03,1.104191993363201618e-03,1.228170320391654968e-01
4.894000000000000000e+03,1.214302144944667816e-03,1.248707622289657593e-01
4.895000000000000000e+03,1.359332352876663208e-03,1.232928559184074402e-01
4.896000000000000000e+03,1.499825157225131989e-03,1.255838274955749512e-01
4.897000000000000000e+03,1.670980127528309822e-03,1.238643601536750793e-01
4.898000000000000000e+03,1.798885408788919449e-03,1.261491626501083374e-01
4.899000000000000000e+03,1.926967641338706017e-03,1.242295727133750916e-01
4.900000000000000000e+03,1.951885176822543144e-03,1.262831240892410278e-01
4.901000000000000000e+03,1.934530097059905529e-03,1.242672204971313477e-01
4.902000000000000000e+03,1.783230924047529697e-03,1.258063614368438721e-01
4.903000000000000000e+03,1.585329300723969936e-03,1.238350719213485718e-01
4.904000000000000000e+03,1.311834901571273804e-03,1.247272044420242310e-01
4.905000000000000000e+03,1.053928281180560589e-03,1.230589821934700012e-01
4.906000000000000000e+03,8.286747615784406662e-04,1.235124692320823669e-01
4.907000000000000000e+03,6.783086573705077171e-04,1.225798055529594421e-01
4.908000000000000000e+03,6.047580391168594360e-04,1.227877587080001831e-01
4.909000000000000000e+03,5.987829063087701797e-04,1.229170337319374084e-01
4.910000000000000000e+03,6.412689108401536942e-04,1.227481216192245483e-01
4.911000000000000000e+03,7.109040161594748497e-04,1.237252354621887207e-01
4.912000000000000000e+03,7.905691745691001415e-04,1.229169592261314392e-01
4.913000000000000000e+03,8.594394312240183353e-04,1.242778897285461426e-01
4.914000000000000000e+03,9.120380855165421963e-04,1.228878051042556763e-01
4.915000000000000000e+03,9.312391048297286034e-04,1.243417859077453613e-01
4.916000000000000000e+03,9.270748123526573181e-04,1.227581575512886047e-01
4.917000000000000000e+03,8.924487046897411346e-04,1.240470334887504578e-01
4.918000000000000000e+03,8.462198311462998390e-04,1.226233989000320435e-01
4.919000000000000000e+03,7.890039123594760895e-04,1.235166490077972412e-01
4.920000000000000000e+03,7.361111347563564777e-04,1.225022003054618835e-01
4.921000000000000000e+03,6.884062895551323891e-04,1.230093017220497131e-01
4.922000000000000000e+03,6.514955312013626099e-04,1.225195005536079407e-01
4.923000000000000000e+03,6.236141780391335487e-04,1.227249875664710999e-01
4.924000000000000000e+03,6.044405163265764713e-04,1.225896775722503662e-01
4.925000000000000000e+03,5.920073599554598331e-04,1.225560903549194336e-01
4.926000000000000000e+03,5.850783782079815865e-04,1.225757747888565063e-01
4.927000000000000000e+03,5.825249245390295982e-04,1.224242523312568665e-01
4.928000000000000000e+03,5.834943149238824844e-04,1.225548461079597473e-01
4.929000000000000000e+03,5.872651236131787300e-04,1.223765462636947632e-01
4.930000000000000000e+03,5.932528874836862087e-04,1.226163804531097412e-01
4.931000000000000000e+03,6.011839141137897968e-04,1.223526522517204285e-01
4.932000000000000000e+03,6.109321257099509239e-04,1.227180659770965576e-01
4.933000000000000000e+03,6.232509040273725986e-04,1.222923323512077332e-01
4.934000000000000000e+03,6.386550376191735268e-04,1.228863894939422607e-01
4.935000000000000000e+03,6.595940794795751572e-04,1.222501173615455627e-01
4.936000000000000000e+03,6.870366632938385010e-04,1.231716498732566833e-01
4.937000000000000000e+03,7.261891732923686504e-04,1.222700178623199463e-01
4.938000000000000000e+03,7.780861342325806618e-04,1.235993430018424988e-01
4.939000000000000000e+03,8.535840315744280815e-04,1.224096417427062988e-01
4.940000000000000000e+03,9.523784392513334751e-04,1.242513060569763184e-01
4.941000000000000000e+03,1.096561551094055176e-03,1.228125691413879395e-01
4.942000000000000000e+03,1.277207513339817524e-03,1.252467185258865356e-01
4.943000000000000000e+03,1.533375587314367294e-03,1.236073002219200134e-01
4.944000000000000000e+03,1.822131802327930927e-03,1.265481561422348022e-01
4.945000000000000000e+03,2.196421613916754723e-03,1.246455386281013489e-01
4.946000000000000000e+03,2.527777804061770439e-03,1.277402341365814209e-01
4.947000000000000000e+03,2.871486591175198555e-03,1.253580749034881592e-01
4.948000000000000000e+03,2.989797852933406830e-03,1.279611140489578247e-01
4.949000000000000000e+03,2.973464317619800568e-03,1.253760755062103271e-01
4.950000000000000000e+03,2.606930909678339958e-03,1.267652064561843872e-01
4.951000000000000000e+03,2.098530996590852737e-03,1.246149390935897827e-01
4.952000000000000000e+03,1.459597842767834663e-03,1.246283352375030518e-01
4.953000000000000000e+03,9.396073874086141586e-04,1.231034919619560242e-01
4.954000000000000000e+03,6.401731516234576702e-04,1.226335614919662476e-01
4.955000000000000000e+03,6.047663046047091484e-04,1.227975860238075256e-01
4.956000000000000000e+03,7.700911955907940865e-04,1.228239834308624268e-01
4.957000000000000000e+03,1.019814750179648399e-03,1.249910444021224976e-01
4.958000000000000000e+03,1.249000546522438526e-03,1.246657893061637878e-01
4.959000000000000000e+03,1.336928107775747776e-03,1.264089494943618774e-01
4.960000000000000000e+03,1.276830793358385563e-03,1.242632418870925903e-01
4.961000000000000000e+03,1.076271408237516880e-03,1.245921179652214050e-01
4.962000000000000000e+03,8.541211136616766453e-04,1.222032159566879272e-01
4.963000000000000000e+03,6.863487069495022297e-04,1.227013766765594482e-01
4.964000000000000000e+03,6.131675909273326397e-04,1.222656816244125366e-01
4.965000000000000000e+03,6.248326972126960754e-04,1.227162107825279236e-01
4.966000000000000000e+03,6.915511330589652061e-04,1.238624453544616699e-01
4.967000000000000000e+03,7.817263249307870865e-04,1.231310442090034485e-01
4.968000000000000000e+03,8.581951260566711426e-04,1.244722232222557068e-01
4.969000000000000000e+03,9.032408124767243862e-04,1.227078586816787720e-01
4.970000000000000000e+03,8.976969402283430099e-04,1.242493614554405212e-01
4.971000000000000000e+03,8.551860228180885315e-04,1.225317940115928650e-01
4.972000000000000000e+03,7.815916324034333229e-04,1.237385869026184082e-01
4.973000000000000000e+03,7.026089006103575230e-04,1.224726885557174683e-01
4.974000000000000000e+03,6.346619920805096626e-04,1.227583214640617371e-01
4.975000000000000000e+03,5.922277923673391342e-04,1.223553866147994995e-01
4.976000000000000000e+03,5.775993922725319862e-04,1.220601722598075867e-01
4.977000000000000000e+03,5.853332695551216602e-04,1.228341534733772278e-01
4.978000000000000000e+03,6.065581692382693291e-04,1.222480311989784241e-01
4.979000000000000000e+03,6.331697222776710987e-04,1.233592852950096130e-01
4.980000000000000000e+03,6.599003099836409092e-04,1.223359256982803345e-01
4.981000000000000000e+03,6.828388432040810585e-04,1.232765093445777893e-01
4.982000000000000000e+03,7.030453416518867016e-04,1.222173795104026794e-01
4.983000000000000000e+03,7.182885892689228058e-04,1.231419891119003296e-01
4.984000000000000000e+03,7.324684993363916874e-04,1.223432496190071106e-01
4.985000000000000000e+03,7.412543054670095444e-04,1.231794580817222595e-01
4.986000000000000000e+03,7.490506395697593689e-04,1.223980113863945007e-01
4.987000000000000000e+03,7.512251031585037708e-04,1.231497898697853088e-01
4.988000000000000000e+03,7.541812956333160400e-04,1.222968250513076782e-01
4.989000000000000000e+03,7.542909588664770126e-04,1.232541278004646301e-01
4.990000000000000000e+03,7.586386636830866337e-04,1.223526373505592346e-01
4.991000000000000000e+03,7.626399165019392967e-04,1.235059648752212524e-01
4.992000000000000000e+03,7.723668823018670082e-04,1.223853379487991333e-01
4.993000000000000000e+03,7.818150916136801243e-04,1.236399039626121521e-01
4.994000000000000000e+03,7.971606100909411907e-04,1.223552897572517395e-01
4.995000000000000000e+03,8.117994293570518494e-04,1.237510889768600464e-01
4.996000000000000000e+03,8.338087354786694050e-04,1.224421709775924683e-01
4.997000000000000000e+03,8.557300316169857979e-04,1.239110454916954041e-01
4.998000000000000000e+03,8.879890083335340023e-04,1.225996017456054688e-01
4.999000000000000000e+03,9.205490350723266602e-04,1.241030469536781311e-01
5.000000000000000000e+03,9.663553209975361824e-04,1.227925121784210205e-01
5.001000000000000000e+03,1.010386622510850430e-03,1.243735700845718384e-01
5.002000000000000000e+03,1.068786601535975933e-03,1.230004057288169861e-01
5.003000000000000000e+03,1.119314809329807758e-03,1.246746629476547241e-01
5.004000000000000000e+03,1.182543695904314518e-03,1.231627687811851501e-01
5.005000000000000000e+03,1.227431464940309525e-03,1.249657422304153442e-01
5.006000000000000000e+03,1.279672491364181042e-03,1.233514696359634399e-01
5.007000000000000000e+03,1.299762981943786144e-03,1.252014040946960449e-01
5.008000000000000000e+03,1.317646354436874390e-03,1.234819069504737854e-01
5.009000000000000000e+03,1.292134169489145279e-03,1.251722276210784912e-01
5.010000000000000000e+03,1.257565570995211601e-03,1.233825907111167908e-01
5.011000000000000000e+03,1.182447187602519989e-03,1.248265728354454041e-01
5.012000000000000000e+03,1.102560549043118954e-03,1.231430172920227051e-01
5.013000000000000000e+03,1.000798889435827732e-03,1.243133023381233215e-01
5.014000000000000000e+03,9.059386211447417736e-04,1.228867322206497192e-01
5.015000000000000000e+03,8.115216623991727829e-04,1.237358227372169495e-01
5.016000000000000000e+03,7.334373076446354389e-04,1.226653829216957092e-01
5.017000000000000000e+03,6.691390299238264561e-04,1.232210546731948853e-01
5.018000000000000000e+03,6.227793055586516857e-04,1.225988715887069702e-01
5.019000000000000000e+03,5.916163790971040726e-04,1.228904649615287781e-01
5.020000000000000000e+03,5.739410407841205597e-04,1.226802840828895569e-01
5.021000000000000000e+03,5.668542580679059029e-04,1.226648390293121338e-01
5.022000000000000000e+03,5.678078159689903259e-04,1.227765679359436035e-01
5.023000000000000000e+03,5.746531533077359200e-04,1.224778369069099426e-01
5.024000000000000000e+03,5.857796641066670418e-04,1.229032501578330994e-01
5.025000000000000000e+03,6.003726739436388016e-04,1.223917081952095032e-01
5.026000000000000000e+03,6.177165196277201176e-04,1.230933889746665955e-01
5.027000000000000000e+03,6.386239547282457352e-04,1.223687976598739624e-01
5.028000000000000000e+03,6.626442191191017628e-04,1.232840642333030701e-01
5.029000000000000000e+03,6.927398499101400375e-04,1.223530396819114685e-01
5.030000000000000000e+03,7.281156722456216812e-04,1.235205531120300293e-01
5.031000000000000000e+03,7.751131779514253139e-04,1.224270239472389221e-01
5.032000000000000000e+03,8.313625585287809372e-04,1.239046156406402588e-01
5.033000000000000000e+03,9.086116915568709373e-04,1.226303800940513611e-01
5.034000000000000000e+03,9.997687302529811859e-04,1.244466826319694519e-01
5.035000000000000000e+03,1.125049311667680740e-03,1.229706257581710815e-01
5.036000000000000000e+03,1.265144092030823231e-03,1.251776665449142456e-01
5.037000000000000000e+03,1.451580552384257317e-03,1.235282570123672485e-01
5.038000000000000000e+03,1.636436674743890762e-03,1.260498017072677612e-01
5.039000000000000000e+03,1.861287862993776798e-03,1.241895705461502075e-01
5.040000000000000000e+03,2.028876915574073792e-03,1.267236471176147461e-01
5.041000000000000000e+03,2.190406201407313347e-03,1.246004328131675720e-01
5.042000000000000000e+03,2.207234036177396774e-03,1.267364174127578735e-01
5.043000000000000000e+03,2.157176844775676727e-03,1.245482116937637329e-01
5.044000000000000000e+03,1.927473116666078568e-03,1.259000748395919800e-01
5.045000000000000000e+03,1.638884306885302067e-03,1.239564046263694763e-01
5.046000000000000000e+03,1.274925656616687775e-03,1.244422495365142822e-01
5.047000000000000000e+03,9.552059927955269814e-04,1.230117753148078918e-01
5.048000000000000000e+03,7.133341860026121140e-04,1.230538114905357361e-01
5.049000000000000000e+03,5.890160682611167431e-04,1.226175054907798767e-01
5.050000000000000000e+03,5.747759132646024227e-04,1.226297840476036072e-01
5.051000000000000000e+03,6.420818390324711800e-04,1.233777999877929688e-01
5.052000000000000000e+03,7.532978197559714317e-04,1.231143251061439514e-01
5.053000000000000000e+03,8.662354666739702225e-04,1.243642568588256836e-01
5.054000000000000000e+03,9.572023409418761730e-04,1.233112514019012451e-01
5.055000000000000000e+03,9.937431896105408669e-04,1.245483383536338806e-01
5.056000000000000000e+03,9.874249808490276337e-04,1.229461655020713806e-01
5.057000000000000000e+03,9.312016190961003304e-04,1.242503151297569275e-01
5.058000000000000000e+03,8.570442441850900650e-04,1.226523146033287048e-01
5.059000000000000000e+03,7.715237443335354328e-04,1.238029077649116516e-01
5.060000000000000000e+03,6.959595484659075737e-04,1.224434822797775269e-01
5.061000000000000000e+03,6.350080948323011398e-04,1.231465190649032593e-01
5.062000000000000000e+03,5.936389788985252380e-04,1.223781183362007141e-01
5.063000000000000000e+03,5.713307764381170273e-04,1.226492002606391907e-01
5.064000000000000000e+03,5.658861482515931129e-04,1.227201223373413086e-01
5.065000000000000000e+03,5.743417423218488693e-04,1.224676296114921570e-01
5.066000000000000000e+03,5.930101033300161362e-04,1.231268495321273804e-01
5.067000000000000000e+03,6.182519136928021908e-04,1.223069503903388977e-01
5.068000000000000000e+03,6.456752307713031769e-04,1.233504042029380798e-01
5.069000000000000000e+03,6.736653158441185951e-04,1.222176849842071533e-01
5.070000000000000000e+03,6.987358210608363152e-04,1.235407888889312744e-01
5.071000000000000000e+03,7.233010837808251381e-04,1.223090961575508118e-01
5.072000000000000000e+03,7.443753420375287533e-04,1.236736699938774109e-01
5.073000000000000000e+03,7.677897810935974121e-04,1.223831027746200562e-01
5.074000000000000000e+03,7.896056631579995155e-04,1.237069815397262573e-01
5.075000000000000000e+03,8.183618774637579918e-04,1.224604696035385132e-01
5.076000000000000000e+03,8.474715286865830421e-04,1.238141730427742004e-01
5.077000000000000000e+03,8.878575172275304794e-04,1.226179897785186768e-01
5.078000000000000000e+03,9.285723790526390076e-04,1.240210980176925659e-01
5.079000000000000000e+03,9.838778059929609299e-04,1.227652803063392639e-01
5.080000000000000000e+03,1.037222100421786308e-03,1.242996230721473694e-01
5.081000000000000000e+03,1.108216820284724236e-03,1.229411810636520386e-01
5.082000000000000000e+03,1.171987038105726242e-03,1.247019171714782715e-01
5.083000000000000000e+03,1.254100119695067406e-03,1.232094466686248779e-01
5.084000000000000000e+03,1.316902111284434795e-03,1.251444518566131592e-01
5.085000000000000000e+03,1.390976714901626110e-03,1.234606280922889709e-01
5.086000000000000000e+03,1.425331458449363708e-03,1.254357546567916870e-01
5.087000000000000000e+03,1.456122030504047871e-03,1.235951632261276245e-01
5.088000000000000000e+03,1.428155461326241493e-03,1.254310160875320435e-01
5.089000000000000000e+03,1.384654082357883453e-03,1.235312223434448242e-01
5.090000000000000000e+03,1.283385790884494781e-03,1.250314712524414062e-01
5.091000000000000000e+03,1.171785173937678337e-03,1.232405304908752441e-01
5.092000000000000000e+03,1.031530904583632946e-03,1.243393048644065857e-01
5.093000000000000000e+03,9.019203134812414646e-04,1.228745803236961365e-01
5.094000000000000000e+03,7.803195621818304062e-04,1.236215829849243164e-01
5.095000000000000000e+03,6.857637781649827957e-04,1.226473972201347351e-01
5.096000000000000000e+03,6.171285640448331833e-04,1.230824366211891174e-01
5.097000000000000000e+03,5.759871564805507660e-04,1.226505190134048462e-01
5.098000000000000000e+03,5.579868447966873646e-04,1.227667629718780518e-01
5.099000000000000000e+03,5.582133308053016663e-04,1.228380724787712097e-01
5.100000000000000000e+03,5.715396837331354618e-04,1.226058676838874817e-01
5.101000000000000000e+03,5.934035289101302624e-04,1.230992302298545837e-01
5.102000000000000000e+03,6.207625847309827805e-04,1.225150078535079956e-01
5.103000000000000000e+03,6.503830663859844208e-04,1.233674287796020508e-01
5.104000000000000000e+03,6.825485033914446831e-04,1.224785000085830688e-01
5.105000000000000000e+03,7.140671368688344955e-04,1.236393749713897705e-01
5.106000000000000000e+03,7.486144313588738441e-04,1.225022077560424805e-01
5.107000000000000000e+03,7.815127610228955746e-04,1.239004507660865784e-01
5.108000000000000000e+03,8.196783601306378841e-04,1.225639879703521729e-01
5.109000000000000000e+03,8.557973196730017662e-04,1.241413950920104980e-01
5.110000000000000000e+03,9.003282175399363041e-04,1.226681768894195557e-01
5.111000000000000000e+03,9.421280119568109512e-04,1.243840679526329041e-01
5.112000000000000000e+03,9.956825524568557739e-04,1.228286549448966980e-01
5.113000000000000000e+03,1.044229138642549515e-03,1.246281862258911133e-01
5.114000000000000000e+03,1.106985728256404400e-03,1.230194345116615295e-01
5.115000000000000000e+03,1.159382169134914875e-03,1.248536109924316406e-01
5.116000000000000000e+03,1.225968822836875916e-03,1.232274025678634644e-01
5.117000000000000000e+03,1.272379420697689056e-03,1.250451654195785522e-01
5.118000000000000000e+03,1.328591606579720974e-03,1.234245449304580688e-01
5.119000000000000000e+03,1.350563485175371170e-03,1.251366138458251953e-01
5.120000000000000000e+03,1.373388455249369144e-03,1.235262826085090637e-01
5.121000000000000000e+03,1.349438447505235672e-03,1.250333935022354126e-01
5.122000000000000000e+03,1.318502705544233322e-03,1.234688982367515564e-01
5.123000000000000000e+03,1.240524929016828537e-03,1.247151121497154236e-01
5.124000000000000000e+03,1.156762009486556053e-03,1.232564151287078857e-01
5.125000000000000000e+03,1.043845666572451591e-03,1.242357492446899414e-01
5.126000000000000000e+03,9.368464816361665726e-04,1.229389458894729614e-01
5.127000000000000000e+03,8.277544402517378330e-04,1.237095221877098083e-01
5.128000000000000000e+03,7.373357657343149185e-04,1.226497516036033630e-01
5.129000000000000000e+03,6.632856675423681736e-04,1.232794076204299927e-01
5.130000000000000000e+03,6.112434202805161476e-04,1.225161552429199219e-01
5.131000000000000000e+03,5.779425264336168766e-04,1.229934617877006531e-01
5.132000000000000000e+03,5.607660277746617794e-04,1.225386038422584534e-01
5.133000000000000000e+03,5.556418327614665031e-04,1.227911710739135742e-01
5.134000000000000000e+03,5.588181084021925926e-04,1.226530969142913818e-01
5.135000000000000000e+03,5.675666034221649170e-04,1.226247325539588928e-01
5.136000000000000000e+03,5.798743804916739464e-04,1.228352412581443787e-01
5.137000000000000000e+03,5.952222272753715515e-04,1.224974170327186584e-01
5.138000000000000000e+03,6.129489629529416561e-04,1.230778396129608154e-01
5.139000000000000000e+03,6.344815483316779137e-04,1.224169731140136719e-01
5.140000000000000000e+03,6.591551937162876129e-04,1.233698725700378418e-01
5.141000000000000000e+03,6.903360481373965740e-04,1.223927959799766541e-01
5.142000000000000000e+03,7.262955768965184689e-04,1.237225607037544250e-01
5.143000000000000000e+03,7.732426747679710388e-04,1.224540024995803833e-01
5.144000000000000000e+03,8.271661354228854179e-04,1.241595670580863953e-01
5.145000000000000000e+03,8.988131885416805744e-04,1.226301118731498718e-01
5.146000000000000000e+03,9.792923228815197945e-04,1.246925368905067444e-01
5.147000000000000000e+03,1.086143427528440952e-03,1.229483410716056824e-01
5.148000000000000000e+03,1.199781894683837891e-03,1.253115534782409668e-01
5.149000000000000000e+03,1.346568809822201729e-03,1.234106123447418213e-01
5.150000000000000000e+03,1.485794433392584324e-03,1.259289383888244629e-01
5.151000000000000000e+03,1.653562299907207489e-03,1.239141970872879028e-01
5.152000000000000000e+03,1.777080819010734558e-03,1.263310313224792480e-01
5.153000000000000000e+03,1.904039527289569378e-03,1.242656484246253967e-01
5.154000000000000000e+03,1.933236373588442802e-03,1.262542456388473511e-01
5.155000000000000000e+03,1.931055448949337006e-03,1.243246272206306458e-01
5.156000000000000000e+03,1.800865284167230129e-03,1.255868971347808838e-01
5.157000000000000000e+03,1.631196006201207638e-03,1.240328177809715271e-01
5.158000000000000000e+03,1.373824663460254669e-03,1.244729086756706238e-01
5.159000000000000000e+03,1.119711669161915779e-03,1.234267279505729675e-01
5.160000000000000000e+03,8.733089780434966087e-04,1.233209967613220215e-01
5.161000000000000000e+03,6.897019920870661736e-04,1.228970065712928772e-01
5.162000000000000000e+03,5.799505161121487617e-04,1.227009743452072144e-01
5.163000000000000000e+03,5.484084831550717354e-04,1.229574829339981079e-01
5.164000000000000000e+03,5.809217691421508789e-04,1.227901801466941833e-01
5.165000000000000000e+03,6.538680754601955414e-04,1.234799399971961975e-01
5.166000000000000000e+03,7.427339442074298859e-04,1.230492070317268372e-01
5.167000000000000000e+03,8.201710879802703857e-04,1.238654106855392456e-01
5.168000000000000000e+03,8.776888134889304638e-04,1.230229884386062622e-01
5.169000000000000000e+03,8.973908261395990849e-04,1.239781677722930908e-01
5.170000000000000000e+03,8.933751378208398819e-04,1.228758245706558228e-01
5.171000000000000000e+03,8.592317462898790836e-04,1.239914596080780029e-01
5.172000000000000000e+03,8.166229235939681530e-04,1.227094605565071106e-01
5.173000000000000000e+03,7.642194977961480618e-04,1.238387674093246460e-01
5.174000000000000000e+03,7.168581360019743443e-04,1.224742978811264038e-01
5.175000000000000000e+03,6.733346963301301003e-04,1.235612705349922180e-01
5.176000000000000000e+03,6.385258748196065426e-04,1.223439574241638184e-01
5.177000000000000000e+03,6.102913757786154747e-04,1.232928112149238586e-01
5.178000000000000000e+03,5.881052929908037186e-04,1.223583370447158813e-01
5.179000000000000000e+03,5.708437529392540455e-04,1.229779049754142761e-01
5.180000000000000000e+03,5.576707771979272366e-04,1.223946288228034973e-01
5.181000000000000000e+03,5.486867739818990231e-04,1.226378753781318665e-01
5.182000000000000000e+03,5.437101935967803001e-04,1.225142478942871094e-01
5.183000000000000000e+03,5.427268333733081818e-04,1.224182173609733582e-01
5.184000000000000000e+03,5.453727790154516697e-04,1.227220520377159119e-01
5.185000000000000000e+03,5.511802737601101398e-04,1.222862154245376587e-01
5.186000000000000000e+03,5.595565889962017536e-04,1.229119971394538879e-01
5.187000000000000000e+03,5.702957860194146633e-04,1.221851184964179993e-01
5.188000000000000000e+03,5.832506576552987099e-04,1.230906397104263306e-01
5.189000000000000000e+03,5.994425155222415924e-04,1.221503317356109619e-01
5.190000000000000000e+03,6.195804453454911709e-04,1.233092471957206726e-01
5.191000000000000000e+03,6.469620275311172009e-04,1.221753135323524475e-01
5.192000000000000000e+03,6.832046783529222012e-04,1.235926076769828796e-01
5.193000000000000000e+03,7.360107847489416599e-04,1.222731918096542358e-01
5.194000000000000000e+03,8.073670906014740467e-04,1.240605264902114868e-01
5.195000000000000000e+03,9.139694739133119583e-04,1.225771903991699219e-01
5.196000000000000000e+03,1.054707681760191917e-03,1.248664483428001404e-01
5.197000000000000000e+03,1.262355595827102661e-03,1.232161447405815125e-01
5.198000000000000000e+03,1.517326571047306061e-03,1.260742843151092529e-01
5.199000000000000000e+03,1.872976077720522881e-03,1.242107972502708435e-01
5.200000000000000000e+03,2.246083691716194153e-03,1.274830251932144165e-01
5.201000000000000000e+03,2.700781449675559998e-03,1.251599341630935669e-01
5.202000000000000000e+03,3.024277510121464729e-03,1.283236145973205566e-01
5.203000000000000000e+03,3.291472559794783592e-03,1.255017071962356567e-01
5.204000000000000000e+03,3.193138167262077332e-03,1.276981830596923828e-01
5.205000000000000000e+03,2.893274882808327675e-03,1.253669857978820801e-01
5.206000000000000000e+03,2.234636805951595306e-03,1.257949024438858032e-01
5.207000000000000000e+03,1.529302680864930153e-03,1.242159307003021240e-01
5.208000000000000000e+03,9.075586567632853985e-04,1.232568919658660889e-01
5.209000000000000000e+03,5.870858440175652504e-04,1.229134202003479004e-01
5.210000000000000000e+03,6.022317684255540371e-04,1.223216205835342407e-01
5.211000000000000000e+03,8.611147641204297543e-04,1.244075521826744080e-01
5.212000000000000000e+03,1.203033956699073315e-03,1.245680376887321472e-01
5.213000000000000000e+03,1.424317480996251106e-03,1.268662363290786743e-01
5.214000000000000000e+03,1.443196553736925125e-03,1.251644939184188843e-01
5.215000000000000000e+03,1.215534284710884094e-03,1.251900196075439453e-01
5.216000000000000000e+03,9.063388570211827755e-04,1.227269619703292847e-01
5.217000000000000000e+03,6.580580375157296658e-04,1.225308924913406372e-01
5.218000000000000000e+03,5.670120008289813995e-04,1.220129355788230896e-01
5.219000000000000000e+03,6.197311449795961380e-04,1.227239966392517090e-01
5.220000000000000000e+03,7.461146451532840729e-04,1.242028400301933289e-01
5.221000000000000000e+03,8.743477519601583481e-04,1.239043846726417542e-01
5.222000000000000000e+03,9.368950850330293179e-04,1.248498186469078064e-01
5.223000000000000000e+03,9.252371964976191521e-04,1.230116859078407288e-01
5.224000000000000000e+03,8.463433478027582169e-04,1.239591985940933228e-01
5.225000000000000000e+03,7.522514206357300282e-04,1.222319826483726501e-01
5.226000000000000000e+03,6.678851787000894547e-04,1.235923022031784058e-01
5.227000000000000000e+03,6.113997078500688076e-04,1.225766539573669434e-01
5.228000000000000000e+03,5.840334924869239330e-04,1.230846792459487915e-01
5.229000000000000000e+03,5.797375924885272980e-04,1.226228177547454834e-01
5.230000000000000000e+03,5.938294343650341034e-04,1.221612840890884399e-01
5.231000000000000000e+03,6.197144975885748863e-04,1.230701208114624023e-01
5.232000000000000000e+03,6.532196421176195145e-04,1.223314926028251648e-01
5.233000000000000000e+03,6.845301249995827675e-04,1.240129619836807251e-01
5.234000000000000000e+03,7.077933987602591515e-04,1.225175112485885620e-01
5.235000000000000000e+03,7.121565286070108414e-04,1.239017918705940247e-01
5.236000000000000000e+03,6.981266196817159653e-04,1.221203953027725220e-01
5.237000000000000000e+03,6.680522928945720196e-04,1.232877075672149658e-01
5.238000000000000000e+03,6.322149420157074928e-04,1.221000999212265015e-01
5.239000000000000000e+03,5.979071138426661491e-04,1.228597611188888550e-01
5.240000000000000000e+03,5.720287445001304150e-04,1.223824918270111084e-01
5.241000000000000000e+03,5.558235570788383484e-04,1.224759146571159363e-01
5.242000000000000000e+03,5.481358384713530540e-04,1.224601343274116516e-01
5.243000000000000000e+03,5.452344194054603577e-04,1.222041100263595581e-01
5.244000000000000000e+03,5.438281223177909851e-04,1.226556152105331421e-01
5.245000000000000000e+03,5.418690270744264126e-04,1.222975030541419983e-01
5.246000000000000000e+03,5.395333282649517059e-04,1.227153614163398743e-01
5.247000000000000000e+03,5.377396009862422943e-04,1.222814545035362244e-01
5.248000000000000000e+03,5.379637004807591438e-04,1.225956305861473083e-01
5.249000000000000000e+03,5.408972501754760742e-04,1.222858205437660217e-01
5.250000000000000000e+03,5.464861751534044743e-04,1.225674599409103394e-01
5.251000000000000000e+03,5.543973529711365700e-04,1.223557218909263611e-01
5.252000000000000000e+03,5.637930007651448250e-04,1.227015331387519836e-01
5.253000000000000000e+03,5.747746909037232399e-04,1.224180310964584351e-01
5.254000000000000000e+03,5.870832828804850578e-04,1.228990405797958374e-01
5.255000000000000000e+03,6.027389317750930786e-04,1.223901882767677307e-01
5.256000000000000000e+03,6.223389063961803913e-04,1.231944262981414795e-01
5.257000000000000000e+03,6.502479664050042629e-04,1.223504170775413513e-01
5.258000000000000000e+03,6.868741475045681000e-04,1.235753595829010010e-01
5.259000000000000000e+03,7.396958535537123680e-04,1.223792210221290588e-01
5.260000000000000000e+03,8.073179051280021667e-04,1.242097914218902588e-01
5.261000000000000000e+03,9.032716625370085239e-04,1.227343529462814331e-01
5.262000000000000000e+03,1.019803341478109360e-03,1.250848919153213501e-01
5.263000000000000000e+03,1.179135637357831001e-03,1.232713982462882996e-01
5.264000000000000000e+03,1.355830696411430836e-03,1.260388344526290894e-01
5.265000000000000000e+03,1.583013683557510376e-03,1.239157393574714661e-01
5.266000000000000000e+03,1.795958145521581173e-03,1.269553452730178833e-01
5.267000000000000000e+03,2.037121448665857315e-03,1.245849505066871643e-01
5.268000000000000000e+03,2.181699033826589584e-03,1.274203807115554810e-01
5.269000000000000000e+03,2.286211121827363968e-03,1.247920915484428406e-01
5.270000000000000000e+03,2.201240044087171555e-03,1.268329173326492310e-01
5.271000000000000000e+03,2.029153518378734589e-03,1.244716048240661621e-01
5.272000000000000000e+03,1.690202509053051472e-03,1.254999041557312012e-01
5.273000000000000000e+03,1.326935016550123692e-03,1.237505599856376648e-01
5.274000000000000000e+03,9.610954439267516136e-04,1.238614171743392944e-01
5.275000000000000000e+03,6.942723412066698074e-04,1.229101121425628662e-01
5.276000000000000000e+03,5.534918745979666710e-04,1.227076053619384766e-01
5.277000000000000000e+03,5.408714059740304947e-04,1.230503618717193604e-01
5.278000000000000000e+03,6.239329231902956963e-04,1.228940561413764954e-01
5.279000000000000000e+03,7.539683720096945763e-04,1.242601349949836731e-01
5.280000000000000000e+03,8.870145538821816444e-04,1.235713511705398560e-01
5.281000000000000000e+03,9.722237009555101395e-04,1.249076947569847107e-01
5.282000000000000000e+03,1.002200646325945854e-03,1.233400702476501465e-01
5.283000000000000000e+03,9.585614316165447235e-04,1.244784072041511536e-01
5.284000000000000000e+03,8.788129780441522598e-04,1.227751225233078003e-01
5.285000000000000000e+03,7.755709229968488216e-04,1.239261254668235779e-01
5.286000000000000000e+03,6.826137541793286800e-04,1.225630268454551697e-01
5.287000000000000000e+03,6.091273971833288670e-04,1.233276128768920898e-01
5.288000000000000000e+03,5.624491604976356030e-04,1.224876791238784790e-01
5.289000000000000000e+03,5.411774036474525928e-04,1.227055042982101440e-01
5.290000000000000000e+03,5.409420118667185307e-04,1.227543056011199951e-01
5.291000000000000000e+03,5.570796784013509750e-04,1.224927827715873718e-01
5.292000000000000000e+03,5.842203390784561634e-04,1.233498901128768921e-01
5.293000000000000000e+03,6.177189061418175697e-04,1.224785447120666504e-01
5.294000000000000000e+03,6.504608900286257267e-04,1.236736401915550232e-01
5.295000000000000000e+03,6.799122784286737442e-04,1.223311796784400940e-01
5.296000000000000000e+03,6.999394390732049942e-04,1.237377375364303589e-01
5.297000000000000000e+03,7.136824424378573895e-04,1.223283484578132629e-01
5.298000000000000000e+03,7.174975471571087837e-04,1.237384304404258728e-01
5.299000000000000000e+03,7.183910929597914219e-04,1.224082410335540771e-01
5.300000000000000000e+03,7.134787156246602535e-04,1.236009225249290466e-01
5.301000000000000000e+03,7.105056429281830788e-04,1.224134415388107300e-01
5.302000000000000000e+03,7.056752219796180725e-04,1.234206333756446838e-01
5.303000000000000000e+03,7.055361638776957989e-04,1.224518269300460815e-01
5.304000000000000000e+03,7.047827239148318768e-04,1.233657002449035645e-01
5.305000000000000000e+03,7.089349674060940742e-04,1.224912554025650024e-01
5.306000000000000000e+03,7.123043760657310486e-04,1.233709007501602173e-01
5.307000000000000000e+03,7.210887852124869823e-04,1.224558800458908081e-01
5.308000000000000000e+03,7.300073048099875450e-04,1.234817057847976685e-01
5.309000000000000000e+03,7.466854876838624477e-04,1.224718242883682251e-01
5.310000000000000000e+03,7.651770138181746006e-04,1.237443983554840088e-01
5.311000000000000000e+03,7.945770630612969398e-04,1.225489377975463867e-01
5.312000000000000000e+03,8.266131044365465641e-04,1.240909919142723083e-01
5.313000000000000000e+03,8.725723018869757652e-04,1.226664632558822632e-01
5.314000000000000000e+03,9.200430940836668015e-04,1.244885772466659546e-01
5.315000000000000000e+03,9.839372942224144936e-04,1.228709742426872253e-01
5.316000000000000000e+03,1.044950215145945549e-03,1.249193176627159119e-01
5.317000000000000000e+03,1.122931600548326969e-03,1.231371685862541199e-01
5.318000000000000000e+03,1.188308000564575195e-03,1.252843290567398071e-01
5.319000000000000000e+03,1.266860752366483212e-03,1.234078481793403625e-01
5.320000000000000000e+03,1.316516427323222160e-03,1.255227625370025635e-01
5.321000000000000000e+03,1.369362929835915565e-03,1.236213445663452148e-01
5.322000000000000000e+03,1.374009530991315842e-03,1.255128383636474609e-01
5.323000000000000000e+03,1.369449775665998459e-03,1.236429810523986816e-01
5.324000000000000000e+03,1.307386555708944798e-03,1.251855194568634033e-01
5.325000000000000000e+03,1.232713693752884865e-03,1.234792396426200867e-01
5.326000000000000000e+03,1.114127342589199543e-03,1.246347576379776001e-01
5.327000000000000000e+03,9.946491336449980736e-04,1.231916621327400208e-01
5.328000000000000000e+03,8.636388229206204414e-04,1.239866390824317932e-01
5.329000000000000000e+03,7.506037945859134197e-04,1.228696554899215698e-01
5.330000000000000000e+03,6.549491081386804581e-04,1.234022304415702820e-01
5.331000000000000000e+03,5.870828754268586636e-04,1.226885616779327393e-01
5.332000000000000000e+03,5.447319126687943935e-04,1.230255514383316040e-01
5.333000000000000000e+03,5.253255949355661869e-04,1.227372661232948303e-01
5.334000000000000000e+03,5.235642311163246632e-04,1.228103265166282654e-01
5.335000000000000000e+03,5.340772913768887520e-04,1.229067817330360413e-01
5.336000000000000000e+03,5.524992011487483978e-04,1.226481422781944275e-01
5.337000000000000000e+03,5.753464065492153168e-04,1.231382042169570923e-01
5.338000000000000000e+03,6.014941027387976646e-04,1.225464344024658203e-01
5.339000000000000000e+03,6.288387230597436428e-04,1.234342977404594421e-01
5.340000000000000000e+03,6.594451842829585075e-04,1.225197687745094299e-01
5.341000000000000000e+03,6.904104375280439854e-04,1.237485408782958984e-01
5.342000000000000000e+03,7.264772430062294006e-04,1.225341334939002991e-01
5.343000000000000000e+03,7.624912541359663010e-04,1.240542605519294739e-01
5.344000000000000000e+03,8.062918786890804768e-04,1.226151362061500549e-01
5.345000000000000000e+03,8.494562935084104538e-04,1.243733242154121399e-01
5.346000000000000000e+03,9.037359268404543400e-04,1.227729097008705139e-01
5.347000000000000000e+03,9.557490120641887188e-04,1.246783807873725891e-01
5.348000000000000000e+03,1.022204291075468063e-03,1.229660436511039734e-01
5.349000000000000000e+03,1.082317670807242393e-03,1.249519363045692444e-01
5.350000000000000000e+03,1.158948754891753197e-03,1.231985613703727722e-01
5.351000000000000000e+03,1.220603589899837971e-03,1.251963675022125244e-01
5.352000000000000000e+03,1.296679140068590641e-03,1.234435737133026123e-01
5.353000000000000000e+03,1.342724426649510860e-03,1.253448426723480225e-01
5.354000000000000000e+03,1.394544495269656181e-03,1.236115843057632446e-01
5.355000000000000000e+03,1.398011692799627781e-03,1.253097504377365112e-01
5.356000000000000000e+03,1.395497820340096951e-03,1.236469522118568420e-01
5.357000000000000000e+03,1.334448577836155891e-03,1.250464767217636108e-01
5.358000000000000000e+03,1.261943951249122620e-03,1.235037669539451599e-01
5.359000000000000000e+03,1.142316265031695366e-03,1.245543882250785828e-01
5.360000000000000000e+03,1.021013362333178520e-03,1.231843680143356323e-01
5.361000000000000000e+03,8.851768216118216515e-04,1.239482834935188293e-01
5.362000000000000000e+03,7.670959457755088806e-04,1.228291466832160950e-01
5.363000000000000000e+03,6.658112397417426109e-04,1.234146282076835632e-01
5.364000000000000000e+03,5.934250075370073318e-04,1.226197034120559692e-01
5.365000000000000000e+03,5.476452643051743507e-04,1.230609640479087830e-01
5.366000000000000000e+03,5.260654725134372711e-04,1.226271763443946838e-01
5.367000000000000000e+03,5.229127127677202225e-04,1.228567287325859070e-01
5.368000000000000000e+03,5.321588832885026932e-04,1.227906942367553711e-01
5.369000000000000000e+03,5.490155890583992004e-04,1.227117404341697693e-01
5.370000000000000000e+03,5.696477601304650307e-04,1.230304390192031860e-01
5.371000000000000000e+03,5.929375765845179558e-04,1.225970610976219177e-01
5.372000000000000000e+03,6.170177366584539413e-04,1.233271807432174683e-01
5.373000000000000000e+03,6.440400611609220505e-04,1.225399523973464966e-01
5.374000000000000000e+03,6.717000505886971951e-04,1.236661747097969055e-01
5.375000000000000000e+03,7.044874946586787701e-04,1.225431337952613831e-01
5.376000000000000000e+03,7.378762820735573769e-04,1.240158230066299438e-01
5.377000000000000000e+03,7.787503418512642384e-04,1.226044595241546631e-01
5.378000000000000000e+03,8.194848196581006050e-04,1.243659555912017822e-01
5.379000000000000000e+03,8.701762999407947063e-04,1.227341517806053162e-01
5.380000000000000000e+03,9.189410484395921230e-04,1.247016713023185730e-01
5.381000000000000000e+03,9.801655542105436325e-04,1.229172274470329285e-01
5.382000000000000000e+03,1.035831053741276264e-03,1.249960139393806458e-01
5.383000000000000000e+03,1.105972216464579105e-03,1.231356039643287659e-01
5.384000000000000000e+03,1.163812237791717052e-03,1.252267509698867798e-01
5.385000000000000000e+03,1.235923962667584419e-03,1.233672425150871277e-01
5.386000000000000000e+03,1.284419675357639790e-03,1.253571957349777222e-01
5.387000000000000000e+03,1.342518371529877186e-03,1.235583052039146423e-01
5.388000000000000000e+03,1.361859380267560482e-03,1.253261268138885498e-01
5.389000000000000000e+03,1.381997368298470974e-03,1.236495971679687500e-01
5.390000000000000000e+03,1.350852660834789276e-03,1.250969916582107544e-01
5.391000000000000000e+03,1.312615349888801575e-03,1.236000508069992065e-01
5.392000000000000000e+03,1.223632716573774815e-03,1.246729567646980286e-01
5.393000000000000000e+03,1.128588104620575905e-03,1.233845129609107971e-01
5.394000000000000000e+03,1.002921722829341888e-03,1.241234615445137024e-01
5.395000000000000000e+03,8.840991067700088024e-04,1.230604425072669983e-01
5.396000000000000000e+03,7.656731177121400833e-04,1.235899105668067932e-01
5.397000000000000000e+03,6.694551557302474976e-04,1.227695271372795105e-01
5.398000000000000000e+03,5.950283957645297050e-04,1.232021152973175049e-01
5.399000000000000000e+03,5.472664488479495049e-04,1.226358190178871155e-01
5.400000000000000000e+03,5.226765642873942852e-04,1.229801326990127563e-01
5.401000000000000000e+03,5.167594645172357559e-04,1.226713657379150391e-01
5.402000000000000000e+03,5.238116718828678131e-04,1.228500157594680786e-01
5.403000000000000000e+03,5.384190008044242859e-04,1.228158324956893921e-01
5.404000000000000000e+03,5.570051725953817368e-04,1.227358132600784302e-01
5.405000000000000000e+03,5.766827380284667015e-04,1.230246201157569885e-01
5.406000000000000000e+03,5.977200344204902649e-04,1.226315200328826904e-01
5.407000000000000000e+03,6.189378909766674042e-04,1.232978031039237976e-01
5.408000000000000000e+03,6.435965187847614288e-04,1.225648075342178345e-01
5.409000000000000000e+03,6.699523073621094227e-04,1.236300766468048096e-01
5.410000000000000000e+03,7.033592555671930313e-04,1.225554049015045166e-01
5.411000000000000000e+03,7.397290901280939579e-04,1.240169778466224670e-01
5.412000000000000000e+03,7.869604160077869892e-04,1.226282045245170593e-01
5.413000000000000000e+03,8.373430464416742325e-04,1.244570910930633545e-01
5.414000000000000000e+03,9.025391191244125366e-04,1.227982714772224426e-01
5.415000000000000000e+03,9.690996957942843437e-04,1.249291375279426575e-01
5.416000000000000000e+03,1.053915126249194145e-03,1.230581775307655334e-01
5.417000000000000000e+03,1.134130172431468964e-03,1.253823786973953247e-01
5.418000000000000000e+03,1.233426854014396667e-03,1.233715340495109558e-01
5.419000000000000000e+03,1.314898021519184113e-03,1.257313340902328491e-01
5.420000000000000000e+03,1.410444499924778938e-03,1.236629039049148560e-01
5.421000000000000000e+03,1.466692308895289898e-03,1.258530765771865845e-01
5.422000000000000000e+03,1.525421161204576492e-03,1.238383352756500244e-01
5.423000000000000000e+03,1.522268401458859444e-03,1.256545186042785645e-01
5.424000000000000000e+03,1.509089488536119461e-03,1.238523572683334351e-01
5.425000000000000000e+03,1.425278605893254280e-03,1.251365840435028076e-01
5.426000000000000000e+03,1.328471000306308270e-03,1.236863061785697937e-01
5.427000000000000000e+03,1.179174985736608505e-03,1.243966445326805115e-01
5.428000000000000000e+03,1.030331710353493690e-03,1.233528852462768555e-01
5.429000000000000000e+03,8.694505668245255947e-04,1.236269772052764893e-01
5.430000000000000000e+03,7.322719320654869080e-04,1.229922398924827576e-01
5.431000000000000000e+03,6.208117702044546604e-04,1.230693012475967407e-01
5.432000000000000000e+03,5.476381629705429077e-04,1.228148862719535828e-01
5.433000000000000000e+03,5.116357933729887009e-04,1.228310093283653259e-01
5.434000000000000000e+03,5.082774441689252853e-04,1.228850409388542175e-01
5.435000000000000000e+03,5.290074041113257408e-04,1.227976903319358826e-01
5.436000000000000000e+03,5.640164017677307129e-04,1.230928748846054077e-01
5.437000000000000000e+03,6.053202669136226177e-04,1.227964386343955994e-01
5.438000000000000000e+03,6.449180655181407928e-04,1.233401149511337280e-01
5.439000000000000000e+03,6.820047274231910706e-04,1.227755621075630188e-01
5.440000000000000000e+03,7.109158323146402836e-04,1.236121430993080139e-01
5.441000000000000000e+03,7.377138244919478893e-04,1.227527111768722534e-01
5.442000000000000000e+03,7.565416744910180569e-04,1.238898113369941711e-01
5.443000000000000000e+03,7.768998621031641960e-04,1.227343529462814331e-01
5.444000000000000000e+03,7.907550316303968430e-04,1.241424381732940674e-01
5.445000000000000000e+03,8.087061578407883644e-04,1.227326840162277222e-01
5.446000000000000000e+03,8.203367469832301140e-04,1.243545860052108765e-01
5.447000000000000000e+03,8.366877445951104164e-04,1.227513626217842102e-01
5.448000000000000000e+03,8.458740776404738426e-04,1.244933679699897766e-01
5.449000000000000000e+03,8.595391991548240185e-04,1.227687895298004150e-01
5.450000000000000000e+03,8.653011755086481571e-04,1.245411634445190430e-01
5.451000000000000000e+03,8.759869378991425037e-04,1.227882504463195801e-01
5.452000000000000000e+03,8.789765997789800167e-04,1.245207116007804871e-01
5.453000000000000000e+03,8.885376155376434326e-04,1.228231340646743774e-01
5.454000000000000000e+03,8.913213387131690979e-04,1.244627162814140320e-01
5.455000000000000000e+03,9.028826025314629078e-04,1.228733882308006287e-01
5.456000000000000000e+03,9.083538316190242767e-04,1.243990212678909302e-01
5.457000000000000000e+03,9.243586100637912750e-04,1.229396834969520569e-01
5.458000000000000000e+03,9.337768424302339554e-04,1.243606433272361755e-01
5.459000000000000000e+03,9.543249034322798252e-04,1.230156868696212769e-01
5.460000000000000000e+03,9.662484517320990562e-04,1.243606656789779663e-01
5.461000000000000000e+03,9.886785410344600677e-04,1.230886504054069519e-01
5.462000000000000000e+03,9.991591796278953552e-04,1.243953928351402283e-01
5.463000000000000000e+03,1.018484588712453842e-03,1.231462359428405762e-01
5.464000000000000000e+03,1.021939562633633614e-03,1.244483366608619690e-01
5.465000000000000000e+03,1.031979685649275780e-03,1.231784373521804810e-01
5.466000000000000000e+03,1.022932236082851887e-03,1.244892254471778870e-01
5.467000000000000000e+03,1.018117531202733517e-03,1.231718584895133972e-01
5.468000000000000000e+03,9.932375978678464890e-04,1.244836747646331787e-01
5.469000000000000000e+03,9.712439496070146561e-04,1.231178864836692810e-01
5.470000000000000000e+03,9.318261872977018356e-04,1.244082674384117126e-01
5.471000000000000000e+03,8.958018734119832516e-04,1.230173483490943909e-01
5.472000000000000000e+03,8.482973789796233177e-04,1.242581456899642944e-01
5.473000000000000000e+03,8.060538093559443951e-04,1.228845790028572083e-01
5.474000000000000000e+03,7.592962938360869884e-04,1.240545436739921570e-01
5.475000000000000000e+03,7.195130456238985062e-04,1.227493286132812500e-01
5.476000000000000000e+03,6.805413286201655865e-04,1.238326132297515869e-01
5.477000000000000000e+03,6.487834034487605095e-04,1.226379349827766418e-01
5.478000000000000000e+03,6.202757358551025391e-04,1.236157715320587158e-01
5.479000000000000000e+03,5.978217814117670059e-04,1.225583702325820923e-01
5.480000000000000000e+03,5.788059206679463387e-04,1.234209090471267700e-01
5.481000000000000000e+03,5.641733296215534210e-04,1.225132793188095093e-01
5.482000000000000000e+03,5.522993160411715508e-04,1.232589483261108398e-01
5.483000000000000000e+03,5.434731720015406609e-04,1.224901974201202393e-01
5.484000000000000000e+03,5.367605481296777725e-04,1.231302767992019653e-01
5.485000000000000000e+03,5.323680816218256950e-04,1.224742084741592407e-01
5.486000000000000000e+03,5.297607276588678360e-04,1.230430826544761658e-01
5.487000000000000000e+03,5.293225985951721668e-04,1.224620267748832703e-01
5.488000000000000000e+03,5.308060790412127972e-04,1.230101734399795532e-01
5.489000000000000000e+03,5.349881830625236034e-04,1.224473342299461365e-01
5.490000000000000000e+03,5.419645458459854126e-04,1.230419501662254333e-01
5.491000000000000000e+03,5.534135852940380573e-04,1.224296838045120239e-01
5.492000000000000000e+03,5.700256442651152611e-04,1.231705993413925171e-01
5.493000000000000000e+03,5.955282831564545631e-04,1.224321871995925903e-01
5.494000000000000000e+03,6.317116785794496536e-04,1.234543099999427795e-01
5.495000000000000000e+03,6.871726945973932743e-04,1.225082576274871826e-01
5.496000000000000000e+03,7.650804473087191582e-04,1.240012943744659424e-01
5.497000000000000000e+03,8.849866571836173534e-04,1.227834299206733704e-01
5.498000000000000000e+03,1.048669917508959770e-03,1.249762326478958130e-01
5.499000000000000000e+03,1.297217793762683868e-03,1.234661042690277100e-01
5.500000000000000000e+03,1.612206222489476204e-03,1.264938116073608398e-01
5.501000000000000000e+03,2.063567982986569405e-03,1.245891377329826355e-01
5.502000000000000000e+03,2.547710435464978218e-03,1.282411068677902222e-01
5.503000000000000000e+03,3.146789502352476120e-03,1.254552304744720459e-01
5.504000000000000000e+03,3.570571541786193848e-03,1.290820688009262085e-01
5.505000000000000000e+03,3.913650289177894592e-03,1.256508529186248779e-01
5.506000000000000000e+03,3.744128858670592308e-03,1.281041204929351807e-01
5.507000000000000000e+03,3.290669992566108704e-03,1.258772760629653931e-01
5.508000000000000000e+03,2.369126304984092712e-03,1.257493942975997925e-01
5.509000000000000000e+03,1.444335328415036201e-03,1.244923099875450134e-01
5.510000000000000000e+03,7.549977162852883339e-04,1.226387917995452881e-01
5.511000000000000000e+03,5.624979967251420021e-04,1.234294176101684570e-01
5.512000000000000000e+03,8.313381695188581944e-04,1.228708848357200623e-01
5.513000000000000000e+03,1.314944238401949406e-03,1.266073435544967651e-01
5.514000000000000000e+03,1.720060361549258232e-03,1.264359951019287109e-01
5.515000000000000000e+03,1.724755857139825821e-03,1.281862109899520874e-01
5.516000000000000000e+03,1.378264511004090309e-03,1.250468790531158447e-01
5.517000000000000000e+03,8.736123563721776009e-04,1.231092587113380432e-01
5.518000000000000000e+03,5.565423052757978439e-04,1.214110925793647766e-01
5.519000000000000000e+03,5.532775539904832840e-04,1.211080849170684814e-01
5.520000000000000000e+03,7.751297671347856522e-04,1.241479292511940002e-01
5.521000000000000000e+03,1.053294632583856583e-03,1.252017617225646973e-01
5.522000000000000000e+03,1.192062860354781151e-03,1.275755316019058228e-01
5.523000000000000000e+03,1.126492628827691078e-03,1.250281333923339844e-01
5.524000000000000000e+03,8.847204735502600670e-04,1.238092109560966492e-01
5.525000000000000000e+03,6.488630897365510464e-04,1.210005134344100952e-01
5.526000000000000000e+03,5.433009937405586243e-04,1.216098740696907043e-01
5.527000000000000000e+03,5.636314745061099529e-04,1.228829696774482727e-01
5.528000000000000000e+03,6.581703200936317444e-04,1.240084320306777954e-01
5.529000000000000000e+03,7.547867717221379280e-04,1.253341138362884521e-01
5.530000000000000000e+03,8.012689650058746338e-04,1.236211359500885010e-01
5.531000000000000000e+03,7.724365568719804287e-04,1.234844699501991272e-01
5.532000000000000000e+03,7.010906701907515526e-04,1.213292554020881653e-01
5.533000000000000000e+03,6.302236579358577728e-04,1.230587437748908997e-01
5.534000000000000000e+03,5.798680940642952919e-04,1.227204203605651855e-01
5.535000000000000000e+03,5.532905925065279007e-04,1.238552778959274292e-01
5.536000000000000000e+03,5.440670647658407688e-04,1.229777634143829346e-01
5.537000000000000000e+03,5.440038512460887432e-04,1.224096044898033142e-01
5.538000000000000000e+03,5.512713687494397163e-04,1.223550662398338318e-01
5.539000000000000000e+03,5.628417711704969406e-04,1.218035295605659485e-01
5.540000000000000000e+03,5.787056870758533478e-04,1.234745234251022339e-01
5.541000000000000000e+03,5.959146656095981598e-04,1.227556169033050537e-01
5.542000000000000000e+03,6.064136978238821030e-04,1.239608600735664368e-01
5.543000000000000000e+03,6.069752271287143230e-04,1.220386251807212830e-01
5.544000000000000000e+03,5.936002708040177822e-04,1.230114623904228210e-01
5.545000000000000000e+03,5.710906116291880608e-04,1.219057962298393250e-01
5.546000000000000000e+03,5.447652074508368969e-04,1.230152398347854614e-01
5.547000000000000000e+03,5.208535585552453995e-04,1.225418075919151306e-01
5.548000000000000000e+03,5.038497038185596466e-04,1.227406933903694153e-01
5.549000000000000000e+03,4.948797286488115788e-04,1.224846690893173218e-01
5.550000000000000000e+03,4.942829255014657974e-04,1.221221908926963806e-01
5.551000000000000000e+03,4.973583272658288479e-04,1.225828826427459717e-01
5.552000000000000000e+03,5.015537608414888382e-04,1.223001629114151001e-01
5.553000000000000000e+03,5.049430765211582184e-04,1.230438500642776489e-01
5.554000000000000000e+03,5.059742252342402935e-04,1.224389970302581787e-01
5.555000000000000000e+03,5.062458803877234459e-04,1.229030713438987732e-01
5.556000000000000000e+03,5.065465229563415051e-04,1.222982853651046753e-01
5.557000000000000000e+03,5.085284356027841568e-04,1.228247806429862976e-01
5.558000000000000000e+03,5.127236945554614067e-04,1.224257498979568481e-01
5.559000000000000000e+03,5.189850926399230957e-04,1.228598654270172119e-01
5.560000000000000000e+03,5.270282272249460220e-04,1.224419623613357544e-01
5.561000000000000000e+03,5.354512832127511501e-04,1.229279860854148865e-01
5.562000000000000000e+03,5.453166086226701736e-04,1.225616559386253357e-01
5.563000000000000000e+03,5.553602823056280613e-04,1.232096478343009949e-01
5.564000000000000000e+03,5.675597349181771278e-04,1.225776076316833496e-01
5.565000000000000000e+03,5.817816127091646194e-04,1.233426332473754883e-01
5.566000000000000000e+03,6.013492820784449577e-04,1.223668158054351807e-01
5.567000000000000000e+03,6.259212386794388294e-04,1.235860437154769897e-01
5.568000000000000000e+03,6.610308773815631866e-04,1.225257664918899536e-01
5.569000000000000000e+03,7.043298101052641869e-04,1.242607757449150085e-01
5.570000000000000000e+03,7.633832283318042755e-04,1.228256672620773315e-01
5.571000000000000000e+03,8.314105216413736343e-04,1.247376501560211182e-01
5.572000000000000000e+03,9.210897842422127724e-04,1.229021996259689331e-01
5.573000000000000000e+03,1.019481453113257885e-03,1.253464221954345703e-01
5.574000000000000000e+03,1.148228067904710770e-03,1.233982443809509277e-01
5.575000000000000000e+03,1.276290975511074066e-03,1.261752396821975708e-01
5.576000000000000000e+03,1.430119504220783710e-03,1.239975020289421082e-01
5.577000000000000000e+03,1.549242530018091202e-03,1.266639232635498047e-01
5.578000000000000000e+03,1.669082674197852612e-03,1.241809129714965820e-01
5.579000000000000000e+03,1.705988892354071140e-03,1.265863180160522461e-01
5.580000000000000000e+03,1.714740181341767311e-03,1.242228671908378601e-01
5.581000000000000000e+03,1.612092601135373116e-03,1.261436492204666138e-01
5.582000000000000000e+03,1.471180818043649197e-03,1.240493878722190857e-01
5.583000000000000000e+03,1.248644664883613586e-03,1.250669211149215698e-01
5.584000000000000000e+03,1.024367287755012512e-03,1.233518049120903015e-01
5.585000000000000000e+03,8.039894746616482735e-04,1.237615346908569336e-01
5.586000000000000000e+03,6.367824971675872803e-04,1.228667646646499634e-01
5.587000000000000000e+03,5.306072416715323925e-04,1.230545118451118469e-01
5.588000000000000000e+03,4.891151911579072475e-04,1.230218410491943359e-01
5.589000000000000000e+03,5.008827429264783859e-04,1.229024976491928101e-01
5.590000000000000000e+03,5.483358982019126415e-04,1.234708055853843689e-01
5.591000000000000000e+03,6.134295254014432430e-04,1.228752210736274719e-01
5.592000000000000000e+03,6.776405498385429382e-04,1.239104568958282471e-01
5.593000000000000000e+03,7.337150746025145054e-04,1.229405030608177185e-01
5.594000000000000000e+03,7.678681868128478527e-04,1.242924928665161133e-01
5.595000000000000000e+03,7.866320665925741196e-04,1.229390129446983337e-01
5.596000000000000000e+03,7.805448258295655251e-04,1.243295669555664062e-01
5.597000000000000000e+03,7.632884662598371506e-04,1.227609813213348389e-01
5.598000000000000000e+03,7.300056749954819679e-04,1.241091787815093994e-01
5.599000000000000000e+03,6.936980062164366245e-04,1.226313114166259766e-01
5.600000000000000000e+03,6.521168397739529610e-04,1.238138377666473389e-01
5.601000000000000000e+03,6.133794086053967476e-04,1.225754246115684509e-01
5.602000000000000000e+03,5.769213312305510044e-04,1.233997195959091187e-01
5.603000000000000000e+03,5.467212176881730556e-04,1.224982887506484985e-01
5.604000000000000000e+03,5.225811619311571121e-04,1.229829937219619751e-01
5.605000000000000000e+03,5.053486675024032593e-04,1.225490048527717590e-01
5.606000000000000000e+03,4.939473583362996578e-04,1.227479428052902222e-01
5.607000000000000000e+03,4.873556608799844980e-04,1.226730346679687500e-01
5.608000000000000000e+03,4.841501940973103046e-04,1.225841641426086426e-01
5.609000000000000000e+03,4.831207625102251768e-04,1.227299347519874573e-01
5.610000000000000000e+03,4.833041457459330559e-04,1.224666833877563477e-01
5.611000000000000000e+03,4.841494665015488863e-04,1.227648109197616577e-01
5.612000000000000000e+03,4.854214494116604328e-04,1.224221885204315186e-01
5.613000000000000000e+03,4.872315912507474422e-04,1.228066459298133850e-01
5.614000000000000000e+03,4.898523911833763123e-04,1.224027127027511597e-01
5.615000000000000000e+03,4.937007906846702099e-04,1.228258609771728516e-01
5.616000000000000000e+03,4.994169576093554497e-04,1.223665624856948853e-01
5.617000000000000000e+03,5.075983935967087746e-04,1.228975579142570496e-01
5.618000000000000000e+03,5.196069832891225815e-04,1.223627477884292603e-01
5.619000000000000000e+03,5.365120014175772667e-04,1.230756938457489014e-01
5.620000000000000000e+03,5.615323316305875778e-04,1.223765239119529724e-01
5.621000000000000000e+03,5.967670585960149765e-04,1.234090328216552734e-01
5.622000000000000000e+03,6.500006420537829399e-04,1.224539503455162048e-01
5.623000000000000000e+03,7.247166358865797520e-04,1.240152120590209961e-01
5.624000000000000000e+03,8.389847353100776672e-04,1.227299869060516357e-01
5.625000000000000000e+03,9.948405204340815544e-04,1.250737309455871582e-01
5.626000000000000000e+03,1.230081426911056042e-03,1.234284490346908569e-01
5.627000000000000000e+03,1.526511390693485737e-03,1.266856342554092407e-01
5.628000000000000000e+03,1.946017495356500149e-03,1.245804578065872192e-01
5.629000000000000000e+03,2.388922963291406631e-03,1.285109221935272217e-01
5.630000000000000000e+03,2.922036219388246536e-03,1.254762411117553711e-01
5.631000000000000000e+03,3.279231954365968704e-03,1.293548345565795898e-01
5.632000000000000000e+03,3.539379220455884933e-03,1.255211085081100464e-01
5.633000000000000000e+03,3.342203563079237938e-03,1.282367557287216187e-01
5.634000000000000000e+03,2.900790888816118240e-03,1.254863590002059937e-01
5.635000000000000000e+03,2.093108603730797768e-03,1.259062439203262329e-01
5.636000000000000000e+03,1.303086639381945133e-03,1.242997273802757263e-01
5.637000000000000000e+03,7.150685414671897888e-04,1.228420510888099670e-01
5.638000000000000000e+03,5.205837078392505646e-04,1.232925057411193848e-01
5.639000000000000000e+03,6.954516284167766571e-04,1.224702522158622742e-01
5.640000000000000000e+03,1.075291889719665051e-03,1.260585635900497437e-01
5.641000000000000000e+03,1.453835517168045044e-03,1.258978247642517090e-01
5.642000000000000000e+03,1.573168556205928326e-03,1.282742917537689209e-01
5.643000000000000000e+03,1.400748733431100845e-03,1.252305805683135986e-01
5.644000000000000000e+03,1.002908451482653618e-03,1.239240095019340515e-01
5.645000000000000000e+03,6.496815476566553116e-04,1.217962130904197693e-01
5.646000000000000000e+03,4.989362205378711224e-04,1.213330700993537903e-01
5.647000000000000000e+03,5.640467861667275429e-04,1.233106628060340881e-01
5.648000000000000000e+03,7.606731960549950600e-04,1.240207031369209290e-01
5.649000000000000000e+03,9.579058969393372536e-04,1.265334784984588623e-01
5.650000000000000000e+03,1.052719540894031525e-03,1.248071938753128052e-01
5.651000000000000000e+03,9.787630988284945488e-04,1.246451511979103088e-01
5.652000000000000000e+03,8.073302451521158218e-04,1.220545545220375061e-01
5.653000000000000000e+03,6.317275692708790302e-04,1.226429939270019531e-01
5.654000000000000000e+03,5.257842130959033966e-04,1.225028336048126221e-01
5.655000000000000000e+03,5.025486461818218231e-04,1.233219429850578308e-01
5.656000000000000000e+03,5.462990375235676765e-04,1.238510757684707642e-01
5.657000000000000000e+03,6.170233245939016342e-04,1.230920851230621338e-01
5.658000000000000000e+03,6.762065459042787552e-04,1.234659105539321899e-01
5.659000000000000000e+03,7.041513454169034958e-04,1.221438348293304443e-01
5.660000000000000000e+03,6.937700090929865837e-04,1.236436739563941956e-01
5.661000000000000000e+03,6.635910249315202236e-04,1.228799298405647278e-01
5.662000000000000000e+03,6.175479502417147160e-04,1.240964308381080627e-01
5.663000000000000000e+03,5.728087853640317917e-04,1.225809380412101746e-01
5.664000000000000000e+03,5.350125720724463463e-04,1.229554042220115662e-01
5.665000000000000000e+03,5.102303111925721169e-04,1.220138743519783020e-01
5.666000000000000000e+03,4.997560754418373108e-04,1.224209219217300415e-01
5.667000000000000000e+03,4.990782472304999828e-04,1.226359084248542786e-01
5.668000000000000000e+03,5.069514736533164978e-04,1.226182803511619568e-01
5.669000000000000000e+03,5.193973775021731853e-04,1.231611669063568115e-01
5.670000000000000000e+03,5.355387693271040916e-04,1.222182810306549072e-01
5.671000000000000000e+03,5.513022188097238541e-04,1.231277137994766235e-01
5.672000000000000000e+03,5.653147818520665169e-04,1.221497058868408203e-01
5.673000000000000000e+03,5.754673038609325886e-04,1.235828697681427002e-01
5.674000000000000000e+03,5.811623996123671532e-04,1.224529892206192017e-01
5.675000000000000000e+03,5.802436498925089836e-04,1.235509216785430908e-01
5.676000000000000000e+03,5.743543151766061783e-04,1.221749037504196167e-01
5.677000000000000000e+03,5.640970193780958652e-04,1.232089996337890625e-01
5.678000000000000000e+03,5.532819777727127075e-04,1.222355514764785767e-01
5.679000000000000000e+03,5.421321839094161987e-04,1.231942176818847656e-01
5.680000000000000000e+03,5.335683817975223064e-04,1.224972605705261230e-01
5.681000000000000000e+03,5.264874198473989964e-04,1.231199428439140320e-01
5.682000000000000000e+03,5.218663718551397324e-04,1.225272342562675476e-01
5.683000000000000000e+03,5.187716451473534107e-04,1.229440495371818542e-01
5.684000000000000000e+03,5.172670353204011917e-04,1.225521415472030640e-01
5.685000000000000000e+03,5.164959584362804890e-04,1.229460015892982483e-01
5.686000000000000000e+03,5.166647606529295444e-04,1.225448027253150940e-01
5.687000000000000000e+03,5.169332143850624561e-04,1.229060068726539612e-01
5.688000000000000000e+03,5.184257752262055874e-04,1.225607916712760925e-01
5.689000000000000000e+03,5.207211361266672611e-04,1.231343597173690796e-01
5.690000000000000000e+03,5.252184346318244934e-04,1.226439923048019409e-01
5.691000000000000000e+03,5.314359441399574280e-04,1.232589483261108398e-01
5.692000000000000000e+03,5.412485916167497635e-04,1.224946230649948120e-01
5.693000000000000000e+03,5.544602754525840282e-04,1.233714297413825989e-01
5.694000000000000000e+03,5.739939515478909016e-04,1.224555000662803650e-01
5.695000000000000000e+03,5.994676030240952969e-04,1.237546429038047791e-01
5.696000000000000000e+03,6.356950616464018822e-04,1.226542517542839050e-01
5.697000000000000000e+03,6.811142084188759327e-04,1.242437735199928284e-01
5.698000000000000000e+03,7.442017667926847935e-04,1.227587163448333740e-01
5.699000000000000000e+03,8.207884384319186211e-04,1.247424855828285217e-01
5.700000000000000000e+03,9.269724832847714424e-04,1.230159997940063477e-01
5.701000000000000000e+03,1.050619175657629967e-03,1.256032586097717285e-01
5.702000000000000000e+03,1.217000884935259819e-03,1.236900314688682556e-01
5.703000000000000000e+03,1.389322569593787193e-03,1.265734881162643433e-01
5.704000000000000000e+03,1.600066898390650749e-03,1.242542564868927002e-01
5.705000000000000000e+03,1.771075418218970299e-03,1.271656155586242676e-01
5.706000000000000000e+03,1.947396434843540192e-03,1.245904788374900818e-01
5.707000000000000000e+03,2.008739393204450607e-03,1.272377967834472656e-01
5.708000000000000000e+03,2.024332527071237564e-03,1.247347816824913025e-01
5.709000000000000000e+03,1.873906236141920090e-03,1.264410912990570068e-01
5.710000000000000000e+03,1.662646885961294174e-03,1.242724657058715820e-01
5.711000000000000000e+03,1.345247146673500538e-03,1.248313039541244507e-01
5.712000000000000000e+03,1.038666465319693089e-03,1.235813573002815247e-01
5.713000000000000000e+03,7.609712192788720131e-04,1.234188377857208252e-01
5.714000000000000000e+03,5.738225299865007401e-04,1.232029870152473450e-01
5.715000000000000000e+03,4.881250206381082535e-04,1.227473169565200806e-01
5.716000000000000000e+03,4.990294110029935837e-04,1.235661208629608154e-01
5.717000000000000000e+03,5.805645487271249294e-04,1.230268329381942749e-01
5.718000000000000000e+03,6.941965548321604729e-04,1.243781074881553650e-01
5.719000000000000000e+03,8.060208056122064590e-04,1.234943345189094543e-01
5.720000000000000000e+03,8.744535152800381184e-04,1.246735602617263794e-01
5.721000000000000000e+03,8.966995519585907459e-04,1.233343705534934998e-01
5.722000000000000000e+03,8.567117620259523392e-04,1.242384314537048340e-01
5.723000000000000000e+03,7.864215876907110214e-04,1.229540333151817322e-01
5.724000000000000000e+03,6.942123873159289360e-04,1.237816289067268372e-01
5.725000000000000000e+03,6.102304905652999878e-04,1.227952018380165100e-01
5.726000000000000000e+03,5.427979049272835255e-04,1.233694553375244141e-01
5.727000000000000000e+03,5.005904822610318661e-04,1.226647943258285522e-01
5.728000000000000000e+03,4.819794266950339079e-04,1.229713633656501770e-01
5.729000000000000000e+03,4.820718604605644941e-04,1.227386668324470520e-01
5.730000000000000000e+03,4.946292610839009285e-04,1.227887570858001709e-01
5.731000000000000000e+03,5.135802202858030796e-04,1.230344399809837341e-01
5.732000000000000000e+03,5.353160086087882519e-04,1.226953640580177307e-01
5.733000000000000000e+03,5.562800215557217598e-04,1.232784241437911987e-01
5.734000000000000000e+03,5.768913542851805687e-04,1.225293576717376709e-01
5.735000000000000000e+03,5.946935270912945271e-04,1.234940811991691589e-01
5.736000000000000000e+03,6.130389519967138767e-04,1.225052922964096069e-01
5.737000000000000000e+03,6.286328425630927086e-04,1.237888559699058533e-01
5.738000000000000000e+03,6.460659205913543701e-04,1.225375160574913025e-01
5.739000000000000000e+03,6.605581729672849178e-04,1.239870563149452209e-01
5.740000000000000000e+03,6.776500376872718334e-04,1.225221306085586548e-01
5.741000000000000000e+03,6.917513092048466206e-04,1.241210103034973145e-01
5.742000000000000000e+03,7.096077315509319305e-04,1.225662529468536377e-01
5.743000000000000000e+03,7.246229797601699829e-04,1.242575794458389282e-01
5.744000000000000000e+03,7.450859411619603634e-04,1.226411014795303345e-01
5.745000000000000000e+03,7.630634354427456856e-04,1.243350431323051453e-01
5.746000000000000000e+03,7.891529239714145660e-04,1.227080151438713074e-01
5.747000000000000000e+03,8.132412913255393505e-04,1.244376748800277710e-01
5.748000000000000000e+03,8.489078609272837639e-04,1.228769347071647644e-01
5.749000000000000000e+03,8.818134083412587643e-04,1.246027275919914246e-01
5.750000000000000000e+03,9.284585830755531788e-04,1.230539903044700623e-01
5.751000000000000000e+03,9.685834520496428013e-04,1.247665062546730042e-01
5.752000000000000000e+03,1.022761804051697254e-03,1.232422292232513428e-01
5.753000000000000000e+03,1.063000177964568138e-03,1.249566674232482910e-01
5.754000000000000000e+03,1.114266924560070038e-03,1.234345883131027222e-01
5.755000000000000000e+03,1.140270731411874294e-03,1.250853836536407471e-01
5.756000000000000000e+03,1.170472474768757820e-03,1.235568597912788391e-01
5.757000000000000000e+03,1.163803390227258205e-03,1.250856369733810425e-01
5.758000000000000000e+03,1.153687015175819397e-03,1.235800534486770630e-01
5.759000000000000000e+03,1.102226087823510170e-03,1.249235495924949646e-01
5.760000000000000000e+03,1.044650329276919365e-03,1.234727948904037476e-01
5.761000000000000000e+03,9.555101278237998486e-04,1.245745941996574402e-01
5.762000000000000000e+03,8.671086980029940605e-04,1.232347637414932251e-01
5.763000000000000000e+03,7.688695332035422325e-04,1.241245642304420471e-01
5.764000000000000000e+03,6.831855280324816704e-04,1.229843422770500183e-01
5.765000000000000000e+03,6.075270939618349075e-04,1.237065941095352173e-01
5.766000000000000000e+03,5.509066977538168430e-04,1.228131875395774841e-01
5.767000000000000000e+03,5.112068611197173595e-04,1.233776733279228210e-01
5.768000000000000000e+03,4.877852625213563442e-04,1.227604821324348450e-01
5.769000000000000000e+03,4.770990926772356033e-04,1.231451630592346191e-01
5.770000000000000000e+03,4.754790279548615217e-04,1.228157281875610352e-01
5.771000000000000000e+03,4.799003654625266790e-04,1.229750886559486389e-01
5.772000000000000000e+03,4.877054016105830669e-04,1.229374259710311890e-01
5.773000000000000000e+03,4.977904027327895164e-04,1.228256076574325562e-01
5.774000000000000000e+03,5.091523635201156139e-04,1.230911761522293091e-01
5.775000000000000000e+03,5.225474014878273010e-04,1.226937696337699890e-01
5.776000000000000000e+03,5.377285415306687355e-04,1.233023926615715027e-01
5.777000000000000000e+03,5.570118082687258720e-04,1.226151734590530396e-01
5.778000000000000000e+03,5.798324709758162498e-04,1.235901936888694763e-01
5.779000000000000000e+03,6.103313062340021133e-04,1.225977316498756409e-01
5.780000000000000000e+03,6.468039937317371368e-04,1.239707171916961670e-01
5.781000000000000000e+03,6.964557105675339699e-04,1.226711571216583252e-01
5.782000000000000000e+03,7.551359012722969055e-04,1.244858354330062866e-01
5.783000000000000000e+03,8.350897696800529957e-04,1.228935867547988892e-01
5.784000000000000000e+03,9.262379026040434837e-04,1.251620501279830933e-01
5.785000000000000000e+03,1.048075035214424133e-03,1.232934370636940002e-01
5.786000000000000000e+03,1.176670077256858349e-03,1.259426176548004150e-01
5.787000000000000000e+03,1.340187154710292816e-03,1.238172128796577454e-01
5.788000000000000000e+03,1.488063600845634937e-03,1.266457438468933105e-01
5.789000000000000000e+03,1.658190507441759109e-03,1.242824271321296692e-01
5.790000000000000000e+03,1.764768501743674278e-03,1.269408762454986572e-01
5.791000000000000000e+03,1.861456315964460373e-03,1.244673579931259155e-01
5.792000000000000000e+03,1.842478755861520767e-03,1.265451759099960327e-01
5.793000000000000000e+03,1.787232584320008755e-03,1.243671178817749023e-01
5.794000000000000000e+03,1.611048122867941856e-03,1.255370974540710449e-01
5.795000000000000000e+03,1.410864526405930519e-03,1.240650340914726257e-01
5.796000000000000000e+03,1.153071294538676739e-03,1.242251992225646973e-01
5.797000000000000000e+03,9.189721313305199146e-04,1.235998868942260742e-01
5.798000000000000000e+03,7.120157824829220772e-04,1.230727359652519226e-01
5.799000000000000000e+03,5.713108112104237080e-04,1.233515664935112000e-01
5.800000000000000000e+03,5.005917046219110489e-04,1.226800009608268738e-01
5.801000000000000000e+03,4.999631782993674278e-04,1.236823275685310364e-01
5.802000000000000000e+03,5.539286066778004169e-04,1.230212524533271790e-01
5.803000000000000000e+03,6.378963589668273926e-04,1.241897642612457275e-01
5.804000000000000000e+03,7.282502483576536179e-04,1.233014985918998718e-01
5.805000000000000000e+03,7.943512173369526863e-04,1.242588087916374207e-01
5.806000000000000000e+03,8.321226341649889946e-04,1.232407018542289734e-01
5.807000000000000000e+03,8.239217568188905716e-04,1.240692585706710815e-01
5.808000000000000000e+03,7.895320304669439793e-04,1.231537759304046631e-01
5.809000000000000000e+03,7.265046006068587303e-04,1.238407939672470093e-01
5.810000000000000000e+03,6.591193377971649170e-04,1.229780465364456177e-01
5.811000000000000000e+03,5.917495582252740860e-04,1.234810650348663330e-01
5.812000000000000000e+03,5.379458307288587093e-04,1.227315515279769897e-01
5.813000000000000000e+03,4.993769107386469841e-04,1.231908276677131653e-01
5.814000000000000000e+03,4.772988031618297100e-04,1.226849630475044250e-01
5.815000000000000000e+03,4.686879110522568226e-04,1.230562999844551086e-01
5.816000000000000000e+03,4.697071271948516369e-04,1.227460056543350220e-01
5.817000000000000000e+03,4.767841892316937447e-04,1.228766515851020813e-01
5.818000000000000000e+03,4.867655225098133087e-04,1.227961629629135132e-01
5.819000000000000000e+03,4.983029211871325970e-04,1.226985231041908264e-01
5.820000000000000000e+03,5.102409631945192814e-04,1.229665130376815796e-01
5.821000000000000000e+03,5.236172582954168320e-04,1.226147562265396118e-01
5.822000000000000000e+03,5.382162053138017654e-04,1.232223808765411377e-01
5.823000000000000000e+03,5.567184998653829098e-04,1.225398480892181396e-01
5.824000000000000000e+03,5.784602835774421692e-04,1.235050559043884277e-01
5.825000000000000000e+03,6.078229052945971489e-04,1.225088089704513550e-01
5.826000000000000000e+03,6.428477354347705841e-04,1.239013746380805969e-01
5.827000000000000000e+03,6.908198120072484016e-04,1.226070895791053772e-01
5.828000000000000000e+03,7.470389828085899353e-04,1.244220435619354248e-01
5.829000000000000000e+03,8.235065615735948086e-04,1.228170841932296753e-01
5.830000000000000000e+03,9.097576257772743702e-04,1.250597238540649414e-01
5.831000000000000000e+03,1.024910248816013336e-03,1.232053786516189575e-01
5.832000000000000000e+03,1.145430956967175007e-03,1.258141994476318359e-01
5.833000000000000000e+03,1.298812101595103741e-03,1.237352415919303894e-01
5.834000000000000000e+03,1.436533406376838684e-03,1.264859437942504883e-01
5.835000000000000000e+03,1.595148118212819099e-03,1.241889744997024536e-01
5.836000000000000000e+03,1.693787868134677410e-03,1.267744600772857666e-01
5.837000000000000000e+03,1.783896703273057938e-03,1.243923604488372803e-01
5.838000000000000000e+03,1.765924505889415741e-03,1.264438331127166748e-01
5.839000000000000000e+03,1.713876379653811455e-03,1.243242546916007996e-01
5.840000000000000000e+03,1.547345542348921299e-03,1.255269199609756470e-01
5.841000000000000000e+03,1.355954213067889214e-03,1.240274459123611450e-01
5.842000000000000000e+03,1.108527416363358498e-03,1.243054717779159546e-01
5.843000000000000000e+03,8.817751077003777027e-04,1.235628873109817505e-01
5.844000000000000000e+03,6.819801637902855873e-04,1.232141032814979553e-01
5.845000000000000000e+03,5.464891437441110611e-04,1.232926324009895325e-01
5.846000000000000000e+03,4.803523188456892967e-04,1.227854490280151367e-01
5.847000000000000000e+03,4.816584405489265919e-04,1.235800236463546753e-01
5.848000000000000000e+03,5.345594836398959160e-04,1.230417937040328979e-01
5.849000000000000000e+03,6.149709224700927734e-04,1.240957379341125488e-01
5.850000000000000000e+03,7.006610394455492496e-04,1.232977658510208130e-01
5.851000000000000000e+03,7.641179836355149746e-04,1.242479309439659119e-01
5.852000000000000000e+03,8.017591899260878563e-04,1.232420578598976135e-01
5.853000000000000000e+03,7.978607900440692902e-04,1.241316646337509155e-01
5.854000000000000000e+03,7.703055161982774734e-04,1.231458559632301331e-01
5.855000000000000000e+03,7.162776892073452473e-04,1.239580512046813965e-01
5.856000000000000000e+03,6.576625164598226547e-04,1.229843944311141968e-01
5.857000000000000000e+03,5.971544887870550156e-04,1.236369684338569641e-01
5.858000000000000000e+03,5.474227364175021648e-04,1.227393373847007751e-01
5.859000000000000000e+03,5.094147054478526115e-04,1.233318969607353210e-01
5.860000000000000000e+03,4.850481054745614529e-04,1.226620525121688843e-01
5.861000000000000000e+03,4.718828131444752216e-04,1.231587454676628113e-01
5.862000000000000000e+03,4.670395865105092525e-04,1.226962953805923462e-01
5.863000000000000000e+03,4.677760880440473557e-04,1.229553669691085815e-01
5.864000000000000000e+03,4.715301038231700659e-04,1.227222904562950134e-01
5.865000000000000000e+03,4.771990934386849403e-04,1.227504611015319824e-01
5.866000000000000000e+03,4.838505410589277744e-04,1.228551715612411499e-01
5.867000000000000000e+03,4.920345381833612919e-04,1.226400807499885559e-01
5.868000000000000000e+03,5.018133670091629028e-04,1.230738312005996704e-01
5.869000000000000000e+03,5.148054333403706551e-04,1.225407943129539490e-01
5.870000000000000000e+03,5.310962442308664322e-04,1.233122944831848145e-01
5.871000000000000000e+03,5.535387317650020123e-04,1.224706098437309265e-01
5.872000000000000000e+03,5.817660130560398102e-04,1.236570775508880615e-01
5.873000000000000000e+03,6.210408173501491547e-04,1.225156188011169434e-01
5.874000000000000000e+03,6.697762291878461838e-04,1.241465583443641663e-01
5.875000000000000000e+03,7.376293651759624481e-04,1.226790547370910645e-01
5.876000000000000000e+03,8.197120623663067818e-04,1.247999295592308044e-01
5.877000000000000000e+03,9.331611217930912971e-04,1.230471953749656677e-01
5.878000000000000000e+03,1.063177362084388733e-03,1.256724298000335693e-01
5.879000000000000000e+03,1.236734678968787193e-03,1.236592829227447510e-01
5.880000000000000000e+03,1.413982943631708622e-03,1.266157478094100952e-01
5.881000000000000000e+03,1.631603809073567390e-03,1.243006885051727295e-01
5.882000000000000000e+03,1.805569976568222046e-03,1.272639334201812744e-01
5.883000000000000000e+03,1.985664013773202896e-03,1.246698349714279175e-01
5.884000000000000000e+03,2.044626744464039803e-03,1.271828263998031616e-01
5.885000000000000000e+03,2.060533966869115829e-03,1.246812939643859863e-01
5.886000000000000000e+03,1.909609418362379074e-03,1.262630224227905273e-01
5.887000000000000000e+03,1.705724978819489479e-03,1.244417056441307068e-01
5.888000000000000000e+03,1.391145400702953339e-03,1.248136684298515320e-01
5.889000000000000000e+03,1.084229443222284317e-03,1.238982900977134705e-01
5.890000000000000000e+03,7.957079214975237846e-04,1.233222857117652893e-01
5.891000000000000000e+03,5.952424253337085247e-04,1.234478354454040527e-01
5.892000000000000000e+03,4.966898122802376747e-04,1.226915568113327026e-01
5.893000000000000000e+03,5.028771120123565197e-04,1.238669529557228088e-01
5.894000000000000000e+03,5.887426086701452732e-04,1.232671588659286499e-01
5.895000000000000000e+03,7.113335886970162392e-04,1.247280091047286987e-01
5.896000000000000000e+03,8.298038737848401070e-04,1.237558722496032715e-01
5.897000000000000000e+03,8.940381230786442757e-04,1.246985197067260742e-01
5.898000000000000000e+03,9.020768338814377785e-04,1.234330534934997559e-01
5.899000000000000000e+03,8.403039537370204926e-04,1.240764409303665161e-01
5.900000000000000000e+03,7.480026688426733017e-04,1.231523752212524414e-01
5.901000000000000000e+03,6.397130782715976238e-04,1.236735656857490540e-01
5.902000000000000000e+03,5.485889851115643978e-04,1.230239793658256531e-01
5.903000000000000000e+03,4.858974134549498558e-04,1.232301294803619385e-01
5.904000000000000000e+03,4.576077335514128208e-04,1.228399202227592468e-01
5.905000000000000000e+03,4.588945885188877583e-04,1.229071468114852905e-01
5.906000000000000000e+03,4.802503390237689018e-04,1.230219155550003052e-01
5.907000000000000000e+03,5.117001128382980824e-04,1.229434236884117126e-01
5.908000000000000000e+03,5.440233508124947548e-04,1.233803927898406982e-01
5.909000000000000000e+03,5.732728168368339539e-04,1.228592544794082642e-01
5.910000000000000000e+03,5.942356656305491924e-04,1.234968006610870361e-01
5.911000000000000000e+03,6.102182669565081596e-04,1.226610764861106873e-01
5.912000000000000000e+03,6.183913792483508587e-04,1.236769780516624451e-01
5.913000000000000000e+03,6.255580810829997063e-04,1.226784214377403259e-01
5.914000000000000000e+03,6.279123481363058090e-04,1.239202246069908142e-01
5.915000000000000000e+03,6.318325758911669254e-04,1.226548254489898682e-01
5.916000000000000000e+03,6.324093556031584740e-04,1.239852011203765869e-01
5.917000000000000000e+03,6.352835334837436676e-04,1.225643306970596313e-01
5.918000000000000000e+03,6.356330704875290394e-04,1.240340545773506165e-01
5.919000000000000000e+03,6.386093446053564548e-04,1.225896924734115601e-01
5.920000000000000000e+03,6.395531236194074154e-04,1.240749955177307129e-01
5.921000000000000000e+03,6.435307441279292107e-04,1.225752383470535278e-01
5.922000000000000000e+03,6.464160396717488766e-04,1.240235045552253723e-01
5.923000000000000000e+03,6.544251227751374245e-04,1.225801408290863037e-01
5.924000000000000000e+03,6.632695440202951431e-04,1.240582615137100220e-01
5.925000000000000000e+03,6.804922595620155334e-04,1.226991564035415649e-01
5.926000000000000000e+03,7.001137128099799156e-04,1.241658776998519897e-01
5.927000000000000000e+03,7.314237300306558609e-04,1.228174492716789246e-01
5.928000000000000000e+03,7.657461101189255714e-04,1.243319511413574219e-01
5.929000000000000000e+03,8.156836847774684429e-04,1.229799687862396240e-01
5.930000000000000000e+03,8.676936267875134945e-04,1.246229633688926697e-01
5.931000000000000000e+03,9.391077910549938679e-04,1.232154220342636108e-01
5.932000000000000000e+03,1.007836079224944115e-03,1.250007003545761108e-01
5.933000000000000000e+03,1.097403233870863914e-03,1.234895884990692139e-01
5.934000000000000000e+03,1.172194140963256359e-03,1.254107058048248291e-01
5.935000000000000000e+03,1.262467587366700172e-03,1.237805783748626709e-01
5.936000000000000000e+03,1.315734232775866985e-03,1.257302314043045044e-01
5.937000000000000000e+03,1.369182253256440163e-03,1.239686086773872375e-01
5.938000000000000000e+03,1.360079040750861168e-03,1.257603615522384644e-01
5.939000000000000000e+03,1.334335771389305592e-03,1.239683777093887329e-01
5.940000000000000000e+03,1.238706405274569988e-03,1.254260540008544922e-01
5.941000000000000000e+03,1.126216608099639416e-03,1.237548142671585083e-01
5.942000000000000000e+03,9.721565293148159981e-04,1.247685328125953674e-01
5.943000000000000000e+03,8.247230434790253639e-04,1.233634799718856812e-01
5.944000000000000000e+03,6.832986837252974510e-04,1.239866018295288086e-01
5.945000000000000000e+03,5.742082139477133751e-04,1.230107471346855164e-01
5.946000000000000000e+03,4.991523455828428268e-04,1.233886405825614929e-01
5.947000000000000000e+03,4.603161942213773727e-04,1.229625120759010315e-01
5.948000000000000000e+03,4.516866174526512623e-04,1.231176257133483887e-01
5.949000000000000000e+03,4.651086637750267982e-04,1.231745705008506775e-01
5.950000000000000000e+03,4.923100932501256466e-04,1.230076625943183899e-01
5.951000000000000000e+03,5.254959687590599060e-04,1.234372854232788086e-01
5.952000000000000000e+03,5.606077611446380615e-04,1.229258477687835693e-01
5.953000000000000000e+03,5.922814598307013512e-04,1.237120702862739563e-01
5.954000000000000000e+03,6.224920507520437241e-04,1.229036524891853333e-01
5.955000000000000000e+03,6.463913014158606529e-04,1.240056157112121582e-01
5.956000000000000000e+03,6.703091203235089779e-04,1.229069754481315613e-01
5.957000000000000000e+03,6.879732245579361916e-04,1.242510452866554260e-01
5.958000000000000000e+03,7.080323994159698486e-04,1.229003518819808960e-01
5.959000000000000000e+03,7.223308784887194633e-04,1.244682371616363525e-01
5.960000000000000000e+03,7.406463264487683773e-04,1.229350492358207703e-01
5.961000000000000000e+03,7.530988659709692001e-04,1.246635243296623230e-01
5.962000000000000000e+03,7.698952103964984417e-04,1.229712739586830139e-01
5.963000000000000000e+03,7.800735766068100929e-04,1.247801631689071655e-01
5.964000000000000000e+03,7.944442331790924072e-04,1.229845806956291199e-01
5.965000000000000000e+03,8.015707135200500488e-04,1.248347982764244080e-01
5.966000000000000000e+03,8.133220835588872433e-04,1.230184286832809448e-01
5.967000000000000000e+03,8.174781105481088161e-04,1.248454749584197998e-01
5.968000000000000000e+03,8.272116538137197495e-04,1.230525150895118713e-01
5.969000000000000000e+03,8.293949649669229984e-04,1.247873529791831970e-01
5.970000000000000000e+03,8.389737340621650219e-04,1.230762675404548645e-01
5.971000000000000000e+03,8.414953481405973434e-04,1.246981918811798096e-01
5.972000000000000000e+03,8.534747175872325897e-04,1.231223270297050476e-01
5.973000000000000000e+03,8.584237075410783291e-04,1.246074959635734558e-01
5.974000000000000000e+03,8.739901822991669178e-04,1.231752187013626099e-01
5.975000000000000000e+03,8.814898319542407990e-04,1.245257332921028137e-01
5.976000000000000000e+03,8.995786774903535843e-04,1.232388764619827271e-01
5.977000000000000000e+03,9.071842068806290627e-04,1.244823187589645386e-01
5.978000000000000000e+03,9.239328210242092609e-04,1.233159974217414856e-01
5.979000000000000000e+03,9.266102570109069347e-04,1.244654655456542969e-01
5.980000000000000000e+03,9.357873350381851196e-04,1.233674809336662292e-01
5.981000000000000000e+03,9.274203330278396606e-04,1.244403645396232605e-01
5.982000000000000000e+03,9.228494018316268921e-04,1.233751624822616577e-01
5.983000000000000000e+03,8.994060335680842400e-04,1.244012117385864258e-01
5.984000000000000000e+03,8.782589575275778770e-04,1.233401075005531311e-01
5.985000000000000000e+03,8.404983091168105602e-04,1.243262365460395813e-01
5.986000000000000000e+03,8.055658545345067978e-04,1.232498213648796082e-01
5.987000000000000000e+03,7.598914089612662792e-04,1.242142245173454285e-01
5.988000000000000000e+03,7.192962220869958401e-04,1.231260746717453003e-01
5.989000000000000000e+03,6.750738830305635929e-04,1.240822300314903259e-01
5.990000000000000000e+03,6.380878039635717869e-04,1.229914352297782898e-01
5.991000000000000000e+03,6.028206553310155869e-04,1.239449158310890198e-01
5.992000000000000000e+03,5.752678844146430492e-04,1.228646486997604370e-01
5.993000000000000000e+03,5.516625242307782173e-04,1.238166168332099915e-01
5.994000000000000000e+03,5.343504599295556545e-04,1.227641403675079346e-01
5.995000000000000000e+03,5.206401110626757145e-04,1.237123385071754456e-01
5.996000000000000000e+03,5.108908517286181450e-04,1.226968765258789062e-01
5.997000000000000000e+03,5.034612258896231651e-04,1.236238777637481689e-01
5.998000000000000000e+03,4.980539088137447834e-04,1.226442158222198486e-01
5.999000000000000000e+03,4.939734353683888912e-04,1.235456243157386780e-01
6.000000000000000000e+03,4.909767885692417622e-04,1.226049214601516724e-01
6.001000000000000000e+03,4.890306154265999794e-04,1.234870478510856628e-01
6.002000000000000000e+03,4.882954526692628860e-04,1.225768178701400757e-01
6.003000000000000000e+03,4.891138523817062378e-04,1.234597340226173401e-01
6.004000000000000000e+03,4.922432708553969860e-04,1.225526928901672363e-01
6.005000000000000000e+03,4.982319660484790802e-04,1.234838068485260010e-01
6.006000000000000000e+03,5.088893231004476547e-04,1.225433275103569031e-01
6.007000000000000000e+03,5.250922404229640961e-04,1.236049979925155640e-01
6.008000000000000000e+03,5.508271860890090466e-04,1.225733757019042969e-01
6.009000000000000000e+03,5.876441719010472298e-04,1.238861382007598877e-01
6.010000000000000000e+03,6.444191676564514637e-04,1.226956322789192200e-01
6.011000000000000000e+03,7.232428179122507572e-04,1.244300380349159241e-01
6.012000000000000000e+03,8.436802891083061695e-04,1.230262666940689087e-01
6.013000000000000000e+03,1.004501827992498875e-03,1.253788620233535767e-01
6.014000000000000000e+03,1.245383755303919315e-03,1.237260252237319946e-01
6.015000000000000000e+03,1.542055280879139900e-03,1.267798840999603271e-01
6.016000000000000000e+03,1.960862893611192703e-03,1.247092410922050476e-01
6.017000000000000000e+03,2.396552590653300285e-03,1.282545626163482666e-01
6.018000000000000000e+03,2.934620948508381844e-03,1.253235191106796265e-01
6.019000000000000000e+03,3.307747887447476387e-03,1.288328766822814941e-01
6.020000000000000000e+03,3.626323072239756584e-03,1.255230158567428589e-01
6.021000000000000000e+03,3.491184674203395844e-03,1.279560029506683350e-01
6.022000000000000000e+03,3.114297520369291306e-03,1.258410215377807617e-01
6.023000000000000000e+03,2.288664225488901138e-03,1.257858872413635254e-01
6.024000000000000000e+03,1.428663381375372410e-03,1.246359646320343018e-01
6.025000000000000000e+03,7.385851931758224964e-04,1.230584830045700073e-01
6.026000000000000000e+03,4.950488219037652016e-04,1.237004175782203674e-01
6.027000000000000000e+03,6.979242316447198391e-04,1.232226043939590454e-01
6.028000000000000000e+03,1.134737976826727390e-03,1.263107061386108398e-01
6.029000000000000000e+03,1.524762134067714214e-03,1.259647011756896973e-01
6.030000000000000000e+03,1.567602972500026226e-03,1.275593042373657227e-01
6.031000000000000000e+03,1.291455118916928768e-03,1.248800233006477356e-01
6.032000000000000000e+03,8.408838184550404549e-04,1.236728578805923462e-01
6.033000000000000000e+03,5.220092134550213814e-04,1.222654655575752258e-01
6.034000000000000000e+03,4.710565262939780951e-04,1.221462562680244446e-01
6.035000000000000000e+03,6.372595671564340591e-04,1.239644065499305725e-01
6.036000000000000000e+03,8.709221147000789642e-04,1.246117427945137024e-01
6.037000000000000000e+03,1.003019511699676514e-03,1.265013962984085083e-01
6.038000000000000000e+03,9.780235122889280319e-04,1.246597319841384888e-01
6.039000000000000000e+03,8.067414164543151855e-04,1.243466287851333618e-01
6.040000000000000000e+03,6.179761257953941822e-04,1.221281290054321289e-01
6.041000000000000000e+03,5.081099807284772396e-04,1.227688416838645935e-01
6.042000000000000000e+03,4.971876624040305614e-04,1.227996796369552612e-01
6.043000000000000000e+03,5.487598245963454247e-04,1.235868334770202637e-01
6.044000000000000000e+03,6.119276513345539570e-04,1.243167743086814880e-01
6.045000000000000000e+03,6.513800472021102905e-04,1.233944594860076904e-01
6.046000000000000000e+03,6.506977370008826256e-04,1.238307431340217590e-01
6.047000000000000000e+03,6.244978285394608974e-04,1.221995949745178223e-01
6.048000000000000000e+03,5.881586112082004547e-04,1.237174868583679199e-01
6.049000000000000000e+03,5.587514024227857590e-04,1.227448731660842896e-01
6.050000000000000000e+03,5.327017279341816902e-04,1.239311695098876953e-01
6.051000000000000000e+03,5.076352972537279129e-04,1.227195411920547485e-01
6.052000000000000000e+03,4.845996736548841000e-04,1.228560432791709900e-01
6.053000000000000000e+03,4.660711856558918953e-04,1.224843412637710571e-01
6.054000000000000000e+03,4.604044661391526461e-04,1.221876889467239380e-01
6.055000000000000000e+03,4.681093851104378700e-04,1.231629177927970886e-01
6.056000000000000000e+03,4.886062815785408020e-04,1.225224211812019348e-01
6.057000000000000000e+03,5.129322526045143604e-04,1.237800493836402893e-01
6.058000000000000000e+03,5.321865319274365902e-04,1.223266795277595520e-01
6.059000000000000000e+03,5.398611538112163544e-04,1.235221326351165771e-01
6.060000000000000000e+03,5.336771719157695770e-04,1.222739070653915405e-01
6.061000000000000000e+03,5.188843933865427971e-04,1.233970224857330322e-01
6.062000000000000000e+03,5.005726707167923450e-04,1.224995329976081848e-01
6.063000000000000000e+03,4.839158209506422281e-04,1.230736225843429565e-01
6.064000000000000000e+03,4.732637898996472359e-04,1.224684044718742371e-01
6.065000000000000000e+03,4.673691582866013050e-04,1.226955205202102661e-01
6.066000000000000000e+03,4.650348855648189783e-04,1.226089447736740112e-01
6.067000000000000000e+03,4.625615547411143780e-04,1.227611899375915527e-01
6.068000000000000000e+03,4.585879214573651552e-04,1.228528767824172974e-01
6.069000000000000000e+03,4.524534451775252819e-04,1.228438690304756165e-01
6.070000000000000000e+03,4.452683497220277786e-04,1.227218806743621826e-01
6.071000000000000000e+03,4.389429814182221889e-04,1.227400153875350952e-01
6.072000000000000000e+03,4.346287460066378117e-04,1.226020008325576782e-01
6.073000000000000000e+03,4.327067872509360313e-04,1.228641420602798462e-01
6.074000000000000000e+03,4.329097282607108355e-04,1.226165518164634705e-01
6.075000000000000000e+03,4.340292070992290974e-04,1.229494363069534302e-01
6.076000000000000000e+03,4.352248506620526314e-04,1.226837038993835449e-01
6.077000000000000000e+03,4.356739227660000324e-04,1.230225339531898499e-01
6.078000000000000000e+03,4.349627415649592876e-04,1.227112933993339539e-01
6.079000000000000000e+03,4.335416015237569809e-04,1.229400262236595154e-01
6.080000000000000000e+03,4.317720013204962015e-04,1.226933971047401428e-01
6.081000000000000000e+03,4.302976303733885288e-04,1.228517889976501465e-01
6.082000000000000000e+03,4.294409882277250290e-04,1.227627098560333252e-01
6.083000000000000000e+03,4.293150850571691990e-04,1.229119449853897095e-01
6.084000000000000000e+03,4.298840067349374294e-04,1.228819787502288818e-01
6.085000000000000000e+03,4.308714414946734905e-04,1.229024901986122131e-01
6.086000000000000000e+03,4.321582382544875145e-04,1.227859258651733398e-01
6.087000000000000000e+03,4.335909616202116013e-04,1.228306218981742859e-01
6.088000000000000000e+03,4.352506366558372974e-04,1.227359771728515625e-01
6.089000000000000000e+03,4.374404670670628548e-04,1.229852586984634399e-01
6.090000000000000000e+03,4.407395608723163605e-04,1.227629035711288452e-01
6.091000000000000000e+03,4.458666662685573101e-04,1.231315359473228455e-01
6.092000000000000000e+03,4.541516536846756935e-04,1.226316988468170166e-01
6.093000000000000000e+03,4.670475609600543976e-04,1.232857853174209595e-01
6.094000000000000000e+03,4.878061881754547358e-04,1.225399971008300781e-01
6.095000000000000000e+03,5.197052378207445145e-04,1.237354278564453125e-01
6.096000000000000000e+03,5.709385150112211704e-04,1.226845756173133850e-01
6.097000000000000000e+03,6.481445743702352047e-04,1.245119050145149231e-01
6.098000000000000000e+03,7.714508683420717716e-04,1.229660734534263611e-01
6.099000000000000000e+03,9.504304034635424614e-04,1.257833987474441528e-01
6.100000000000000000e+03,1.231107977218925953e-03,1.238754689693450928e-01
6.101000000000000000e+03,1.605231082066893578e-03,1.279928088188171387e-01
6.102000000000000000e+03,2.147137653082609177e-03,1.255391687154769897e-01
6.103000000000000000e+03,2.735343761742115021e-03,1.303986161947250366e-01
6.104000000000000000e+03,3.431247547268867493e-03,1.259634792804718018e-01
6.105000000000000000e+03,3.881712211295962334e-03,1.306840181350708008e-01
6.106000000000000000e+03,4.188814200460910797e-03,1.255586147308349609e-01
6.107000000000000000e+03,3.870190354064106941e-03,1.289962679147720337e-01
6.108000000000000000e+03,3.230347763746976852e-03,1.260465383529663086e-01
6.109000000000000000e+03,2.143881283700466156e-03,1.259886771440505981e-01
6.110000000000000000e+03,1.161336200311779976e-03,1.244290545582771301e-01
6.111000000000000000e+03,5.772807053290307522e-04,1.222618967294692993e-01
6.112000000000000000e+03,5.797006888315081596e-04,1.239578202366828918e-01
6.113000000000000000e+03,1.031724037602543831e-03,1.237559393048286438e-01
6.114000000000000000e+03,1.578777213580906391e-03,1.287006437778472900e-01
6.115000000000000000e+03,1.888811122626066208e-03,1.274137049913406372e-01
6.116000000000000000e+03,1.658841269090771675e-03,1.282961219549179077e-01
6.117000000000000000e+03,1.112850732170045376e-03,1.244192719459533691e-01
6.118000000000000000e+03,6.040089065209031105e-04,1.216058507561683655e-01
6.119000000000000000e+03,4.622650449164211750e-04,1.214287355542182922e-01
6.120000000000000000e+03,6.732890033163130283e-04,1.215801686048507690e-01
6.121000000000000000e+03,1.023927936330437660e-03,1.268485486507415771e-01
6.122000000000000000e+03,1.291024731472134590e-03,1.275963485240936279e-01
6.123000000000000000e+03,1.241015503183007240e-03,1.290486156940460205e-01
6.124000000000000000e+03,9.381133131682872772e-04,1.246182546019554138e-01
6.125000000000000000e+03,5.895772483199834824e-04,1.213704571127891541e-01
6.126000000000000000e+03,4.506178665906190872e-04,1.200293153524398804e-01
6.127000000000000000e+03,5.438125226646661758e-04,1.206372901797294617e-01
6.128000000000000000e+03,7.356630521826446056e-04,1.258052438497543335e-01
6.129000000000000000e+03,9.259665384888648987e-04,1.271977424621582031e-01
6.130000000000000000e+03,9.657210903242230415e-04,1.284831613302230835e-01
6.131000000000000000e+03,8.279258036054670811e-04,1.240756064653396606e-01
6.132000000000000000e+03,6.099719903431832790e-04,1.212333366274833679e-01
6.133000000000000000e+03,4.682191065512597561e-04,1.195620745420455933e-01
6.134000000000000000e+03,4.606472793966531754e-04,1.209627240896224976e-01
6.135000000000000000e+03,5.245083593763411045e-04,1.248624026775360107e-01
6.136000000000000000e+03,6.309488089755177498e-04,1.257579922676086426e-01
6.137000000000000000e+03,7.103701937012374401e-04,1.264701783657073975e-01
6.138000000000000000e+03,7.036087336018681526e-04,1.230524033308029175e-01
6.139000000000000000e+03,6.315612699836492538e-04,1.220244541764259338e-01
6.140000000000000000e+03,5.414246115833520889e-04,1.205031350255012512e-01
6.141000000000000000e+03,4.766572383232414722e-04,1.225500330328941345e-01
6.142000000000000000e+03,4.420002223923802376e-04,1.239234209060668945e-01
6.143000000000000000e+03,4.380202153697609901e-04,1.241054683923721313e-01
6.144000000000000000e+03,4.607501905411481857e-04,1.235015243291854858e-01
6.145000000000000000e+03,4.843744973186403513e-04,1.218021437525749207e-01
6.146000000000000000e+03,5.092766368761658669e-04,1.225315630435943604e-01
6.147000000000000000e+03,5.270884721539914608e-04,1.220757439732551575e-01
6.148000000000000000e+03,5.295188166201114655e-04,1.239802464842796326e-01
6.149000000000000000e+03,5.245325155556201935e-04,1.234387308359146118e-01
6.150000000000000000e+03,5.060789990238845348e-04,1.237840056419372559e-01
6.151000000000000000e+03,4.826513177249580622e-04,1.220820620656013489e-01
6.152000000000000000e+03,4.579892265610396862e-04,1.223463788628578186e-01
6.153000000000000000e+03,4.390081157907843590e-04,1.223984062671661377e-01
6.154000000000000000e+03,4.298574058338999748e-04,1.230409592390060425e-01
6.155000000000000000e+03,4.239589325152337551e-04,1.232676282525062561e-01
6.156000000000000000e+03,4.250568163115531206e-04,1.228646561503410339e-01
6.157000000000000000e+03,4.311867523938417435e-04,1.229009926319122314e-01
6.158000000000000000e+03,4.373908159323036671e-04,1.222114786505699158e-01
6.159000000000000000e+03,4.446798993740230799e-04,1.229504942893981934e-01
6.160000000000000000e+03,4.514119355008006096e-04,1.226623579859733582e-01
6.161000000000000000e+03,4.571517347358167171e-04,1.235155165195465088e-01
6.162000000000000000e+03,4.608922754414379597e-04,1.228666007518768311e-01
6.163000000000000000e+03,4.625760775525122881e-04,1.232839897274971008e-01
6.164000000000000000e+03,4.638436366803944111e-04,1.224766224622726440e-01
6.165000000000000000e+03,4.628142924048006535e-04,1.230856552720069885e-01
6.166000000000000000e+03,4.624439170584082603e-04,1.226304620504379272e-01
6.167000000000000000e+03,4.619449609890580177e-04,1.232462748885154724e-01
6.168000000000000000e+03,4.609237075783312321e-04,1.228366196155548096e-01
6.169000000000000000e+03,4.603485867846757174e-04,1.233741641044616699e-01
6.170000000000000000e+03,4.597590304911136627e-04,1.228203997015953064e-01
6.171000000000000000e+03,4.586310824379324913e-04,1.231792941689491272e-01
6.172000000000000000e+03,4.585764836519956589e-04,1.226058304309844971e-01
6.173000000000000000e+03,4.587722360156476498e-04,1.231484115123748779e-01
6.174000000000000000e+03,4.602679691743105650e-04,1.226478293538093567e-01
6.175000000000000000e+03,4.626397858373820782e-04,1.233601644635200500e-01
6.176000000000000000e+03,4.668306792154908180e-04,1.228673532605171204e-01
6.177000000000000000e+03,4.720907309092581272e-04,1.235517933964729309e-01
6.178000000000000000e+03,4.793327534571290016e-04,1.226866245269775391e-01
6.179000000000000000e+03,4.885840462520718575e-04,1.233946830034255981e-01
6.180000000000000000e+03,5.016343202441930771e-04,1.225158795714378357e-01
6.181000000000000000e+03,5.182608147151768208e-04,1.237257495522499084e-01
6.182000000000000000e+03,5.421689129434525967e-04,1.229069754481315613e-01
6.183000000000000000e+03,5.714169819839298725e-04,1.241996809840202332e-01
6.184000000000000000e+03,6.110920803621411324e-04,1.228724271059036255e-01
6.185000000000000000e+03,6.584427319467067719e-04,1.243142932653427124e-01
6.186000000000000000e+03,7.237993995659053326e-04,1.228172928094863892e-01
6.187000000000000000e+03,8.015735656954348087e-04,1.249951273202896118e-01
6.188000000000000000e+03,9.092679247260093689e-04,1.235591769218444824e-01
6.189000000000000000e+03,1.026499667204916477e-03,1.259914338588714600e-01
6.190000000000000000e+03,1.174167962744832039e-03,1.239386573433876038e-01
6.191000000000000000e+03,1.308950362727046013e-03,1.264266669750213623e-01
6.192000000000000000e+03,1.465616398490965366e-03,1.242183148860931396e-01
6.193000000000000000e+03,1.571467611938714981e-03,1.270439177751541138e-01
6.194000000000000000e+03,1.672636833973228931e-03,1.247513219714164734e-01
6.195000000000000000e+03,1.666244352236390114e-03,1.269733756780624390e-01
6.196000000000000000e+03,1.614502863958477974e-03,1.244584023952484131e-01
6.197000000000000000e+03,1.443503191694617271e-03,1.258542984724044800e-01
6.198000000000000000e+03,1.243849052116274834e-03,1.240150034427642822e-01
6.199000000000000000e+03,9.950301609933376312e-04,1.247440725564956665e-01
6.200000000000000000e+03,7.722994196228682995e-04,1.236050799489021301e-01
6.201000000000000000e+03,5.873201880604028702e-04,1.235718280076980591e-01
6.202000000000000000e+03,4.709276254288852215e-04,1.231967955827713013e-01
6.203000000000000000e+03,4.247596370987594128e-04,1.228489577770233154e-01
6.204000000000000000e+03,4.398266901262104511e-04,1.235199496150016785e-01
6.205000000000000000e+03,4.978429060429334641e-04,1.231422573328018188e-01
6.206000000000000000e+03,5.758279585279524326e-04,1.243384778499603271e-01
6.207000000000000000e+03,6.550151156261563301e-04,1.234507933259010315e-01
6.208000000000000000e+03,7.115161279216408730e-04,1.245451271533966064e-01
6.209000000000000000e+03,7.439397741109132767e-04,1.232580840587615967e-01
6.210000000000000000e+03,7.391521940007805824e-04,1.243965104222297668e-01
6.211000000000000000e+03,7.145993295125663280e-04,1.232035681605339050e-01
6.212000000000000000e+03,6.669670692645013332e-04,1.243042200803756714e-01
6.213000000000000000e+03,6.154056754894554615e-04,1.231232881546020508e-01
6.214000000000000000e+03,5.610013613477349281e-04,1.238970831036567688e-01
6.215000000000000000e+03,5.149380303919315338e-04,1.227986663579940796e-01
6.216000000000000000e+03,4.781362949870526791e-04,1.234319880604743958e-01
6.217000000000000000e+03,4.527441924437880516e-04,1.227519363164901733e-01
6.218000000000000000e+03,4.370353417471051216e-04,1.232592612504959106e-01
6.219000000000000000e+03,4.289972712285816669e-04,1.228672489523887634e-01
6.220000000000000000e+03,4.266926553100347519e-04,1.230172738432884216e-01
6.221000000000000000e+03,4.282839945517480373e-04,1.228832304477691650e-01
6.222000000000000000e+03,4.327544011175632477e-04,1.227773576974868774e-01
6.223000000000000000e+03,4.392995615489780903e-04,1.230204701423645020e-01
6.224000000000000000e+03,4.479759663809090853e-04,1.227034032344818115e-01
6.225000000000000000e+03,4.585633869282901287e-04,1.232657209038734436e-01
6.226000000000000000e+03,4.720627912320196629e-04,1.226447373628616333e-01
6.227000000000000000e+03,4.882277280557900667e-04,1.234738901257514954e-01
6.228000000000000000e+03,5.092532956041395664e-04,1.225761771202087402e-01
6.229000000000000000e+03,5.345891113393008709e-04,1.237665489315986633e-01
6.230000000000000000e+03,5.686256336048245430e-04,1.226364970207214355e-01
6.231000000000000000e+03,6.097524892538785934e-04,1.242039874196052551e-01
6.232000000000000000e+03,6.658537313342094421e-04,1.227928549051284790e-01
6.233000000000000000e+03,7.325553451664745808e-04,1.247721239924430847e-01
6.234000000000000000e+03,8.235265850089490414e-04,1.231239140033721924e-01
6.235000000000000000e+03,9.267157292924821377e-04,1.255380362272262573e-01
6.236000000000000000e+03,1.063790870830416679e-03,1.236439794301986694e-01
6.237000000000000000e+03,1.204416621476411819e-03,1.263751089572906494e-01
6.238000000000000000e+03,1.379170804284512997e-03,1.242154091596603394e-01
6.239000000000000000e+03,1.525168190710246563e-03,1.270357668399810791e-01
6.240000000000000000e+03,1.684557297267019749e-03,1.246335729956626892e-01
6.241000000000000000e+03,1.758408267050981522e-03,1.271357238292694092e-01
6.242000000000000000e+03,1.809507259167730808e-03,1.246710643172264099e-01
6.243000000000000000e+03,1.731766853481531143e-03,1.264514327049255371e-01
6.244000000000000000e+03,1.615146407857537270e-03,1.244964003562927246e-01
6.245000000000000000e+03,1.391393016092479229e-03,1.253047734498977661e-01
6.246000000000000000e+03,1.157394726760685444e-03,1.241384074091911316e-01
6.247000000000000000e+03,9.003099985420703888e-04,1.239452585577964783e-01
6.248000000000000000e+03,6.892409874126315117e-04,1.236448064446449280e-01
6.249000000000000000e+03,5.354939494282007217e-04,1.229698657989501953e-01
6.250000000000000000e+03,4.610846517607569695e-04,1.236642003059387207e-01
6.251000000000000000e+03,4.611293843481689692e-04,1.230351105332374573e-01
6.252000000000000000e+03,5.201645544730126858e-04,1.243363618850708008e-01
6.253000000000000000e+03,6.120293983258306980e-04,1.235687136650085449e-01
6.254000000000000000e+03,7.016077870503067970e-04,1.247230619192123413e-01
6.255000000000000000e+03,7.700978312641382217e-04,1.235962286591529846e-01
6.256000000000000000e+03,7.903212681412696838e-04,1.244445815682411194e-01
6.257000000000000000e+03,7.747320923954248428e-04,1.234183087944984436e-01
6.258000000000000000e+03,7.175893988460302353e-04,1.241394355893135071e-01
6.259000000000000000e+03,6.466347258538007736e-04,1.233399137854576111e-01
6.260000000000000000e+03,5.683489143848419189e-04,1.237635016441345215e-01
6.261000000000000000e+03,5.022159311920404434e-04,1.230715811252593994e-01
6.262000000000000000e+03,4.534426261670887470e-04,1.232768669724464417e-01
6.263000000000000000e+03,4.260052228346467018e-04,1.229112371802330017e-01
6.264000000000000000e+03,4.174770438112318516e-04,1.231005117297172546e-01
6.265000000000000000e+03,4.232669598422944546e-04,1.230736374855041504e-01
6.266000000000000000e+03,4.381684702821075916e-04,1.230435222387313843e-01
6.267000000000000000e+03,4.572914913296699524e-04,1.231768205761909485e-01
6.268000000000000000e+03,4.778642032761126757e-04,1.228593587875366211e-01
6.269000000000000000e+03,4.971540765836834908e-04,1.232862025499343872e-01
6.270000000000000000e+03,5.162237794138491154e-04,1.227985471487045288e-01
6.271000000000000000e+03,5.334626184776425362e-04,1.235637962818145752e-01
6.272000000000000000e+03,5.526873283088207245e-04,1.228154078125953674e-01
6.273000000000000000e+03,5.714692524634301662e-04,1.238261908292770386e-01
6.274000000000000000e+03,5.953789222985506058e-04,1.227673143148422241e-01
6.275000000000000000e+03,6.202828371897339821e-04,1.241021975874900818e-01
6.276000000000000000e+03,6.539348978549242020e-04,1.228370368480682373e-01
6.277000000000000000e+03,6.894145626574754715e-04,1.245222538709640503e-01
6.278000000000000000e+03,7.369056111201643944e-04,1.230075135827064514e-01
6.279000000000000000e+03,7.850979454815387726e-04,1.249538064002990723e-01
6.280000000000000000e+03,8.475657086819410324e-04,1.232040077447891235e-01
6.281000000000000000e+03,9.066598722711205482e-04,1.254163235425949097e-01
6.282000000000000000e+03,9.805595036596059799e-04,1.235270798206329346e-01
6.283000000000000000e+03,1.041557872667908669e-03,1.258636116981506348e-01
6.284000000000000000e+03,1.112486701458692551e-03,1.238122805953025818e-01
6.285000000000000000e+03,1.154410652816295624e-03,1.260597854852676392e-01
6.286000000000000000e+03,1.197414589114487171e-03,1.239428222179412842e-01
6.287000000000000000e+03,1.196273951791226864e-03,1.259481161832809448e-01
6.288000000000000000e+03,1.189731876365840435e-03,1.239563599228858948e-01
6.289000000000000000e+03,1.135007245466113091e-03,1.255145817995071411e-01
6.290000000000000000e+03,1.075166859664022923e-03,1.238099560141563416e-01
6.291000000000000000e+03,9.793384233489632607e-04,1.248314604163169861e-01
6.292000000000000000e+03,8.861123351380228996e-04,1.236103847622871399e-01
6.293000000000000000e+03,7.788953371345996857e-04,1.241406202316284180e-01
6.294000000000000000e+03,6.836728425696492195e-04,1.234253868460655212e-01
6.295000000000000000e+03,5.944761214777827263e-04,1.235453262925148010e-01
6.296000000000000000e+03,5.236759898252785206e-04,1.232853308320045471e-01
6.297000000000000000e+03,4.697322729043662548e-04,1.231583356857299805e-01
6.298000000000000000e+03,4.352869000285863876e-04,1.232823133468627930e-01
6.299000000000000000e+03,4.183674464002251625e-04,1.230181455612182617e-01
6.300000000000000000e+03,4.167294828221201897e-04,1.233801171183586121e-01
6.301000000000000000e+03,4.269786004442721605e-04,1.229778528213500977e-01
6.302000000000000000e+03,4.455403541214764118e-04,1.234812662005424500e-01
6.303000000000000000e+03,4.695933894254267216e-04,1.229714974761009216e-01
6.304000000000000000e+03,4.959191428497433662e-04,1.236235797405242920e-01
6.305000000000000000e+03,5.244018975645303726e-04,1.230180487036705017e-01
6.306000000000000000e+03,5.519185797311365604e-04,1.238025054335594177e-01
6.307000000000000000e+03,5.817189812660217285e-04,1.230461746454238892e-01
6.308000000000000000e+03,6.097775185480713844e-04,1.239774897694587708e-01
6.309000000000000000e+03,6.427790503948926926e-04,1.230674162507057190e-01
6.310000000000000000e+03,6.746292929165065289e-04,1.242222189903259277e-01
6.311000000000000000e+03,7.154619670473039150e-04,1.231588125228881836e-01
6.312000000000000000e+03,7.554054609499871731e-04,1.245540454983711243e-01
6.313000000000000000e+03,8.084410801529884338e-04,1.232872679829597473e-01
6.314000000000000000e+03,8.588881464675068855e-04,1.249257847666740417e-01
6.315000000000000000e+03,9.256466873921453953e-04,1.234706193208694458e-01
6.316000000000000000e+03,9.843439329415559769e-04,1.253540515899658203e-01
6.317000000000000000e+03,1.059375004842877388e-03,1.237267106771469116e-01
6.318000000000000000e+03,1.114332349970936775e-03,1.257373690605163574e-01
6.319000000000000000e+03,1.179349957965314388e-03,1.239332556724548340e-01
6.320000000000000000e+03,1.206775079481303692e-03,1.259123384952545166e-01
6.321000000000000000e+03,1.233349903486669064e-03,1.240274459123611450e-01
6.322000000000000000e+03,1.207778695970773697e-03,1.258054077625274658e-01
6.323000000000000000e+03,1.172870048321783543e-03,1.239737942814826965e-01
6.324000000000000000e+03,1.086964737623929977e-03,1.253602802753448486e-01
6.325000000000000000e+03,9.946483187377452850e-04,1.237356960773468018e-01
6.326000000000000000e+03,8.737281896173954010e-04,1.246679797768592834e-01
6.327000000000000000e+03,7.607570150867104530e-04,1.234294921159744263e-01
6.328000000000000000e+03,6.491888780146837234e-04,1.239658147096633911e-01
6.329000000000000000e+03,5.587526247836649418e-04,1.232049837708473206e-01
6.330000000000000000e+03,4.879758635070174932e-04,1.234244704246520996e-01
6.331000000000000000e+03,4.411505651660263538e-04,1.231457740068435669e-01
6.332000000000000000e+03,4.154808120802044868e-04,1.231170594692230225e-01
6.333000000000000000e+03,4.078753408975899220e-04,1.232553496956825256e-01
6.334000000000000000e+03,4.141348181292414665e-04,1.229986473917961121e-01
6.335000000000000000e+03,4.301616572774946690e-04,1.234433129429817200e-01
6.336000000000000000e+03,4.526644188445061445e-04,1.229573935270309448e-01
6.337000000000000000e+03,4.785266355611383915e-04,1.236438825726509094e-01
6.338000000000000000e+03,5.071593914180994034e-04,1.229558661580085754e-01
6.339000000000000000e+03,5.358482012525200844e-04,1.238683760166168213e-01
6.340000000000000000e+03,5.673503619618713856e-04,1.229950934648513794e-01
6.341000000000000000e+03,5.979881389066576958e-04,1.241240724921226501e-01
6.342000000000000000e+03,6.338539533317089081e-04,1.230576634407043457e-01
6.343000000000000000e+03,6.688837893307209015e-04,1.244153231382369995e-01
6.344000000000000000e+03,7.127185235731303692e-04,1.231576055288314819e-01
6.345000000000000000e+03,7.553945179097354412e-04,1.247750148177146912e-01
6.346000000000000000e+03,8.105541346594691277e-04,1.233232095837593079e-01
6.347000000000000000e+03,8.622620371170341969e-04,1.251940876245498657e-01
6.348000000000000000e+03,9.287473512813448906e-04,1.235371977090835571e-01
6.349000000000000000e+03,9.854737436398863792e-04,1.256294697523117065e-01
6.350000000000000000e+03,1.055632252246141434e-03,1.237832978367805481e-01
6.351000000000000000e+03,1.104097813367843628e-03,1.260006725788116455e-01
6.352000000000000000e+03,1.159048406407237053e-03,1.239884048700332642e-01
6.353000000000000000e+03,1.176387304440140724e-03,1.261564493179321289e-01
6.354000000000000000e+03,1.189781585708260536e-03,1.240473464131355286e-01
6.355000000000000000e+03,1.154665253125131130e-03,1.259708851575851440e-01
6.356000000000000000e+03,1.110239769332110882e-03,1.239224746823310852e-01
6.357000000000000000e+03,1.023049466311931610e-03,1.254466772079467773e-01
6.358000000000000000e+03,9.328899905085563660e-04,1.236522868275642395e-01
6.359000000000000000e+03,8.224071934819221497e-04,1.247076541185379028e-01
6.360000000000000000e+03,7.223816355690360069e-04,1.233518645167350769e-01
6.361000000000000000e+03,6.264466792345046997e-04,1.239748671650886536e-01
6.362000000000000000e+03,5.499206017702817917e-04,1.231764629483222961e-01
6.363000000000000000e+03,4.896845784969627857e-04,1.234235391020774841e-01
6.364000000000000000e+03,4.486570251174271107e-04,1.231801137328147888e-01
6.365000000000000000e+03,4.237515968270599842e-04,1.230858489871025085e-01
6.366000000000000000e+03,4.127810825593769550e-04,1.233179941773414612e-01
6.367000000000000000e+03,4.126896383240818977e-04,1.229064613580703735e-01
6.368000000000000000e+03,4.209742473904043436e-04,1.235313937067985535e-01
6.369000000000000000e+03,4.354311386123299599e-04,1.228282675147056580e-01
6.370000000000000000e+03,4.546657728496938944e-04,1.237938329577445984e-01
6.371000000000000000e+03,4.779570735991001129e-04,1.228159740567207336e-01
6.372000000000000000e+03,5.046864389441907406e-04,1.241082921624183655e-01
6.373000000000000000e+03,5.359039641916751862e-04,1.228620484471321106e-01
6.374000000000000000e+03,5.708858370780944824e-04,1.244932711124420166e-01
6.375000000000000000e+03,6.124406936578452587e-04,1.229742094874382019e-01
6.376000000000000000e+03,6.585856899619102478e-04,1.249660402536392212e-01
6.377000000000000000e+03,7.135630585253238678e-04,1.231729835271835327e-01
6.378000000000000000e+03,7.724063470959663391e-04,1.255141496658325195e-01
6.379000000000000000e+03,8.400837541557848454e-04,1.234589442610740662e-01
6.380000000000000000e+03,9.060848969966173172e-04,1.260461211204528809e-01
6.381000000000000000e+03,9.757929947227239609e-04,1.237593740224838257e-01
6.382000000000000000e+03,1.031274674460291862e-03,1.263739615678787231e-01
6.383000000000000000e+03,1.082310336641967297e-03,1.239373236894607544e-01
6.384000000000000000e+03,1.105631119571626186e-03,1.263017654418945312e-01
6.385000000000000000e+03,1.125327427871525288e-03,1.239202469587326050e-01
6.386000000000000000e+03,1.117686973884701729e-03,1.258268803358078003e-01
6.387000000000000000e+03,1.124807866290211678e-03,1.238533109426498413e-01
6.388000000000000000e+03,1.121165580116212368e-03,1.252275854349136353e-01
6.389000000000000000e+03,1.153499470092356205e-03,1.239866986870765686e-01
6.390000000000000000e+03,1.185137429274618626e-03,1.248175576329231262e-01
6.391000000000000000e+03,1.254031201824545860e-03,1.243027448654174805e-01
6.392000000000000000e+03,1.297941780649125576e-03,1.246065720915794373e-01
6.393000000000000000e+03,1.347023644484579563e-03,1.244039833545684814e-01
6.394000000000000000e+03,1.311420346610248089e-03,1.243892908096313477e-01
6.395000000000000000e+03,1.237319665960967541e-03,1.240183040499687195e-01
6.396000000000000000e+03,1.071660313755273819e-03,1.243117302656173706e-01
6.397000000000000000e+03,8.980621350929141045e-04,1.236157715320587158e-01
6.398000000000000000e+03,7.312397938221693039e-04,1.246337071061134338e-01
6.399000000000000000e+03,6.224561948329210281e-04,1.235059872269630432e-01
6.400000000000000000e+03,5.656231660395860672e-04,1.247311010956764221e-01
6.401000000000000000e+03,5.460724933072924614e-04,1.231512203812599182e-01
6.402000000000000000e+03,5.372108425945043564e-04,1.240786910057067871e-01
6.403000000000000000e+03,5.157099803909659386e-04,1.228254586458206177e-01
6.404000000000000000e+03,4.851814010180532932e-04,1.233202368021011353e-01
6.405000000000000000e+03,4.542690003290772438e-04,1.232933923602104187e-01
6.406000000000000000e+03,4.440597258508205414e-04,1.230654343962669373e-01
6.407000000000000000e+03,4.619551182258874178e-04,1.240728497505187988e-01
6.408000000000000000e+03,5.021848483011126518e-04,1.230055913329124451e-01
6.409000000000000000e+03,5.467212176881730556e-04,1.244876235723495483e-01
6.410000000000000000e+03,5.800680373795330524e-04,1.230059936642646790e-01
6.411000000000000000e+03,5.924578872509300709e-04,1.244964227080345154e-01
6.412000000000000000e+03,5.884346319362521172e-04,1.230836734175682068e-01
6.413000000000000000e+03,5.757223116233944893e-04,1.241192296147346497e-01
6.414000000000000000e+03,5.698461900465190411e-04,1.230203211307525635e-01
6.415000000000000000e+03,5.731411511078476906e-04,1.236493214964866638e-01
6.416000000000000000e+03,5.905982106924057007e-04,1.230239495635032654e-01
6.417000000000000000e+03,6.114413263276219368e-04,1.235612928867340088e-01
6.418000000000000000e+03,6.363939028233289719e-04,1.230933964252471924e-01
6.419000000000000000e+03,6.555576110258698463e-04,1.237774342298507690e-01
6.420000000000000000e+03,6.796793895773589611e-04,1.230514720082283020e-01
6.421000000000000000e+03,7.044892990961670876e-04,1.241836249828338623e-01
6.422000000000000000e+03,7.472425349988043308e-04,1.231123283505439758e-01
6.423000000000000000e+03,7.983542163856327534e-04,1.248584464192390442e-01
6.424000000000000000e+03,8.743782527744770050e-04,1.234297305345535278e-01
6.425000000000000000e+03,9.514690027572214603e-04,1.255382597446441650e-01
6.426000000000000000e+03,1.049053156748414040e-03,1.237719729542732239e-01
6.427000000000000000e+03,1.130118034780025482e-03,1.259669214487075806e-01
6.428000000000000000e+03,1.225611893460154533e-03,1.240450367331504822e-01
6.429000000000000000e+03,1.286200131289660931e-03,1.260956674814224243e-01
6.430000000000000000e+03,1.355220796540379524e-03,1.241874545812606812e-01
6.431000000000000000e+03,1.369883888401091099e-03,1.259227246046066284e-01
6.432000000000000000e+03,1.380234258249402046e-03,1.241805404424667358e-01
6.433000000000000000e+03,1.319232163950800896e-03,1.255519092082977295e-01
6.434000000000000000e+03,1.240901066921651363e-03,1.240643784403800964e-01
6.435000000000000000e+03,1.098119886592030525e-03,1.250797808170318604e-01
6.436000000000000000e+03,9.473354439251124859e-04,1.237879917025566101e-01
6.437000000000000000e+03,7.779459701851010323e-04,1.244988366961479187e-01
6.438000000000000000e+03,6.337156519293785095e-04,1.234076619148254395e-01
6.439000000000000000e+03,5.199338193051517010e-04,1.239058598875999451e-01
6.440000000000000000e+03,4.494534805417060852e-04,1.231382265686988831e-01
6.441000000000000000e+03,4.173894994892179966e-04,1.234089434146881104e-01
6.442000000000000000e+03,4.148996085859835148e-04,1.231821179389953613e-01
6.443000000000000000e+03,4.317414422985166311e-04,1.231385916471481323e-01
6.444000000000000000e+03,4.593895282596349716e-04,1.235954314470291138e-01
6.445000000000000000e+03,4.936930490657687187e-04,1.231226697564125061e-01
6.446000000000000000e+03,5.298724281601607800e-04,1.241232231259346008e-01
6.447000000000000000e+03,5.676229484379291534e-04,1.231802701950073242e-01
6.448000000000000000e+03,5.991891957819461823e-04,1.244689822196960449e-01
6.449000000000000000e+03,6.265175179578363895e-04,1.232086196541786194e-01
6.450000000000000000e+03,6.406859029084444046e-04,1.245661452412605286e-01
6.451000000000000000e+03,6.487165810540318489e-04,1.232190430164337158e-01
6.452000000000000000e+03,6.442819721996784210e-04,1.244317665696144104e-01
6.453000000000000000e+03,6.384999724105000496e-04,1.231656819581985474e-01
6.454000000000000000e+03,6.265400443226099014e-04,1.241588294506072998e-01
6.455000000000000000e+03,6.190314306877553463e-04,1.231058239936828613e-01
6.456000000000000000e+03,6.098488811403512955e-04,1.239521652460098267e-01
6.457000000000000000e+03,6.066669593565165997e-04,1.231006532907485962e-01
6.458000000000000000e+03,6.022488232702016830e-04,1.238822788000106812e-01
6.459000000000000000e+03,6.032169330865144730e-04,1.230735108256340027e-01
6.460000000000000000e+03,6.031333468854427338e-04,1.239030361175537109e-01
6.461000000000000000e+03,6.095622666180133820e-04,1.230244189500808716e-01
6.462000000000000000e+03,6.167429964989423752e-04,1.240492761135101318e-01
6.463000000000000000e+03,6.332777556963264942e-04,1.230399310588836670e-01
6.464000000000000000e+03,6.521927425637841225e-04,1.243105381727218628e-01
6.465000000000000000e+03,6.832436192780733109e-04,1.231153458356857300e-01
6.466000000000000000e+03,7.166585419327020645e-04,1.246208548545837402e-01
6.467000000000000000e+03,7.649156614206731319e-04,1.232562437653541565e-01
6.468000000000000000e+03,8.138879202306270599e-04,1.249762848019599915e-01
6.469000000000000000e+03,8.808700367808341980e-04,1.234840005636215210e-01
6.470000000000000000e+03,9.442945010960102081e-04,1.253479272127151489e-01
6.471000000000000000e+03,1.027764286845922470e-03,1.237459704279899597e-01
6.472000000000000000e+03,1.097816741093993187e-03,1.256722807884216309e-01
6.473000000000000000e+03,1.185294822789728642e-03,1.239930987358093262e-01
6.474000000000000000e+03,1.241292688064277172e-03,1.258944422006607056e-01
6.475000000000000000e+03,1.303989207372069359e-03,1.241742819547653198e-01
6.476000000000000000e+03,1.311664469540119171e-03,1.259205341339111328e-01
6.477000000000000000e+03,1.309881103225052357e-03,1.242156624794006348e-01
6.478000000000000000e+03,1.238976023159921169e-03,1.256690025329589844e-01
6.479000000000000000e+03,1.151127275079488754e-03,1.240810528397560120e-01
6.480000000000000000e+03,1.010006177239120007e-03,1.251514852046966553e-01
6.481000000000000000e+03,8.670133538544178009e-04,1.237686201930046082e-01
6.482000000000000000e+03,7.150169112719595432e-04,1.244621574878692627e-01
6.483000000000000000e+03,5.888399318791925907e-04,1.233838573098182678e-01
6.484000000000000000e+03,4.915965255349874496e-04,1.237956061959266663e-01
6.485000000000000000e+03,4.320318694226443768e-04,1.231624558568000793e-01
6.486000000000000000e+03,4.059243656229227781e-04,1.233556494116783142e-01
6.487000000000000000e+03,4.061612708028405905e-04,1.232751533389091492e-01
6.488000000000000000e+03,4.241897549945861101e-04,1.231804937124252319e-01
6.489000000000000000e+03,4.522226809058338404e-04,1.236210390925407410e-01
6.490000000000000000e+03,4.855668812524527311e-04,1.231376007199287415e-01
6.491000000000000000e+03,5.192841053940355778e-04,1.240042373538017273e-01
6.492000000000000000e+03,5.537512479349970818e-04,1.231442838907241821e-01
6.493000000000000000e+03,5.836159107275307178e-04,1.243423819541931152e-01
6.494000000000000000e+03,6.128223030827939510e-04,1.231960132718086243e-01
6.495000000000000000e+03,6.339456886053085327e-04,1.245710253715515137e-01
6.496000000000000000e+03,6.538170855492353439e-04,1.232299208641052246e-01
6.497000000000000000e+03,6.640669307671487331e-04,1.246279552578926086e-01
6.498000000000000000e+03,6.743691046722233295e-04,1.232192069292068481e-01
6.499000000000000000e+03,6.764029385522007942e-04,1.245665103197097778e-01
6.500000000000000000e+03,6.817893008701503277e-04,1.232119798660278320e-01
6.501000000000000000e+03,6.817745743319392204e-04,1.244707927107810974e-01
6.502000000000000000e+03,6.884998292662203312e-04,1.232174113392829895e-01
6.503000000000000000e+03,6.919201696291565895e-04,1.243947222828865051e-01
6.504000000000000000e+03,7.041448261588811874e-04,1.232366785407066345e-01
6.505000000000000000e+03,7.135181804187595844e-04,1.243931427597999573e-01
6.506000000000000000e+03,7.327492348849773407e-04,1.232809945940971375e-01
6.507000000000000000e+03,7.483959197998046875e-04,1.244903504848480225e-01
6.508000000000000000e+03,7.748405914753675461e-04,1.233452856540679932e-01
6.509000000000000000e+03,7.961833616718649864e-04,1.246717125177383423e-01
6.510000000000000000e+03,8.293180726468563080e-04,1.234324946999549866e-01
6.511000000000000000e+03,8.546622120775282383e-04,1.249159947037696838e-01
6.512000000000000000e+03,8.919431129470467567e-04,1.235483661293983459e-01
6.513000000000000000e+03,9.165470255538821220e-04,1.251745074987411499e-01
6.514000000000000000e+03,9.509529918432235718e-04,1.236785426735877991e-01
6.515000000000000000e+03,9.653787128627300262e-04,1.253747195005416870e-01
6.516000000000000000e+03,9.849083144217729568e-04,1.237788274884223938e-01
6.517000000000000000e+03,9.772457415238022804e-04,1.254288703203201294e-01
6.518000000000000000e+03,9.697210625745356083e-04,1.238017678260803223e-01
6.519000000000000000e+03,9.327463340014219284e-04,1.252875030040740967e-01
6.520000000000000000e+03,8.943331777118146420e-04,1.237235963344573975e-01
6.521000000000000000e+03,8.325760136358439922e-04,1.249635219573974609e-01
6.522000000000000000e+03,7.727062329649925232e-04,1.235659345984458923e-01
6.523000000000000000e+03,7.019337499514222145e-04,1.245338246226310730e-01
6.524000000000000000e+03,6.386302411556243896e-04,1.233794391155242920e-01
6.525000000000000000e+03,5.765440291725099087e-04,1.241006553173065186e-01
6.526000000000000000e+03,5.254185525700449944e-04,1.232266128063201904e-01
6.527000000000000000e+03,4.820323083549737930e-04,1.237406283617019653e-01
6.528000000000000000e+03,4.493439337238669395e-04,1.231344267725944519e-01
6.529000000000000000e+03,4.250628990121185780e-04,1.234716251492500305e-01
6.530000000000000000e+03,4.086834960617125034e-04,1.230948045849800110e-01
6.531000000000000000e+03,3.983420028816908598e-04,1.232765838503837585e-01
6.532000000000000000e+03,3.927028737962245941e-04,1.230951324105262756e-01
6.533000000000000000e+03,3.904548357240855694e-04,1.231383755803108215e-01
6.534000000000000000e+03,3.906271304003894329e-04,1.231283247470855713e-01
6.535000000000000000e+03,3.925542696379125118e-04,1.230349391698837280e-01
6.536000000000000000e+03,3.958660818170756102e-04,1.231848448514938354e-01
6.537000000000000000e+03,4.005132359452545643e-04,1.229495555162429810e-01
6.538000000000000000e+03,4.065915709361433983e-04,1.232701092958450317e-01
6.539000000000000000e+03,4.147040017414838076e-04,1.228795722126960754e-01
6.540000000000000000e+03,4.253519000485539436e-04,1.234028264880180359e-01
6.541000000000000000e+03,4.401707847137004137e-04,1.228303909301757812e-01
6.542000000000000000e+03,4.601951222866773605e-04,1.236179396510124207e-01
6.543000000000000000e+03,4.892556462436914444e-04,1.228259727358818054e-01
6.544000000000000000e+03,5.291819106787443161e-04,1.239881888031959534e-01
6.545000000000000000e+03,5.888461018912494183e-04,1.229366585612297058e-01
6.546000000000000000e+03,6.706276908516883850e-04,1.246368139982223511e-01
6.547000000000000000e+03,7.943683303892612457e-04,1.232968047261238098e-01
6.548000000000000000e+03,9.584750514477491379e-04,1.257145106792449951e-01
6.549000000000000000e+03,1.202951883897185326e-03,1.240548640489578247e-01
6.550000000000000000e+03,1.500561484135687351e-03,1.272454112768173218e-01
6.551000000000000000e+03,1.916728448122739792e-03,1.250330209732055664e-01
6.552000000000000000e+03,2.338588470593094826e-03,1.287288069725036621e-01
6.553000000000000000e+03,2.851119497790932655e-03,1.254298537969589233e-01
6.554000000000000000e+03,3.184831235557794571e-03,1.290868222713470459e-01
6.555000000000000000e+03,3.459238447248935699e-03,1.255011707544326782e-01
6.556000000000000000e+03,3.293144749477505684e-03,1.280777901411056519e-01
6.557000000000000000e+03,2.905695699155330658e-03,1.258687376976013184e-01
6.558000000000000000e+03,2.114757196977734566e-03,1.258895546197891235e-01
6.559000000000000000e+03,1.311450265347957611e-03,1.247732862830162048e-01
6.560000000000000000e+03,6.808847538195550442e-04,1.231819093227386475e-01
6.561000000000000000e+03,4.665677261073142290e-04,1.240440234541893005e-01
6.562000000000000000e+03,6.615457823500037193e-04,1.235376074910163879e-01
6.563000000000000000e+03,1.071005593985319138e-03,1.268662512302398682e-01
6.564000000000000000e+03,1.435736659914255142e-03,1.262284517288208008e-01
6.565000000000000000e+03,1.473108073696494102e-03,1.277826428413391113e-01
6.566000000000000000e+03,1.211225986480712891e-03,1.249068975448608398e-01
6.567000000000000000e+03,7.840354810468852520e-04,1.235719174146652222e-01
6.568000000000000000e+03,4.760870069731026888e-04,1.226020976901054382e-01
6.569000000000000000e+03,4.169240710325539112e-04,1.224809512495994568e-01
6.570000000000000000e+03,5.700355395674705505e-04,1.246372610330581665e-01
6.571000000000000000e+03,8.010764140635728836e-04,1.250964999198913574e-01
6.572000000000000000e+03,9.419417474418878555e-04,1.268118768930435181e-01
6.573000000000000000e+03,9.250472649000585079e-04,1.247339844703674316e-01
6.574000000000000000e+03,7.562758401036262512e-04,1.242149993777275085e-01
6.575000000000000000e+03,5.621065502054989338e-04,1.224077120423316956e-01
6.576000000000000000e+03,4.404752107802778482e-04,1.229210495948791504e-01
6.577000000000000000e+03,4.237728426232933998e-04,1.233374997973442078e-01
6.578000000000000000e+03,4.808813682757318020e-04,1.238744333386421204e-01
6.579000000000000000e+03,5.616692360490560532e-04,1.245833337306976318e-01
6.580000000000000000e+03,6.175012676976621151e-04,1.236090287566184998e-01
6.581000000000000000e+03,6.204046076163649559e-04,1.239186227321624756e-01
6.582000000000000000e+03,5.865144194103777409e-04,1.225295886397361755e-01
6.583000000000000000e+03,5.327739054337143898e-04,1.238178834319114685e-01
6.584000000000000000e+03,4.891207208856940269e-04,1.231045648455619812e-01
6.585000000000000000e+03,4.595528589561581612e-04,1.240053176879882812e-01
6.586000000000000000e+03,4.434477596078068018e-04,1.229633092880249023e-01
6.587000000000000000e+03,4.384734202176332474e-04,1.230916529893875122e-01
6.588000000000000000e+03,4.351935931481420994e-04,1.226219162344932556e-01
6.589000000000000000e+03,4.350910894572734833e-04,1.224493682384490967e-01
6.590000000000000000e+03,4.369668895378708839e-04,1.231526285409927368e-01
6.591000000000000000e+03,4.434091970324516296e-04,1.227910295128822327e-01
6.592000000000000000e+03,4.549602163024246693e-04,1.238047853112220764e-01
6.593000000000000000e+03,4.682136350311338902e-04,1.226671189069747925e-01
6.594000000000000000e+03,4.787480866070836782e-04,1.237655729055404663e-01
6.595000000000000000e+03,4.840812180191278458e-04,1.225314810872077942e-01
6.596000000000000000e+03,4.814912099391222000e-04,1.237055510282516479e-01
6.597000000000000000e+03,4.713484668172895908e-04,1.225754171609878540e-01
6.598000000000000000e+03,4.559844092000275850e-04,1.235062032938003540e-01
6.599000000000000000e+03,4.386843647807836533e-04,1.226087436079978943e-01
6.600000000000000000e+03,4.232516512274742126e-04,1.231918856501579285e-01
6.601000000000000000e+03,4.115579649806022644e-04,1.226648762822151184e-01
6.602000000000000000e+03,4.047122783958911896e-04,1.230533868074417114e-01
6.603000000000000000e+03,4.019201733171939850e-04,1.229749992489814758e-01
6.604000000000000000e+03,4.010761622339487076e-04,1.230636090040206909e-01
6.605000000000000000e+03,4.011889686807990074e-04,1.229337975382804871e-01
6.606000000000000000e+03,4.004065413028001785e-04,1.228334829211235046e-01
6.607000000000000000e+03,3.983480273745954037e-04,1.228924095630645752e-01
6.608000000000000000e+03,3.952503902837634087e-04,1.228945031762123108e-01
6.609000000000000000e+03,3.916337736882269382e-04,1.229638606309890747e-01
6.610000000000000000e+03,3.883141616825014353e-04,1.230649352073669434e-01
6.611000000000000000e+03,3.858293057419359684e-04,1.230084672570228577e-01
6.612000000000000000e+03,3.843620070256292820e-04,1.230850666761398315e-01
6.613000000000000000e+03,3.840856079477816820e-04,1.228582561016082764e-01
6.614000000000000000e+03,3.846130566671490669e-04,1.230819299817085266e-01
6.615000000000000000e+03,3.856170224025845528e-04,1.228731870651245117e-01
6.616000000000000000e+03,3.867594932671636343e-04,1.232095509767532349e-01
6.617000000000000000e+03,3.876587143167853355e-04,1.229189485311508179e-01
6.618000000000000000e+03,3.883902681991457939e-04,1.232450902462005615e-01
6.619000000000000000e+03,3.889271174557507038e-04,1.228770092129707336e-01
6.620000000000000000e+03,3.894835244864225388e-04,1.231977790594100952e-01
6.621000000000000000e+03,3.904129262082278728e-04,1.227955073118209839e-01
6.622000000000000000e+03,3.920835442841053009e-04,1.232559904456138611e-01
6.623000000000000000e+03,3.950950340367853642e-04,1.228905543684959412e-01
6.624000000000000000e+03,4.000959161203354597e-04,1.234104707837104797e-01
6.625000000000000000e+03,4.080470243934541941e-04,1.228526458144187927e-01
6.626000000000000000e+03,4.201084084343165159e-04,1.235026046633720398e-01
6.627000000000000000e+03,4.388473753351718187e-04,1.227651312947273254e-01
6.628000000000000000e+03,4.667418543249368668e-04,1.237982511520385742e-01
6.629000000000000000e+03,5.104821175336837769e-04,1.228810623288154602e-01
6.630000000000000000e+03,5.748132243752479553e-04,1.245154887437820435e-01
6.631000000000000000e+03,6.757756927981972694e-04,1.232065856456756592e-01
6.632000000000000000e+03,8.189994259737432003e-04,1.256226301193237305e-01
6.633000000000000000e+03,1.039600931107997894e-03,1.238907575607299805e-01
6.634000000000000000e+03,1.329491264186799526e-03,1.275483369827270508e-01
6.635000000000000000e+03,1.748905051499605179e-03,1.253998726606369019e-01
6.636000000000000000e+03,2.208224963396787643e-03,1.299322396516799927e-01
6.637000000000000000e+03,2.762725111097097397e-03,1.261971890926361084e-01
6.638000000000000000e+03,3.147447481751441956e-03,1.306779533624649048e-01
6.639000000000000000e+03,3.441187785938382149e-03,1.257502734661102295e-01
6.640000000000000000e+03,3.278204938396811485e-03,1.292418837547302246e-01
6.641000000000000000e+03,2.888723975047469139e-03,1.259256005287170410e-01
6.642000000000000000e+03,2.112769754603505135e-03,1.267272979021072388e-01
6.643000000000000000e+03,1.335598877631127834e-03,1.248810589313507080e-01
6.644000000000000000e+03,7.238634279929101467e-04,1.231246292591094971e-01
6.645000000000000000e+03,4.873605212196707726e-04,1.238217204809188843e-01
6.646000000000000000e+03,6.188559345901012421e-04,1.227200925350189209e-01
6.647000000000000000e+03,9.836065582931041718e-04,1.270446777343750000e-01
6.648000000000000000e+03,1.376271713525056839e-03,1.268503069877624512e-01
6.649000000000000000e+03,1.513296854682266712e-03,1.296588182449340820e-01
6.650000000000000000e+03,1.341986819170415401e-03,1.255701929330825806e-01
6.651000000000000000e+03,9.326490107923746109e-04,1.234222725033760071e-01
6.652000000000000000e+03,5.747708491981029510e-04,1.218766644597053528e-01
6.653000000000000000e+03,4.286241019144654274e-04,1.213027909398078918e-01
6.654000000000000000e+03,5.057539092376828194e-04,1.246068179607391357e-01
6.655000000000000000e+03,7.239858387038111687e-04,1.254690438508987427e-01
6.656000000000000000e+03,9.361442644149065018e-04,1.281449943780899048e-01
6.657000000000000000e+03,1.002849778160452843e-03,1.254772841930389404e-01
6.658000000000000000e+03,8.724164799787104130e-04,1.241817325353622437e-01
6.659000000000000000e+03,6.597117171622812748e-04,1.218602582812309265e-01
6.660000000000000000e+03,4.776036948896944523e-04,1.221262365579605103e-01
6.661000000000000000e+03,4.024752415716648102e-04,1.236055642366409302e-01
6.662000000000000000e+03,4.241165588609874249e-04,1.240293383598327637e-01
6.663000000000000000e+03,5.172486999072134495e-04,1.253888010978698730e-01
6.664000000000000000e+03,6.164609221741557121e-04,1.240524649620056152e-01
6.665000000000000000e+03,6.581686902791261673e-04,1.240901127457618713e-01
6.666000000000000000e+03,6.437946576625108719e-04,1.222686097025871277e-01
6.667000000000000000e+03,5.777914775535464287e-04,1.233902573585510254e-01
6.668000000000000000e+03,5.019212840124964714e-04,1.233759671449661255e-01
6.669000000000000000e+03,4.366097564343363047e-04,1.239403933286666870e-01
6.670000000000000000e+03,3.940315509680658579e-04,1.234028488397598267e-01
6.671000000000000000e+03,3.860734286718070507e-04,1.228658705949783325e-01
6.672000000000000000e+03,4.023564397357404232e-04,1.228533238172531128e-01
6.673000000000000000e+03,4.324519541114568710e-04,1.222727745771408081e-01
6.674000000000000000e+03,4.658820980694144964e-04,1.233345568180084229e-01
6.675000000000000000e+03,4.917736514471471310e-04,1.230173930525779724e-01
6.676000000000000000e+03,5.063702701590955257e-04,1.240782663226127625e-01
6.677000000000000000e+03,5.088198231533169746e-04,1.230237931013107300e-01
6.678000000000000000e+03,4.948299610987305641e-04,1.235669553279876709e-01
6.679000000000000000e+03,4.758989089168608189e-04,1.225763186812400818e-01
6.680000000000000000e+03,4.520431393757462502e-04,1.233733147382736206e-01
6.681000000000000000e+03,4.297543782740831375e-04,1.227358803153038025e-01
6.682000000000000000e+03,4.111500456929206848e-04,1.232511550188064575e-01
6.683000000000000000e+03,3.966332005802541971e-04,1.228189393877983093e-01
6.684000000000000000e+03,3.871734370477497578e-04,1.230683252215385437e-01
6.685000000000000000e+03,3.817424003500491381e-04,1.227786391973495483e-01
6.686000000000000000e+03,3.795272787101566792e-04,1.228354275226593018e-01
6.687000000000000000e+03,3.806011518463492393e-04,1.230941265821456909e-01
6.688000000000000000e+03,3.829621709883213043e-04,1.230255290865898132e-01
6.689000000000000000e+03,3.870216314680874348e-04,1.232213526964187622e-01
6.690000000000000000e+03,3.922994947060942650e-04,1.227522492408752441e-01
6.691000000000000000e+03,3.974046558141708374e-04,1.231950297951698303e-01
6.692000000000000000e+03,4.034292651340365410e-04,1.227031722664833069e-01
6.693000000000000000e+03,4.099176148883998394e-04,1.233730018138885498e-01
6.694000000000000000e+03,4.169750318396836519e-04,1.228684931993484497e-01
6.695000000000000000e+03,4.247548058629035950e-04,1.237052604556083679e-01
6.696000000000000000e+03,4.335347912274301052e-04,1.229611933231353760e-01
6.697000000000000000e+03,4.428033134900033474e-04,1.236924231052398682e-01
6.698000000000000000e+03,4.541757807601243258e-04,1.227256953716278076e-01
6.699000000000000000e+03,4.668656911235302687e-04,1.237881481647491455e-01
6.700000000000000000e+03,4.837837768718600273e-04,1.229573860764503479e-01
6.701000000000000000e+03,5.033627385273575783e-04,1.241890639066696167e-01
6.702000000000000000e+03,5.290668923407793045e-04,1.231145784258842468e-01
6.703000000000000000e+03,5.583269521594047546e-04,1.244020387530326843e-01
6.704000000000000000e+03,5.969280027784407139e-04,1.230347454547882080e-01
6.705000000000000000e+03,6.406149477697908878e-04,1.246405988931655884e-01
6.706000000000000000e+03,7.002917118370532990e-04,1.233555227518081665e-01
6.707000000000000000e+03,7.656957604922354221e-04,1.254030466079711914e-01
6.708000000000000000e+03,8.510376210324466228e-04,1.238261461257934570e-01
6.709000000000000000e+03,9.339501266367733479e-04,1.258515715599060059e-01
6.710000000000000000e+03,1.034482032991945744e-03,1.239533424377441406e-01
6.711000000000000000e+03,1.117692445404827595e-03,1.262798458337783813e-01
6.712000000000000000e+03,1.214564894326031208e-03,1.244163811206817627e-01
6.713000000000000000e+03,1.268393243663012981e-03,1.266592592000961304e-01
6.714000000000000000e+03,1.316245761699974537e-03,1.245541647076606750e-01
6.715000000000000000e+03,1.293350476771593094e-03,1.263103336095809937e-01
6.716000000000000000e+03,1.250529545359313488e-03,1.243167445063591003e-01
6.717000000000000000e+03,1.139430212788283825e-03,1.256333589553833008e-01
6.718000000000000000e+03,1.017521368339657784e-03,1.241512000560760498e-01
6.719000000000000000e+03,8.613960817456245422e-04,1.248300001025199890e-01
6.720000000000000000e+03,7.167290314100682735e-04,1.237491443753242493e-01
6.721000000000000000e+03,5.826148553751409054e-04,1.237947270274162292e-01
6.722000000000000000e+03,4.819242749363183975e-04,1.234342306852340698e-01
6.723000000000000000e+03,4.159567470196634531e-04,1.232843175530433655e-01
6.724000000000000000e+03,3.862514859065413475e-04,1.235861107707023621e-01
6.725000000000000000e+03,3.875877591781318188e-04,1.232033148407936096e-01
6.726000000000000000e+03,4.122653044760227203e-04,1.238882988691329956e-01
6.727000000000000000e+03,4.515917971730232239e-04,1.232432201504707336e-01
6.728000000000000000e+03,4.958744975738227367e-04,1.241500452160835266e-01
6.729000000000000000e+03,5.400737281888723373e-04,1.233198940753936768e-01
6.730000000000000000e+03,5.751351127400994301e-04,1.243613511323928833e-01
6.731000000000000000e+03,6.036840495653450489e-04,1.234022080898284912e-01
6.732000000000000000e+03,6.174197187647223473e-04,1.244415491819381714e-01
6.733000000000000000e+03,6.249343277886509895e-04,1.233568117022514343e-01
6.734000000000000000e+03,6.189876585267484188e-04,1.243887394666671753e-01
6.735000000000000000e+03,6.104763597249984741e-04,1.233088076114654541e-01
6.736000000000000000e+03,5.931872292421758175e-04,1.243227422237396240e-01
6.737000000000000000e+03,5.769987474195659161e-04,1.232464239001274109e-01
6.738000000000000000e+03,5.566307227127254009e-04,1.242200285196304321e-01
6.739000000000000000e+03,5.396633641794323921e-04,1.231368333101272583e-01
6.740000000000000000e+03,5.218883743509650230e-04,1.240773797035217285e-01
6.741000000000000000e+03,5.085841403342783451e-04,1.230371445417404175e-01
6.742000000000000000e+03,4.964089603163301945e-04,1.240128725767135620e-01
6.743000000000000000e+03,4.888509865850210190e-04,1.229861974716186523e-01
6.744000000000000000e+03,4.831172991544008255e-04,1.239869669079780579e-01
6.745000000000000000e+03,4.817088483832776546e-04,1.229278668761253357e-01
6.746000000000000000e+03,4.824498319067060947e-04,1.240211799740791321e-01
6.747000000000000000e+03,4.876943130511790514e-04,1.229183897376060486e-01
6.748000000000000000e+03,4.955977201461791992e-04,1.241356730461120605e-01
6.749000000000000000e+03,5.089417099952697754e-04,1.229215934872627258e-01
6.750000000000000000e+03,5.260412581264972687e-04,1.243269145488739014e-01
6.751000000000000000e+03,5.508539616130292416e-04,1.229818090796470642e-01
6.752000000000000000e+03,5.812241579405963421e-04,1.246478334069252014e-01
6.753000000000000000e+03,6.233073072507977486e-04,1.231505051255226135e-01
6.754000000000000000e+03,6.729153683409094810e-04,1.251205205917358398e-01
6.755000000000000000e+03,7.397341541945934296e-04,1.234279796481132507e-01
6.756000000000000000e+03,8.142459555529057980e-04,1.257065534591674805e-01
6.757000000000000000e+03,9.116342407651245594e-04,1.238457858562469482e-01
6.758000000000000000e+03,1.010654261335730553e-03,1.263713985681533813e-01
6.759000000000000000e+03,1.133927260525524616e-03,1.243102848529815674e-01
6.760000000000000000e+03,1.240042503923177719e-03,1.268494129180908203e-01
6.761000000000000000e+03,1.363311312161386013e-03,1.245949715375900269e-01
6.762000000000000000e+03,1.439484301954507828e-03,1.269142925739288330e-01
6.763000000000000000e+03,1.521074911579489708e-03,1.247085928916931152e-01
6.764000000000000000e+03,1.528571941889822483e-03,1.265116930007934570e-01
6.765000000000000000e+03,1.531909918412566185e-03,1.246895492076873779e-01
6.766000000000000000e+03,1.453946228139102459e-03,1.256906241178512573e-01
6.767000000000000000e+03,1.369258272461593151e-03,1.245904266834259033e-01
6.768000000000000000e+03,1.216713571920990944e-03,1.247041746973991394e-01
6.769000000000000000e+03,1.060418202541768551e-03,1.243496984243392944e-01
6.770000000000000000e+03,8.657766738906502724e-04,1.237663105130195618e-01
6.771000000000000000e+03,6.878153653815388680e-04,1.239446848630905151e-01
6.772000000000000000e+03,5.303464131429791451e-04,1.232406273484230042e-01
6.773000000000000000e+03,4.322446475271135569e-04,1.238385736942291260e-01
6.774000000000000000e+03,4.023584770038723946e-04,1.234139800071716309e-01
6.775000000000000000e+03,4.368994268588721752e-04,1.240872517228126526e-01
6.776000000000000000e+03,5.135965766385197639e-04,1.236911639571189880e-01
6.777000000000000000e+03,5.990778445266187191e-04,1.241457909345626831e-01
6.778000000000000000e+03,6.707894499413669109e-04,1.236678436398506165e-01
6.779000000000000000e+03,7.016570307314395905e-04,1.241204738616943359e-01
6.780000000000000000e+03,6.989531684666872025e-04,1.236490383744239807e-01
6.781000000000000000e+03,6.569280521944165230e-04,1.242387965321540833e-01
6.782000000000000000e+03,6.016392144374549389e-04,1.235576421022415161e-01
6.783000000000000000e+03,5.397143540903925896e-04,1.241708770394325256e-01
6.784000000000000000e+03,4.895993624813854694e-04,1.232447698712348938e-01
6.785000000000000000e+03,4.532907041721045971e-04,1.239723265171051025e-01
6.786000000000000000e+03,4.328261129558086395e-04,1.230428665876388550e-01
6.787000000000000000e+03,4.229154437780380249e-04,1.238132789731025696e-01
6.788000000000000000e+03,4.177168011665344238e-04,1.229901984333992004e-01
6.789000000000000000e+03,4.134897026233375072e-04,1.235290691256523132e-01
6.790000000000000000e+03,4.068199195899069309e-04,1.229431852698326111e-01
6.791000000000000000e+03,3.993002464994788170e-04,1.231718882918357849e-01
6.792000000000000000e+03,3.919678274542093277e-04,1.230488345026969910e-01
6.793000000000000000e+03,3.878888092003762722e-04,1.229490265250205994e-01
6.794000000000000000e+03,3.886431804858148098e-04,1.232989281415939331e-01
6.795000000000000000e+03,3.952417173422873020e-04,1.228142753243446350e-01
6.796000000000000000e+03,4.071732400916516781e-04,1.235594674944877625e-01
6.797000000000000000e+03,4.240788985043764114e-04,1.227357611060142517e-01
6.798000000000000000e+03,4.446560633368790150e-04,1.238384842872619629e-01
6.799000000000000000e+03,4.697541880887001753e-04,1.227647811174392700e-01
6.800000000000000000e+03,4.990239976905286312e-04,1.241675466299057007e-01
6.801000000000000000e+03,5.367502453736960888e-04,1.228835582733154297e-01
6.802000000000000000e+03,5.832684691995382309e-04,1.245650798082351685e-01
6.803000000000000000e+03,6.488710641860961914e-04,1.231225728988647461e-01
6.804000000000000000e+03,7.316580740734934807e-04,1.251428723335266113e-01
6.805000000000000000e+03,8.518070681020617485e-04,1.235753893852233887e-01
6.806000000000000000e+03,9.969108505174517632e-04,1.259800791740417480e-01
6.807000000000000000e+03,1.201720675453543663e-03,1.242138445377349854e-01
6.808000000000000000e+03,1.423486042767763138e-03,1.269748359918594360e-01
6.809000000000000000e+03,1.714673242531716824e-03,1.248471885919570923e-01
6.810000000000000000e+03,1.967939781025052071e-03,1.277946531772613525e-01
6.811000000000000000e+03,2.253876766189932823e-03,1.251969337463378906e-01
6.812000000000000000e+03,2.378314966335892677e-03,1.279153525829315186e-01
6.813000000000000000e+03,2.438544295728206635e-03,1.252860277891159058e-01
6.814000000000000000e+03,2.220249734818935394e-03,1.271117329597473145e-01
6.815000000000000000e+03,1.882193726487457752e-03,1.251153647899627686e-01
6.816000000000000000e+03,1.363900024443864822e-03,1.255829036235809326e-01
6.817000000000000000e+03,8.789558196440339088e-04,1.242986246943473816e-01
6.818000000000000000e+03,5.185786285437643528e-04,1.238524466753005981e-01
6.819000000000000000e+03,3.790124028455466032e-04,1.236545667052268982e-01
6.820000000000000000e+03,4.480250063352286816e-04,1.233120262622833252e-01
6.821000000000000000e+03,6.419455166906118393e-04,1.247520893812179565e-01
6.822000000000000000e+03,8.562820730730891228e-04,1.244850903749465942e-01
6.823000000000000000e+03,9.780905675143003464e-04,1.262808293104171753e-01
6.824000000000000000e+03,9.835580131039023399e-04,1.248309984803199768e-01
6.825000000000000000e+03,8.540722774341702461e-04,1.255216747522354126e-01
6.826000000000000000e+03,6.775617366656661034e-04,1.238114759325981140e-01
6.827000000000000000e+03,5.159166175872087479e-04,1.242020875215530396e-01
6.828000000000000000e+03,4.270208883099257946e-04,1.233166679739952087e-01
6.829000000000000000e+03,4.154106718488037586e-04,1.236973851919174194e-01
6.830000000000000000e+03,4.548487486317753792e-04,1.237302646040916443e-01
6.831000000000000000e+03,5.121772992424666882e-04,1.235421597957611084e-01
6.832000000000000000e+03,5.573027301579713821e-04,1.242410987615585327e-01
6.833000000000000000e+03,5.832645692862570286e-04,1.234928295016288757e-01
6.834000000000000000e+03,5.833982140757143497e-04,1.246830001473426819e-01
6.835000000000000000e+03,5.700265173800289631e-04,1.234977021813392639e-01
6.836000000000000000e+03,5.435037892311811447e-04,1.246541365981101990e-01
6.837000000000000000e+03,5.138619453646242619e-04,1.232148483395576477e-01
6.838000000000000000e+03,4.830102552659809589e-04,1.240894645452499390e-01
6.839000000000000000e+03,4.528234712779521942e-04,1.228279992938041687e-01
6.840000000000000000e+03,4.259165143594145775e-04,1.234000474214553833e-01
6.841000000000000000e+03,4.021934582851827145e-04,1.228886991739273071e-01
6.842000000000000000e+03,3.856577386613935232e-04,1.230849400162696838e-01
6.843000000000000000e+03,3.784122527576982975e-04,1.232340410351753235e-01
6.844000000000000000e+03,3.818150726146996021e-04,1.228434965014457703e-01
6.845000000000000000e+03,3.941834729630500078e-04,1.235210224986076355e-01
6.846000000000000000e+03,4.123950784560292959e-04,1.226982027292251587e-01
6.847000000000000000e+03,4.322081222198903561e-04,1.237473189830780029e-01
6.848000000000000000e+03,4.506924888119101524e-04,1.226741671562194824e-01
6.849000000000000000e+03,4.657845129258930683e-04,1.239161714911460876e-01
6.850000000000000000e+03,4.777527356054633856e-04,1.227473020553588867e-01
6.851000000000000000e+03,4.869647382292896509e-04,1.239851936697959900e-01
6.852000000000000000e+03,4.969668225385248661e-04,1.228038147091865540e-01
6.853000000000000000e+03,5.080391420051455498e-04,1.240281537175178528e-01
6.854000000000000000e+03,5.254133138805627823e-04,1.229369565844535828e-01
6.855000000000000000e+03,5.462712724693119526e-04,1.241388246417045593e-01
6.856000000000000000e+03,5.767368711531162262e-04,1.230435743927955627e-01
6.857000000000000000e+03,6.104838103055953979e-04,1.243089437484741211e-01
6.858000000000000000e+03,6.563498754985630512e-04,1.231799647212028503e-01
6.859000000000000000e+03,7.039239862933754921e-04,1.246526092290878296e-01
6.860000000000000000e+03,7.669284241273999214e-04,1.234540864825248718e-01
6.861000000000000000e+03,8.278744062408804893e-04,1.252131164073944092e-01
6.862000000000000000e+03,9.058478171937167645e-04,1.237839981913566589e-01
6.863000000000000000e+03,9.716490167193114758e-04,1.257720738649368286e-01
6.864000000000000000e+03,1.049867016263306141e-03,1.240960881114006042e-01
6.865000000000000000e+03,1.097526284866034985e-03,1.262641251087188721e-01
6.866000000000000000e+03,1.145157148130238056e-03,1.243982687592506409e-01
6.867000000000000000e+03,1.141009619459509850e-03,1.264464408159255981e-01
6.868000000000000000e+03,1.121935667470097542e-03,1.244228407740592957e-01
6.869000000000000000e+03,1.045366865582764149e-03,1.261018961668014526e-01
6.870000000000000000e+03,9.545905631966888905e-04,1.241831406950950623e-01
6.871000000000000000e+03,8.299089968204498291e-04,1.253957599401473999e-01
6.872000000000000000e+03,7.100256625562906265e-04,1.238038837909698486e-01
6.873000000000000000e+03,5.926867015659809113e-04,1.245239078998565674e-01
6.874000000000000000e+03,4.990050219930708408e-04,1.234290078282356262e-01
6.875000000000000000e+03,4.294810059946030378e-04,1.237650960683822632e-01
6.876000000000000000e+03,3.871307417284697294e-04,1.233337596058845520e-01
6.877000000000000000e+03,3.682010574266314507e-04,1.233808770775794983e-01
6.878000000000000000e+03,3.679997753351926804e-04,1.235422343015670776e-01
6.879000000000000000e+03,3.813649527728557587e-04,1.232494339346885681e-01
6.880000000000000000e+03,4.035302554257214069e-04,1.238401159644126892e-01
6.881000000000000000e+03,4.311684169806540012e-04,1.232205256819725037e-01
6.882000000000000000e+03,4.605628200806677341e-04,1.241449192166328430e-01
6.883000000000000000e+03,4.915704485028982162e-04,1.232551336288452148e-01
6.884000000000000000e+03,5.203388864174485207e-04,1.244217380881309509e-01
6.885000000000000000e+03,5.500062834471464157e-04,1.233126297593116760e-01
6.886000000000000000e+03,5.753882578574120998e-04,1.246398314833641052e-01
6.887000000000000000e+03,6.025573820807039738e-04,1.233639270067214966e-01
6.888000000000000000e+03,6.244610995054244995e-04,1.248073428869247437e-01
6.889000000000000000e+03,6.497566355392336845e-04,1.234346255660057068e-01
6.890000000000000000e+03,6.691406015306711197e-04,1.249498873949050903e-01
6.891000000000000000e+03,6.936485297046601772e-04,1.235016584396362305e-01
6.892000000000000000e+03,7.114310283213853836e-04,1.250474900007247925e-01
6.893000000000000000e+03,7.360068848356604576e-04,1.235650703310966492e-01
6.894000000000000000e+03,7.527917041443288326e-04,1.251244693994522095e-01
6.895000000000000000e+03,7.778544677421450615e-04,1.236374601721763611e-01
6.896000000000000000e+03,7.933898596093058586e-04,1.251877099275588989e-01
6.897000000000000000e+03,8.179029682651162148e-04,1.236968189477920532e-01
6.898000000000000000e+03,8.302019559778273106e-04,1.252186447381973267e-01
6.899000000000000000e+03,8.509668987244367599e-04,1.237457096576690674e-01
6.900000000000000000e+03,8.560706046409904957e-04,1.252348870038986206e-01
6.901000000000000000e+03,8.679195307195186615e-04,1.237973570823669434e-01
6.902000000000000000e+03,8.606630144640803337e-04,1.252040416002273560e-01
6.903000000000000000e+03,8.575613610446453094e-04,1.237921714782714844e-01
6.904000000000000000e+03,8.338876650668680668e-04,1.250910609960556030e-01
6.905000000000000000e+03,8.127625333145260811e-04,1.237516999244689941e-01
6.906000000000000000e+03,7.733677048236131668e-04,1.249338015913963318e-01
6.907000000000000000e+03,7.366356439888477325e-04,1.236802414059638977e-01
6.908000000000000000e+03,6.875145481899380684e-04,1.247160732746124268e-01
6.909000000000000000e+03,6.429406348615884781e-04,1.235547587275505066e-01
6.910000000000000000e+03,5.937750684097409248e-04,1.244599595665931702e-01
6.911000000000000000e+03,5.515622324310243130e-04,1.234277933835983276e-01
6.912000000000000000e+03,5.111293867230415344e-04,1.242299228906631470e-01
6.913000000000000000e+03,4.785463388543576002e-04,1.233215853571891785e-01
6.914000000000000000e+03,4.506592522375285625e-04,1.240164488554000854e-01
6.915000000000000000e+03,4.295528924558311701e-04,1.232181861996650696e-01
6.916000000000000000e+03,4.130695597268640995e-04,1.238308027386665344e-01
6.917000000000000000e+03,4.012043355032801628e-04,1.231507062911987305e-01
6.918000000000000000e+03,3.924926859326660633e-04,1.236968562006950378e-01
6.919000000000000000e+03,3.862671437673270702e-04,1.231089010834693909e-01
6.920000000000000000e+03,3.817215329036116600e-04,1.235824152827262878e-01
6.921000000000000000e+03,3.782932762987911701e-04,1.230676695704460144e-01
6.922000000000000000e+03,3.756757942028343678e-04,1.234890744090080261e-01
6.923000000000000000e+03,3.735549107659608126e-04,1.230415478348731995e-01
6.924000000000000000e+03,3.718967782333493233e-04,1.234273314476013184e-01
6.925000000000000000e+03,3.705845447257161140e-04,1.230183392763137817e-01
6.926000000000000000e+03,3.697110223583877087e-04,1.233790591359138489e-01
6.927000000000000000e+03,3.692810423672199249e-04,1.229829862713813782e-01
6.928000000000000000e+03,3.694466431625187397e-04,1.233556717634201050e-01
6.929000000000000000e+03,3.703762486111372709e-04,1.229487881064414978e-01
6.930000000000000000e+03,3.723364789038896561e-04,1.233764812350273132e-01
6.931000000000000000e+03,3.758219245355576277e-04,1.229087859392166138e-01
6.932000000000000000e+03,3.814522351603955030e-04,1.234489381313323975e-01
6.933000000000000000e+03,3.905208432115614414e-04,1.228661537170410156e-01
6.934000000000000000e+03,4.045066889375448227e-04,1.236262843012809753e-01
6.935000000000000000e+03,4.268569173291325569e-04,1.228602528572082520e-01
6.936000000000000000e+03,4.610418691299855709e-04,1.240037977695465088e-01
6.937000000000000000e+03,5.162091692909598351e-04,1.229719445109367371e-01
6.938000000000000000e+03,5.996575928293168545e-04,1.247539445757865906e-01
6.939000000000000000e+03,7.350626401603221893e-04,1.234082579612731934e-01
6.940000000000000000e+03,9.323952835984528065e-04,1.261790841817855835e-01
6.941000000000000000e+03,1.246022060513496399e-03,1.244894191622734070e-01
6.942000000000000000e+03,1.661600777879357338e-03,1.284314393997192383e-01
6.943000000000000000e+03,2.272906247526407242e-03,1.257970631122589111e-01
6.944000000000000000e+03,2.934740390628576279e-03,1.305795907974243164e-01
6.945000000000000000e+03,3.764322958886623383e-03,1.253748089075088501e-01
6.946000000000000000e+03,4.340139683336019516e-03,1.306855976581573486e-01
6.947000000000000000e+03,4.841836169362068176e-03,1.255871206521987915e-01
6.948000000000000000e+03,4.571490455418825150e-03,1.293442994356155396e-01
6.949000000000000000e+03,3.880832809954881668e-03,1.271366178989410400e-01
6.950000000000000000e+03,2.513891085982322693e-03,1.257984638214111328e-01
6.951000000000000000e+03,1.282576238736510277e-03,1.250441223382949829e-01
6.952000000000000000e+03,6.341880653053522110e-04,1.224774196743965149e-01
6.953000000000000000e+03,8.588585187681019306e-04,1.261121481657028198e-01
6.954000000000000000e+03,1.628332422114908695e-03,1.271135956048965454e-01
6.955000000000000000e+03,2.178291790187358856e-03,1.324198246002197266e-01
6.956000000000000000e+03,2.077141078189015388e-03,1.263486742973327637e-01
6.957000000000000000e+03,1.343296491540968418e-03,1.224014461040496826e-01
6.958000000000000000e+03,6.462957826443016529e-04,1.211267709732055664e-01
6.959000000000000000e+03,4.862647037953138351e-04,1.201925650238990784e-01
6.960000000000000000e+03,8.676069555804133415e-04,1.257648169994354248e-01
6.961000000000000000e+03,1.395467668771743774e-03,1.289202868938446045e-01
6.962000000000000000e+03,1.527004875242710114e-03,1.336151808500289917e-01
6.963000000000000000e+03,1.153735793195664883e-03,1.278550177812576294e-01
6.964000000000000000e+03,6.281235837377607822e-04,1.218402758240699768e-01
6.965000000000000000e+03,4.188666353002190590e-04,1.192662045359611511e-01
6.966000000000000000e+03,6.146429223008453846e-04,1.186347678303718567e-01
6.967000000000000000e+03,9.986790828406810760e-04,1.261526346206665039e-01
6.968000000000000000e+03,1.236006617546081543e-03,1.296409070491790771e-01
6.969000000000000000e+03,1.145368441939353943e-03,1.337183713912963867e-01
6.970000000000000000e+03,7.628058083355426788e-04,1.293679922819137573e-01
6.971000000000000000e+03,4.427246167324483395e-04,1.227777823805809021e-01
6.972000000000000000e+03,4.453696310520172119e-04,1.184680163860321045e-01
6.973000000000000000e+03,6.941530737094581127e-04,1.169831976294517517e-01
6.974000000000000000e+03,9.867836488410830498e-04,1.260637789964675903e-01
6.975000000000000000e+03,1.163976499810814857e-03,1.300041824579238892e-01
6.976000000000000000e+03,1.088102115318179131e-03,1.342550516128540039e-01
6.977000000000000000e+03,7.699255365878343582e-04,1.300031691789627075e-01
6.978000000000000000e+03,4.642846179194748402e-04,1.234354898333549500e-01
6.979000000000000000e+03,4.315761616453528404e-04,1.179994270205497742e-01
6.980000000000000000e+03,6.419166456907987595e-04,1.156169921159744263e-01
6.981000000000000000e+03,9.254559990949928761e-04,1.254048198461532593e-01
6.982000000000000000e+03,1.180194434709846973e-03,1.302631646394729614e-01
6.983000000000000000e+03,1.234248862601816654e-03,1.356178820133209229e-01
6.984000000000000000e+03,9.576206794008612633e-04,1.305374503135681152e-01
6.985000000000000000e+03,5.612971726804971695e-04,1.236255764961242676e-01
6.986000000000000000e+03,3.883131721522659063e-04,1.175693348050117493e-01
6.987000000000000000e+03,5.357714835554361343e-04,1.149983704090118408e-01
6.988000000000000000e+03,8.424568804912269115e-04,1.246786117553710938e-01
6.989000000000000000e+03,1.180862658657133579e-03,1.297529488801956177e-01
6.990000000000000000e+03,1.366224722005426884e-03,1.363195031881332397e-01
6.991000000000000000e+03,1.149096759036183357e-03,1.309786736965179443e-01
6.992000000000000000e+03,6.915783742442727089e-04,1.242733523249626160e-01
6.993000000000000000e+03,4.054375458508729935e-04,1.180117055773735046e-01
6.994000000000000000e+03,4.706666804850101471e-04,1.151244044303894043e-01
6.995000000000000000e+03,7.683602161705493927e-04,1.237731128931045532e-01
6.996000000000000000e+03,1.106477808207273483e-03,1.282553374767303467e-01
6.997000000000000000e+03,1.348313177004456520e-03,1.353337466716766357e-01
6.998000000000000000e+03,1.213879906572401524e-03,1.310705542564392090e-01
6.999000000000000000e+03,7.972817984409630299e-04,1.255895793437957764e-01
7.000000000000000000e+03,5.011766334064304829e-04,1.193619370460510254e-01
7.001000000000000000e+03,4.825965152122080326e-04,1.155562177300453186e-01
7.002000000000000000e+03,7.180656539276242256e-04,1.224192455410957336e-01
7.003000000000000000e+03,9.850662900134921074e-04,1.261001825332641602e-01
7.004000000000000000e+03,1.214279676787555218e-03,1.333319097757339478e-01
7.005000000000000000e+03,1.192249357700347900e-03,1.309825181961059570e-01
7.006000000000000000e+03,8.893077028915286064e-04,1.270523071289062500e-01
7.007000000000000000e+03,6.333321798592805862e-04,1.207940578460693359e-01
7.008000000000000000e+03,5.217491416260600090e-04,1.161073297262191772e-01
7.009000000000000000e+03,6.304339040070772171e-04,1.209373399615287781e-01
7.010000000000000000e+03,8.117113029584288597e-04,1.239271685481071472e-01
7.011000000000000000e+03,1.016223104670643806e-03,1.311550289392471313e-01
7.012000000000000000e+03,1.123685040511190891e-03,1.307892948389053345e-01
7.013000000000000000e+03,9.593539871275424957e-04,1.282776743173599243e-01
7.014000000000000000e+03,7.337561110034584999e-04,1.218372657895088196e-01
7.015000000000000000e+03,5.335035966709256172e-04,1.167573258280754089e-01
7.016000000000000000e+03,5.006054416298866272e-04,1.195645108819007874e-01
7.017000000000000000e+03,6.179764168336987495e-04,1.221891194581985474e-01
7.018000000000000000e+03,7.985739503055810928e-04,1.289653182029724121e-01
7.019000000000000000e+03,9.772756602615118027e-04,1.301770955324172974e-01
7.020000000000000000e+03,9.262951207347214222e-04,1.289844512939453125e-01
7.021000000000000000e+03,7.361306343227624893e-04,1.229104325175285339e-01
7.022000000000000000e+03,5.168758216314017773e-04,1.181255057454109192e-01
7.023000000000000000e+03,4.048323316965252161e-04,1.189609915018081665e-01
7.024000000000000000e+03,4.699798300862312317e-04,1.212603375315666199e-01
7.025000000000000000e+03,5.976799293421208858e-04,1.268156170845031738e-01
7.026000000000000000e+03,7.462552748620510101e-04,1.286218911409378052e-01
7.027000000000000000e+03,7.690574857406318188e-04,1.284043639898300171e-01
7.028000000000000000e+03,6.560165784321725368e-04,1.237950548529624939e-01
7.029000000000000000e+03,5.042427219450473785e-04,1.202447190880775452e-01
7.030000000000000000e+03,3.854754613712430000e-04,1.196014359593391418e-01
7.031000000000000000e+03,3.860561992041766644e-04,1.214796230196952820e-01
7.032000000000000000e+03,4.444443620741367340e-04,1.251234263181686401e-01
7.033000000000000000e+03,5.168480565771460533e-04,1.264198571443557739e-01
7.034000000000000000e+03,5.666849319823086262e-04,1.265482902526855469e-01
7.035000000000000000e+03,5.432649631984531879e-04,1.238192021846771240e-01
7.036000000000000000e+03,4.885681555606424809e-04,1.222034171223640442e-01
7.037000000000000000e+03,4.185770521871745586e-04,1.210220754146575928e-01
7.038000000000000000e+03,3.757136873900890350e-04,1.225456073880195618e-01
7.039000000000000000e+03,3.744983696378767490e-04,1.240931302309036255e-01
7.040000000000000000e+03,3.799583355430513620e-04,1.246123239398002625e-01
7.041000000000000000e+03,4.015390586573630571e-04,1.244793012738227844e-01
7.042000000000000000e+03,4.188930033706128597e-04,1.231572851538658142e-01
7.043000000000000000e+03,4.278543638065457344e-04,1.231666132807731628e-01
7.044000000000000000e+03,4.264976596459746361e-04,1.222949102520942688e-01
7.045000000000000000e+03,4.076476325280964375e-04,1.235086247324943542e-01
7.046000000000000000e+03,3.951948019675910473e-04,1.235300377011299133e-01
7.047000000000000000e+03,3.774681827053427696e-04,1.238574981689453125e-01
7.048000000000000000e+03,3.594833542592823505e-04,1.232284083962440491e-01
7.049000000000000000e+03,3.557200252544134855e-04,1.228428557515144348e-01
7.050000000000000000e+03,3.578850300982594490e-04,1.231622472405433655e-01
7.051000000000000000e+03,3.655564505606889725e-04,1.229411438107490540e-01
7.052000000000000000e+03,3.718439838849008083e-04,1.235711574554443359e-01
7.053000000000000000e+03,3.780026745516806841e-04,1.230963841080665588e-01
7.054000000000000000e+03,3.826291067525744438e-04,1.234344169497489929e-01
7.055000000000000000e+03,3.792905481532216072e-04,1.228687837719917297e-01
7.056000000000000000e+03,3.768063033930957317e-04,1.231800317764282227e-01
7.057000000000000000e+03,3.741052350960671902e-04,1.231307536363601685e-01
7.058000000000000000e+03,3.677679342217743397e-04,1.234476119279861450e-01
7.059000000000000000e+03,3.625358804129064083e-04,1.232767999172210693e-01
7.060000000000000000e+03,3.574835718609392643e-04,1.230865493416786194e-01
7.061000000000000000e+03,3.542166086845099926e-04,1.228149309754371643e-01
7.062000000000000000e+03,3.518051235005259514e-04,1.228685975074768066e-01
7.063000000000000000e+03,3.508937661536037922e-04,1.230726614594459534e-01
7.064000000000000000e+03,3.526796353980898857e-04,1.232656911015510559e-01
7.065000000000000000e+03,3.536169824656099081e-04,1.234475225210189819e-01
7.066000000000000000e+03,3.547769738361239433e-04,1.232630684971809387e-01
7.067000000000000000e+03,3.564254147931933403e-04,1.231202259659767151e-01
7.068000000000000000e+03,3.571240522433072329e-04,1.226989701390266418e-01
7.069000000000000000e+03,3.580329066608101130e-04,1.230090484023094177e-01
7.070000000000000000e+03,3.586377133615314960e-04,1.230069100856781006e-01
7.071000000000000000e+03,3.591972636058926582e-04,1.235198453068733215e-01
7.072000000000000000e+03,3.596989845391362906e-04,1.233022883534431458e-01
7.073000000000000000e+03,3.592708962969481945e-04,1.234390437602996826e-01
7.074000000000000000e+03,3.588902764022350311e-04,1.229021772742271423e-01
7.075000000000000000e+03,3.583135840017348528e-04,1.229926720261573792e-01
7.076000000000000000e+03,3.576530143618583679e-04,1.228256225585937500e-01
7.077000000000000000e+03,3.572916029952466488e-04,1.232814788818359375e-01
7.078000000000000000e+03,3.569434047676622868e-04,1.233194842934608459e-01
7.079000000000000000e+03,3.568257670849561691e-04,1.234993711113929749e-01
7.080000000000000000e+03,3.566473023965954781e-04,1.231064572930335999e-01
7.081000000000000000e+03,3.563210484571754932e-04,1.230777949094772339e-01
7.082000000000000000e+03,3.564028011169284582e-04,1.228128746151924133e-01
7.083000000000000000e+03,3.565067017916589975e-04,1.231555789709091187e-01
7.084000000000000000e+03,3.568349638953804970e-04,1.231203153729438782e-01
7.085000000000000000e+03,3.575969021767377853e-04,1.235254704952239990e-01
7.086000000000000000e+03,3.586139064282178879e-04,1.232037693262100220e-01
7.087000000000000000e+03,3.598905459512025118e-04,1.233164146542549133e-01
7.088000000000000000e+03,3.616134054027497768e-04,1.228285953402519226e-01
7.089000000000000000e+03,3.639341448433697224e-04,1.232026964426040649e-01
7.090000000000000000e+03,3.672819002531468868e-04,1.229488551616668701e-01
7.091000000000000000e+03,3.716801875270903111e-04,1.235331371426582336e-01
7.092000000000000000e+03,3.779375110752880573e-04,1.231549680233001709e-01
7.093000000000000000e+03,3.860844008158892393e-04,1.236305162310600281e-01
7.094000000000000000e+03,3.972898120991885662e-04,1.229422017931938171e-01
7.095000000000000000e+03,4.120407393202185631e-04,1.235842481255531311e-01
7.096000000000000000e+03,4.331916861701756716e-04,1.228888928890228271e-01
7.097000000000000000e+03,4.614319186657667160e-04,1.240235865116119385e-01
7.098000000000000000e+03,5.025673308409750462e-04,1.232227087020874023e-01
7.099000000000000000e+03,5.559994606301188469e-04,1.246146857738494873e-01
7.100000000000000000e+03,6.325308349914848804e-04,1.233831793069839478e-01
7.101000000000000000e+03,7.277678232640028000e-04,1.252152174711227417e-01
7.102000000000000000e+03,8.633090765215456486e-04,1.237737014889717102e-01
7.103000000000000000e+03,1.021477743051946163e-03,1.263638734817504883e-01
7.104000000000000000e+03,1.238217810168862343e-03,1.246750727295875549e-01
7.105000000000000000e+03,1.454426441341638565e-03,1.276145130395889282e-01
7.106000000000000000e+03,1.716810162179172039e-03,1.252001821994781494e-01
7.107000000000000000e+03,1.900421688333153725e-03,1.281308084726333618e-01
7.108000000000000000e+03,2.074105432257056236e-03,1.254129260778427124e-01
7.109000000000000000e+03,2.061137231066823006e-03,1.280587613582611084e-01
7.110000000000000000e+03,1.966970274224877357e-03,1.254307478666305542e-01
7.111000000000000000e+03,1.657940680161118507e-03,1.268924772739410400e-01
7.112000000000000000e+03,1.290354877710342407e-03,1.248469352722167969e-01
7.113000000000000000e+03,8.765024249441921711e-04,1.251145899295806885e-01
7.114000000000000000e+03,5.577299743890762329e-04,1.239760741591453552e-01
7.115000000000000000e+03,3.823652514256536961e-04,1.236697286367416382e-01
7.116000000000000000e+03,3.661118971649557352e-04,1.237863227725028992e-01
7.117000000000000000e+03,4.685743479058146477e-04,1.234501972794532776e-01
7.118000000000000000e+03,6.215738831087946892e-04,1.250431388616561890e-01
7.119000000000000000e+03,7.667226018384099007e-04,1.244783252477645874e-01
7.120000000000000000e+03,8.403031970374286175e-04,1.263129711151123047e-01
7.121000000000000000e+03,8.400441147387027740e-04,1.247802823781967163e-01
7.122000000000000000e+03,7.514189928770065308e-04,1.256918013095855713e-01
7.123000000000000000e+03,6.289510638453066349e-04,1.239216700196266174e-01
7.124000000000000000e+03,5.035630310885608196e-04,1.243547201156616211e-01
7.125000000000000000e+03,4.143278929404914379e-04,1.233612746000289917e-01
7.126000000000000000e+03,3.713628975674510002e-04,1.235343664884567261e-01
7.127000000000000000e+03,3.706758725456893444e-04,1.236608326435089111e-01
7.128000000000000000e+03,4.005157970823347569e-04,1.233490854501724243e-01
7.129000000000000000e+03,4.461311327759176493e-04,1.243223324418067932e-01
7.130000000000000000e+03,4.953921306878328323e-04,1.234914213418960571e-01
7.131000000000000000e+03,5.328115075826644897e-04,1.248169764876365662e-01
7.132000000000000000e+03,5.539889098145067692e-04,1.235846206545829773e-01
7.133000000000000000e+03,5.494955694302916527e-04,1.247430965304374695e-01
7.134000000000000000e+03,5.274582072161138058e-04,1.234046891331672668e-01
7.135000000000000000e+03,4.902004729956388474e-04,1.241858527064323425e-01
7.136000000000000000e+03,4.507097182795405388e-04,1.231307834386825562e-01
7.137000000000000000e+03,4.137742798775434494e-04,1.235639676451683044e-01
7.138000000000000000e+03,3.856104158330708742e-04,1.230636015534400940e-01
7.139000000000000000e+03,3.664139076136052608e-04,1.231961548328399658e-01
7.140000000000000000e+03,3.555761650204658508e-04,1.231557354331016541e-01
7.141000000000000000e+03,3.508669906295835972e-04,1.229969933629035950e-01
7.142000000000000000e+03,3.502666368149220943e-04,1.232427358627319336e-01
7.143000000000000000e+03,3.522759943734854460e-04,1.228979304432868958e-01
7.144000000000000000e+03,3.562039346434175968e-04,1.232827156782150269e-01
7.145000000000000000e+03,3.619045019149780273e-04,1.228506937623023987e-01
7.146000000000000000e+03,3.694128245115280151e-04,1.233394071459770203e-01
7.147000000000000000e+03,3.791551571339368820e-04,1.228805333375930786e-01
7.148000000000000000e+03,3.909610677510499954e-04,1.234669163823127747e-01
7.149000000000000000e+03,4.058401682414114475e-04,1.229395717382431030e-01
7.150000000000000000e+03,4.232894862070679665e-04,1.236583516001701355e-01
7.151000000000000000e+03,4.457111353985965252e-04,1.229858100414276123e-01
7.152000000000000000e+03,4.721652076113969088e-04,1.239260956645011902e-01
7.153000000000000000e+03,5.077964160591363907e-04,1.230634972453117371e-01
7.154000000000000000e+03,5.505301523953676224e-04,1.243598237633705139e-01
7.155000000000000000e+03,6.098971352912485600e-04,1.232875436544418335e-01
7.156000000000000000e+03,6.797045934945344925e-04,1.250094473361968994e-01
7.157000000000000000e+03,7.758098654448986053e-04,1.237023249268531799e-01
7.158000000000000000e+03,8.811308653093874454e-04,1.258542388677597046e-01
7.159000000000000000e+03,1.019498216919600964e-03,1.242685839533805847e-01
7.160000000000000000e+03,1.150902593508362770e-03,1.267287731170654297e-01
7.161000000000000000e+03,1.308278762735426426e-03,1.248140111565589905e-01
7.162000000000000000e+03,1.417966559529304504e-03,1.273104399442672729e-01
7.163000000000000000e+03,1.525683794170618057e-03,1.250843852758407593e-01
7.164000000000000000e+03,1.533115049824118614e-03,1.272368282079696655e-01
7.165000000000000000e+03,1.506480504758656025e-03,1.250257194042205811e-01
7.166000000000000000e+03,1.362123177386820316e-03,1.265292912721633911e-01
7.167000000000000000e+03,1.184935215860605240e-03,1.247077807784080505e-01
7.168000000000000000e+03,9.453707025386393070e-04,1.253887563943862915e-01
7.169000000000000000e+03,7.223450229503214359e-04,1.241233423352241516e-01
7.170000000000000000e+03,5.293774302117526531e-04,1.241695061326026917e-01
7.171000000000000000e+03,4.039695777464658022e-04,1.236507371068000793e-01
7.172000000000000000e+03,3.507053188513964415e-04,1.234787553548812866e-01
7.173000000000000000e+03,3.618237096816301346e-04,1.238582357764244080e-01
7.174000000000000000e+03,4.176531801931560040e-04,1.235785707831382751e-01
7.175000000000000000e+03,4.933576565235853195e-04,1.245791539549827576e-01
7.176000000000000000e+03,5.695046274922788143e-04,1.239207088947296143e-01
7.177000000000000000e+03,6.232274463400244713e-04,1.250592619180679321e-01
7.178000000000000000e+03,6.538509042002260685e-04,1.239773407578468323e-01
7.179000000000000000e+03,6.485977210104465485e-04,1.250876337289810181e-01
7.180000000000000000e+03,6.240278016775846481e-04,1.238740235567092896e-01
7.181000000000000000e+03,5.776842590421438217e-04,1.248843222856521606e-01
7.182000000000000000e+03,5.280160112306475639e-04,1.236750558018684387e-01
7.183000000000000000e+03,4.766497004311531782e-04,1.244073882699012756e-01
7.184000000000000000e+03,4.333200049586594105e-04,1.233433261513710022e-01
7.185000000000000000e+03,3.987685195170342922e-04,1.238391175866127014e-01
7.186000000000000000e+03,3.743460983969271183e-04,1.231902092695236206e-01
7.187000000000000000e+03,3.589538973756134510e-04,1.234807446599006653e-01
7.188000000000000000e+03,3.511009272187948227e-04,1.232944503426551819e-01
7.189000000000000000e+03,3.495768760330975056e-04,1.232597902417182922e-01
7.190000000000000000e+03,3.532060654833912849e-04,1.234417185187339783e-01
7.191000000000000000e+03,3.611305728554725647e-04,1.230739951133728027e-01
7.192000000000000000e+03,3.724457055795937777e-04,1.236164644360542297e-01
7.193000000000000000e+03,3.869153151754289865e-04,1.229977086186408997e-01
7.194000000000000000e+03,4.037119215354323387e-04,1.238563880324363708e-01
7.195000000000000000e+03,4.237556131556630135e-04,1.230017617344856262e-01
7.196000000000000000e+03,4.461244097910821438e-04,1.240992546081542969e-01
7.197000000000000000e+03,4.736770933959633112e-04,1.230327039957046509e-01
7.198000000000000000e+03,5.050388863310217857e-04,1.243785992264747620e-01
7.199000000000000000e+03,5.462235421873629093e-04,1.231694668531417847e-01
7.200000000000000000e+03,5.940520786680281162e-04,1.247968897223472595e-01
7.201000000000000000e+03,6.592989084310829639e-04,1.234493479132652283e-01
7.202000000000000000e+03,7.335298578254878521e-04,1.253502815961837769e-01
7.203000000000000000e+03,8.347100811079144478e-04,1.238496005535125732e-01
7.204000000000000000e+03,9.425269672647118568e-04,1.260261088609695435e-01
7.205000000000000000e+03,1.084764720872044563e-03,1.243562474846839905e-01
7.206000000000000000e+03,1.217399723827838898e-03,1.267240196466445923e-01
7.207000000000000000e+03,1.379832043312489986e-03,1.248032078146934509e-01
7.208000000000000000e+03,1.492804498411715031e-03,1.271411478519439697e-01
7.209000000000000000e+03,1.609924482181668282e-03,1.250197291374206543e-01
7.210000000000000000e+03,1.622832380235195160e-03,1.270350217819213867e-01
7.211000000000000000e+03,1.603794982656836510e-03,1.250190138816833496e-01
7.212000000000000000e+03,1.454211887903511524e-03,1.263581663370132446e-01
7.213000000000000000e+03,1.265182392671704292e-03,1.247296929359436035e-01
7.214000000000000000e+03,1.000196323730051517e-03,1.252253800630569458e-01
7.215000000000000000e+03,7.497315527871251106e-04,1.241518184542655945e-01
7.216000000000000000e+03,5.329400300979614258e-04,1.240645200014114380e-01
7.217000000000000000e+03,3.962033079005777836e-04,1.237142384052276611e-01
7.218000000000000000e+03,3.469345101621001959e-04,1.234901547431945801e-01
7.219000000000000000e+03,3.744447021745145321e-04,1.239908486604690552e-01
7.220000000000000000e+03,4.518803616520017385e-04,1.237338185310363770e-01
7.221000000000000000e+03,5.446884315460920334e-04,1.247663050889968872e-01
7.222000000000000000e+03,6.276993080973625183e-04,1.241238862276077271e-01
7.223000000000000000e+03,6.719101802445948124e-04,1.251283884048461914e-01
7.224000000000000000e+03,6.808547768741846085e-04,1.240709722042083740e-01
7.225000000000000000e+03,6.456796545535326004e-04,1.249695643782615662e-01
7.226000000000000000e+03,5.917741218581795692e-04,1.238796412944793701e-01
7.227000000000000000e+03,5.248867673799395561e-04,1.247028037905693054e-01
7.228000000000000000e+03,4.660424310714006424e-04,1.236548498272895813e-01
7.229000000000000000e+03,4.198063397780060768e-04,1.242319718003273010e-01
7.230000000000000000e+03,3.909477964043617249e-04,1.233102902770042419e-01
7.231000000000000000e+03,3.772045020014047623e-04,1.237275302410125732e-01
7.232000000000000000e+03,3.735962673090398312e-04,1.232197880744934082e-01
7.233000000000000000e+03,3.761405532713979483e-04,1.234957873821258545e-01
7.234000000000000000e+03,3.804866573773324490e-04,1.234121546149253845e-01
7.235000000000000000e+03,3.859209246002137661e-04,1.233403608202934265e-01
7.236000000000000000e+03,3.914847038686275482e-04,1.235756501555442810e-01
7.237000000000000000e+03,3.987655509263277054e-04,1.231435239315032959e-01
7.238000000000000000e+03,4.078169004060328007e-04,1.237826272845268250e-01
7.239000000000000000e+03,4.208268364891409874e-04,1.230862662196159363e-01
7.240000000000000000e+03,4.368617373984307051e-04,1.241111382842063904e-01
7.241000000000000000e+03,4.583190602716058493e-04,1.231168657541275024e-01
7.242000000000000000e+03,4.828602541238069534e-04,1.244291216135025024e-01
7.243000000000000000e+03,5.137213738635182381e-04,1.231498718261718750e-01
7.244000000000000000e+03,5.476417718455195427e-04,1.247787326574325562e-01
7.245000000000000000e+03,5.898323724977672100e-04,1.233178898692131042e-01
7.246000000000000000e+03,6.353604840114712715e-04,1.252551823854446411e-01
7.247000000000000000e+03,6.922242464497685432e-04,1.236203089356422424e-01
7.248000000000000000e+03,7.508890121243894100e-04,1.257592141628265381e-01
7.249000000000000000e+03,8.237658767029643059e-04,1.239645034074783325e-01
7.250000000000000000e+03,8.926786831580102444e-04,1.262293308973312378e-01
7.251000000000000000e+03,9.771101176738739014e-04,1.243260800838470459e-01
7.252000000000000000e+03,1.045087701641023159e-03,1.265728771686553955e-01
7.253000000000000000e+03,1.125564565882086754e-03,1.245639547705650330e-01
7.254000000000000000e+03,1.170967821963131428e-03,1.265984177589416504e-01
7.255000000000000000e+03,1.221822691150009632e-03,1.246154308319091797e-01
7.256000000000000000e+03,1.220092177391052246e-03,1.263039708137512207e-01
7.257000000000000000e+03,1.215129974298179150e-03,1.245760768651962280e-01
7.258000000000000000e+03,1.149437157437205315e-03,1.257717907428741455e-01
7.259000000000000000e+03,1.073918188922107220e-03,1.244041100144386292e-01
7.260000000000000000e+03,9.483495960012078285e-04,1.250443756580352783e-01
7.261000000000000000e+03,8.192113600671291351e-04,1.240992024540901184e-01
7.262000000000000000e+03,6.735554197803139687e-04,1.243243515491485596e-01
7.263000000000000000e+03,5.459727835841476917e-04,1.237933412194252014e-01
7.264000000000000000e+03,4.410117107909172773e-04,1.238080188632011414e-01
7.265000000000000000e+03,3.732037439476698637e-04,1.236427724361419678e-01
7.266000000000000000e+03,3.433337551541626453e-04,1.235790550708770752e-01
7.267000000000000000e+03,3.469761577434837818e-04,1.237232685089111328e-01
7.268000000000000000e+03,3.744945570360869169e-04,1.235750764608383179e-01
7.269000000000000000e+03,4.141814424656331539e-04,1.239501759409904480e-01
7.270000000000000000e+03,4.566858406178653240e-04,1.236304417252540588e-01
7.271000000000000000e+03,4.923066007904708385e-04,1.241877526044845581e-01
7.272000000000000000e+03,5.205156048759818077e-04,1.236537843942642212e-01
7.273000000000000000e+03,5.355137400329113007e-04,1.243944689631462097e-01
7.274000000000000000e+03,5.443851696327328682e-04,1.236390843987464905e-01
7.275000000000000000e+03,5.430944729596376419e-04,1.245535090565681458e-01
7.276000000000000000e+03,5.410440498962998390e-04,1.235943287611007690e-01
7.277000000000000000e+03,5.338217597454786301e-04,1.246597096323966980e-01
7.278000000000000000e+03,5.294904694892466068e-04,1.235319674015045166e-01
7.279000000000000000e+03,5.229278467595577240e-04,1.247096508741378784e-01
7.280000000000000000e+03,5.199485458433628082e-04,1.234629303216934204e-01
7.281000000000000000e+03,5.156990373507142067e-04,1.247077882289886475e-01
7.282000000000000000e+03,5.142512964084744453e-04,1.233897805213928223e-01
7.283000000000000000e+03,5.118126864545047283e-04,1.246708929538726807e-01
7.284000000000000000e+03,5.116155371069908142e-04,1.233356446027755737e-01
7.285000000000000000e+03,5.109669873490929604e-04,1.246338635683059692e-01
7.286000000000000000e+03,5.132716032676398754e-04,1.233107596635818481e-01
7.287000000000000000e+03,5.163046298548579216e-04,1.246182844042778015e-01
7.288000000000000000e+03,5.245708161965012550e-04,1.233181804418563843e-01
7.289000000000000000e+03,5.353602464310824871e-04,1.246544346213340759e-01
7.290000000000000000e+03,5.550496280193328857e-04,1.233756244182586670e-01
7.291000000000000000e+03,5.792826996184885502e-04,1.247879341244697571e-01
7.292000000000000000e+03,6.174144218675792217e-04,1.235078573226928711e-01
7.293000000000000000e+03,6.618314655497670174e-04,1.250488758087158203e-01
7.294000000000000000e+03,7.265642634592950344e-04,1.237256526947021484e-01
7.295000000000000000e+03,7.974795298650860786e-04,1.254591196775436401e-01
7.296000000000000000e+03,8.956628735177218914e-04,1.240536049008369446e-01
7.297000000000000000e+03,9.940240997821092606e-04,1.260002851486206055e-01
7.298000000000000000e+03,1.122744404710829258e-03,1.244494616985321045e-01
7.299000000000000000e+03,1.232047914527356625e-03,1.265274435281753540e-01
7.300000000000000000e+03,1.362447161227464676e-03,1.247805729508399963e-01
7.301000000000000000e+03,1.435450278222560883e-03,1.268046200275421143e-01
7.302000000000000000e+03,1.503687584772706032e-03,1.249480172991752625e-01
7.303000000000000000e+03,1.472434261813759804e-03,1.266413033008575439e-01
7.304000000000000000e+03,1.409198506735265255e-03,1.248967424035072327e-01
7.305000000000000000e+03,1.241844380274415016e-03,1.259734183549880981e-01
7.306000000000000000e+03,1.050285762175917625e-03,1.245646327733993530e-01
7.307000000000000000e+03,8.181682205758988857e-04,1.249632760882377625e-01
7.308000000000000000e+03,6.140913465060293674e-04,1.240332573652267456e-01
7.309000000000000000e+03,4.539137589745223522e-04,1.239987909793853760e-01
7.310000000000000000e+03,3.632414154708385468e-04,1.237034350633621216e-01
7.311000000000000000e+03,3.409549826756119728e-04,1.235556304454803467e-01
7.312000000000000000e+03,3.733812482096254826e-04,1.239725872874259949e-01
7.313000000000000000e+03,4.388267116155475378e-04,1.237287148833274841e-01
7.314000000000000000e+03,5.125107127241790295e-04,1.245791465044021606e-01
7.315000000000000000e+03,5.787417758256196976e-04,1.239763498306274414e-01
7.316000000000000000e+03,6.179572665132582188e-04,1.248884424567222595e-01
7.317000000000000000e+03,6.342584383673965931e-04,1.239503771066665649e-01
7.318000000000000000e+03,6.189006380736827850e-04,1.248971745371818542e-01
7.319000000000000000e+03,5.896560614928603172e-04,1.238614171743392944e-01
7.320000000000000000e+03,5.456974613480269909e-04,1.248062476515769958e-01
7.321000000000000000e+03,5.034432979300618172e-04,1.236940175294876099e-01
7.322000000000000000e+03,4.636569356080144644e-04,1.245077773928642273e-01
7.323000000000000000e+03,4.336366255301982164e-04,1.233854591846466064e-01
7.324000000000000000e+03,4.124572151340544224e-04,1.241506338119506836e-01
7.325000000000000000e+03,3.992787678726017475e-04,1.232029348611831665e-01
7.326000000000000000e+03,3.920650924555957317e-04,1.239247843623161316e-01
7.327000000000000000e+03,3.869404317811131477e-04,1.231609359383583069e-01
7.328000000000000000e+03,3.833003574982285500e-04,1.237081885337829590e-01
7.329000000000000000e+03,3.782025887630879879e-04,1.231119185686111450e-01
7.330000000000000000e+03,3.728495503310114145e-04,1.234684139490127563e-01
7.331000000000000000e+03,3.661977825686335564e-04,1.231188178062438965e-01
7.332000000000000000e+03,3.599619376473128796e-04,1.232961341738700867e-01
7.333000000000000000e+03,3.542847698554396629e-04,1.232011392712593079e-01
7.334000000000000000e+03,3.503791813272982836e-04,1.231475770473480225e-01
7.335000000000000000e+03,3.485839697532355785e-04,1.232873573899269104e-01
7.336000000000000000e+03,3.494970151223242283e-04,1.229974851012229919e-01
7.337000000000000000e+03,3.533480921760201454e-04,1.234198138117790222e-01
7.338000000000000000e+03,3.607899416238069534e-04,1.229141876101493835e-01
7.339000000000000000e+03,3.722636320162564516e-04,1.236650869250297546e-01
7.340000000000000000e+03,3.894256951753050089e-04,1.229106932878494263e-01
7.341000000000000000e+03,4.135784110985696316e-04,1.240426301956176758e-01
7.342000000000000000e+03,4.488815902732312679e-04,1.230028644204139709e-01
7.343000000000000000e+03,4.981123493053019047e-04,1.246516108512878418e-01
7.344000000000000000e+03,5.708649987354874611e-04,1.233173161745071411e-01
7.345000000000000000e+03,6.705339765176177025e-04,1.256623417139053345e-01
7.346000000000000000e+03,8.169242064468562603e-04,1.240411847829818726e-01
7.347000000000000000e+03,1.005108933895826340e-03,1.271900385618209839e-01
7.348000000000000000e+03,1.267695915885269642e-03,1.252353936433792114e-01
7.349000000000000000e+03,1.559157273732125759e-03,1.289927363395690918e-01
7.350000000000000000e+03,1.918780151754617691e-03,1.262278109788894653e-01
7.351000000000000000e+03,2.209501573815941811e-03,1.299321502447128296e-01
7.352000000000000000e+03,2.495338208973407745e-03,1.259734779596328735e-01
7.353000000000000000e+03,2.563021844252943993e-03,1.288970559835433960e-01
7.354000000000000000e+03,2.562101697549223900e-03,1.257055252790451050e-01
7.355000000000000000e+03,2.294560661539435387e-03,1.272983700037002563e-01
7.356000000000000000e+03,1.962435664609074593e-03,1.256564557552337646e-01
7.357000000000000000e+03,1.483110245317220688e-03,1.250044554471969604e-01
7.358000000000000000e+03,1.049025217071175575e-03,1.245988234877586365e-01
7.359000000000000000e+03,6.863819435238838196e-04,1.229450628161430359e-01
7.360000000000000000e+03,5.123945884406566620e-04,1.244000792503356934e-01
7.361000000000000000e+03,5.396180204115808010e-04,1.240244954824447632e-01
7.362000000000000000e+03,7.304904283955693245e-04,1.267940253019332886e-01
7.363000000000000000e+03,9.709897567518055439e-04,1.259578019380569458e-01
7.364000000000000000e+03,1.096121384762227535e-03,1.267915368080139160e-01
7.365000000000000000e+03,1.064469572156667709e-03,1.245208755135536194e-01
7.366000000000000000e+03,8.630685624666512012e-04,1.236838698387145996e-01
7.367000000000000000e+03,6.185094825923442841e-04,1.234303489327430725e-01
7.368000000000000000e+03,4.212730564177036285e-04,1.237588971853256226e-01
7.369000000000000000e+03,3.503600601106882095e-04,1.247869357466697693e-01
7.370000000000000000e+03,4.085051477886736393e-04,1.247414723038673401e-01
7.371000000000000000e+03,5.342974327504634857e-04,1.249836236238479614e-01
7.372000000000000000e+03,6.502622272819280624e-04,1.238043978810310364e-01
7.373000000000000000e+03,6.926742498762905598e-04,1.240468323230743408e-01
7.374000000000000000e+03,6.608862313441932201e-04,1.236133426427841187e-01
7.375000000000000000e+03,5.691092810593545437e-04,1.247214749455451965e-01
7.376000000000000000e+03,4.709229979198426008e-04,1.242861002683639526e-01
7.377000000000000000e+03,3.951371181756258011e-04,1.245572268962860107e-01
7.378000000000000000e+03,3.625816898420453072e-04,1.234611421823501587e-01
7.379000000000000000e+03,3.677953500300645828e-04,1.231947988271713257e-01
7.380000000000000000e+03,3.925283090211451054e-04,1.228689253330230713e-01
7.381000000000000000e+03,4.205506702419370413e-04,1.230165213346481323e-01
7.382000000000000000e+03,4.402736376505345106e-04,1.239629536867141724e-01
7.383000000000000000e+03,4.543356772046536207e-04,1.236217916011810303e-01
7.384000000000000000e+03,4.615731304511427879e-04,1.244017779827117920e-01
7.385000000000000000e+03,4.659623373299837112e-04,1.232038214802742004e-01
7.386000000000000000e+03,4.648741742130368948e-04,1.241265460848808289e-01
7.387000000000000000e+03,4.602690169122070074e-04,1.228867471218109131e-01
7.388000000000000000e+03,4.492681473493576050e-04,1.240496262907981873e-01
7.389000000000000000e+03,4.332638636697083712e-04,1.230887547135353088e-01
7.390000000000000000e+03,4.121420788578689098e-04,1.239660754799842834e-01
7.391000000000000000e+03,3.893492976203560829e-04,1.230181008577346802e-01
7.392000000000000000e+03,3.685676201712340117e-04,1.233656033873558044e-01
7.393000000000000000e+03,3.529704990796744823e-04,1.229085102677345276e-01
7.394000000000000000e+03,3.437006962485611439e-04,1.231616809964179993e-01
7.395000000000000000e+03,3.398075932636857033e-04,1.231633722782135010e-01
7.396000000000000000e+03,3.394479863345623016e-04,1.230864301323890686e-01
7.397000000000000000e+03,3.405919997021555901e-04,1.232154741883277893e-01
7.398000000000000000e+03,3.411339130252599716e-04,1.229562386870384216e-01
7.399000000000000000e+03,3.405823663342744112e-04,1.231949105858802795e-01
7.400000000000000000e+03,3.387432079762220383e-04,1.229671314358711243e-01
7.401000000000000000e+03,3.362633869983255863e-04,1.232704073190689087e-01
7.402000000000000000e+03,3.341843839734792709e-04,1.230813264846801758e-01
7.403000000000000000e+03,3.332286141812801361e-04,1.232218146324157715e-01
7.404000000000000000e+03,3.336272784508764744e-04,1.229933798313140869e-01
7.405000000000000000e+03,3.355058142915368080e-04,1.231440082192420959e-01
7.406000000000000000e+03,3.386656171642243862e-04,1.230406761169433594e-01
7.407000000000000000e+03,3.428542404435575008e-04,1.232833415269851685e-01
7.408000000000000000e+03,3.481350140646100044e-04,1.231473460793495178e-01
7.409000000000000000e+03,3.545779618434607983e-04,1.234542950987815857e-01
7.410000000000000000e+03,3.631497093010693789e-04,1.230897828936576843e-01
7.411000000000000000e+03,3.746550064533948898e-04,1.235584467649459839e-01
7.412000000000000000e+03,3.916286223102360964e-04,1.230369210243225098e-01
7.413000000000000000e+03,4.158538067713379860e-04,1.239547431468963623e-01
7.414000000000000000e+03,4.529043508227914572e-04,1.232068464159965515e-01
7.415000000000000000e+03,5.051830667071044445e-04,1.245761737227439880e-01
7.416000000000000000e+03,5.846202839165925980e-04,1.234186738729476929e-01
7.417000000000000000e+03,6.927147042006254196e-04,1.254915595054626465e-01
7.418000000000000000e+03,8.546854951418936253e-04,1.240800023078918457e-01
7.419000000000000000e+03,1.060067443177103996e-03,1.271173804998397827e-01
7.420000000000000000e+03,1.350815407931804657e-03,1.253591477870941162e-01
7.421000000000000000e+03,1.662927563302218914e-03,1.289737820625305176e-01
7.422000000000000000e+03,2.045774133875966072e-03,1.260066628456115723e-01
7.423000000000000000e+03,2.331626135855913162e-03,1.296416968107223511e-01
7.424000000000000000e+03,2.601577667519450188e-03,1.258923709392547607e-01
7.425000000000000000e+03,2.602670341730117798e-03,1.289977431297302246e-01
7.426000000000000000e+03,2.485171891748905182e-03,1.258772909641265869e-01
7.427000000000000000e+03,2.053846372291445732e-03,1.272143870592117310e-01
7.428000000000000000e+03,1.540334429591894150e-03,1.252807676792144775e-01
7.429000000000000000e+03,9.733412880450487137e-04,1.246949434280395508e-01
7.430000000000000000e+03,5.631460808217525482e-04,1.241507530212402344e-01
7.431000000000000000e+03,3.837543190456926823e-04,1.231568828225135803e-01
7.432000000000000000e+03,4.494251043070107698e-04,1.247617155313491821e-01
7.433000000000000000e+03,6.820475100539624691e-04,1.245785206556320190e-01
7.434000000000000000e+03,9.391944040544331074e-04,1.273595392704010010e-01
7.435000000000000000e+03,1.105730072595179081e-03,1.259117573499679565e-01
7.436000000000000000e+03,1.064558979123830795e-03,1.267266273498535156e-01
7.437000000000000000e+03,8.765677921473979950e-04,1.244798824191093445e-01
7.438000000000000000e+03,6.156543386168777943e-04,1.240799129009246826e-01
7.439000000000000000e+03,4.180232062935829163e-04,1.235293224453926086e-01
7.440000000000000000e+03,3.405365860089659691e-04,1.236754655838012695e-01
7.441000000000000000e+03,3.825264575425535440e-04,1.246141344308853149e-01
7.442000000000000000e+03,4.954431205987930298e-04,1.243039146065711975e-01
7.443000000000000000e+03,6.077421130612492561e-04,1.252591162919998169e-01
7.444000000000000000e+03,6.742051336914300919e-04,1.241258680820465088e-01
7.445000000000000000e+03,6.627862458117306232e-04,1.249322518706321716e-01
7.446000000000000000e+03,5.983335431665182114e-04,1.238361075520515442e-01
7.447000000000000000e+03,5.034417845308780670e-04,1.246007606387138367e-01
7.448000000000000000e+03,4.196403024252504110e-04,1.237875968217849731e-01
7.449000000000000000e+03,3.660279617179185152e-04,1.239840388298034668e-01
7.450000000000000000e+03,3.503156476654112339e-04,1.233370527625083923e-01
7.451000000000000000e+03,3.636904584709554911e-04,1.231459826231002808e-01
7.452000000000000000e+03,3.912128449883311987e-04,1.234199404716491699e-01
7.453000000000000000e+03,4.217371460981667042e-04,1.231945157051086426e-01
7.454000000000000000e+03,4.461283097043633461e-04,1.241504326462745667e-01
7.455000000000000000e+03,4.640265833586454391e-04,1.234672367572784424e-01
7.456000000000000000e+03,4.705596365965902805e-04,1.243960857391357422e-01
7.457000000000000000e+03,4.700713325291872025e-04,1.232346668839454651e-01
7.458000000000000000e+03,4.611773765645921230e-04,1.241782084107398987e-01
7.459000000000000000e+03,4.493451851885765791e-04,1.229829266667366028e-01
7.460000000000000000e+03,4.343130276538431644e-04,1.240217238664627075e-01
7.461000000000000000e+03,4.184936988167464733e-04,1.230250075459480286e-01
7.462000000000000000e+03,4.014877486042678356e-04,1.238827183842658997e-01
7.463000000000000000e+03,3.843000158667564392e-04,1.229960545897483826e-01
7.464000000000000000e+03,3.682740498334169388e-04,1.235498636960983276e-01
7.465000000000000000e+03,3.540792968124151230e-04,1.229584515094757080e-01
7.466000000000000000e+03,3.428272902965545654e-04,1.233185231685638428e-01
7.467000000000000000e+03,3.348290920257568359e-04,1.230651587247848511e-01
7.468000000000000000e+03,3.301174147054553032e-04,1.231739297509193420e-01
7.469000000000000000e+03,3.283042460680007935e-04,1.231388375163078308e-01
7.470000000000000000e+03,3.284639969933778048e-04,1.230537444353103638e-01
7.471000000000000000e+03,3.297287621535360813e-04,1.232432574033737183e-01
7.472000000000000000e+03,3.313569468446075916e-04,1.230539306998252869e-01
7.473000000000000000e+03,3.328690072521567345e-04,1.233493611216545105e-01
7.474000000000000000e+03,3.340372641105204821e-04,1.230338141322135925e-01
7.475000000000000000e+03,3.348790924064815044e-04,1.233432963490486145e-01
7.476000000000000000e+03,3.353612264618277550e-04,1.229621544480323792e-01
7.477000000000000000e+03,3.359349502716213465e-04,1.233525276184082031e-01
7.478000000000000000e+03,3.369353944435715675e-04,1.230022236704826355e-01
7.479000000000000000e+03,3.388479235582053661e-04,1.234792247414588928e-01
7.480000000000000000e+03,3.421820583753287792e-04,1.230862960219383240e-01
7.481000000000000000e+03,3.474133554846048355e-04,1.235969290137290955e-01
7.482000000000000000e+03,3.554715658538043499e-04,1.230738684535026550e-01
7.483000000000000000e+03,3.671690938062965870e-04,1.237238720059394836e-01
7.484000000000000000e+03,3.846116014756262302e-04,1.230882927775382996e-01
7.485000000000000000e+03,4.092385643161833286e-04,1.240271851420402527e-01
7.486000000000000000e+03,4.460905620362609625e-04,1.231998503208160400e-01
7.487000000000000000e+03,4.974159528501331806e-04,1.245540380477905273e-01
7.488000000000000000e+03,5.748542025685310364e-04,1.234357506036758423e-01
7.489000000000000000e+03,6.800249102525413036e-04,1.254718452692031860e-01
7.490000000000000000e+03,8.374590543098747730e-04,1.241212785243988037e-01
7.491000000000000000e+03,1.036811852827668190e-03,1.270660161972045898e-01
7.492000000000000000e+03,1.318699680268764496e-03,1.253192573785781860e-01
7.493000000000000000e+03,1.621397794224321842e-03,1.289137005805969238e-01
7.494000000000000000e+03,1.993478043004870415e-03,1.260871738195419312e-01
7.495000000000000000e+03,2.270371653139591217e-03,1.297888457775115967e-01
7.496000000000000000e+03,2.524768933653831482e-03,1.260350495576858521e-01
7.497000000000000000e+03,2.512269886210560799e-03,1.291109472513198853e-01
7.498000000000000000e+03,2.379698213189840317e-03,1.259350329637527466e-01
7.499000000000000000e+03,1.955618150532245636e-03,1.272751390933990479e-01
7.500000000000000000e+03,1.469019916839897633e-03,1.253227740526199341e-01
7.501000000000000000e+03,9.503561886958777905e-04,1.246188655495643616e-01
7.502000000000000000e+03,5.857002688571810722e-04,1.242169961333274841e-01
7.503000000000000000e+03,4.264762101229280233e-04,1.229598596692085266e-01
7.504000000000000000e+03,4.826121148653328419e-04,1.249905303120613098e-01
7.505000000000000000e+03,6.879064603708684444e-04,1.246943175792694092e-01
7.506000000000000000e+03,9.268370922654867172e-04,1.279927939176559448e-01
7.507000000000000000e+03,1.090593519620597363e-03,1.263924092054367065e-01
7.508000000000000000e+03,1.060714828781783581e-03,1.273020803928375244e-01
7.509000000000000000e+03,8.878813241608440876e-04,1.245746240019798279e-01
7.510000000000000000e+03,6.384165026247501373e-04,1.237743645906448364e-01
7.511000000000000000e+03,4.431194975040853024e-04,1.233592182397842407e-01
7.512000000000000000e+03,3.535758587531745434e-04,1.233618184924125671e-01
7.513000000000000000e+03,3.766532172448933125e-04,1.249709054827690125e-01
7.514000000000000000e+03,4.787165962625294924e-04,1.245736703276634216e-01
7.515000000000000000e+03,5.967878387309610844e-04,1.258884519338607788e-01
7.516000000000000000e+03,6.786372978240251541e-04,1.243458464741706848e-01
7.517000000000000000e+03,6.841812282800674438e-04,1.250495612621307373e-01
7.518000000000000000e+03,6.295791827142238617e-04,1.237541437149047852e-01
7.519000000000000000e+03,5.319209303706884384e-04,1.244555562734603882e-01
7.520000000000000000e+03,4.358066362328827381e-04,1.239301040768623352e-01
7.521000000000000000e+03,3.630345454439520836e-04,1.239390298724174500e-01
7.522000000000000000e+03,3.305693389847874641e-04,1.236118301749229431e-01
7.523000000000000000e+03,3.359894617460668087e-04,1.230557337403297424e-01
7.524000000000000000e+03,3.669004072435200214e-04,1.235950216650962830e-01
7.525000000000000000e+03,4.105818807147443295e-04,1.231568828225135803e-01
7.526000000000000000e+03,4.529316793195903301e-04,1.243517175316810608e-01
7.527000000000000000e+03,4.869646509177982807e-04,1.236242353916168213e-01
7.528000000000000000e+03,5.024203564971685410e-04,1.245371997356414795e-01
7.529000000000000000e+03,5.024791462346911430e-04,1.234002709388732910e-01
7.530000000000000000e+03,4.853081190958619118e-04,1.241204440593719482e-01
7.531000000000000000e+03,4.620491527020931244e-04,1.230587810277938843e-01
7.532000000000000000e+03,4.338307189755141735e-04,1.238726675510406494e-01
7.533000000000000000e+03,4.082336381543427706e-04,1.231514289975166321e-01
7.534000000000000000e+03,3.849132335744798183e-04,1.238341927528381348e-01
7.535000000000000000e+03,3.662066883407533169e-04,1.231531873345375061e-01
7.536000000000000000e+03,3.519524470902979374e-04,1.235368922352790833e-01
7.537000000000000000e+03,3.418695996515452862e-04,1.230067387223243713e-01
7.538000000000000000e+03,3.350417828187346458e-04,1.233272403478622437e-01
7.539000000000000000e+03,3.308829909656196833e-04,1.230678930878639221e-01
7.540000000000000000e+03,3.286861465312540531e-04,1.232667416334152222e-01
7.541000000000000000e+03,3.279238590039312840e-04,1.231461614370346069e-01
7.542000000000000000e+03,3.282171965111047029e-04,1.231950968503952026e-01
7.543000000000000000e+03,3.290700260549783707e-04,1.232217699289321899e-01
7.544000000000000000e+03,3.305422724224627018e-04,1.231615096330642700e-01
7.545000000000000000e+03,3.326227306388318539e-04,1.233417168259620667e-01
7.546000000000000000e+03,3.354577056597918272e-04,1.231363192200660706e-01
7.547000000000000000e+03,3.391709178686141968e-04,1.234105825424194336e-01
7.548000000000000000e+03,3.441120497882366180e-04,1.230439469218254089e-01
7.549000000000000000e+03,3.505028435029089451e-04,1.235134154558181763e-01
7.550000000000000000e+03,3.594879526644945145e-04,1.230601370334625244e-01
7.551000000000000000e+03,3.713905462063848972e-04,1.237905919551849365e-01
7.552000000000000000e+03,3.881531883962452412e-04,1.231680512428283691e-01
7.553000000000000000e+03,4.103103419765830040e-04,1.241478100419044495e-01
7.554000000000000000e+03,4.417404416017234325e-04,1.232570260763168335e-01
7.555000000000000000e+03,4.827810043934732676e-04,1.246048435568809509e-01
7.556000000000000000e+03,5.413408507592976093e-04,1.234699115157127380e-01
7.557000000000000000e+03,6.160611519590020180e-04,1.253667026758193970e-01
7.558000000000000000e+03,7.215332007035613060e-04,1.239971369504928589e-01
7.559000000000000000e+03,8.481425466015934944e-04,1.265085786581039429e-01
7.560000000000000000e+03,1.018538838252425194e-03,1.248052269220352173e-01
7.561000000000000000e+03,1.197823090478777885e-03,1.278313100337982178e-01
7.562000000000000000e+03,1.414422644302248955e-03,1.256626397371292114e-01
7.563000000000000000e+03,1.584451296366751194e-03,1.288455575704574585e-01
7.564000000000000000e+03,1.744661014527082443e-03,1.260546445846557617e-01
7.565000000000000000e+03,1.770045026205480099e-03,1.286574304103851318e-01
7.566000000000000000e+03,1.736967242322862148e-03,1.256251037120819092e-01
7.567000000000000000e+03,1.550604356452822685e-03,1.270852386951446533e-01
7.568000000000000000e+03,1.335008069872856140e-03,1.250301003456115723e-01
7.569000000000000000e+03,1.063293311744928360e-03,1.253298521041870117e-01
7.570000000000000000e+03,8.352725999429821968e-04,1.245336383581161499e-01
7.571000000000000000e+03,6.497438880614936352e-04,1.237447634339332581e-01
7.572000000000000000e+03,5.423056427389383316e-04,1.242805346846580505e-01
7.573000000000000000e+03,4.967174027115106583e-04,1.231571510434150696e-01
7.574000000000000000e+03,5.130019271746277809e-04,1.250592768192291260e-01
7.575000000000000000e+03,5.631187232211232185e-04,1.241605877876281738e-01
7.576000000000000000e+03,6.320709362626075745e-04,1.263356953859329224e-01
7.577000000000000000e+03,6.905539194121956825e-04,1.249777451157569885e-01
7.578000000000000000e+03,7.106980192475020885e-04,1.260631382465362549e-01
7.579000000000000000e+03,6.965723005123436451e-04,1.242920905351638794e-01
7.580000000000000000e+03,6.441483274102210999e-04,1.245214343070983887e-01
7.581000000000000000e+03,5.835627671331167221e-04,1.238032281398773193e-01
7.582000000000000000e+03,5.171264056116342545e-04,1.239282041788101196e-01
7.583000000000000000e+03,4.607938753906637430e-04,1.241495385766029358e-01
7.584000000000000000e+03,4.140208475291728973e-04,1.236739158630371094e-01
7.585000000000000000e+03,3.834027447737753391e-04,1.240243613719940186e-01
7.586000000000000000e+03,3.669422003440558910e-04,1.231846213340759277e-01
7.587000000000000000e+03,3.654950996860861778e-04,1.239060610532760620e-01
7.588000000000000000e+03,3.761323750950396061e-04,1.233188584446907043e-01
7.589000000000000000e+03,3.958875313401222229e-04,1.242074966430664062e-01
7.590000000000000000e+03,4.216601082589477301e-04,1.236189976334571838e-01
7.591000000000000000e+03,4.473205772228538990e-04,1.241706535220146179e-01
7.592000000000000000e+03,4.722576995845884085e-04,1.234561055898666382e-01
7.593000000000000000e+03,4.904980305582284927e-04,1.238993778824806213e-01
7.594000000000000000e+03,5.058317910879850388e-04,1.233837008476257324e-01
7.595000000000000000e+03,5.127344629727303982e-04,1.239720657467842102e-01
7.596000000000000000e+03,5.179113941267132759e-04,1.234958693385124207e-01
7.597000000000000000e+03,5.159336724318563938e-04,1.240234300494194031e-01
7.598000000000000000e+03,5.148341297172009945e-04,1.233727484941482544e-01
7.599000000000000000e+03,5.099296104162931442e-04,1.239802241325378418e-01
7.600000000000000000e+03,5.092001520097255707e-04,1.232927441596984863e-01
7.601000000000000000e+03,5.079297116026282310e-04,1.241923347115516663e-01
7.602000000000000000e+03,5.133330705575644970e-04,1.234378367662429810e-01
7.603000000000000000e+03,5.190624506212770939e-04,1.244845464825630188e-01
7.604000000000000000e+03,5.318605108186602592e-04,1.234941482543945312e-01
7.605000000000000000e+03,5.443555419333279133e-04,1.246539577841758728e-01
7.606000000000000000e+03,5.644399207085371017e-04,1.235445663332939148e-01
7.607000000000000000e+03,5.835869815200567245e-04,1.249360218644142151e-01
7.608000000000000000e+03,6.114352727308869362e-04,1.237417235970497131e-01
7.609000000000000000e+03,6.365859881043434143e-04,1.252274513244628906e-01
7.610000000000000000e+03,6.709385197609663010e-04,1.238675191998481750e-01
7.611000000000000000e+03,6.998196477070450783e-04,1.254032850265502930e-01
7.612000000000000000e+03,7.387285004369914532e-04,1.240321695804595947e-01
7.613000000000000000e+03,7.684264564886689186e-04,1.256496310234069824e-01
7.614000000000000000e+03,8.077075472101569176e-04,1.242579743266105652e-01
7.615000000000000000e+03,8.311742567457258701e-04,1.257652491331100464e-01
7.616000000000000000e+03,8.611829252913594246e-04,1.242971867322921753e-01
7.617000000000000000e+03,8.687907829880714417e-04,1.256603300571441650e-01
7.618000000000000000e+03,8.805381366983056068e-04,1.243273615837097168e-01
7.619000000000000000e+03,8.661734755150973797e-04,1.255571246147155762e-01
7.620000000000000000e+03,8.532544597983360291e-04,1.243614852428436279e-01
7.621000000000000000e+03,8.137619006447494030e-04,1.252897530794143677e-01
7.622000000000000000e+03,7.738885469734668732e-04,1.242002546787261963e-01
7.623000000000000000e+03,7.135146297514438629e-04,1.248678267002105713e-01
7.624000000000000000e+03,6.552070262841880322e-04,1.240422204136848450e-01
7.625000000000000000e+03,5.874782800674438477e-04,1.245385929942131042e-01
7.626000000000000000e+03,5.262488848529756069e-04,1.239001229405403137e-01
7.627000000000000000e+03,4.669992194976657629e-04,1.241870149970054626e-01
7.628000000000000000e+03,4.182778648100793362e-04,1.236814558506011963e-01
7.629000000000000000e+03,3.787815512623637915e-04,1.238761544227600098e-01
7.630000000000000000e+03,3.507957735564559698e-04,1.235604137182235718e-01
7.631000000000000000e+03,3.328390303067862988e-04,1.237491071224212646e-01
7.632000000000000000e+03,3.236845077481120825e-04,1.235596016049385071e-01
7.633000000000000000e+03,3.213040181435644627e-04,1.236823722720146179e-01
7.634000000000000000e+03,3.237206256017088890e-04,1.235412806272506714e-01
7.635000000000000000e+03,3.292601904831826687e-04,1.235753893852233887e-01
7.636000000000000000e+03,3.365465672686696053e-04,1.235103905200958252e-01
7.637000000000000000e+03,3.449430805630981922e-04,1.234792992472648621e-01
7.638000000000000000e+03,3.538438177201896906e-04,1.235407590866088867e-01
7.639000000000000000e+03,3.638220368884503841e-04,1.234179213643074036e-01
7.640000000000000000e+03,3.747451992239803076e-04,1.236262694001197815e-01
7.641000000000000000e+03,3.884545876644551754e-04,1.233425736427307129e-01
7.642000000000000000e+03,4.051190917380154133e-04,1.237582266330718994e-01
7.643000000000000000e+03,4.284009919501841068e-04,1.232934668660163879e-01
7.644000000000000000e+03,4.586637951433658600e-04,1.240587532520294189e-01
7.645000000000000000e+03,5.032307817600667477e-04,1.233851090073585510e-01
7.646000000000000000e+03,5.619461880996823311e-04,1.246223375201225281e-01
7.647000000000000000e+03,6.494682747870683670e-04,1.236590892076492310e-01
7.648000000000000000e+03,7.616354851052165031e-04,1.255145370960235596e-01
7.649000000000000000e+03,9.265831322409212589e-04,1.242406815290451050e-01
7.650000000000000000e+03,1.122696092352271080e-03,1.268674433231353760e-01
7.651000000000000000e+03,1.396400271914899349e-03,1.251556873321533203e-01
7.652000000000000000e+03,1.672165351919829845e-03,1.283526122570037842e-01
7.653000000000000000e+03,2.011795993894338608e-03,1.257335245609283447e-01
7.654000000000000000e+03,2.243688330054283142e-03,1.289843022823333740e-01
7.655000000000000000e+03,2.455840818583965302e-03,1.257567554712295532e-01
7.656000000000000000e+03,2.408913336694240570e-03,1.283826082944869995e-01
7.657000000000000000e+03,2.251075115054845810e-03,1.258069574832916260e-01
7.658000000000000000e+03,1.824790379032492638e-03,1.267733871936798096e-01
7.659000000000000000e+03,1.348789315670728683e-03,1.252253204584121704e-01
7.660000000000000000e+03,8.606873452663421631e-04,1.243588477373123169e-01
7.661000000000000000e+03,5.344437086023390293e-04,1.242472231388092041e-01
7.662000000000000000e+03,4.171499167568981647e-04,1.230937987565994263e-01
7.663000000000000000e+03,5.089826881885528564e-04,1.253587007522583008e-01
7.664000000000000000e+03,7.342582684941589832e-04,1.251002401113510132e-01
7.665000000000000000e+03,9.650503052398562431e-04,1.283798366785049438e-01
7.666000000000000000e+03,1.097430940717458725e-03,1.264723986387252808e-01
7.667000000000000000e+03,1.026639714837074280e-03,1.272411346435546875e-01
7.668000000000000000e+03,8.251694380305707455e-04,1.245984360575675964e-01
7.669000000000000000e+03,5.727126263082027435e-04,1.239959523081779480e-01
7.670000000000000000e+03,3.936098946724087000e-04,1.235892251133918762e-01
7.671000000000000000e+03,3.305839491076767445e-04,1.236538812518119812e-01
7.672000000000000000e+03,3.769941395148634911e-04,1.250760853290557861e-01
7.673000000000000000e+03,4.904308007098734379e-04,1.245737224817276001e-01
7.674000000000000000e+03,6.056014099158346653e-04,1.259239464998245239e-01
7.675000000000000000e+03,6.780527764931321144e-04,1.244833916425704956e-01
7.676000000000000000e+03,6.737956427969038486e-04,1.254327893257141113e-01
7.677000000000000000e+03,6.133985007181763649e-04,1.240047588944435120e-01
7.678000000000000000e+03,5.161876324564218521e-04,1.248194202780723572e-01
7.679000000000000000e+03,4.252033832017332315e-04,1.239536330103874207e-01
7.680000000000000000e+03,3.604454977903515100e-04,1.241275593638420105e-01
7.681000000000000000e+03,3.338993410579860210e-04,1.234756261110305786e-01
7.682000000000000000e+03,3.407089097891002893e-04,1.232341900467872620e-01
7.683000000000000000e+03,3.672615857794880867e-04,1.234942004084587097e-01
7.684000000000000000e+03,4.022251814603805542e-04,1.232561469078063965e-01
7.685000000000000000e+03,4.342293250374495983e-04,1.241530328989028931e-01
7.686000000000000000e+03,4.589416203089058399e-04,1.235756725072860718e-01
7.687000000000000000e+03,4.699320998042821884e-04,1.244286075234413147e-01
7.688000000000000000e+03,4.713258822448551655e-04,1.234227642416954041e-01
7.689000000000000000e+03,4.615393700078129768e-04,1.242599114775657654e-01
7.690000000000000000e+03,4.494200984481722116e-04,1.231666728854179382e-01
7.691000000000000000e+03,4.349110822658985853e-04,1.241955757141113281e-01
7.692000000000000000e+03,4.235093656461685896e-04,1.231875419616699219e-01
7.693000000000000000e+03,4.146724822930991650e-04,1.242589130997657776e-01
7.694000000000000000e+03,4.093174939043819904e-04,1.231879144906997681e-01
7.695000000000000000e+03,4.071404691785573959e-04,1.241518780589103699e-01
7.696000000000000000e+03,4.060948558617383242e-04,1.230063289403915405e-01
7.697000000000000000e+03,4.068319103680551052e-04,1.240021511912345886e-01
7.698000000000000000e+03,4.062886582687497139e-04,1.229547262191772461e-01
7.699000000000000000e+03,4.066050751134753227e-04,1.239817887544631958e-01
7.700000000000000000e+03,4.041187348775565624e-04,1.229914203286170959e-01
7.701000000000000000e+03,4.019027983304113150e-04,1.239856407046318054e-01
7.702000000000000000e+03,3.966700169257819653e-04,1.230238825082778931e-01
7.703000000000000000e+03,3.918759757652878761e-04,1.239459142088890076e-01
7.704000000000000000e+03,3.856260445900261402e-04,1.230200976133346558e-01
7.705000000000000000e+03,3.807606117334216833e-04,1.239077001810073853e-01
7.706000000000000000e+03,3.766362788155674934e-04,1.230133995413780212e-01
7.707000000000000000e+03,3.753551864065229893e-04,1.238772720098495483e-01
7.708000000000000000e+03,3.774452488869428635e-04,1.230608597397804260e-01
7.709000000000000000e+03,3.840946010313928127e-04,1.240158006548881531e-01
7.710000000000000000e+03,3.969187964685261250e-04,1.232337355613708496e-01
7.711000000000000000e+03,4.158781375735998154e-04,1.242529526352882385e-01
7.712000000000000000e+03,4.444210790097713470e-04,1.233478486537933350e-01
7.713000000000000000e+03,4.815456923097372055e-04,1.245463192462921143e-01
7.714000000000000000e+03,5.343189695850014687e-04,1.235335692763328552e-01
7.715000000000000000e+03,5.993118975311517715e-04,1.250932067632675171e-01
7.716000000000000000e+03,6.902082241140305996e-04,1.239398717880249023e-01
7.717000000000000000e+03,7.955477340146899223e-04,1.258983314037322998e-01
7.718000000000000000e+03,9.385067969560623169e-04,1.244341507554054260e-01
7.719000000000000000e+03,1.087651588022708893e-03,1.268317550420761108e-01
7.720000000000000000e+03,1.278195879422128201e-03,1.250886917114257812e-01
7.721000000000000000e+03,1.438578125089406967e-03,1.278069466352462769e-01
7.722000000000000000e+03,1.615296583622694016e-03,1.255778819322586060e-01
7.723000000000000000e+03,1.688698772341012955e-03,1.279940605163574219e-01
7.724000000000000000e+03,1.727120485156774521e-03,1.254463791847229004e-01
7.725000000000000000e+03,1.610392704606056213e-03,1.271579265594482422e-01
7.726000000000000000e+03,1.441802014596760273e-03,1.252299100160598755e-01
7.727000000000000000e+03,1.163646811619400978e-03,1.259826421737670898e-01
7.728000000000000000e+03,8.864297997206449509e-04,1.246933564543724060e-01
7.729000000000000000e+03,6.231759907677769661e-04,1.243329867720603943e-01
7.730000000000000000e+03,4.402181366458535194e-04,1.239561438560485840e-01
7.731000000000000000e+03,3.516625729389488697e-04,1.233447045087814331e-01
7.732000000000000000e+03,3.574200090952217579e-04,1.243778169155120850e-01
7.733000000000000000e+03,4.343613982200622559e-04,1.239776238799095154e-01
7.734000000000000000e+03,5.460436223074793816e-04,1.257808059453964233e-01
7.735000000000000000e+03,6.571614067070186138e-04,1.248479783535003662e-01
7.736000000000000000e+03,7.216975791379809380e-04,1.261660158634185791e-01
7.737000000000000000e+03,7.356127025559544563e-04,1.245790645480155945e-01
7.738000000000000000e+03,6.836001994088292122e-04,1.253361701965332031e-01
7.739000000000000000e+03,6.015231483615934849e-04,1.241064816713333130e-01
7.740000000000000000e+03,5.021647666580975056e-04,1.247272789478302002e-01
7.741000000000000000e+03,4.165104473941028118e-04,1.239936351776123047e-01
7.742000000000000000e+03,3.546290099620819092e-04,1.241080090403556824e-01
7.743000000000000000e+03,3.235542681068181992e-04,1.236362606287002563e-01
7.744000000000000000e+03,3.201602958142757416e-04,1.234520226716995239e-01
7.745000000000000000e+03,3.369486366864293814e-04,1.236347481608390808e-01
7.746000000000000000e+03,3.654087195172905922e-04,1.234497502446174622e-01
7.747000000000000000e+03,3.972218546550720930e-04,1.241314336657524109e-01
7.748000000000000000e+03,4.280960420146584511e-04,1.236543282866477966e-01
7.749000000000000000e+03,4.519789363257586956e-04,1.243767291307449341e-01
7.750000000000000000e+03,4.706965992227196693e-04,1.235404908657073975e-01
7.751000000000000000e+03,4.801299364771693945e-04,1.243937313556671143e-01
7.752000000000000000e+03,4.869033291470259428e-04,1.234637275338172913e-01
7.753000000000000000e+03,4.875618615187704563e-04,1.245528608560562134e-01
7.754000000000000000e+03,4.896197933703660965e-04,1.235281005501747131e-01
7.755000000000000000e+03,4.887414397671818733e-04,1.246772035956382751e-01
7.756000000000000000e+03,4.914637538604438305e-04,1.234621331095695496e-01
7.757000000000000000e+03,4.937452613376080990e-04,1.247092783451080322e-01
7.758000000000000000e+03,5.011370521970093250e-04,1.234018132090568542e-01
7.759000000000000000e+03,5.102405557408928871e-04,1.248987838625907898e-01
7.760000000000000000e+03,5.252205883152782917e-04,1.235331669449806213e-01
7.761000000000000000e+03,5.428438889794051647e-04,1.252149790525436401e-01
7.762000000000000000e+03,5.651920218952000141e-04,1.236662268638610840e-01
7.763000000000000000e+03,5.897919181734323502e-04,1.254752874374389648e-01
7.764000000000000000e+03,6.164691294543445110e-04,1.237635165452957153e-01
7.765000000000000000e+03,6.434676470234990120e-04,1.257556080818176270e-01
7.766000000000000000e+03,6.682589882984757423e-04,1.239481791853904724e-01
7.767000000000000000e+03,6.885385955683887005e-04,1.259732693433761597e-01
7.768000000000000000e+03,7.014087750576436520e-04,1.240510419011116028e-01
7.769000000000000000e+03,7.045810343697667122e-04,1.259288042783737183e-01
7.770000000000000000e+03,7.005136576481163502e-04,1.240430250763893127e-01
7.771000000000000000e+03,6.868955679237842560e-04,1.257119029760360718e-01
7.772000000000000000e+03,6.749861058779060841e-04,1.240311488509178162e-01
7.773000000000000000e+03,6.596322637051343918e-04,1.253734827041625977e-01
7.774000000000000000e+03,6.573788123205304146e-04,1.239543855190277100e-01
7.775000000000000000e+03,6.581380148418247700e-04,1.249733641743659973e-01
7.776000000000000000e+03,6.778811803087592125e-04,1.239490434527397156e-01
7.777000000000000000e+03,7.001950289122760296e-04,1.247825026512145996e-01
7.778000000000000000e+03,7.386575452983379364e-04,1.240656897425651550e-01
7.779000000000000000e+03,7.700753048993647099e-04,1.247425526380538940e-01
7.780000000000000000e+03,8.096325909718871117e-04,1.240834444761276245e-01
7.781000000000000000e+03,8.291269186884164810e-04,1.247511282563209534e-01
7.782000000000000000e+03,8.494193898513913155e-04,1.241050139069557190e-01
7.783000000000000000e+03,8.413578034378588200e-04,1.249788329005241394e-01
7.784000000000000000e+03,8.320136694237589836e-04,1.242008134722709656e-01
7.785000000000000000e+03,7.965857512317597866e-04,1.252408623695373535e-01
7.786000000000000000e+03,7.629421306774020195e-04,1.242230534553527832e-01
7.787000000000000000e+03,7.122602546587586403e-04,1.253904551267623901e-01
7.788000000000000000e+03,6.674922187812626362e-04,1.242418065667152405e-01
7.789000000000000000e+03,6.146375089883804321e-04,1.254418194293975830e-01
7.790000000000000000e+03,5.687653319910168648e-04,1.241852790117263794e-01
7.791000000000000000e+03,5.210342933423817158e-04,1.251844316720962524e-01
7.792000000000000000e+03,4.792531835846602917e-04,1.238877922296524048e-01
7.793000000000000000e+03,4.402072518132627010e-04,1.246686801314353943e-01
7.794000000000000000e+03,4.064326058141887188e-04,1.235987469553947449e-01
7.795000000000000000e+03,3.775259829126298428e-04,1.242065131664276123e-01
7.796000000000000000e+03,3.535032738000154495e-04,1.235103607177734375e-01
7.797000000000000000e+03,3.349193721078336239e-04,1.238535419106483459e-01
7.798000000000000000e+03,3.216126060578972101e-04,1.235203593969345093e-01
7.799000000000000000e+03,3.137900494039058685e-04,1.235609501600265503e-01
7.800000000000000000e+03,3.109917161054909229e-04,1.235892325639724731e-01
7.801000000000000000e+03,3.125244984403252602e-04,1.233710870146751404e-01
7.802000000000000000e+03,3.174651938024908304e-04,1.237161308526992798e-01
7.803000000000000000e+03,3.249348956160247326e-04,1.232734173536300659e-01
7.804000000000000000e+03,3.342261188663542271e-04,1.238558813929557800e-01
7.805000000000000000e+03,3.451575757935643196e-04,1.232122406363487244e-01
7.806000000000000000e+03,3.578422474674880505e-04,1.239935383200645447e-01
7.807000000000000000e+03,3.735051723197102547e-04,1.231997832655906677e-01
7.808000000000000000e+03,3.931447281502187252e-04,1.242080032825469971e-01
7.809000000000000000e+03,4.203389107715338469e-04,1.232904419302940369e-01
7.810000000000000000e+03,4.565993731375783682e-04,1.245687380433082581e-01
7.811000000000000000e+03,5.100186681374907494e-04,1.234977021813392639e-01
7.812000000000000000e+03,5.815961631014943123e-04,1.251371055841445923e-01
7.813000000000000000e+03,6.886942428536713123e-04,1.238930597901344299e-01
7.814000000000000000e+03,8.273015846498310566e-04,1.260633021593093872e-01
7.815000000000000000e+03,1.032144529744982719e-03,1.246007829904556274e-01
7.816000000000000000e+03,1.276451861485838890e-03,1.273567974567413330e-01
7.817000000000000000e+03,1.620086026377975941e-03,1.253547966480255127e-01
7.818000000000000000e+03,1.968863420188426971e-03,1.285208016633987427e-01
7.819000000000000000e+03,2.411936875432729721e-03,1.255834996700286865e-01
7.820000000000000000e+03,2.726881299167871475e-03,1.288656294345855713e-01
7.821000000000000000e+03,3.032970475032925606e-03,1.256925910711288452e-01
7.822000000000000000e+03,2.974258037284016609e-03,1.282667070627212524e-01
7.823000000000000000e+03,2.726398175582289696e-03,1.259534955024719238e-01
7.824000000000000000e+03,2.056491095572710037e-03,1.265355348587036133e-01
7.825000000000000000e+03,1.308678416535258293e-03,1.252120882272720337e-01
7.826000000000000000e+03,6.445379694923758507e-04,1.245324462652206421e-01
7.827000000000000000e+03,3.412508522160351276e-04,1.245295256376266479e-01
7.828000000000000000e+03,4.387677181512117386e-04,1.240757927298545837e-01
7.829000000000000000e+03,7.815489079803228378e-04,1.259357035160064697e-01
7.830000000000000000e+03,1.130313030444085598e-03,1.254812479019165039e-01
7.831000000000000000e+03,1.235113712027668953e-03,1.275040805339813232e-01
7.832000000000000000e+03,1.089453464373946190e-03,1.257401108741760254e-01
7.833000000000000000e+03,7.559673395007848740e-04,1.260066926479339600e-01
7.834000000000000000e+03,4.643840657081454992e-04,1.247140094637870789e-01
7.835000000000000000e+03,3.491492825560271740e-04,1.244359463453292847e-01
7.836000000000000000e+03,4.198718233965337276e-04,1.242528557777404785e-01
7.837000000000000000e+03,5.737164174206554890e-04,1.241742298007011414e-01
7.838000000000000000e+03,6.844823947176337242e-04,1.253878623247146606e-01
7.839000000000000000e+03,7.032559951767325401e-04,1.248785257339477539e-01
7.840000000000000000e+03,6.245305994525551796e-04,1.260416209697723389e-01
7.841000000000000000e+03,5.203182809054851532e-04,1.247147321701049805e-01
7.842000000000000000e+03,4.379459423944354057e-04,1.249744668602943420e-01
7.843000000000000000e+03,4.069465794600546360e-04,1.234249323606491089e-01
7.844000000000000000e+03,4.171967739239335060e-04,1.236381381750106812e-01
7.845000000000000000e+03,4.318404826335608959e-04,1.234807595610618591e-01
7.846000000000000000e+03,4.356999997980892658e-04,1.236919611692428589e-01
7.847000000000000000e+03,4.256023094058036804e-04,1.245054826140403748e-01
7.848000000000000000e+03,4.179351963102817535e-04,1.238631084561347961e-01
7.849000000000000000e+03,4.197125963401049376e-04,1.247155070304870605e-01
7.850000000000000000e+03,4.311148368287831545e-04,1.232909932732582092e-01
7.851000000000000000e+03,4.420155310072004795e-04,1.242571547627449036e-01
7.852000000000000000e+03,4.393628914840519428e-04,1.230717748403549194e-01
7.853000000000000000e+03,4.199295071884989738e-04,1.240640059113502502e-01
7.854000000000000000e+03,3.840758581645786762e-04,1.232003197073936462e-01
7.855000000000000000e+03,3.473527904134243727e-04,1.234445050358772278e-01
7.856000000000000000e+03,3.194806049577891827e-04,1.230682209134101868e-01
7.857000000000000000e+03,3.086963552050292492e-04,1.229149326682090759e-01
7.858000000000000000e+03,3.141354536637663841e-04,1.233350038528442383e-01
7.859000000000000000e+03,3.289011656306684017e-04,1.229155361652374268e-01
7.860000000000000000e+03,3.451077500358223915e-04,1.237315759062767029e-01
7.861000000000000000e+03,3.552830021362751722e-04,1.230015978217124939e-01
7.862000000000000000e+03,3.582015051506459713e-04,1.237001940608024597e-01
7.863000000000000000e+03,3.549845423549413681e-04,1.228413805365562439e-01
7.864000000000000000e+03,3.507921937853097916e-04,1.235392987728118896e-01
7.865000000000000000e+03,3.495372366160154343e-04,1.229133829474449158e-01
7.866000000000000000e+03,3.535088035278022289e-04,1.235841959714889526e-01
7.867000000000000000e+03,3.632128646131604910e-04,1.230996400117874146e-01
7.868000000000000000e+03,3.760958497878164053e-04,1.236958205699920654e-01
7.869000000000000000e+03,3.913220134563744068e-04,1.231449842453002930e-01
7.870000000000000000e+03,4.053086158819496632e-04,1.237671524286270142e-01
7.871000000000000000e+03,4.202199052087962627e-04,1.231442540884017944e-01
7.872000000000000000e+03,4.343187611084431410e-04,1.240725219249725342e-01
7.873000000000000000e+03,4.533389001153409481e-04,1.232829615473747253e-01
7.874000000000000000e+03,4.752147360704839230e-04,1.245095804333686829e-01
7.875000000000000000e+03,5.069769686087965965e-04,1.234857067465782166e-01
7.876000000000000000e+03,5.434025661088526249e-04,1.250780671834945679e-01
7.877000000000000000e+03,5.922054988332092762e-04,1.238292455673217773e-01
7.878000000000000000e+03,6.428350461646914482e-04,1.257420927286148071e-01
7.879000000000000000e+03,7.038472103886306286e-04,1.242462322115898132e-01
7.880000000000000000e+03,7.582260877825319767e-04,1.262755393981933594e-01
7.881000000000000000e+03,8.171008084900677204e-04,1.245200484991073608e-01
7.882000000000000000e+03,8.573088562116026878e-04,1.265685856342315674e-01
7.883000000000000000e+03,8.964592125266790390e-04,1.247574165463447571e-01
7.884000000000000000e+03,9.053495596162974834e-04,1.266466230154037476e-01
7.885000000000000000e+03,9.080183226615190506e-04,1.247543171048164368e-01
7.886000000000000000e+03,8.744734223000705242e-04,1.262723207473754883e-01
7.887000000000000000e+03,8.348072879016399384e-04,1.245247051119804382e-01
7.888000000000000000e+03,7.659584516659379005e-04,1.256863474845886230e-01
7.889000000000000000e+03,6.971117109060287476e-04,1.242759376764297485e-01
7.890000000000000000e+03,6.145872175693511963e-04,1.250708848237991333e-01
7.891000000000000000e+03,5.396595806814730167e-04,1.239564716815948486e-01
7.892000000000000000e+03,4.675974778365343809e-04,1.244284659624099731e-01
7.893000000000000000e+03,4.096059710718691349e-04,1.236663162708282471e-01
7.894000000000000000e+03,3.644025418907403946e-04,1.240145042538642883e-01
7.895000000000000000e+03,3.341876436024904251e-04,1.236006170511245728e-01
7.896000000000000000e+03,3.166475216858088970e-04,1.237977370619773865e-01
7.897000000000000000e+03,3.094001440331339836e-04,1.236094608902931213e-01
7.898000000000000000e+03,3.093929262831807137e-04,1.236050501465797424e-01
7.899000000000000000e+03,3.139349864795804024e-04,1.236403435468673706e-01
7.900000000000000000e+03,3.212064621038734913e-04,1.234546899795532227e-01
7.901000000000000000e+03,3.301350516267120838e-04,1.237796470522880554e-01
7.902000000000000000e+03,3.407976182643324137e-04,1.234162822365760803e-01
7.903000000000000000e+03,3.531060938257724047e-04,1.240159496665000916e-01
7.904000000000000000e+03,3.683362738229334354e-04,1.234176978468894958e-01
7.905000000000000000e+03,3.860691795125603676e-04,1.242697462439537048e-01
7.906000000000000000e+03,4.085130640305578709e-04,1.234263107180595398e-01
7.907000000000000000e+03,4.343923064880073071e-04,1.245573908090591431e-01
7.908000000000000000e+03,4.676567332353442907e-04,1.235222518444061279e-01
7.909000000000000000e+03,5.058166570961475372e-04,1.249738410115242004e-01
7.910000000000000000e+03,5.559227429330348969e-04,1.237462311983108521e-01
7.911000000000000000e+03,6.124972715042531490e-04,1.254882514476776123e-01
7.912000000000000000e+03,6.874935352243483067e-04,1.240592598915100098e-01
7.913000000000000000e+03,7.684263400733470917e-04,1.261309087276458740e-01
7.914000000000000000e+03,8.745207451283931732e-04,1.245328038930892944e-01
7.915000000000000000e+03,9.778171079233288765e-04,1.268671602010726929e-01
7.916000000000000000e+03,1.106171635910868645e-03,1.250116080045700073e-01
7.917000000000000000e+03,1.206545159220695496e-03,1.273727416992187500e-01
7.918000000000000000e+03,1.318621332757174969e-03,1.252318620681762695e-01
7.919000000000000000e+03,1.364761032164096832e-03,1.274160444736480713e-01
7.920000000000000000e+03,1.400842564180493355e-03,1.252494901418685913e-01
7.921000000000000000e+03,1.341728959232568741e-03,1.269891411066055298e-01
7.922000000000000000e+03,1.256973482668399811e-03,1.250435709953308105e-01
7.923000000000000000e+03,1.087944721803069115e-03,1.260730773210525513e-01
7.924000000000000000e+03,9.078297298401594162e-04,1.245922222733497620e-01
7.925000000000000000e+03,7.042798679322004318e-04,1.249869540333747864e-01
7.926000000000000000e+03,5.315526505000889301e-04,1.240896955132484436e-01
7.927000000000000000e+03,3.995337756350636482e-04,1.241025999188423157e-01
7.928000000000000000e+03,3.256107447668910027e-04,1.238372698426246643e-01
7.929000000000000000e+03,3.072019317187368870e-04,1.236923560500144958e-01
7.930000000000000000e+03,3.328993043396621943e-04,1.240835711359977722e-01
7.931000000000000000e+03,3.857708652503788471e-04,1.238097846508026123e-01
7.932000000000000000e+03,4.469580017030239105e-04,1.246505305171012878e-01
7.933000000000000000e+03,5.046530277468264103e-04,1.240611970424652100e-01
7.934000000000000000e+03,5.438667139969766140e-04,1.250622719526290894e-01
7.935000000000000000e+03,5.675858701579272747e-04,1.241599470376968384e-01
7.936000000000000000e+03,5.668920348398387432e-04,1.252193152904510498e-01
7.937000000000000000e+03,5.549318157136440277e-04,1.241465434432029724e-01
7.938000000000000000e+03,5.274820141494274139e-04,1.251725554466247559e-01
7.939000000000000000e+03,4.978461074642837048e-04,1.239993348717689514e-01
7.940000000000000000e+03,4.641272244043648243e-04,1.248735636472702026e-01
7.941000000000000000e+03,4.339692532084882259e-04,1.237087845802307129e-01
7.942000000000000000e+03,4.063583037350326777e-04,1.244577765464782715e-01
7.943000000000000000e+03,3.831618814729154110e-04,1.234768629074096680e-01
7.944000000000000000e+03,3.636575129348784685e-04,1.241010278463363647e-01
7.945000000000000000e+03,3.471791278570890427e-04,1.233746185898780823e-01
7.946000000000000000e+03,3.336658701300621033e-04,1.238119602203369141e-01
7.947000000000000000e+03,3.225155523978173733e-04,1.233334690332412720e-01
7.948000000000000000e+03,3.139709006063640118e-04,1.235648021101951599e-01
7.949000000000000000e+03,3.078077570535242558e-04,1.233373358845710754e-01
7.950000000000000000e+03,3.039946896024048328e-04,1.233880296349525452e-01
7.951000000000000000e+03,3.022516611963510513e-04,1.233816593885421753e-01
7.952000000000000000e+03,3.022310847882181406e-04,1.232609152793884277e-01
7.953000000000000000e+03,3.035336849279701710e-04,1.234306842088699341e-01
7.954000000000000000e+03,3.057982248719781637e-04,1.231616735458374023e-01
7.955000000000000000e+03,3.087623335886746645e-04,1.234903633594512939e-01
7.956000000000000000e+03,3.123244387097656727e-04,1.231046468019485474e-01
7.957000000000000000e+03,3.166157403029501438e-04,1.235913932323455811e-01
7.958000000000000000e+03,3.219699137844145298e-04,1.230871379375457764e-01
7.959000000000000000e+03,3.291012253612279892e-04,1.237388253211975098e-01
7.960000000000000000e+03,3.391620703041553497e-04,1.230881661176681519e-01
7.961000000000000000e+03,3.537581651471555233e-04,1.239664480090141296e-01
7.962000000000000000e+03,3.759938699658960104e-04,1.231335774064064026e-01
7.963000000000000000e+03,4.091113805770874023e-04,1.243811622262001038e-01
7.964000000000000000e+03,4.610767355188727379e-04,1.233348399400711060e-01
7.965000000000000000e+03,5.374892498366534710e-04,1.251764297485351562e-01
7.966000000000000000e+03,6.576405139639973640e-04,1.239038109779357910e-01
7.967000000000000000e+03,8.259208407253026962e-04,1.265998929738998413e-01
7.968000000000000000e+03,1.082555274479091167e-03,1.250610351562500000e-01
7.969000000000000000e+03,1.404157141223549843e-03,1.286977827548980713e-01
7.970000000000000000e+03,1.853605965152382851e-03,1.262769103050231934e-01
7.971000000000000000e+03,2.303432440385222435e-03,1.304233223199844360e-01
7.972000000000000000e+03,2.840327564626932144e-03,1.259507685899734497e-01
7.973000000000000000e+03,3.168957540765404701e-03,1.300121247768402100e-01
7.974000000000000000e+03,3.449160838499665260e-03,1.259332597255706787e-01
7.975000000000000000e+03,3.263008315116167068e-03,1.288937926292419434e-01
7.976000000000000000e+03,2.865593181923031807e-03,1.263654530048370361e-01
7.977000000000000000e+03,2.058306476101279259e-03,1.259453147649765015e-01
7.978000000000000000e+03,1.257822499610483646e-03,1.250303536653518677e-01
7.979000000000000000e+03,6.433748058043420315e-04,1.232397407293319702e-01
7.980000000000000000e+03,4.728506901301443577e-04,1.248416081070899963e-01
7.981000000000000000e+03,7.267138571478426456e-04,1.250152140855789185e-01
7.982000000000000000e+03,1.172067946754395962e-03,1.292625516653060913e-01
7.983000000000000000e+03,1.502134022302925587e-03,1.270786970853805542e-01
7.984000000000000000e+03,1.417834078893065453e-03,1.275522261857986450e-01
7.985000000000000000e+03,1.038965769112110138e-03,1.247344613075256348e-01
7.986000000000000000e+03,5.852250033058226109e-04,1.231199130415916443e-01
7.987000000000000000e+03,3.560349578037858009e-04,1.236786022782325745e-01
7.988000000000000000e+03,4.292671219445765018e-04,1.242622584104537964e-01
7.989000000000000000e+03,6.873466772958636284e-04,1.274724155664443970e-01
7.990000000000000000e+03,9.285242995247244835e-04,1.268320530652999878e-01
7.991000000000000000e+03,9.445298928767442703e-04,1.274101585149765015e-01
7.992000000000000000e+03,7.613327470608055592e-04,1.247999295592308044e-01
7.993000000000000000e+03,5.011721514165401459e-04,1.234303936362266541e-01
7.994000000000000000e+03,3.380472771823406219e-04,1.227444112300872803e-01
7.995000000000000000e+03,3.381642745807766914e-04,1.231650561094284058e-01
7.996000000000000000e+03,4.517048364505171776e-04,1.253626346588134766e-01
7.997000000000000000e+03,5.859373486600816250e-04,1.255588084459304810e-01
7.998000000000000000e+03,6.498740985989570618e-04,1.264233738183975220e-01
7.999000000000000000e+03,6.130689871497452259e-04,1.246045529842376709e-01
8.000000000000000000e+03,5.009351880289614201e-04,1.241167038679122925e-01
8.001000000000000000e+03,3.933723201043903828e-04,1.226510107517242432e-01
8.002000000000000000e+03,3.326526784803718328e-04,1.230425983667373657e-01
8.003000000000000000e+03,3.295280039310455322e-04,1.235535740852355957e-01
8.004000000000000000e+03,3.620952484197914600e-04,1.239776238799095154e-01
8.005000000000000000e+03,4.034271696582436562e-04,1.244490370154380798e-01
8.006000000000000000e+03,4.354978445917367935e-04,1.235762313008308411e-01
8.007000000000000000e+03,4.416196316014975309e-04,1.239452883601188660e-01
8.008000000000000000e+03,4.307535709813237190e-04,1.229614317417144775e-01
8.009000000000000000e+03,4.108639550395309925e-04,1.240060925483703613e-01
8.010000000000000000e+03,3.904785844497382641e-04,1.233139038085937500e-01
8.011000000000000000e+03,3.723803674802184105e-04,1.242500618100166321e-01
8.012000000000000000e+03,3.575783339329063892e-04,1.233708858489990234e-01
8.013000000000000000e+03,3.448078350629657507e-04,1.235502958297729492e-01
8.014000000000000000e+03,3.333318163640797138e-04,1.228119656443595886e-01
8.015000000000000000e+03,3.242969978600740433e-04,1.229177862405776978e-01
8.016000000000000000e+03,3.175644960720092058e-04,1.230959817767143250e-01
8.017000000000000000e+03,3.155519952997565269e-04,1.230743750929832458e-01
8.018000000000000000e+03,3.183702356182038784e-04,1.236655190587043762e-01
8.019000000000000000e+03,3.260186640545725822e-04,1.231947317719459534e-01
8.020000000000000000e+03,3.368125762790441513e-04,1.238467320799827576e-01
8.021000000000000000e+03,3.475872799754142761e-04,1.229913011193275452e-01
8.022000000000000000e+03,3.564699436537921429e-04,1.237918660044670105e-01
8.023000000000000000e+03,3.626123361755162477e-04,1.228888258337974548e-01
8.024000000000000000e+03,3.654682368505746126e-04,1.238066181540489197e-01
8.025000000000000000e+03,3.652769373729825020e-04,1.230457276105880737e-01
8.026000000000000000e+03,3.635789616964757442e-04,1.239904239773750305e-01
8.027000000000000000e+03,3.611104912124574184e-04,1.232712715864181519e-01
8.028000000000000000e+03,3.586959501262754202e-04,1.239450126886367798e-01
8.029000000000000000e+03,3.576413146220147610e-04,1.231564134359359741e-01
8.030000000000000000e+03,3.574439906515181065e-04,1.237793266773223877e-01
8.031000000000000000e+03,3.591804124880582094e-04,1.231805235147476196e-01
8.032000000000000000e+03,3.615508903749287128e-04,1.238745450973510742e-01
8.033000000000000000e+03,3.654843021649867296e-04,1.233598291873931885e-01
8.034000000000000000e+03,3.693350008688867092e-04,1.239548623561859131e-01
8.035000000000000000e+03,3.744083805941045284e-04,1.232457906007766724e-01
8.036000000000000000e+03,3.794001240748912096e-04,1.239131242036819458e-01
8.037000000000000000e+03,3.869177890010178089e-04,1.232478469610214233e-01
8.038000000000000000e+03,3.955453867092728615e-04,1.242209002375602722e-01
8.039000000000000000e+03,4.082785453647375107e-04,1.234847381711006165e-01
8.040000000000000000e+03,4.230379126965999603e-04,1.245386675000190735e-01
8.041000000000000000e+03,4.432245623320341110e-04,1.235196739435195923e-01
8.042000000000000000e+03,4.660336999222636223e-04,1.247360333800315857e-01
8.043000000000000000e+03,4.966413835063576698e-04,1.235663816332817078e-01
8.044000000000000000e+03,5.308979889377951622e-04,1.251880079507827759e-01
8.045000000000000000e+03,5.755413440056145191e-04,1.239599362015724182e-01
8.046000000000000000e+03,6.223980453796684742e-04,1.258051842451095581e-01
8.047000000000000000e+03,6.787934107705950737e-04,1.243256926536560059e-01
8.048000000000000000e+03,7.305375183932483196e-04,1.262870877981185913e-01
8.049000000000000000e+03,7.878911565057933331e-04,1.245949491858482361e-01
8.050000000000000000e+03,8.297412423416972160e-04,1.266376972198486328e-01
8.051000000000000000e+03,8.713584393262863159e-04,1.248163729906082153e-01
8.052000000000000000e+03,8.849905570968985558e-04,1.267369389533996582e-01
8.053000000000000000e+03,8.920157561078667641e-04,1.248599216341972351e-01
8.054000000000000000e+03,8.638303843326866627e-04,1.264527589082717896e-01
8.055000000000000000e+03,8.285280200652778149e-04,1.246545612812042236e-01
8.056000000000000000e+03,7.640820695087313652e-04,1.258346885442733765e-01
8.057000000000000000e+03,6.997858872637152672e-04,1.242920681834220886e-01
8.058000000000000000e+03,6.221954827196896076e-04,1.250790208578109741e-01
8.059000000000000000e+03,5.528416950255632401e-04,1.239893212914466858e-01
8.060000000000000000e+03,4.845845396630465984e-04,1.244882717728614807e-01
8.061000000000000000e+03,4.282816080376505852e-04,1.237896010279655457e-01
8.062000000000000000e+03,3.806484164670109749e-04,1.240225061774253845e-01
8.063000000000000000e+03,3.451278898864984512e-04,1.236271709203720093e-01
8.064000000000000000e+03,3.200604987796396017e-04,1.237073466181755066e-01
8.065000000000000000e+03,3.049972583539783955e-04,1.236065253615379333e-01
8.066000000000000000e+03,2.982443256769329309e-04,1.236081197857856750e-01
8.067000000000000000e+03,2.980865538120269775e-04,1.236960664391517639e-01
8.068000000000000000e+03,3.027769853360950947e-04,1.235387697815895081e-01
8.069000000000000000e+03,3.107858356088399887e-04,1.237315684556961060e-01
8.070000000000000000e+03,3.210843424312770367e-04,1.234454438090324402e-01
8.071000000000000000e+03,3.328408056404441595e-04,1.238301321864128113e-01
8.072000000000000000e+03,3.463643952272832394e-04,1.234392002224922180e-01
8.073000000000000000e+03,3.612770815379917622e-04,1.240298226475715637e-01
8.074000000000000000e+03,3.794401127379387617e-04,1.234617084264755249e-01
8.075000000000000000e+03,4.003077046945691109e-04,1.242660880088806152e-01
8.076000000000000000e+03,4.277028492651879787e-04,1.234858334064483643e-01
8.077000000000000000e+03,4.602437838912010193e-04,1.246115490794181824e-01
8.078000000000000000e+03,5.048530292697250843e-04,1.236388981342315674e-01
8.079000000000000000e+03,5.578239797614514828e-04,1.251765638589859009e-01
8.080000000000000000e+03,6.308892625384032726e-04,1.239913552999496460e-01
8.081000000000000000e+03,7.140089292079210281e-04,1.259696185588836670e-01
8.082000000000000000e+03,8.255399879999458790e-04,1.245304271578788757e-01
8.083000000000000000e+03,9.406342287547886372e-04,1.268977373838424683e-01
8.084000000000000000e+03,1.085611293092370033e-03,1.251409202814102173e-01
8.085000000000000000e+03,1.208689413033425808e-03,1.277125626802444458e-01
8.086000000000000000e+03,1.346472068689763546e-03,1.255656480789184570e-01
8.087000000000000000e+03,1.415910781361162663e-03,1.279528886079788208e-01
8.088000000000000000e+03,1.471837633289396763e-03,1.255571395158767700e-01
8.089000000000000000e+03,1.422341563738882542e-03,1.273638904094696045e-01
8.090000000000000000e+03,1.345757278613746166e-03,1.252594441175460815e-01
8.091000000000000000e+03,1.177981728687882423e-03,1.262543648481369019e-01
8.092000000000000000e+03,1.001942669972777367e-03,1.248100623488426208e-01
8.093000000000000000e+03,7.959799841046333313e-04,1.249241009354591370e-01
8.094000000000000000e+03,6.187300896272063255e-04,1.242430508136749268e-01
8.095000000000000000e+03,4.723267629742622375e-04,1.238164231181144714e-01
8.096000000000000000e+03,3.796097298618406057e-04,1.240466684103012085e-01
8.097000000000000000e+03,3.398951957933604717e-04,1.235523074865341187e-01
8.098000000000000000e+03,3.506096836645156145e-04,1.245855838060379028e-01
8.099000000000000000e+03,3.988211683463305235e-04,1.240406706929206848e-01
8.100000000000000000e+03,4.663726431317627430e-04,1.253302693367004395e-01
8.101000000000000000e+03,5.367812700569629669e-04,1.244405359029769897e-01
8.102000000000000000e+03,5.866945139132440090e-04,1.254947036504745483e-01
8.103000000000000000e+03,6.149871041998267174e-04,1.243880689144134521e-01
8.104000000000000000e+03,6.071825046092271805e-04,1.252204477787017822e-01
8.105000000000000000e+03,5.796393379569053650e-04,1.242730319499969482e-01
8.106000000000000000e+03,5.289217806421220303e-04,1.248752996325492859e-01
8.107000000000000000e+03,4.741609445773065090e-04,1.240693777799606323e-01
8.108000000000000000e+03,4.175305657554417849e-04,1.243303194642066956e-01
8.109000000000000000e+03,3.703289257828146219e-04,1.237060651183128357e-01
8.110000000000000000e+03,3.340743714943528175e-04,1.238384768366813660e-01
8.111000000000000000e+03,3.108783275820314884e-04,1.235630586743354797e-01
8.112000000000000000e+03,2.992133959196507931e-04,1.236540898680686951e-01
8.113000000000000000e+03,2.969295601360499859e-04,1.236192137002944946e-01
8.114000000000000000e+03,3.014931571669876575e-04,1.235348433256149292e-01
8.115000000000000000e+03,3.105972427874803543e-04,1.236376464366912842e-01
8.116000000000000000e+03,3.226344415452331305e-04,1.234007626771926880e-01
8.117000000000000000e+03,3.363641735631972551e-04,1.237119436264038086e-01
8.118000000000000000e+03,3.520151658449321985e-04,1.233580484986305237e-01
8.119000000000000000e+03,3.690743469633162022e-04,1.238982900977134705e-01
8.120000000000000000e+03,3.898097202181816101e-04,1.233736649155616760e-01
8.121000000000000000e+03,4.135745693929493427e-04,1.241545900702476501e-01
8.122000000000000000e+03,4.451710265129804611e-04,1.234359294176101685e-01
8.123000000000000000e+03,4.828886885661631823e-04,1.245612949132919312e-01
8.124000000000000000e+03,5.353828310035169125e-04,1.236443147063255310e-01
8.125000000000000000e+03,5.978173576295375824e-04,1.252208352088928223e-01
8.126000000000000000e+03,6.849342025816440582e-04,1.240797415375709534e-01
8.127000000000000000e+03,7.831121329218149185e-04,1.261395364999771118e-01
8.128000000000000000e+03,9.150683181360363960e-04,1.247072741389274597e-01
8.129000000000000000e+03,1.046907389536499977e-03,1.271846592426300049e-01
8.130000000000000000e+03,1.209812122397124767e-03,1.253667622804641724e-01
8.131000000000000000e+03,1.335282926447689533e-03,1.280408203601837158e-01
8.132000000000000000e+03,1.465146429836750031e-03,1.257616877555847168e-01
8.133000000000000000e+03,1.498639001511037350e-03,1.281494200229644775e-01
8.134000000000000000e+03,1.499241101555526257e-03,1.256796121597290039e-01
8.135000000000000000e+03,1.375336199998855591e-03,1.272904127836227417e-01
8.136000000000000000e+03,1.217095297761261463e-03,1.252577304840087891e-01
8.137000000000000000e+03,9.869210189208388329e-04,1.258775442838668823e-01
8.138000000000000000e+03,7.709783967584371567e-04,1.246044859290122986e-01
8.139000000000000000e+03,5.739980260841548443e-04,1.243292614817619324e-01
8.140000000000000000e+03,4.382718470878899097e-04,1.240711957216262817e-01
8.141000000000000000e+03,3.660325892269611359e-04,1.234459504485130310e-01
8.142000000000000000e+03,3.578644827939569950e-04,1.244562789797782898e-01
8.143000000000000000e+03,3.995330771431326866e-04,1.238543391227722168e-01
8.144000000000000000e+03,4.750190419144928455e-04,1.256963163614273071e-01
8.145000000000000000e+03,5.617447895929217339e-04,1.247791349887847900e-01
8.146000000000000000e+03,6.331818294711410999e-04,1.265172511339187622e-01
8.147000000000000000e+03,6.757116643711924553e-04,1.249842271208763123e-01
8.148000000000000000e+03,6.704535917378962040e-04,1.261814981698989868e-01
8.149000000000000000e+03,6.322902627289295197e-04,1.245709285140037537e-01
8.150000000000000000e+03,5.630888626910746098e-04,1.254045814275741577e-01
8.151000000000000000e+03,4.883299116045236588e-04,1.241909414529800415e-01
8.152000000000000000e+03,4.156204522587358952e-04,1.245966926217079163e-01
8.153000000000000000e+03,3.585582890082150698e-04,1.238084286451339722e-01
8.154000000000000000e+03,3.195951576344668865e-04,1.238233298063278198e-01
8.155000000000000000e+03,2.993830712512135506e-04,1.236347928643226624e-01
8.156000000000000000e+03,2.949352201540023088e-04,1.234955638647079468e-01
8.157000000000000000e+03,3.024387988261878490e-04,1.238891482353210449e-01
8.158000000000000000e+03,3.182457294315099716e-04,1.235163360834121704e-01
8.159000000000000000e+03,3.390850033611059189e-04,1.241900548338890076e-01
8.160000000000000000e+03,3.631440340541303158e-04,1.235056668519973755e-01
8.161000000000000000e+03,3.880055446643382311e-04,1.243877559900283813e-01
8.162000000000000000e+03,4.147291183471679688e-04,1.235148906707763672e-01
8.163000000000000000e+03,4.408993409015238285e-04,1.246506348252296448e-01
8.164000000000000000e+03,4.703120212070643902e-04,1.236326619982719421e-01
8.165000000000000000e+03,4.988998407498002052e-04,1.249511912465095520e-01
8.166000000000000000e+03,5.328250117599964142e-04,1.237843260169029236e-01
8.167000000000000000e+03,5.652850959450006485e-04,1.252626329660415649e-01
8.168000000000000000e+03,6.052213720977306366e-04,1.239780187606811523e-01
8.169000000000000000e+03,6.419303826987743378e-04,1.256129741668701172e-01
8.170000000000000000e+03,6.875367253087460995e-04,1.242292523384094238e-01
8.171000000000000000e+03,7.258055265992879868e-04,1.259638071060180664e-01
8.172000000000000000e+03,7.728043710812926292e-04,1.244769021868705750e-01
8.173000000000000000e+03,8.056852384470403194e-04,1.261858195066452026e-01
8.174000000000000000e+03,8.458722149953246117e-04,1.246142759919166565e-01
8.175000000000000000e+03,8.649099036119878292e-04,1.261967420578002930e-01
8.176000000000000000e+03,8.904838468879461288e-04,1.246448010206222534e-01
8.177000000000000000e+03,8.910099859349429607e-04,1.260000914335250854e-01
8.178000000000000000e+03,8.992980583570897579e-04,1.246130466461181641e-01
8.179000000000000000e+03,8.836521883495151997e-04,1.255936026573181152e-01
8.180000000000000000e+03,8.782338118180632591e-04,1.245111003518104553e-01
8.181000000000000000e+03,8.536102832295000553e-04,1.250534653663635254e-01
8.182000000000000000e+03,8.407663553953170776e-04,1.244157478213310242e-01
8.183000000000000000e+03,8.109381888061761856e-04,1.245258525013923645e-01
8.184000000000000000e+03,7.897402392700314522e-04,1.243300512433052063e-01
8.185000000000000000e+03,7.465690723620355129e-04,1.240288242697715759e-01
8.186000000000000000e+03,7.039887714199721813e-04,1.241896376013755798e-01
8.187000000000000000e+03,6.349271279759705067e-04,1.236581802368164062e-01
8.188000000000000000e+03,5.638170405291020870e-04,1.240803897380828857e-01
8.189000000000000000e+03,4.796914290636777878e-04,1.235736981034278870e-01
8.190000000000000000e+03,4.066260880790650845e-04,1.240825355052947998e-01
8.191000000000000000e+03,3.478822764009237289e-04,1.237004324793815613e-01
8.192000000000000000e+03,3.147331881336867809e-04,1.241069659590721130e-01
8.193000000000000000e+03,3.072394465561956167e-04,1.238148882985115051e-01
8.194000000000000000e+03,3.216739569325000048e-04,1.240419670939445496e-01
8.195000000000000000e+03,3.509072703309357166e-04,1.238206252455711365e-01
8.196000000000000000e+03,3.859691496472805738e-04,1.239654868841171265e-01
8.197000000000000000e+03,4.213303618598729372e-04,1.237982884049415588e-01
8.198000000000000000e+03,4.492624429985880852e-04,1.240015104413032532e-01
8.199000000000000000e+03,4.716332769021391869e-04,1.237658560276031494e-01
8.200000000000000000e+03,4.834783321712166071e-04,1.241268962621688843e-01
8.201000000000000000e+03,4.930343129672110081e-04,1.236997097730636597e-01
8.202000000000000000e+03,4.973021568730473518e-04,1.243608370423316956e-01
8.203000000000000000e+03,5.070471670478582382e-04,1.237078830599784851e-01
8.204000000000000000e+03,5.185094196349382401e-04,1.247787401080131531e-01
8.205000000000000000e+03,5.425628041848540306e-04,1.238604485988616943e-01
8.206000000000000000e+03,5.716439918614923954e-04,1.253262460231781006e-01
8.207000000000000000e+03,6.170266424305737019e-04,1.241136193275451660e-01
8.208000000000000000e+03,6.656305049546062946e-04,1.259580850601196289e-01
8.209000000000000000e+03,7.303913589566946030e-04,1.244970411062240601e-01
8.210000000000000000e+03,7.909067207947373390e-04,1.266493499279022217e-01
8.211000000000000000e+03,8.619352011010050774e-04,1.249469742178916931e-01
8.212000000000000000e+03,9.137564920820295811e-04,1.271680444478988647e-01
8.213000000000000000e+03,9.644074598327279091e-04,1.252124756574630737e-01
8.214000000000000000e+03,9.782315464690327644e-04,1.272366493940353394e-01
8.215000000000000000e+03,9.820687118917703629e-04,1.251596063375473022e-01
8.216000000000000000e+03,9.430547943338751793e-04,1.267922371625900269e-01
8.217000000000000000e+03,8.983110892586410046e-04,1.248531043529510498e-01
8.218000000000000000e+03,8.234221022576093674e-04,1.259870827198028564e-01
8.219000000000000000e+03,7.553504547104239464e-04,1.244517043232917786e-01
8.220000000000000000e+03,6.766821607016026974e-04,1.251230686902999878e-01
8.221000000000000000e+03,6.119327736087143421e-04,1.241307631134986877e-01
8.222000000000000000e+03,5.477006779983639717e-04,1.244394406676292419e-01
8.223000000000000000e+03,4.953419556841254234e-04,1.239262372255325317e-01
8.224000000000000000e+03,4.459906485863029957e-04,1.239759549498558044e-01
8.225000000000000000e+03,4.047532856930047274e-04,1.238096877932548523e-01
8.226000000000000000e+03,3.679476212710142136e-04,1.237330287694931030e-01
8.227000000000000000e+03,3.385492600500583649e-04,1.237753331661224365e-01
8.228000000000000000e+03,3.159197804052382708e-04,1.236505284905433655e-01
8.229000000000000000e+03,3.011477820109575987e-04,1.237697452306747437e-01
8.230000000000000000e+03,2.937239478342235088e-04,1.236215308308601379e-01
8.231000000000000000e+03,2.929095644503831863e-04,1.237585470080375671e-01
8.232000000000000000e+03,2.974380331579595804e-04,1.236077994108200073e-01
8.233000000000000000e+03,3.059264854528009892e-04,1.237714439630508423e-01
8.234000000000000000e+03,3.173155419062823057e-04,1.235943660140037537e-01
8.235000000000000000e+03,3.305943100713193417e-04,1.238124892115592957e-01
8.236000000000000000e+03,3.460223670117557049e-04,1.235535442829132080e-01
8.237000000000000000e+03,3.631747676990926266e-04,1.238978132605552673e-01
8.238000000000000000e+03,3.843810991384088993e-04,1.235121861100196838e-01
8.239000000000000000e+03,4.095707845408469439e-04,1.241016983985900879e-01
8.240000000000000000e+03,4.441210185177624226e-04,1.235430240631103516e-01
8.241000000000000000e+03,4.876874154433608055e-04,1.245107725262641907e-01
8.242000000000000000e+03,5.509615875780582428e-04,1.237273812294006348e-01
8.243000000000000000e+03,6.311733159236609936e-04,1.252261847257614136e-01
8.244000000000000000e+03,7.486332906410098076e-04,1.241817921400070190e-01
8.245000000000000000e+03,8.903406560420989990e-04,1.263386905193328857e-01
8.246000000000000000e+03,1.091148238629102707e-03,1.249458640813827515e-01
8.247000000000000000e+03,1.306034973822534084e-03,1.277117580175399780e-01
8.248000000000000000e+03,1.585998805239796638e-03,1.256679594516754150e-01
8.249000000000000000e+03,1.818167045712471008e-03,1.286882758140563965e-01
8.250000000000000000e+03,2.073502866551280022e-03,1.258333772420883179e-01
8.251000000000000000e+03,2.163200173527002335e-03,1.285562068223953247e-01
8.252000000000000000e+03,2.196227433159947395e-03,1.258232146501541138e-01
8.253000000000000000e+03,1.981552690267562866e-03,1.275372058153152466e-01
8.254000000000000000e+03,1.680220360867679119e-03,1.256247013807296753e-01
8.255000000000000000e+03,1.232557813636958599e-03,1.256819516420364380e-01
8.256000000000000000e+03,8.201715536415576935e-04,1.247142553329467773e-01
8.257000000000000000e+03,5.004340782761573792e-04,1.237852349877357483e-01
8.258000000000000000e+03,3.583507495932281017e-04,1.243111863732337952e-01
8.259000000000000000e+03,3.937308210879564285e-04,1.238093897700309753e-01
8.260000000000000000e+03,5.572823574766516685e-04,1.261203438043594360e-01
8.261000000000000000e+03,7.653349894098937511e-04,1.256751865148544312e-01
8.262000000000000000e+03,9.028462227433919907e-04,1.277715712785720825e-01
8.263000000000000000e+03,9.287225548177957535e-04,1.256835013628005981e-01
8.264000000000000000e+03,8.070968324318528175e-04,1.258282512426376343e-01
8.265000000000000000e+03,6.240096990950405598e-04,1.243768036365509033e-01
8.266000000000000000e+03,4.405457875691354275e-04,1.244647428393363953e-01
8.267000000000000000e+03,3.258775104768574238e-04,1.244209185242652893e-01
8.268000000000000000e+03,2.980261342599987984e-04,1.243071332573890686e-01
8.269000000000000000e+03,3.439266001805663109e-04,1.247429251670837402e-01
8.270000000000000000e+03,4.285054164938628674e-04,1.239961087703704834e-01
8.271000000000000000e+03,5.090768099762499332e-04,1.249411329627037048e-01
8.272000000000000000e+03,5.634959088638424873e-04,1.242658495903015137e-01
8.273000000000000000e+03,5.700906040146946907e-04,1.254372298717498779e-01
8.274000000000000000e+03,5.408416618593037128e-04,1.244831904768943787e-01
8.275000000000000000e+03,4.809200181625783443e-04,1.251781135797500610e-01
8.276000000000000000e+03,4.175328649580478668e-04,1.240632683038711548e-01
8.277000000000000000e+03,3.632863517850637436e-04,1.242908686399459839e-01
8.278000000000000000e+03,3.300333046354353428e-04,1.234197542071342468e-01
8.279000000000000000e+03,3.179873747285455465e-04,1.236801743507385254e-01
8.280000000000000000e+03,3.210747963748872280e-04,1.233323067426681519e-01
8.281000000000000000e+03,3.328644379507750273e-04,1.234579607844352722e-01
8.282000000000000000e+03,3.460130828898400068e-04,1.234995573759078979e-01
8.283000000000000000e+03,3.576359304133802652e-04,1.234256103634834290e-01
8.284000000000000000e+03,3.652075538411736488e-04,1.236984059214591980e-01
8.285000000000000000e+03,3.705975250340998173e-04,1.233511790633201599e-01
8.286000000000000000e+03,3.733005141839385033e-04,1.239373534917831421e-01
8.287000000000000000e+03,3.769657341763377190e-04,1.233758628368377686e-01
8.288000000000000000e+03,3.809046465903520584e-04,1.241675540804862976e-01
8.289000000000000000e+03,3.887239145115017891e-04,1.233716979622840881e-01
8.290000000000000000e+03,3.992961719632148743e-04,1.244568079710006714e-01
8.291000000000000000e+03,4.158250521868467331e-04,1.234111934900283813e-01
8.292000000000000000e+03,4.361830069683492184e-04,1.247222423553466797e-01
8.293000000000000000e+03,4.633371136151254177e-04,1.234606355428695679e-01
8.294000000000000000e+03,4.958044737577438354e-04,1.251201033592224121e-01
8.295000000000000000e+03,5.356362671591341496e-04,1.236909404397010803e-01
8.296000000000000000e+03,5.815043696202337742e-04,1.256921887397766113e-01
8.297000000000000000e+03,6.329466123133897781e-04,1.241449788212776184e-01
8.298000000000000000e+03,6.868066266179084778e-04,1.263211369514465332e-01
8.299000000000000000e+03,7.383978809230029583e-04,1.245104596018791199e-01
8.300000000000000000e+03,7.817334262654185295e-04,1.266968697309494019e-01
8.301000000000000000e+03,8.120089187286794186e-04,1.247457489371299744e-01
8.302000000000000000e+03,8.212709799408912659e-04,1.267442405223846436e-01
8.303000000000000000e+03,8.143347804434597492e-04,1.247718334197998047e-01
8.304000000000000000e+03,7.836478762328624725e-04,1.263578236103057861e-01
8.305000000000000000e+03,7.493849843740463257e-04,1.245239973068237305e-01
8.306000000000000000e+03,7.037201430648565292e-04,1.256078034639358521e-01
8.307000000000000000e+03,6.718065706081688404e-04,1.242321059107780457e-01
8.308000000000000000e+03,6.401870050467550755e-04,1.249677017331123352e-01
8.309000000000000000e+03,6.243939860723912716e-04,1.241219565272331238e-01
8.310000000000000000e+03,6.051512900739908218e-04,1.244817748665809631e-01
8.311000000000000000e+03,5.903812125325202942e-04,1.239513978362083435e-01
8.312000000000000000e+03,5.630559753626585007e-04,1.241223886609077454e-01
8.313000000000000000e+03,5.322767538018524647e-04,1.237843036651611328e-01
8.314000000000000000e+03,4.897232283838093281e-04,1.240478307008743286e-01
8.315000000000000000e+03,4.476890608202666044e-04,1.237873733043670654e-01
8.316000000000000000e+03,4.059079801663756371e-04,1.241921633481979370e-01
8.317000000000000000e+03,3.732955083250999451e-04,1.237779781222343445e-01
8.318000000000000000e+03,3.499434096738696098e-04,1.242648661136627197e-01
8.319000000000000000e+03,3.374594380147755146e-04,1.236680373549461365e-01
8.320000000000000000e+03,3.327493905089795589e-04,1.242498308420181274e-01
8.321000000000000000e+03,3.331566695123910904e-04,1.235488727688789368e-01
8.322000000000000000e+03,3.351569757796823978e-04,1.241983398795127869e-01
8.323000000000000000e+03,3.358525573275983334e-04,1.234738603234291077e-01
8.324000000000000000e+03,3.343424177728593349e-04,1.240885779261589050e-01
8.325000000000000000e+03,3.296035574749112129e-04,1.234075501561164856e-01
8.326000000000000000e+03,3.232388116884976625e-04,1.239514350891113281e-01
8.327000000000000000e+03,3.159781335853040218e-04,1.233887076377868652e-01
8.328000000000000000e+03,3.097399603575468063e-04,1.238340288400650024e-01
8.329000000000000000e+03,3.055965935345739126e-04,1.233972087502479553e-01
8.330000000000000000e+03,3.043938195332884789e-04,1.237416565418243408e-01
8.331000000000000000e+03,3.066943027079105377e-04,1.233673915266990662e-01
8.332000000000000000e+03,3.124954528175294399e-04,1.236709803342819214e-01
8.333000000000000000e+03,3.224006504751741886e-04,1.233187317848205566e-01
8.334000000000000000e+03,3.365549491718411446e-04,1.237188279628753662e-01
8.335000000000000000e+03,3.571567940525710583e-04,1.233102306723594666e-01
8.336000000000000000e+03,3.855201066471636295e-04,1.239641010761260986e-01
8.337000000000000000e+03,4.280721768736839294e-04,1.233953237533569336e-01
8.338000000000000000e+03,4.879983898717910051e-04,1.245171874761581421e-01
8.339000000000000000e+03,5.812597228214144707e-04,1.237098202109336853e-01
8.340000000000000000e+03,7.111200247891247272e-04,1.256019175052642822e-01
8.341000000000000000e+03,9.130465332418680191e-04,1.244941130280494690e-01
8.342000000000000000e+03,1.174782053567469120e-03,1.273989081382751465e-01
8.343000000000000000e+03,1.560995122417807579e-03,1.256405115127563477e-01
8.344000000000000000e+03,1.984637929126620293e-03,1.294322907924652100e-01
8.345000000000000000e+03,2.536654472351074219e-03,1.259146779775619507e-01
8.346000000000000000e+03,2.958573633804917336e-03,1.300991177558898926e-01
8.347000000000000000e+03,3.378081833943724632e-03,1.256815493106842041e-01
8.348000000000000000e+03,3.352596657350659370e-03,1.294396817684173584e-01
8.349000000000000000e+03,3.095381427556276321e-03,1.264425665140151978e-01
8.350000000000000000e+03,2.307385439053177834e-03,1.273939013481140137e-01
8.351000000000000000e+03,1.422894885763525963e-03,1.257093846797943115e-01
8.352000000000000000e+03,6.573263672180473804e-04,1.243902146816253662e-01
8.353000000000000000e+03,3.472343378234654665e-04,1.245507821440696716e-01
8.354000000000000000e+03,5.231171380728483200e-04,1.240567341446876526e-01
8.355000000000000000e+03,9.724719566293060780e-04,1.276105940341949463e-01
8.356000000000000000e+03,1.389197306707501411e-03,1.270682960748672485e-01
8.357000000000000000e+03,1.433667028322815895e-03,1.297889053821563721e-01
8.358000000000000000e+03,1.140244072303175926e-03,1.262497156858444214e-01
8.359000000000000000e+03,6.693285540677607059e-04,1.246957927942276001e-01
8.360000000000000000e+03,3.542907652445137501e-04,1.236786395311355591e-01
8.361000000000000000e+03,3.366482560522854328e-04,1.235290616750717163e-01
8.362000000000000000e+03,5.448479787446558475e-04,1.260262280702590942e-01
8.363000000000000000e+03,7.955966284498572350e-04,1.264679580926895142e-01
8.364000000000000000e+03,8.958808612078428268e-04,1.285313963890075684e-01
8.365000000000000000e+03,8.015815401449799538e-04,1.260070353746414185e-01
8.366000000000000000e+03,5.705219227820634842e-04,1.250738948583602905e-01
8.367000000000000000e+03,3.796115634031593800e-04,1.233485564589500427e-01
8.368000000000000000e+03,3.187250986229628325e-04,1.231460720300674438e-01
8.369000000000000000e+03,3.796684613917022943e-04,1.240969523787498474e-01
8.370000000000000000e+03,4.886479582637548447e-04,1.248116865754127502e-01
8.371000000000000000e+03,5.648629739880561829e-04,1.263843625783920288e-01
8.372000000000000000e+03,5.758361076004803181e-04,1.250939071178436279e-01
8.373000000000000000e+03,5.110908532515168190e-04,1.251316964626312256e-01
8.374000000000000000e+03,4.268338088877499104e-04,1.235561594367027283e-01
8.375000000000000000e+03,3.658127388916909695e-04,1.237228363752365112e-01
8.376000000000000000e+03,3.432419034652411938e-04,1.230226606130599976e-01
8.377000000000000000e+03,3.514872223604470491e-04,1.237197369337081909e-01
8.378000000000000000e+03,3.684558323584496975e-04,1.239791065454483032e-01
8.379000000000000000e+03,3.817102988250553608e-04,1.236417517066001892e-01
8.380000000000000000e+03,3.829103079624474049e-04,1.237746626138687134e-01
8.381000000000000000e+03,3.763463464565575123e-04,1.231879070401191711e-01
8.382000000000000000e+03,3.667830023914575577e-04,1.240270659327507019e-01
8.383000000000000000e+03,3.632038715295493603e-04,1.232154443860054016e-01
8.384000000000000000e+03,3.641263465397059917e-04,1.242742985486984253e-01
8.385000000000000000e+03,3.665396943688392639e-04,1.234494149684906006e-01
8.386000000000000000e+03,3.678468638099730015e-04,1.240701824426651001e-01
8.387000000000000000e+03,3.618107875809073448e-04,1.228827312588691711e-01
8.388000000000000000e+03,3.505084896460175514e-04,1.234112754464149475e-01
8.389000000000000000e+03,3.329736064188182354e-04,1.228575631976127625e-01
8.390000000000000000e+03,3.145604277960956097e-04,1.232377365231513977e-01
8.391000000000000000e+03,2.977382973767817020e-04,1.231609731912612915e-01
8.392000000000000000e+03,2.872857148759067059e-04,1.233877912163734436e-01
8.393000000000000000e+03,2.840554516296833754e-04,1.234899684786796570e-01
8.394000000000000000e+03,2.868226729333400726e-04,1.230905652046203613e-01
8.395000000000000000e+03,2.934743824880570173e-04,1.233650743961334229e-01
8.396000000000000000e+03,3.012908564414829016e-04,1.229040399193763733e-01
8.397000000000000000e+03,3.084177151322364807e-04,1.234232038259506226e-01
8.398000000000000000e+03,3.129255492240190506e-04,1.229775175452232361e-01
8.399000000000000000e+03,3.152111312374472618e-04,1.237220540642738342e-01
8.400000000000000000e+03,3.151166019961237907e-04,1.231999322772026062e-01
8.401000000000000000e+03,3.145616501569747925e-04,1.237175911664962769e-01
8.402000000000000000e+03,3.141335037071257830e-04,1.230764463543891907e-01
8.403000000000000000e+03,3.152661956846714020e-04,1.236901357769966125e-01
8.404000000000000000e+03,3.186783869750797749e-04,1.231237351894378662e-01
8.405000000000000000e+03,3.245929838158190250e-04,1.237950176000595093e-01
8.406000000000000000e+03,3.337638627272099257e-04,1.232979819178581238e-01
8.407000000000000000e+03,3.453872050158679485e-04,1.240244656801223755e-01
8.408000000000000000e+03,3.604350495152175426e-04,1.232862249016761780e-01
8.409000000000000000e+03,3.776592202484607697e-04,1.241106986999511719e-01
8.410000000000000000e+03,4.001277848146855831e-04,1.233657971024513245e-01
8.411000000000000000e+03,4.260590067133307457e-04,1.245659813284873962e-01
8.412000000000000000e+03,4.605578433256596327e-04,1.236795186996459961e-01
8.413000000000000000e+03,4.996791831217706203e-04,1.251700073480606079e-01
8.414000000000000000e+03,5.511851049959659576e-04,1.240174323320388794e-01
8.415000000000000000e+03,6.069646915420889854e-04,1.257339715957641602e-01
8.416000000000000000e+03,6.779272807762026787e-04,1.243035718798637390e-01
8.417000000000000000e+03,7.492955191992223263e-04,1.265477687120437622e-01
8.418000000000000000e+03,8.343673544004559517e-04,1.250538378953933716e-01
8.419000000000000000e+03,9.041016455739736557e-04,1.274661421775817871e-01
8.420000000000000000e+03,9.691859013400971889e-04,1.255953460931777954e-01
8.421000000000000000e+03,9.906674968078732491e-04,1.276845932006835938e-01
8.422000000000000000e+03,9.861123980954289436e-04,1.254234910011291504e-01
8.423000000000000000e+03,9.271939052268862724e-04,1.270524710416793823e-01
8.424000000000000000e+03,8.470645407214760780e-04,1.250008046627044678e-01
8.425000000000000000e+03,7.353446562774479389e-04,1.261443942785263062e-01
8.426000000000000000e+03,6.256638444028794765e-04,1.244509890675544739e-01
8.427000000000000000e+03,5.175004480406641960e-04,1.249535679817199707e-01
8.428000000000000000e+03,4.310328804422169924e-04,1.238695532083511353e-01
8.429000000000000000e+03,3.651625302154570818e-04,1.240096017718315125e-01
8.430000000000000000e+03,3.228315035812556744e-04,1.237013339996337891e-01
8.431000000000000000e+03,2.994394744746387005e-04,1.236383393406867981e-01
8.432000000000000000e+03,2.912553609348833561e-04,1.238953843712806702e-01
8.433000000000000000e+03,2.941966231446713209e-04,1.235181242227554321e-01
8.434000000000000000e+03,3.051865787710994482e-04,1.240738779306411743e-01
8.435000000000000000e+03,3.216729382984340191e-04,1.235195770859718323e-01
8.436000000000000000e+03,3.418708220124244690e-04,1.243220046162605286e-01
8.437000000000000000e+03,3.650393919087946415e-04,1.236440390348434448e-01
8.438000000000000000e+03,3.891489759553223848e-04,1.245891600847244263e-01
8.439000000000000000e+03,4.155230708420276642e-04,1.237962096929550171e-01
8.440000000000000000e+03,4.406545776873826981e-04,1.247748360037803650e-01
8.441000000000000000e+03,4.684636951424181461e-04,1.238564550876617432e-01
8.442000000000000000e+03,4.935642355121672153e-04,1.249119713902473450e-01
8.443000000000000000e+03,5.230144015513360500e-04,1.239262968301773071e-01
8.444000000000000000e+03,5.488674505613744259e-04,1.251039206981658936e-01
8.445000000000000000e+03,5.812066374346613884e-04,1.240710690617561340e-01
8.446000000000000000e+03,6.083942716941237450e-04,1.253596246242523193e-01
8.447000000000000000e+03,6.435576360672712326e-04,1.242077350616455078e-01
8.448000000000000000e+03,6.707332213409245014e-04,1.255559623241424561e-01
8.449000000000000000e+03,7.065630634315311909e-04,1.243216097354888916e-01
8.450000000000000000e+03,7.305614417418837547e-04,1.257843077182769775e-01
8.451000000000000000e+03,7.627509767189621925e-04,1.244955211877822876e-01
8.452000000000000000e+03,7.773322286084294319e-04,1.259768009185791016e-01
8.453000000000000000e+03,7.970865699462592602e-04,1.246145889163017273e-01
8.454000000000000000e+03,7.933091837912797928e-04,1.259755790233612061e-01
8.455000000000000000e+03,7.910724962130188942e-04,1.245966479182243347e-01
8.456000000000000000e+03,7.633987697772681713e-04,1.258436441421508789e-01
8.457000000000000000e+03,7.359639275819063187e-04,1.245588213205337524e-01
8.458000000000000000e+03,6.869320641271770000e-04,1.255930066108703613e-01
8.459000000000000000e+03,6.393697694875299931e-04,1.244005858898162842e-01
8.460000000000000000e+03,5.794572061859071255e-04,1.251735985279083252e-01
8.461000000000000000e+03,5.249464884400367737e-04,1.241564825177192688e-01
8.462000000000000000e+03,4.689724883064627647e-04,1.247647702693939209e-01
8.463000000000000000e+03,4.219375550746917725e-04,1.239768788218498230e-01
8.464000000000000000e+03,3.804145962931215763e-04,1.244417056441307068e-01
8.465000000000000000e+03,3.483814944047480822e-04,1.238261312246322632e-01
8.466000000000000000e+03,3.237275523133575916e-04,1.241504475474357605e-01
8.467000000000000000e+03,3.066763747483491898e-04,1.237022131681442261e-01
8.468000000000000000e+03,2.955225063487887383e-04,1.239514499902725220e-01
8.469000000000000000e+03,2.891048789024353027e-04,1.236450597643852234e-01
8.470000000000000000e+03,2.860675158444792032e-04,1.238167881965637207e-01
8.471000000000000000e+03,2.852928591892123222e-04,1.236087307333946228e-01
8.472000000000000000e+03,2.859873929992318153e-04,1.236985772848129272e-01
8.473000000000000000e+03,2.875125501304864883e-04,1.235839575529098511e-01
8.474000000000000000e+03,2.896251971833407879e-04,1.236127093434333801e-01
8.475000000000000000e+03,2.921103732660412788e-04,1.235920637845993042e-01
8.476000000000000000e+03,2.951533242594450712e-04,1.235280334949493408e-01
8.477000000000000000e+03,2.988419146277010441e-04,1.236084029078483582e-01
8.478000000000000000e+03,3.037717542611062527e-04,1.234468594193458557e-01
8.479000000000000000e+03,3.103087074123322964e-04,1.236768439412117004e-01
8.480000000000000000e+03,3.197418409399688244e-04,1.233888715505599976e-01
8.481000000000000000e+03,3.329002647660672665e-04,1.238272413611412048e-01
8.482000000000000000e+03,3.526887740008533001e-04,1.233670115470886230e-01
8.483000000000000000e+03,3.808182082138955593e-04,1.241290047764778137e-01
8.484000000000000000e+03,4.241459537297487259e-04,1.234645172953605652e-01
8.485000000000000000e+03,4.856781451962888241e-04,1.247540935873985291e-01
8.486000000000000000e+03,5.814330652356147766e-04,1.238594055175781250e-01
8.487000000000000000e+03,7.133033941499888897e-04,1.259119957685470581e-01
8.488000000000000000e+03,9.153877617791295052e-04,1.247340738773345947e-01
8.489000000000000000e+03,1.171278418041765690e-03,1.277336776256561279e-01
8.490000000000000000e+03,1.539839897304773331e-03,1.259006261825561523e-01
8.491000000000000000e+03,1.929009449668228626e-03,1.296393871307373047e-01
8.492000000000000000e+03,2.420142292976379395e-03,1.261169612407684326e-01
8.493000000000000000e+03,2.770486287772655487e-03,1.299773007631301880e-01
8.494000000000000000e+03,3.107623662799596786e-03,1.258841454982757568e-01
8.495000000000000000e+03,3.058539004996418953e-03,1.290537565946578979e-01
8.496000000000000000e+03,2.837504958733916283e-03,1.264407783746719360e-01
8.497000000000000000e+03,2.198304515331983566e-03,1.268432289361953735e-01
8.498000000000000000e+03,1.499066827818751335e-03,1.255801171064376831e-01
8.499000000000000000e+03,8.484445279464125633e-04,1.236780211329460144e-01
8.500000000000000000e+03,5.313470028340816498e-04,1.244836151599884033e-01
8.501000000000000000e+03,5.904271965846419334e-04,1.238556280732154846e-01
8.502000000000000000e+03,9.404727024957537651e-04,1.283982694149017334e-01
8.503000000000000000e+03,1.343840383924543858e-03,1.281357556581497192e-01
8.504000000000000000e+03,1.457709819078445435e-03,1.315611451864242554e-01
8.505000000000000000e+03,1.242736820131540298e-03,1.261046081781387329e-01
8.506000000000000000e+03,8.028844604268670082e-04,1.230534836649894714e-01
8.507000000000000000e+03,4.586020077113062143e-04,1.224922910332679749e-01
8.508000000000000000e+03,3.613301669247448444e-04,1.227417364716529846e-01
8.509000000000000000e+03,5.126858595758676529e-04,1.269515156745910645e-01
8.510000000000000000e+03,7.849824614822864532e-04,1.279357224702835083e-01
8.511000000000000000e+03,9.735722560435533524e-04,1.304873824119567871e-01
8.512000000000000000e+03,9.359007235616445541e-04,1.262896507978439331e-01
8.513000000000000000e+03,6.859278073534369469e-04,1.242637410759925842e-01
8.514000000000000000e+03,4.376208526082336903e-04,1.225062832236289978e-01
8.515000000000000000e+03,3.095550637226551771e-04,1.224044039845466614e-01
8.516000000000000000e+03,3.344070864841341972e-04,1.248437166213989258e-01
8.517000000000000000e+03,4.667363245971500874e-04,1.259018033742904663e-01
8.518000000000000000e+03,6.046859198249876499e-04,1.277099847793579102e-01
8.519000000000000000e+03,6.703094113618135452e-04,1.254157274961471558e-01
8.520000000000000000e+03,6.134585128165781498e-04,1.252283900976181030e-01
8.521000000000000000e+03,4.943388048559427261e-04,1.234844550490379333e-01
8.522000000000000000e+03,3.806499298661947250e-04,1.234493032097816467e-01
8.523000000000000000e+03,3.100933390669524670e-04,1.232388317584991455e-01
8.524000000000000000e+03,2.958757686428725719e-04,1.239599287509918213e-01
8.525000000000000000e+03,3.263329563196748495e-04,1.245654076337814331e-01
8.526000000000000000e+03,3.772699274122714996e-04,1.236416250467300415e-01
8.527000000000000000e+03,4.195344517938792706e-04,1.241929009556770325e-01
8.528000000000000000e+03,4.427874227985739708e-04,1.235416457056999207e-01
8.529000000000000000e+03,4.406295192893594503e-04,1.245439276099205017e-01
8.530000000000000000e+03,4.223128489684313536e-04,1.235347464680671692e-01
8.531000000000000000e+03,3.929582599084824324e-04,1.245565786957740784e-01
8.532000000000000000e+03,3.611465799622237682e-04,1.237219572067260742e-01
8.533000000000000000e+03,3.351001942064613104e-04,1.238718628883361816e-01
8.534000000000000000e+03,3.172023862134665251e-04,1.228974312543869019e-01
8.535000000000000000e+03,3.082881448790431023e-04,1.232463344931602478e-01
8.536000000000000000e+03,3.054965054616332054e-04,1.230537667870521545e-01
8.537000000000000000e+03,3.059729351662099361e-04,1.230992525815963745e-01
8.538000000000000000e+03,3.071965475101023912e-04,1.235377714037895203e-01
8.539000000000000000e+03,3.101402544416487217e-04,1.235215812921524048e-01
8.540000000000000000e+03,3.145814989693462849e-04,1.237734779715538025e-01
8.541000000000000000e+03,3.183194203302264214e-04,1.231209784746170044e-01
8.542000000000000000e+03,3.222689265385270119e-04,1.237563565373420715e-01
8.543000000000000000e+03,3.277022042311728001e-04,1.229980066418647766e-01
8.544000000000000000e+03,3.332444466650485992e-04,1.237957254052162170e-01
8.545000000000000000e+03,3.393862571101635695e-04,1.232539340853691101e-01
8.546000000000000000e+03,3.455372061580419540e-04,1.242803335189819336e-01
8.547000000000000000e+03,3.507419023662805557e-04,1.233443468809127808e-01
8.548000000000000000e+03,3.546996449586004019e-04,1.241238489747047424e-01
8.549000000000000000e+03,3.571651177480816841e-04,1.231840252876281738e-01
8.550000000000000000e+03,3.583871293812990189e-04,1.240666210651397705e-01
8.551000000000000000e+03,3.580446064006537199e-04,1.231124997138977051e-01
8.552000000000000000e+03,3.577458264771848917e-04,1.241403222084045410e-01
8.553000000000000000e+03,3.571771667338907719e-04,1.234173774719238281e-01
8.554000000000000000e+03,3.572467830963432789e-04,1.242288798093795776e-01
8.555000000000000000e+03,3.577890165615826845e-04,1.232220679521560669e-01
8.556000000000000000e+03,3.595008747652173042e-04,1.241352632641792297e-01
8.557000000000000000e+03,3.634731401689350605e-04,1.233409419655799866e-01
8.558000000000000000e+03,3.692904720082879066e-04,1.243062019348144531e-01
8.559000000000000000e+03,3.781417617574334145e-04,1.235638409852981567e-01
8.560000000000000000e+03,3.886499325744807720e-04,1.245597898960113525e-01
8.561000000000000000e+03,4.030432028230279684e-04,1.235594376921653748e-01
8.562000000000000000e+03,4.186810692772269249e-04,1.244564428925514221e-01
8.563000000000000000e+03,4.400067846290767193e-04,1.235019415616989136e-01
8.564000000000000000e+03,4.636005032807588577e-04,1.247984245419502258e-01
8.565000000000000000e+03,4.954446922056376934e-04,1.239027976989746094e-01
8.566000000000000000e+03,5.283093778416514397e-04,1.253643482923507690e-01
8.567000000000000000e+03,5.695738364011049271e-04,1.242617517709732056e-01
8.568000000000000000e+03,6.072249379940330982e-04,1.256439238786697388e-01
8.569000000000000000e+03,6.522508338093757629e-04,1.242334544658660889e-01
8.570000000000000000e+03,6.891561206430196762e-04,1.259154677391052246e-01
8.571000000000000000e+03,7.341243326663970947e-04,1.246153265237808228e-01
8.572000000000000000e+03,7.636158261448144913e-04,1.264233738183975220e-01
8.573000000000000000e+03,7.947468548081815243e-04,1.249620541930198669e-01
8.574000000000000000e+03,7.982390816323459148e-04,1.265468746423721313e-01
8.575000000000000000e+03,7.955846376717090607e-04,1.248401850461959839e-01
8.576000000000000000e+03,7.614945061504840851e-04,1.261345893144607544e-01
8.577000000000000000e+03,7.225458975881338120e-04,1.246547326445579529e-01
8.578000000000000000e+03,6.616849568672478199e-04,1.257925778627395630e-01
8.579000000000000000e+03,6.019900320097804070e-04,1.244640201330184937e-01
8.580000000000000000e+03,5.335083696991205215e-04,1.251406073570251465e-01
8.581000000000000000e+03,4.727874184027314186e-04,1.240415722131729126e-01
8.582000000000000000e+03,4.160578828305006027e-04,1.244597360491752625e-01
8.583000000000000000e+03,3.709158918354660273e-04,1.237709745764732361e-01
8.584000000000000000e+03,3.349437611177563667e-04,1.241293102502822876e-01
8.585000000000000000e+03,3.092518891207873821e-04,1.237940192222595215e-01
8.586000000000000000e+03,2.917088277172297239e-04,1.238824725151062012e-01
8.587000000000000000e+03,2.812549064401537180e-04,1.237018406391143799e-01
8.588000000000000000e+03,2.762803342193365097e-04,1.236327067017555237e-01
8.589000000000000000e+03,2.754565794020891190e-04,1.236841678619384766e-01
8.590000000000000000e+03,2.777101180981844664e-04,1.235491111874580383e-01
8.591000000000000000e+03,2.822434180416166782e-04,1.238161846995353699e-01
8.592000000000000000e+03,2.886226866394281387e-04,1.235558986663818359e-01
8.593000000000000000e+03,2.965891035273671150e-04,1.239070817828178406e-01
8.594000000000000000e+03,3.064288757741451263e-04,1.234806180000305176e-01
8.595000000000000000e+03,3.181729989591985941e-04,1.239968836307525635e-01
8.596000000000000000e+03,3.331789921503514051e-04,1.234486550092697144e-01
8.597000000000000000e+03,3.516022406984120607e-04,1.241893842816352844e-01
8.598000000000000000e+03,3.764866269193589687e-04,1.235226839780807495e-01
8.599000000000000000e+03,4.077836056239902973e-04,1.245648041367530823e-01
8.600000000000000000e+03,4.515612381510436535e-04,1.237023100256919861e-01
8.601000000000000000e+03,5.063463468104600906e-04,1.251085847616195679e-01
8.602000000000000000e+03,5.838633514940738678e-04,1.240553036332130432e-01
8.603000000000000000e+03,6.776841473765671253e-04,1.259585767984390259e-01
8.604000000000000000e+03,8.083423599600791931e-04,1.246905475854873657e-01
8.605000000000000000e+03,9.535081917420029640e-04,1.271267682313919067e-01
8.606000000000000000e+03,1.144697540439665318e-03,1.255132853984832764e-01
8.607000000000000000e+03,1.322152442298829556e-03,1.281823366880416870e-01
8.608000000000000000e+03,1.530811190605163574e-03,1.259214878082275391e-01
8.609000000000000000e+03,1.661082846112549305e-03,1.283948719501495361e-01
8.610000000000000000e+03,1.786410342901945114e-03,1.258333623409271240e-01
8.611000000000000000e+03,1.771623734384775162e-03,1.276766657829284668e-01
8.612000000000000000e+03,1.727328752167522907e-03,1.256873756647109985e-01
8.613000000000000000e+03,1.545159961096942425e-03,1.263279467821121216e-01
8.614000000000000000e+03,1.350176287814974785e-03,1.252301633358001709e-01
8.615000000000000000e+03,1.090984907932579517e-03,1.244908869266510010e-01
8.616000000000000000e+03,8.688207017257809639e-04,1.244689598679542542e-01
8.617000000000000000e+03,6.639487110078334808e-04,1.231846958398818970e-01
8.618000000000000000e+03,5.434851045720279217e-04,1.244941949844360352e-01
8.619000000000000000e+03,5.009928718209266663e-04,1.238378733396530151e-01
8.620000000000000000e+03,5.554682575166225433e-04,1.263278126716613770e-01
8.621000000000000000e+03,6.666324916295707226e-04,1.258423626422882080e-01
8.622000000000000000e+03,7.661855197511613369e-04,1.275988221168518066e-01
8.623000000000000000e+03,8.130085188895463943e-04,1.255436241626739502e-01
8.624000000000000000e+03,7.635449292138218880e-04,1.252503395080566406e-01
8.625000000000000000e+03,6.614160374738276005e-04,1.242365464568138123e-01
8.626000000000000000e+03,5.251760012470185757e-04,1.242520436644554138e-01
8.627000000000000000e+03,4.068645939696580172e-04,1.246891990303993225e-01
8.628000000000000000e+03,3.292841138318181038e-04,1.244084164500236511e-01
8.629000000000000000e+03,3.109193057753145695e-04,1.247415393590927124e-01
8.630000000000000000e+03,3.437921404838562012e-04,1.237307488918304443e-01
8.631000000000000000e+03,4.056315519846975803e-04,1.244917735457420349e-01
8.632000000000000000e+03,4.745506157632917166e-04,1.239883229136466980e-01
8.633000000000000000e+03,5.240141181275248528e-04,1.251965463161468506e-01
8.634000000000000000e+03,5.466931033879518509e-04,1.245922520756721497e-01
8.635000000000000000e+03,5.297155003063380718e-04,1.252815425395965576e-01
8.636000000000000000e+03,4.895597812719643116e-04,1.242527887225151062e-01
8.637000000000000000e+03,4.305506008677184582e-04,1.243771463632583618e-01
8.638000000000000000e+03,3.741206019185483456e-04,1.236263737082481384e-01
8.639000000000000000e+03,3.273991169407963753e-04,1.238551884889602661e-01
8.640000000000000000e+03,2.969538036268204451e-04,1.234085410833358765e-01
8.641000000000000000e+03,2.822783426381647587e-04,1.235805675387382507e-01
8.642000000000000000e+03,2.803904644679278135e-04,1.234195232391357422e-01
8.643000000000000000e+03,2.869743038900196552e-04,1.234358847141265869e-01
8.644000000000000000e+03,2.981335564982146025e-04,1.234543845057487488e-01
8.645000000000000000e+03,3.110811230726540089e-04,1.233814135193824768e-01
8.646000000000000000e+03,3.235464100725948811e-04,1.237068176269531250e-01
8.647000000000000000e+03,3.359907132107764482e-04,1.234100610017776489e-01
8.648000000000000000e+03,3.476956626400351524e-04,1.239127069711685181e-01
8.649000000000000000e+03,3.611397114582359791e-04,1.234044805169105530e-01
8.650000000000000000e+03,3.758854290936142206e-04,1.241905093193054199e-01
8.651000000000000000e+03,3.958193701691925526e-04,1.234039291739463806e-01
8.652000000000000000e+03,4.191267071291804314e-04,1.245404779911041260e-01
8.653000000000000000e+03,4.517892084550112486e-04,1.235675737261772156e-01
8.654000000000000000e+03,4.899087361991405487e-04,1.250605732202529907e-01
8.655000000000000000e+03,5.413069156929850578e-04,1.239138916134834290e-01
8.656000000000000000e+03,5.982661969028413296e-04,1.258344650268554688e-01
8.657000000000000000e+03,6.706888088956475258e-04,1.245029270648956299e-01
8.658000000000000000e+03,7.421188056468963623e-04,1.266404986381530762e-01
8.659000000000000000e+03,8.235886925831437111e-04,1.250283569097518921e-01
8.660000000000000000e+03,8.878595544956624508e-04,1.272434890270233154e-01
8.661000000000000000e+03,9.489688090980052948e-04,1.253843456506729126e-01
8.662000000000000000e+03,9.710569866001605988e-04,1.274761259555816650e-01
8.663000000000000000e+03,9.766859002411365509e-04,1.255315989255905151e-01
8.664000000000000000e+03,9.313450427725911140e-04,1.271117776632308960e-01
8.665000000000000000e+03,8.694613934494554996e-04,1.251043826341629028e-01
8.666000000000000000e+03,7.721189758740365505e-04,1.260454356670379639e-01
8.667000000000000000e+03,6.784234428778290749e-04,1.245081797242164612e-01
8.668000000000000000e+03,5.802423693239688873e-04,1.250220090150833130e-01
8.669000000000000000e+03,5.009222077205777168e-04,1.241551861166954041e-01
8.670000000000000000e+03,4.333952383603900671e-04,1.242580711841583252e-01
8.671000000000000000e+03,3.843091544695198536e-04,1.238896623253822327e-01
8.672000000000000000e+03,3.478956059552729130e-04,1.236553341150283813e-01
8.673000000000000000e+03,3.238071803934872150e-04,1.238095611333847046e-01
8.674000000000000000e+03,3.082662005908787251e-04,1.235478743910789490e-01
8.675000000000000000e+03,3.006815095432102680e-04,1.240790113806724548e-01
8.676000000000000000e+03,2.991427318193018436e-04,1.237100958824157715e-01
8.677000000000000000e+03,3.035081317648291588e-04,1.242939978837966919e-01
8.678000000000000000e+03,3.126002266071736813e-04,1.237145066261291504e-01
8.679000000000000000e+03,3.256455529481172562e-04,1.242873594164848328e-01
8.680000000000000000e+03,3.425145696382969618e-04,1.236900687217712402e-01
8.681000000000000000e+03,3.618214395828545094e-04,1.243833228945732117e-01
8.682000000000000000e+03,3.850134962704032660e-04,1.237932816147804260e-01
8.683000000000000000e+03,4.096188931725919247e-04,1.245507374405860901e-01
8.684000000000000000e+03,4.393853014335036278e-04,1.238693967461585999e-01
8.685000000000000000e+03,4.702632431872189045e-04,1.246841028332710266e-01
8.686000000000000000e+03,5.094113294035196304e-04,1.239080578088760376e-01
8.687000000000000000e+03,5.503150750882923603e-04,1.249410361051559448e-01
8.688000000000000000e+03,6.046217167750000954e-04,1.241107806563377380e-01
8.689000000000000000e+03,6.605813978239893913e-04,1.253967732191085815e-01
8.690000000000000000e+03,7.355312118306756020e-04,1.244026497006416321e-01
8.691000000000000000e+03,8.079822873696684837e-04,1.258921325206756592e-01
8.692000000000000000e+03,9.028485510498285294e-04,1.246951669454574585e-01
8.693000000000000000e+03,9.833109797909855843e-04,1.263833642005920410e-01
8.694000000000000000e+03,1.083087408915162086e-03,1.250290274620056152e-01
8.695000000000000000e+03,1.144925481639802456e-03,1.267961412668228149e-01
8.696000000000000000e+03,1.211564405821263790e-03,1.252479404211044312e-01
8.697000000000000000e+03,1.210323651321232319e-03,1.267606765031814575e-01
8.698000000000000000e+03,1.194444368593394756e-03,1.251962482929229736e-01
8.699000000000000000e+03,1.099145505577325821e-03,1.262819468975067139e-01
8.700000000000000000e+03,9.852256625890731812e-04,1.249774247407913208e-01
8.701000000000000000e+03,8.200378506444394588e-04,1.255603283643722534e-01
8.702000000000000000e+03,6.592845893464982510e-04,1.245849281549453735e-01
8.703000000000000000e+03,5.026963772252202034e-04,1.246577501296997070e-01
8.704000000000000000e+03,3.829784109257161617e-04,1.241210624575614929e-01
8.705000000000000000e+03,3.059189184568822384e-04,1.239939555525779724e-01
8.706000000000000000e+03,2.752074215095490217e-04,1.240333020687103271e-01
8.707000000000000000e+03,2.838554210029542446e-04,1.238782703876495361e-01
8.708000000000000000e+03,3.199560451321303844e-04,1.244018673896789551e-01
8.709000000000000000e+03,3.704929549712687731e-04,1.240843087434768677e-01
8.710000000000000000e+03,4.213927313685417175e-04,1.248246803879737854e-01
8.711000000000000000e+03,4.665086162276566029e-04,1.242523267865180969e-01
8.712000000000000000e+03,4.946660483255982399e-04,1.250689774751663208e-01
8.713000000000000000e+03,5.109093617647886276e-04,1.243046894669532776e-01
8.714000000000000000e+03,5.079458933323621750e-04,1.251703947782516479e-01
8.715000000000000000e+03,4.975245683453977108e-04,1.242852434515953064e-01
8.716000000000000000e+03,4.754411638714373112e-04,1.251380890607833862e-01
8.717000000000000000e+03,4.535367770586162806e-04,1.241467222571372986e-01
8.718000000000000000e+03,4.293997189961373806e-04,1.249708235263824463e-01
8.719000000000000000e+03,4.109391593374311924e-04,1.239210516214370728e-01
8.720000000000000000e+03,3.965020878240466118e-04,1.247961670160293579e-01
8.721000000000000000e+03,3.891989472322165966e-04,1.237386539578437805e-01
8.722000000000000000e+03,3.878883435390889645e-04,1.247101351618766785e-01
8.723000000000000000e+03,3.917748690582811832e-04,1.236143633723258972e-01
8.724000000000000000e+03,4.011300625279545784e-04,1.246834993362426758e-01
8.725000000000000000e+03,4.123222897760570049e-04,1.235100403428077698e-01
8.726000000000000000e+03,4.279583808965981007e-04,1.247202455997467041e-01
8.727000000000000000e+03,4.420881741680204868e-04,1.234630569815635681e-01
8.728000000000000000e+03,4.598706727847456932e-04,1.248516365885734558e-01
8.729000000000000000e+03,4.738443531095981598e-04,1.235129013657569885e-01
8.730000000000000000e+03,4.911731230095028877e-04,1.250607222318649292e-01
8.731000000000000000e+03,5.049141473136842251e-04,1.236514151096343994e-01
8.732000000000000000e+03,5.227634101174771786e-04,1.253293454647064209e-01
8.733000000000000000e+03,5.415270570665597916e-04,1.238860338926315308e-01
8.734000000000000000e+03,5.665534408763051033e-04,1.256561577320098877e-01
8.735000000000000000e+03,6.016286206431686878e-04,1.242118626832962036e-01
8.736000000000000000e+03,6.455205730162560940e-04,1.260148286819458008e-01
8.737000000000000000e+03,7.112575112842023373e-04,1.245531439781188965e-01
8.738000000000000000e+03,7.860995247028768063e-04,1.263431012630462646e-01
8.739000000000000000e+03,8.945555891841650009e-04,1.248396337032318115e-01
8.740000000000000000e+03,1.005813130177557468e-03,1.266178637742996216e-01
8.741000000000000000e+03,1.158097293227910995e-03,1.250666230916976929e-01
8.742000000000000000e+03,1.291287480853497982e-03,1.268025487661361694e-01
8.743000000000000000e+03,1.457013306207954884e-03,1.252165585756301880e-01
8.744000000000000000e+03,1.553410664200782776e-03,1.268135458230972290e-01
8.745000000000000000e+03,1.643568277359008789e-03,1.252818405628204346e-01
8.746000000000000000e+03,1.594981062225997448e-03,1.265829354524612427e-01
8.747000000000000000e+03,1.490506459958851337e-03,1.252205222845077515e-01
8.748000000000000000e+03,1.238713623024523258e-03,1.260571628808975220e-01
8.749000000000000000e+03,9.545849170535802841e-04,1.249735727906227112e-01
8.750000000000000000e+03,6.504993652924895287e-04,1.253612488508224487e-01
8.751000000000000000e+03,4.236242966726422310e-04,1.245788708329200745e-01
8.752000000000000000e+03,3.055070992559194565e-04,1.245702505111694336e-01
8.753000000000000000e+03,3.008592175319790840e-04,1.241044253110885620e-01
8.754000000000000000e+03,3.743380657397210598e-04,1.239534541964530945e-01
8.755000000000000000e+03,4.716871189884841442e-04,1.242580115795135498e-01
8.756000000000000000e+03,5.528440815396606922e-04,1.242047697305679321e-01
8.757000000000000000e+03,5.851850146427750587e-04,1.253297477960586548e-01
8.758000000000000000e+03,5.805746186524629593e-04,1.248444318771362305e-01
8.759000000000000000e+03,5.401301896199584007e-04,1.259235739707946777e-01
8.760000000000000000e+03,4.930949071422219276e-04,1.248442232608795166e-01
8.761000000000000000e+03,4.464107914827764034e-04,1.256202012300491333e-01
8.762000000000000000e+03,4.135821363888680935e-04,1.243355199694633484e-01
8.763000000000000000e+03,3.931966493837535381e-04,1.249354779720306396e-01
8.764000000000000000e+03,3.772435011342167854e-04,1.237653568387031555e-01
8.765000000000000000e+03,3.622477233875542879e-04,1.240981519222259521e-01
8.766000000000000000e+03,3.406522446312010288e-04,1.234589591622352600e-01
8.767000000000000000e+03,3.187239053659141064e-04,1.235906109213829041e-01
8.768000000000000000e+03,3.006750484928488731e-04,1.237154677510261536e-01
8.769000000000000000e+03,2.939919359050691128e-04,1.235239431262016296e-01
8.770000000000000000e+03,3.007772029377520084e-04,1.241754591464996338e-01
8.771000000000000000e+03,3.194204182364046574e-04,1.235400438308715820e-01
8.772000000000000000e+03,3.445761103648692369e-04,1.245028078556060791e-01
8.773000000000000000e+03,3.705172566697001457e-04,1.235437691211700439e-01
8.774000000000000000e+03,3.932389081455767155e-04,1.246638000011444092e-01
8.775000000000000000e+03,4.097381024621427059e-04,1.235049813985824585e-01
8.776000000000000000e+03,4.216691595502197742e-04,1.246996745467185974e-01
8.777000000000000000e+03,4.311568918637931347e-04,1.235133036971092224e-01
8.778000000000000000e+03,4.416947776917368174e-04,1.247658729553222656e-01
8.779000000000000000e+03,4.596327198669314384e-04,1.236565113067626953e-01
8.780000000000000000e+03,4.844902141485363245e-04,1.249358952045440674e-01
8.781000000000000000e+03,5.248906672932207584e-04,1.238588616251945496e-01
8.782000000000000000e+03,5.732858553528785706e-04,1.252082139253616333e-01
8.783000000000000000e+03,6.419456331059336662e-04,1.241130679845809937e-01
8.784000000000000000e+03,7.145184790715575218e-04,1.256800889968872070e-01
8.785000000000000000e+03,8.107911562547087669e-04,1.244742795825004578e-01
8.786000000000000000e+03,9.002781589515507221e-04,1.262940168380737305e-01
8.787000000000000000e+03,1.012617954984307289e-03,1.248837187886238098e-01
8.788000000000000000e+03,1.095708925276994705e-03,1.269526928663253784e-01
8.789000000000000000e+03,1.188681577332317829e-03,1.253239363431930542e-01
8.790000000000000000e+03,1.216374803334474564e-03,1.274171024560928345e-01
8.791000000000000000e+03,1.227879896759986877e-03,1.255772113800048828e-01
8.792000000000000000e+03,1.147683593444526196e-03,1.272323578596115112e-01
8.793000000000000000e+03,1.038363552652299404e-03,1.254294365644454956e-01
8.794000000000000000e+03,8.633343386463820934e-04,1.264099180698394775e-01
8.795000000000000000e+03,6.880778819322586060e-04,1.248958781361579895e-01
8.796000000000000000e+03,5.168219213373959064e-04,1.252176463603973389e-01
8.797000000000000000e+03,3.880977164953947067e-04,1.241443380713462830e-01
8.798000000000000000e+03,3.079623566009104252e-04,1.240975558757781982e-01
8.799000000000000000e+03,2.774705062620341778e-04,1.237943023443222046e-01
8.800000000000000000e+03,2.862081455532461405e-04,1.237328723073005676e-01
8.801000000000000000e+03,3.203519736416637897e-04,1.243028566241264343e-01
8.802000000000000000e+03,3.676050691865384579e-04,1.240720450878143311e-01
8.803000000000000000e+03,4.158122465014457703e-04,1.250763535499572754e-01
8.804000000000000000e+03,4.603690758813172579e-04,1.244103834033012390e-01
8.805000000000000000e+03,4.906742833554744720e-04,1.255212873220443726e-01
8.806000000000000000e+03,5.106522585265338421e-04,1.245369687676429749e-01
8.807000000000000000e+03,5.122443544678390026e-04,1.256650537252426147e-01
8.808000000000000000e+03,5.047430749982595444e-04,1.245007514953613281e-01
8.809000000000000000e+03,4.836947482544928789e-04,1.254688054323196411e-01
8.810000000000000000e+03,4.583241534419357777e-04,1.242261826992034912e-01
8.811000000000000000e+03,4.276756080798804760e-04,1.249916329979896545e-01
8.812000000000000000e+03,3.977207525167614222e-04,1.238775029778480530e-01
8.813000000000000000e+03,3.689086879603564739e-04,1.245252937078475952e-01
8.814000000000000000e+03,3.436381521169096231e-04,1.236690431833267212e-01
8.815000000000000000e+03,3.221388033125549555e-04,1.241597384214401245e-01
8.816000000000000000e+03,3.049053484573960304e-04,1.235515773296356201e-01
8.817000000000000000e+03,2.917115343734622002e-04,1.238599196076393127e-01
8.818000000000000000e+03,2.822757815010845661e-04,1.234726533293724060e-01
8.819000000000000000e+03,2.759785857051610947e-04,1.236328184604644775e-01
8.820000000000000000e+03,2.722265198826789856e-04,1.234341636300086975e-01
8.821000000000000000e+03,2.702962956391274929e-04,1.234809905290603638e-01
8.822000000000000000e+03,2.695939620025455952e-04,1.234174743294715881e-01
8.823000000000000000e+03,2.695745206438004971e-04,1.233883202075958252e-01
8.824000000000000000e+03,2.698642201721668243e-04,1.234094202518463135e-01
8.825000000000000000e+03,2.701805206015706062e-04,1.233418285846710205e-01
8.826000000000000000e+03,2.704033686313778162e-04,1.234045028686523438e-01
8.827000000000000000e+03,2.704313083086162806e-04,1.233281940221786499e-01
8.828000000000000000e+03,2.703195204958319664e-04,1.233906671404838562e-01
8.829000000000000000e+03,2.700724580790847540e-04,1.233253628015518188e-01
8.830000000000000000e+03,2.698064781725406647e-04,1.233564242720603943e-01
8.831000000000000000e+03,2.695728035178035498e-04,1.233265474438667297e-01
8.832000000000000000e+03,2.695216098800301552e-04,1.233053505420684814e-01
8.833000000000000000e+03,2.697610470931977034e-04,1.233441084623336792e-01
8.834000000000000000e+03,2.705166116356849670e-04,1.232531294226646423e-01
8.835000000000000000e+03,2.720456104725599289e-04,1.233950406312942505e-01
8.836000000000000000e+03,2.748621045611798763e-04,1.232039257884025574e-01
8.837000000000000000e+03,2.796648186631500721e-04,1.235079467296600342e-01
8.838000000000000000e+03,2.878544910345226526e-04,1.231710389256477356e-01
8.839000000000000000e+03,3.013141977135092020e-04,1.237369477748870850e-01
8.840000000000000000e+03,3.240771766286343336e-04,1.231944486498832703e-01
8.841000000000000000e+03,3.610502462834119797e-04,1.242291852831840515e-01
8.842000000000000000e+03,4.239303234498947859e-04,1.234550476074218750e-01
8.843000000000000000e+03,5.239601014181971550e-04,1.253371089696884155e-01
8.844000000000000000e+03,6.929683149792253971e-04,1.243613585829734802e-01
8.845000000000000000e+03,9.457784472033381462e-04,1.275759190320968628e-01
8.846000000000000000e+03,1.352654304355382919e-03,1.261651217937469482e-01
8.847000000000000000e+03,1.877164700999855995e-03,1.308872699737548828e-01
8.848000000000000000e+03,2.623583422973752022e-03,1.266902834177017212e-01
8.849000000000000000e+03,3.343910444527864456e-03,1.322768479585647583e-01
8.850000000000000000e+03,4.205389413982629776e-03,1.246818751096725464e-01
8.851000000000000000e+03,4.618867300450801849e-03,1.316843479871749878e-01
8.852000000000000000e+03,4.876419436186552048e-03,1.263791918754577637e-01
8.853000000000000000e+03,4.147178027778863907e-03,1.286645829677581787e-01
8.854000000000000000e+03,2.997955307364463806e-03,1.275963038206100464e-01
8.855000000000000000e+03,1.538874814286828041e-03,1.250199228525161743e-01
8.856000000000000000e+03,6.938874721527099609e-04,1.247253641486167908e-01
8.857000000000000000e+03,7.595726056024432182e-04,1.238832026720046997e-01
8.858000000000000000e+03,1.519587589427828789e-03,1.302217096090316772e-01
8.859000000000000000e+03,2.272742101922631264e-03,1.292247474193572998e-01
8.860000000000000000e+03,2.156076952815055847e-03,1.328923702239990234e-01
8.861000000000000000e+03,1.376208034344017506e-03,1.255217641592025757e-01
8.862000000000000000e+03,6.032586679793894291e-04,1.192590892314910889e-01
8.863000000000000000e+03,4.911489086225628853e-04,1.204574182629585266e-01
8.864000000000000000e+03,9.972809348255395889e-04,1.230427548289299011e-01
8.865000000000000000e+03,1.625495147891342640e-03,1.335604339838027954e-01
8.866000000000000000e+03,1.824031001888215542e-03,1.318277120590209961e-01
8.867000000000000000e+03,1.233074115589261055e-03,1.317909359931945801e-01
8.868000000000000000e+03,5.232754047028720379e-04,1.258308589458465576e-01
8.869000000000000000e+03,3.777595120482146740e-04,1.193804964423179626e-01
8.870000000000000000e+03,8.061117259785532951e-04,1.222213432192802429e-01
8.871000000000000000e+03,1.350145903415977955e-03,1.266252398490905762e-01
8.872000000000000000e+03,1.481765648350119591e-03,1.357297599315643311e-01
8.873000000000000000e+03,1.100154477171599865e-03,1.322009563446044922e-01
8.874000000000000000e+03,5.121070425957441330e-04,1.280646026134490967e-01
8.875000000000000000e+03,3.143680514767765999e-04,1.230190396308898926e-01
8.876000000000000000e+03,6.225114339031279087e-04,1.187844648957252502e-01
8.877000000000000000e+03,1.055049709975719452e-03,1.251205056905746460e-01
8.878000000000000000e+03,1.286608399823307991e-03,1.300498694181442261e-01
8.879000000000000000e+03,1.079980633221566677e-03,1.360217183828353882e-01
8.880000000000000000e+03,6.144425715319812298e-04,1.316058635711669922e-01
8.881000000000000000e+03,3.279224620200693607e-04,1.250157505273818970e-01
8.882000000000000000e+03,4.306879127398133278e-04,1.206169500946998596e-01
8.883000000000000000e+03,7.775737321935594082e-04,1.183001697063446045e-01
8.884000000000000000e+03,1.026343787088990211e-03,1.270962357521057129e-01
8.885000000000000000e+03,1.075194100849330425e-03,1.322277337312698364e-01
8.886000000000000000e+03,8.136286633089184761e-04,1.358094811439514160e-01
8.887000000000000000e+03,4.492715524975210428e-04,1.304125040769577026e-01
8.888000000000000000e+03,3.219936625100672245e-04,1.226746886968612671e-01
8.889000000000000000e+03,4.853836435358971357e-04,1.195906698703765869e-01
8.890000000000000000e+03,7.721407455392181873e-04,1.184779331088066101e-01
8.891000000000000000e+03,9.317041840404272079e-04,1.276994645595550537e-01
8.892000000000000000e+03,9.290571324527263641e-04,1.323233842849731445e-01
8.893000000000000000e+03,6.950653623789548874e-04,1.342951506376266479e-01
8.894000000000000000e+03,3.974417049903422594e-04,1.284224390983581543e-01
8.895000000000000000e+03,3.061757888644933701e-04,1.212713941931724548e-01
8.896000000000000000e+03,4.585735732689499855e-04,1.198547407984733582e-01
8.897000000000000000e+03,7.048784755170345306e-04,1.197518929839134216e-01
8.898000000000000000e+03,8.455109782516956329e-04,1.280707120895385742e-01
8.899000000000000000e+03,8.317790343426167965e-04,1.315437704324722290e-01
8.900000000000000000e+03,6.253417232073843479e-04,1.321717053651809692e-01
8.901000000000000000e+03,3.744134446606040001e-04,1.265973001718521118e-01
8.902000000000000000e+03,2.988036139868199825e-04,1.207383573055267334e-01
8.903000000000000000e+03,4.297895357012748718e-04,1.206428408622741699e-01
8.904000000000000000e+03,6.370543851517140865e-04,1.210707500576972961e-01
8.905000000000000000e+03,7.642147829756140709e-04,1.281263530254364014e-01
8.906000000000000000e+03,7.436542073264718056e-04,1.304919421672821045e-01
8.907000000000000000e+03,5.725020891986787319e-04,1.300697475671768188e-01
8.908000000000000000e+03,3.703787806443870068e-04,1.252605319023132324e-01
8.909000000000000000e+03,3.061662428081035614e-04,1.205737292766571045e-01
8.910000000000000000e+03,4.020410124212503433e-04,1.212036684155464172e-01
8.911000000000000000e+03,5.568632623180747032e-04,1.218179985880851746e-01
8.912000000000000000e+03,6.617207545787096024e-04,1.277249157428741455e-01
8.913000000000000000e+03,6.536087021231651306e-04,1.292079687118530273e-01
8.914000000000000000e+03,5.393852479755878448e-04,1.281992644071578979e-01
8.915000000000000000e+03,3.939872258342802525e-04,1.244547888636589050e-01
8.916000000000000000e+03,3.289472078904509544e-04,1.209358647465705872e-01
8.917000000000000000e+03,3.694125334732234478e-04,1.216598972678184509e-01
8.918000000000000000e+03,4.536333726719021797e-04,1.221506297588348389e-01
8.919000000000000000e+03,5.215710261836647987e-04,1.267499029636383057e-01
8.920000000000000000e+03,5.337334005162119865e-04,1.276870071887969971e-01
8.921000000000000000e+03,4.936270415782928467e-04,1.266121715307235718e-01
8.922000000000000000e+03,4.210091137792915106e-04,1.239992678165435791e-01
8.923000000000000000e+03,3.636396431829780340e-04,1.215968951582908630e-01
8.924000000000000000e+03,3.498814767226576805e-04,1.220114231109619141e-01
8.925000000000000000e+03,3.585185622796416283e-04,1.222969517111778259e-01
8.926000000000000000e+03,3.742503176908940077e-04,1.254338473081588745e-01
8.927000000000000000e+03,3.890763910021632910e-04,1.260745376348495483e-01
8.928000000000000000e+03,4.068468697369098663e-04,1.253899037837982178e-01
8.929000000000000000e+03,4.064825188834220171e-04,1.238317340612411499e-01
8.930000000000000000e+03,3.842996666207909584e-04,1.224355623126029968e-01
8.931000000000000000e+03,3.571948618628084660e-04,1.223161295056343079e-01
8.932000000000000000e+03,3.233415773138403893e-04,1.224649325013160706e-01
8.933000000000000000e+03,2.926729503087699413e-04,1.242872551083564758e-01
8.934000000000000000e+03,2.818272623699158430e-04,1.248656213283538818e-01
8.935000000000000000e+03,3.016036353074014187e-04,1.245342940092086792e-01
8.936000000000000000e+03,3.292462206445634365e-04,1.237603574991226196e-01
8.937000000000000000e+03,3.457698621787130833e-04,1.230146661400794983e-01
8.938000000000000000e+03,3.484386834315955639e-04,1.225872039794921875e-01
8.939000000000000000e+03,3.304936108179390430e-04,1.227330043911933899e-01
8.940000000000000000e+03,3.001329605467617512e-04,1.236875951290130615e-01
8.941000000000000000e+03,2.742997894529253244e-04,1.244039908051490784e-01
8.942000000000000000e+03,2.661483886186033487e-04,1.241126582026481628e-01
8.943000000000000000e+03,2.699856995604932308e-04,1.237658113241195679e-01
8.944000000000000000e+03,2.797639463096857071e-04,1.230535879731178284e-01
8.945000000000000000e+03,2.910792245529592037e-04,1.227100118994712830e-01
8.946000000000000000e+03,2.956427633762359619e-04,1.228049397468566895e-01
8.947000000000000000e+03,2.927220193669199944e-04,1.234758719801902771e-01
8.948000000000000000e+03,2.871698234230279922e-04,1.242470145225524902e-01
8.949000000000000000e+03,2.835436025634407997e-04,1.239603832364082336e-01
8.950000000000000000e+03,2.799331850837916136e-04,1.238667145371437073e-01
8.951000000000000000e+03,2.766780089586973190e-04,1.230325922369956970e-01
8.952000000000000000e+03,2.743073855526745319e-04,1.229863762855529785e-01
8.953000000000000000e+03,2.709517139010131359e-04,1.228271275758743286e-01
8.954000000000000000e+03,2.669102977961301804e-04,1.235546320676803589e-01
8.955000000000000000e+03,2.640088787302374840e-04,1.239445209503173828e-01
8.956000000000000000e+03,2.637150464579463005e-04,1.237796396017074585e-01
8.957000000000000000e+03,2.649996895343065262e-04,1.235696747899055481e-01
8.958000000000000000e+03,2.674753195606172085e-04,1.229659169912338257e-01
8.959000000000000000e+03,2.704143989831209183e-04,1.230842098593711853e-01
8.960000000000000000e+03,2.720634802244603634e-04,1.229758933186531067e-01
8.961000000000000000e+03,2.719925250858068466e-04,1.237618103623390198e-01
8.962000000000000000e+03,2.707447565626353025e-04,1.237912327051162720e-01
8.963000000000000000e+03,2.688837121240794659e-04,1.237812489271163940e-01
8.964000000000000000e+03,2.666579675860702991e-04,1.232697963714599609e-01
8.965000000000000000e+03,2.649647649377584457e-04,1.230738013982772827e-01
8.966000000000000000e+03,2.642071049194782972e-04,1.229816600680351257e-01
8.967000000000000000e+03,2.636525605339556932e-04,1.231967285275459290e-01
8.968000000000000000e+03,2.631053794175386429e-04,1.236130967736244202e-01
8.969000000000000000e+03,2.625338383950293064e-04,1.236743330955505371e-01
8.970000000000000000e+03,2.618667494971305132e-04,1.235144659876823425e-01
8.971000000000000000e+03,2.610486699268221855e-04,1.231787130236625671e-01
8.972000000000000000e+03,2.604718902148306370e-04,1.230748444795608521e-01
8.973000000000000000e+03,2.603204338811337948e-04,1.230917572975158691e-01
8.974000000000000000e+03,2.603668835945427418e-04,1.233181208372116089e-01
8.975000000000000000e+03,2.606540510896593332e-04,1.235580369830131531e-01
8.976000000000000000e+03,2.610938681755214930e-04,1.235596090555191040e-01
8.977000000000000000e+03,2.614621480461210012e-04,1.233570054173469543e-01
8.978000000000000000e+03,2.616503043100237846e-04,1.231742203235626221e-01
8.979000000000000000e+03,2.617575519252568483e-04,1.231006830930709839e-01
8.980000000000000000e+03,2.618296421132981777e-04,1.232107207179069519e-01
8.981000000000000000e+03,2.618607541080564260e-04,1.233044490218162537e-01
8.982000000000000000e+03,2.620081359054893255e-04,1.235227808356285095e-01
8.983000000000000000e+03,2.623213804326951504e-04,1.233800500631332397e-01
8.984000000000000000e+03,2.627395442686975002e-04,1.233697384595870972e-01
8.985000000000000000e+03,2.632809046190232038e-04,1.231237053871154785e-01
8.986000000000000000e+03,2.639592858031392097e-04,1.232959702610969543e-01
8.987000000000000000e+03,2.648198278620839119e-04,1.231626272201538086e-01
8.988000000000000000e+03,2.658492303453385830e-04,1.234577298164367676e-01
8.989000000000000000e+03,2.672104164958000183e-04,1.233024150133132935e-01
8.990000000000000000e+03,2.689594111870974302e-04,1.234916597604751587e-01
8.991000000000000000e+03,2.713071298785507679e-04,1.231708228588104248e-01
8.992000000000000000e+03,2.744212397374212742e-04,1.234163418412208557e-01
8.993000000000000000e+03,2.788159472402185202e-04,1.231476366519927979e-01
8.994000000000000000e+03,2.847425639629364014e-04,1.235407218337059021e-01
8.995000000000000000e+03,2.931499329861253500e-04,1.232445463538169861e-01
8.996000000000000000e+03,3.044650948140770197e-04,1.237398236989974976e-01
8.997000000000000000e+03,3.206413821317255497e-04,1.232699602842330933e-01
8.998000000000000000e+03,3.423154703341424465e-04,1.238973960280418396e-01
8.999000000000000000e+03,3.738105297088623047e-04,1.233275234699249268e-01
9.000000000000000000e+03,4.159424570389091969e-04,1.243377849459648132e-01
9.001000000000000000e+03,4.778886795975267887e-04,1.236569955945014954e-01
9.002000000000000000e+03,5.583597230724990368e-04,1.250999867916107178e-01
9.003000000000000000e+03,6.754531641490757465e-04,1.242476403713226318e-01
9.004000000000000000e+03,8.177578565664589405e-04,1.261212229728698730e-01
9.005000000000000000e+03,1.017546164803206921e-03,1.249546334147453308e-01
9.006000000000000000e+03,1.232802984304726124e-03,1.272998005151748657e-01
9.007000000000000000e+03,1.515208394266664982e-03,1.256040930747985840e-01
9.008000000000000000e+03,1.755575300194323063e-03,1.280641853809356689e-01
9.009000000000000000e+03,2.027430338785052299e-03,1.257661432027816772e-01
9.010000000000000000e+03,2.135794609785079956e-03,1.279181391000747681e-01
9.011000000000000000e+03,2.182329772040247917e-03,1.258280873298645020e-01
9.012000000000000000e+03,1.952092163264751434e-03,1.272554397583007812e-01
9.013000000000000000e+03,1.607231097295880318e-03,1.256621927022933960e-01
9.014000000000000000e+03,1.098752138204872608e-03,1.258802413940429688e-01
9.015000000000000000e+03,6.439702119678258896e-04,1.249159201979637146e-01
9.016000000000000000e+03,3.421657893341034651e-04,1.245156079530715942e-01
9.017000000000000000e+03,2.717631869018077850e-04,1.244350001215934753e-01
9.018000000000000000e+03,3.965853247791528702e-04,1.241048946976661682e-01
9.019000000000000000e+03,6.058512954041361809e-04,1.252310723066329956e-01
9.020000000000000000e+03,7.880338816903531551e-04,1.249770522117614746e-01
9.021000000000000000e+03,8.395104669034481049e-04,1.267433464527130127e-01
9.022000000000000000e+03,7.750318618491292000e-04,1.257957965135574341e-01
9.023000000000000000e+03,6.113331182859838009e-04,1.266410797834396362e-01
9.024000000000000000e+03,4.466452228371053934e-04,1.253888309001922607e-01
9.025000000000000000e+03,3.377700340934097767e-04,1.252471953630447388e-01
9.026000000000000000e+03,3.126894007436931133e-04,1.241963729262351990e-01
9.027000000000000000e+03,3.504329361021518707e-04,1.239114776253700256e-01
9.028000000000000000e+03,4.060743085574358702e-04,1.240622699260711670e-01
9.029000000000000000e+03,4.503617528825998306e-04,1.239260584115982056e-01
9.030000000000000000e+03,4.664481675717979670e-04,1.252721399068832397e-01
9.031000000000000000e+03,4.652184434235095978e-04,1.247337833046913147e-01
9.032000000000000000e+03,4.468295956030488014e-04,1.257618367671966553e-01
9.033000000000000000e+03,4.228341276757419109e-04,1.244741976261138916e-01
9.034000000000000000e+03,3.943234623875468969e-04,1.249488815665245056e-01
9.035000000000000000e+03,3.647234989330172539e-04,1.236447170376777649e-01
9.036000000000000000e+03,3.368523030076175928e-04,1.240363419055938721e-01
9.037000000000000000e+03,3.093201084993779659e-04,1.234759092330932617e-01
9.038000000000000000e+03,2.886060392484068871e-04,1.234758496284484863e-01
9.039000000000000000e+03,2.784944954328238964e-04,1.235916614532470703e-01
9.040000000000000000e+03,2.822746755555272102e-04,1.231967359781265259e-01
9.041000000000000000e+03,2.985496830660849810e-04,1.239059567451477051e-01
9.042000000000000000e+03,3.224832471460103989e-04,1.232188269495964050e-01
9.043000000000000000e+03,3.467658243607729673e-04,1.243394017219543457e-01
9.044000000000000000e+03,3.658531059045344591e-04,1.234606504440307617e-01
9.045000000000000000e+03,3.764224238693714142e-04,1.245751753449440002e-01
9.046000000000000000e+03,3.782278217840939760e-04,1.234911829233169556e-01
9.047000000000000000e+03,3.735471400432288647e-04,1.243304535746574402e-01
9.048000000000000000e+03,3.673098108265548944e-04,1.233005449175834656e-01
9.049000000000000000e+03,3.616900648921728134e-04,1.240643784403800964e-01
9.050000000000000000e+03,3.612019354477524757e-04,1.232800483703613281e-01
9.051000000000000000e+03,3.636961337178945541e-04,1.240058839321136475e-01
9.052000000000000000e+03,3.712928737513720989e-04,1.233711093664169312e-01
9.053000000000000000e+03,3.793556825257837772e-04,1.239782124757766724e-01
9.054000000000000000e+03,3.903654578607529402e-04,1.233693286776542664e-01
9.055000000000000000e+03,3.999498439952731133e-04,1.240856647491455078e-01
9.056000000000000000e+03,4.128915606997907162e-04,1.234717741608619690e-01
9.057000000000000000e+03,4.252701764926314354e-04,1.244310811161994934e-01
9.058000000000000000e+03,4.440076299943029881e-04,1.236567199230194092e-01
9.059000000000000000e+03,4.636298981495201588e-04,1.247537285089492798e-01
9.060000000000000000e+03,4.923134692944586277e-04,1.237899661064147949e-01
9.061000000000000000e+03,5.216610152274370193e-04,1.252078860998153687e-01
9.062000000000000000e+03,5.612217355519533157e-04,1.241555362939834595e-01
9.063000000000000000e+03,5.975130479782819748e-04,1.258372217416763306e-01
9.064000000000000000e+03,6.411643116734921932e-04,1.246246173977851868e-01
9.065000000000000000e+03,6.723488913848996162e-04,1.262582242488861084e-01
9.066000000000000000e+03,7.043025689199566841e-04,1.248285770416259766e-01
9.067000000000000000e+03,7.145017734728753567e-04,1.263184994459152222e-01
9.068000000000000000e+03,7.214771467261016369e-04,1.248455494642257690e-01
9.069000000000000000e+03,7.036573952063918114e-04,1.261660903692245483e-01
9.070000000000000000e+03,6.833603256382048130e-04,1.247405037283897400e-01
9.071000000000000000e+03,6.421346333809196949e-04,1.257103681564331055e-01
9.072000000000000000e+03,6.019852589815855026e-04,1.244575828313827515e-01
9.073000000000000000e+03,5.501510458998382092e-04,1.251688003540039062e-01
9.074000000000000000e+03,5.032991757616400719e-04,1.242245137691497803e-01
9.075000000000000000e+03,4.533516475930809975e-04,1.247835606336593628e-01
9.076000000000000000e+03,4.103238752577453852e-04,1.240599006414413452e-01
9.077000000000000000e+03,3.699156804941594601e-04,1.243976056575775146e-01
9.078000000000000000e+03,3.371671482454985380e-04,1.238313540816307068e-01
9.079000000000000000e+03,3.102615592069923878e-04,1.240569204092025757e-01
9.080000000000000000e+03,2.905522123910486698e-04,1.236616820096969604e-01
9.081000000000000000e+03,2.766941324807703495e-04,1.238870844244956970e-01
9.082000000000000000e+03,2.680039324332028627e-04,1.236223429441452026e-01
9.083000000000000000e+03,2.630873641464859247e-04,1.237846687436103821e-01
9.084000000000000000e+03,2.608065551612526178e-04,1.235992759466171265e-01
9.085000000000000000e+03,2.601599553599953651e-04,1.236934959888458252e-01
9.086000000000000000e+03,2.603693865239620209e-04,1.235861405730247498e-01
9.087000000000000000e+03,2.610344381537288427e-04,1.235964000225067139e-01
9.088000000000000000e+03,2.619579900056123734e-04,1.235691234469413757e-01
9.089000000000000000e+03,2.632031391840428114e-04,1.234653815627098083e-01
9.090000000000000000e+03,2.649472735356539488e-04,1.235615164041519165e-01
9.091000000000000000e+03,2.675703726708889008e-04,1.233539506793022156e-01
9.092000000000000000e+03,2.714187721721827984e-04,1.236225813627243042e-01
9.093000000000000000e+03,2.772227453533560038e-04,1.232929080724716187e-01
9.094000000000000000e+03,2.855856146197766066e-04,1.237558722496032715e-01
9.095000000000000000e+03,2.980457793455570936e-04,1.232573017477989197e-01
9.096000000000000000e+03,3.157950122840702534e-04,1.239963099360466003e-01
9.097000000000000000e+03,3.425310133025050163e-04,1.233186349272727966e-01
9.098000000000000000e+03,3.805801970884203911e-04,1.244848743081092834e-01
9.099000000000000000e+03,4.386826767586171627e-04,1.236257776618003845e-01
9.100000000000000000e+03,5.198523867875337601e-04,1.253925263881683350e-01
9.101000000000000000e+03,6.432575173676013947e-04,1.243485510349273682e-01
9.102000000000000000e+03,8.057221421040594578e-04,1.269159615039825439e-01
9.103000000000000000e+03,1.042867894284427166e-03,1.255890876054763794e-01
9.104000000000000000e+03,1.315627014264464378e-03,1.288782805204391479e-01
9.105000000000000000e+03,1.676546991802752018e-03,1.265311241149902344e-01
9.106000000000000000e+03,1.995569327846169472e-03,1.299096792936325073e-01
9.107000000000000000e+03,2.359205856919288635e-03,1.261639446020126343e-01
9.108000000000000000e+03,2.532662590965628624e-03,1.291041672229766846e-01
9.109000000000000000e+03,2.667734632268548012e-03,1.263179033994674683e-01
9.110000000000000000e+03,2.477690577507019043e-03,1.281239688396453857e-01
9.111000000000000000e+03,2.165930811315774918e-03,1.260573714971542358e-01
9.112000000000000000e+03,1.594573142938315868e-03,1.252416223287582397e-01
9.113000000000000000e+03,1.032820087857544422e-03,1.245790943503379822e-01
9.114000000000000000e+03,5.647970829159021378e-04,1.233673319220542908e-01
9.115000000000000000e+03,3.726694267243146896e-04,1.244846284389495850e-01
9.116000000000000000e+03,4.747074563056230545e-04,1.246532797813415527e-01
9.117000000000000000e+03,7.650305633433163166e-04,1.275468021631240845e-01
9.118000000000000000e+03,1.058402238413691521e-03,1.265700161457061768e-01
9.119000000000000000e+03,1.133498735725879669e-03,1.278194338083267212e-01
9.120000000000000000e+03,9.891308145597577095e-04,1.254662871360778809e-01
9.121000000000000000e+03,6.777172675356268883e-04,1.246389076113700867e-01
9.122000000000000000e+03,3.996054001618176699e-04,1.245488449931144714e-01
9.123000000000000000e+03,2.764056844171136618e-04,1.248487383127212524e-01
9.124000000000000000e+03,3.347825258970260620e-04,1.257743537425994873e-01
9.125000000000000000e+03,4.968954599462449551e-04,1.253229826688766479e-01
9.126000000000000000e+03,6.393145886249840260e-04,1.259910911321640015e-01
9.127000000000000000e+03,6.876732222735881805e-04,1.246600523591041565e-01
9.128000000000000000e+03,6.108829984441399574e-04,1.251504123210906982e-01
9.129000000000000000e+03,4.800941096618771553e-04,1.246696561574935913e-01
9.130000000000000000e+03,3.544405917637050152e-04,1.252198368310928345e-01
9.131000000000000000e+03,2.896297955885529518e-04,1.246527656912803650e-01
9.132000000000000000e+03,2.945196465589106083e-04,1.244574263691902161e-01
9.133000000000000000e+03,3.409968630876392126e-04,1.239703446626663208e-01
9.134000000000000000e+03,3.922298783436417580e-04,1.235073432326316833e-01
9.135000000000000000e+03,4.192785709165036678e-04,1.241591498255729675e-01
9.136000000000000000e+03,4.215223598293960094e-04,1.238833740353584290e-01
9.137000000000000000e+03,4.029046394862234592e-04,1.248481273651123047e-01
9.138000000000000000e+03,3.817579126916825771e-04,1.240772157907485962e-01
9.139000000000000000e+03,3.633669693954288960e-04,1.247163265943527222e-01
9.140000000000000000e+03,3.527096123434603214e-04,1.235140711069107056e-01
9.141000000000000000e+03,3.479198494460433722e-04,1.240798160433769226e-01
9.142000000000000000e+03,3.410568169783800840e-04,1.231589093804359436e-01
9.143000000000000000e+03,3.298443625681102276e-04,1.237499713897705078e-01
9.144000000000000000e+03,3.108789096586406231e-04,1.231967955827713013e-01
9.145000000000000000e+03,2.904096909333020449e-04,1.233724579215049744e-01
9.146000000000000000e+03,2.723500365391373634e-04,1.232573837041854858e-01
9.147000000000000000e+03,2.621966705191880465e-04,1.231421306729316711e-01
9.148000000000000000e+03,2.614175609778612852e-04,1.233825758099555969e-01
9.149000000000000000e+03,2.690077526494860649e-04,1.229688897728919983e-01
9.150000000000000000e+03,2.819643705151975155e-04,1.236790642142295837e-01
9.151000000000000000e+03,2.959557168651372194e-04,1.230548247694969177e-01
9.152000000000000000e+03,3.082638722844421864e-04,1.238727122545242310e-01
9.153000000000000000e+03,3.167635877616703510e-04,1.230895817279815674e-01
9.154000000000000000e+03,3.228799323551356792e-04,1.238859444856643677e-01
9.155000000000000000e+03,3.269906155765056610e-04,1.229606047272682190e-01
9.156000000000000000e+03,3.323669661767780781e-04,1.238884031772613525e-01
9.157000000000000000e+03,3.412425285205245018e-04,1.230517104268074036e-01
9.158000000000000000e+03,3.551582340151071548e-04,1.241243705153465271e-01
9.159000000000000000e+03,3.773370699491351843e-04,1.234277114272117615e-01
9.160000000000000000e+03,4.057789919897913933e-04,1.245906203985214233e-01
9.161000000000000000e+03,4.441235505510121584e-04,1.237063556909561157e-01
9.162000000000000000e+03,4.863261128775775433e-04,1.249968260526657104e-01
9.163000000000000000e+03,5.401368252933025360e-04,1.240105256438255310e-01
9.164000000000000000e+03,5.940927658230066299e-04,1.256028711795806885e-01
9.165000000000000000e+03,6.610965938307344913e-04,1.244719773530960083e-01
9.166000000000000000e+03,7.203094428405165672e-04,1.262754648923873901e-01
9.167000000000000000e+03,7.889339467510581017e-04,1.249338760972023010e-01
9.168000000000000000e+03,8.348211413249373436e-04,1.268675625324249268e-01
9.169000000000000000e+03,8.796388865448534489e-04,1.253189444541931152e-01
9.170000000000000000e+03,8.835565531626343727e-04,1.272279769182205200e-01
9.171000000000000000e+03,8.731769048608839512e-04,1.255581527948379517e-01
9.172000000000000000e+03,8.143812883645296097e-04,1.269548237323760986e-01
9.173000000000000000e+03,7.392418337985873222e-04,1.251972019672393799e-01
9.174000000000000000e+03,6.359602557495236397e-04,1.259737610816955566e-01
9.175000000000000000e+03,5.358230555430054665e-04,1.244148537516593933e-01
9.176000000000000000e+03,4.405946237966418266e-04,1.248394846916198730e-01
9.177000000000000000e+03,3.656605258584022522e-04,1.238472387194633484e-01
9.178000000000000000e+03,3.105700016021728516e-04,1.240680664777755737e-01
9.179000000000000000e+03,2.761610085144639015e-04,1.236964985728263855e-01
9.180000000000000000e+03,2.590127987787127495e-04,1.237430423498153687e-01
9.181000000000000000e+03,2.555819810368120670e-04,1.238295361399650574e-01
9.182000000000000000e+03,2.623375621624290943e-04,1.236308366060256958e-01
9.183000000000000000e+03,2.761884825304150581e-04,1.240837648510932922e-01
9.184000000000000000e+03,2.948947949334979057e-04,1.236804276704788208e-01
9.185000000000000000e+03,3.163044457323849201e-04,1.244043856859207153e-01
9.186000000000000000e+03,3.399901906959712505e-04,1.237880140542984009e-01
9.187000000000000000e+03,3.637885092757642269e-04,1.246968135237693787e-01
9.188000000000000000e+03,3.892114618793129921e-04,1.238968446850776672e-01
9.189000000000000000e+03,4.132417961955070496e-04,1.249587684869766235e-01
9.190000000000000000e+03,4.393383860588073730e-04,1.240441724658012390e-01
9.191000000000000000e+03,4.629424656741321087e-04,1.252451092004776001e-01
9.192000000000000000e+03,4.895138554275035858e-04,1.242017447948455811e-01
9.193000000000000000e+03,5.122269503772258759e-04,1.254566460847854614e-01
9.194000000000000000e+03,5.390464793890714645e-04,1.242957785725593567e-01
9.195000000000000000e+03,5.607532220892608166e-04,1.256048381328582764e-01
9.196000000000000000e+03,5.881915567442774773e-04,1.244111582636833191e-01
9.197000000000000000e+03,6.089238449931144714e-04,1.258092224597930908e-01
9.198000000000000000e+03,6.364248110912740231e-04,1.245809420943260193e-01
9.199000000000000000e+03,6.539379828609526157e-04,1.259501874446868896e-01
9.200000000000000000e+03,6.777924136258661747e-04,1.246785223484039307e-01
9.201000000000000000e+03,6.878514541313052177e-04,1.259586066007614136e-01
9.202000000000000000e+03,7.033664151094853878e-04,1.246988922357559204e-01
9.203000000000000000e+03,7.021365454420447350e-04,1.259056329727172852e-01
9.204000000000000000e+03,7.052898290567100048e-04,1.247219815850257874e-01
9.205000000000000000e+03,6.898617139086127281e-04,1.257715076208114624e-01
9.206000000000000000e+03,6.771862972527742386e-04,1.246510893106460571e-01
9.207000000000000000e+03,6.467454950325191021e-04,1.254960745573043823e-01
9.208000000000000000e+03,6.186380633153021336e-04,1.244935095310211182e-01
9.209000000000000000e+03,5.771738360635936260e-04,1.252036839723587036e-01
9.210000000000000000e+03,5.391850718297064304e-04,1.243576481938362122e-01
9.211000000000000000e+03,4.941051593050360680e-04,1.249377429485321045e-01
9.212000000000000000e+03,4.541308153420686722e-04,1.241999715566635132e-01
9.213000000000000000e+03,4.132777685299515724e-04,1.246443241834640503e-01
9.214000000000000000e+03,3.790264017879962921e-04,1.240038871765136719e-01
9.215000000000000000e+03,3.482942702248692513e-04,1.243945211172103882e-01
9.216000000000000000e+03,3.244328254368156195e-04,1.238550767302513123e-01
9.217000000000000000e+03,3.054807311855256557e-04,1.242307201027870178e-01
9.218000000000000000e+03,2.921070554293692112e-04,1.237414106726646423e-01
9.219000000000000000e+03,2.827781136147677898e-04,1.240813508629798889e-01
9.220000000000000000e+03,2.769999264273792505e-04,1.236183196306228638e-01
9.221000000000000000e+03,2.736783935688436031e-04,1.239682510495185852e-01
9.222000000000000000e+03,2.720625780057162046e-04,1.235340535640716553e-01
9.223000000000000000e+03,2.715764567255973816e-04,1.239103376865386963e-01
9.224000000000000000e+03,2.716309099923819304e-04,1.234764158725738525e-01
9.225000000000000000e+03,2.721576602198183537e-04,1.238560453057289124e-01
9.226000000000000000e+03,2.727853716351091862e-04,1.233954206109046936e-01
9.227000000000000000e+03,2.738236507866531610e-04,1.238028183579444885e-01
9.228000000000000000e+03,2.750949934124946594e-04,1.233171224594116211e-01
9.229000000000000000e+03,2.771746949292719364e-04,1.238012164831161499e-01
9.230000000000000000e+03,2.801280061248689890e-04,1.232695803046226501e-01
9.231000000000000000e+03,2.848306903615593910e-04,1.238618940114974976e-01
9.232000000000000000e+03,2.918209647759795189e-04,1.232460662722587585e-01
9.233000000000000000e+03,3.025962214451283216e-04,1.240210607647895813e-01
9.234000000000000000e+03,3.189225099049508572e-04,1.232828721404075623e-01
9.235000000000000000e+03,3.435796534176915884e-04,1.243698745965957642e-01
9.236000000000000000e+03,3.814422816503793001e-04,1.234778016805648804e-01
9.237000000000000000e+03,4.374499258119612932e-04,1.250773221254348755e-01
9.238000000000000000e+03,5.236972356215119362e-04,1.240457072854042053e-01
9.239000000000000000e+03,6.458230200223624706e-04,1.264065802097320557e-01
9.240000000000000000e+03,8.289740653708577156e-04,1.252549588680267334e-01
9.241000000000000000e+03,1.063318573869764805e-03,1.284948438405990601e-01
9.242000000000000000e+03,1.386918593198060989e-03,1.267893463373184204e-01
9.243000000000000000e+03,1.722015673294663429e-03,1.304529011249542236e-01
9.244000000000000000e+03,2.123391954228281975e-03,1.268598139286041260e-01
9.245000000000000000e+03,2.407102612778544426e-03,1.299088895320892334e-01
9.246000000000000000e+03,2.713750582188367844e-03,1.261856406927108765e-01
9.247000000000000000e+03,2.786684548482298851e-03,1.285393834114074707e-01
9.248000000000000000e+03,2.834917278960347176e-03,1.265958100557327271e-01
9.249000000000000000e+03,2.566600218415260315e-03,1.267134547233581543e-01
9.250000000000000000e+03,2.205685013905167580e-03,1.257213354110717773e-01
9.251000000000000000e+03,1.563023659400641918e-03,1.234879493713378906e-01
9.252000000000000000e+03,9.551732800900936127e-04,1.235887706279754639e-01
9.253000000000000000e+03,5.026700091548264027e-04,1.228310316801071167e-01
9.254000000000000000e+03,4.594019264914095402e-04,1.253870278596878052e-01
9.255000000000000000e+03,7.828060188330709934e-04,1.263954341411590576e-01
9.256000000000000000e+03,1.176590565592050552e-03,1.288056373596191406e-01
9.257000000000000000e+03,1.367135206237435341e-03,1.253308355808258057e-01
9.258000000000000000e+03,1.168868504464626312e-03,1.234658583998680115e-01
9.259000000000000000e+03,7.620396791025996208e-04,1.236320585012435913e-01
9.260000000000000000e+03,3.827579203061759472e-04,1.251687258481979370e-01
9.261000000000000000e+03,2.790896687656641006e-04,1.268725693225860596e-01
9.262000000000000000e+03,4.426383238751441240e-04,1.269690394401550293e-01
9.263000000000000000e+03,6.792246713303029537e-04,1.258134245872497559e-01
9.264000000000000000e+03,7.935609319247305393e-04,1.234559118747711182e-01
9.265000000000000000e+03,6.955256685614585876e-04,1.232959106564521790e-01
9.266000000000000000e+03,5.089696496725082397e-04,1.238337010145187378e-01
9.267000000000000000e+03,3.670359728857874870e-04,1.261141151189804077e-01
9.268000000000000000e+03,3.458652645349502563e-04,1.262587010860443115e-01
9.269000000000000000e+03,4.062200314365327358e-04,1.258521825075149536e-01
9.270000000000000000e+03,4.587580624502152205e-04,1.234769076108932495e-01
9.271000000000000000e+03,4.571483004838228226e-04,1.225558966398239136e-01
9.272000000000000000e+03,4.002492059953510761e-04,1.233817413449287415e-01
9.273000000000000000e+03,3.565263468772172928e-04,1.237744167447090149e-01
9.274000000000000000e+03,3.634859458543360233e-04,1.257406026124954224e-01
9.275000000000000000e+03,4.065570537932217121e-04,1.248998567461967468e-01
9.276000000000000000e+03,4.380200989544391632e-04,1.249751150608062744e-01
9.277000000000000000e+03,4.169924941379576921e-04,1.227238997817039490e-01
9.278000000000000000e+03,3.588628023862838745e-04,1.228666976094245911e-01
9.279000000000000000e+03,2.913440694101154804e-04,1.229282394051551819e-01
9.280000000000000000e+03,2.561950532253831625e-04,1.235520988702774048e-01
9.281000000000000000e+03,2.653091796673834324e-04,1.242827028036117554e-01
9.282000000000000000e+03,2.996709372382611036e-04,1.234054416418075562e-01
9.283000000000000000e+03,3.310879692435264587e-04,1.237299144268035889e-01
9.284000000000000000e+03,3.375569358468055725e-04,1.225244551897048950e-01
9.285000000000000000e+03,3.225005348213016987e-04,1.233024075627326965e-01
9.286000000000000000e+03,3.006993210874497890e-04,1.229665428400039673e-01
9.287000000000000000e+03,2.916249795816838741e-04,1.237912848591804504e-01
9.288000000000000000e+03,2.997638948727399111e-04,1.234582215547561646e-01
9.289000000000000000e+03,3.174138255417346954e-04,1.234656423330307007e-01
9.290000000000000000e+03,3.339039976708590984e-04,1.229896321892738342e-01
9.291000000000000000e+03,3.378244000487029552e-04,1.231130957603454590e-01
9.292000000000000000e+03,3.313159104436635971e-04,1.229303628206253052e-01
9.293000000000000000e+03,3.204797976650297642e-04,1.236788257956504822e-01
9.294000000000000000e+03,3.148466930724680424e-04,1.231031864881515503e-01
9.295000000000000000e+03,3.169438568875193596e-04,1.238358244299888611e-01
9.296000000000000000e+03,3.281958634033799171e-04,1.230504363775253296e-01
9.297000000000000000e+03,3.423125599510967731e-04,1.240597367286682129e-01
9.298000000000000000e+03,3.552036650944501162e-04,1.231381371617317200e-01
9.299000000000000000e+03,3.648718702606856823e-04,1.242956519126892090e-01
9.300000000000000000e+03,3.736421058420091867e-04,1.233498305082321167e-01
9.301000000000000000e+03,3.830827190540730953e-04,1.243504360318183899e-01
9.302000000000000000e+03,3.999654727522283792e-04,1.234681010246276855e-01
9.303000000000000000e+03,4.226253367960453033e-04,1.245285496115684509e-01
9.304000000000000000e+03,4.556259082164615393e-04,1.237195432186126709e-01
9.305000000000000000e+03,4.904707311652600765e-04,1.248617619276046753e-01
9.306000000000000000e+03,5.343325319699943066e-04,1.238123327493667603e-01
9.307000000000000000e+03,5.745367961935698986e-04,1.252187192440032959e-01
9.308000000000000000e+03,6.256105261854827404e-04,1.242899671196937561e-01
9.309000000000000000e+03,6.695850170217454433e-04,1.261507719755172729e-01
9.310000000000000000e+03,7.221512496471405029e-04,1.250464469194412231e-01
9.311000000000000000e+03,7.536766352131962776e-04,1.267793625593185425e-01
9.312000000000000000e+03,7.804108317941427231e-04,1.250926107168197632e-01
9.313000000000000000e+03,7.720320136286318302e-04,1.265836805105209351e-01
9.314000000000000000e+03,7.536284974776208401e-04,1.249667406082153320e-01
9.315000000000000000e+03,7.034527370706200600e-04,1.262917816638946533e-01
9.316000000000000000e+03,6.475655245594680309e-04,1.249216422438621521e-01
9.317000000000000000e+03,5.734956357628107071e-04,1.257318705320358276e-01
9.318000000000000000e+03,5.028080195188522339e-04,1.243178471922874451e-01
9.319000000000000000e+03,4.321524756960570812e-04,1.246110424399375916e-01
9.320000000000000000e+03,3.745118156075477600e-04,1.237318292260169983e-01
9.321000000000000000e+03,3.276120987720787525e-04,1.240833178162574768e-01
9.322000000000000000e+03,2.938747929874807596e-04,1.237464994192123413e-01
9.323000000000000000e+03,2.706986269913613796e-04,1.239188387989997864e-01
9.324000000000000000e+03,2.569881326053291559e-04,1.236714124679565430e-01
9.325000000000000000e+03,2.508008619770407677e-04,1.235189586877822876e-01
9.326000000000000000e+03,2.503946307115256786e-04,1.235092952847480774e-01
9.327000000000000000e+03,2.541478024795651436e-04,1.234248727560043335e-01
9.328000000000000000e+03,2.607860951684415340e-04,1.237790957093238831e-01
9.329000000000000000e+03,2.696182345971465111e-04,1.236038506031036377e-01
9.330000000000000000e+03,2.801634254865348339e-04,1.240271031856536865e-01
9.331000000000000000e+03,2.927716705016791821e-04,1.234799101948738098e-01
9.332000000000000000e+03,3.072271938435733318e-04,1.240142509341239929e-01
9.333000000000000000e+03,3.253100439906120300e-04,1.234073564410209656e-01
9.334000000000000000e+03,3.467963542789220810e-04,1.243381053209304810e-01
9.335000000000000000e+03,3.750514879357069731e-04,1.236539185047149658e-01
9.336000000000000000e+03,4.086523549631237984e-04,1.248363777995109558e-01
9.337000000000000000e+03,4.533746105153113604e-04,1.239038109779357910e-01
9.338000000000000000e+03,5.052037304267287254e-04,1.253152489662170410e-01
9.339000000000000000e+03,5.748551338911056519e-04,1.242339462041854858e-01
9.340000000000000000e+03,6.525366334244608879e-04,1.260923594236373901e-01
9.341000000000000000e+03,7.557182689197361469e-04,1.249007880687713623e-01
9.342000000000000000e+03,8.588969358243048191e-04,1.270641386508941650e-01
9.343000000000000000e+03,9.865181054919958115e-04,1.255213916301727295e-01
9.344000000000000000e+03,1.087026554159820080e-03,1.276980340480804443e-01
9.345000000000000000e+03,1.196566154249012470e-03,1.258040368556976318e-01
9.346000000000000000e+03,1.239340868778526783e-03,1.278347820043563843e-01
9.347000000000000000e+03,1.268068910576403141e-03,1.258535832166671753e-01
9.348000000000000000e+03,1.202072366140782833e-03,1.274210214614868164e-01
9.349000000000000000e+03,1.109027769416570663e-03,1.255980134010314941e-01
9.350000000000000000e+03,9.391125058755278587e-04,1.264282613992691040e-01
9.351000000000000000e+03,7.629598258063197136e-04,1.249902322888374329e-01
9.352000000000000000e+03,5.752183496952056885e-04,1.252277046442031860e-01
9.353000000000000000e+03,4.234586085658520460e-04,1.242751032114028931e-01
9.354000000000000000e+03,3.160221385769546032e-04,1.242358237504959106e-01
9.355000000000000000e+03,2.625161432661116123e-04,1.238508149981498718e-01
9.356000000000000000e+03,2.560203720349818468e-04,1.237417832016944885e-01
9.357000000000000000e+03,2.832086465787142515e-04,1.240593269467353821e-01
9.358000000000000000e+03,3.291820175945758820e-04,1.239114850759506226e-01
9.359000000000000000e+03,3.798452962655574083e-04,1.247933506965637207e-01
9.360000000000000000e+03,4.287878400646150112e-04,1.243887394666671753e-01
9.361000000000000000e+03,4.655334050767123699e-04,1.254801899194717407e-01
9.362000000000000000e+03,4.930816940031945705e-04,1.246867850422859192e-01
9.363000000000000000e+03,5.019296659156680107e-04,1.257698386907577515e-01
9.364000000000000000e+03,5.003611440770328045e-04,1.247059628367424011e-01
9.365000000000000000e+03,4.818133893422782421e-04,1.256225407123565674e-01
9.366000000000000000e+03,4.560408997349441051e-04,1.244258135557174683e-01
9.367000000000000000e+03,4.214125219732522964e-04,1.250715106725692749e-01
9.368000000000000000e+03,3.861384175252169371e-04,1.239652857184410095e-01
9.369000000000000000e+03,3.514016862027347088e-04,1.244324967265129089e-01
9.370000000000000000e+03,3.217830962967127562e-04,1.236545965075492859e-01
9.371000000000000000e+03,2.976485120598226786e-04,1.239984333515167236e-01
9.372000000000000000e+03,2.800772199407219887e-04,1.235483437776565552e-01
9.373000000000000000e+03,2.679968602024018764e-04,1.237075701355934143e-01
9.374000000000000000e+03,2.605719200801104307e-04,1.234948486089706421e-01
9.375000000000000000e+03,2.562645822763442993e-04,1.235104203224182129e-01
9.376000000000000000e+03,2.538963744882494211e-04,1.234647929668426514e-01
9.377000000000000000e+03,2.524382434785366058e-04,1.234024092555046082e-01
9.378000000000000000e+03,2.513237996026873589e-04,1.234393790364265442e-01
9.379000000000000000e+03,2.502624120097607374e-04,1.233227699995040894e-01
9.380000000000000000e+03,2.492733183316886425e-04,1.233940124511718750e-01
9.381000000000000000e+03,2.484569267835468054e-04,1.232843995094299316e-01
9.382000000000000000e+03,2.479669929016381502e-04,1.233779042959213257e-01
9.383000000000000000e+03,2.479126851540058851e-04,1.232879012823104858e-01
9.384000000000000000e+03,2.483767457306385040e-04,1.233804300427436829e-01
9.385000000000000000e+03,2.494205255061388016e-04,1.232600733637809753e-01
9.386000000000000000e+03,2.511137863621115685e-04,1.233668178319931030e-01
9.387000000000000000e+03,2.536557731218636036e-04,1.231986656785011292e-01
9.388000000000000000e+03,2.573606907390058041e-04,1.233937442302703857e-01
9.389000000000000000e+03,2.629645459819585085e-04,1.231462359428405762e-01
9.390000000000000000e+03,2.714552683755755424e-04,1.235170066356658936e-01
9.391000000000000000e+03,2.849948359653353691e-04,1.231279671192169189e-01
9.392000000000000000e+03,3.061357419937849045e-04,1.238157600164413452e-01
9.393000000000000000e+03,3.409269265830516815e-04,1.232429370284080505e-01
9.394000000000000000e+03,3.953220439143478870e-04,1.244974881410598755e-01
9.395000000000000000e+03,4.855685401707887650e-04,1.237494051456451416e-01
9.396000000000000000e+03,6.219192291609942913e-04,1.259379833936691284e-01
9.397000000000000000e+03,8.430801099166274071e-04,1.250592768192291260e-01
9.398000000000000000e+03,1.146991504356265068e-03,1.285181045532226562e-01
9.399000000000000000e+03,1.601197756826877594e-03,1.268691271543502808e-01
9.400000000000000000e+03,2.106526168063282967e-03,1.312808394432067871e-01
9.401000000000000000e+03,2.749940846115350723e-03,1.264034062623977661e-01
9.402000000000000000e+03,3.224145621061325073e-03,1.308557391166687012e-01
9.403000000000000000e+03,3.701351583003997803e-03,1.263930052518844604e-01
9.404000000000000000e+03,3.645990276709198952e-03,1.303124874830245972e-01
9.405000000000000000e+03,3.325494006276130676e-03,1.265026330947875977e-01
9.406000000000000000e+03,2.416335744783282280e-03,1.260551065206527710e-01
9.407000000000000000e+03,1.442764769308269024e-03,1.256976127624511719e-01
9.408000000000000000e+03,6.414154777303338051e-04,1.243984326720237732e-01
9.409000000000000000e+03,3.938833542633801699e-04,1.253435611724853516e-01
9.410000000000000000e+03,6.958215381018817425e-04,1.254664510488510132e-01
9.411000000000000000e+03,1.237370306625962257e-03,1.294187456369400024e-01
9.412000000000000000e+03,1.612639287486672401e-03,1.273718774318695068e-01
9.413000000000000000e+03,1.456710160709917545e-03,1.288219839334487915e-01
9.414000000000000000e+03,9.641416836529970169e-04,1.259285956621170044e-01
9.415000000000000000e+03,4.556797211989760399e-04,1.241229027509689331e-01
9.416000000000000000e+03,2.910099574364721775e-04,1.248646602034568787e-01
9.417000000000000000e+03,4.926377441734075546e-04,1.255050748586654663e-01
9.418000000000000000e+03,8.226910722441971302e-04,1.284081637859344482e-01
9.419000000000000000e+03,1.007632003165781498e-03,1.276382654905319214e-01
9.420000000000000000e+03,8.725157240405678749e-04,1.283775866031646729e-01
9.421000000000000000e+03,5.704557406716048717e-04,1.253010183572769165e-01
9.422000000000000000e+03,3.197605255991220474e-04,1.233578845858573914e-01
9.423000000000000000e+03,2.838051877915859222e-04,1.233444958925247192e-01
9.424000000000000000e+03,4.207752645015716553e-04,1.240872889757156372e-01
9.425000000000000000e+03,5.889717140235006809e-04,1.267824918031692505e-01
9.426000000000000000e+03,6.741918623447418213e-04,1.271415203809738159e-01
9.427000000000000000e+03,6.091964314691722393e-04,1.278308928012847900e-01
9.428000000000000000e+03,4.604331334121525288e-04,1.251040995121002197e-01
9.429000000000000000e+03,3.281660610809922218e-04,1.235770583152770996e-01
9.430000000000000000e+03,2.887131704483181238e-04,1.223897114396095276e-01
9.431000000000000000e+03,3.290000604465603828e-04,1.226464509963989258e-01
9.432000000000000000e+03,3.923766198568046093e-04,1.244792044162750244e-01
9.433000000000000000e+03,4.445200611371546984e-04,1.252100318670272827e-01
9.434000000000000000e+03,4.582235706038773060e-04,1.260444223880767822e-01
9.435000000000000000e+03,4.342617467045783997e-04,1.243315413594245911e-01
9.436000000000000000e+03,3.882383462041616440e-04,1.242100819945335388e-01
9.437000000000000000e+03,3.493866533972322941e-04,1.228364109992980957e-01
9.438000000000000000e+03,3.282948164269328117e-04,1.234951242804527283e-01
9.439000000000000000e+03,3.151963464915752411e-04,1.233494058251380920e-01
9.440000000000000000e+03,3.062018076889216900e-04,1.239623427391052246e-01
9.441000000000000000e+03,2.980016288347542286e-04,1.237175166606903076e-01
9.442000000000000000e+03,2.924743457697331905e-04,1.230314075946807861e-01
9.443000000000000000e+03,2.918409591075032949e-04,1.234243363142013550e-01
9.444000000000000000e+03,2.994663664139807224e-04,1.228738427162170410e-01
9.445000000000000000e+03,3.128729877062141895e-04,1.240008920431137085e-01
9.446000000000000000e+03,3.272976609878242016e-04,1.234605684876441956e-01
9.447000000000000000e+03,3.373370855115354061e-04,1.244094818830490112e-01
9.448000000000000000e+03,3.373976796865463257e-04,1.231889948248863220e-01
9.449000000000000000e+03,3.279718803241848946e-04,1.237010806798934937e-01
9.450000000000000000e+03,3.101207548752427101e-04,1.227504611015319824e-01
9.451000000000000000e+03,2.909648464992642403e-04,1.232207491993904114e-01
9.452000000000000000e+03,2.730395062826573849e-04,1.229153200984001160e-01
9.453000000000000000e+03,2.600648440420627594e-04,1.234737336635589600e-01
9.454000000000000000e+03,2.535638050176203251e-04,1.233906745910644531e-01
9.455000000000000000e+03,2.526056778151541948e-04,1.232601404190063477e-01
9.456000000000000000e+03,2.545783936511725187e-04,1.232256665825843811e-01
9.457000000000000000e+03,2.570734941400587559e-04,1.229760199785232544e-01
9.458000000000000000e+03,2.588115166872739792e-04,1.231495067477226257e-01
9.459000000000000000e+03,2.585873298812657595e-04,1.230087280273437500e-01
9.460000000000000000e+03,2.568589989095926285e-04,1.234098747372627258e-01
9.461000000000000000e+03,2.544883172959089279e-04,1.231431066989898682e-01
9.462000000000000000e+03,2.525737509131431580e-04,1.232914179563522339e-01
9.463000000000000000e+03,2.518761903047561646e-04,1.229646950960159302e-01
9.464000000000000000e+03,2.528514305595308542e-04,1.232035607099533081e-01
9.465000000000000000e+03,2.553682716097682714e-04,1.230638474225997925e-01
9.466000000000000000e+03,2.589620416983962059e-04,1.234962344169616699e-01
9.467000000000000000e+03,2.633244439493864775e-04,1.233581602573394775e-01
9.468000000000000000e+03,2.678391465451568365e-04,1.235806047916412354e-01
9.469000000000000000e+03,2.724186051636934280e-04,1.231804266571998596e-01
9.470000000000000000e+03,2.769361599348485470e-04,1.234689056873321533e-01
9.471000000000000000e+03,2.824531984515488148e-04,1.230033114552497864e-01
9.472000000000000000e+03,2.890516479965299368e-04,1.236360147595405579e-01
9.473000000000000000e+03,2.984174061566591263e-04,1.232831627130508423e-01
9.474000000000000000e+03,3.105839132331311703e-04,1.241062283515930176e-01
9.475000000000000000e+03,3.275353228673338890e-04,1.233939379453659058e-01
9.476000000000000000e+03,3.488243964966386557e-04,1.243270710110664368e-01
9.477000000000000000e+03,3.778602986130863428e-04,1.233733370900154114e-01
9.478000000000000000e+03,4.141586541663855314e-04,1.247545257210731506e-01
9.479000000000000000e+03,4.632563795894384384e-04,1.238265857100486755e-01
9.480000000000000000e+03,5.223334301263093948e-04,1.257565468549728394e-01
9.481000000000000000e+03,5.973356892354786396e-04,1.246323511004447937e-01
9.482000000000000000e+03,6.769130122847855091e-04,1.267169713973999023e-01
9.483000000000000000e+03,7.662397110834717751e-04,1.252249181270599365e-01
9.484000000000000000e+03,8.423909312114119530e-04,1.274394392967224121e-01
9.485000000000000000e+03,9.132114937528967857e-04,1.257541924715042114e-01
9.486000000000000000e+03,9.437758708372712135e-04,1.279135942459106445e-01
9.487000000000000000e+03,9.493009420111775398e-04,1.259753555059432983e-01
9.488000000000000000e+03,8.956300443969666958e-04,1.273655742406845093e-01
9.489000000000000000e+03,8.170138462446630001e-04,1.253502815961837769e-01
9.490000000000000000e+03,7.024744409136474133e-04,1.259898096323013306e-01
9.491000000000000000e+03,5.930237821303308010e-04,1.244788989424705505e-01
9.492000000000000000e+03,4.871947458013892174e-04,1.247512623667716980e-01
9.493000000000000000e+03,4.050853895023465157e-04,1.239756718277931213e-01
9.494000000000000000e+03,3.415972460061311722e-04,1.239079982042312622e-01
9.495000000000000000e+03,2.990199718624353409e-04,1.236887127161026001e-01
9.496000000000000000e+03,2.725997765082865953e-04,1.234419718384742737e-01
9.497000000000000000e+03,2.601482847239822149e-04,1.237206310033798218e-01
9.498000000000000000e+03,2.589129435364156961e-04,1.234715655446052551e-01
9.499000000000000000e+03,2.672421978786587715e-04,1.240393519401550293e-01
9.500000000000000000e+03,2.832225873135030270e-04,1.236820369958877563e-01
9.501000000000000000e+03,3.046831698156893253e-04,1.242955774068832397e-01
9.502000000000000000e+03,3.302465484011918306e-04,1.237879171967506409e-01
9.503000000000000000e+03,3.565720107872039080e-04,1.244677603244781494e-01
9.504000000000000000e+03,3.845932369586080313e-04,1.239086687564849854e-01
9.505000000000000000e+03,4.098378412891179323e-04,1.246868818998336792e-01
9.506000000000000000e+03,4.363052139524370432e-04,1.240584403276443481e-01
9.507000000000000000e+03,4.579083179123699665e-04,1.248952671885490417e-01
9.508000000000000000e+03,4.816116124857217073e-04,1.241273134946823120e-01
9.509000000000000000e+03,4.995454219169914722e-04,1.250671744346618652e-01
9.510000000000000000e+03,5.214358679950237274e-04,1.242101863026618958e-01
9.511000000000000000e+03,5.371479201130568981e-04,1.252846419811248779e-01
9.512000000000000000e+03,5.582663579843938351e-04,1.243647038936614990e-01
9.513000000000000000e+03,5.719694308936595917e-04,1.255399435758590698e-01
9.514000000000000000e+03,5.911033949814736843e-04,1.245253831148147583e-01
9.515000000000000000e+03,6.004188326187431812e-04,1.257240176200866699e-01
9.516000000000000000e+03,6.140939658507704735e-04,1.246266290545463562e-01
9.517000000000000000e+03,6.155988667160272598e-04,1.257934719324111938e-01
9.518000000000000000e+03,6.203716620802879333e-04,1.246721222996711731e-01
9.519000000000000000e+03,6.118851597420871258e-04,1.257738322019577026e-01
9.520000000000000000e+03,6.059550796635448933e-04,1.246731579303741455e-01
9.521000000000000000e+03,5.872910842299461365e-04,1.256516277790069580e-01
9.522000000000000000e+03,5.711389821954071522e-04,1.245908737182617188e-01
9.523000000000000000e+03,5.447276053018867970e-04,1.254165321588516235e-01
9.524000000000000000e+03,5.217948346398770809e-04,1.244355589151382446e-01
9.525000000000000000e+03,4.924821550957858562e-04,1.251351982355117798e-01
9.526000000000000000e+03,4.678285040426999331e-04,1.242813020944595337e-01
9.527000000000000000e+03,4.404246574267745018e-04,1.248797997832298279e-01
9.528000000000000000e+03,4.181782715022563934e-04,1.241359710693359375e-01
9.529000000000000000e+03,3.955937572754919529e-04,1.246466264128684998e-01
9.530000000000000000e+03,3.779457183554768562e-04,1.239914894104003906e-01
9.531000000000000000e+03,3.612735308706760406e-04,1.244578212499618530e-01
9.532000000000000000e+03,3.490253875497728586e-04,1.238824054598808289e-01
9.533000000000000000e+03,3.383138100616633892e-04,1.243506669998168945e-01
9.534000000000000000e+03,3.314827044960111380e-04,1.238079518079757690e-01
9.535000000000000000e+03,3.263312100898474455e-04,1.242944225668907166e-01
9.536000000000000000e+03,3.247506974730640650e-04,1.237412840127944946e-01
9.537000000000000000e+03,3.250359441153705120e-04,1.242890879511833191e-01
9.538000000000000000e+03,3.291621105745434761e-04,1.237140819430351257e-01
9.539000000000000000e+03,3.357188834343105555e-04,1.243873238563537598e-01
9.540000000000000000e+03,3.471942036412656307e-04,1.237562969326972961e-01
9.541000000000000000e+03,3.621976065915077925e-04,1.245858222246170044e-01
9.542000000000000000e+03,3.844960010610520840e-04,1.238567009568214417e-01
9.543000000000000000e+03,4.123116668779402971e-04,1.249021813273429871e-01
9.544000000000000000e+03,4.517782945185899734e-04,1.240738779306411743e-01
9.545000000000000000e+03,4.994879127480089664e-04,1.254352182149887085e-01
9.546000000000000000e+03,5.654646083712577820e-04,1.245089992880821228e-01
9.547000000000000000e+03,6.409142515622079372e-04,1.262202709913253784e-01
9.548000000000000000e+03,7.411334081552922726e-04,1.251398921012878418e-01
9.549000000000000000e+03,8.441266836598515511e-04,1.271175146102905273e-01
9.550000000000000000e+03,9.721526876091957092e-04,1.257649213075637817e-01
9.551000000000000000e+03,1.080130110494792461e-03,1.277796477079391479e-01
9.552000000000000000e+03,1.202280633151531219e-03,1.260635405778884888e-01
9.553000000000000000e+03,1.269346685148775578e-03,1.277520060539245605e-01
9.554000000000000000e+03,1.337047666311264038e-03,1.259292662143707275e-01
9.555000000000000000e+03,1.327319419942796230e-03,1.270027756690979004e-01
9.556000000000000000e+03,1.315275672823190689e-03,1.255961358547210693e-01
9.557000000000000000e+03,1.229964662343263626e-03,1.259097307920455933e-01
9.558000000000000000e+03,1.145447953604161739e-03,1.251005679368972778e-01
9.559000000000000000e+03,1.003120793029665947e-03,1.246471852064132690e-01
9.560000000000000000e+03,8.631536038592457771e-04,1.243995949625968933e-01
9.561000000000000000e+03,6.885419134050607681e-04,1.235796064138412476e-01
9.562000000000000000e+03,5.331502761691808701e-04,1.239165961742401123e-01
9.563000000000000000e+03,3.980463952757418156e-04,1.233636066317558289e-01
9.564000000000000000e+03,3.230652073398232460e-04,1.243062689900398254e-01
9.565000000000000000e+03,3.136701416224241257e-04,1.241838485002517700e-01
9.566000000000000000e+03,3.632022126112133265e-04,1.252792328596115112e-01
9.567000000000000000e+03,4.465481033548712730e-04,1.249183937907218933e-01
9.568000000000000000e+03,5.260983016341924667e-04,1.254677176475524902e-01
9.569000000000000000e+03,5.832806346006691456e-04,1.247894689440727234e-01
9.570000000000000000e+03,5.912280175834894180e-04,1.250163912773132324e-01
9.571000000000000000e+03,5.633555119857192039e-04,1.245675086975097656e-01
9.572000000000000000e+03,4.972761962562799454e-04,1.248633041977882385e-01
9.573000000000000000e+03,4.220628761686384678e-04,1.243656203150749207e-01
9.574000000000000000e+03,3.481982566881924868e-04,1.243981420993804932e-01
9.575000000000000000e+03,2.936324453912675381e-04,1.238028779625892639e-01
9.576000000000000000e+03,2.626815694384276867e-04,1.238339692354202271e-01
9.577000000000000000e+03,2.546911709941923618e-04,1.234694421291351318e-01
9.578000000000000000e+03,2.632839605212211609e-04,1.237376183271408081e-01
9.579000000000000000e+03,2.798371715471148491e-04,1.235610172152519226e-01
9.580000000000000000e+03,2.976447285618633032e-04,1.236917972564697266e-01
9.581000000000000000e+03,3.108468954451382160e-04,1.235952451825141907e-01
9.582000000000000000e+03,3.192533913534134626e-04,1.234981939196586609e-01
9.583000000000000000e+03,3.218444762751460075e-04,1.236496791243553162e-01
9.584000000000000000e+03,3.232224262319505215e-04,1.234345808625221252e-01
9.585000000000000000e+03,3.249127476010471582e-04,1.239306926727294922e-01
9.586000000000000000e+03,3.321654512546956539e-04,1.234954893589019775e-01
9.587000000000000000e+03,3.455989353824406862e-04,1.243678331375122070e-01
9.588000000000000000e+03,3.699196095112711191e-04,1.236470937728881836e-01
9.589000000000000000e+03,4.037459148094058037e-04,1.249312385916709900e-01
9.590000000000000000e+03,4.527732089627534151e-04,1.239537000656127930e-01
9.591000000000000000e+03,5.138828419148921967e-04,1.257397234439849854e-01
9.592000000000000000e+03,5.946840392425656319e-04,1.245346143841743469e-01
9.593000000000000000e+03,6.873719394207000732e-04,1.268374472856521606e-01
9.594000000000000000e+03,7.997241336852312088e-04,1.254262179136276245e-01
9.595000000000000000e+03,9.100909228436648846e-04,1.280677616596221924e-01
9.596000000000000000e+03,1.023291843011975288e-03,1.263080835342407227e-01
9.597000000000000000e+03,1.095805433578789234e-03,1.287562847137451172e-01
9.598000000000000000e+03,1.139910891652107239e-03,1.265017688274383545e-01
9.599000000000000000e+03,1.107983873225748539e-03,1.281452625989913940e-01
9.600000000000000000e+03,1.045703422278165817e-03,1.258767098188400269e-01
9.601000000000000000e+03,9.288998553529381752e-04,1.266478747129440308e-01
9.602000000000000000e+03,8.209309307858347893e-04,1.250378042459487915e-01
9.603000000000000000e+03,7.075945613905787468e-04,1.251432895660400391e-01
9.604000000000000000e+03,6.245641270652413368e-04,1.243405640125274658e-01
9.605000000000000000e+03,5.503311986103653908e-04,1.239825561642646790e-01
9.606000000000000000e+03,4.926840192638337612e-04,1.238809004426002502e-01
9.607000000000000000e+03,4.325342015363276005e-04,1.234517693519592285e-01
9.608000000000000000e+03,3.769609029404819012e-04,1.237854287028312683e-01
9.609000000000000000e+03,3.229801077395677567e-04,1.234955564141273499e-01
9.610000000000000000e+03,2.825524425134062767e-04,1.239426359534263611e-01
9.611000000000000000e+03,2.600300358608365059e-04,1.237450093030929565e-01
9.612000000000000000e+03,2.587377093732357025e-04,1.240878775715827942e-01
9.613000000000000000e+03,2.759394701570272446e-04,1.239209324121475220e-01
9.614000000000000000e+03,3.051757812500000000e-04,1.240827888250350952e-01
9.615000000000000000e+03,3.400059067644178867e-04,1.239267811179161072e-01
9.616000000000000000e+03,3.722995752468705177e-04,1.240572780370712280e-01
9.617000000000000000e+03,4.009145195595920086e-04,1.238767579197883606e-01
9.618000000000000000e+03,4.204841970931738615e-04,1.241964474320411682e-01
9.619000000000000000e+03,4.374931158963590860e-04,1.239064857363700867e-01
9.620000000000000000e+03,4.486179095692932606e-04,1.244969666004180908e-01
9.621000000000000000e+03,4.640078986994922161e-04,1.240056529641151428e-01
9.622000000000000000e+03,4.788661608472466469e-04,1.249197721481323242e-01
9.623000000000000000e+03,5.033289780840277672e-04,1.242255344986915588e-01
9.624000000000000000e+03,5.282738711684942245e-04,1.254789978265762329e-01
9.625000000000000000e+03,5.634931148961186409e-04,1.245773211121559143e-01
9.626000000000000000e+03,5.945872981101274490e-04,1.260077804327011108e-01
9.627000000000000000e+03,6.323889829218387604e-04,1.248688772320747375e-01
9.628000000000000000e+03,6.586881354451179504e-04,1.263017803430557251e-01
9.629000000000000000e+03,6.875689141452312469e-04,1.250179260969161987e-01
9.630000000000000000e+03,6.992124835960566998e-04,1.263971775770187378e-01
9.631000000000000000e+03,7.120335940271615982e-04,1.250915676355361938e-01
9.632000000000000000e+03,7.053511217236518860e-04,1.262913793325424194e-01
9.633000000000000000e+03,7.011269335635006428e-04,1.250126957893371582e-01
9.634000000000000000e+03,6.795310182496905327e-04,1.259030848741531372e-01
9.635000000000000000e+03,6.636601174250245094e-04,1.247729957103729248e-01
9.636000000000000000e+03,6.354450597427785397e-04,1.254350692033767700e-01
9.637000000000000000e+03,6.148903630673885345e-04,1.245459839701652527e-01
9.638000000000000000e+03,5.850177258253097534e-04,1.250583082437515259e-01
9.639000000000000000e+03,5.613103276118636131e-04,1.243580654263496399e-01
9.640000000000000000e+03,5.292359273880720139e-04,1.247329264879226685e-01
9.641000000000000000e+03,5.012300098314881325e-04,1.241801232099533081e-01
9.642000000000000000e+03,4.671788774430751801e-04,1.245417520403862000e-01
9.643000000000000000e+03,4.371896502561867237e-04,1.240883544087409973e-01
9.644000000000000000e+03,4.054731107316911221e-04,1.245057880878448486e-01
9.645000000000000000e+03,3.793701180256903172e-04,1.240393966436386108e-01
9.646000000000000000e+03,3.555296279955655336e-04,1.244725957512855530e-01
9.647000000000000000e+03,3.381309797987341881e-04,1.239341944456100464e-01
9.648000000000000000e+03,3.246315754950046539e-04,1.244220882654190063e-01
9.649000000000000000e+03,3.167255490552634001e-04,1.238278374075889587e-01
9.650000000000000000e+03,3.121191693935543299e-04,1.244171559810638428e-01
9.651000000000000000e+03,3.111787373200058937e-04,1.237612664699554443e-01
9.652000000000000000e+03,3.121524932794272900e-04,1.244115978479385376e-01
9.653000000000000000e+03,3.151913406327366829e-04,1.236839592456817627e-01
9.654000000000000000e+03,3.195059834979474545e-04,1.243955716490745544e-01
9.655000000000000000e+03,3.256885393057018518e-04,1.236276999115943909e-01
9.656000000000000000e+03,3.338162496220320463e-04,1.244578659534454346e-01
9.657000000000000000e+03,3.454101679380983114e-04,1.236660256981849670e-01
9.658000000000000000e+03,3.608951228670775890e-04,1.246397942304611206e-01
9.659000000000000000e+03,3.835314128082245588e-04,1.238032132387161255e-01
9.660000000000000000e+03,4.134179907850921154e-04,1.249594539403915405e-01
9.661000000000000000e+03,4.570507735479623079e-04,1.240751147270202637e-01
9.662000000000000000e+03,5.127263139002025127e-04,1.255069226026535034e-01
9.663000000000000000e+03,5.927803576923906803e-04,1.245665252208709717e-01
9.664000000000000000e+03,6.891885423101484776e-04,1.263358294963836670e-01
9.665000000000000000e+03,8.237304864451289177e-04,1.252568811178207397e-01
9.666000000000000000e+03,9.707523277029395103e-04,1.272745281457901001e-01
9.667000000000000000e+03,1.166301546618342400e-03,1.258404701948165894e-01
9.668000000000000000e+03,1.349325641058385372e-03,1.278702169656753540e-01
9.669000000000000000e+03,1.578292693011462688e-03,1.259888857603073120e-01
9.670000000000000000e+03,1.740757026709616184e-03,1.277700960636138916e-01
9.671000000000000000e+03,1.922675408422946930e-03,1.259325593709945679e-01
9.672000000000000000e+03,1.955987652763724327e-03,1.271950304508209229e-01
9.673000000000000000e+03,1.946434495039284229e-03,1.258090883493423462e-01
9.674000000000000000e+03,1.717997714877128601e-03,1.261253952980041504e-01
9.675000000000000000e+03,1.411467208527028561e-03,1.252038329839706421e-01
9.676000000000000000e+03,9.756912477314472198e-04,1.247886493802070618e-01
9.677000000000000000e+03,5.882845725864171982e-04,1.244242712855339050e-01
9.678000000000000000e+03,3.245380648877471685e-04,1.241289526224136353e-01
9.679000000000000000e+03,2.572580415289849043e-04,1.245294287800788879e-01
9.680000000000000000e+03,3.629448474384844303e-04,1.244956254959106445e-01
9.681000000000000000e+03,5.509322509169578552e-04,1.254296600818634033e-01
9.682000000000000000e+03,7.218793034553527832e-04,1.250620633363723755e-01
9.683000000000000000e+03,7.784987101331353188e-04,1.259925961494445801e-01
9.684000000000000000e+03,7.273043156601488590e-04,1.253483146429061890e-01
9.685000000000000000e+03,5.807389970868825912e-04,1.260840892791748047e-01
9.686000000000000000e+03,4.275774699635803699e-04,1.253742575645446777e-01
9.687000000000000000e+03,3.198566846549510956e-04,1.255874931812286377e-01
9.688000000000000000e+03,2.883700071834027767e-04,1.245438903570175171e-01
9.689000000000000000e+03,3.191230935044586658e-04,1.241956129670143127e-01
9.690000000000000000e+03,3.711254685185849667e-04,1.234400495886802673e-01
9.691000000000000000e+03,4.100902879144996405e-04,1.234408840537071228e-01
9.692000000000000000e+03,4.130250890739262104e-04,1.240364611148834229e-01
9.693000000000000000e+03,3.942170296795666218e-04,1.241003572940826416e-01
9.694000000000000000e+03,3.676178166642785072e-04,1.251199543476104736e-01
9.695000000000000000e+03,3.540939360391348600e-04,1.244571954011917114e-01
9.696000000000000000e+03,3.563844365999102592e-04,1.251503527164459229e-01
9.697000000000000000e+03,3.717486688401550055e-04,1.239371746778488159e-01
9.698000000000000000e+03,3.913610707968473434e-04,1.247490793466567993e-01
9.699000000000000000e+03,3.994923899881541729e-04,1.234743744134902954e-01
9.700000000000000000e+03,3.944780328311026096e-04,1.243059709668159485e-01
9.701000000000000000e+03,3.684280673041939735e-04,1.232127547264099121e-01
9.702000000000000000e+03,3.351671330165117979e-04,1.238153427839279175e-01
9.703000000000000000e+03,3.004116297233849764e-04,1.231207177042961121e-01
9.704000000000000000e+03,2.762492804322391748e-04,1.236090958118438721e-01
9.705000000000000000e+03,2.664269995875656605e-04,1.232792660593986511e-01
9.706000000000000000e+03,2.695098519325256348e-04,1.235774382948875427e-01
9.707000000000000000e+03,2.805672702379524708e-04,1.234575808048248291e-01
9.708000000000000000e+03,2.926505985669791698e-04,1.234727874398231506e-01
9.709000000000000000e+03,3.017958661075681448e-04,1.233026757836341858e-01
9.710000000000000000e+03,3.047515929210931063e-04,1.233533993363380432e-01
9.711000000000000000e+03,3.038251015823334455e-04,1.230956092476844788e-01
9.712000000000000000e+03,3.006498445756733418e-04,1.234734877943992615e-01
9.713000000000000000e+03,3.007007471751421690e-04,1.230790391564369202e-01
9.714000000000000000e+03,3.065463097300380468e-04,1.238133907318115234e-01
9.715000000000000000e+03,3.232293820474296808e-04,1.231947690248489380e-01
9.716000000000000000e+03,3.515004646033048630e-04,1.244023293256759644e-01
9.717000000000000000e+03,3.963389608543366194e-04,1.235333010554313660e-01
9.718000000000000000e+03,4.571527824737131596e-04,1.253185719251632690e-01
9.719000000000000000e+03,5.418230430223047733e-04,1.242365092039108276e-01
9.720000000000000000e+03,6.461729644797742367e-04,1.265871524810791016e-01
9.721000000000000000e+03,7.813565316610038280e-04,1.253113448619842529e-01
9.722000000000000000e+03,9.269475704059004784e-04,1.281161308288574219e-01
9.723000000000000000e+03,1.093694241717457771e-03,1.264636218547821045e-01
9.724000000000000000e+03,1.224016421474516392e-03,1.292898654937744141e-01
9.725000000000000000e+03,1.337398076429963112e-03,1.267895549535751343e-01
9.726000000000000000e+03,1.348569523543119431e-03,1.287967413663864136e-01
9.727000000000000000e+03,1.322777126915752888e-03,1.261937171220779419e-01
9.728000000000000000e+03,1.195085700601339340e-03,1.271604746580123901e-01
9.729000000000000000e+03,1.056005014106631279e-03,1.254547238349914551e-01
9.730000000000000000e+03,8.699691388756036758e-04,1.256063282489776611e-01
9.731000000000000000e+03,6.992865819483995438e-04,1.245351135730743408e-01
9.732000000000000000e+03,5.304946098476648331e-04,1.240713894367218018e-01
9.733000000000000000e+03,3.962627379223704338e-04,1.237719953060150146e-01
9.734000000000000000e+03,3.008628264069557190e-04,1.234466508030891418e-01
9.735000000000000000e+03,2.574110985733568668e-04,1.239283233880996704e-01
9.736000000000000000e+03,2.654533018358051777e-04,1.238900125026702881e-01
9.737000000000000000e+03,3.145172377116978168e-04,1.246235743165016174e-01
9.738000000000000000e+03,3.860016004182398319e-04,1.243782043457031250e-01
9.739000000000000000e+03,4.549009609036147594e-04,1.250838190317153931e-01
9.740000000000000000e+03,5.090445047244429588e-04,1.245972588658332825e-01
9.741000000000000000e+03,5.298430914990603924e-04,1.253198832273483276e-01
9.742000000000000000e+03,5.271860281936824322e-04,1.247208192944526672e-01
9.743000000000000000e+03,4.957290948368608952e-04,1.253790855407714844e-01
9.744000000000000000e+03,4.552396421786397696e-04,1.245445236563682556e-01
9.745000000000000000e+03,4.072862793691456318e-04,1.250571608543395996e-01
9.746000000000000000e+03,3.656942280940711498e-04,1.241107806563377380e-01
9.747000000000000000e+03,3.308943123556673527e-04,1.245127022266387939e-01
9.748000000000000000e+03,3.055549750570207834e-04,1.236756518483161926e-01
9.749000000000000000e+03,2.873660414479672909e-04,1.240434274077415466e-01
9.750000000000000000e+03,2.735909656621515751e-04,1.234323754906654358e-01
9.751000000000000000e+03,2.628416405059397221e-04,1.236751675605773926e-01
9.752000000000000000e+03,2.537571999710053205e-04,1.233812868595123291e-01
9.753000000000000000e+03,2.470912295393645763e-04,1.234420463442802429e-01
9.754000000000000000e+03,2.433642221149057150e-04,1.234596595168113708e-01
9.755000000000000000e+03,2.433630870655179024e-04,1.233201026916503906e-01
9.756000000000000000e+03,2.472350606694817543e-04,1.236201822757720947e-01
9.757000000000000000e+03,2.547804324422031641e-04,1.232615932822227478e-01
9.758000000000000000e+03,2.653935225680470467e-04,1.238325387239456177e-01
9.759000000000000000e+03,2.788680722005665302e-04,1.232883557677268982e-01
9.760000000000000000e+03,2.950354246422648430e-04,1.240719556808471680e-01
9.761000000000000000e+03,3.150591510348021984e-04,1.233687326312065125e-01
9.762000000000000000e+03,3.399683337192982435e-04,1.244029700756072998e-01
9.763000000000000000e+03,3.736450744327157736e-04,1.235580518841743469e-01
9.764000000000000000e+03,4.175603971816599369e-04,1.249310076236724854e-01
9.765000000000000000e+03,4.804779891856014729e-04,1.240104734897613525e-01
9.766000000000000000e+03,5.611146916635334492e-04,1.257953047752380371e-01
9.767000000000000000e+03,6.760164396837353706e-04,1.247515901923179626e-01
9.768000000000000000e+03,8.116407552734017372e-04,1.269805282354354858e-01
9.769000000000000000e+03,9.955571731552481651e-04,1.256722360849380493e-01
9.770000000000000000e+03,1.180721446871757507e-03,1.281704306602478027e-01
9.771000000000000000e+03,1.408934127539396286e-03,1.262721270322799683e-01
9.772000000000000000e+03,1.577100018039345741e-03,1.285638213157653809e-01
9.773000000000000000e+03,1.752437558025121689e-03,1.261970400810241699e-01
9.774000000000000000e+03,1.785684493370354176e-03,1.279309540987014771e-01
9.775000000000000000e+03,1.777361612766981125e-03,1.260608583688735962e-01
9.776000000000000000e+03,1.585107413120567799e-03,1.269605010747909546e-01
9.777000000000000000e+03,1.334888394922018051e-03,1.255839318037033081e-01
9.778000000000000000e+03,9.786484297364950180e-04,1.253329664468765259e-01
9.779000000000000000e+03,6.495743291452527046e-04,1.245492622256278992e-01
9.780000000000000000e+03,3.894079127348959446e-04,1.239787265658378601e-01
9.781000000000000000e+03,2.641317551024258137e-04,1.240858882665634155e-01
9.782000000000000000e+03,2.782078518066555262e-04,1.239359229803085327e-01
9.783000000000000000e+03,3.948370285797864199e-04,1.250566542148590088e-01
9.784000000000000000e+03,5.519011756405234337e-04,1.250034868717193604e-01
9.785000000000000000e+03,6.717515643686056137e-04,1.264146566390991211e-01
9.786000000000000000e+03,7.233004434965550900e-04,1.256034672260284424e-01
9.787000000000000000e+03,6.722080870531499386e-04,1.263234317302703857e-01
9.788000000000000000e+03,5.646310164593160152e-04,1.253684610128402710e-01
9.789000000000000000e+03,4.303611058276146650e-04,1.256224066019058228e-01
9.790000000000000000e+03,3.247475542593747377e-04,1.247875094413757324e-01
9.791000000000000000e+03,2.700765617191791534e-04,1.246799603104591370e-01
9.792000000000000000e+03,2.675818104762583971e-04,1.238853931427001953e-01
9.793000000000000000e+03,2.992686931975185871e-04,1.235919073224067688e-01
9.794000000000000000e+03,3.402076545171439648e-04,1.236858591437339783e-01
9.795000000000000000e+03,3.749008756130933762e-04,1.236797422170639038e-01
9.796000000000000000e+03,3.929919912479817867e-04,1.246544420719146729e-01
9.797000000000000000e+03,4.008073010481894016e-04,1.244103610515594482e-01
9.798000000000000000e+03,3.978972090408205986e-04,1.252905577421188354e-01
9.799000000000000000e+03,3.934863198082894087e-04,1.244362220168113708e-01
9.800000000000000000e+03,3.869716892950236797e-04,1.252167373895645142e-01
9.801000000000000000e+03,3.829136257991194725e-04,1.240524649620056152e-01
9.802000000000000000e+03,3.796127857640385628e-04,1.248375922441482544e-01
9.803000000000000000e+03,3.738984523806720972e-04,1.236038431525230408e-01
9.804000000000000000e+03,3.654398606158792973e-04,1.242874264717102051e-01
9.805000000000000000e+03,3.494040865916758776e-04,1.231897696852684021e-01
9.806000000000000000e+03,3.302301047369837761e-04,1.238720417022705078e-01
9.807000000000000000e+03,3.073549014516174793e-04,1.231509447097778320e-01
9.808000000000000000e+03,2.868605661205947399e-04,1.238026022911071777e-01
9.809000000000000000e+03,2.706068044062703848e-04,1.233389601111412048e-01
9.810000000000000000e+03,2.607635688036680222e-04,1.237282678484916687e-01
9.811000000000000000e+03,2.574230311438441277e-04,1.233868300914764404e-01
9.812000000000000000e+03,2.592245291452854872e-04,1.235178634524345398e-01
9.813000000000000000e+03,2.646367647685110569e-04,1.232553273439407349e-01
9.814000000000000000e+03,2.715176378842443228e-04,1.233745291829109192e-01
9.815000000000000000e+03,2.791067527141422033e-04,1.231588870286941528e-01
9.816000000000000000e+03,2.862103865481913090e-04,1.234117373824119568e-01
9.817000000000000000e+03,2.942318969871848822e-04,1.231718286871910095e-01
9.818000000000000000e+03,3.034414257854223251e-04,1.236007362604141235e-01
9.819000000000000000e+03,3.174103621859103441e-04,1.232385635375976562e-01
9.820000000000000000e+03,3.371959610376507044e-04,1.240294352173805237e-01
9.821000000000000000e+03,3.689270815812051296e-04,1.234560310840606689e-01
9.822000000000000000e+03,4.133513139095157385e-04,1.247565373778343201e-01
9.823000000000000000e+03,4.812011029571294785e-04,1.239806413650512695e-01
9.824000000000000000e+03,5.698443856090307236e-04,1.259057372808456421e-01
9.825000000000000000e+03,6.964924978092312813e-04,1.249428912997245789e-01
9.826000000000000000e+03,8.441762765869498253e-04,1.275743246078491211e-01
9.827000000000000000e+03,1.033177948556840420e-03,1.262631416320800781e-01
9.828000000000000000e+03,1.206979155540466309e-03,1.293154656887054443e-01
9.829000000000000000e+03,1.384323113597929478e-03,1.271303147077560425e-01
9.830000000000000000e+03,1.459513092413544655e-03,1.296923011541366577e-01
9.831000000000000000e+03,1.480097300373017788e-03,1.268522441387176514e-01
9.832000000000000000e+03,1.354618230834603310e-03,1.282075345516204834e-01
9.833000000000000000e+03,1.186178647913038731e-03,1.260396689176559448e-01
9.834000000000000000e+03,9.474278194829821587e-04,1.263018846511840820e-01
9.835000000000000000e+03,7.330647786147892475e-04,1.249596551060676575e-01
9.836000000000000000e+03,5.431058816611766815e-04,1.243182048201560974e-01
9.837000000000000000e+03,4.135069320909678936e-04,1.239348351955413818e-01
9.838000000000000000e+03,3.361988929100334644e-04,1.232200711965560913e-01
9.839000000000000000e+03,3.113333950750529766e-04,1.240646913647651672e-01
9.840000000000000000e+03,3.281180979683995247e-04,1.237692311406135559e-01
9.841000000000000000e+03,3.798601392190903425e-04,1.252852529287338257e-01
9.842000000000000000e+03,4.514323663897812366e-04,1.249887570738792419e-01
9.843000000000000000e+03,5.203827167861163616e-04,1.262505501508712769e-01
9.844000000000000000e+03,5.736956372857093811e-04,1.253475993871688843e-01
9.845000000000000000e+03,5.878517404198646545e-04,1.258815079927444458e-01
9.846000000000000000e+03,5.743814399465918541e-04,1.249434351921081543e-01
9.847000000000000000e+03,5.261087790131568909e-04,1.250891983509063721e-01
9.848000000000000000e+03,4.663657164201140404e-04,1.245230361819267273e-01
9.849000000000000000e+03,3.977537853643298149e-04,1.244389265775680542e-01
9.850000000000000000e+03,3.370154881849884987e-04,1.239762529730796814e-01
9.851000000000000000e+03,2.877067308872938156e-04,1.236573606729507446e-01
9.852000000000000000e+03,2.553436206653714180e-04,1.235287189483642578e-01
9.853000000000000000e+03,2.397620119154453278e-04,1.233777850866317749e-01
9.854000000000000000e+03,2.392359165241941810e-04,1.236686632037162781e-01
9.855000000000000000e+03,2.504980948287993670e-04,1.236256733536720276e-01
9.856000000000000000e+03,2.696778101380914450e-04,1.239774376153945923e-01
9.857000000000000000e+03,2.935847151093184948e-04,1.237006708979606628e-01
9.858000000000000000e+03,3.187682596035301685e-04,1.240959316492080688e-01
9.859000000000000000e+03,3.453888639342039824e-04,1.236582323908805847e-01
9.860000000000000000e+03,3.707261639647185802e-04,1.242540478706359863e-01
9.861000000000000000e+03,3.989975957665592432e-04,1.237837821245193481e-01
9.862000000000000000e+03,4.266024043317884207e-04,1.246118396520614624e-01
9.863000000000000000e+03,4.607525770552456379e-04,1.240127161145210266e-01
9.864000000000000000e+03,4.947602283209562302e-04,1.250851601362228394e-01
9.865000000000000000e+03,5.385591066442430019e-04,1.243443414568901062e-01
9.866000000000000000e+03,5.803232779726386070e-04,1.256646215915679932e-01
9.867000000000000000e+03,6.331112817861139774e-04,1.247455403208732605e-01
9.868000000000000000e+03,6.776266964152455330e-04,1.262227594852447510e-01
9.869000000000000000e+03,7.308052736334502697e-04,1.250831037759780884e-01
9.870000000000000000e+03,7.652349304407835007e-04,1.265808492898941040e-01
9.871000000000000000e+03,8.030207827687263489e-04,1.252872198820114136e-01
9.872000000000000000e+03,8.112245122902095318e-04,1.266866475343704224e-01
9.873000000000000000e+03,8.172497618943452835e-04,1.253371238708496094e-01
9.874000000000000000e+03,7.883344078436493874e-04,1.264690458774566650e-01
9.875000000000000000e+03,7.553424802608788013e-04,1.251862347126007080e-01
9.876000000000000000e+03,6.932313553988933563e-04,1.258942931890487671e-01
9.877000000000000000e+03,6.313439807854592800e-04,1.248105838894844055e-01
9.878000000000000000e+03,5.556902033276855946e-04,1.251723915338516235e-01
9.879000000000000000e+03,4.876879393123090267e-04,1.243587061762809753e-01
9.880000000000000000e+03,4.207006131764501333e-04,1.245256066322326660e-01
9.881000000000000000e+03,3.656696353573352098e-04,1.240394562482833862e-01
9.882000000000000000e+03,3.192569711245596409e-04,1.240852251648902893e-01
9.883000000000000000e+03,2.846759161911904812e-04,1.238813325762748718e-01
9.884000000000000000e+03,2.599583822302520275e-04,1.238415986299514771e-01
9.885000000000000000e+03,2.446369617246091366e-04,1.238269954919815063e-01
9.886000000000000000e+03,2.370545553276315331e-04,1.237287670373916626e-01
9.887000000000000000e+03,2.357807097723707557e-04,1.238665804266929626e-01
9.888000000000000000e+03,2.393830509390681982e-04,1.236957758665084839e-01
9.889000000000000000e+03,2.466746955178678036e-04,1.239366978406906128e-01
9.890000000000000000e+03,2.568708732724189758e-04,1.236676052212715149e-01
9.891000000000000000e+03,2.692976850084960461e-04,1.239976882934570312e-01
9.892000000000000000e+03,2.843108959496021271e-04,1.236385405063629150e-01
9.893000000000000000e+03,3.015868132933974266e-04,1.241371557116508484e-01
9.894000000000000000e+03,3.231435548514127731e-04,1.237048953771591187e-01
9.895000000000000000e+03,3.484934859443455935e-04,1.244238689541816711e-01
9.896000000000000000e+03,3.820356214419007301e-04,1.238712891936302185e-01
9.897000000000000000e+03,4.221822018735110760e-04,1.248643323779106140e-01
9.898000000000000000e+03,4.771759267896413803e-04,1.241573169827461243e-01
9.899000000000000000e+03,5.422259564511477947e-04,1.255464255809783936e-01
9.900000000000000000e+03,6.316996878013014793e-04,1.247116029262542725e-01
9.901000000000000000e+03,7.313969545066356659e-04,1.265612989664077759e-01
9.902000000000000000e+03,8.628620416857302189e-04,1.255075484514236450e-01
9.903000000000000000e+03,9.896404808387160301e-04,1.276788115501403809e-01
9.904000000000000000e+03,1.141033251769840717e-03,1.261634826660156250e-01
9.905000000000000000e+03,1.246724394150078297e-03,1.282897591590881348e-01
9.906000000000000000e+03,1.351269776932895184e-03,1.263295710086822510e-01
9.907000000000000000e+03,1.362085808068513870e-03,1.279519796371459961e-01
9.908000000000000000e+03,1.349921803921461105e-03,1.260754317045211792e-01
9.909000000000000000e+03,1.236916054040193558e-03,1.268623769283294678e-01
9.910000000000000000e+03,1.110971672460436821e-03,1.255078613758087158e-01
9.911000000000000000e+03,9.330064058303833008e-04,1.253263205289840698e-01
9.912000000000000000e+03,7.764339679852128029e-04,1.246712505817413330e-01
9.913000000000000000e+03,6.253460305742919445e-04,1.238360181450843811e-01
9.914000000000000000e+03,5.187290953472256660e-04,1.240236163139343262e-01
9.915000000000000000e+03,4.425866645760834217e-04,1.231082901358604431e-01
9.916000000000000000e+03,4.158678639214485884e-04,1.243138164281845093e-01
9.917000000000000000e+03,4.251676728017628193e-04,1.238082498311996460e-01
9.918000000000000000e+03,4.758517607115209103e-04,1.258574128150939941e-01
9.919000000000000000e+03,5.461559048853814602e-04,1.254843175411224365e-01
9.920000000000000000e+03,6.111209513619542122e-04,1.273571550846099854e-01
9.921000000000000000e+03,6.491690874099731445e-04,1.260768324136734009e-01
9.922000000000000000e+03,6.325070280581712723e-04,1.266733258962631226e-01
9.923000000000000000e+03,5.804245010949671268e-04,1.252091377973556519e-01
9.924000000000000000e+03,4.966945853084325790e-04,1.251954287290573120e-01
9.925000000000000000e+03,4.139349330216646194e-04,1.244819834828376770e-01
9.926000000000000000e+03,3.409530618228018284e-04,1.242881864309310913e-01
9.927000000000000000e+03,2.904947323258966208e-04,1.239377409219741821e-01
9.928000000000000000e+03,2.627058711368590593e-04,1.233395189046859741e-01
9.929000000000000000e+03,2.566532930359244347e-04,1.236085593700408936e-01
9.930000000000000000e+03,2.677753218449652195e-04,1.231608986854553223e-01
9.931000000000000000e+03,2.921479172073304653e-04,1.242298036813735962e-01
9.932000000000000000e+03,3.257951175328344107e-04,1.239594444632530212e-01
9.933000000000000000e+03,3.638401103671640158e-04,1.250836104154586792e-01
9.934000000000000000e+03,4.033150034956634045e-04,1.243968605995178223e-01
9.935000000000000000e+03,4.369891830720007420e-04,1.253281235694885254e-01
9.936000000000000000e+03,4.674954689107835293e-04,1.243422850966453552e-01
9.937000000000000000e+03,4.874767619185149670e-04,1.253609657287597656e-01
9.938000000000000000e+03,5.056706140749156475e-04,1.244277432560920715e-01
9.939000000000000000e+03,5.128215998411178589e-04,1.253898441791534424e-01
9.940000000000000000e+03,5.196675774641335011e-04,1.244204193353652954e-01
9.941000000000000000e+03,5.163907771930098534e-04,1.252721995115280151e-01
9.942000000000000000e+03,5.148663185536861420e-04,1.243209019303321838e-01
9.943000000000000000e+03,5.057247471995651722e-04,1.252232044935226440e-01
9.944000000000000000e+03,5.007064319215714931e-04,1.243528127670288086e-01
9.945000000000000000e+03,4.898987244814634323e-04,1.251977086067199707e-01
9.946000000000000000e+03,4.839558678213506937e-04,1.242978647351264954e-01
9.947000000000000000e+03,4.735967086162418127e-04,1.249912306666374207e-01
9.948000000000000000e+03,4.687711771111935377e-04,1.241490170359611511e-01
9.949000000000000000e+03,4.611944896169006824e-04,1.248774304986000061e-01
9.950000000000000000e+03,4.598992818500846624e-04,1.241450160741806030e-01
9.951000000000000000e+03,4.565057170111685991e-04,1.249177902936935425e-01
9.952000000000000000e+03,4.592105397023260593e-04,1.242038980126380920e-01
9.953000000000000000e+03,4.593894700519740582e-04,1.249016374349594116e-01
9.954000000000000000e+03,4.653094219975173473e-04,1.242243722081184387e-01
9.955000000000000000e+03,4.684573214035481215e-04,1.249317154288291931e-01
9.956000000000000000e+03,4.772245010826736689e-04,1.242741569876670837e-01
9.957000000000000000e+03,4.827180819120258093e-04,1.250812858343124390e-01
9.958000000000000000e+03,4.939881619065999985e-04,1.243875548243522644e-01
9.959000000000000000e+03,5.009265732951462269e-04,1.252143085002899170e-01
9.960000000000000000e+03,5.135650280863046646e-04,1.244891211390495300e-01
9.961000000000000000e+03,5.207540816627442837e-04,1.253133863210678101e-01
9.962000000000000000e+03,5.334526067599654198e-04,1.245376691222190857e-01
9.963000000000000000e+03,5.394807085394859314e-04,1.254091709852218628e-01
9.964000000000000000e+03,5.508511676453053951e-04,1.246036365628242493e-01
9.965000000000000000e+03,5.541026475839316845e-04,1.254920661449432373e-01
9.966000000000000000e+03,5.622286116704344749e-04,1.246729791164398193e-01
9.967000000000000000e+03,5.609125946648418903e-04,1.254907548427581787e-01
9.968000000000000000e+03,5.637771682813763618e-04,1.246402040123939514e-01
9.969000000000000000e+03,5.568431806750595570e-04,1.254189163446426392e-01
9.970000000000000000e+03,5.539776175282895565e-04,1.246201097965240479e-01
9.971000000000000000e+03,5.419044755399227142e-04,1.254121214151382446e-01
9.972000000000000000e+03,5.337977781891822815e-04,1.246542632579803467e-01
9.973000000000000000e+03,5.172904930077493191e-04,1.253512203693389893e-01
9.974000000000000000e+03,5.044905701652169228e-04,1.245537847280502319e-01
9.975000000000000000e+03,4.850941768381744623e-04,1.251200884580612183e-01
9.976000000000000000e+03,4.699567798525094986e-04,1.243806555867195129e-01
9.977000000000000000e+03,4.508519195951521397e-04,1.249488517642021179e-01
9.978000000000000000e+03,4.366099892649799585e-04,1.243040561676025391e-01
9.979000000000000000e+03,4.202859709039330482e-04,1.248715594410896301e-01
9.980000000000000000e+03,4.088013083674013615e-04,1.242273971438407898e-01
9.981000000000000000e+03,3.963705967180430889e-04,1.247432902455329895e-01
9.982000000000000000e+03,3.887437924277037382e-04,1.241267472505569458e-01
9.983000000000000000e+03,3.812146023847162724e-04,1.246880888938903809e-01
9.984000000000000000e+03,3.786589659284800291e-04,1.241023391485214233e-01
9.985000000000000000e+03,3.769431496039032936e-04,1.247617304325103760e-01
9.986000000000000000e+03,3.806833992712199688e-04,1.241084486246109009e-01
9.987000000000000000e+03,3.859130956698209047e-04,1.248524114489555359e-01
9.988000000000000000e+03,3.978204331360757351e-04,1.241240799427032471e-01
9.989000000000000000e+03,4.124669649172574282e-04,1.250569373369216919e-01
9.990000000000000000e+03,4.363242478575557470e-04,1.242627128958702087e-01
9.991000000000000000e+03,4.648222238756716251e-04,1.255084127187728882e-01
9.992000000000000000e+03,5.063799326308071613e-04,1.245802715420722961e-01
9.993000000000000000e+03,5.543796578422188759e-04,1.261985301971435547e-01
9.994000000000000000e+03,6.194474408403038979e-04,1.251068264245986938e-01
9.995000000000000000e+03,6.907945498824119568e-04,1.271564960479736328e-01
9.996000000000000000e+03,7.789990631863474846e-04,1.258744895458221436e-01
9.997000000000000000e+03,8.667888469062745571e-04,1.282951384782791138e-01
9.998000000000000000e+03,9.574416326358914375e-04,1.267099529504776001e-01
9.999000000000000000e+03,1.030473504215478897e-03,1.291354894638061523e-01
1.000100000000000000e+04,1.072411658242344856e-03,1.291354894638061523e-01
1.000200000000000000e+04,5.443184375762939453e-01,2.086016833782196045e-01
1.000300000000000000e+04,4.252860380802303553e-04,1.287289559841156006e-01
1.000400000000000000e+04,3.447730559855699539e-04,1.283675134181976318e-01
1.000500000000000000e+04,2.424682461423799396e-04,1.269621253013610840e-01
1.000600000000000000e+04,2.380385994911193848e-04,1.264257431030273438e-01
1.000700000000000000e+04,2.309469564352184534e-04,1.244466528296470642e-01
1.000800000000000000e+04,2.315431775059551001e-04,1.238163113594055176e-01
1.000900000000000000e+04,2.304132503923028708e-04,1.241896748542785645e-01
1.001000000000000000e+04,2.302845241501927376e-04,1.242068186402320862e-01
1.001100000000000000e+04,2.300889464095234871e-04,1.241608411073684692e-01
1.001200000000000000e+04,2.299507032148540020e-04,1.240945458412170410e-01
1.001300000000000000e+04,2.296491002198308706e-04,1.238664761185646057e-01
1.001400000000000000e+04,2.295500016771256924e-04,1.236874759197235107e-01
1.001500000000000000e+04,2.293038123752921820e-04,1.235495433211326599e-01
1.001600000000000000e+04,2.292598946951329708e-04,1.235605999827384949e-01
1.001700000000000000e+04,2.291706623509526253e-04,1.235607266426086426e-01
1.001800000000000000e+04,2.290455304319038987e-04,1.235521808266639709e-01
1.001900000000000000e+04,2.288602117914706469e-04,1.235901862382888794e-01
1.002000000000000000e+04,2.287181559950113297e-04,1.234051734209060669e-01
1.002100000000000000e+04,2.286243543494492769e-04,1.234215423464775085e-01
1.002200000000000000e+04,2.285374212078750134e-04,1.233884021639823914e-01
1.002300000000000000e+04,2.284502261318266392e-04,1.233480125665664673e-01
1.002400000000000000e+04,2.281678025610744953e-04,1.231693848967552185e-01
1.002500000000000000e+04,2.279340988025069237e-04,1.233429312705993652e-01
1.002600000000000000e+04,2.277159364894032478e-04,1.230009645223617554e-01
1.002700000000000000e+04,2.275746664963662624e-04,1.229730546474456787e-01
1.002800000000000000e+04,2.274289727210998535e-04,1.229930445551872253e-01
1.002900000000000000e+04,2.271680568810552359e-04,1.230476945638656616e-01
1.003000000000000000e+04,2.267717500217258930e-04,1.229263618588447571e-01
1.003100000000000000e+04,2.264635841129347682e-04,1.231129318475723267e-01
1.003200000000000000e+04,2.260993933305144310e-04,1.230551302433013916e-01
1.003300000000000000e+04,2.255342551507055759e-04,1.228720694780349731e-01
1.003400000000000000e+04,2.252228732686489820e-04,1.228177696466445923e-01
1.003500000000000000e+04,2.249894459964707494e-04,1.227670460939407349e-01
1.003600000000000000e+04,2.247759548481553793e-04,1.227316185832023621e-01
1.003700000000000000e+04,2.242992050014436245e-04,1.226251572370529175e-01
1.003800000000000000e+04,2.235652063973248005e-04,1.223725900053977966e-01
1.003900000000000000e+04,2.241308538941666484e-04,1.217817962169647217e-01
1.004000000000000000e+04,2.231485268566757441e-04,1.221382692456245422e-01
1.004100000000000000e+04,2.224027266493067145e-04,1.218327060341835022e-01
1.004200000000000000e+04,2.217013970948755741e-04,1.214765459299087524e-01
1.004300000000000000e+04,2.207424549851566553e-04,1.209828928112983704e-01
1.004400000000000000e+04,2.193068212363868952e-04,1.201835125684738159e-01
1.004500000000000000e+04,2.209157828474417329e-04,1.197188124060630798e-01
1.004600000000000000e+04,2.186618512496352196e-04,1.200200989842414856e-01
1.004700000000000000e+04,2.174226683564484119e-04,1.193849891424179077e-01
1.004800000000000000e+04,2.165823971154168248e-04,1.191529855132102966e-01
1.004900000000000000e+04,2.156230912078171968e-04,1.189337968826293945e-01
1.005000000000000000e+04,2.143475867342203856e-04,1.186073422431945801e-01
1.005100000000000000e+04,2.132409863406792283e-04,1.180092692375183105e-01
1.005200000000000000e+04,2.118688134942203760e-04,1.176860854029655457e-01
1.005300000000000000e+04,2.105632156599313021e-04,1.172082200646400452e-01
1.005400000000000000e+04,2.095834934152662754e-04,1.167098209261894226e-01
1.005500000000000000e+04,2.075147640425711870e-04,1.159543916583061218e-01
1.005600000000000000e+04,2.055989461950957775e-04,1.148647889494895935e-01
1.005700000000000000e+04,2.046141598839312792e-04,1.149345114827156067e-01
1.005800000000000000e+04,2.037471713265404105e-04,1.148722842335700989e-01
1.005900000000000000e+04,2.030304167419672012e-04,1.151488721370697021e-01
1.006000000000000000e+04,2.021277468884363770e-04,1.149855852127075195e-01
1.006100000000000000e+04,2.010385651374235749e-04,1.149190887808799744e-01
1.006200000000000000e+04,2.001218672376126051e-04,1.145631521940231323e-01
1.006300000000000000e+04,1.985569251701235771e-04,1.142957508563995361e-01
1.006400000000000000e+04,1.951747690327465534e-04,1.133733987808227539e-01
1.006500000000000000e+04,1.937178458319976926e-04,1.130418553948402405e-01
1.006600000000000000e+04,1.925253745866939425e-04,1.123665496706962585e-01
1.006700000000000000e+04,1.917028857860714197e-04,1.120627969503402710e-01
1.006800000000000000e+04,1.904242672026157379e-04,1.111191436648368835e-01
1.006900000000000000e+04,1.892401051009073853e-04,1.103102192282676697e-01
1.007000000000000000e+04,1.876445166999474168e-04,1.082778647541999817e-01
1.007100000000000000e+04,1.866712846094742417e-04,1.079913601279258728e-01
1.007200000000000000e+04,1.856971503002569079e-04,1.071695834398269653e-01
1.007300000000000000e+04,1.843225763877853751e-04,1.063181683421134949e-01
1.007400000000000000e+04,1.832298003137111664e-04,1.055702045559883118e-01
1.007500000000000000e+04,1.819344179239124060e-04,1.043651252985000610e-01
1.007600000000000000e+04,1.804921776056289673e-04,1.028406471014022827e-01
1.007700000000000000e+04,1.781536557245999575e-04,1.001461669802665710e-01
1.007800000000000000e+04,1.750564842950552702e-04,9.672907739877700806e-02
1.007900000000000000e+04,1.711487711872905493e-04,9.191514551639556885e-02
1.008000000000000000e+04,1.674122759141027927e-04,8.858370035886764526e-02
1.008100000000000000e+04,1.645017910050228238e-04,8.564829826354980469e-02
1.008200000000000000e+04,1.627570745768025517e-04,8.686670660972595215e-02
1.008300000000000000e+04,1.609061437193304300e-04,8.466487377882003784e-02
1.008400000000000000e+04,1.585709687788039446e-04,8.200337737798690796e-02
1.008500000000000000e+04,1.566870050737634301e-04,8.141313493251800537e-02
1.008600000000000000e+04,1.546174753457307816e-04,8.129480481147766113e-02
1.008700000000000000e+04,1.534359325887635350e-04,8.127194643020629883e-02
1.008800000000000000e+04,1.525144325569272041e-04,8.145994693040847778e-02
1.008900000000000000e+04,1.520838268334046006e-04,8.120150864124298096e-02
1.009000000000000000e+04,1.515457843197509646e-04,8.066030591726303101e-02
1.009100000000000000e+04,1.512782328063622117e-04,8.015388250350952148e-02
1.009200000000000000e+04,1.507460256107151508e-04,7.928181439638137817e-02
1.009300000000000000e+04,1.499134668847545981e-04,7.791534811258316040e-02
1.009400000000000000e+04,1.487007975811138749e-04,7.606869935989379883e-02
1.009500000000000000e+04,1.468072296120226383e-04,7.261398434638977051e-02
1.009600000000000000e+04,1.447932299925014377e-04,6.578952074050903320e-02
1.009700000000000000e+04,1.432372955605387688e-04,6.528651714324951172e-02
1.009800000000000000e+04,1.407167292200028896e-04,6.171856075525283813e-02
1.009900000000000000e+04,1.393623970216140151e-04,6.176592037081718445e-02
1.010000000000000000e+04,1.376372674712911248e-04,5.733526498079299927e-02
1.010100000000000000e+04,1.368068915326148272e-04,5.852858722209930420e-02
1.010200000000000000e+04,1.358381705358624458e-04,5.872609093785285950e-02
1.010300000000000000e+04,1.342449686489999294e-04,5.954513698816299438e-02
1.010400000000000000e+04,1.331698877038434148e-04,5.977967008948326111e-02
1.010500000000000000e+04,1.321521413046866655e-04,6.039636954665184021e-02
1.010600000000000000e+04,1.313271641265600920e-04,6.043495237827301025e-02
1.010700000000000000e+04,1.304128818446770310e-04,6.045782938599586487e-02
1.010800000000000000e+04,1.297237613471224904e-04,5.990162119269371033e-02
1.010900000000000000e+04,1.292276429012417793e-04,5.959933251142501831e-02
1.011000000000000000e+04,1.282994780922308564e-04,5.838586017489433289e-02
1.011100000000000000e+04,1.277350820600986481e-04,5.748627334833145142e-02
1.011200000000000000e+04,1.264690072275698185e-04,5.526766553521156311e-02
1.011300000000000000e+04,1.263983431272208691e-04,5.357849970459938049e-02
1.011400000000000000e+04,1.258752308785915375e-04,5.439647659659385681e-02
1.011500000000000000e+04,1.254194648936390877e-04,5.429737642407417297e-02
1.011600000000000000e+04,1.249900524271652102e-04,5.463074147701263428e-02
1.011700000000000000e+04,1.246633764822036028e-04,5.524168163537979126e-02
1.011800000000000000e+04,1.239729026565328240e-04,5.604304000735282898e-02
1.011900000000000000e+04,1.230516500072553754e-04,5.670810863375663757e-02
1.012000000000000000e+04,1.222900318680331111e-04,5.641776695847511292e-02
1.012100000000000000e+04,1.216595410369336605e-04,5.617101863026618958e-02
1.012200000000000000e+04,1.212099596159532666e-04,5.562733858823776245e-02
1.012300000000000000e+04,1.206060260301455855e-04,5.468535050749778748e-02
1.012400000000000000e+04,1.192540439660660923e-04,5.421538650989532471e-02
1.012500000000000000e+04,1.176157602458260953e-04,5.295619368553161621e-02
1.012600000000000000e+04,1.165190187748521566e-04,5.330224335193634033e-02
1.012700000000000000e+04,1.155105710495263338e-04,5.364967882633209229e-02
1.012800000000000000e+04,1.148545925389043987e-04,5.406154319643974304e-02
1.012900000000000000e+04,1.142522378358989954e-04,5.415761098265647888e-02
1.013000000000000000e+04,1.138582156272605062e-04,5.365054681897163391e-02
1.013100000000000000e+04,1.135100756073370576e-04,5.363846942782402039e-02
1.013200000000000000e+04,1.129898737417533994e-04,5.328319966793060303e-02
1.013300000000000000e+04,1.123433394241146743e-04,5.358804762363433838e-02
1.013400000000000000e+04,1.118739310186356306e-04,5.370286852121353149e-02
1.013500000000000000e+04,1.115798513637855649e-04,5.392890423536300659e-02
1.013600000000000000e+04,1.112454629037529230e-04,5.408908426761627197e-02
1.013700000000000000e+04,1.108245196519419551e-04,5.421682447195053101e-02
1.013800000000000000e+04,1.102032547350972891e-04,5.424093455076217651e-02
1.013900000000000000e+04,1.093802420655265450e-04,5.418746918439865112e-02
1.014000000000000000e+04,1.082582894014194608e-04,5.399172008037567139e-02
1.014100000000000000e+04,1.074735264410264790e-04,5.379776656627655029e-02
1.014200000000000000e+04,1.063070667441934347e-04,5.385676398873329163e-02
1.014300000000000000e+04,1.059020360116846859e-04,5.304583162069320679e-02
1.014400000000000000e+04,1.046442848746664822e-04,5.352127179503440857e-02
1.014500000000000000e+04,1.042686562868766487e-04,5.354544892907142639e-02
1.014600000000000000e+04,1.038809423334896564e-04,5.359271541237831116e-02
1.014700000000000000e+04,1.034872766467742622e-04,5.324266850948333740e-02
1.014800000000000000e+04,1.030130879371427000e-04,5.304242670536041260e-02
1.014900000000000000e+04,1.026073587127029896e-04,5.284386500716209412e-02
1.015000000000000000e+04,1.018157054204493761e-04,5.282898619771003723e-02
1.015100000000000000e+04,1.011591593851335347e-04,5.284869298338890076e-02
1.015200000000000000e+04,1.003799116006121039e-04,5.281907320022583008e-02
1.015300000000000000e+04,9.950152889359742403e-05,5.281515792012214661e-02
1.015400000000000000e+04,9.893884998746216297e-05,5.239769816398620605e-02
1.015500000000000000e+04,9.845614840742200613e-05,5.216868966817855835e-02
1.015600000000000000e+04,9.758312080521136522e-05,5.165431275963783264e-02
1.015700000000000000e+04,9.656541806180030107e-05,5.123102292418479919e-02
1.015800000000000000e+04,9.548151865601539612e-05,5.085908621549606323e-02
1.015900000000000000e+04,9.463214519200846553e-05,5.140304192900657654e-02
1.016000000000000000e+04,9.408602636540308595e-05,5.163888633251190186e-02
1.016100000000000000e+04,9.374198270961642265e-05,5.255247652530670166e-02
1.016200000000000000e+04,9.346989099867641926e-05,5.308477580547332764e-02
1.016300000000000000e+04,9.328426676802337170e-05,5.322089046239852905e-02
1.016400000000000000e+04,9.309357119491323829e-05,5.319838970899581909e-02
1.016500000000000000e+04,9.287165448768064380e-05,5.304259061813354492e-02
1.016600000000000000e+04,9.251298615708947182e-05,5.276040360331535339e-02
1.016700000000000000e+04,9.161846537608653307e-05,5.196509882807731628e-02
1.016800000000000000e+04,9.095820860238745809e-05,5.101020634174346924e-02
1.016900000000000000e+04,9.039650467457249761e-05,5.019569024443626404e-02
1.017000000000000000e+04,8.996152610052376986e-05,4.848587885499000549e-02
1.017100000000000000e+04,8.940202678786590695e-05,4.876323044300079346e-02
1.017200000000000000e+04,8.908750169211998582e-05,4.895684868097305298e-02
1.017300000000000000e+04,8.890138997230678797e-05,4.894205182790756226e-02
1.017400000000000000e+04,8.867686847224831581e-05,4.891138896346092224e-02
1.017500000000000000e+04,8.853264444041997194e-05,4.831810295581817627e-02
1.017600000000000000e+04,8.807159611023962498e-05,4.826889559626579285e-02
1.017700000000000000e+04,8.752741268835961819e-05,4.781670868396759033e-02
1.017800000000000000e+04,8.707407687325030565e-05,4.723862931132316589e-02
1.017900000000000000e+04,8.652897668071091175e-05,4.662843048572540283e-02
1.018000000000000000e+04,8.563222218072041869e-05,4.587988182902336121e-02
1.018100000000000000e+04,8.470309694530442357e-05,4.465634748339653015e-02
1.018200000000000000e+04,8.390239963773638010e-05,4.490257054567337036e-02
1.018300000000000000e+04,8.358102058991789818e-05,4.477280378341674805e-02
1.018400000000000000e+04,8.344436355400830507e-05,4.495333135128021240e-02
1.018500000000000000e+04,8.336962491739541292e-05,4.486292228102684021e-02
1.018600000000000000e+04,8.321704081026837230e-05,4.449002817273139954e-02
1.018700000000000000e+04,8.309187251143157482e-05,4.435947909951210022e-02
1.018800000000000000e+04,8.271439583040773869e-05,4.419684037566184998e-02
1.018900000000000000e+04,8.232940308516845107e-05,4.437203705310821533e-02
1.019000000000000000e+04,8.191750384867191315e-05,4.486122727394104004e-02
1.019100000000000000e+04,8.166090265149250627e-05,4.618455097079277039e-02
1.019200000000000000e+04,8.184621401596814394e-05,4.844561964273452759e-02
1.019300000000000000e+04,8.133984374580904841e-05,4.718888550996780396e-02
1.019400000000000000e+04,8.098559192148968577e-05,4.693312197923660278e-02
1.019500000000000000e+04,8.072928176261484623e-05,4.723487421870231628e-02
1.019600000000000000e+04,8.051065378822386265e-05,4.753988608717918396e-02
1.019700000000000000e+04,8.011072350200265646e-05,4.755117744207382202e-02
1.019800000000000000e+04,7.929527055239304900e-05,4.704505577683448792e-02
1.019900000000000000e+04,7.882963836891576648e-05,4.509942978620529175e-02
1.020000000000000000e+04,7.802715117577463388e-05,4.481516405940055847e-02
1.020100000000000000e+04,7.746552000753581524e-05,4.371697083115577698e-02
1.020200000000000000e+04,7.706446922384202480e-05,4.281885176897048950e-02
1.020300000000000000e+04,7.668079342693090439e-05,4.177355393767356873e-02
1.020400000000000000e+04,7.648762402823194861e-05,4.185422137379646301e-02
1.020500000000000000e+04,7.628357707289978862e-05,4.231111332774162292e-02
1.020600000000000000e+04,7.611019100295379758e-05,4.347199201583862305e-02
1.020700000000000000e+04,7.591643952764570713e-05,4.438283294439315796e-02
1.020800000000000000e+04,7.561436359537765384e-05,4.576146602630615234e-02
1.020900000000000000e+04,7.520448707509785891e-05,4.641202092170715332e-02
1.021000000000000000e+04,7.520269718952476978e-05,4.631904885172843933e-02
1.021100000000000000e+04,7.492271834053099155e-05,4.636471718549728394e-02
1.021200000000000000e+04,7.459146581823006272e-05,4.523172974586486816e-02
1.021300000000000000e+04,7.429698598571121693e-05,4.458614438772201538e-02
1.021400000000000000e+04,7.409819954773411155e-05,4.371870309114456177e-02
1.021500000000000000e+04,7.396372529910877347e-05,4.295630753040313721e-02
1.021600000000000000e+04,7.379469752777367830e-05,4.209577664732933044e-02
1.021700000000000000e+04,7.358146831393241882e-05,4.109722748398780823e-02
1.021800000000000000e+04,7.344729965552687645e-05,3.976757451891899109e-02
1.021900000000000000e+04,7.331791857723146677e-05,3.957749158143997192e-02
1.022000000000000000e+04,7.324040780076757073e-05,3.917409852147102356e-02
1.022100000000000000e+04,7.313432433875277638e-05,3.808392956852912903e-02
1.022200000000000000e+04,7.301953883143141866e-05,3.634855523705482483e-02
1.022300000000000000e+04,7.285709580173715949e-05,3.411704674363136292e-02
1.022400000000000000e+04,7.268435729201883078e-05,3.226165473461151123e-02
1.022500000000000000e+04,7.256359094753861427e-05,3.174440190196037292e-02
1.022600000000000000e+04,7.236105739139020443e-05,3.074352815747261047e-02
1.022700000000000000e+04,7.206988084362819791e-05,3.174162656068801880e-02
1.022800000000000000e+04,7.163570990087464452e-05,3.088440932333469391e-02
1.022900000000000000e+04,7.124411786207929254e-05,3.092457354068756104e-02
1.023000000000000000e+04,7.095107866916805506e-05,3.104889392852783203e-02
1.023100000000000000e+04,7.081749936332926154e-05,2.982277050614356995e-02
1.023200000000000000e+04,7.056849426589906216e-05,3.033681958913803101e-02
1.023300000000000000e+04,7.041017670417204499e-05,3.076207824051380157e-02
1.023400000000000000e+04,7.024243677733466029e-05,3.037347644567489624e-02
1.023500000000000000e+04,7.006146188359707594e-05,2.968235686421394348e-02
1.023600000000000000e+04,7.000986806815490127e-05,2.777931280434131622e-02
1.023700000000000000e+04,6.950133683858439326e-05,2.753302454948425293e-02
1.023800000000000000e+04,6.933225085958838463e-05,2.747542411088943481e-02
1.023900000000000000e+04,6.910027150297537446e-05,2.689175121486186981e-02
1.024000000000000000e+04,6.885556649649515748e-05,2.697713673114776611e-02
1.024100000000000000e+04,6.842541915830224752e-05,2.618870697915554047e-02
1.024200000000000000e+04,6.941331957932561636e-05,2.891189232468605042e-02
1.024300000000000000e+04,6.826166645623743534e-05,2.692689932882785797e-02
1.024400000000000000e+04,6.781936099287122488e-05,2.761579304933547974e-02
1.024500000000000000e+04,6.747186125721782446e-05,2.691428363323211670e-02
1.024600000000000000e+04,6.723166006850078702e-05,2.739733457565307617e-02
1.024700000000000000e+04,6.698338984278962016e-05,2.644914947450160980e-02
1.024800000000000000e+04,6.674281758023425937e-05,2.518456242978572845e-02
1.024900000000000000e+04,6.651701551163569093e-05,2.469375543296337128e-02
1.025000000000000000e+04,6.624691013712435961e-05,2.356735616922378540e-02
1.025100000000000000e+04,6.597685569431632757e-05,2.259276621043682098e-02
1.025200000000000000e+04,6.576350278919562697e-05,2.313669957220554352e-02
1.025300000000000000e+04,6.550025864271447062e-05,2.333999238908290863e-02
1.025400000000000000e+04,6.511249375762417912e-05,2.427793107926845551e-02
1.025500000000000000e+04,6.466595368692651391e-05,2.422682754695415497e-02
1.025600000000000000e+04,6.431885412894189358e-05,2.432549372315406799e-02
1.025700000000000000e+04,6.411895446944981813e-05,2.405135519802570343e-02
1.025800000000000000e+04,6.396323442459106445e-05,2.372843585908412933e-02
1.025900000000000000e+04,6.366413435898721218e-05,2.346439473330974579e-02
1.026000000000000000e+04,6.330938049359247088e-05,2.278015576303005219e-02
1.026100000000000000e+04,6.301176472334191203e-05,2.319693751633167267e-02
1.026200000000000000e+04,6.237723573576658964e-05,2.279459126293659210e-02
1.026300000000000000e+04,6.169459811644628644e-05,2.291299775242805481e-02
1.026400000000000000e+04,6.101101462263613939e-05,2.250192873179912567e-02
1.026500000000000000e+04,6.156985909910872579e-05,2.116989344358444214e-02
1.026600000000000000e+04,6.070178642403334379e-05,2.199503034353256226e-02
1.026700000000000000e+04,6.032304008840583265e-05,2.211509272456169128e-02
1.026800000000000000e+04,6.012650192133150995e-05,2.226202003657817841e-02
1.026900000000000000e+04,6.001209476380608976e-05,2.203684672713279724e-02
1.027000000000000000e+04,5.991137004457414150e-05,2.208878844976425171e-02
1.027100000000000000e+04,5.969020276097580791e-05,2.210525982081890106e-02
1.027200000000000000e+04,5.939797119935974479e-05,2.176743000745773315e-02
1.027300000000000000e+04,5.871018220204859972e-05,2.131639979779720306e-02
1.027400000000000000e+04,5.819660873385146260e-05,2.021596021950244904e-02
1.027500000000000000e+04,5.774165401817299426e-05,1.941040344536304474e-02
1.027600000000000000e+04,5.755674646934494376e-05,1.907299272716045380e-02
1.027700000000000000e+04,5.738492473028600216e-05,1.922946423292160034e-02
1.027800000000000000e+04,5.725779556087218225e-05,1.946912333369255066e-02
1.027900000000000000e+04,5.707493983209133148e-05,1.967700943350791931e-02
1.028000000000000000e+04,5.685254291165620089e-05,1.989524811506271362e-02
1.028100000000000000e+04,5.673427949659526348e-05,1.987018994987010956e-02
1.028200000000000000e+04,5.660507667926140130e-05,1.986003667116165161e-02
1.028300000000000000e+04,5.646754652843810618e-05,1.991009898483753204e-02
1.028400000000000000e+04,5.631287422147579491e-05,1.996813528239727020e-02
1.028500000000000000e+04,5.609509025816805661e-05,2.005371637642383575e-02
1.028600000000000000e+04,5.574281749431975186e-05,2.014466747641563416e-02
1.028700000000000000e+04,5.518603938980959356e-05,2.006966993212699890e-02
1.028800000000000000e+04,5.504012733581475914e-05,2.018158882856369019e-02
1.028900000000000000e+04,5.443586633191443980e-05,1.983841881155967712e-02
1.029000000000000000e+04,5.399138899520039558e-05,1.954516582190990448e-02
1.029100000000000000e+04,5.363919626688584685e-05,1.879969798028469086e-02
1.029200000000000000e+04,5.314319787430576980e-05,1.842286624014377594e-02
1.029300000000000000e+04,5.289966429700143635e-05,1.847711764276027679e-02
1.029400000000000000e+04,5.275216972222551703e-05,1.810763217508792877e-02
1.029500000000000000e+04,5.268848326522856951e-05,1.829835399985313416e-02
1.029600000000000000e+04,5.263043567538261414e-05,1.828726008534431458e-02
1.029700000000000000e+04,5.252178743830882013e-05,1.816722191870212555e-02
1.029800000000000000e+04,5.232214607531204820e-05,1.820073463022708893e-02
1.029900000000000000e+04,5.216519639361649752e-05,1.809440739452838898e-02
1.030000000000000000e+04,5.181082087801769376e-05,1.833467371761798859e-02
1.030100000000000000e+04,5.128026168677024543e-05,1.836792752146720886e-02
1.030200000000000000e+04,5.073990178061649203e-05,1.833038218319416046e-02
1.030300000000000000e+04,5.029161548009142280e-05,1.765383034944534302e-02
1.030400000000000000e+04,5.010339009459130466e-05,1.732959039509296417e-02
1.030500000000000000e+04,4.996082134312018752e-05,1.684687100350856781e-02
1.030600000000000000e+04,4.987078136764466763e-05,1.661293581128120422e-02
1.030700000000000000e+04,4.978750439477153122e-05,1.651922799646854401e-02
1.030800000000000000e+04,4.971247108187526464e-05,1.658867299556732178e-02
1.030900000000000000e+04,4.961119338986463845e-05,1.694555580615997314e-02
1.031000000000000000e+04,4.948805508320219815e-05,1.701447181403636932e-02
1.031100000000000000e+04,4.935468314215540886e-05,1.714183762669563293e-02
1.031200000000000000e+04,4.910664574708789587e-05,1.707351952791213989e-02
1.031300000000000000e+04,4.893655568594112992e-05,1.697534322738647461e-02
1.031400000000000000e+04,4.857041494688019156e-05,1.638534665107727051e-02
1.031500000000000000e+04,4.828400415135547519e-05,1.605229638516902924e-02
1.031600000000000000e+04,5.022154073230922222e-05,1.256599370390176773e-02
1.031700000000000000e+04,4.811237886315211654e-05,1.525821443647146225e-02
1.031800000000000000e+04,4.780877861776389182e-05,1.516293175518512726e-02
1.031900000000000000e+04,4.738101779366843402e-05,1.497730333358049393e-02
1.032000000000000000e+04,4.706212348537519574e-05,1.471544522792100906e-02
1.032100000000000000e+04,4.671936039812862873e-05,1.463324390351772308e-02
1.032200000000000000e+04,4.656986857298761606e-05,1.471157278865575790e-02
1.032300000000000000e+04,4.645563603844493628e-05,1.459698006510734558e-02
1.032400000000000000e+04,4.638911923393607140e-05,1.526424940675497055e-02
1.032500000000000000e+04,4.633789649233222008e-05,1.509564369916915894e-02
1.032600000000000000e+04,4.627145972335711122e-05,1.496773026883602142e-02
1.032700000000000000e+04,4.622954293154180050e-05,1.505430042743682861e-02
1.032800000000000000e+04,4.617743979906663299e-05,1.508358586579561234e-02
1.032900000000000000e+04,4.614079807652160525e-05,1.500090397894382477e-02
1.033000000000000000e+04,4.604821879183873534e-05,1.480754744261503220e-02
1.033100000000000000e+04,4.589198215398937464e-05,1.450517587363719940e-02
1.033200000000000000e+04,4.554111364996060729e-05,1.419252343475818634e-02
1.033300000000000000e+04,4.508015263127163053e-05,1.389118283987045288e-02
1.033400000000000000e+04,4.497884219745174050e-05,1.367742195725440979e-02
1.033500000000000000e+04,4.439966505742631853e-05,1.397242303937673569e-02
1.033600000000000000e+04,4.420564800966531038e-05,1.395002566277980804e-02
1.033700000000000000e+04,4.400990292197093368e-05,1.404006965458393097e-02
1.033800000000000000e+04,4.388358502183109522e-05,1.350786257535219193e-02
1.033900000000000000e+04,4.375356729724444449e-05,1.310419756919145584e-02
1.034000000000000000e+04,4.367130532045848668e-05,1.374374888837337494e-02
1.034100000000000000e+04,4.361895480542443693e-05,1.346086151897907257e-02
1.034200000000000000e+04,4.356689169071614742e-05,1.320184394717216492e-02
1.034300000000000000e+04,4.350743984105065465e-05,1.306843757629394531e-02
1.034400000000000000e+04,4.339366569183766842e-05,1.293748058378696442e-02
1.034500000000000000e+04,4.325255576986819506e-05,1.299653202295303345e-02
1.034600000000000000e+04,4.341467865742743015e-05,1.252085808664560318e-02
1.034700000000000000e+04,4.313194949645549059e-05,1.280630286782979965e-02
1.034800000000000000e+04,4.294187601772136986e-05,1.310618035495281219e-02
1.034900000000000000e+04,4.256585089024156332e-05,1.355953607708215714e-02
1.035000000000000000e+04,4.239488043822348118e-05,1.399472355842590332e-02
1.035100000000000000e+04,4.218068352201953530e-05,1.389427948743104935e-02
1.035200000000000000e+04,4.204731521895155311e-05,1.376337092369794846e-02
1.035300000000000000e+04,4.194141729385592043e-05,1.382786035537719727e-02
1.035400000000000000e+04,4.185098805464804173e-05,1.395362149924039841e-02
1.035500000000000000e+04,4.177601294941268861e-05,1.403626240789890289e-02
1.035600000000000000e+04,4.171537511865608394e-05,1.410284824669361115e-02
1.035700000000000000e+04,4.168042141827754676e-05,1.405612938106060028e-02
1.035800000000000000e+04,4.161094693699851632e-05,1.390132401138544083e-02
1.035900000000000000e+04,4.153812915319576859e-05,1.361894980072975159e-02
1.036000000000000000e+04,4.143371188547462225e-05,1.317476574331521988e-02
1.036100000000000000e+04,4.131803143536671996e-05,1.264518499374389648e-02
1.036200000000000000e+04,4.120723315281793475e-05,1.246665231883525848e-02
1.036300000000000000e+04,4.108479333808645606e-05,1.228857133537530899e-02
1.036400000000000000e+04,4.094878750038333237e-05,1.241733413189649582e-02
1.036500000000000000e+04,4.086067201569676399e-05,1.266737654805183411e-02
1.036600000000000000e+04,4.074352182215079665e-05,1.280539482831954956e-02
1.036700000000000000e+04,4.061029903823509812e-05,1.312553323805332184e-02
1.036800000000000000e+04,4.051984069519676268e-05,1.304587908089160919e-02
1.036900000000000000e+04,4.043956869281828403e-05,1.300476770848035812e-02
1.037000000000000000e+04,4.038820770801976323e-05,1.290471665561199188e-02
1.037100000000000000e+04,4.035414531244896352e-05,1.283992640674114227e-02
1.037200000000000000e+04,4.028304465464316308e-05,1.281987503170967102e-02
1.037300000000000000e+04,4.019024709123186767e-05,1.282761059701442719e-02
1.037400000000000000e+04,4.011709825135767460e-05,1.303033903241157532e-02
1.037500000000000000e+04,4.004172660643234849e-05,1.315826084464788437e-02
1.037600000000000000e+04,3.990316690760664642e-05,1.348945870995521545e-02
1.037700000000000000e+04,3.990362529293633997e-05,1.366218924522399902e-02
1.037800000000000000e+04,3.981045665568672121e-05,1.357430126518011093e-02
1.037900000000000000e+04,3.980297333328053355e-05,1.328787859529256821e-02
1.038000000000000000e+04,3.970009856857359409e-05,1.342627778649330139e-02
1.038100000000000000e+04,3.942833427572622895e-05,1.364040281623601913e-02
1.038200000000000000e+04,3.891152300639078021e-05,1.330576371401548386e-02
1.038300000000000000e+04,3.901494346791878343e-05,1.334381662309169769e-02
1.038400000000000000e+04,3.873125024256296456e-05,1.331953331828117371e-02
1.038500000000000000e+04,3.851752262562513351e-05,1.289050094783306122e-02
1.038600000000000000e+04,3.832963921013288200e-05,1.215774472802877426e-02
1.038700000000000000e+04,3.826975444098934531e-05,1.181330345571041107e-02
1.038800000000000000e+04,3.819332778220996261e-05,1.137210149317979813e-02
1.038900000000000000e+04,3.814807496382854879e-05,1.116296183317899704e-02
1.039000000000000000e+04,3.810635098489001393e-05,1.109675318002700806e-02
1.039100000000000000e+04,3.806967652053572237e-05,1.115856412798166275e-02
1.039200000000000000e+04,3.800055128522217274e-05,1.127937808632850647e-02
1.039300000000000000e+04,3.815098170889541507e-05,1.263256743550300598e-02
1.039400000000000000e+04,3.791436392930336297e-05,1.178662292659282684e-02
1.039500000000000000e+04,3.782779094763100147e-05,1.184344943612813950e-02
1.039600000000000000e+04,3.759888204513117671e-05,1.199623662978410721e-02
1.039700000000000000e+04,3.743821071111597121e-05,1.196281705051660538e-02
1.039800000000000000e+04,3.715780621860176325e-05,1.178804598748683929e-02
1.039900000000000000e+04,3.697603460750542581e-05,1.193708367645740509e-02
1.040000000000000000e+04,3.729788295459002256e-05,1.036401931196451187e-02
1.040100000000000000e+04,3.683527393150143325e-05,1.137154549360275269e-02
1.040200000000000000e+04,3.668604767881333828e-05,1.129315607249736786e-02
1.040300000000000000e+04,3.651916267699562013e-05,1.129313185811042786e-02
1.040400000000000000e+04,3.638844646047800779e-05,1.130832731723785400e-02
1.040500000000000000e+04,3.637919508037157357e-05,1.121875550597906113e-02
1.040600000000000000e+04,3.627541809692047536e-05,1.126153767108917236e-02
1.040700000000000000e+04,3.618108166847378016e-05,1.142204552888870239e-02
1.040800000000000000e+04,3.611909778555855155e-05,1.148037146776914597e-02
1.040900000000000000e+04,3.603881123126484454e-05,1.088447775691747665e-02
1.041000000000000000e+04,3.591357381083071232e-05,1.141525059938430786e-02
1.041100000000000000e+04,3.579141412046737969e-05,1.133600901812314987e-02
1.041200000000000000e+04,3.574670336092822254e-05,1.119330432265996933e-02
1.041300000000000000e+04,3.569452746887691319e-05,1.113588176667690277e-02
1.041400000000000000e+04,3.558594835340045393e-05,1.119765825569629669e-02
1.041500000000000000e+04,3.541605110513046384e-05,1.129451207816600800e-02
1.041600000000000000e+04,3.522526458255015314e-05,1.150121446698904037e-02
1.041700000000000000e+04,3.502365871099755168e-05,1.154706906527280807e-02
1.041800000000000000e+04,3.479732185951434076e-05,1.183755043894052505e-02
1.041900000000000000e+04,3.520855534588918090e-05,1.229262910783290863e-02
1.042000000000000000e+04,3.470804949756711721e-05,1.196905877441167831e-02
1.042100000000000000e+04,3.447775816312059760e-05,1.189948059618473053e-02
1.042200000000000000e+04,3.425639079068787396e-05,1.164447236806154251e-02
1.042300000000000000e+04,3.410303179407492280e-05,1.182867400348186493e-02
1.042400000000000000e+04,3.389879930182360113e-05,1.196082029491662979e-02
1.042500000000000000e+04,3.377560278750024736e-05,1.200668234378099442e-02
1.042600000000000000e+04,3.369696787558495998e-05,1.200935058295726776e-02
1.042700000000000000e+04,3.370100239408202469e-05,1.218405459076166153e-02
1.042800000000000000e+04,3.367485987837426364e-05,1.209228485822677612e-02
1.042900000000000000e+04,3.364296571817249060e-05,1.206322386860847473e-02
1.043000000000000000e+04,3.362016650498844683e-05,1.195812318474054337e-02
1.043100000000000000e+04,3.357830064487643540e-05,1.174769923090934753e-02
1.043200000000000000e+04,3.355116859893314540e-05,1.185913570225238800e-02
1.043300000000000000e+04,3.352962812641635537e-05,1.178842037916183472e-02
1.043400000000000000e+04,3.349078178871423006e-05,1.160768046975135803e-02
1.043500000000000000e+04,3.345864752191118896e-05,1.146323978900909424e-02
1.043600000000000000e+04,3.339482645969837904e-05,1.120276749134063721e-02
1.043700000000000000e+04,3.330509571242146194e-05,1.041228324174880981e-02
1.043800000000000000e+04,3.317891241749748588e-05,1.025237888097763062e-02
1.043900000000000000e+04,3.307814040454104543e-05,1.028508692979812622e-02
1.044000000000000000e+04,3.297255898360162973e-05,1.031794492155313492e-02
1.044100000000000000e+04,3.283980186097323895e-05,1.030452456325292587e-02
1.044200000000000000e+04,3.270776505814865232e-05,1.058875117450952530e-02
1.044300000000000000e+04,3.256937634432688355e-05,1.041735429316759109e-02
1.044400000000000000e+04,3.250833833590149879e-05,1.045734342187643051e-02
1.044500000000000000e+04,3.244185791118070483e-05,1.056148577481508255e-02
1.044600000000000000e+04,3.241463855374604464e-05,1.067843660712242126e-02
1.044700000000000000e+04,3.237165947211906314e-05,1.078067533671855927e-02
1.044800000000000000e+04,3.234214455005712807e-05,1.083561405539512634e-02
1.044900000000000000e+04,3.229906360502354801e-05,1.083138398826122284e-02
1.045000000000000000e+04,3.224097599741071463e-05,1.077577099204063416e-02
1.045100000000000000e+04,3.216924233129248023e-05,1.052650436758995056e-02
1.045200000000000000e+04,3.207962072337977588e-05,1.033228635787963867e-02
1.045300000000000000e+04,3.189852941432036459e-05,9.905806742608547211e-03
1.045400000000000000e+04,3.175955134793184698e-05,9.634881280362606049e-03
1.045500000000000000e+04,3.152581120957620442e-05,9.360676631331443787e-03
1.045600000000000000e+04,3.150030534015968442e-05,9.087020531296730042e-03
1.045700000000000000e+04,3.138869215035811067e-05,9.214983321726322174e-03
1.045800000000000000e+04,3.106915028183721006e-05,9.624830447137355804e-03
1.045900000000000000e+04,3.087618824793025851e-05,9.865309111773967743e-03
1.046000000000000000e+04,3.075327549595385790e-05,9.989450685679912567e-03
1.046100000000000000e+04,3.068962541874498129e-05,1.015808712691068649e-02
1.046200000000000000e+04,3.061961615458130836e-05,1.015056110918521881e-02
1.046300000000000000e+04,3.050218765565659851e-05,1.009263377636671066e-02
1.046400000000000000e+04,3.035876216017641127e-05,9.910303167998790741e-03
1.046500000000000000e+04,3.039570219698362052e-05,9.517922066152095795e-03
1.046600000000000000e+04,3.027078673767391592e-05,9.728251025080680847e-03
1.046700000000000000e+04,3.016033406311180443e-05,9.748730808496475220e-03
1.046800000000000000e+04,3.008372914337087423e-05,9.795397520065307617e-03
1.046900000000000000e+04,3.003080928465351462e-05,9.841523133218288422e-03
1.047000000000000000e+04,2.995591785293072462e-05,9.747583419084548950e-03
1.047100000000000000e+04,2.988065170939080417e-05,9.687229990959167480e-03
1.047200000000000000e+04,2.982498335768468678e-05,9.645518846809864044e-03
1.047300000000000000e+04,2.973053233290556818e-05,9.671619161963462830e-03
1.047400000000000000e+04,2.956992830149829388e-05,9.933839552104473114e-03
1.047500000000000000e+04,2.957803008030168712e-05,1.078978739678859711e-02
1.047600000000000000e+04,2.945459891634527594e-05,1.035144086927175522e-02
1.047700000000000000e+04,2.920996303146239370e-05,1.015940029174089432e-02
1.047800000000000000e+04,2.894192766689229757e-05,1.014655828475952148e-02
1.047900000000000000e+04,2.862357541744131595e-05,1.001892331987619400e-02
1.048000000000000000e+04,2.834873157553374767e-05,9.619032032787799835e-03
1.048100000000000000e+04,2.817978747771121562e-05,9.448101744055747986e-03
1.048200000000000000e+04,2.806039265124127269e-05,9.136253967881202698e-03
1.048300000000000000e+04,2.799383582896552980e-05,9.023842401802539825e-03
1.048400000000000000e+04,2.790166399790905416e-05,8.937526494264602661e-03
1.048500000000000000e+04,2.778391353785991669e-05,8.975802920758724213e-03
1.048600000000000000e+04,2.768259037111420184e-05,9.005901403725147247e-03
1.048700000000000000e+04,2.760254574241116643e-05,9.060851298272609711e-03
1.048800000000000000e+04,2.754896195256151259e-05,8.993881754577159882e-03
1.048900000000000000e+04,2.751435567915905267e-05,8.772049099206924438e-03
1.049000000000000000e+04,2.747125472524203360e-05,8.570984937250614166e-03
1.049100000000000000e+04,2.743516051850747317e-05,8.295621722936630249e-03
1.049200000000000000e+04,2.737066097324714065e-05,8.193917572498321533e-03
1.049300000000000000e+04,2.726766979321837425e-05,8.188953623175621033e-03
1.049400000000000000e+04,2.712651621550321579e-05,8.589787408709526062e-03
1.049500000000000000e+04,2.695006878639105707e-05,9.125051088631153107e-03
1.049600000000000000e+04,2.675877112778834999e-05,9.731907397508621216e-03
1.049700000000000000e+04,2.732119173742830753e-05,9.027454070746898651e-03
1.049800000000000000e+04,2.667648004717193544e-05,9.537343867123126984e-03
1.049900000000000000e+04,2.648072222655173391e-05,9.871007874608039856e-03
1.050000000000000000e+04,2.626706373121123761e-05,1.005068700760602951e-02
1.050100000000000000e+04,2.626439163577742875e-05,1.000202354043722153e-02
1.050200000000000000e+04,2.613186370581388474e-05,1.002288982272148132e-02
1.050300000000000000e+04,2.599815888970624655e-05,9.498919360339641571e-03
1.050400000000000000e+04,2.592254713817965239e-05,9.242476895451545715e-03
1.050500000000000000e+04,2.587066410342231393e-05,9.113493375480175018e-03
1.050600000000000000e+04,2.581404623924754560e-05,9.102596901357173920e-03
1.050700000000000000e+04,2.574731479398906231e-05,9.152133017778396606e-03
1.050800000000000000e+04,2.569827120169065893e-05,9.150865487754344940e-03
1.050900000000000000e+04,2.566199873399455100e-05,9.117519482970237732e-03
1.051000000000000000e+04,2.564272472227457911e-05,9.066965430974960327e-03
1.051100000000000000e+04,2.561805922596249729e-05,8.992921561002731323e-03
1.051200000000000000e+04,2.558749292802531272e-05,8.929486386477947235e-03
1.051300000000000000e+04,2.552186924731358886e-05,8.850533515214920044e-03
1.051400000000000000e+04,2.541449975979048759e-05,8.884264156222343445e-03
1.051500000000000000e+04,2.538287844799924642e-05,9.218567050993442535e-03
1.051600000000000000e+04,2.526115531509276479e-05,9.296987205743789673e-03
1.051700000000000000e+04,2.514251536922529340e-05,9.270174428820610046e-03
1.051800000000000000e+04,2.507766294002067298e-05,9.267685934901237488e-03
1.051900000000000000e+04,2.499631955288350582e-05,9.325637482106685638e-03
1.052000000000000000e+04,2.489715552655979991e-05,9.296094067394733429e-03
1.052100000000000000e+04,2.477574525983072817e-05,9.188523516058921814e-03
1.052200000000000000e+04,2.449761450407095253e-05,9.459797292947769165e-03
1.052300000000000000e+04,2.458015296724624932e-05,9.797020815312862396e-03
1.052400000000000000e+04,2.432446854072622955e-05,9.607424959540367126e-03
1.052500000000000000e+04,2.404395127086900175e-05,9.207859635353088379e-03
1.052600000000000000e+04,2.393221984675619751e-05,9.002296254038810730e-03
1.052700000000000000e+04,2.383446917519904673e-05,8.845491334795951843e-03
1.052800000000000000e+04,2.371677874180022627e-05,8.726304396986961365e-03
1.052900000000000000e+04,2.373416100454051048e-05,8.504884317517280579e-03
1.053000000000000000e+04,2.361066799494437873e-05,8.617032319307327271e-03
1.053100000000000000e+04,2.351155490032397211e-05,8.656345307826995850e-03
1.053200000000000000e+04,2.339330058021005243e-05,8.744705468416213989e-03
1.053300000000000000e+04,2.334040254936553538e-05,8.699089288711547852e-03
1.053400000000000000e+04,2.325795867363922298e-05,8.546506986021995544e-03
1.053500000000000000e+04,2.319584200449753553e-05,8.320256136357784271e-03
1.053600000000000000e+04,2.311979005753528327e-05,8.222668431699275970e-03
1.053700000000000000e+04,2.307376234966795892e-05,8.028596639633178711e-03
1.053800000000000000e+04,2.296618549735285342e-05,8.280418813228607178e-03
1.053900000000000000e+04,2.288708492415025830e-05,8.527042344212532043e-03
1.054000000000000000e+04,2.276051600347273052e-05,8.891372941434383392e-03
1.054100000000000000e+04,2.265996590722352266e-05,8.952963165938854218e-03
1.054200000000000000e+04,2.252060039609204978e-05,8.885954506695270538e-03
1.054300000000000000e+04,2.271162338729482144e-05,8.844404481351375580e-03
1.054400000000000000e+04,2.249340650450903922e-05,8.874019607901573181e-03
1.054500000000000000e+04,2.237607986899092793e-05,8.636122569441795349e-03
1.054600000000000000e+04,2.228390985692385584e-05,8.388895541429519653e-03
1.054700000000000000e+04,2.220572241640184075e-05,8.147138170897960663e-03
1.054800000000000000e+04,2.218124609498772770e-05,8.202211000025272369e-03
1.054900000000000000e+04,2.213360312453005463e-05,8.304794318974018097e-03
1.055000000000000000e+04,2.207772195106372237e-05,8.362814784049987793e-03
1.055100000000000000e+04,2.203704389103222638e-05,8.326995186507701874e-03
1.055200000000000000e+04,2.200338349211961031e-05,8.208604529500007629e-03
1.055300000000000000e+04,2.195202068833168596e-05,8.029207587242126465e-03
1.055400000000000000e+04,2.197051071561872959e-05,7.469026371836662292e-03
1.055500000000000000e+04,2.192153442592825741e-05,7.780472282320261002e-03
1.055600000000000000e+04,2.186838173656724393e-05,7.629478350281715393e-03
1.055700000000000000e+04,2.181495801778510213e-05,7.473903708159923553e-03
1.055800000000000000e+04,2.175581721530761570e-05,7.294213399291038513e-03
1.055900000000000000e+04,2.167518323403783143e-05,7.134416606277227402e-03
1.056000000000000000e+04,2.157887320208828896e-05,6.807307247072458267e-03
1.056100000000000000e+04,2.151089574908837676e-05,6.861198693513870239e-03
1.056200000000000000e+04,2.146159386029466987e-05,6.955712102353572845e-03
1.056300000000000000e+04,2.141362892871256918e-05,7.043672725558280945e-03
1.056400000000000000e+04,2.136989860446192324e-05,7.161329966038465500e-03
1.056500000000000000e+04,2.129669155692681670e-05,7.349551189690828323e-03
1.056600000000000000e+04,2.122349542332813144e-05,7.288190070539712906e-03
1.056700000000000000e+04,2.116625364578794688e-05,7.272301707416772842e-03
1.056800000000000000e+04,2.112321999447885901e-05,7.159291300922632217e-03
1.056900000000000000e+04,2.108796979882754385e-05,7.170343305915594101e-03
1.057000000000000000e+04,2.109548586304299533e-05,6.763647776097059250e-03
1.057100000000000000e+04,2.105542807839810848e-05,6.976327393203973770e-03
1.057200000000000000e+04,2.099405355693306774e-05,7.174985948950052261e-03
1.057300000000000000e+04,2.094326737278606743e-05,7.196299731731414795e-03
1.057400000000000000e+04,2.088017208734527230e-05,7.225070148706436157e-03
1.057500000000000000e+04,2.083515028061810881e-05,7.150769233703613281e-03
1.057600000000000000e+04,2.079437035718001425e-05,7.071554660797119141e-03
1.057700000000000000e+04,2.075666452583391219e-05,7.063687779009342194e-03
1.057800000000000000e+04,2.072632378258276731e-05,6.950593553483486176e-03
1.057900000000000000e+04,2.068055619020015001e-05,6.919553969055414200e-03
1.058000000000000000e+04,2.060866972897201777e-05,6.808549165725708008e-03
1.058100000000000000e+04,2.505167685740161687e-05,7.220123428851366043e-03
1.058200000000000000e+04,2.059659163933247328e-05,6.822424009442329407e-03
1.058300000000000000e+04,2.051150477200280875e-05,6.679269019514322281e-03
1.058400000000000000e+04,2.042727464868221432e-05,6.553607061505317688e-03
1.058500000000000000e+04,2.034089266089722514e-05,6.530061364173889160e-03
1.058600000000000000e+04,2.024678178713656962e-05,6.491976790130138397e-03
1.058700000000000000e+04,2.014366691582836211e-05,6.576318293809890747e-03
1.058800000000000000e+04,2.005037094932049513e-05,6.361742503941059113e-03
1.058900000000000000e+04,1.995926140807569027e-05,6.414119154214859009e-03
1.059000000000000000e+04,1.986855022551026195e-05,6.204883567988872528e-03
1.059100000000000000e+04,1.978607542696408927e-05,5.790717899799346924e-03
1.059200000000000000e+04,1.973633516172412783e-05,5.662420764565467834e-03
1.059300000000000000e+04,1.964908187801484019e-05,5.309110507369041443e-03
1.059400000000000000e+04,1.958703433047048748e-05,5.300159566104412079e-03
1.059500000000000000e+04,1.954053732333704829e-05,5.062084179371595383e-03
1.059600000000000000e+04,1.947700548043940216e-05,5.113066174089908600e-03
1.059700000000000000e+04,1.944970790646038949e-05,5.121077410876750946e-03
1.059800000000000000e+04,1.940780384757090360e-05,4.990044515579938889e-03
1.059900000000000000e+04,1.937793422257527709e-05,4.940008278936147690e-03
1.060000000000000000e+04,1.934778447321150452e-05,4.846260417252779007e-03
1.060100000000000000e+04,1.931471888383384794e-05,4.802792798727750778e-03
1.060200000000000000e+04,1.927905213960912079e-05,4.813117906451225281e-03
1.060300000000000000e+04,1.920145587064325809e-05,5.154591053724288940e-03
1.060400000000000000e+04,1.913302548928186297e-05,5.162844900041818619e-03
1.060500000000000000e+04,1.905896897369530052e-05,5.374948028475046158e-03
1.060600000000000000e+04,1.900753704831004143e-05,5.461826920509338379e-03
1.060700000000000000e+04,1.895366949611343443e-05,5.993290338665246964e-03
1.060800000000000000e+04,1.886899917735718191e-05,5.799391772598028183e-03
1.060900000000000000e+04,1.877940667327493429e-05,5.636804271489381790e-03
1.061000000000000000e+04,1.871590211521834135e-05,5.557801574468612671e-03
1.061100000000000000e+04,1.863040779426228255e-05,5.477555561810731888e-03
1.061200000000000000e+04,1.857052120612934232e-05,5.348247475922107697e-03
1.061300000000000000e+04,1.850238550105132163e-05,5.258324556052684784e-03
1.061400000000000000e+04,1.843848258431535214e-05,5.108994431793689728e-03
1.061500000000000000e+04,1.836648152675479650e-05,5.053195636719465256e-03
1.061600000000000000e+04,1.826780317060183734e-05,4.939730744808912277e-03
1.061700000000000000e+04,1.821776277211029083e-05,4.953166004270315170e-03
1.061800000000000000e+04,1.817098745959810913e-05,4.922508262097835541e-03
1.061900000000000000e+04,1.812975460779853165e-05,4.895565565675497055e-03
1.062000000000000000e+04,1.810573121474590153e-05,4.797613248229026794e-03
1.062100000000000000e+04,1.807828084565699100e-05,4.906054120510816574e-03
1.062200000000000000e+04,1.805595093173906207e-05,4.839307162910699844e-03
1.062300000000000000e+04,1.803361737984232605e-05,4.775892477482557297e-03
1.062400000000000000e+04,1.801262624212540686e-05,4.718841519206762314e-03
1.062500000000000000e+04,1.801648795662913471e-05,4.476182628422975540e-03
1.062600000000000000e+04,1.800086465664207935e-05,4.604880232363939285e-03
1.062700000000000000e+04,1.798130324459634721e-05,4.584388341754674911e-03
1.062800000000000000e+04,1.795866592146921903e-05,4.484734963625669479e-03
1.062900000000000000e+04,1.793390401871874928e-05,4.350306466221809387e-03
1.063000000000000000e+04,1.788863664842210710e-05,4.148575477302074432e-03
1.063100000000000000e+04,1.781638457032386214e-05,3.673827741295099258e-03
1.063200000000000000e+04,1.774983684299513698e-05,3.560193348675966263e-03
1.063300000000000000e+04,1.770388917066156864e-05,3.627222497016191483e-03
1.063400000000000000e+04,1.767958383425138891e-05,3.699904307723045349e-03
1.063500000000000000e+04,1.766519562806934118e-05,3.840541467070579529e-03
1.063600000000000000e+04,1.764037369866855443e-05,4.054180812090635300e-03
1.063700000000000000e+04,1.760221493896096945e-05,4.272421821951866150e-03
1.063800000000000000e+04,1.765289562172256410e-05,4.903758410364389420e-03
1.063900000000000000e+04,1.757732934493105859e-05,4.498684313148260117e-03
1.064000000000000000e+04,1.752212301653344184e-05,4.587840754538774490e-03
1.064100000000000000e+04,1.746639463817700744e-05,4.630862269550561905e-03
1.064200000000000000e+04,1.737262209644541144e-05,4.510063678026199341e-03
1.064300000000000000e+04,1.729205723677296191e-05,4.405083600431680679e-03
1.064400000000000000e+04,1.718856765364762396e-05,4.165543243288993835e-03
1.064500000000000000e+04,1.716277438390534371e-05,3.852721769362688065e-03
1.064600000000000000e+04,1.706058901618234813e-05,3.847546642646193504e-03
1.064700000000000000e+04,1.700820939731784165e-05,3.948908764868974686e-03
1.064800000000000000e+04,1.696023900876753032e-05,3.918005619198083878e-03
1.064900000000000000e+04,1.689898090262431651e-05,3.840126562863588333e-03
1.065000000000000000e+04,1.686981522652786225e-05,3.770299954339861870e-03
1.065100000000000000e+04,1.685222741798497736e-05,3.770369570702314377e-03
1.065200000000000000e+04,1.683287700871005654e-05,3.830481786280870438e-03
1.065300000000000000e+04,1.686061477812472731e-05,4.018281586468219757e-03
1.065400000000000000e+04,1.682626498222816736e-05,3.887842176482081413e-03
1.065500000000000000e+04,1.681202411418780684e-05,4.026962444186210632e-03
1.065600000000000000e+04,1.679648812569212168e-05,4.138355143368244171e-03
1.065700000000000000e+04,1.679407432675361633e-05,4.355323966592550278e-03
1.065800000000000000e+04,1.700067878118716180e-05,4.726564045995473862e-03
1.065900000000000000e+04,1.677678119449410588e-05,4.433563444763422012e-03
1.066000000000000000e+04,1.675458770478144288e-05,4.264322575181722641e-03
1.066100000000000000e+04,1.672928010520990938e-05,4.140232689678668976e-03
1.066200000000000000e+04,1.670486199145670980e-05,4.125579260289669037e-03
1.066300000000000000e+04,1.670484198257327080e-05,4.159920848906040192e-03
1.066400000000000000e+04,1.669359880906995386e-05,4.142537247389554977e-03
1.066500000000000000e+04,1.666720891080331057e-05,4.335748497396707535e-03
1.066600000000000000e+04,1.663992588873952627e-05,4.571803379803895950e-03
1.066700000000000000e+04,1.660663656366523355e-05,4.894691053777933121e-03
1.066800000000000000e+04,1.657527354836929590e-05,5.024980287998914719e-03
1.066900000000000000e+04,1.653005529078654945e-05,5.111044738441705704e-03
1.067000000000000000e+04,1.648970101086888462e-05,5.121996626257896423e-03
1.067100000000000000e+04,1.642569623072631657e-05,5.076698958873748779e-03
1.067200000000000000e+04,1.636694105400238186e-05,5.070501472800970078e-03
1.067300000000000000e+04,1.628129939490463585e-05,4.932446405291557312e-03
1.067400000000000000e+04,1.618992246221750975e-05,4.618171136826276779e-03
1.067500000000000000e+04,1.990312921407166868e-05,2.974680159240961075e-03
1.067600000000000000e+04,1.615758446860127151e-05,4.459534306079149246e-03
1.067700000000000000e+04,1.607122612767852843e-05,4.192322958260774612e-03
1.067800000000000000e+04,1.599049573997035623e-05,3.861373756080865860e-03
1.067900000000000000e+04,1.589814746694173664e-05,3.610740648582577705e-03
1.068000000000000000e+04,1.580542812007479370e-05,3.377876244485378265e-03
1.068100000000000000e+04,1.573035478941164911e-05,3.207654925063252449e-03
1.068200000000000000e+04,1.566245737194549292e-05,3.090819576755166054e-03
1.068300000000000000e+04,1.561849239806178957e-05,3.258372889831662178e-03
1.068400000000000000e+04,1.558825897518545389e-05,3.273063804954290390e-03
1.068500000000000000e+04,1.557113318995106965e-05,3.299311269074678421e-03
1.068600000000000000e+04,1.555415110487956554e-05,3.315430367365479469e-03
1.068700000000000000e+04,1.549896842334419489e-05,3.565399674698710442e-03
1.068800000000000000e+04,1.543880898680072278e-05,3.374527208507061005e-03
1.068900000000000000e+04,1.538987089588772506e-05,3.557298332452774048e-03
1.069000000000000000e+04,1.534530747449025512e-05,3.552319249138236046e-03
1.069100000000000000e+04,1.532027999928686768e-05,3.519927384331822395e-03
1.069200000000000000e+04,1.527348467789124697e-05,3.513964824378490448e-03
1.069300000000000000e+04,1.523542505310615525e-05,3.513129428029060364e-03
1.069400000000000000e+04,1.520089426776394248e-05,3.564489539712667465e-03
1.069500000000000000e+04,1.516724660177715123e-05,3.629181301221251488e-03
1.069600000000000000e+04,1.510701531515223905e-05,3.802099497988820076e-03
1.069700000000000000e+04,1.506847365817520767e-05,3.848329884931445122e-03
1.069800000000000000e+04,1.503126622992567718e-05,3.797957906499505043e-03
1.069900000000000000e+04,1.500579946878133342e-05,3.724697278812527657e-03
1.070000000000000000e+04,1.499194331699982285e-05,3.381220158189535141e-03
1.070100000000000000e+04,1.496731238148640841e-05,3.496527438983321190e-03
1.070200000000000000e+04,1.495211836299858987e-05,3.547812812030315399e-03
1.070300000000000000e+04,1.492572664574254304e-05,3.495228476822376251e-03
1.070400000000000000e+04,1.489893656980711967e-05,3.429549280554056168e-03
1.070500000000000000e+04,1.487668487243354321e-05,3.289923071861267090e-03
1.070600000000000000e+04,1.485376742493826896e-05,3.230715868994593620e-03
1.070700000000000000e+04,1.482440347899682820e-05,3.169607138261198997e-03
1.070800000000000000e+04,1.478977537772152573e-05,3.174463519826531410e-03
1.070900000000000000e+04,1.470085589971859008e-05,3.255082527175545692e-03
1.071000000000000000e+04,1.462685577280353755e-05,3.005309961736202240e-03
1.071100000000000000e+04,1.456003064959077165e-05,2.956233918666839600e-03
1.071200000000000000e+04,1.448745661036809906e-05,2.851530211046338081e-03
1.071300000000000000e+04,1.443372366338735446e-05,2.888239687308669090e-03
1.071400000000000000e+04,1.436589900549734011e-05,2.905555069446563721e-03
1.071500000000000000e+04,1.436146703781560063e-05,2.645312575623393059e-03
1.071600000000000000e+04,1.432754834240768105e-05,2.763816853985190392e-03
1.071700000000000000e+04,1.427137249265797436e-05,2.785624936223030090e-03
1.071800000000000000e+04,1.421562228642869741e-05,2.775796223431825638e-03
1.071900000000000000e+04,1.416253871866501868e-05,2.780653070658445358e-03
1.072000000000000000e+04,1.411190260114381090e-05,2.946278080344200134e-03
1.072100000000000000e+04,1.406821411364944652e-05,2.899628831073641777e-03
1.072200000000000000e+04,1.402727502863854170e-05,2.910344162955880165e-03
1.072300000000000000e+04,1.396176321577513590e-05,2.923271153122186661e-03
1.072400000000000000e+04,1.399000211677048355e-05,3.151360433548688889e-03
1.072500000000000000e+04,1.392649937770329416e-05,3.018231829628348351e-03
1.072600000000000000e+04,1.387969587085535750e-05,2.874425146728754044e-03
1.072700000000000000e+04,1.385139785270439461e-05,2.774232998490333557e-03
1.072800000000000000e+04,1.382075697620166466e-05,2.583477180451154709e-03
1.072900000000000000e+04,1.379241075483150780e-05,2.374889794737100601e-03
1.073000000000000000e+04,1.376809632347431034e-05,2.271053148433566093e-03
1.073100000000000000e+04,1.374880503135500476e-05,2.135733375325798988e-03
1.073200000000000000e+04,1.373374016111483797e-05,2.153486944735050201e-03
1.073300000000000000e+04,1.371513644699007273e-05,2.184261567890644073e-03
1.073400000000000000e+04,1.369346682622563094e-05,2.181873191148042679e-03
1.073500000000000000e+04,1.367722870782017708e-05,2.178027061745524406e-03
1.073600000000000000e+04,1.365802654618164524e-05,2.099284669384360313e-03
1.073700000000000000e+04,1.364084255328634754e-05,2.056631492450833321e-03
1.073800000000000000e+04,1.362360035273013636e-05,2.015539677813649178e-03
1.073900000000000000e+04,1.360286478302441537e-05,2.047798130661249161e-03
1.074000000000000000e+04,1.357648761768359691e-05,2.131587127223610878e-03
1.074100000000000000e+04,1.356158645648974925e-05,2.222832990810275078e-03
1.074200000000000000e+04,1.354521464236313477e-05,2.305285306647419930e-03
1.074300000000000000e+04,1.352945855614962056e-05,2.354994183406233788e-03
1.074400000000000000e+04,1.351071568933548406e-05,2.462159842252731323e-03
1.074500000000000000e+04,1.374022667732788250e-05,2.375558484345674515e-03
1.074600000000000000e+04,1.348686964774969965e-05,2.432715846225619316e-03
1.074700000000000000e+04,1.345543569186702371e-05,2.405548002570867538e-03
1.074800000000000000e+04,1.340520066150929779e-05,2.445002086460590363e-03
1.074900000000000000e+04,1.338861420663306490e-05,2.631943672895431519e-03
1.075000000000000000e+04,1.336872992396820337e-05,2.692652866244316101e-03
1.075100000000000000e+04,1.334021180809941143e-05,2.806873060762882233e-03
1.075200000000000000e+04,1.331283965555485338e-05,2.829312114045023918e-03
1.075300000000000000e+04,1.328495818597730249e-05,2.763077151030302048e-03
1.075400000000000000e+04,1.326004166912753135e-05,2.669935580343008041e-03
1.075500000000000000e+04,1.323291144217364490e-05,2.503445139154791832e-03
1.075600000000000000e+04,1.320687078987248242e-05,2.415348542854189873e-03
1.075700000000000000e+04,1.317587702942546457e-05,2.378213452175259590e-03
1.075800000000000000e+04,1.314236851612804458e-05,2.474941778928041458e-03
1.075900000000000000e+04,1.307971069763880223e-05,2.503050025552511215e-03
1.076000000000000000e+04,1.304217130382312462e-05,2.570064505562186241e-03
1.076100000000000000e+04,1.298886672884691507e-05,2.970494795590639114e-03
1.076200000000000000e+04,1.294910998694831505e-05,2.747997408732771873e-03
1.076300000000000000e+04,1.292293018195778131e-05,2.645909553393721581e-03
1.076400000000000000e+04,1.288611110794590786e-05,2.635884797200560570e-03
1.076500000000000000e+04,1.285577491216827184e-05,2.588894451037049294e-03
1.076600000000000000e+04,1.282995162910083309e-05,2.656261203810572624e-03
1.076700000000000000e+04,1.280494871025439352e-05,2.683590631932020187e-03
1.076800000000000000e+04,1.278470608667703345e-05,2.645553322508931160e-03
1.076900000000000000e+04,1.276413695450173691e-05,2.615683712065219879e-03
1.077000000000000000e+04,1.273400084755849093e-05,2.538860309869050980e-03
1.077100000000000000e+04,1.271800101676490158e-05,2.457584487274289131e-03
1.077200000000000000e+04,1.270221036975272000e-05,2.448643557727336884e-03
1.077300000000000000e+04,1.266962681256700307e-05,2.289750147610902786e-03
1.077400000000000000e+04,1.265221453650156036e-05,2.192783169448375702e-03
1.077500000000000000e+04,1.262218029296491295e-05,2.005351940169930458e-03
1.077600000000000000e+04,1.258833981410134584e-05,1.947312033735215664e-03
1.077700000000000000e+04,1.255596544069703668e-05,1.876259688287973404e-03
1.077800000000000000e+04,1.250648347195237875e-05,1.838379539549350739e-03
1.077900000000000000e+04,1.247089767275610939e-05,1.866747858002781868e-03
1.078000000000000000e+04,1.242932557943277061e-05,1.902813790366053581e-03
1.078100000000000000e+04,1.237031483469763771e-05,1.964268274605274200e-03
1.078200000000000000e+04,1.233685543411411345e-05,1.961959293112158775e-03
1.078300000000000000e+04,1.232152953889453784e-05,1.898544025607407093e-03
1.078400000000000000e+04,1.225620599143439904e-05,1.847890787757933140e-03
1.078500000000000000e+04,1.221962338604498655e-05,1.792255905456840992e-03
1.078600000000000000e+04,1.215978227264713496e-05,1.749208546243607998e-03
1.078700000000000000e+04,1.212198367284145206e-05,1.752069802023470402e-03
1.078800000000000000e+04,1.208893263537902385e-05,1.845877734012901783e-03
1.078900000000000000e+04,1.206812339660245925e-05,1.820748089812695980e-03
1.079000000000000000e+04,1.205175431095995009e-05,1.806184649467468262e-03
1.079100000000000000e+04,1.202890325657790527e-05,1.778315869159996510e-03
1.079200000000000000e+04,1.200344922835938632e-05,1.780709368176758289e-03
1.079300000000000000e+04,1.196117045765276998e-05,1.819473924115300179e-03
1.079400000000000000e+04,1.191662158817052841e-05,1.853766734711825848e-03
1.079500000000000000e+04,1.200494261865969747e-05,1.821139012463390827e-03
1.079600000000000000e+04,1.189682734548114240e-05,1.828648732043802738e-03
1.079700000000000000e+04,1.186804092867532745e-05,1.824767678044736385e-03
1.079800000000000000e+04,1.183163658424746245e-05,1.795249641872942448e-03
1.079900000000000000e+04,1.180717481474857777e-05,1.802687766030430794e-03
1.080000000000000000e+04,1.177149624709272757e-05,1.902641728520393372e-03
1.080100000000000000e+04,1.174488716060295701e-05,2.025916241109371185e-03
1.080200000000000000e+04,1.173756118078017607e-05,2.188652520999312401e-03
1.080300000000000000e+04,1.170460654975613579e-05,2.111905487254261971e-03
1.080400000000000000e+04,1.169058941741241142e-05,2.107605338096618652e-03
1.080500000000000000e+04,1.167289428849471733e-05,2.175549510866403580e-03
1.080600000000000000e+04,1.166127731266897172e-05,2.230043057352304459e-03
1.080700000000000000e+04,1.164031436928780749e-05,2.309258095920085907e-03
1.080800000000000000e+04,1.165070716524496675e-05,2.243849914520978928e-03
1.080900000000000000e+04,1.162725766334915534e-05,2.275264356285333633e-03
1.081000000000000000e+04,1.161445288744289428e-05,2.517713000997900963e-03
1.081100000000000000e+04,1.158387385657988489e-05,2.290609758347272873e-03
1.081200000000000000e+04,1.156542111857561395e-05,2.138657961040735245e-03
1.081300000000000000e+04,1.152616823674179614e-05,1.919205999001860619e-03
1.081400000000000000e+04,1.151049582404084504e-05,1.754676806740462780e-03
1.081500000000000000e+04,1.146124668593984097e-05,1.779520418494939804e-03
1.081600000000000000e+04,1.144214365922380239e-05,1.832388108596205711e-03
1.081700000000000000e+04,1.141034044849220663e-05,1.903597614727914333e-03
1.081800000000000000e+04,1.137394792749546468e-05,1.992291770875453949e-03
1.081900000000000000e+04,1.134462036134209484e-05,1.999250147491693497e-03
1.082000000000000000e+04,1.130168129748199135e-05,1.861219527199864388e-03
1.082100000000000000e+04,1.126161532738478854e-05,1.761792576871812344e-03
1.082200000000000000e+04,1.120995875680819154e-05,1.652601524256169796e-03
1.082300000000000000e+04,1.115706982091069221e-05,1.658127061091363430e-03
1.082400000000000000e+04,1.110938410420203581e-05,1.727003487758338451e-03
1.082500000000000000e+04,1.112572681449819356e-05,1.814544433727860451e-03
1.082600000000000000e+04,1.109024287870852277e-05,1.759226201102137566e-03
1.082700000000000000e+04,1.105562296288553625e-05,1.956879626959562302e-03
1.082800000000000000e+04,1.101633188227424398e-05,2.213076921179890633e-03
1.082900000000000000e+04,1.097585027309833094e-05,2.373589668422937393e-03
1.083000000000000000e+04,1.093427181331207976e-05,2.428951207548379898e-03
1.083100000000000000e+04,1.090060322894714773e-05,2.490106271579861641e-03
1.083200000000000000e+04,1.084871837520040572e-05,2.314357785508036613e-03
1.083300000000000000e+04,1.082643211702816188e-05,2.195295179262757301e-03
1.083400000000000000e+04,1.080638139683287591e-05,2.081666607409715652e-03
1.083500000000000000e+04,1.078551213140599430e-05,2.071771537885069847e-03
1.083600000000000000e+04,1.075116506399353966e-05,2.177486894652247429e-03
1.083700000000000000e+04,1.073456314770737663e-05,2.345281885936856270e-03
1.083800000000000000e+04,1.071756378223653883e-05,2.613811520859599113e-03
1.083900000000000000e+04,1.069693098543211818e-05,2.630248200148344040e-03
1.084000000000000000e+04,1.066711502062389627e-05,2.706551924347877502e-03
1.084100000000000000e+04,1.064259868144290522e-05,2.762285759672522545e-03
1.084200000000000000e+04,1.060661270457785577e-05,2.780745038762688637e-03
1.084300000000000000e+04,1.056965356838190928e-05,2.721739700064063072e-03
1.084400000000000000e+04,1.052250809152610600e-05,2.890567993745207787e-03
1.084500000000000000e+04,1.048119520419277251e-05,2.366384491324424744e-03
1.084600000000000000e+04,1.044377677317243069e-05,2.421617740765213966e-03
1.084700000000000000e+04,1.042112398863537237e-05,2.413123380392789841e-03
1.084800000000000000e+04,1.040145798469893634e-05,2.383768558502197266e-03
1.084900000000000000e+04,1.037260517477989197e-05,2.249751472845673561e-03
1.085000000000000000e+04,1.035565583151765168e-05,2.249286510050296783e-03
1.085100000000000000e+04,1.033966873364988714e-05,2.229186706244945526e-03
1.085200000000000000e+04,1.031539613904897124e-05,2.238972112536430359e-03
1.085300000000000000e+04,1.029761915560811758e-05,2.290426520630717278e-03
1.085400000000000000e+04,1.027743292070226744e-05,2.371616894379258156e-03
1.085500000000000000e+04,1.026239715429255739e-05,2.423154423013329506e-03
1.085600000000000000e+04,1.023601180349942297e-05,2.463171724230051041e-03
1.085700000000000000e+04,1.019610135699622333e-05,2.379470970481634140e-03
1.085800000000000000e+04,1.014555255096638575e-05,2.184325363487005234e-03
1.085900000000000000e+04,1.012893608276499435e-05,1.934233936481177807e-03
1.086000000000000000e+04,1.006744696496753022e-05,1.897664391435682774e-03
1.086100000000000000e+04,1.004527712211711332e-05,1.907263416796922684e-03
1.086200000000000000e+04,1.002347471512621269e-05,1.783210318535566330e-03
1.086300000000000000e+04,9.997870620281901211e-06,1.834799884818494320e-03
1.086400000000000000e+04,9.959875569620635360e-06,1.810136483982205391e-03
1.086500000000000000e+04,9.931884051184169948e-06,1.703948481008410454e-03
1.086600000000000000e+04,9.914976544678211212e-06,1.807563123293220997e-03
1.086700000000000000e+04,9.906142622639890760e-06,1.867036218754947186e-03
1.086800000000000000e+04,9.886069165077060461e-06,2.007054165005683899e-03
1.086900000000000000e+04,9.869323548628017306e-06,2.150370273739099503e-03
1.087000000000000000e+04,9.834993761614896357e-06,2.153003588318824768e-03
1.087100000000000000e+04,9.801406122278422117e-06,2.048835158348083496e-03
1.087200000000000000e+04,9.776887964108027518e-06,1.986402319744229317e-03
1.087300000000000000e+04,9.746817340783309191e-06,2.019180450588464737e-03
1.087400000000000000e+04,9.701541785034351051e-06,2.095723990350961685e-03
1.087500000000000000e+04,9.673737622506450862e-06,2.301225438714027405e-03
1.087600000000000000e+04,9.647756996855605394e-06,2.351567149162292480e-03
1.087700000000000000e+04,9.623446203477215022e-06,2.355627715587615967e-03
1.087800000000000000e+04,9.612748726794961840e-06,2.423967467620968819e-03
1.087900000000000000e+04,9.597370080882683396e-06,2.372415969148278236e-03
1.088000000000000000e+04,9.570608199283014983e-06,2.217480214312672615e-03
1.088100000000000000e+04,9.552799383527599275e-06,2.173433545976877213e-03
1.088200000000000000e+04,9.535719073028303683e-06,2.141808625310659409e-03
1.088300000000000000e+04,9.507246431894600391e-06,2.130995271727442741e-03
1.088400000000000000e+04,9.488783689448609948e-06,2.147054998204112053e-03
1.088500000000000000e+04,9.468056305195204914e-06,2.157421316951513290e-03
1.088600000000000000e+04,9.449164281249977648e-06,2.194910077378153801e-03
1.088700000000000000e+04,9.438304005016107112e-06,2.200186718255281448e-03
1.088800000000000000e+04,9.423488336324226111e-06,2.180515090003609657e-03
1.088900000000000000e+04,9.410260645381640643e-06,2.136135008186101913e-03
1.089000000000000000e+04,9.423351002624258399e-06,2.142463345080614090e-03
1.089100000000000000e+04,9.403772310179192573e-06,2.138021402060985565e-03
1.089200000000000000e+04,9.390018931298982352e-06,2.082072896882891655e-03
1.089300000000000000e+04,9.375657100463286042e-06,2.035079523921012878e-03
1.089400000000000000e+04,9.362031050841324031e-06,2.012427197769284248e-03
1.089500000000000000e+04,9.345718353870324790e-06,1.859038369730114937e-03
1.089600000000000000e+04,1.009376319416332990e-05,3.970288671553134918e-03
1.089700000000000000e+04,9.335244612884707749e-06,2.034822944551706314e-03
1.089800000000000000e+04,9.316447176388464868e-06,1.956512685865163803e-03
1.089900000000000000e+04,9.289143235946539789e-06,1.860895776189863682e-03
1.090000000000000000e+04,9.274887815990950912e-06,1.846062135882675648e-03
1.090100000000000000e+04,9.251576557289808989e-06,1.692950492724776268e-03
1.090200000000000000e+04,9.232733646058477461e-06,1.929151010699570179e-03
1.090300000000000000e+04,9.196093742502853274e-06,1.889185979962348938e-03
1.090400000000000000e+04,9.172867976303678006e-06,1.881404547020792961e-03
1.090500000000000000e+04,9.154647159448359162e-06,1.883808989077806473e-03
1.090600000000000000e+04,9.130199032370001078e-06,1.868519233539700508e-03
1.090700000000000000e+04,9.074737135961186141e-06,1.790138776414096355e-03
1.090800000000000000e+04,9.033006790559738874e-06,1.722714398056268692e-03
1.090900000000000000e+04,9.014442184707149863e-06,1.672967686317861080e-03
1.091000000000000000e+04,8.987755791167728603e-06,1.673722406849265099e-03
1.091100000000000000e+04,8.971950592240318656e-06,1.676997635513544083e-03
1.091200000000000000e+04,8.946589332481380552e-06,1.697897096164524555e-03
1.091300000000000000e+04,8.923840141505934298e-06,1.748807611875236034e-03
1.091400000000000000e+04,8.908763447834644467e-06,1.773543539457023144e-03
1.091500000000000000e+04,8.893757694750092924e-06,1.789349364116787910e-03
1.091600000000000000e+04,8.879151209839619696e-06,1.760702463798224926e-03
1.091700000000000000e+04,8.862148206389974803e-06,1.740485662594437599e-03
1.091800000000000000e+04,8.840955160849262029e-06,1.709293806925415993e-03
1.091900000000000000e+04,8.831145350995939225e-06,1.674773986451327801e-03
1.092000000000000000e+04,8.822487870929762721e-06,1.660024514421820641e-03
1.092100000000000000e+04,8.814088687358889729e-06,1.645785639993846416e-03
1.092200000000000000e+04,8.803339369478635490e-06,1.638739020563662052e-03
1.092300000000000000e+04,8.791243089945055544e-06,1.634624437429010868e-03
1.092400000000000000e+04,9.512943506706506014e-06,1.724270521663129330e-03
1.092500000000000000e+04,8.787802471488248557e-06,1.635686028748750687e-03
1.092600000000000000e+04,8.773605259193573147e-06,1.634928397834300995e-03
1.092700000000000000e+04,8.756952411204110831e-06,1.631812890991568565e-03
1.092800000000000000e+04,8.738154065213166177e-06,1.600954448804259300e-03
1.092900000000000000e+04,8.719970537640620023e-06,1.581657328642904758e-03
1.093000000000000000e+04,8.700675607542507350e-06,1.565613551065325737e-03
1.093100000000000000e+04,8.764382073422893882e-06,1.447732443921267986e-03
1.093200000000000000e+04,8.692292794876266271e-06,1.533035421743988991e-03
1.093300000000000000e+04,8.669490853208117187e-06,1.470890478231012821e-03
1.093400000000000000e+04,8.658157639729324728e-06,1.455090939998626709e-03
1.093500000000000000e+04,8.649331903143320233e-06,1.427015755325555801e-03
1.093600000000000000e+04,8.642828106530942023e-06,1.424769521690905094e-03
1.093700000000000000e+04,8.633478500996716321e-06,1.422648550942540169e-03
1.093800000000000000e+04,8.627128408988937736e-06,1.425349735654890537e-03
1.093900000000000000e+04,8.618096217105630785e-06,1.428439165465533733e-03
1.094000000000000000e+04,8.605014954810030758e-06,1.456803525798022747e-03
1.094100000000000000e+04,8.650907147966790944e-06,1.482555759139358997e-03
1.094200000000000000e+04,8.597640771768055856e-06,1.462673768401145935e-03
1.094300000000000000e+04,8.584248462284449488e-06,1.533321104943752289e-03
1.094400000000000000e+04,8.572765182179864496e-06,1.611286192201077938e-03
1.094500000000000000e+04,8.566470569348894060e-06,1.648488570936024189e-03
1.094600000000000000e+04,8.553149200452025980e-06,1.693215803243219852e-03
1.094700000000000000e+04,8.550950042263139039e-06,1.696974039077758789e-03
1.094800000000000000e+04,8.532829269825015217e-06,1.690491335466504097e-03
1.094900000000000000e+04,8.525631528755184263e-06,1.673431717790663242e-03
1.095000000000000000e+04,8.515145054843742400e-06,1.653766492381691933e-03
1.095100000000000000e+04,8.504405741405207664e-06,1.639987458474934101e-03
1.095200000000000000e+04,8.488538696838077158e-06,1.577682909555733204e-03
1.095300000000000000e+04,8.473989510093815625e-06,1.530013978481292725e-03
1.095400000000000000e+04,8.459617674816399813e-06,1.449281116947531700e-03
1.095500000000000000e+04,8.446853826171718538e-06,1.426764647476375103e-03
1.095600000000000000e+04,8.428130058746319264e-06,1.401365036144852638e-03
1.095700000000000000e+04,8.414128387812525034e-06,1.464717322960495949e-03
1.095800000000000000e+04,8.397606507060118020e-06,1.497808960266411304e-03
1.095900000000000000e+04,8.385181899939198047e-06,1.569562242366373539e-03
1.096000000000000000e+04,8.368882845388725400e-06,1.681810710579156876e-03
1.096100000000000000e+04,8.354989404324442148e-06,1.752008683979511261e-03
1.096200000000000000e+04,8.334090125572402030e-06,1.787360059097409248e-03
1.096300000000000000e+04,8.317296305904164910e-06,1.738766790367662907e-03
1.096400000000000000e+04,8.303315553348511457e-06,1.605030964128673077e-03
1.096500000000000000e+04,8.296144187625031918e-06,1.539681921713054180e-03
1.096600000000000000e+04,8.290159712487366050e-06,1.484609441831707954e-03
1.096700000000000000e+04,8.279861503979191184e-06,1.463564112782478333e-03
1.096800000000000000e+04,8.280418114736676216e-06,1.471532392315566540e-03
1.096900000000000000e+04,8.273695129901170731e-06,1.466627698391675949e-03
1.097000000000000000e+04,8.264787538792006671e-06,1.512218848802149296e-03
1.097100000000000000e+04,8.257940862677060068e-06,1.575452741235494614e-03
1.097200000000000000e+04,8.249532584159169346e-06,1.620339811779558659e-03
1.097300000000000000e+04,8.232415893871802837e-06,1.623725518584251404e-03
1.097400000000000000e+04,8.219823939725756645e-06,1.587938866578042507e-03
1.097500000000000000e+04,8.203923243854660541e-06,1.552185043692588806e-03
1.097600000000000000e+04,8.190625521820038557e-06,1.534733804874122143e-03
1.097700000000000000e+04,8.212376087612938136e-06,1.522760372608900070e-03
1.097800000000000000e+04,8.185096703527960926e-06,1.529719447717070580e-03
1.097900000000000000e+04,8.173748938133940101e-06,1.567617990076541901e-03
1.098000000000000000e+04,8.157080628734547645e-06,1.675262348726391792e-03
1.098100000000000000e+04,8.143649210978765041e-06,1.777284545823931694e-03
1.098200000000000000e+04,8.125432941596955061e-06,1.831203000620007515e-03
1.098300000000000000e+04,8.108806468953844160e-06,1.788344117812812328e-03
1.098400000000000000e+04,8.095007615338545293e-06,1.572599518112838268e-03
1.098500000000000000e+04,8.083454304141923785e-06,1.448731170967221260e-03
1.098600000000000000e+04,8.074890502030029893e-06,1.348603051155805588e-03
1.098700000000000000e+04,8.070579497143626213e-06,1.309226732701063156e-03
1.098800000000000000e+04,8.061651897151023149e-06,1.273355912417173386e-03
1.098900000000000000e+04,8.051656550378538668e-06,1.253407914191484451e-03
1.099000000000000000e+04,8.052258635871112347e-06,1.244638231582939625e-03
1.099100000000000000e+04,8.046759830904193223e-06,1.247339299879968166e-03
1.099200000000000000e+04,8.036958206503186375e-06,1.249026972800493240e-03
1.099300000000000000e+04,8.029977834667079151e-06,1.260647550225257874e-03
1.099400000000000000e+04,8.019987944862805307e-06,1.279108226299285889e-03
1.099500000000000000e+04,8.011857062228955328e-06,1.290751737542450428e-03
1.099600000000000000e+04,8.011661520868074149e-06,1.274423790164291859e-03
1.099700000000000000e+04,8.006083589862100780e-06,1.281082513742148876e-03
1.099800000000000000e+04,7.994193765625823289e-06,1.284566242247819901e-03
1.099900000000000000e+04,7.984709554875735193e-06,1.259537530131638050e-03
1.100000000000000000e+04,7.977932909852825105e-06,1.254898961633443832e-03
1.100100000000000000e+04,7.968607860675547272e-06,1.255257870070636272e-03
1.100200000000000000e+04,7.959441063576377928e-06,1.260594930499792099e-03
1.100300000000000000e+04,7.988691322680097073e-06,1.271485816687345505e-03
1.100400000000000000e+04,7.953255590109620243e-06,1.261141616851091385e-03
1.100500000000000000e+04,7.941946932987775654e-06,1.267250976525247097e-03
1.100600000000000000e+04,7.928099876153282821e-06,1.271957880817353725e-03
1.100700000000000000e+04,7.918938536022324115e-06,1.280445838347077370e-03
1.100800000000000000e+04,7.907531653472688049e-06,1.279834075830876827e-03
1.100900000000000000e+04,7.897853720351122320e-06,1.298198360018432140e-03
1.101000000000000000e+04,7.887015271990094334e-06,1.289887819439172745e-03
1.101100000000000000e+04,7.877446478232741356e-06,1.288038911297917366e-03
1.101200000000000000e+04,7.871265552239492536e-06,1.284014899283647537e-03
1.101300000000000000e+04,7.873588401707820594e-06,1.369600649923086166e-03
1.101400000000000000e+04,7.867402928241062909e-06,1.312335138209164143e-03
1.101500000000000000e+04,7.864548024372197688e-06,1.280454918742179871e-03
1.101600000000000000e+04,7.855053809180390090e-06,1.283580437302589417e-03
1.101700000000000000e+04,7.850563633837737143e-06,1.284829108044505119e-03
1.101800000000000000e+04,7.842557351978030056e-06,1.282831071875989437e-03
1.101900000000000000e+04,7.831101356714498252e-06,1.272539957426488400e-03
1.102000000000000000e+04,7.820406608516350389e-06,1.262250822037458420e-03
1.102100000000000000e+04,7.811157956894021481e-06,1.257634605281054974e-03
1.102200000000000000e+04,7.801932042639236897e-06,1.260579098016023636e-03
1.102300000000000000e+04,7.793205440975725651e-06,1.263515907339751720e-03
1.102400000000000000e+04,7.772810022288467735e-06,1.264926511794328690e-03
1.102500000000000000e+04,8.056023943936452270e-06,1.577714574523270130e-03
1.102600000000000000e+04,7.769682270009070635e-06,1.270901761017739773e-03
1.102700000000000000e+04,7.747901690891012549e-06,1.264177495613694191e-03
1.102800000000000000e+04,7.724461283942218870e-06,1.254398841410875320e-03
1.102900000000000000e+04,7.696604370721615851e-06,1.244687242433428764e-03
1.103000000000000000e+04,7.676017048652283847e-06,1.236519543454051018e-03
1.103100000000000000e+04,7.653576176380738616e-06,1.226323540322482586e-03
1.103200000000000000e+04,7.642345735803246498e-06,1.214548479765653610e-03
1.103300000000000000e+04,7.636446753167547286e-06,1.205940265208482742e-03
1.103400000000000000e+04,7.625915259268367663e-06,1.205314067192375660e-03
1.103500000000000000e+04,7.628191269759554416e-06,1.222494523972272873e-03
1.103600000000000000e+04,7.620694304932840168e-06,1.212093397043645382e-03
1.103700000000000000e+04,7.603556241519981995e-06,1.222173916175961494e-03
1.103800000000000000e+04,7.586361789435613900e-06,1.241202233359217644e-03
1.103900000000000000e+04,7.563305189250968397e-06,1.316562644205987453e-03
1.104000000000000000e+04,7.554415788035839796e-06,1.330859959125518799e-03
1.104100000000000000e+04,7.541700142610352486e-06,1.344272051937878132e-03
1.104200000000000000e+04,7.528802598244510591e-06,1.348753576166927814e-03
1.104300000000000000e+04,7.518910024373326451e-06,1.310030114836990833e-03
1.104400000000000000e+04,7.508128874178510159e-06,1.252976944670081139e-03
1.104500000000000000e+04,7.685293894610367715e-06,1.215674099512398243e-03
1.104600000000000000e+04,7.505781468353234231e-06,1.246860018000006676e-03
1.104700000000000000e+04,7.495390491385478526e-06,1.209540292620658875e-03
1.104800000000000000e+04,7.483183253498282284e-06,1.156132668256759644e-03
1.104900000000000000e+04,7.467487648682435974e-06,1.159776002168655396e-03
1.105000000000000000e+04,7.459386324626393616e-06,1.179059618152678013e-03
1.105100000000000000e+04,7.453729722328716889e-06,1.206675427965819836e-03
1.105200000000000000e+04,7.446516974596306682e-06,1.211830414831638336e-03
1.105300000000000000e+04,7.432590791722759604e-06,1.254519680514931679e-03
1.105400000000000000e+04,7.425835974572692066e-06,1.225845189765095711e-03
1.105500000000000000e+04,7.415652362396940589e-06,1.269063446670770645e-03
1.105600000000000000e+04,7.407063094433397055e-06,1.306422986090183258e-03
1.105700000000000000e+04,7.397697572741890326e-06,1.344545511528849602e-03
1.105800000000000000e+04,7.385782737401314080e-06,1.395798055455088615e-03
1.105900000000000000e+04,7.391684903268469498e-06,1.570929423905909061e-03
1.106000000000000000e+04,7.381369869108311832e-06,1.462254440411925316e-03
1.106100000000000000e+04,7.365449619101127610e-06,1.463193912059068680e-03
1.106200000000000000e+04,7.356205969699658453e-06,1.422006287612020969e-03
1.106300000000000000e+04,7.342725893977330998e-06,1.327369129285216331e-03
1.106400000000000000e+04,7.333637768169865012e-06,1.254327944479882717e-03
1.106500000000000000e+04,7.317310064536286518e-06,1.167435315437614918e-03
1.106600000000000000e+04,7.322822057176381350e-06,1.106791780330240726e-03
1.106700000000000000e+04,7.310819455597084016e-06,1.137295621447265148e-03
1.106800000000000000e+04,7.302114681806415319e-06,1.131924567744135857e-03
1.106900000000000000e+04,7.286306299647549167e-06,1.154380850493907928e-03
1.107000000000000000e+04,7.268369699886534363e-06,1.202433835715055466e-03
1.107100000000000000e+04,7.241255389089928940e-06,1.339301234111189842e-03
1.107200000000000000e+04,7.223280135804088786e-06,1.433569123037159443e-03
1.107300000000000000e+04,7.211339834611862898e-06,1.460109255276620388e-03
1.107400000000000000e+04,7.194785666797542945e-06,1.444721012376248837e-03
1.107500000000000000e+04,7.186770289990818128e-06,1.418128260411322117e-03
1.107600000000000000e+04,7.173233370849629864e-06,1.334777451120316982e-03
1.107700000000000000e+04,7.168604497564956546e-06,1.290962914936244488e-03
1.107800000000000000e+04,7.161648682085797191e-06,1.259550568647682667e-03
1.107900000000000000e+04,7.153714250307530165e-06,1.224016188643872738e-03
1.108000000000000000e+04,7.144489700294798240e-06,1.172762713395059109e-03
1.108100000000000000e+04,7.131073289201594889e-06,1.213940791785717010e-03
1.108200000000000000e+04,7.122627721400931478e-06,1.218653749674558640e-03
1.108300000000000000e+04,7.108217687346041203e-06,1.214871648699045181e-03
1.108400000000000000e+04,7.101134087861282751e-06,1.209067180752754211e-03
1.108500000000000000e+04,7.095124146871967241e-06,1.194828189909458160e-03
1.108600000000000000e+04,7.086996447469573468e-06,1.186189358122646809e-03
1.108700000000000000e+04,7.080589512042934075e-06,1.196059165522456169e-03
1.108800000000000000e+04,7.071779691614210606e-06,1.230505295097827911e-03
1.108900000000000000e+04,7.062582881189882755e-06,1.280556898564100266e-03
1.109000000000000000e+04,7.049663963698549196e-06,1.328237471170723438e-03
1.109100000000000000e+04,7.121089765860233456e-06,1.591620268300175667e-03
1.109200000000000000e+04,7.044249286991544068e-06,1.378838904201984406e-03
1.109300000000000000e+04,7.031063432805240154e-06,1.410439959727227688e-03
1.109400000000000000e+04,7.020162684057140723e-06,1.421043183654546738e-03
1.109500000000000000e+04,7.013936283328803256e-06,1.419962383806705475e-03
1.109600000000000000e+04,7.004842245805775747e-06,1.423991401679813862e-03
1.109700000000000000e+04,6.992042926867725328e-06,1.499501406215131283e-03
1.109800000000000000e+04,6.976323675189632922e-06,1.501893973909318447e-03
1.109900000000000000e+04,6.965539341763360426e-06,1.839142758399248123e-03
1.110000000000000000e+04,6.952883268240839243e-06,1.707140007056295872e-03
1.110100000000000000e+04,6.945029326743679121e-06,1.600682851858437061e-03
1.110200000000000000e+04,6.937211765034589916e-06,1.528178923763334751e-03
1.110300000000000000e+04,6.926891273906221613e-06,1.424138201400637627e-03
1.110400000000000000e+04,6.917273822182323784e-06,1.316395588219165802e-03
1.110500000000000000e+04,6.910838237672578543e-06,1.241229707375168800e-03
1.110600000000000000e+04,6.904093879711581394e-06,1.187459565699100494e-03
1.110700000000000000e+04,6.898640094732400030e-06,1.150359399616718292e-03
1.110800000000000000e+04,6.891350039950339124e-06,1.130199059844017029e-03
1.110900000000000000e+04,6.884129561512963846e-06,1.111159333959221840e-03
1.111000000000000000e+04,6.883607966301497072e-06,1.138292020186781883e-03
1.111100000000000000e+04,6.877994110254803672e-06,1.124482485465705395e-03
1.111200000000000000e+04,6.872779977129539475e-06,1.155987614765763283e-03
1.111300000000000000e+04,6.862584086775314063e-06,1.215019379742443562e-03
1.111400000000000000e+04,6.856592790427384898e-06,1.256270450539886951e-03
1.111500000000000000e+04,6.847574240964604542e-06,1.279869582504034042e-03
1.111600000000000000e+04,6.840274636488175020e-06,1.280107302591204643e-03
1.111700000000000000e+04,6.827145625720731914e-06,1.299491967074573040e-03
1.111800000000000000e+04,6.816271252318983898e-06,1.342595671303570271e-03
1.111900000000000000e+04,6.809448223066283390e-06,1.311641302891075611e-03
1.112000000000000000e+04,6.802803454775130376e-06,1.313734566792845726e-03
1.112100000000000000e+04,6.798486538173165172e-06,1.324627548456192017e-03
1.112200000000000000e+04,6.785396180930547416e-06,1.321717980317771435e-03
1.112300000000000000e+04,6.779405339329969138e-06,1.224494073539972305e-03
1.112400000000000000e+04,6.769290394004201517e-06,1.264008460566401482e-03
1.112500000000000000e+04,6.764735644537722692e-06,1.238731900230050087e-03
1.112600000000000000e+04,6.755096819688333198e-06,1.208947855047881603e-03
1.112700000000000000e+04,6.742626283084973693e-06,1.147637725807726383e-03
1.112800000000000000e+04,6.727030722686322406e-06,1.092663966119289398e-03
1.112900000000000000e+04,6.714981736877234653e-06,1.125935232266783714e-03
1.113000000000000000e+04,6.706025942548876628e-06,1.132023753598332405e-03
1.113100000000000000e+04,6.695552201563259587e-06,1.162130618467926979e-03
1.113200000000000000e+04,6.688072517135879025e-06,1.166072790510952473e-03
1.113300000000000000e+04,6.678069894405780360e-06,1.143784960731863976e-03
1.113400000000000000e+04,6.672966264886781573e-06,1.049725222401320934e-03
1.113500000000000000e+04,6.660793133050901815e-06,1.032581669278442860e-03
1.113600000000000000e+04,6.655272500211140141e-06,1.017779111862182617e-03
1.113700000000000000e+04,6.650042450928594917e-06,1.006090897135436535e-03
1.113800000000000000e+04,6.641106665483675897e-06,1.016486552543938160e-03
1.113900000000000000e+04,6.643060260103084147e-06,1.010070904158055782e-03
1.114000000000000000e+04,6.635082172579132020e-06,1.010299427434802055e-03
1.114100000000000000e+04,6.625376045121811330e-06,1.046384801156818867e-03
1.114200000000000000e+04,6.616192877118010074e-06,1.076578279025852680e-03
1.114300000000000000e+04,6.607081559195648879e-06,1.071013626642525196e-03
1.114400000000000000e+04,6.590382326976396143e-06,1.022760057821869850e-03
1.114500000000000000e+04,6.578013199032284319e-06,9.984087664633989334e-04
1.114600000000000000e+04,6.561374902958050370e-06,9.629820706322789192e-04
1.114700000000000000e+04,6.547634257003664970e-06,9.363301796838641167e-04
1.114800000000000000e+04,6.533628038596361876e-06,9.476240375079214573e-04
1.114900000000000000e+04,6.522674993902910501e-06,9.719979134388267994e-04
1.115000000000000000e+04,6.516845132864546031e-06,9.904977632686495781e-04
1.115100000000000000e+04,6.510990715469233692e-06,1.003997749648988247e-03
1.115200000000000000e+04,6.503886652353685349e-06,1.010828302241861820e-03
1.115300000000000000e+04,6.559704161190893501e-06,1.055804896168410778e-03
1.115400000000000000e+04,6.502333690150408074e-06,1.016041729599237442e-03
1.115500000000000000e+04,6.496784408227540553e-06,1.018001814372837543e-03
1.115600000000000000e+04,6.492720785900019109e-06,1.017541857436299324e-03
1.115700000000000000e+04,6.488742201327113435e-06,9.994290303438901901e-04
1.115800000000000000e+04,6.480631782324053347e-06,9.931379463523626328e-04
1.115900000000000000e+04,6.474049314419971779e-06,9.858342818915843964e-04
1.116000000000000000e+04,6.465051683335332200e-06,9.768001036718487740e-04
1.116100000000000000e+04,6.458557436417322606e-06,9.756172657944262028e-04
1.116200000000000000e+04,6.460535587393678725e-06,9.817481040954589844e-04
1.116300000000000000e+04,6.453502010117517784e-06,9.744225535541772842e-04
1.116400000000000000e+04,6.446923180192243308e-06,9.737259242683649063e-04
1.116500000000000000e+04,6.440720426326151937e-06,9.816027013584971428e-04
1.116600000000000000e+04,6.433540420403005555e-06,1.005794852972030640e-03
1.116700000000000000e+04,6.425794708775356412e-06,1.057156594470143318e-03
1.116800000000000000e+04,6.415300049411598593e-06,1.106466166675090790e-03
1.116900000000000000e+04,6.407316504919435829e-06,1.220260397531092167e-03
1.117000000000000000e+04,6.394005140464287251e-06,1.163015258498489857e-03
1.117100000000000000e+04,6.387333996826782823e-06,1.118647283874452114e-03
1.117200000000000000e+04,6.381108505593147129e-06,1.096579479053616524e-03
1.117300000000000000e+04,6.366757588693872094e-06,1.104532973840832710e-03
1.117400000000000000e+04,6.351488991640508175e-06,1.143537345342338085e-03
1.117500000000000000e+04,6.344199846353149042e-06,1.153783057816326618e-03
1.117600000000000000e+04,6.337329523375956342e-06,1.195631921291351318e-03
1.117700000000000000e+04,6.331707481876946986e-06,1.202989951707422733e-03
1.117800000000000000e+04,6.323917205008910969e-06,1.194208394736051559e-03
1.117900000000000000e+04,6.349023806251352653e-06,1.071506645530462265e-03
1.118000000000000000e+04,6.322106401057681069e-06,1.157785067334771156e-03
1.118100000000000000e+04,6.318190571619197726e-06,1.145955291576683521e-03
1.118200000000000000e+04,6.309979653451591730e-06,1.141167129389941692e-03
1.118300000000000000e+04,6.300856966845458373e-06,1.114667393267154694e-03
1.118400000000000000e+04,6.295909770415164530e-06,1.113788574002683163e-03
1.118500000000000000e+04,6.296564151853090152e-06,1.155568636022508144e-03
1.118600000000000000e+04,6.293887508945772424e-06,1.132315723225474358e-03
1.118700000000000000e+04,6.289463271968998015e-06,1.151119242422282696e-03
1.118800000000000000e+04,6.283674792939564213e-06,1.177354133687913418e-03
1.118900000000000000e+04,6.277645297814160585e-06,1.228387816809117794e-03
1.119000000000000000e+04,6.273215149121824652e-06,1.326724537648260593e-03
1.119100000000000000e+04,6.267363914957968518e-06,1.303083961829543114e-03
1.119200000000000000e+04,6.261544967856025323e-06,1.251968787983059883e-03
1.119300000000000000e+04,6.256210326682776213e-06,1.215125201269984245e-03
1.119400000000000000e+04,6.247020792216062546e-06,1.171868294477462769e-03
1.119500000000000000e+04,6.237752586457645521e-06,1.193396747112274170e-03
1.119600000000000000e+04,6.227855919860303402e-06,1.181914587505161762e-03
1.119700000000000000e+04,6.221083367563551292e-06,1.214339979924261570e-03
1.119800000000000000e+04,6.208406375662889332e-06,1.251621753908693790e-03
1.119900000000000000e+04,6.198625214892672375e-06,1.202618470415472984e-03
1.120000000000000000e+04,6.193955414346419275e-06,1.266253530047833920e-03
1.120100000000000000e+04,6.177515842864522710e-06,1.195629825815558434e-03
1.120200000000000000e+04,6.167695119074778631e-06,1.158136874437332153e-03
1.120300000000000000e+04,6.157863481348613277e-06,1.131528289988636971e-03
1.120400000000000000e+04,6.148962256702361628e-06,1.142142573371529579e-03
1.120500000000000000e+04,6.139727247500559315e-06,1.189167960546910763e-03
1.120600000000000000e+04,6.133053375378949568e-06,1.347636105492711067e-03
1.120700000000000000e+04,6.124224910308839753e-06,1.364124822430312634e-03
1.120800000000000000e+04,6.116100848885253072e-06,1.388832577504217625e-03
1.120900000000000000e+04,6.105894499341957271e-06,1.413828576914966106e-03
1.121000000000000000e+04,6.096855031501036137e-06,1.451016287319362164e-03
1.121100000000000000e+04,6.088524514780147001e-06,1.453145756386220455e-03
1.121200000000000000e+04,6.144189228507457301e-06,1.484185806475579739e-03
1.121300000000000000e+04,6.085419954615645111e-06,1.457608421333134174e-03
1.121400000000000000e+04,6.075592409615637735e-06,1.430681440979242325e-03
1.121500000000000000e+04,6.058620328985853121e-06,1.474730670452117920e-03
1.121600000000000000e+04,6.045441296009812504e-06,1.462440588511526585e-03
1.121700000000000000e+04,6.032395504007581621e-06,1.476526726037263870e-03
1.121800000000000000e+04,6.046195267117582262e-06,1.582984579727053642e-03
1.121900000000000000e+04,6.027902600180823356e-06,1.511146663688123226e-03
1.122000000000000000e+04,6.014250175212509930e-06,1.482455176301300526e-03
1.122100000000000000e+04,5.994993443891871721e-06,1.407708623446524143e-03
1.122200000000000000e+04,5.968113327980972826e-06,1.421184395439922810e-03
1.122300000000000000e+04,6.002915142744313926e-06,1.297567156143486500e-03
1.122400000000000000e+04,5.961030183243565261e-06,1.383368042297661304e-03
1.122500000000000000e+04,5.950990271230693907e-06,1.409702585078775883e-03
1.122600000000000000e+04,5.942290954408235848e-06,1.426066737622022629e-03
1.122700000000000000e+04,5.936298748565604910e-06,1.420032116584479809e-03
1.122800000000000000e+04,5.930988663749303669e-06,1.412900979630649090e-03
1.122900000000000000e+04,5.926300673309015110e-06,1.387444674037396908e-03
1.123000000000000000e+04,5.922144282521912828e-06,1.363619230687618256e-03
1.123100000000000000e+04,5.915122983424225822e-06,1.361756818369030952e-03
1.123200000000000000e+04,5.912211236136499792e-06,1.256861258298158646e-03
1.123300000000000000e+04,5.904098998144036159e-06,1.308376318775117397e-03
1.123400000000000000e+04,5.901765234739286825e-06,1.308877719566226006e-03
1.123500000000000000e+04,5.898901690670754761e-06,1.280762837268412113e-03
1.123600000000000000e+04,5.894680725759826601e-06,1.254806993529200554e-03
1.123700000000000000e+04,5.890892680326942354e-06,1.260619494132697582e-03
1.123800000000000000e+04,5.903638793824939057e-06,1.241533434949815273e-03
1.123900000000000000e+04,5.888206487725256011e-06,1.253005932085216045e-03
1.124000000000000000e+04,5.885565769858658314e-06,1.240579294972121716e-03
1.124100000000000000e+04,5.881597189727472141e-06,1.250659814104437828e-03
1.124200000000000000e+04,5.876939212612342089e-06,1.281649339944124222e-03
1.124300000000000000e+04,5.869282176718115807e-06,1.318566501140594482e-03
1.124400000000000000e+04,5.859753855474991724e-06,1.358350273221731186e-03
1.124500000000000000e+04,5.850111847394146025e-06,1.371166203171014786e-03
1.124600000000000000e+04,5.843360668222885579e-06,1.325045712292194366e-03
1.124700000000000000e+04,5.837165190314408392e-06,1.313694752752780914e-03
1.124800000000000000e+04,5.830642749060643837e-06,1.213757204823195934e-03
1.124900000000000000e+04,5.823978426633402705e-06,1.183908199891448021e-03
1.125000000000000000e+04,5.814388714497908950e-06,1.172476797364652157e-03
1.125100000000000000e+04,5.806088665849529207e-06,1.200885628350079060e-03
1.125200000000000000e+04,5.796523964818334207e-06,1.225982443429529667e-03
1.125300000000000000e+04,5.781762865808559582e-06,1.289483509026467800e-03
1.125400000000000000e+04,5.767530637967865914e-06,1.273423200473189354e-03
1.125500000000000000e+04,5.755985966970911250e-06,1.232003443874418736e-03
1.125600000000000000e+04,5.744476311519974843e-06,1.173760159872472286e-03
1.125700000000000000e+04,5.732234967581462115e-06,1.100839814171195030e-03
1.125800000000000000e+04,5.722431978938402608e-06,1.068368321284651756e-03
1.125900000000000000e+04,5.711950052500469610e-06,1.049207872711122036e-03
1.126000000000000000e+04,5.706496722268639132e-06,1.036825007759034634e-03
1.126100000000000000e+04,5.702540875063277781e-06,1.062113442458212376e-03
1.126200000000000000e+04,5.696183961845235899e-06,1.117955660447478294e-03
1.126300000000000000e+04,5.692892500519519672e-06,1.142898574471473694e-03
1.126400000000000000e+04,5.692613285646075383e-06,1.211751718074083328e-03
1.126500000000000000e+04,5.688180408469634131e-06,1.176541903987526894e-03
1.126600000000000000e+04,5.684756615664809942e-06,1.170351984910666943e-03
1.126700000000000000e+04,5.682351456925971434e-06,1.163678825832903385e-03
1.126800000000000000e+04,5.680425601894967258e-06,1.173667144030332565e-03
1.126900000000000000e+04,5.674561634805286303e-06,1.213416107930243015e-03
1.127000000000000000e+04,5.670161954185459763e-06,1.250405912287533283e-03
1.127100000000000000e+04,5.670548034686362371e-06,1.351554179564118385e-03
1.127200000000000000e+04,5.667458935931790620e-06,1.297953305765986443e-03
1.127300000000000000e+04,5.662549028784269467e-06,1.314727589488029480e-03
1.127400000000000000e+04,5.657642759615555406e-06,1.343160052783787251e-03
1.127500000000000000e+04,5.654374490404734388e-06,1.358714187517762184e-03
1.127600000000000000e+04,5.646441877615870908e-06,1.394624356180429459e-03
1.127700000000000000e+04,5.711932317353785038e-06,1.447405549697577953e-03
1.127800000000000000e+04,5.642808446282288060e-06,1.402123714797198772e-03
1.127900000000000000e+04,5.635007255477830768e-06,1.351844286546111107e-03
1.128000000000000000e+04,5.626618076348677278e-06,1.273198518902063370e-03
1.128100000000000000e+04,5.619900548481382430e-06,1.184140448458492756e-03
1.128200000000000000e+04,5.611027063423534855e-06,1.099674380384385586e-03
1.128300000000000000e+04,5.600740223599132150e-06,1.029400853440165520e-03
1.128400000000000000e+04,5.591841272689634934e-06,9.960852330550551414e-04
1.128500000000000000e+04,5.581033292401116341e-06,9.960355237126350403e-04
1.128600000000000000e+04,5.567179414356360212e-06,1.008965540677309036e-03
1.128700000000000000e+04,5.558552857110043988e-06,1.016242080368101597e-03
1.128800000000000000e+04,5.543885436054551974e-06,1.016384805552661419e-03
1.128900000000000000e+04,5.527430403162725270e-06,1.006515347398817539e-03
1.129000000000000000e+04,5.530861017177812755e-06,1.006662263534963131e-03
1.129100000000000000e+04,5.519287697097752243e-06,9.736964129842817783e-04
1.129200000000000000e+04,5.499879534909268841e-06,9.735740022733807564e-04
1.129300000000000000e+04,5.485141173267038539e-06,9.686159901320934296e-04
1.129400000000000000e+04,5.462422450364101678e-06,9.666170226410031319e-04
1.129500000000000000e+04,5.450467597256647423e-06,9.675913024693727493e-04
1.129600000000000000e+04,5.438760126708075404e-06,9.821285493671894073e-04
1.129700000000000000e+04,5.428559688880341128e-06,9.891972877085208893e-04
1.129800000000000000e+04,5.417780812422279269e-06,1.005890662781894207e-03
1.129900000000000000e+04,5.406092441262444481e-06,1.006005913950502872e-03
1.130000000000000000e+04,5.394257186708273366e-06,1.031275605782866478e-03
1.130100000000000000e+04,5.383406460168771446e-06,1.033757696859538555e-03
1.130200000000000000e+04,5.370369308366207406e-06,1.028562313877046108e-03
1.130300000000000000e+04,5.354660970624536276e-06,1.037722569890320301e-03
1.130400000000000000e+04,5.339589733921457082e-06,1.026170793920755386e-03
1.130500000000000000e+04,5.323632649378851056e-06,1.073787803761661053e-03
1.130600000000000000e+04,5.311198037816211581e-06,1.110535347834229469e-03
1.130700000000000000e+04,5.301103101373882964e-06,1.128711970522999763e-03
1.130800000000000000e+04,5.294227776175830513e-06,1.142402645200490952e-03
1.130900000000000000e+04,5.281228823150740936e-06,1.185383414849638939e-03
1.131000000000000000e+04,5.266193511488381773e-06,1.162319211289286613e-03
1.131100000000000000e+04,5.252194114291341975e-06,1.156017184257507324e-03
1.131200000000000000e+04,5.239441179583081976e-06,1.087530050426721573e-03
1.131300000000000000e+04,5.232920557318720967e-06,1.045295270159840584e-03
1.131400000000000000e+04,5.227254860074026510e-06,1.024077995680272579e-03
1.131500000000000000e+04,5.220988441578811035e-06,1.025745877996087074e-03
1.131600000000000000e+04,5.213879376242402941e-06,1.031608786433935165e-03
1.131700000000000000e+04,5.206199148233281448e-06,1.038391143083572388e-03
1.131800000000000000e+04,5.197556674829684198e-06,1.038722461089491844e-03
1.131900000000000000e+04,5.191040600038832054e-06,1.045490149408578873e-03
1.132000000000000000e+04,5.185462214285507798e-06,1.055804430507123470e-03
1.132100000000000000e+04,5.180495008971774951e-06,1.056901062838733196e-03
1.132200000000000000e+04,5.171463271835818887e-06,1.061461167410016060e-03
1.132300000000000000e+04,5.164145932212704793e-06,1.056290580891072750e-03
1.132400000000000000e+04,5.156276984052965418e-06,1.053767860867083073e-03
1.132500000000000000e+04,5.141657311469316483e-06,1.043534604832530022e-03
1.132600000000000000e+04,5.135994797456078231e-06,1.105787698179483414e-03
1.132700000000000000e+04,5.154544851393438876e-06,1.027517020702362061e-03
1.132800000000000000e+04,5.125041752762626857e-06,1.070276950486004353e-03
1.132900000000000000e+04,5.114711257192539051e-06,1.058608526363968849e-03
1.133000000000000000e+04,5.106204753246856853e-06,1.049694023095071316e-03
1.133100000000000000e+04,5.093943855172256008e-06,1.050017075613141060e-03
1.133200000000000000e+04,5.083478754386305809e-06,1.053937245160341263e-03
1.133300000000000000e+04,5.065843652118928730e-06,1.065531163476407528e-03
1.133400000000000000e+04,5.050000709161395207e-06,1.082343282178044319e-03
1.133500000000000000e+04,5.033618890593061224e-06,1.109006931073963642e-03
1.133600000000000000e+04,5.038650670030619949e-06,1.333651947788894176e-03
1.133700000000000000e+04,5.025488462706562132e-06,1.195430755615234375e-03
1.133800000000000000e+04,5.007037543691694736e-06,1.232705428265035152e-03
1.133900000000000000e+04,5.012710516894003376e-06,1.396951847709715366e-03
1.134000000000000000e+04,4.996370989829301834e-06,1.301167998462915421e-03
1.134100000000000000e+04,4.979978257324546576e-06,1.274736481718719006e-03
1.134200000000000000e+04,4.975361662218347192e-06,1.160361454822123051e-03
1.134300000000000000e+04,4.961943886883091182e-06,1.141808694228529930e-03
1.134400000000000000e+04,4.955101303494302556e-06,1.131856814026832581e-03
1.134500000000000000e+04,4.945278305967804044e-06,1.075823325663805008e-03
1.134600000000000000e+04,4.935220658808248118e-06,1.005194964818656445e-03
1.134700000000000000e+04,4.925361736241029575e-06,9.413385996595025063e-04
1.134800000000000000e+04,4.916057150694541633e-06,9.236562764272093773e-04
1.134900000000000000e+04,4.906516096525592729e-06,9.256993653252720833e-04
1.135000000000000000e+04,4.893256573268445209e-06,9.204517118632793427e-04
1.135100000000000000e+04,4.887596787739312276e-06,9.199651540257036686e-04
1.135200000000000000e+04,4.874657861364539713e-06,9.134502615779638290e-04
1.135300000000000000e+04,4.856931354879634455e-06,9.013597737066447735e-04
1.135400000000000000e+04,4.830502803088165820e-06,8.921453263610601425e-04
1.135500000000000000e+04,4.806323886441532522e-06,8.719297475181519985e-04
1.135600000000000000e+04,4.792233539774315432e-06,8.681814651936292648e-04
1.135700000000000000e+04,4.778786205861251801e-06,8.663050830364227295e-04
1.135800000000000000e+04,4.766654001286951825e-06,8.714060531929135323e-04
1.135900000000000000e+04,4.752464519697241485e-06,8.800271898508071899e-04
1.136000000000000000e+04,4.732769866677699611e-06,8.911398472264409065e-04
1.136100000000000000e+04,4.724597147287568077e-06,8.925470174290239811e-04
1.136200000000000000e+04,4.720270226243883371e-06,8.896446088328957558e-04
1.136300000000000000e+04,4.716564035334158689e-06,8.804292301647365093e-04
1.136400000000000000e+04,4.712695954367518425e-06,8.727585664018988609e-04
1.136500000000000000e+04,4.709134827862726524e-06,8.670220267958939075e-04
1.136600000000000000e+04,4.705355877376860008e-06,8.665243512950837612e-04
1.136700000000000000e+04,4.700869340013014153e-06,8.665248751640319824e-04
1.136800000000000000e+04,4.698015345638850704e-06,8.675407152622938156e-04
1.136900000000000000e+04,4.694535618909867480e-06,8.692697156220674515e-04
1.137000000000000000e+04,4.690647529059788212e-06,8.699821191839873791e-04
1.137100000000000000e+04,4.685595285991439596e-06,8.826015982776880264e-04
1.137200000000000000e+04,4.682695362134836614e-06,8.771712309680879116e-04
1.137300000000000000e+04,4.682150574808474630e-06,8.992149378173053265e-04
1.137400000000000000e+04,4.678547611547401175e-06,8.869589655660092831e-04
1.137500000000000000e+04,4.676443495554849505e-06,8.851641323417425156e-04
1.137600000000000000e+04,4.674028332374291494e-06,8.914710488170385361e-04
1.137700000000000000e+04,4.670862836064770818e-06,9.108282974921166897e-04
1.137800000000000000e+04,4.667222128773573786e-06,9.442086447961628437e-04
1.137900000000000000e+04,4.663414074457250535e-06,9.657121845521032810e-04
1.138000000000000000e+04,4.708344931714236736e-06,1.132933190092444420e-03
1.138100000000000000e+04,4.661752427637111396e-06,9.871035581454634666e-04
1.138200000000000000e+04,4.658616489905398339e-06,9.642428485676646233e-04
1.138300000000000000e+04,4.656232704292051494e-06,9.322916157543659210e-04
1.138400000000000000e+04,4.653031282941810787e-06,9.060190059244632721e-04
1.138500000000000000e+04,4.648839876608690247e-06,8.803672972135245800e-04
1.138600000000000000e+04,4.656511009670794010e-06,9.014976094476878643e-04
1.138700000000000000e+04,4.646702564059523866e-06,8.860322413966059685e-04
1.138800000000000000e+04,4.641991836251690984e-06,8.827963611111044884e-04
1.138900000000000000e+04,4.638222435460193083e-06,8.933402714319527149e-04
1.139000000000000000e+04,4.635785899154143408e-06,9.063381003215909004e-04
1.139100000000000000e+04,4.631579486158443615e-06,9.312267648056149483e-04
1.139200000000000000e+04,4.632872332877013832e-06,9.386337478645145893e-04
1.139300000000000000e+04,4.628851456800475717e-06,9.342108969576656818e-04
1.139400000000000000e+04,4.624823304766323417e-06,9.604330407455563545e-04
1.139500000000000000e+04,4.619805622496642172e-06,9.635100141167640686e-04
1.139600000000000000e+04,4.614149929693667218e-06,9.777129162102937698e-04
1.139700000000000000e+04,4.608454219123814255e-06,9.584343642927706242e-04
1.139800000000000000e+04,4.603210072673391551e-06,9.431653888896107674e-04
1.139900000000000000e+04,4.599276508088223636e-06,9.366006124764680862e-04
1.140000000000000000e+04,4.598393843480153009e-06,1.010383130051195621e-03
1.140100000000000000e+04,4.591434390022186562e-06,9.768368909135460854e-04
1.140200000000000000e+04,4.588338015310000628e-06,9.805391309782862663e-04
1.140300000000000000e+04,4.582407655107090250e-06,1.006085774861276150e-03
1.140400000000000000e+04,4.594636720867129043e-06,1.139712519943714142e-03
1.140500000000000000e+04,4.580234872264554724e-06,1.040318864397704601e-03
1.140600000000000000e+04,4.577029358188156039e-06,1.164628309197723866e-03
1.140700000000000000e+04,4.567029918689513579e-06,1.105209346860647202e-03
1.140800000000000000e+04,4.563765287457499653e-06,1.083906041458249092e-03
1.140900000000000000e+04,4.559715762297855690e-06,1.066290889866650105e-03
1.141000000000000000e+04,4.554418410407379270e-06,1.048805308528244495e-03
1.141100000000000000e+04,4.545946012513013557e-06,1.055823056958615780e-03
1.141200000000000000e+04,4.539563633443322033e-06,1.037195441313087940e-03
1.141300000000000000e+04,4.532583716354565695e-06,1.055435161106288433e-03
1.141400000000000000e+04,4.527086275629699230e-06,1.076633925549685955e-03
1.141500000000000000e+04,4.524692940321983770e-06,1.085777417756617069e-03
1.141600000000000000e+04,4.518647529039299116e-06,1.102896989323198795e-03
1.141700000000000000e+04,4.513260137173347175e-06,1.100040157325565815e-03
1.141800000000000000e+04,4.509073733061086386e-06,1.079277251847088337e-03
1.141900000000000000e+04,4.502875526668503881e-06,1.042844261974096298e-03
1.142000000000000000e+04,4.495688244787743315e-06,9.943937184289097786e-04
1.142100000000000000e+04,4.491504114412236959e-06,9.751435718499124050e-04
1.142200000000000000e+04,4.486385478230658919e-06,9.697063942439854145e-04
1.142300000000000000e+04,4.480858024180633947e-06,9.710187441669404507e-04
1.142400000000000000e+04,4.472299224289599806e-06,9.585696388967335224e-04
1.142500000000000000e+04,4.462995548237813637e-06,9.831987554207444191e-04
1.142600000000000000e+04,4.462828655960038304e-06,8.842414245009422302e-04
1.142700000000000000e+04,4.456326223589712754e-06,9.298239019699394703e-04
1.142800000000000000e+04,4.447390892892144620e-06,9.769484167918562889e-04
1.142900000000000000e+04,4.440043085196521133e-06,9.970926912501454353e-04
1.143000000000000000e+04,4.433571575646055862e-06,1.003398909233510494e-03
1.143100000000000000e+04,4.427555268193827942e-06,9.911677334457635880e-04
1.143200000000000000e+04,4.422888650879031047e-06,9.852725779637694359e-04
1.143300000000000000e+04,4.419134711497463286e-06,9.888858767226338387e-04
1.143400000000000000e+04,4.416802312334766611e-06,9.878251003101468086e-04
1.143500000000000000e+04,4.413212081999517977e-06,9.743089322000741959e-04
1.143600000000000000e+04,4.409218490764033049e-06,9.277843637391924858e-04
1.143700000000000000e+04,4.418146545503986999e-06,9.029008797369897366e-04
1.143800000000000000e+04,4.406718289828859270e-06,9.189224801957607269e-04
1.143900000000000000e+04,4.400470061227679253e-06,8.826043922454118729e-04
1.144000000000000000e+04,4.393348717712797225e-06,8.262105402536690235e-04
1.144100000000000000e+04,4.389479272504104301e-06,8.172729285433888435e-04
1.144200000000000000e+04,4.384710791782708839e-06,8.058508392423391342e-04
1.144300000000000000e+04,4.381391136121237651e-06,8.108200854621827602e-04
1.144400000000000000e+04,4.376649030746193603e-06,8.067828021012246609e-04
1.144500000000000000e+04,4.372755029180552810e-06,8.278515306301414967e-04
1.144600000000000000e+04,4.368918325781123713e-06,8.735222509130835533e-04
1.144700000000000000e+04,4.365485438029281795e-06,8.922349661588668823e-04
1.144800000000000000e+04,4.360473212727811188e-06,9.306962019763886929e-04
1.144900000000000000e+04,4.357672878541052341e-06,9.076161077246069908e-04
1.145000000000000000e+04,4.357394118414958939e-06,9.522562031634151936e-04
1.145100000000000000e+04,4.355476903583621606e-06,9.302535909228026867e-04
1.145200000000000000e+04,4.353133590484503657e-06,9.085315978154540062e-04
1.145300000000000000e+04,4.349645223555853590e-06,8.963748114183545113e-04
1.145400000000000000e+04,4.346133209764957428e-06,8.921523694880306721e-04
1.145500000000000000e+04,4.341677140473620966e-06,9.015614050440490246e-04
1.145600000000000000e+04,4.338440703577362001e-06,9.118882589973509312e-04
1.145700000000000000e+04,4.335254743637051433e-06,9.400311391800642014e-04
1.145800000000000000e+04,4.332400294515537098e-06,9.409539634361863136e-04
1.145900000000000000e+04,4.328924205765360966e-06,1.015651156194508076e-03
1.146000000000000000e+04,4.326308953750412911e-06,9.686535340733826160e-04
1.146100000000000000e+04,4.320513653510715812e-06,1.022581709548830986e-03
1.146200000000000000e+04,4.313535555411363021e-06,1.098005799576640129e-03
1.146300000000000000e+04,4.305348738853354007e-06,1.130573102273046970e-03
1.146400000000000000e+04,4.296707174944458529e-06,1.163744833320379257e-03
1.146500000000000000e+04,4.286344392312457785e-06,1.162042724899947643e-03
1.146600000000000000e+04,4.278366304788505659e-06,1.143628847785294056e-03
1.146700000000000000e+04,4.270177669241093099e-06,1.114472514018416405e-03
1.146800000000000000e+04,4.264790732122492045e-06,1.111988676711916924e-03
1.146900000000000000e+04,4.275770152162294835e-06,1.229802146553993225e-03
1.147000000000000000e+04,4.263122718839440495e-06,1.141690067015588284e-03
1.147100000000000000e+04,4.259490651747910306e-06,1.165315159596502781e-03
1.147200000000000000e+04,4.262516995368059725e-06,1.064160955138504505e-03
1.147300000000000000e+04,4.258401077095186338e-06,1.127771800383925438e-03
1.147400000000000000e+04,4.255386556906159967e-06,1.159841311164200306e-03
1.147500000000000000e+04,4.251527570886537433e-06,1.172347110696136951e-03
1.147600000000000000e+04,4.244865067448699847e-06,1.168157090432941914e-03
1.147700000000000000e+04,4.237926077621523291e-06,1.119184540584683418e-03
1.147800000000000000e+04,4.230651029502041638e-06,1.036338740959763527e-03
1.147900000000000000e+04,4.262236416252562776e-06,9.027266642078757286e-04
1.148000000000000000e+04,4.228433226671768352e-06,1.005292520858347416e-03
1.148100000000000000e+04,4.221787548885913566e-06,9.542339248582720757e-04
1.148200000000000000e+04,4.212951353110838681e-06,9.400460403412580490e-04
1.148300000000000000e+04,4.203150638204533607e-06,9.629214182496070862e-04
1.148400000000000000e+04,4.195572273602010682e-06,1.024918165057897568e-03
1.148500000000000000e+04,4.189777428109664470e-06,1.101199537515640259e-03
1.148600000000000000e+04,4.200114744890015572e-06,1.235242234542965889e-03
1.148700000000000000e+04,4.186586465948494151e-06,1.142573659308254719e-03
1.148800000000000000e+04,4.184041245025582612e-06,1.188714173622429371e-03
1.148900000000000000e+04,4.182052180112805218e-06,1.204209635034203529e-03
1.149000000000000000e+04,4.178473318461328745e-06,1.214537303894758224e-03
1.149100000000000000e+04,4.172777153144124895e-06,1.241463469341397285e-03
1.149200000000000000e+04,4.166150119999656454e-06,1.241132966242730618e-03
1.149300000000000000e+04,4.161258402746170759e-06,1.179623883217573166e-03
1.149400000000000000e+04,4.155063379585044459e-06,1.124937785789370537e-03
1.149500000000000000e+04,4.150134827796136960e-06,1.086499076336622238e-03
1.149600000000000000e+04,4.145887487538857386e-06,1.050435588695108891e-03
1.149700000000000000e+04,4.143350906815612689e-06,1.059876754879951477e-03
1.149800000000000000e+04,4.139896645938279107e-06,1.073120394721627235e-03
1.149900000000000000e+04,4.137124051339924335e-06,1.076015527360141277e-03
1.150000000000000000e+04,4.134671144129242748e-06,1.086659030988812447e-03
1.150100000000000000e+04,4.130795787204988301e-06,1.117946463637053967e-03
1.150200000000000000e+04,4.128544787818100303e-06,1.144448062404990196e-03
1.150300000000000000e+04,4.124789029447128996e-06,1.165871042758226395e-03
1.150400000000000000e+04,4.122709469811525196e-06,1.189891365356743336e-03
1.150500000000000000e+04,4.120804078411310911e-06,1.142945955507457256e-03
1.150600000000000000e+04,4.118594006286002696e-06,1.123597030527889729e-03
1.150700000000000000e+04,4.117065600439673290e-06,1.108783762902021408e-03
1.150800000000000000e+04,4.113169779884628952e-06,1.036817673593759537e-03
1.150900000000000000e+04,4.108716893824748695e-06,9.904662147164344788e-04
1.151000000000000000e+04,4.104086201550671831e-06,9.365166188217699528e-04
1.151100000000000000e+04,4.098768840776756406e-06,8.833752362988889217e-04
1.151200000000000000e+04,4.094405994692351669e-06,8.913330384530127048e-04
1.151300000000000000e+04,4.088722562300972641e-06,9.112253319472074509e-04
1.151400000000000000e+04,4.080694452568423003e-06,9.620059281587600708e-04
1.151500000000000000e+04,4.071366674907039851e-06,1.033758511766791344e-03
1.151600000000000000e+04,4.066915607836563140e-06,1.101477653719484806e-03
1.151700000000000000e+04,4.064387667312985286e-06,1.111458637751638889e-03
1.151800000000000000e+04,4.061807885591406375e-06,1.118710963055491447e-03
1.151900000000000000e+04,4.057981186633696780e-06,1.147335278801620007e-03
1.152000000000000000e+04,4.053875727549893782e-06,1.194791519083082676e-03
1.152100000000000000e+04,4.051052655995590612e-06,1.214241492561995983e-03
1.152200000000000000e+04,4.048859409522265196e-06,1.252715825103223324e-03
1.152300000000000000e+04,4.046964932058472186e-06,1.297112321481108665e-03
1.152400000000000000e+04,4.045501100335968658e-06,1.322302268818020821e-03
1.152500000000000000e+04,4.042814452986931428e-06,1.347973011434078217e-03
1.152600000000000000e+04,4.067988356837304309e-06,1.452957862056791782e-03
1.152700000000000000e+04,4.040492058265954256e-06,1.370060141198337078e-03
1.152800000000000000e+04,4.036959126096917316e-06,1.360981259495019913e-03
1.152900000000000000e+04,4.025733687740284950e-06,1.307401573285460472e-03
1.153000000000000000e+04,4.019911102659534663e-06,1.295923255383968353e-03
1.153100000000000000e+04,4.013583293271949515e-06,1.305259182117879391e-03
1.153200000000000000e+04,4.010952579847071320e-06,1.332377316430211067e-03
1.153300000000000000e+04,4.008201813121559098e-06,1.405591843649744987e-03
1.153400000000000000e+04,4.006246854260098189e-06,1.414027181454002857e-03
1.153500000000000000e+04,4.001918568974360824e-06,1.413685968145728111e-03
1.153600000000000000e+04,3.998316515207989141e-06,1.404786831699311733e-03
1.153700000000000000e+04,3.994483904534718022e-06,1.377043663524091244e-03
1.153800000000000000e+04,3.990767709183273837e-06,1.372506842017173767e-03
1.153900000000000000e+04,3.988956450484693050e-06,1.373576233163475990e-03
1.154000000000000000e+04,3.989518063463037834e-06,1.315652043558657169e-03
1.154100000000000000e+04,3.987471245636697859e-06,1.346034696325659752e-03
1.154200000000000000e+04,3.985467628808692098e-06,1.369703328236937523e-03
1.154300000000000000e+04,3.982883754360955209e-06,1.403353642672300339e-03
1.154400000000000000e+04,3.980616384069435298e-06,1.410987926647067070e-03
1.154500000000000000e+04,3.974817445850931108e-06,1.369022298604249954e-03
1.154600000000000000e+04,3.971854766859905794e-06,1.317887916229665279e-03
1.154700000000000000e+04,3.969360477640293539e-06,1.262212055735290051e-03
1.154800000000000000e+04,3.966831172874663025e-06,1.213149749673902988e-03
1.154900000000000000e+04,3.961351922043832019e-06,1.167505630291998386e-03
1.155000000000000000e+04,3.952684892283286899e-06,1.141103450208902359e-03
1.155100000000000000e+04,3.944921900256304070e-06,1.369780045934021473e-03
1.155200000000000000e+04,3.940939677704591304e-06,1.303981058299541473e-03
1.155300000000000000e+04,3.934183496312471107e-06,1.338401576504111290e-03
1.155400000000000000e+04,3.930791535822208971e-06,1.402343856170773506e-03
1.155500000000000000e+04,3.928045771317556500e-06,1.450863783247768879e-03
1.155600000000000000e+04,3.924550128431292251e-06,1.458076876588165760e-03
1.155700000000000000e+04,3.920762082998408005e-06,1.421405002474784851e-03
1.155800000000000000e+04,3.916336936526931822e-06,1.353812403976917267e-03
1.155900000000000000e+04,3.913098680641269311e-06,1.314046327024698257e-03
1.156000000000000000e+04,3.909474344254704192e-06,1.269419910386204720e-03
1.156100000000000000e+04,3.905483936250675470e-06,1.288203522562980652e-03
1.156200000000000000e+04,3.899793227901682258e-06,1.343239680863916874e-03
1.156300000000000000e+04,3.894747806043596938e-06,1.418385072611272335e-03
1.156400000000000000e+04,3.891306278092088178e-06,1.403513830155134201e-03
1.156500000000000000e+04,3.894079782185144722e-06,1.550017739646136761e-03
1.156600000000000000e+04,3.888314040523255244e-06,1.464137691073119640e-03
1.156700000000000000e+04,3.882016699208179489e-06,1.404539798386394978e-03
1.156800000000000000e+04,3.875589754898101091e-06,1.335999811999499798e-03
1.156900000000000000e+04,3.872673460136866197e-06,1.338243135251104832e-03
1.157000000000000000e+04,3.870474756695330143e-06,1.367437886074185371e-03
1.157100000000000000e+04,3.867917712341295555e-06,1.427095499821007252e-03
1.157200000000000000e+04,3.864864993374794722e-06,1.467389287427067757e-03
1.157300000000000000e+04,3.858131549350218847e-06,1.508036046288907528e-03
1.157400000000000000e+04,3.848749656754080206e-06,1.490972936153411865e-03
1.157500000000000000e+04,3.839813871309161186e-06,1.459992257878184319e-03
1.157600000000000000e+04,3.832540187431732193e-06,1.292574219405651093e-03
1.157700000000000000e+04,3.825339717877795920e-06,1.262206933461129665e-03
1.157800000000000000e+04,3.816347543761366978e-06,1.204496249556541443e-03
1.157900000000000000e+04,3.810437192441895604e-06,1.177850295789539814e-03
1.158000000000000000e+04,3.812328031926881522e-06,1.220002770423889160e-03
1.158100000000000000e+04,3.807430857705185190e-06,1.195864751935005188e-03
1.158200000000000000e+04,3.800867716563516296e-06,1.207207329571247101e-03
1.158300000000000000e+04,3.797418457907042466e-06,1.224157400429248810e-03
1.158400000000000000e+04,3.794380518229445443e-06,1.247172942385077477e-03
1.158500000000000000e+04,3.792833240368054248e-06,1.264414167962968349e-03
1.158600000000000000e+04,3.790934670178103261e-06,1.354675856418907642e-03
1.158700000000000000e+04,3.786722572840517387e-06,1.353446161374449730e-03
1.158800000000000000e+04,3.784253749472554773e-06,1.364186056889593601e-03
1.158900000000000000e+04,3.781882696785032749e-06,1.382334623485803604e-03
1.159000000000000000e+04,3.779396593017736450e-06,1.400201115757226944e-03
1.159100000000000000e+04,3.774551942115067504e-06,1.427100040018558502e-03
1.159200000000000000e+04,3.772337549889925867e-06,1.388794044032692909e-03
1.159300000000000000e+04,3.768746410059975460e-06,1.389268669299781322e-03
1.159400000000000000e+04,3.766419695239164867e-06,1.375795109197497368e-03
1.159500000000000000e+04,3.762701453524641693e-06,1.392982434481382370e-03
1.159600000000000000e+04,3.757990953090484254e-06,1.362222130410373211e-03
1.159700000000000000e+04,3.752940529011539184e-06,1.402067951858043671e-03
1.159800000000000000e+04,3.749533789232373238e-06,1.382674206979572773e-03
1.159900000000000000e+04,3.746236416191095486e-06,1.347298384644091129e-03
1.160000000000000000e+04,3.744089099200209603e-06,1.293606124818325043e-03
1.160100000000000000e+04,3.741573664228781126e-06,1.289568375796079636e-03
1.160200000000000000e+04,3.738493205673876218e-06,1.267641084268689156e-03
1.160300000000000000e+04,3.736746293725445867e-06,1.250362605787813663e-03
1.160400000000000000e+04,3.733285439011524431e-06,1.247438136488199234e-03
1.160500000000000000e+04,3.773830940190237015e-06,1.130088116042315960e-03
1.160600000000000000e+04,3.732456661964533851e-06,1.231023925356566906e-03
1.160700000000000000e+04,3.726878503584885038e-06,1.271065673790872097e-03
1.160800000000000000e+04,3.720997710843221284e-06,1.334606902673840523e-03
1.160900000000000000e+04,3.716892024385742843e-06,1.363954739645123482e-03
1.161000000000000000e+04,3.714009835675824434e-06,1.373763545416295528e-03
1.161100000000000000e+04,3.712749276019167155e-06,1.374563085846602917e-03
1.161200000000000000e+04,3.711186991495196708e-06,1.368363969959318638e-03
1.161300000000000000e+04,3.708321855810936540e-06,1.362625625915825367e-03
1.161400000000000000e+04,3.705635663209250197e-06,1.311335247009992599e-03
1.161500000000000000e+04,3.702889443957246840e-06,1.305097015574574471e-03
1.161600000000000000e+04,3.699232820508768782e-06,1.322623807936906815e-03
1.161700000000000000e+04,3.693202643262338825e-06,1.320625306107103825e-03
1.161800000000000000e+04,3.685291403598967008e-06,1.272957306355237961e-03
1.161900000000000000e+04,3.679082055896287784e-06,1.242887927219271660e-03
1.162000000000000000e+04,3.674243998830206692e-06,1.226731226779520512e-03
1.162100000000000000e+04,3.670300657176994719e-06,1.242402591742575169e-03
1.162200000000000000e+04,3.665051508505712263e-06,1.264507416635751724e-03
1.162300000000000000e+04,3.661792561615584418e-06,1.223104656673967838e-03
1.162400000000000000e+04,3.658374907899997197e-06,1.222109422087669373e-03
1.162500000000000000e+04,3.654663487395737320e-06,1.027712016366422176e-03
1.162600000000000000e+04,3.651245606306474656e-06,1.027908059768378735e-03
1.162700000000000000e+04,3.646633331300108694e-06,9.762653498910367489e-04
1.162800000000000000e+04,3.642694309746730141e-06,9.352854103781282902e-04
1.162900000000000000e+04,3.639864416982163675e-06,7.623886340297758579e-04
1.163000000000000000e+04,3.632603693404234946e-06,8.152197697199881077e-04
1.163100000000000000e+04,3.628258127719163895e-06,8.581656147725880146e-04
1.163200000000000000e+04,3.622142003223416395e-06,9.027637424878776073e-04
1.163300000000000000e+04,3.616128651628969237e-06,9.226859547197818756e-04
1.163400000000000000e+04,3.606792461141594686e-06,9.092843392863869667e-04
1.163500000000000000e+04,3.948193352698581293e-06,7.695843814872205257e-04
1.163600000000000000e+04,3.604975063353776932e-06,8.869042503647506237e-04
1.163700000000000000e+04,3.596405804273672402e-06,8.829037542454898357e-04
1.163800000000000000e+04,3.590965434341342188e-06,8.501532138325273991e-04
1.163900000000000000e+04,3.585797003324842080e-06,8.186298073269426823e-04
1.164000000000000000e+04,3.580376642275950871e-06,7.785642519593238831e-04
1.164100000000000000e+04,3.736441613000351936e-06,1.212249160744249821e-03
1.164200000000000000e+04,3.579334588721394539e-06,7.998949731700122356e-04
1.164300000000000000e+04,3.574975835363147780e-06,7.723296293988823891e-04
1.164400000000000000e+04,3.570474063963047229e-06,7.509283022955060005e-04
1.164500000000000000e+04,3.565495944712893106e-06,7.334527908824384212e-04
1.164600000000000000e+04,3.559978949851938523e-06,7.189675234258174896e-04
1.164700000000000000e+04,3.554776867531472817e-06,7.100030197761952877e-04
1.164800000000000000e+04,3.551159352355170995e-06,7.257392862811684608e-04
1.164900000000000000e+04,3.546630068740341812e-06,6.956999422982335091e-04
1.165000000000000000e+04,3.544136234268080443e-06,8.166927727870643139e-04
1.165100000000000000e+04,3.539292265486437827e-06,7.520637591369450092e-04
1.165200000000000000e+04,3.537402562869829126e-06,7.327938219532370567e-04
1.165300000000000000e+04,3.534872803356847726e-06,7.313977112062275410e-04
1.165400000000000000e+04,3.530886260705301538e-06,7.416185690090060234e-04
1.165500000000000000e+04,3.523924078763229772e-06,7.427640957757830620e-04
1.165600000000000000e+04,3.517326604196568951e-06,7.597806397825479507e-04
1.165700000000000000e+04,3.512255716486833990e-06,7.707256590947508812e-04
1.165800000000000000e+04,3.507450173856341280e-06,7.580089732073247433e-04
1.165900000000000000e+04,3.503774905766476877e-06,7.349849329330027103e-04
1.166000000000000000e+04,3.500106458886875771e-06,7.131721940822899342e-04
1.166100000000000000e+04,3.497213356240536086e-06,7.017043535597622395e-04
1.166200000000000000e+04,3.495190640023793094e-06,6.973381387069821358e-04
1.166300000000000000e+04,3.492769565127673559e-06,6.931017851456999779e-04
1.166400000000000000e+04,3.489214577712118626e-06,6.816115346737205982e-04
1.166500000000000000e+04,3.578777977963909507e-06,6.956957513466477394e-04
1.166600000000000000e+04,3.488871925583225675e-06,6.809821352362632751e-04
1.166700000000000000e+04,3.485169600025983527e-06,6.673898315057158470e-04
1.166800000000000000e+04,3.481826297502266243e-06,6.590104894712567329e-04
1.166900000000000000e+04,3.479244469417608343e-06,6.575449951924383640e-04
1.167000000000000000e+04,3.475248604445368983e-06,6.662542582489550114e-04
1.167100000000000000e+04,3.471297986834542826e-06,6.899714353494346142e-04
1.167200000000000000e+04,3.467665464995661750e-06,7.274238159880042076e-04
1.167300000000000000e+04,3.463578650553245097e-06,7.882271311245858669e-04
1.167400000000000000e+04,3.460135985733359121e-06,8.091208874247968197e-04
1.167500000000000000e+04,3.457115553828771226e-06,8.105765446089208126e-04
1.167600000000000000e+04,3.452730652497848496e-06,8.246497600339353085e-04
1.167700000000000000e+04,3.450080157563206740e-06,8.083388092927634716e-04
1.167800000000000000e+04,3.447052449701004662e-06,8.089656475931406021e-04
1.167900000000000000e+04,3.441830813244450837e-06,8.128058980219066143e-04
1.168000000000000000e+04,3.437655550442286767e-06,8.278272580355405807e-04
1.168100000000000000e+04,3.431769073358736932e-06,8.098813123069703579e-04
1.168200000000000000e+04,3.427000137889990583e-06,7.856665761210024357e-04
1.168300000000000000e+04,3.421350356802577153e-06,7.386340876109898090e-04
1.168400000000000000e+04,3.417224206714308821e-06,7.088184356689453125e-04
1.168500000000000000e+04,3.412978003325406462e-06,6.870030774734914303e-04
1.168600000000000000e+04,3.409894134165369906e-06,6.724010454490780830e-04
1.168700000000000000e+04,3.405782081244979054e-06,6.782909040339291096e-04
1.168800000000000000e+04,3.401807134650880471e-06,7.233379874378442764e-04
1.168900000000000000e+04,3.397407454031053931e-06,7.609004387632012367e-04
1.169000000000000000e+04,3.393857468836358748e-06,7.737439591437578201e-04
1.169100000000000000e+04,3.388328650544281118e-06,8.132932707667350769e-04
1.169200000000000000e+04,3.385147238077479415e-06,8.273743442259728909e-04
1.169300000000000000e+04,3.381032456672983244e-06,8.465566206723451614e-04
1.169400000000000000e+04,3.379172994755208492e-06,8.618380525149405003e-04
1.169500000000000000e+04,3.378899236849974841e-06,8.615049300715327263e-04
1.169600000000000000e+04,3.375947926542721689e-06,8.611911325715482235e-04
1.169700000000000000e+04,3.371585989953018725e-06,8.455397328361868858e-04
1.169800000000000000e+04,3.364877102285390720e-06,7.967168930917978287e-04
1.169900000000000000e+04,3.362661573191871867e-06,7.806735811755061150e-04
1.170000000000000000e+04,3.363016958246589638e-06,7.416200824081897736e-04
1.170100000000000000e+04,3.359726406415575184e-06,7.598186493851244450e-04
1.170200000000000000e+04,3.354363343532895669e-06,7.239936385303735733e-04
1.170300000000000000e+04,3.349939561303472146e-06,7.246956229209899902e-04
1.170400000000000000e+04,3.341636556797311641e-06,7.518449565395712852e-04
1.170500000000000000e+04,3.338730493851471692e-06,7.187663577497005463e-04
1.170600000000000000e+04,3.334931079734815285e-06,7.168790325522422791e-04
1.170700000000000000e+04,3.332657115606707521e-06,7.063788361847400665e-04
1.170800000000000000e+04,3.330876324980636127e-06,7.014260045252740383e-04
1.170900000000000000e+04,3.332643245812505484e-06,7.023577927611768246e-04
1.171000000000000000e+04,3.329808578200754710e-06,7.004662184044718742e-04
1.171100000000000000e+04,3.327937065478181466e-06,7.005012012086808681e-04
1.171200000000000000e+04,3.323868440929800272e-06,7.118720095604658127e-04
1.171300000000000000e+04,3.321237500131246634e-06,7.220995030365884304e-04
1.171400000000000000e+04,3.317495838928152807e-06,7.357299327850341797e-04
1.171500000000000000e+04,3.313445176900131628e-06,7.422305643558502197e-04
1.171600000000000000e+04,3.309995463496306911e-06,7.397478912025690079e-04
1.171700000000000000e+04,3.307444330857833847e-06,7.214667857624590397e-04
1.171800000000000000e+04,3.303830908407690004e-06,7.062502554617822170e-04
1.171900000000000000e+04,3.300332309663644992e-06,7.251062197610735893e-04
1.172000000000000000e+04,3.295153874205425382e-06,7.917222683317959309e-04
1.172100000000000000e+04,3.289299229436437599e-06,8.183285826817154884e-04
1.172200000000000000e+04,3.282573288743151352e-06,9.394669323228299618e-04
1.172300000000000000e+04,3.276900997661869042e-06,9.052109671756625175e-04
1.172400000000000000e+04,3.272793719588662498e-06,8.386251283809542656e-04
1.172500000000000000e+04,3.269944727435358800e-06,7.816826691851019859e-04
1.172600000000000000e+04,3.267170995968626812e-06,7.537129567936062813e-04
1.172700000000000000e+04,3.263333837821846828e-06,7.439033361151814461e-04
1.172800000000000000e+04,3.258938704675529152e-06,7.821770850569009781e-04
1.172900000000000000e+04,3.253372142353327945e-06,8.113583317026495934e-04
1.173000000000000000e+04,3.249246901759761386e-06,8.256743312813341618e-04
1.173100000000000000e+04,3.244913386879488826e-06,8.146606851369142532e-04
1.173200000000000000e+04,3.241718786739511415e-06,8.016994106583297253e-04
1.173300000000000000e+04,3.234803671148256399e-06,8.135220850817859173e-04
1.173400000000000000e+04,3.232569042666000314e-06,7.656304514966905117e-04
1.173500000000000000e+04,3.230186393921030685e-06,8.075700025074183941e-04
1.173600000000000000e+04,3.228058176318882033e-06,8.128907065838575363e-04
1.173700000000000000e+04,3.225709633625228889e-06,8.018635562621057034e-04
1.173800000000000000e+04,3.223272415198152885e-06,8.492756169289350510e-04
1.173900000000000000e+04,3.368309990037232637e-06,8.062585256993770599e-04
1.174000000000000000e+04,3.221316546841990203e-06,7.922797231003642082e-04
1.174100000000000000e+04,3.217331823179847561e-06,7.982546230778098106e-04
1.174200000000000000e+04,3.208026555512333289e-06,7.792542455717921257e-04
1.174300000000000000e+04,3.205119583071791567e-06,7.563663530163466930e-04
1.174400000000000000e+04,3.200479341103346087e-06,7.170067983679473400e-04
1.174500000000000000e+04,3.197404112142976373e-06,7.163094123825430870e-04
1.174600000000000000e+04,3.194095825165277347e-06,7.378444424830377102e-04
1.174700000000000000e+04,3.191304131178185344e-06,7.476636092178523540e-04
1.174800000000000000e+04,3.189777999068610370e-06,7.671288331039249897e-04
1.174900000000000000e+04,3.187951733707450330e-06,7.479561027139425278e-04
1.175000000000000000e+04,3.185593186572077684e-06,7.566267158836126328e-04
1.175100000000000000e+04,3.183371063641970977e-06,7.448907126672565937e-04
1.175200000000000000e+04,3.179886789439478889e-06,7.278865086846053600e-04
1.175300000000000000e+04,3.182160526193911210e-06,6.850052159279584885e-04
1.175400000000000000e+04,3.178213319188216701e-06,7.009482942521572113e-04
1.175500000000000000e+04,3.175960500811925158e-06,6.993871647864580154e-04
1.175600000000000000e+04,3.172644483129261062e-06,7.015310693532228470e-04
1.175700000000000000e+04,3.170309810229809955e-06,7.072019507177174091e-04
1.175800000000000000e+04,3.165115458614309318e-06,7.127044955268502235e-04
1.175900000000000000e+04,3.191754103681887500e-06,7.776250713504850864e-04
1.176000000000000000e+04,3.163483597745653242e-06,7.222483400255441666e-04
1.176100000000000000e+04,3.157622359140077606e-06,7.281975122168660164e-04
1.176200000000000000e+04,3.151796590827871114e-06,7.245372980833053589e-04
1.176300000000000000e+04,3.144055199300055392e-06,7.130703306756913662e-04
1.176400000000000000e+04,3.139165528409648687e-06,7.252434734255075455e-04
1.176500000000000000e+04,3.135995484626619145e-06,7.263839943334460258e-04
1.176600000000000000e+04,3.133680820610607043e-06,7.390446844510734081e-04
1.176700000000000000e+04,3.131121275146142580e-06,7.433678838424384594e-04
1.176800000000000000e+04,3.128995558654423803e-06,7.714534294791519642e-04
1.176900000000000000e+04,3.128318212475278415e-06,7.861116318963468075e-04
1.177000000000000000e+04,3.123917622360750102e-06,8.145323954522609711e-04
1.177100000000000000e+04,3.122033376712352037e-06,8.225099300034344196e-04
1.177200000000000000e+04,3.118157565040746704e-06,8.529503247700631618e-04
1.177300000000000000e+04,3.115177150903036818e-06,8.733260910958051682e-04
1.177400000000000000e+04,3.112442527708481066e-06,8.940814877860248089e-04
1.177500000000000000e+04,3.107163593085715547e-06,9.132346021942794323e-04
1.177600000000000000e+04,3.102979007962858304e-06,8.996321121230721474e-04
1.177700000000000000e+04,3.097994067502440885e-06,8.378986385650932789e-04
1.177800000000000000e+04,3.094076646448229440e-06,8.253289852291345596e-04
1.177900000000000000e+04,3.089919800913776271e-06,8.034298662096261978e-04
1.178000000000000000e+04,3.084338004555320367e-06,7.681017159484326839e-04
1.178100000000000000e+04,3.079690486629260704e-06,7.526991539634764194e-04
1.178200000000000000e+04,3.075944277952658013e-06,7.539991638623178005e-04
1.178300000000000000e+04,3.073398602282395586e-06,7.607577135786414146e-04
1.178400000000000000e+04,3.070489356105099432e-06,7.733165984973311424e-04
1.178500000000000000e+04,3.066776798732462339e-06,7.785420748405158520e-04
1.178600000000000000e+04,3.060807330257375725e-06,7.735189283266663551e-04
1.178700000000000000e+04,3.055011347896652296e-06,7.398201851174235344e-04
1.178800000000000000e+04,3.050203758903080598e-06,7.241808343678712845e-04
1.178900000000000000e+04,3.047098289243876934e-06,7.127890712581574917e-04
1.179000000000000000e+04,3.045358198505709879e-06,7.137373322620987892e-04
1.179100000000000000e+04,3.042840717171202414e-06,7.283723680302500725e-04
1.179200000000000000e+04,3.042513526452239603e-06,7.521424558945000172e-04
1.179300000000000000e+04,3.039742978216963820e-06,7.448550313711166382e-04
1.179400000000000000e+04,3.038603381355642341e-06,7.476927130483090878e-04
1.179500000000000000e+04,3.036879434148431756e-06,7.395298453047871590e-04
1.179600000000000000e+04,3.035338068002602085e-06,7.324004545807838440e-04
1.179700000000000000e+04,3.032811491721076891e-06,6.969879614189267159e-04
1.179800000000000000e+04,3.030368816325790249e-06,6.880018045194447041e-04
1.179900000000000000e+04,3.026156036867178045e-06,6.743755075149238110e-04
1.180000000000000000e+04,3.024048965016845614e-06,6.655462784692645073e-04
1.180100000000000000e+04,3.022034206878743134e-06,6.723700207658112049e-04
1.180200000000000000e+04,3.019861196662532166e-06,6.920655723661184311e-04
1.180300000000000000e+04,3.018396682819002308e-06,7.088010315783321857e-04
1.180400000000000000e+04,3.015534275618847460e-06,7.389429374597966671e-04
1.180500000000000000e+04,3.012201432284200564e-06,7.545602857135236263e-04
1.180600000000000000e+04,3.007879740835051052e-06,7.615672075189650059e-04
1.180700000000000000e+04,3.011693479493260384e-06,7.383975898846983910e-04
1.180800000000000000e+04,3.006335191457765177e-06,7.525577093474566936e-04
1.180900000000000000e+04,3.003708116011694074e-06,7.354567060247063637e-04
1.181000000000000000e+04,2.999495336553081870e-06,7.022846257314085960e-04
1.181100000000000000e+04,2.996478315253625624e-06,6.811583298258483410e-04
1.181200000000000000e+04,2.993562702613417059e-06,6.641268846578896046e-04
1.181300000000000000e+04,2.991311021105502732e-06,6.610059062950313091e-04
1.181400000000000000e+04,2.988405640280689113e-06,6.623393855988979340e-04
1.181500000000000000e+04,2.985868832183768973e-06,6.643641390837728977e-04
1.181600000000000000e+04,2.982612841151421890e-06,6.529482780024409294e-04
1.181700000000000000e+04,3.015820084328879602e-06,6.102934712544083595e-04
1.181800000000000000e+04,2.980345016112551093e-06,6.382403662428259850e-04
1.181900000000000000e+04,2.975254801640403457e-06,6.234321044757962227e-04
1.182000000000000000e+04,2.969404476971249096e-06,6.171871791593730450e-04
1.182100000000000000e+04,2.962909093184862286e-06,6.221501971594989300e-04
1.182200000000000000e+04,2.974720473503111862e-06,6.214672466740012169e-04
1.182300000000000000e+04,2.961020072689279914e-06,6.193529115989804268e-04
1.182400000000000000e+04,2.958236336780828424e-06,6.465262849815189838e-04
1.182500000000000000e+04,2.954473757199593820e-06,6.566069205291569233e-04
1.182600000000000000e+04,2.951571559606236406e-06,6.737056537531316280e-04
1.182700000000000000e+04,2.948671863123308867e-06,6.855085957795381546e-04
1.182800000000000000e+04,2.944513425973127596e-06,6.836885004304349422e-04
1.182900000000000000e+04,2.939646947197616100e-06,6.479361327365040779e-04
1.183000000000000000e+04,2.936348209914285690e-06,6.443547317758202553e-04
1.183100000000000000e+04,2.933660198323195800e-06,6.291217869147658348e-04
1.183200000000000000e+04,2.930960590674658306e-06,6.200373754836618900e-04
1.183300000000000000e+04,2.928155709014390595e-06,6.250340375117957592e-04
1.183400000000000000e+04,2.924683485616696998e-06,6.294340128079056740e-04
1.183500000000000000e+04,2.923046395153505728e-06,6.898271967656910419e-04
1.183600000000000000e+04,2.921314035120303743e-06,6.708176224492490292e-04
1.183700000000000000e+04,2.920480255852453411e-06,6.608430412597954273e-04
1.183800000000000000e+04,2.919611461038584821e-06,6.584376096725463867e-04
1.183900000000000000e+04,2.918218797276495025e-06,6.887197378091514111e-04
1.184000000000000000e+04,2.918540531027247198e-06,7.388130761682987213e-04
1.184100000000000000e+04,2.917121037171455100e-06,7.115387707017362118e-04
1.184200000000000000e+04,2.915737695730058476e-06,7.512744050472974777e-04
1.184300000000000000e+04,2.914332981163170189e-06,7.678601541556417942e-04
1.184400000000000000e+04,2.912824129452928901e-06,7.866753148846328259e-04
1.184500000000000000e+04,2.910819148382870480e-06,8.053528144955635071e-04
1.184600000000000000e+04,2.909981731136213057e-06,8.108624606393277645e-04
1.184700000000000000e+04,2.905647534134914167e-06,8.384071406908333302e-04
1.184800000000000000e+04,2.903702352341497317e-06,8.273080457001924515e-04
1.184900000000000000e+04,2.902332425946951844e-06,8.089759503491222858e-04
1.185000000000000000e+04,2.900399294958333485e-06,7.914908928796648979e-04
1.185100000000000000e+04,2.898098273362847976e-06,7.600456592626869678e-04
1.185200000000000000e+04,2.895522129620076157e-06,7.350278901867568493e-04
1.185300000000000000e+04,2.912340960392612033e-06,6.316374638117849827e-04
1.185400000000000000e+04,2.894472572734230198e-06,7.112135645002126694e-04
1.185500000000000000e+04,2.895290663218474947e-06,7.301719160750508308e-04
1.185600000000000000e+04,2.892766133300028741e-06,7.193544297479093075e-04
1.185700000000000000e+04,2.889944425987778232e-06,7.124845287762582302e-04
1.185800000000000000e+04,2.886938091251067817e-06,7.048370898701250553e-04
1.185900000000000000e+04,2.884975401684641838e-06,6.938648293726146221e-04
1.186000000000000000e+04,2.881420414269086905e-06,6.667854613624513149e-04
1.186100000000000000e+04,2.876852931876783259e-06,6.448814528994262218e-04
1.186200000000000000e+04,2.872395270969718695e-06,6.167901447042822838e-04
1.186300000000000000e+04,2.868546289391815662e-06,6.447383784689009190e-04
1.186400000000000000e+04,2.884389914470375516e-06,5.723764770664274693e-04
1.186500000000000000e+04,2.866851673388737254e-06,6.027217023074626923e-04
1.186600000000000000e+04,2.864446514649898745e-06,6.120410398580133915e-04
1.186700000000000000e+04,2.861716438928851858e-06,6.383098079822957516e-04
1.186800000000000000e+04,2.858781726899906062e-06,6.369227194227278233e-04
1.186900000000000000e+04,2.855621005437569693e-06,6.277322536334395409e-04
1.187000000000000000e+04,2.852183115464868024e-06,6.271188030950725079e-04
1.187100000000000000e+04,2.849332759069511667e-06,5.649721715599298477e-04
1.187200000000000000e+04,2.847786845450173132e-06,5.632694228552281857e-04
1.187300000000000000e+04,2.843760967152775265e-06,5.580639699473977089e-04
1.187400000000000000e+04,2.839106855390127748e-06,5.599470459856092930e-04
1.187500000000000000e+04,2.859866526705445722e-06,7.231155177578330040e-04
1.187600000000000000e+04,2.837658712451229803e-06,5.659300368279218674e-04
1.187700000000000000e+04,2.833236521837534383e-06,5.703156930394470692e-04
1.187800000000000000e+04,2.827326170518063009e-06,5.657739238813519478e-04
1.187900000000000000e+04,2.821106818373664282e-06,5.647782818414270878e-04
1.188000000000000000e+04,2.814269237205735408e-06,5.491576739586889744e-04
1.188100000000000000e+04,2.809240868373308331e-06,5.472202319651842117e-04
1.188200000000000000e+04,2.803866436806856655e-06,5.475099897012114525e-04
1.188300000000000000e+04,2.800916263367980719e-06,5.520175327546894550e-04
1.188400000000000000e+04,2.795869022520491853e-06,5.599146243184804916e-04
1.188500000000000000e+04,2.787576931950752623e-06,5.644706543534994125e-04
1.188600000000000000e+04,2.779140459097106941e-06,5.703003844246268272e-04
1.188700000000000000e+04,2.774246468106866814e-06,5.713278660550713539e-04
1.188800000000000000e+04,2.769728553175809793e-06,5.719873588532209396e-04
1.188900000000000000e+04,2.766326360870152712e-06,5.663912161253392696e-04
1.189000000000000000e+04,2.760400320767075755e-06,5.591479130089282990e-04
1.189100000000000000e+04,2.752524324023397639e-06,5.606208578683435917e-04
1.189200000000000000e+04,2.749801296886289492e-06,5.534742958843708038e-04
1.189300000000000000e+04,2.742812512224190868e-06,5.785475368611514568e-04
1.189400000000000000e+04,2.738897137533058412e-06,5.847678403370082378e-04
1.189500000000000000e+04,2.734095915002399124e-06,5.731948185712099075e-04
1.189600000000000000e+04,2.730870846789912321e-06,5.627305945381522179e-04
1.189700000000000000e+04,2.728416120589827187e-06,5.553324008360505104e-04
1.189800000000000000e+04,2.724999603742617182e-06,5.487713497132062912e-04
1.189900000000000000e+04,2.721496002777712420e-06,5.442993715405464172e-04
1.190000000000000000e+04,2.718553787417476997e-06,5.462953704409301281e-04
1.190100000000000000e+04,2.715217533477698453e-06,5.497623351402580738e-04
1.190200000000000000e+04,2.712044761210563593e-06,5.527517059817910194e-04
1.190300000000000000e+04,2.708471356527297758e-06,5.810164730064570904e-04
1.190400000000000000e+04,2.701666289794957265e-06,5.598804564215242863e-04
1.190500000000000000e+04,2.697726586120552383e-06,5.584207829087972641e-04
1.190600000000000000e+04,2.693773240025620908e-06,5.685121868737041950e-04
1.190700000000000000e+04,2.693119768082397059e-06,5.706900265067815781e-04
1.190800000000000000e+04,2.690119572434923612e-06,5.850659217685461044e-04
1.190900000000000000e+04,2.687345386220840737e-06,6.183836376294493675e-04
1.191000000000000000e+04,2.685103254407295026e-06,6.485162302851676941e-04
1.191100000000000000e+04,2.683134198377956636e-06,6.657902849838137627e-04
1.191200000000000000e+04,2.681294290596270002e-06,6.675492622889578342e-04
1.191300000000000000e+04,2.679514409464900382e-06,6.605521193705499172e-04
1.191400000000000000e+04,2.676644726307131350e-06,6.420515710487961769e-04
1.191500000000000000e+04,2.674047436812543310e-06,6.281112437136471272e-04
1.191600000000000000e+04,2.671540642040781677e-06,6.264591356739401817e-04
1.191700000000000000e+04,2.676137000889866613e-06,5.896620568819344044e-04
1.191800000000000000e+04,2.669742571015376598e-06,6.119025056250393391e-04
1.191900000000000000e+04,2.666819909791229293e-06,6.151556153781712055e-04
1.192000000000000000e+04,2.660726750036701560e-06,6.279017543420195580e-04
1.192100000000000000e+04,2.656004198797745630e-06,6.193000008352100849e-04
1.192200000000000000e+04,2.651551085364189930e-06,6.315983482636511326e-04
1.192300000000000000e+04,2.693503120099194348e-06,7.021134952083230019e-04
1.192400000000000000e+04,2.649978569024824537e-06,6.383871077559888363e-04
1.192500000000000000e+04,2.646454731802805327e-06,6.310702883638441563e-04
1.192600000000000000e+04,2.644170308485627174e-06,6.363168940879404545e-04
1.192700000000000000e+04,2.641252194734988734e-06,6.403950974345207214e-04
1.192800000000000000e+04,2.638757678141701035e-06,6.493650143966078758e-04
1.192900000000000000e+04,2.636485078255645931e-06,6.753866910003125668e-04
1.193000000000000000e+04,2.633802296259091236e-06,6.990128895267844200e-04
1.193100000000000000e+04,2.630065409903181717e-06,7.597663206979632378e-04
1.193200000000000000e+04,2.637126726767746732e-06,1.024894299916923046e-03
1.193300000000000000e+04,2.628247329994337633e-06,8.357301121577620506e-04
1.193400000000000000e+04,2.627373987706960179e-06,7.805109489709138870e-04
1.193500000000000000e+04,2.622556166897993535e-06,7.936957990750670433e-04
1.193600000000000000e+04,2.620754003146430477e-06,7.865297375246882439e-04
1.193700000000000000e+04,2.617824293338344432e-06,7.695651729591190815e-04
1.193800000000000000e+04,2.613901415315922350e-06,7.803047774359583855e-04
1.193900000000000000e+04,2.615242010506335646e-06,7.897005998529493809e-04
1.194000000000000000e+04,2.612889375086524524e-06,7.832613191567361355e-04
1.194100000000000000e+04,2.610544015624327585e-06,7.876955787651240826e-04
1.194200000000000000e+04,2.608944896564935334e-06,8.060815744102001190e-04
1.194300000000000000e+04,2.607579517643898726e-06,8.305573137477040291e-04
1.194400000000000000e+04,2.606525868031894788e-06,8.573785307817161083e-04
1.194500000000000000e+04,2.605378540465608239e-06,8.835839689709246159e-04
1.194600000000000000e+04,2.603588654892519116e-06,8.759185438975691795e-04
1.194700000000000000e+04,2.601744199637323618e-06,8.823045645840466022e-04
1.194800000000000000e+04,2.599710342110483907e-06,8.823354728519916534e-04
1.194900000000000000e+04,2.597703314677346498e-06,8.757614996284246445e-04
1.195000000000000000e+04,2.596025979073601775e-06,8.613416575826704502e-04
1.195100000000000000e+04,2.593429371700040065e-06,9.542827610857784748e-04
1.195200000000000000e+04,2.592527152955881320e-06,9.347524610348045826e-04
1.195300000000000000e+04,2.590085387055296451e-06,8.621956221759319305e-04
1.195400000000000000e+04,2.588609504527994432e-06,9.172375430352985859e-04
1.195500000000000000e+04,2.586610889920848422e-06,9.371329797431826591e-04
1.195600000000000000e+04,2.582313072707620449e-06,9.386958554387092590e-04
1.195700000000000000e+04,2.578667135821888223e-06,9.021700825542211533e-04
1.195800000000000000e+04,2.584225740065448917e-06,7.897271425463259220e-04
1.195900000000000000e+04,2.577099621703382581e-06,8.637569844722747803e-04
1.196000000000000000e+04,2.571868662926135585e-06,7.973168976604938507e-04
1.196100000000000000e+04,2.567720002843998373e-06,7.492483127862215042e-04
1.196200000000000000e+04,2.563358293627970852e-06,7.148234872147440910e-04
1.196300000000000000e+04,2.559441782068461180e-06,7.144844857975840569e-04
1.196400000000000000e+04,2.555481387389590964e-06,7.429965189658105373e-04
1.196500000000000000e+04,2.552962087065679953e-06,7.421213085763156414e-04
1.196600000000000000e+04,2.550085127950296737e-06,7.637605303898453712e-04
1.196700000000000000e+04,2.548453721828991547e-06,7.575880736112594604e-04
1.196800000000000000e+04,2.545328925407375209e-06,7.300670258700847626e-04
1.196900000000000000e+04,2.543102482377435081e-06,7.198461098596453667e-04
1.197000000000000000e+04,2.540257355576613918e-06,7.210330804809927940e-04
1.197100000000000000e+04,2.538238959459704347e-06,7.280144491232931614e-04
1.197200000000000000e+04,2.536095507821300998e-06,7.459385669790208340e-04
1.197300000000000000e+04,2.534152372390963137e-06,8.068969473242759705e-04
1.197400000000000000e+04,2.531529844418400899e-06,8.547184988856315613e-04
1.197500000000000000e+04,2.529375024096225388e-06,8.697707671672105789e-04
1.197600000000000000e+04,2.527371179894544184e-06,8.695584838278591633e-04
1.197700000000000000e+04,2.525956688259611838e-06,8.558272966183722019e-04
1.197800000000000000e+04,2.523963303247001022e-06,8.409008150920271873e-04
1.197900000000000000e+04,2.527239530536462553e-06,6.051628733985126019e-04
1.198000000000000000e+04,2.522094519008533098e-06,7.293266826309263706e-04
1.198100000000000000e+04,2.519918552934541367e-06,7.226021261885762215e-04
1.198200000000000000e+04,2.516111635486595333e-06,6.916928687132894993e-04
1.198300000000000000e+04,2.513379513402469456e-06,6.514130509458482265e-04
1.198400000000000000e+04,2.510796321075758897e-06,6.537038134410977364e-04
1.198500000000000000e+04,2.508707666493137367e-06,6.541184266097843647e-04
1.198600000000000000e+04,2.507028739273664542e-06,6.781595293432474136e-04
1.198700000000000000e+04,2.505422344256658107e-06,7.021134952083230019e-04
1.198800000000000000e+04,2.500548589523532428e-06,7.478811312466859818e-04
1.198900000000000000e+04,2.497026571290916763e-06,7.822471670806407928e-04
1.199000000000000000e+04,2.493671217962400988e-06,8.098215330392122269e-04
1.199100000000000000e+04,2.490602810212294571e-06,7.990381564013659954e-04
1.199200000000000000e+04,2.487756319169420749e-06,7.901916396804153919e-04
1.199300000000000000e+04,2.485218601577798836e-06,7.565619889646768570e-04
1.199400000000000000e+04,2.483482603565789759e-06,7.588901789858937263e-04
1.199500000000000000e+04,2.483027628841227852e-06,7.772126118652522564e-04
1.199600000000000000e+04,2.482313448126660660e-06,7.693164516240358353e-04
1.199700000000000000e+04,2.481064029780100100e-06,7.680021226406097412e-04
1.199800000000000000e+04,2.478620899637462571e-06,7.566430140286684036e-04
1.199900000000000000e+04,2.477599082340020686e-06,7.546715205535292625e-04
1.200000000000000000e+04,2.475408564350800589e-06,7.473389268852770329e-04
1.200100000000000000e+04,2.473709628247888759e-06,7.455874583683907986e-04
1.200200000000000000e+04,2.472229880368104205e-06,7.452408899553120136e-04
1.200300000000000000e+04,2.471242169121978804e-06,7.437622989527881145e-04
1.200400000000000000e+04,2.469880882927100174e-06,7.438482716679573059e-04
1.200500000000000000e+04,2.467941840222920291e-06,7.390073151327669621e-04
1.200600000000000000e+04,2.466792466293554753e-06,7.371689425781369209e-04
1.200700000000000000e+04,2.465187435518600978e-06,7.493952871300280094e-04
1.200800000000000000e+04,2.463680857545114122e-06,7.517156191170215607e-04
1.200900000000000000e+04,2.463028067722916603e-06,7.792258984409272671e-04
1.201000000000000000e+04,2.462058773744502105e-06,7.657568785361945629e-04
1.201100000000000000e+04,2.461417807353427634e-06,7.580281817354261875e-04
1.201200000000000000e+04,2.460582663843524642e-06,7.583258557133376598e-04
1.201300000000000000e+04,2.459488314343616366e-06,7.863226928748190403e-04
1.201400000000000000e+04,2.457897153362864628e-06,8.184397011063992977e-04
1.201500000000000000e+04,2.456743459333665669e-06,8.144481107592582703e-04
1.201600000000000000e+04,2.455609092066879384e-06,8.130335481837391853e-04
1.201700000000000000e+04,2.454200739521184005e-06,8.092422503978013992e-04
1.201800000000000000e+04,2.455806452417164110e-06,7.058784249238669872e-04
1.201900000000000000e+04,2.452649368933634833e-06,7.641730480827391148e-04
1.202000000000000000e+04,2.449536395943141542e-06,7.672235951758921146e-04
1.202100000000000000e+04,2.447563019813969731e-06,7.567693246528506279e-04
1.202200000000000000e+04,2.445634436298860237e-06,7.489016279578208923e-04
1.202300000000000000e+04,2.445043946863734163e-06,7.478476036339998245e-04
1.202400000000000000e+04,2.442914819766883738e-06,7.624212303198873997e-04
1.202500000000000000e+04,2.442915047140559182e-06,8.168521453626453876e-04
1.202600000000000000e+04,2.442211552988737822e-06,7.891766726970672607e-04
1.202700000000000000e+04,2.441081051074434072e-06,7.986698183231055737e-04
1.202800000000000000e+04,2.440052867314079776e-06,8.083135471679270267e-04
1.202900000000000000e+04,2.438794581394176930e-06,8.295472944155335426e-04
1.203000000000000000e+04,2.437496959828422405e-06,8.374095777980983257e-04
1.203100000000000000e+04,2.436161139485193416e-06,8.671363466419279575e-04
1.203200000000000000e+04,2.435137275824672543e-06,8.626817143522202969e-04
1.203300000000000000e+04,2.434470843581948429e-06,8.755663875490427017e-04
1.203400000000000000e+04,2.433496320008998737e-06,9.001921862363815308e-04
1.203500000000000000e+04,2.432550218145479448e-06,9.242095984518527985e-04
1.203600000000000000e+04,2.431133907521143556e-06,9.678555652499198914e-04
1.203700000000000000e+04,2.430208724035765044e-06,9.811631171032786369e-04
1.203800000000000000e+04,2.429255573588307016e-06,9.809703333303332329e-04
1.203900000000000000e+04,2.427862455078866333e-06,9.687831625342369080e-04
1.204000000000000000e+04,2.426715127512579784e-06,9.612905560061335564e-04
1.204100000000000000e+04,2.424545300527825020e-06,9.433428640477359295e-04
1.204200000000000000e+04,2.422762236164999194e-06,9.692016756162047386e-04
1.204300000000000000e+04,2.421325234536197968e-06,9.420667774975299835e-04
1.204400000000000000e+04,2.420281134618562646e-06,9.362434502691030502e-04
1.204500000000000000e+04,2.419134489173302427e-06,9.315995848737657070e-04
1.204600000000000000e+04,2.417375981167424470e-06,9.170365519821643829e-04
1.204700000000000000e+04,2.415620429019327275e-06,9.389025508426129818e-04
1.204800000000000000e+04,2.413772563159000129e-06,9.185821400023996830e-04
1.204900000000000000e+04,2.414825530649977736e-06,8.729207911528646946e-04
1.205000000000000000e+04,2.412700951026636176e-06,9.005884639918804169e-04
1.205100000000000000e+04,2.411855120953987353e-06,9.153151186183094978e-04
1.205200000000000000e+04,2.411582954664481804e-06,9.219041676260530949e-04
1.205300000000000000e+04,2.409802846159436740e-06,9.397495305165648460e-04
1.205400000000000000e+04,2.407935880910372362e-06,9.505720227025449276e-04
1.205500000000000000e+04,2.405783334324951284e-06,9.638205519877374172e-04
1.205600000000000000e+04,2.404078713880153373e-06,9.882976301014423370e-04
1.205700000000000000e+04,2.403332928224699572e-06,9.763516136445105076e-04
1.205800000000000000e+04,2.402614882157649845e-06,9.747353033162653446e-04
1.205900000000000000e+04,2.401400934104458429e-06,1.001128228381276131e-03
1.206000000000000000e+04,2.401896381343249232e-06,9.807753376662731171e-04
1.206100000000000000e+04,2.400962785031879321e-06,9.923654142767190933e-04
1.206200000000000000e+04,2.399663799224072136e-06,1.051727100275456905e-03
1.206300000000000000e+04,2.398611968601471744e-06,1.081585651263594627e-03
1.206400000000000000e+04,2.396762511125416495e-06,1.109871780499815941e-03
1.206500000000000000e+04,2.400410721747903153e-06,1.226222491823136806e-03
1.206600000000000000e+04,2.396179525021580048e-06,1.143712550401687622e-03
1.206700000000000000e+04,2.394671582806040533e-06,1.121533219702541828e-03
1.206800000000000000e+04,2.393023123659077100e-06,1.085249823518097401e-03
1.206900000000000000e+04,2.391973339399555698e-06,1.028641243465244770e-03
1.207000000000000000e+04,2.391152975178556517e-06,1.012445543892681599e-03
1.207100000000000000e+04,2.389561359450453892e-06,9.968013036996126175e-04
1.207200000000000000e+04,2.387845370321883820e-06,1.005767262540757656e-03
1.207300000000000000e+04,2.385913830948993564e-06,1.016577007248997688e-03
1.207400000000000000e+04,2.383955688856076449e-06,1.028429018333554268e-03
1.207500000000000000e+04,2.382463435424142517e-06,1.051228260621428490e-03
1.207600000000000000e+04,2.381246531513170339e-06,1.049393205903470516e-03
1.207700000000000000e+04,2.379110355832381174e-06,1.023567048832774162e-03
1.207800000000000000e+04,2.378479166509350762e-06,1.087421900592744350e-03
1.207900000000000000e+04,2.374406903982162476e-06,1.036924310028553009e-03
1.208000000000000000e+04,2.373007419009809382e-06,1.032299478538334370e-03
1.208100000000000000e+04,2.371154550928622484e-06,1.032517990097403526e-03
1.208200000000000000e+04,2.373020606682985090e-06,1.072293613106012344e-03
1.208300000000000000e+04,2.370484025959740393e-06,1.045757671818137169e-03
1.208400000000000000e+04,2.369237336097285151e-06,1.065937103703618050e-03
1.208500000000000000e+04,2.367548859183443710e-06,1.099513261578977108e-03
1.208600000000000000e+04,2.366100716244545765e-06,1.113065285608172417e-03
1.208700000000000000e+04,2.363385874559753574e-06,1.069597550667822361e-03
1.208800000000000000e+04,2.360945018153870478e-06,9.610313572920858860e-04
1.208900000000000000e+04,2.359079417146858759e-06,9.192655561491847038e-04
1.209000000000000000e+04,2.357459152335650288e-06,8.582295849919319153e-04
1.209100000000000000e+04,2.355442120460793376e-06,8.029363816604018211e-04
1.209200000000000000e+04,2.355247261220938526e-06,7.770342053845524788e-04
1.209300000000000000e+04,2.352584033360471949e-06,7.895220769569277763e-04
1.209400000000000000e+04,2.351485136387054808e-06,8.033491903916001320e-04
1.209500000000000000e+04,2.350708200538065284e-06,8.094536024145781994e-04
1.209600000000000000e+04,2.349654323552385904e-06,8.020484237931668758e-04
1.209700000000000000e+04,2.347951067349640653e-06,7.600929238833487034e-04
1.209800000000000000e+04,2.429307414786308073e-06,8.321311906911432743e-04
1.209900000000000000e+04,2.347147756154299714e-06,7.621960830874741077e-04
1.210000000000000000e+04,2.345458142372081056e-06,7.655700901523232460e-04
1.210100000000000000e+04,2.344082759009324946e-06,7.556703640148043633e-04
1.210200000000000000e+04,2.341952267670421861e-06,7.359588053077459335e-04
1.210300000000000000e+04,2.341345634704339318e-06,7.093842141330242157e-04
1.210400000000000000e+04,2.365768523304723203e-06,6.522814510390162468e-04
1.210500000000000000e+04,2.340907713005435653e-06,7.023665821179747581e-04
1.210600000000000000e+04,2.340597802685806528e-06,7.033354486338794231e-04
1.210700000000000000e+04,2.339465936529450119e-06,7.044440717436373234e-04
1.210800000000000000e+04,2.338883177799289115e-06,7.353044347837567329e-04
1.210900000000000000e+04,2.337620344405877404e-06,7.269294001162052155e-04
1.211000000000000000e+04,2.336342731723561883e-06,7.310614455491304398e-04
1.211100000000000000e+04,2.335127874175668694e-06,7.451003766618669033e-04
1.211200000000000000e+04,2.333402562726405449e-06,7.666746969334781170e-04
1.211300000000000000e+04,2.362837676628259942e-06,8.554141386412084103e-04
1.211400000000000000e+04,2.332723397557856515e-06,7.772199460305273533e-04
1.211500000000000000e+04,2.331724090254283510e-06,7.889395928941667080e-04
1.211600000000000000e+04,2.330469214939512312e-06,8.009143639355897903e-04
1.211700000000000000e+04,2.329436938453000039e-06,8.139769779518246651e-04
1.211800000000000000e+04,2.326827598153613508e-06,8.384237880818545818e-04
1.211900000000000000e+04,2.324937895537004806e-06,8.773299632593989372e-04
1.212000000000000000e+04,2.322981799807166681e-06,8.868958684615790844e-04
1.212100000000000000e+04,2.321519559700391255e-06,8.839821093715727329e-04
1.212200000000000000e+04,2.319419309060322121e-06,8.904499700292944908e-04
1.212300000000000000e+04,2.317381131433648989e-06,9.016725234687328339e-04
1.212400000000000000e+04,2.314905941602773964e-06,9.200588101521134377e-04
1.212500000000000000e+04,2.314128096259082668e-06,9.599606273695826530e-04
1.212600000000000000e+04,2.312248170710518025e-06,9.436653344891965389e-04
1.212700000000000000e+04,2.310788886461523362e-06,9.288701694458723068e-04
1.212800000000000000e+04,2.309679757672711276e-06,9.141764021478593349e-04
1.212900000000000000e+04,2.308026523678563535e-06,8.903439156711101532e-04
1.213000000000000000e+04,2.306550641151261516e-06,8.546609315089881420e-04
1.213100000000000000e+04,2.304757117599365301e-06,8.650009986013174057e-04
1.213200000000000000e+04,2.302086159033933654e-06,8.863725233823060989e-04
1.213300000000000000e+04,2.299398147442843765e-06,9.286216227337718010e-04
1.213400000000000000e+04,2.298598019478959031e-06,9.264457621611654758e-04
1.213500000000000000e+04,2.294149680892587639e-06,9.809541516005992889e-04
1.213600000000000000e+04,2.292521230629063211e-06,9.709107689559459686e-04
1.213700000000000000e+04,2.290219526912551373e-06,9.759304812178015709e-04
1.213800000000000000e+04,2.287832103320397437e-06,9.813179494813084602e-04
1.213900000000000000e+04,2.285733444296056405e-06,9.919798467308282852e-04
1.214000000000000000e+04,2.282899231431656517e-06,9.803576394915580750e-04
1.214100000000000000e+04,2.280723947478691116e-06,1.002580276690423489e-03
1.214200000000000000e+04,2.278568445035489276e-06,9.913556277751922607e-04
1.214300000000000000e+04,2.276482518936973065e-06,1.014033448882400990e-03
1.214400000000000000e+04,2.273776772199198604e-06,1.050385413691401482e-03
1.214500000000000000e+04,2.272207211717613973e-06,1.050497288815677166e-03
1.214600000000000000e+04,2.269681317557115108e-06,1.045343233272433281e-03
1.214700000000000000e+04,2.267258196297916584e-06,1.010296982713043690e-03
1.214800000000000000e+04,2.265396688017062843e-06,9.900913573801517487e-04
1.214900000000000000e+04,2.264669092255644500e-06,9.465478360652923584e-04
1.215000000000000000e+04,2.263091801069094799e-06,9.865168249234557152e-04
1.215100000000000000e+04,2.262021325805108063e-06,1.026126556098461151e-03
1.215200000000000000e+04,2.259529082948574796e-06,1.101825735531747341e-03
1.215300000000000000e+04,2.257422238471917808e-06,1.145931193605065346e-03
1.215400000000000000e+04,2.256160541946883313e-06,1.262287376448512077e-03
1.215500000000000000e+04,2.254698983961134218e-06,1.191310118883848190e-03
1.215600000000000000e+04,2.253654201922472566e-06,1.131267636083066463e-03
1.215700000000000000e+04,2.252816102554788813e-06,1.102061592973768711e-03
1.215800000000000000e+04,2.251495743621489964e-06,1.080764108337461948e-03
1.215900000000000000e+04,2.258247377540101297e-06,1.013000262901186943e-03
1.216000000000000000e+04,2.251063051517121494e-06,1.066360156983137131e-03
1.216100000000000000e+04,2.249817953270394355e-06,1.078870031051337719e-03
1.216200000000000000e+04,2.248334794785478152e-06,1.098977751098573208e-03
1.216300000000000000e+04,2.246891426693764515e-06,1.115143531933426857e-03
1.216400000000000000e+04,2.244626102765323594e-06,1.127550844103097916e-03
1.216500000000000000e+04,2.242012897113454528e-06,1.118427026085555553e-03
1.216600000000000000e+04,2.240713683931971900e-06,1.087183714844286442e-03
1.216700000000000000e+04,2.238322622361010872e-06,1.111769000999629498e-03
1.216800000000000000e+04,2.236836962765664794e-06,1.115051680244505405e-03
1.216900000000000000e+04,2.235654619653359987e-06,1.111582503654062748e-03
1.217000000000000000e+04,2.233909754068008624e-06,1.104137976653873920e-03
1.217100000000000000e+04,2.231952748843468726e-06,1.105055795051157475e-03
1.217200000000000000e+04,2.229188567071105354e-06,1.122248824685811996e-03
1.217300000000000000e+04,2.227309323643567041e-06,1.132741104811429977e-03
1.217400000000000000e+04,2.226994411103078164e-06,1.181960222311317921e-03
1.217500000000000000e+04,2.226348215117468499e-06,1.159648760221898556e-03
1.217600000000000000e+04,2.224908939751912840e-06,1.124813337810337543e-03
1.217700000000000000e+04,2.223454430350102484e-06,1.170907984487712383e-03
1.217800000000000000e+04,2.221759586973348632e-06,1.177041558548808098e-03
1.217900000000000000e+04,2.220075430159340613e-06,1.174150500446557999e-03
1.218000000000000000e+04,2.218156396338599734e-06,1.176661346107721329e-03
1.218100000000000000e+04,2.214285359514178708e-06,1.153794699348509312e-03
1.218200000000000000e+04,2.211699666077038273e-06,1.118948566727340221e-03
1.218300000000000000e+04,2.208874093412305228e-06,1.111197634600102901e-03
1.218400000000000000e+04,2.207262696174439043e-06,1.094769104383885860e-03
1.218500000000000000e+04,2.205358214268926531e-06,1.076028565876185894e-03
1.218600000000000000e+04,2.204002385042258538e-06,1.054090447723865509e-03
1.218700000000000000e+04,2.200829385401448235e-06,1.025124685838818550e-03
1.218800000000000000e+04,2.198248012064141221e-06,1.039114082232117653e-03
1.218900000000000000e+04,2.212084154962212779e-06,9.228789713233709335e-04
1.219000000000000000e+04,2.197655476265936159e-06,1.014980836771428585e-03
1.219100000000000000e+04,2.195928573200944811e-06,1.057903515174984932e-03
1.219200000000000000e+04,2.193750788137549534e-06,1.123566064052283764e-03
1.219300000000000000e+04,2.192447027482558042e-06,1.150750205852091312e-03
1.219400000000000000e+04,2.190105760746519081e-06,1.178281381726264954e-03
1.219500000000000000e+04,2.187872723879991099e-06,1.209682202897965908e-03
1.219600000000000000e+04,2.185877747251652181e-06,1.217685057781636715e-03
1.219700000000000000e+04,2.183611513828509487e-06,1.258516800589859486e-03
1.219800000000000000e+04,2.182091975555522367e-06,1.269382308237254620e-03
1.219900000000000000e+04,2.179845523642143235e-06,1.281334669329226017e-03
1.220000000000000000e+04,2.178021532017737627e-06,1.276229857467114925e-03
1.220100000000000000e+04,2.176984253310365602e-06,1.258172793313860893e-03
1.220200000000000000e+04,2.175739609810989350e-06,1.234521623700857162e-03
1.220300000000000000e+04,2.175235522372531705e-06,1.234660740010440350e-03
1.220400000000000000e+04,2.174711198676959611e-06,1.225751708261668682e-03
1.220500000000000000e+04,2.174235987695283256e-06,1.208661124110221863e-03
1.220600000000000000e+04,2.173301936636562459e-06,1.188929774798452854e-03
1.220700000000000000e+04,2.185167886636918411e-06,1.084854942746460438e-03
1.220800000000000000e+04,2.173276698158588260e-06,1.177779515273869038e-03
1.220900000000000000e+04,2.172396762034622952e-06,1.160416286438703537e-03
1.221000000000000000e+04,2.171412461393629201e-06,1.135802129283547401e-03
1.221100000000000000e+04,2.171600272049545310e-06,1.059701549820601940e-03
1.221200000000000000e+04,2.170132120227208361e-06,1.097435248084366322e-03
1.221300000000000000e+04,2.168710807382012717e-06,1.066539203748106956e-03
1.221400000000000000e+04,2.168732180507504381e-06,1.098500215448439121e-03
1.221500000000000000e+04,2.167640332118025981e-06,1.082392642274498940e-03
1.221600000000000000e+04,2.166714239137945697e-06,1.115993130952119827e-03
1.221700000000000000e+04,2.165592604796984233e-06,1.135469065047800541e-03
1.221800000000000000e+04,2.164881834687548690e-06,1.203151769004762173e-03
1.221900000000000000e+04,2.163564204238355160e-06,1.191079383715987206e-03
1.222000000000000000e+04,2.161812062695389614e-06,1.198556157760322094e-03
1.222100000000000000e+04,2.160460780942230485e-06,1.231318805366754532e-03
1.222200000000000000e+04,2.158474444513558410e-06,1.280157943256199360e-03
1.222300000000000000e+04,2.157288008675095625e-06,1.338667003437876701e-03
1.222400000000000000e+04,2.155213678634027019e-06,1.323472359217703342e-03
1.222500000000000000e+04,2.153629111489863135e-06,1.301533891819417477e-03
1.222600000000000000e+04,2.152772822228143923e-06,1.304733450524508953e-03
1.222700000000000000e+04,2.153946525140781887e-06,1.287771505303680897e-03
1.222800000000000000e+04,2.152198703697649762e-06,1.298945862799882889e-03
1.222900000000000000e+04,2.151841727027203888e-06,1.300795702263712883e-03
1.223000000000000000e+04,2.151329681510105729e-06,1.307699945755302906e-03
1.223100000000000000e+04,2.150552973034791648e-06,1.312922453507781029e-03
1.223200000000000000e+04,2.149596411982201971e-06,1.310656662099063396e-03
1.223300000000000000e+04,2.148340399799053557e-06,1.283817924559116364e-03
1.223400000000000000e+04,2.147121676898677833e-06,1.238214084878563881e-03
1.223500000000000000e+04,2.145970711353584193e-06,1.140028005465865135e-03
1.223600000000000000e+04,2.146174892914132215e-06,1.124458387494087219e-03
1.223700000000000000e+04,2.145294274669140577e-06,1.132423290982842445e-03
1.223800000000000000e+04,2.144262680303654633e-06,1.124946516938507557e-03
1.223900000000000000e+04,2.143156279998947866e-06,1.099256216548383236e-03
1.224000000000000000e+04,2.142725861631333828e-06,1.089627039618790150e-03
1.224100000000000000e+04,2.140988044629921205e-06,1.088178600184619427e-03
1.224200000000000000e+04,2.138844138244166970e-06,1.119492575526237488e-03
1.224300000000000000e+04,2.136857801815494895e-06,1.149434130638837814e-03
1.224400000000000000e+04,2.135093154720379971e-06,1.281063538044691086e-03
1.224500000000000000e+04,2.133371253876248375e-06,1.275962800718843937e-03
1.224600000000000000e+04,2.132180725311627612e-06,1.272030756808817387e-03
1.224700000000000000e+04,2.130945404132944532e-06,1.286216196604073048e-03
1.224800000000000000e+04,2.129726453858893365e-06,1.255511422641575336e-03
1.224900000000000000e+04,2.128715095750521868e-06,1.238908269442617893e-03
1.225000000000000000e+04,2.126382014466798864e-06,1.198216225020587444e-03
1.225100000000000000e+04,2.125475020875455812e-06,1.188626512885093689e-03
1.225200000000000000e+04,2.123743342963280156e-06,1.179552171379327774e-03
1.225300000000000000e+04,2.122081468769465573e-06,1.179630402475595474e-03
1.225400000000000000e+04,2.120616045431233943e-06,1.182425068691372871e-03
1.225500000000000000e+04,2.118389829774969257e-06,1.194002572447061539e-03
1.225600000000000000e+04,2.115966935889446177e-06,1.158525003120303154e-03
1.225700000000000000e+04,2.112969468726078048e-06,1.158622209914028645e-03
1.225800000000000000e+04,2.111165940732462332e-06,1.136915641836822033e-03
1.225900000000000000e+04,2.109059096255805343e-06,1.125135109759867191e-03
1.226000000000000000e+04,2.110025889123789966e-06,9.998951572924852371e-04
1.226100000000000000e+04,2.108312401105649769e-06,1.073832623660564423e-03
1.226200000000000000e+04,2.106989313688245602e-06,1.050885883159935474e-03
1.226300000000000000e+04,2.105735120494500734e-06,1.059172325767576694e-03
1.226400000000000000e+04,2.104330633301287889e-06,1.050750841386616230e-03
1.226500000000000000e+04,2.103493216054630466e-06,1.009367173537611961e-03
1.226600000000000000e+04,2.102595544783980586e-06,1.042233314365148544e-03
1.226700000000000000e+04,2.101772679452551529e-06,1.023880089633166790e-03
1.226800000000000000e+04,2.101165591739118099e-06,9.794718353077769279e-04
1.226900000000000000e+04,2.100637630064738914e-06,9.527847287245094776e-04
1.227000000000000000e+04,2.099648554576560855e-06,8.848189027048647404e-04
1.227100000000000000e+04,2.110833747792639770e-06,8.447622531093657017e-04
1.227200000000000000e+04,2.099410266964696348e-06,8.791521540842950344e-04
1.227300000000000000e+04,2.098455070154159330e-06,8.364627719856798649e-04
1.227400000000000000e+04,2.096093339787330478e-06,7.984023541212081909e-04
1.227500000000000000e+04,2.094067440339131281e-06,8.058010134845972061e-04
1.227600000000000000e+04,2.092408749376772903e-06,8.583223680034279823e-04
1.227700000000000000e+04,2.091016995109384879e-06,9.120143949985504150e-04
1.227800000000000000e+04,2.088765995722496882e-06,9.787577437236905098e-04
1.227900000000000000e+04,2.087152779495227151e-06,1.048452686518430710e-03
1.228000000000000000e+04,2.085051619360456243e-06,1.001314492896199226e-03
1.228100000000000000e+04,2.081876118609216064e-06,8.951455820351839066e-04
1.228200000000000000e+04,2.080575086438329890e-06,8.581646834500133991e-04
1.228300000000000000e+04,2.078567376884166151e-06,8.475490030832588673e-04
1.228400000000000000e+04,2.077515546261565760e-06,8.681691251695156097e-04
1.228500000000000000e+04,2.076555574603844434e-06,9.041485027410089970e-04
1.228600000000000000e+04,2.075347083518863656e-06,9.284816333092749119e-04
1.228700000000000000e+04,2.073091991405817680e-06,9.418688132427632809e-04
1.228800000000000000e+04,2.071953758786548860e-06,9.277668432332575321e-04
1.228900000000000000e+04,2.071064727715565823e-06,9.147486416622996330e-04
1.229000000000000000e+04,2.070386244668043219e-06,8.984965970739722252e-04
1.229100000000000000e+04,2.069184574793325737e-06,8.851604070514440536e-04
1.229200000000000000e+04,2.068180720016243868e-06,8.972497307695448399e-04
1.229300000000000000e+04,2.066991100946324877e-06,9.393049986101686954e-04
1.229400000000000000e+04,2.075874817819567397e-06,9.941742755472660065e-04
1.229500000000000000e+04,2.066746446871547960e-06,9.476454579271376133e-04
1.229600000000000000e+04,2.065471335299662314e-06,9.987792000174522400e-04
1.229700000000000000e+04,2.063872898361296393e-06,1.057297922670841217e-03
1.229800000000000000e+04,2.061927489194204099e-06,1.104704570025205612e-03
1.229900000000000000e+04,2.058567588392179459e-06,1.148980110883712769e-03
1.230000000000000000e+04,2.068747562589123845e-06,1.488828565925359726e-03
1.230100000000000000e+04,2.057170377156580798e-06,1.235077972523868084e-03
1.230200000000000000e+04,2.054541710094781592e-06,1.226795837283134460e-03
1.230300000000000000e+04,2.050070179393514991e-06,1.308432663790881634e-03
1.230400000000000000e+04,2.046899908236810006e-06,1.312593347392976284e-03
1.230500000000000000e+04,2.044716438831528649e-06,1.363735529594123363e-03
1.230600000000000000e+04,2.042468167928745970e-06,1.452845521271228790e-03
1.230700000000000000e+04,2.039535502262879163e-06,1.495926175266504288e-03
1.230800000000000000e+04,2.036009391304105520e-06,1.535332761704921722e-03
1.230900000000000000e+04,2.032470547419507056e-06,1.562670571729540825e-03
1.231000000000000000e+04,2.032332304224837571e-06,1.434578211046755314e-03
1.231100000000000000e+04,2.030429413935053162e-06,1.496885321103036404e-03
1.231200000000000000e+04,2.029261167990625836e-06,1.414830796420574188e-03
1.231300000000000000e+04,2.028654535024543293e-06,1.387991360388696194e-03
1.231400000000000000e+04,2.026923766607069410e-06,1.400558045133948326e-03
1.231500000000000000e+04,2.026081347139552236e-06,1.396840438246726990e-03
1.231600000000000000e+04,2.024300556513480842e-06,1.381467911414802074e-03
1.231700000000000000e+04,2.022504304477479309e-06,1.376650645397603512e-03
1.231800000000000000e+04,2.043364020209992304e-06,1.180099672637879848e-03
1.231900000000000000e+04,2.021727141254814342e-06,1.344629330560564995e-03
1.232000000000000000e+04,2.020012516368296929e-06,1.347577315755188465e-03
1.232100000000000000e+04,2.018248324020532891e-06,1.352758496068418026e-03
1.232200000000000000e+04,2.017263568632188253e-06,1.355973887257277966e-03
1.232300000000000000e+04,2.014593974308809265e-06,1.362473005428910255e-03
1.232400000000000000e+04,2.013252469623694196e-06,1.368043827824294567e-03
1.232500000000000000e+04,2.010897787840804085e-06,1.371834310702979565e-03
1.232600000000000000e+04,2.008353931159945205e-06,1.365747186355292797e-03
1.232700000000000000e+04,2.006383056141203269e-06,1.332025974988937378e-03
1.232800000000000000e+04,2.004211182793369517e-06,1.298028044402599335e-03
1.232900000000000000e+04,2.002565224756835960e-06,1.249172724783420563e-03
1.233000000000000000e+04,2.001634129555895925e-06,1.265301369130611420e-03
1.233100000000000000e+04,1.999029564103693701e-06,1.188024063594639301e-03
1.233200000000000000e+04,1.997704885070561431e-06,1.203421736136078835e-03
1.233300000000000000e+04,1.996181254071416333e-06,1.218668650835752487e-03
1.233400000000000000e+04,1.994970261876005679e-06,1.220207894220948219e-03
1.233500000000000000e+04,1.993205160033539869e-06,1.214534742757678032e-03
1.233600000000000000e+04,1.993049181692185812e-06,1.269180676899850368e-03
1.233700000000000000e+04,1.992751094803679734e-06,1.244663377292454243e-03
1.233800000000000000e+04,1.991737462958553806e-06,1.248342450708150864e-03
1.233900000000000000e+04,1.990676082641584799e-06,1.264524646103382111e-03
1.234000000000000000e+04,1.988242729566991329e-06,1.300879055634140968e-03
1.234100000000000000e+04,1.985506742130382918e-06,1.320091076195240021e-03
1.234200000000000000e+04,1.983176161957089789e-06,1.289743580855429173e-03
1.234300000000000000e+04,1.980877186724683270e-06,1.220614416524767876e-03
1.234400000000000000e+04,1.979858325285022147e-06,1.179071608930826187e-03
1.234500000000000000e+04,1.978683030756656080e-06,1.134552876465022564e-03
1.234600000000000000e+04,1.977374495254480280e-06,1.122820773161947727e-03
1.234700000000000000e+04,1.977493411686737090e-06,1.111147576011717319e-03
1.234800000000000000e+04,1.975671239051735029e-06,1.116921077482402325e-03
1.234900000000000000e+04,1.974284941752557643e-06,1.153668039478361607e-03
1.235000000000000000e+04,1.972809741346281953e-06,1.210961490869522095e-03
1.235100000000000000e+04,1.971265874090022407e-06,1.194844720885157585e-03
1.235200000000000000e+04,1.969381401067948900e-06,1.147579285316169262e-03
1.235300000000000000e+04,1.968105607375036925e-06,1.059106900356709957e-03
1.235400000000000000e+04,1.967268644875730388e-06,1.055279863066971302e-03
1.235500000000000000e+04,1.966149284271523356e-06,1.081089139916002750e-03
1.235600000000000000e+04,1.965087221833528019e-06,1.128162140958011150e-03
1.235700000000000000e+04,1.963737304322421551e-06,1.205424545332789421e-03
1.235800000000000000e+04,1.962694796020514332e-06,1.239324570633471012e-03
1.235900000000000000e+04,1.977813099074410275e-06,1.172716263681650162e-03
1.236000000000000000e+04,1.962041551450965926e-06,1.227852771990001202e-03
1.236100000000000000e+04,1.960755525942659006e-06,1.236208481714129448e-03
1.236200000000000000e+04,1.959777591764577664e-06,1.224431674927473068e-03
1.236300000000000000e+04,1.958756001840811223e-06,1.219674246385693550e-03
1.236400000000000000e+04,1.957479071279522032e-06,1.233742921613156796e-03
1.236500000000000000e+04,1.956042524398071691e-06,1.259789802134037018e-03
1.236600000000000000e+04,1.954110302904155105e-06,1.339352340437471867e-03
1.236700000000000000e+04,1.952218099177116528e-06,1.367598073557019234e-03
1.236800000000000000e+04,1.950554178620222956e-06,1.381692010909318924e-03
1.236900000000000000e+04,1.958624352482729591e-06,1.388809294439852238e-03
1.237000000000000000e+04,1.949990519278799184e-06,1.382943126372992992e-03
1.237100000000000000e+04,1.949220177266397513e-06,1.378174172714352608e-03
1.237200000000000000e+04,1.947279088199138641e-06,1.329373451881110668e-03
1.237300000000000000e+04,1.946303882505162619e-06,1.306917634792625904e-03
1.237400000000000000e+04,1.944345967785920948e-06,1.291573513299226761e-03
1.237500000000000000e+04,1.942949211297673173e-06,1.269992091692984104e-03
1.237600000000000000e+04,1.941476057254476473e-06,1.238582422956824303e-03
1.237700000000000000e+04,1.940148194989887998e-06,1.213438692502677441e-03
1.237800000000000000e+04,1.938194827744155191e-06,1.160554238595068455e-03
1.237900000000000000e+04,1.937372417160077021e-06,1.260446733795106411e-03
1.238000000000000000e+04,1.934688043547794223e-06,1.231207163073122501e-03
1.238100000000000000e+04,1.932707618834683672e-06,1.245912746526300907e-03
1.238200000000000000e+04,1.930812459249864332e-06,1.309677842073142529e-03
1.238300000000000000e+04,1.929930476762820035e-06,1.343212090432643890e-03
1.238400000000000000e+04,1.927791345224250108e-06,1.405149465426802635e-03
1.238500000000000000e+04,1.926251343320473097e-06,1.393673475831747055e-03
1.238600000000000000e+04,1.924858906932058744e-06,1.364458352327346802e-03
1.238700000000000000e+04,1.923164518302655779e-06,1.317008165642619133e-03
1.238800000000000000e+04,1.921697275975020602e-06,1.306181191466748714e-03
1.238900000000000000e+04,1.919326223287498578e-06,1.270556356757879257e-03
1.239000000000000000e+04,1.923134959724848159e-06,1.331273233518004417e-03
1.239100000000000000e+04,1.918087264130008407e-06,1.290542189963161945e-03
1.239200000000000000e+04,1.916537485158187337e-06,1.300412346608936787e-03
1.239300000000000000e+04,1.914070026032277383e-06,1.318877446465194225e-03
1.239400000000000000e+04,1.912463858388946392e-06,1.278353622183203697e-03
1.239500000000000000e+04,1.921292096085380763e-06,1.271678949706256390e-03
1.239600000000000000e+04,1.911017079692101106e-06,1.276243245229125023e-03
1.239700000000000000e+04,1.907599198602838442e-06,1.120196073316037655e-03
1.239800000000000000e+04,1.906016791508591268e-06,1.077256398275494576e-03
1.239900000000000000e+04,1.904249188555695582e-06,1.034121494740247726e-03
1.240000000000000000e+04,1.902467602121760137e-06,1.011511078104376793e-03
1.240100000000000000e+04,1.900189431580656674e-06,9.876807453110814095e-04
1.240200000000000000e+04,1.897959919006098062e-06,9.891138179227709770e-04
1.240300000000000000e+04,1.896101480269862805e-06,1.005159807391464710e-03
1.240400000000000000e+04,1.894894580800610129e-06,1.021717675030231476e-03
1.240500000000000000e+04,1.894003958113898989e-06,1.025033881887793541e-03
1.240600000000000000e+04,1.893593776003399398e-06,9.865912143141031265e-04
1.240700000000000000e+04,1.894780780276050791e-06,1.023544464260339737e-03
1.240800000000000000e+04,1.892393015623383690e-06,1.001980039291083813e-03
1.240900000000000000e+04,1.891340389192919247e-06,9.993831627070903778e-04
1.241000000000000000e+04,1.889216378003766295e-06,9.892723755910992622e-04
1.241100000000000000e+04,1.888405677163973451e-06,9.859788697212934494e-04
1.241200000000000000e+04,1.887305757009016816e-06,1.021664007566869259e-03
1.241300000000000000e+04,1.886531777017808054e-06,9.829655755311250687e-04
1.241400000000000000e+04,1.885423671410535462e-06,1.025028643198311329e-03
1.241500000000000000e+04,1.883976210592663847e-06,1.037342357449233532e-03
1.241600000000000000e+04,1.882677111098018941e-06,1.056402456015348434e-03
1.241700000000000000e+04,1.880978288681944832e-06,1.052989275194704533e-03
1.241800000000000000e+04,1.879833007478737272e-06,1.037433161400258541e-03
1.241900000000000000e+04,1.878084958661929704e-06,1.029484556056559086e-03
1.242000000000000000e+04,1.876772785180946812e-06,1.028229133225977421e-03
1.242100000000000000e+04,1.875384555205528159e-06,1.055066008120775223e-03
1.242200000000000000e+04,1.874812710411788430e-06,1.113777980208396912e-03
1.242300000000000000e+04,1.873886617431708146e-06,1.110598677769303322e-03
1.242400000000000000e+04,1.872983716566523071e-06,1.135976053774356842e-03
1.242500000000000000e+04,1.871961899269081187e-06,1.151003642007708549e-03
1.242600000000000000e+04,1.869867105597222690e-06,1.164042041637003422e-03
1.242700000000000000e+04,1.868558570095046889e-06,1.169492956250905991e-03
1.242800000000000000e+04,1.867351556938956492e-06,1.145737362094223499e-03
1.242900000000000000e+04,1.866207071543612983e-06,1.117288833484053612e-03
1.243000000000000000e+04,1.864424916675488930e-06,1.060630776919424534e-03
1.243100000000000000e+04,1.863121838141523767e-06,9.812326170504093170e-04
1.243200000000000000e+04,1.861591954366303980e-06,9.443662129342556000e-04
1.243300000000000000e+04,1.860378574747301172e-06,9.313669288530945778e-04
1.243400000000000000e+04,1.859653139035799541e-06,9.284816333092749119e-04
1.243500000000000000e+04,1.858639620877511334e-06,9.311744943261146545e-04
1.243600000000000000e+04,1.856944209066568874e-06,9.297662763856351376e-04
1.243700000000000000e+04,1.854264496614632662e-06,8.529815822839736938e-04
1.243800000000000000e+04,1.851955744314182084e-06,8.177993586286902428e-04
1.243900000000000000e+04,1.850512717282981612e-06,8.041994296945631504e-04
1.244000000000000000e+04,1.849900058914499823e-06,8.009388111531734467e-04
1.244100000000000000e+04,1.849061959546816070e-06,7.985203992575407028e-04
1.244200000000000000e+04,1.848228862399992067e-06,8.184324833564460278e-04
1.244300000000000000e+04,1.849701561695837881e-06,8.143187151290476322e-04
1.244400000000000000e+04,1.847275711952534039e-06,8.167453925125300884e-04
1.244500000000000000e+04,1.846226155066688079e-06,8.230955572798848152e-04
1.244600000000000000e+04,1.845270276135124732e-06,8.314885781146585941e-04
1.244700000000000000e+04,1.844666712713660672e-06,8.507944294251501560e-04
1.244800000000000000e+04,1.843732547968102153e-06,8.402482490055263042e-04
1.244900000000000000e+04,1.842683445829607081e-06,8.649813826195895672e-04
1.245000000000000000e+04,1.841521452661254443e-06,8.641007007099688053e-04
1.245100000000000000e+04,1.840190748225722928e-06,8.658561273477971554e-04
1.245200000000000000e+04,1.839307969930814579e-06,8.702105842530727386e-04
1.245300000000000000e+04,1.836847559388843365e-06,8.558220579288899899e-04
1.245400000000000000e+04,1.834811882872600108e-06,8.307867683470249176e-04
1.245500000000000000e+04,1.832756538533431012e-06,8.057485101744532585e-04
1.245600000000000000e+04,1.845467522798571736e-06,6.641282234340906143e-04
1.245700000000000000e+04,1.832047132666048128e-06,7.747903000563383102e-04
1.245800000000000000e+04,1.830011683523480315e-06,7.437118911184370518e-04
1.245900000000000000e+04,1.828083895816234872e-06,7.114356267265975475e-04
1.246000000000000000e+04,1.826503194024553522e-06,6.849631317891180515e-04
1.246100000000000000e+04,1.824765377023140900e-06,6.636643083766102791e-04
1.246200000000000000e+04,1.823843717829731759e-06,6.824742886237800121e-04
1.246300000000000000e+04,1.822907847781607416e-06,6.855732644908130169e-04
1.246400000000000000e+04,1.821387058953405358e-06,6.970890099182724953e-04
1.246500000000000000e+04,1.820514626160729676e-06,6.963360356166958809e-04
1.246600000000000000e+04,1.819207113840093371e-06,6.835299427621066570e-04
1.246700000000000000e+04,1.818388341234822292e-06,6.671621813438832760e-04
1.246800000000000000e+04,1.817578436202893499e-06,6.343537825159728527e-04
1.246900000000000000e+04,1.817076281440677121e-06,6.777424714528024197e-04
1.247000000000000000e+04,1.815673726923705544e-06,6.603394867852330208e-04
1.247100000000000000e+04,1.814599841054587159e-06,6.680526421405375004e-04
1.247200000000000000e+04,1.813335188671771903e-06,7.073793094605207443e-04
1.247300000000000000e+04,1.812166715353669133e-06,7.507881382480263710e-04
1.247400000000000000e+04,1.812374989640375134e-06,8.001844398677349091e-04
1.247500000000000000e+04,1.811593733691552188e-06,7.731289369985461235e-04
1.247600000000000000e+04,1.810419007597374730e-06,7.829454261809587479e-04
1.247700000000000000e+04,1.808947104109392967e-06,7.629441097378730774e-04
1.247800000000000000e+04,1.808777824408025481e-06,7.252233335748314857e-04
1.247900000000000000e+04,1.808156980587227736e-06,7.152333855628967285e-04
1.248000000000000000e+04,1.807268859010946471e-06,7.190612959675490856e-04
1.248100000000000000e+04,1.806823547667590901e-06,7.164726848714053631e-04
1.248200000000000000e+04,1.805647571018198505e-06,7.403166382573544979e-04
1.248300000000000000e+04,1.807440185075392947e-06,6.690791342407464981e-04
1.248400000000000000e+04,1.804870066735020373e-06,7.138604996725916862e-04
1.248500000000000000e+04,1.803782424758537672e-06,7.271868526004254818e-04
1.248600000000000000e+04,1.802439555831369944e-06,7.452584686689078808e-04
1.248700000000000000e+04,1.800865675249951892e-06,6.870101788081228733e-04
1.248800000000000000e+04,1.798987682377628516e-06,6.858585402369499207e-04
1.248900000000000000e+04,1.797028176042658743e-06,6.409601191990077496e-04
1.249000000000000000e+04,1.795346634025918320e-06,6.108143134042620659e-04
1.249100000000000000e+04,1.793882347556063905e-06,5.791357252746820450e-04
1.249200000000000000e+04,1.793730007193516940e-06,6.419102428480982780e-04
1.249300000000000000e+04,1.792658281374315266e-06,6.110263057053089142e-04
1.249400000000000000e+04,1.790885562513722107e-06,5.507183377631008625e-04
1.249500000000000000e+04,1.789200041457661428e-06,5.140691646374762058e-04
1.249600000000000000e+04,1.786135726433712989e-06,4.729390202555805445e-04
1.249700000000000000e+04,1.784137225513404701e-06,4.621446423698216677e-04
1.249800000000000000e+04,1.782275148798362352e-06,4.716295516118407249e-04
1.249900000000000000e+04,1.780855313882057089e-06,4.835122381336987019e-04
1.250000000000000000e+04,1.779412514224532060e-06,4.917554324492812157e-04
1.250100000000000000e+04,1.777496663635247387e-06,4.831383703276515007e-04
1.250200000000000000e+04,1.774887095962185413e-06,4.507949925027787685e-04
1.250300000000000000e+04,1.774178372215828858e-06,4.272595397196710110e-04
1.250400000000000000e+04,1.770971607584215235e-06,4.177291411906480789e-04
1.250500000000000000e+04,1.769126242834317964e-06,4.168009618297219276e-04
1.250600000000000000e+04,1.766491550370119512e-06,4.168369923718273640e-04
1.250700000000000000e+04,1.763288310030475259e-06,4.131164459977298975e-04
1.250800000000000000e+04,1.759869633133348543e-06,4.327540809754282236e-04
1.250900000000000000e+04,1.754767140482726973e-06,4.502624506130814552e-04
1.251000000000000000e+04,1.752524781295505818e-06,4.673369403462857008e-04
1.251100000000000000e+04,1.750947831169469282e-06,4.901247448287904263e-04
1.251200000000000000e+04,1.748542786117468495e-06,5.471438053064048290e-04
1.251300000000000000e+04,1.746232442201289814e-06,5.190470255911350250e-04
1.251400000000000000e+04,1.743310804158682004e-06,4.615548241417855024e-04
1.251500000000000000e+04,1.740830384733271785e-06,4.256471584085375071e-04
1.251600000000000000e+04,1.741443725222779904e-06,4.192909400444477797e-04
1.251700000000000000e+04,1.739426011226896662e-06,4.211323685012757778e-04
1.251800000000000000e+04,1.737672619128716178e-06,4.197378584649413824e-04
1.251900000000000000e+04,1.735769842525769491e-06,4.210644110571593046e-04
1.252000000000000000e+04,1.734436750666645821e-06,4.212503554299473763e-04
1.252100000000000000e+04,1.733271119519486092e-06,4.230604681652039289e-04
1.252200000000000000e+04,1.731110046421235893e-06,4.255489038769155741e-04
1.252300000000000000e+04,1.730279905132192653e-06,4.273809026926755905e-04
1.252400000000000000e+04,1.728623033159237821e-06,4.316448175814002752e-04
1.252500000000000000e+04,1.730597318783111405e-06,4.323547182139009237e-04
1.252600000000000000e+04,1.727466951706446707e-06,4.315379774197936058e-04
1.252700000000000000e+04,1.725750053083174862e-06,4.378352314233779907e-04
1.252800000000000000e+04,1.724401727187796496e-06,4.396438016556203365e-04
1.252900000000000000e+04,1.723660943753202446e-06,4.401503247208893299e-04
1.253000000000000000e+04,1.722029310258221813e-06,4.334584227763116360e-04
1.253100000000000000e+04,1.720770228530454915e-06,4.346196947153657675e-04
1.253200000000000000e+04,1.718733528832672164e-06,4.396221484057605267e-04
1.253300000000000000e+04,1.717103373266581912e-06,4.355562559794634581e-04
1.253400000000000000e+04,1.715551320558006410e-06,4.434730217326432467e-04
1.253500000000000000e+04,1.714358404569793493e-06,4.608052258845418692e-04
1.253600000000000000e+04,1.711794084258144721e-06,4.863693320658057928e-04
1.253700000000000000e+04,1.709194066279451363e-06,5.373004823923110962e-04
1.253800000000000000e+04,1.705437853161129169e-06,5.674350541085004807e-04
1.253900000000000000e+04,1.701594214864599053e-06,5.108517943881452084e-04
1.254000000000000000e+04,1.697817310741811525e-06,4.685050516854971647e-04
1.254100000000000000e+04,1.695055516393040307e-06,4.579836677294224501e-04
1.254200000000000000e+04,1.692932983132777736e-06,4.645813605748116970e-04
1.254300000000000000e+04,1.690061480985605158e-06,4.599513194989413023e-04
1.254400000000000000e+04,1.687482836132403463e-06,4.779069568030536175e-04
1.254500000000000000e+04,1.685259576333919540e-06,4.644933796953409910e-04
1.254600000000000000e+04,1.683909431449137628e-06,4.633422940969467163e-04
1.254700000000000000e+04,1.682312131379148923e-06,4.615474608726799488e-04
1.254800000000000000e+04,1.680952323113160674e-06,4.640437837224453688e-04
1.254900000000000000e+04,1.679371393947803881e-06,4.680498677771538496e-04
1.255000000000000000e+04,1.678292051110474858e-06,4.708172928076237440e-04
1.255100000000000000e+04,1.677621185081079602e-06,4.720738506875932217e-04
1.255200000000000000e+04,1.676093575042614248e-06,4.769773222506046295e-04
1.255300000000000000e+04,1.675178850746306125e-06,4.776857967954128981e-04
1.255400000000000000e+04,1.674482859925774392e-06,4.766065976582467556e-04
1.255500000000000000e+04,1.673985138950229157e-06,4.764066543430089951e-04
1.255600000000000000e+04,1.673125666457053740e-06,4.763282486237585545e-04
1.255700000000000000e+04,1.697600623629114125e-06,5.944605800323188305e-04
1.255800000000000000e+04,1.672340431468910538e-06,4.869948315899819136e-04
1.255900000000000000e+04,1.670604206083226018e-06,4.890382988378405571e-04
1.256000000000000000e+04,1.667867422838753555e-06,4.909775452688336372e-04
1.256100000000000000e+04,1.666375965214683674e-06,4.896477330476045609e-04
1.256200000000000000e+04,1.664782416810339782e-06,4.901901702396571636e-04
1.256300000000000000e+04,1.662063027652038727e-06,5.105430027469992638e-04
1.256400000000000000e+04,1.660659222579852212e-06,4.991908208467066288e-04
1.256500000000000000e+04,1.659632175687875133e-06,5.009314045310020447e-04
1.256600000000000000e+04,1.657998154769302346e-06,5.057168891653418541e-04
1.256700000000000000e+04,1.656228278079652227e-06,5.136728868819773197e-04
1.256800000000000000e+04,1.657427674217615277e-06,5.301596829667687416e-04
1.256900000000000000e+04,1.655626419960753992e-06,5.190760130062699318e-04
1.257000000000000000e+04,1.654161792430386413e-06,5.300645716488361359e-04
1.257100000000000000e+04,1.652220362302614376e-06,5.155927501618862152e-04
1.257200000000000000e+04,1.650438662181841210e-06,5.154942627996206284e-04
1.257300000000000000e+04,1.647145154493045993e-06,5.204559420235455036e-04
1.257400000000000000e+04,1.644200892769731581e-06,5.319854826666414738e-04
1.257500000000000000e+04,1.661252895246434491e-06,6.210690480656921864e-04
1.257600000000000000e+04,1.642807546886615455e-06,5.483165732584893703e-04
1.257700000000000000e+04,1.640840196159842890e-06,5.653615226037800312e-04
1.257800000000000000e+04,1.640109417166968342e-06,5.700838519260287285e-04
1.257900000000000000e+04,1.639276320020144340e-06,5.658428417518734932e-04
1.258000000000000000e+04,1.637810214560886379e-06,5.492067430168390274e-04
1.258100000000000000e+04,1.635923695175733883e-06,5.329431733116507530e-04
1.258200000000000000e+04,1.634465661481954157e-06,5.018549272790551186e-04
1.258300000000000000e+04,1.633968508940597530e-06,5.032466142438352108e-04
1.258400000000000000e+04,1.632231146686535794e-06,4.940811777487397194e-04
1.258500000000000000e+04,1.630813130759634078e-06,4.830418620258569717e-04
1.258600000000000000e+04,1.629223106647259556e-06,4.824583302251994610e-04
1.258700000000000000e+04,1.626671746635111049e-06,4.787649959325790405e-04
1.258800000000000000e+04,1.624813990019902121e-06,4.732629749923944473e-04
1.258900000000000000e+04,1.622121999389491975e-06,4.623161221388727427e-04
1.259000000000000000e+04,1.619037220734753646e-06,4.506863479036837816e-04
1.259100000000000000e+04,1.615881160432763863e-06,4.453349392861127853e-04
1.259200000000000000e+04,1.613561607882729732e-06,4.474218585528433323e-04
1.259300000000000000e+04,1.616135932636098005e-06,4.513471212703734636e-04
1.259400000000000000e+04,1.612618802937504370e-06,4.458863695617765188e-04
1.259500000000000000e+04,1.611093466635793447e-06,4.525703552644699812e-04
1.259600000000000000e+04,1.609317678230581805e-06,4.858284955844283104e-04
1.259700000000000000e+04,1.606751652616367210e-06,4.638906684704124928e-04
1.259800000000000000e+04,1.605077159183565527e-06,4.570865712594240904e-04
1.259900000000000000e+04,1.602497945896175224e-06,4.540858790278434753e-04
1.260000000000000000e+04,1.600800032974802889e-06,4.469961568247526884e-04
1.260100000000000000e+04,1.598774133526603691e-06,4.457337490748614073e-04
1.260200000000000000e+04,1.597565528754785191e-06,4.511324805207550526e-04
1.260300000000000000e+04,1.596743118170707021e-06,4.556491912808269262e-04
1.260400000000000000e+04,1.595617050043074414e-06,4.589928430505096912e-04
1.260500000000000000e+04,1.594093760104442481e-06,4.592987825162708759e-04
1.260600000000000000e+04,1.593040678926627152e-06,4.547014832496643066e-04
1.260700000000000000e+04,1.592463377164676785e-06,4.500616341829299927e-04
1.260800000000000000e+04,1.591506361364736222e-06,4.452431749086827040e-04
1.260900000000000000e+04,1.590533088347001467e-06,4.383863415569067001e-04
1.261000000000000000e+04,1.589462044648826122e-06,4.415191360749304295e-04
1.261100000000000000e+04,1.588475015523727052e-06,4.461068310774862766e-04
1.261200000000000000e+04,1.587820520398963708e-06,4.546182171907275915e-04
1.261300000000000000e+04,1.586905000294791535e-06,4.609845054801553488e-04
1.261400000000000000e+04,1.585586915098247118e-06,4.635721561498939991e-04
1.261500000000000000e+04,1.584375695529161021e-06,4.607437876984477043e-04
1.261600000000000000e+04,1.583475750521756709e-06,4.442916833795607090e-04
1.261700000000000000e+04,1.583926291459647473e-06,4.495484754443168640e-04
1.261800000000000000e+04,1.582972458891163114e-06,4.459481569938361645e-04
1.261900000000000000e+04,1.582017716827976983e-06,4.463278164621442556e-04
1.262000000000000000e+04,1.580263415235094726e-06,4.465566307771950960e-04
1.262100000000000000e+04,1.578363935550441965e-06,4.445460508577525616e-04
1.262200000000000000e+04,1.575427177158417180e-06,4.432387650012969971e-04
1.262300000000000000e+04,1.573395365994656458e-06,4.421270859893411398e-04
1.262400000000000000e+04,1.571994630467088427e-06,4.434532020241022110e-04
1.262500000000000000e+04,1.570106292092532385e-06,4.507861740421503782e-04
1.262600000000000000e+04,1.568733068779692985e-06,4.634966317098587751e-04
1.262700000000000000e+04,1.567615981912240386e-06,4.792682884726673365e-04
1.262800000000000000e+04,1.566684090903436299e-06,4.827953525818884373e-04
1.262900000000000000e+04,1.565253569424385205e-06,4.728627100121229887e-04
1.263000000000000000e+04,1.563805767546000425e-06,4.597224469762295485e-04
1.263100000000000000e+04,1.561984049658349250e-06,4.404791106935590506e-04
1.263200000000000000e+04,1.560817281642812304e-06,4.378578742034733295e-04
1.263300000000000000e+04,1.559141423967957962e-06,4.358366422820836306e-04
1.263400000000000000e+04,1.561312501507927664e-06,4.766278143506497145e-04
1.263500000000000000e+04,1.558109261168283410e-06,4.438025935087352991e-04
1.263600000000000000e+04,1.556433744553942233e-06,4.385392239782959223e-04
1.263700000000000000e+04,1.554504933665157296e-06,4.358514270279556513e-04
1.263800000000000000e+04,1.552541675664542709e-06,4.371063259895890951e-04
1.263900000000000000e+04,1.549850708215672057e-06,4.392747650854289532e-04
1.264000000000000000e+04,1.548005343465774786e-06,4.444676742423325777e-04
1.264100000000000000e+04,1.546972157484560739e-06,4.459924821276217699e-04
1.264200000000000000e+04,1.545797886137734167e-06,4.582961846608668566e-04
1.264300000000000000e+04,1.544506972095405217e-06,4.540944937616586685e-04
1.264400000000000000e+04,1.543457301522721536e-06,4.554282349999994040e-04
1.264500000000000000e+04,1.542476184113183990e-06,4.628409224096685648e-04
1.264600000000000000e+04,1.541489950795948971e-06,4.732435627374798059e-04
1.264700000000000000e+04,1.540458470117300749e-06,4.868514079134911299e-04
1.264800000000000000e+04,1.539289883112360258e-06,5.015950882807374001e-04
1.264900000000000000e+04,1.537442926746734884e-06,5.257747252471745014e-04
1.265000000000000000e+04,1.536558102088747546e-06,5.796671612188220024e-04
1.265100000000000000e+04,1.535121782580972649e-06,5.453045014292001724e-04
1.265200000000000000e+04,1.534072225695126690e-06,5.293285939842462540e-04
1.265300000000000000e+04,1.532730948383687064e-06,5.374955362640321255e-04
1.265400000000000000e+04,1.531637508378480561e-06,5.554570816457271576e-04
1.265500000000000000e+04,1.530680947325890884e-06,5.825296393595635891e-04
1.265600000000000000e+04,1.529973133074236102e-06,6.027668714523315430e-04
1.265700000000000000e+04,1.528941879769263323e-06,6.060217856429517269e-04
1.265800000000000000e+04,1.537772163828776684e-06,5.605065962299704552e-04
1.265900000000000000e+04,1.528645725556998514e-06,5.970638012513518333e-04
1.266000000000000000e+04,1.527047515992308035e-06,5.784069653600454330e-04
1.266100000000000000e+04,1.526436221865878906e-06,5.638016737066209316e-04
1.266200000000000000e+04,1.525073912489460781e-06,5.375589826144278049e-04
1.266300000000000000e+04,1.523662717772822361e-06,5.418292712420225143e-04
1.266400000000000000e+04,1.522307798040856142e-06,5.489901523105800152e-04
1.266500000000000000e+04,1.520312025604653172e-06,5.747910472564399242e-04
1.266600000000000000e+04,1.524296067145769484e-06,5.377730121836066246e-04
1.266700000000000000e+04,1.519739043942536227e-06,5.649687955155968666e-04
1.266800000000000000e+04,1.517874693490739446e-06,5.513594369404017925e-04
1.266900000000000000e+04,1.516327188255672809e-06,5.504137370735406876e-04
1.267000000000000000e+04,1.513168854216928594e-06,5.543373408727347851e-04
1.267100000000000000e+04,1.511568825662834570e-06,5.950241466052830219e-04
1.267200000000000000e+04,1.510142055849428289e-06,6.496806745417416096e-04
1.267300000000000000e+04,1.509399567112268414e-06,6.680812221020460129e-04
1.267400000000000000e+04,1.507759179730783217e-06,7.062714430503547192e-04
1.267500000000000000e+04,1.506098215031670406e-06,6.443545571528375149e-04
1.267600000000000000e+04,1.505034106230596080e-06,7.052214350551366806e-04
1.267700000000000000e+04,1.502259578956000041e-06,6.404660525731742382e-04
1.267800000000000000e+04,1.501450924479286186e-06,6.012624944560229778e-04
1.267900000000000000e+04,1.499808831795235164e-06,5.534982192330062389e-04
1.268000000000000000e+04,1.497487801316310652e-06,5.064872675575315952e-04
1.268100000000000000e+04,1.495571154919161927e-06,4.959823563694953918e-04
1.268200000000000000e+04,1.495034211984602734e-06,4.522910458035767078e-04
1.268300000000000000e+04,1.493074364589119796e-06,4.705796309281140566e-04
1.268400000000000000e+04,1.491898387939727399e-06,4.826784715987741947e-04
1.268500000000000000e+04,1.490321665187366307e-06,4.676614771597087383e-04
1.268600000000000000e+04,1.489114310970762745e-06,4.487180267460644245e-04
1.268700000000000000e+04,1.487776557951292489e-06,4.368722147773951292e-04
1.268800000000000000e+04,1.486488486079906579e-06,4.344515618868172169e-04
1.268900000000000000e+04,1.484483959757199045e-06,4.335714329499751329e-04
1.269000000000000000e+04,1.481998879171442240e-06,4.357735742814838886e-04
1.269100000000000000e+04,1.479376010138366837e-06,4.260867135599255562e-04
1.269200000000000000e+04,1.475520889471226837e-06,4.538169014267623425e-04
1.269300000000000000e+04,1.473383576922060456e-06,4.553795151878148317e-04
1.269400000000000000e+04,1.471616201342840213e-06,4.502979572862386703e-04
1.269500000000000000e+04,1.468788809688703623e-06,4.353634431026875973e-04
1.269600000000000000e+04,1.466285766582586803e-06,4.299066786188632250e-04
1.269700000000000000e+04,1.464552042307332158e-06,4.254431987646967173e-04
1.269800000000000000e+04,1.462085378989286255e-06,4.175592039246112108e-04
1.269900000000000000e+04,1.460299699829192832e-06,4.116086056455969810e-04
1.270000000000000000e+04,1.458799033571267501e-06,4.039390187244862318e-04
1.270100000000000000e+04,1.457673306504148059e-06,4.009872791357338428e-04
1.270200000000000000e+04,1.455108872505661566e-06,4.029745177831500769e-04
1.270300000000000000e+04,1.453185291211411823e-06,4.188198363408446312e-04
1.270400000000000000e+04,1.451846515010402072e-06,4.128615255467593670e-04
1.270500000000000000e+04,1.449889168725349009e-06,4.108486464247107506e-04
1.270600000000000000e+04,1.448656803404446691e-06,4.058190679643303156e-04
1.270700000000000000e+04,1.447139879928727169e-06,4.232212086208164692e-04
1.270800000000000000e+04,1.445509042241610587e-06,4.188083403278142214e-04
1.270900000000000000e+04,1.443745304641197436e-06,4.062186053488403559e-04
1.271000000000000000e+04,1.442754410163615830e-06,4.005994705948978662e-04
1.271100000000000000e+04,1.441722474737616722e-06,3.948708763346076012e-04
1.271200000000000000e+04,1.440883465875231195e-06,3.930809616576880217e-04
1.271300000000000000e+04,1.439158495486481115e-06,3.933533153031021357e-04
1.271400000000000000e+04,1.437466721654345747e-06,3.943315823562443256e-04
1.271500000000000000e+04,1.436692400602623820e-06,4.065410466864705086e-04
1.271600000000000000e+04,1.434921955478785094e-06,4.393287526909261942e-04
1.271700000000000000e+04,1.433883994650386740e-06,4.293423553463071585e-04
1.271800000000000000e+04,1.432599560757807922e-06,4.303237656131386757e-04
1.271900000000000000e+04,1.431096961823641323e-06,4.384332860354334116e-04
1.272000000000000000e+04,1.429370399819163140e-06,4.517408960964530706e-04
1.272100000000000000e+04,1.426873836862796452e-06,4.779478767886757851e-04
1.272200000000000000e+04,1.424819060957815964e-06,4.911372670903801918e-04
1.272300000000000000e+04,1.423773369424452540e-06,5.167941562831401825e-04
1.272400000000000000e+04,1.421743149876419920e-06,4.716504772659391165e-04
1.272500000000000000e+04,1.419850491402030457e-06,4.680317942984402180e-04
1.272600000000000000e+04,1.416657482877781149e-06,4.590124008245766163e-04
1.272700000000000000e+04,1.414093844687158708e-06,4.427799140103161335e-04
1.272800000000000000e+04,1.411917537552653812e-06,4.238531691953539848e-04
1.272900000000000000e+04,1.410178242622350808e-06,4.181792610324919224e-04
1.273000000000000000e+04,1.407563786415266804e-06,4.136247152928262949e-04
1.273100000000000000e+04,1.404294039275555406e-06,4.069696005899459124e-04
1.273200000000000000e+04,1.402443785991636105e-06,3.936101566068828106e-04
1.273300000000000000e+04,1.401151280333579052e-06,3.809637855738401413e-04
1.273400000000000000e+04,1.400505311721644830e-06,3.772198106162250042e-04
1.273500000000000000e+04,1.399395273438130971e-06,3.739194071386009455e-04
1.273600000000000000e+04,1.398419612996804062e-06,3.744497371371835470e-04
1.273700000000000000e+04,1.397605160491366405e-06,3.743964189197868109e-04
1.273800000000000000e+04,1.396795141772599891e-06,3.745134454220533371e-04
1.273900000000000000e+04,1.396226934957667254e-06,3.749023308046162128e-04
1.274000000000000000e+04,1.395125536873820238e-06,3.798235848080366850e-04
1.274100000000000000e+04,1.396800826114485972e-06,3.752186894416809082e-04
1.274200000000000000e+04,1.394719561176316347e-06,3.772280470002442598e-04
1.274300000000000000e+04,1.394292098666483071e-06,3.776983066927641630e-04
1.274400000000000000e+04,1.393548927808296867e-06,3.786509041674435139e-04
1.274500000000000000e+04,1.393341904076805804e-06,3.792035568039864302e-04
1.274600000000000000e+04,1.392504600516986102e-06,3.805837186519056559e-04
1.274700000000000000e+04,1.392031094837875571e-06,3.823075094260275364e-04
1.274800000000000000e+04,1.391240402881521732e-06,3.850255452562123537e-04
1.274900000000000000e+04,1.390853867633268237e-06,3.905920020770281553e-04
1.275000000000000000e+04,1.389890030623064376e-06,3.896672569680958986e-04
1.275100000000000000e+04,1.388856048833986279e-06,3.873559762723743916e-04
1.275200000000000000e+04,1.387777729178196751e-06,3.799254191108047962e-04
1.275300000000000000e+04,1.386504550282552373e-06,3.741648106370121241e-04
1.275400000000000000e+04,1.384928964398568496e-06,3.714259073603898287e-04
1.275500000000000000e+04,1.383641688335046638e-06,3.705044509842991829e-04
1.275600000000000000e+04,1.382587242915178649e-06,3.705206618178635836e-04
1.275700000000000000e+04,1.381849187964689918e-06,3.703575057443231344e-04
1.275800000000000000e+04,1.380741423417930491e-06,3.696451894938945770e-04
1.275900000000000000e+04,1.383035282742639538e-06,3.747130685951560736e-04
1.276000000000000000e+04,1.380403318762546405e-06,3.705203998833894730e-04
1.276100000000000000e+04,1.378891056447173469e-06,3.724704729393124580e-04
1.276200000000000000e+04,1.377890725962060969e-06,3.785329172387719154e-04
1.276300000000000000e+04,1.376497493765782565e-06,3.931394603569060564e-04
1.276400000000000000e+04,1.376324348711932544e-06,4.070457944180816412e-04
1.276500000000000000e+04,1.374612452309520449e-06,4.011281707789748907e-04
1.276600000000000000e+04,1.373610871269193012e-06,3.929925151169300079e-04
1.276700000000000000e+04,1.372507995256455615e-06,3.844794700853526592e-04
1.276800000000000000e+04,1.371113512504962273e-06,3.865049220621585846e-04
1.276900000000000000e+04,1.369783944937807973e-06,3.885943442583084106e-04
1.277000000000000000e+04,1.367925051454221830e-06,3.924977791029959917e-04
1.277100000000000000e+04,1.366299443361640442e-06,3.961455950047820807e-04
1.277200000000000000e+04,1.364842091788887046e-06,4.067269328515976667e-04
1.277300000000000000e+04,1.363905084872385487e-06,4.107406712137162685e-04
1.277400000000000000e+04,1.363367118756286800e-06,4.343694890849292278e-04
1.277500000000000000e+04,1.362136458737950306e-06,4.265039169695228338e-04
1.277600000000000000e+04,1.360652277071494609e-06,4.213182837702333927e-04
1.277700000000000000e+04,1.358718009214499034e-06,4.206656012684106827e-04
1.277800000000000000e+04,1.356170287181157619e-06,4.216469824314117432e-04
1.277900000000000000e+04,1.354301616629527416e-06,4.194467328488826752e-04
1.278000000000000000e+04,1.353022980765672401e-06,4.133434267714619637e-04
1.278100000000000000e+04,1.351985247310949489e-06,4.002481873612850904e-04
1.278200000000000000e+04,1.351092805634834804e-06,3.938900772482156754e-04
1.278300000000000000e+04,1.348910132037417497e-06,3.901930758729577065e-04
1.278400000000000000e+04,1.347392981188022532e-06,3.935631539206951857e-04
1.278500000000000000e+04,1.345577857136959210e-06,4.046530521009117365e-04
1.278600000000000000e+04,1.343844928669568617e-06,4.033976583741605282e-04
1.278700000000000000e+04,1.342014456895412877e-06,4.011092241853475571e-04
1.278800000000000000e+04,1.340564040219760500e-06,4.010717966593801975e-04
1.278900000000000000e+04,1.339031996394624002e-06,4.030651180073618889e-04
1.279000000000000000e+04,1.336572722721030004e-06,4.110354348085820675e-04
1.279100000000000000e+04,1.334340709036041517e-06,4.379312449600547552e-04
1.279200000000000000e+04,1.332742954218701925e-06,4.304676549509167671e-04
1.279300000000000000e+04,1.331462271991767921e-06,4.180533578619360924e-04
1.279400000000000000e+04,1.330904865426418837e-06,4.149335727561265230e-04
1.279500000000000000e+04,1.330148620581894647e-06,4.142833058722317219e-04
1.279600000000000000e+04,1.329595647803216707e-06,4.150902095716446638e-04
1.279700000000000000e+04,1.328759594798611943e-06,4.188308957964181900e-04
1.279800000000000000e+04,1.340279936812294181e-06,4.266400355845689774e-04
1.279900000000000000e+04,1.328267444478115067e-06,4.171059699729084969e-04
1.280000000000000000e+04,1.327854192822996993e-06,4.162943514529615641e-04
1.280100000000000000e+04,1.327054292232787702e-06,4.171897599007934332e-04
1.280200000000000000e+04,1.326163896919752005e-06,4.214714572299271822e-04
1.280300000000000000e+04,1.324968025073758326e-06,4.313443787395954132e-04
1.280400000000000000e+04,1.324317850048828404e-06,4.385783395264297724e-04
1.280500000000000000e+04,1.323731567026698031e-06,4.602688713930547237e-04
1.280600000000000000e+04,1.321615400229347870e-06,4.341078165452927351e-04
1.280700000000000000e+04,1.321022409683791921e-06,4.248008190188556910e-04
1.280800000000000000e+04,1.320011392635933589e-06,4.152548499405384064e-04
1.280900000000000000e+04,1.319061652793607209e-06,4.086014523636549711e-04
1.281000000000000000e+04,1.317971509706694633e-06,4.041982465423643589e-04
1.281100000000000000e+04,1.317190481131547131e-06,4.021277127321809530e-04
1.281200000000000000e+04,1.316834641329478472e-06,4.013496800325810909e-04
1.281300000000000000e+04,1.316091811531805433e-06,4.012315766885876656e-04
1.281400000000000000e+04,1.315512918154126965e-06,4.027621180284768343e-04
1.281500000000000000e+04,1.314528390139457770e-06,4.082506347913295031e-04
1.281600000000000000e+04,1.313108327849477064e-06,4.096928460057824850e-04
1.281700000000000000e+04,1.311695200456597377e-06,4.121844249311834574e-04
1.281800000000000000e+04,1.310958055000810418e-06,3.999554901383817196e-04
1.281900000000000000e+04,1.314232690674543846e-06,4.009848635178059340e-04
1.282000000000000000e+04,1.309923050030192826e-06,3.991399134974926710e-04
1.282100000000000000e+04,1.308733544647111557e-06,3.991436387877911329e-04
1.282200000000000000e+04,1.307289380747533869e-06,4.003648937214165926e-04
1.282300000000000000e+04,1.305431169384974055e-06,4.016346065327525139e-04
1.282400000000000000e+04,1.303930844187561888e-06,4.010074189864099026e-04
1.282500000000000000e+04,1.302175746786815580e-06,3.983287897426635027e-04
1.282600000000000000e+04,1.299721020586730447e-06,3.958632878493517637e-04
1.282700000000000000e+04,1.298621896239637863e-06,3.944787022192031145e-04
1.282800000000000000e+04,1.297874973715806846e-06,3.903956676367670298e-04
1.282900000000000000e+04,1.297393055210704915e-06,3.879214345943182707e-04
1.283000000000000000e+04,1.296334289691003505e-06,3.808615438174456358e-04
1.283100000000000000e+04,1.295308720727916807e-06,3.771049086935818195e-04
1.283200000000000000e+04,1.293456875828269403e-06,3.711034078150987625e-04
1.283300000000000000e+04,1.295171728088462260e-06,3.684771654661744833e-04
1.283400000000000000e+04,1.292702791033661924e-06,3.693197504617273808e-04
1.283500000000000000e+04,1.291779312850849237e-06,3.719610394909977913e-04
1.283600000000000000e+04,1.291231683353544213e-06,3.720016393344849348e-04
1.283700000000000000e+04,1.290610271098557860e-06,3.744489804375916719e-04
1.283800000000000000e+04,1.290171894652303308e-06,3.818047698587179184e-04
1.283900000000000000e+04,1.289219881073222496e-06,3.967332595493644476e-04
1.284000000000000000e+04,1.288337216465151869e-06,4.069397691637277603e-04
1.284100000000000000e+04,1.287976488129061181e-06,3.999932669103145599e-04
1.284200000000000000e+04,1.287191025767242536e-06,3.894127148669213057e-04
1.284300000000000000e+04,1.286654310206358787e-06,3.842408477794378996e-04
1.284400000000000000e+04,1.286603833250410389e-06,3.803430008701980114e-04
1.284500000000000000e+04,1.286184897253406234e-06,3.794970398303121328e-04
1.284600000000000000e+04,1.285527673644537572e-06,3.799819969572126865e-04
1.284700000000000000e+04,1.284625909647729713e-06,3.884264151565730572e-04
1.284800000000000000e+04,1.283578967559151351e-06,4.094087344128638506e-04
1.284900000000000000e+04,1.283466531276644673e-06,4.205843724776059389e-04
1.285000000000000000e+04,1.282779294342617504e-06,4.139138909522444010e-04
1.285100000000000000e+04,1.281427216781594325e-06,4.132995090913027525e-04
1.285200000000000000e+04,1.281112417927943170e-06,4.127113497816026211e-04
1.285300000000000000e+04,1.279715775126533117e-06,4.193853528704494238e-04
1.285400000000000000e+04,1.278521722269942984e-06,4.052421427331864834e-04
1.285500000000000000e+04,1.277152477996423841e-06,4.037151811644434929e-04
1.285600000000000000e+04,1.275892486773955170e-06,3.970153047703206539e-04
1.285700000000000000e+04,1.274552460017730482e-06,3.851318324450403452e-04
1.285800000000000000e+04,1.274131818718160503e-06,3.837067924905568361e-04
1.285900000000000000e+04,1.273209477403725032e-06,3.872194502037018538e-04
1.286000000000000000e+04,1.272235522264963947e-06,3.939548914786428213e-04
1.286100000000000000e+04,1.271367068511608522e-06,3.956672735512256622e-04
1.286200000000000000e+04,1.269781250812229700e-06,3.903176693711429834e-04
1.286300000000000000e+04,1.267907123292388860e-06,3.954269923269748688e-04
1.286400000000000000e+04,1.266741151084715966e-06,4.027651157230138779e-04
1.286500000000000000e+04,1.265120090465643443e-06,3.964919596910476685e-04
1.286600000000000000e+04,1.264139314116619062e-06,3.908179933205246925e-04
1.286700000000000000e+04,1.263297463083290495e-06,3.902649914380162954e-04
1.286800000000000000e+04,1.262593855244631413e-06,3.907533828169107437e-04
1.286900000000000000e+04,1.261865577362186741e-06,3.952814440708607435e-04
1.287000000000000000e+04,1.261554643861018121e-06,3.986955562140792608e-04
1.287100000000000000e+04,1.260391741197963711e-06,3.984666836913675070e-04
1.287200000000000000e+04,1.259450755242141895e-06,3.981261979788541794e-04
1.287300000000000000e+04,1.258983161278592888e-06,3.974285791628062725e-04
1.287400000000000000e+04,1.258574457096983679e-06,3.959963214583694935e-04
1.287500000000000000e+04,1.258009547200344969e-06,3.953214327339082956e-04
1.287600000000000000e+04,1.257393137166218366e-06,3.949245437979698181e-04
1.287700000000000000e+04,1.256226141777005978e-06,3.944273921661078930e-04
1.287800000000000000e+04,1.254613948731275741e-06,3.919160808436572552e-04
1.287900000000000000e+04,1.253743675988516770e-06,3.901064337696880102e-04
1.288000000000000000e+04,1.252348738489672542e-06,3.881654702126979828e-04
1.288100000000000000e+04,1.251368757948512211e-06,3.879486466757953167e-04
1.288200000000000000e+04,1.250420723408751655e-06,3.868571657221764326e-04
1.288300000000000000e+04,1.249503725375689100e-06,3.834788803942501545e-04
1.288400000000000000e+04,1.248699732059321832e-06,3.801887505687773228e-04
1.288500000000000000e+04,1.248220883098838385e-06,3.800234408117830753e-04
1.288600000000000000e+04,1.247428031092567835e-06,3.781497071031481028e-04
1.288700000000000000e+04,1.246462034032447264e-06,3.842891601379960775e-04
1.288800000000000000e+04,1.245824591933342163e-06,3.891017986461520195e-04
1.288900000000000000e+04,1.245082671630370896e-06,3.952499828301370144e-04
1.289000000000000000e+04,1.244469103767187335e-06,3.994494909420609474e-04
1.289100000000000000e+04,1.247315026375872549e-06,4.532594757620245218e-04
1.289200000000000000e+04,1.244206032424699515e-06,4.085033724550157785e-04
1.289300000000000000e+04,1.243322572008764837e-06,4.137936048209667206e-04
1.289400000000000000e+04,1.242710141013958491e-06,4.147984727751463652e-04
1.289500000000000000e+04,1.241866925738577265e-06,4.059729981236159801e-04
1.289600000000000000e+04,1.241197537638072390e-06,3.998396568931639194e-04
1.289700000000000000e+04,1.240658207279921044e-06,3.954789717681705952e-04
1.289800000000000000e+04,1.239984612766420469e-06,3.863270685542374849e-04
1.289900000000000000e+04,1.239037715095037129e-06,3.914008848369121552e-04
1.290000000000000000e+04,1.238139475390198641e-06,3.951803955715149641e-04
1.290100000000000000e+04,1.242656480826553889e-06,4.139036173000931740e-04
1.290200000000000000e+04,1.237507603946141899e-06,3.988451499026268721e-04
1.290300000000000000e+04,1.235842319147195667e-06,4.019301559310406446e-04
1.290400000000000000e+04,1.234130763805296738e-06,4.009446129202842712e-04
1.290500000000000000e+04,1.232054955835337751e-06,3.969884710386395454e-04
1.290600000000000000e+04,1.231403189194679726e-06,3.954646526835858822e-04
1.290700000000000000e+04,1.230389784723229241e-06,3.927667858079075813e-04
1.290800000000000000e+04,1.228969949806923978e-06,3.913476248271763325e-04
1.290900000000000000e+04,1.227569327966193669e-06,3.896869893651455641e-04
1.291000000000000000e+04,1.226196218340191990e-06,3.960028989240527153e-04
1.291100000000000000e+04,1.225117216563376132e-06,4.012311983387917280e-04
1.291200000000000000e+04,1.223892809321114328e-06,4.114324983675032854e-04
1.291300000000000000e+04,1.222845185111509636e-06,4.076837503816932440e-04
1.291400000000000000e+04,1.221796765094040893e-06,3.922985051758587360e-04
1.291500000000000000e+04,1.221165689457848202e-06,3.910937521141022444e-04
1.291600000000000000e+04,1.220647163790999912e-06,3.914081898983567953e-04
1.291700000000000000e+04,1.219840328303689603e-06,3.927217621821910143e-04
1.291800000000000000e+04,1.218779289047233760e-06,3.938245645258575678e-04
1.291900000000000000e+04,1.218061015606508590e-06,3.965363430324941874e-04
1.292000000000000000e+04,1.217575231748924125e-06,3.956322907470166683e-04
1.292100000000000000e+04,1.217092403749120422e-06,3.930893726646900177e-04
1.292200000000000000e+04,1.216504642798099667e-06,3.968574746977537870e-04
1.292300000000000000e+04,1.217231215377978515e-06,4.007671086583286524e-04
1.292400000000000000e+04,1.215951442645746283e-06,3.976207517553120852e-04
1.292500000000000000e+04,1.215429392686928622e-06,4.041270294692367315e-04
1.292600000000000000e+04,1.214662574966496322e-06,4.132388858124613762e-04
1.292700000000000000e+04,1.214192025145166554e-06,4.146575811319053173e-04
1.292800000000000000e+04,1.212985807796940207e-06,4.143117694184184074e-04
1.292900000000000000e+04,1.211319158755941316e-06,4.130837914999574423e-04
1.293000000000000000e+04,1.209411948366323486e-06,4.071595321875065565e-04
1.293100000000000000e+04,1.207626041832554620e-06,3.992494021076709032e-04
1.293200000000000000e+04,1.206210185955569614e-06,3.936770954169332981e-04
1.293300000000000000e+04,1.205675744131440297e-06,3.995782171841710806e-04
1.293400000000000000e+04,1.205171770379820373e-06,3.925277560483664274e-04
1.293500000000000000e+04,1.204601744575484190e-06,3.952437255065888166e-04
1.293600000000000000e+04,1.203895408252719790e-06,4.047398397233337164e-04
1.293700000000000000e+04,1.203443162012263201e-06,4.059092607349157333e-04
1.293800000000000000e+04,1.202581870529684238e-06,4.047248221468180418e-04
1.293900000000000000e+04,1.201854615828779060e-06,4.030082782264798880e-04
1.294000000000000000e+04,1.201013219542801380e-06,4.025007656309753656e-04
1.294100000000000000e+04,1.200462975248228759e-06,3.957263252232223749e-04
1.294200000000000000e+04,1.200961719405313488e-06,4.006717645097523928e-04
1.294300000000000000e+04,1.199410121444088873e-06,3.974362625740468502e-04
1.294400000000000000e+04,1.198395239043748006e-06,3.969051467720419168e-04
1.294500000000000000e+04,1.197114443129976280e-06,4.033824952784925699e-04
1.294600000000000000e+04,1.197302367472730111e-06,3.917389549314975739e-04
1.294700000000000000e+04,1.196427433569624554e-06,3.967540687881410122e-04
1.294800000000000000e+04,1.195573418044659775e-06,3.958414599765092134e-04
1.294900000000000000e+04,1.194750552713230718e-06,3.939953458029776812e-04
1.295000000000000000e+04,1.194521473735221662e-06,3.889455692842602730e-04
1.295100000000000000e+04,1.193960542877903208e-06,3.913331602234393358e-04
1.295200000000000000e+04,1.193270350086095277e-06,3.879419236909598112e-04
1.295300000000000000e+04,1.192580725728475954e-06,3.859343123622238636e-04
1.295400000000000000e+04,1.192076183542667422e-06,3.849673666991293430e-04
1.295500000000000000e+04,1.191274350276216865e-06,3.845243772957473993e-04
1.295600000000000000e+04,1.190104512716061436e-06,3.839762648567557335e-04
1.295700000000000000e+04,1.188997771350841504e-06,3.916478017345070839e-04
1.295800000000000000e+04,1.187897169074858539e-06,4.039329069200903177e-04
1.295900000000000000e+04,1.186470399261452258e-06,4.272587830200791359e-04
1.296000000000000000e+04,1.185231099043448921e-06,4.423042701091617346e-04
1.296100000000000000e+04,1.183842186947003938e-06,4.459683259483426809e-04
1.296200000000000000e+04,1.182792857434833422e-06,4.418641328811645508e-04
1.296300000000000000e+04,1.182042637992708478e-06,4.347320355009287596e-04
1.296400000000000000e+04,1.181410539174976293e-06,4.258160770405083895e-04
1.296500000000000000e+04,1.180689991997496691e-06,4.246356256771832705e-04
1.296600000000000000e+04,1.179359742309316061e-06,4.243739822413772345e-04
1.296700000000000000e+04,1.178666934720240533e-06,4.237061948515474796e-04
1.296800000000000000e+04,1.177271428787207697e-06,4.376247525215148926e-04
1.296900000000000000e+04,1.176401497104961891e-06,4.417188465595245361e-04
1.297000000000000000e+04,1.175671286546275951e-06,4.562502435874193907e-04
1.297100000000000000e+04,1.175205056824779604e-06,4.591176402755081654e-04
1.297200000000000000e+04,1.174394469671824481e-06,4.621329717338085175e-04
1.297300000000000000e+04,1.173668124465621077e-06,4.606381407938897610e-04
1.297400000000000000e+04,1.172651195702201221e-06,4.664681327994912863e-04
1.297500000000000000e+04,1.171446569969702978e-06,4.669883055612444878e-04
1.297600000000000000e+04,1.169883262264193036e-06,4.664250300265848637e-04
1.297700000000000000e+04,1.169277879853325430e-06,4.531734448391944170e-04
1.297800000000000000e+04,1.168616563518298790e-06,4.486629331950098276e-04
1.297900000000000000e+04,1.168238327409198973e-06,4.479129856918007135e-04
1.298000000000000000e+04,1.167952291325491387e-06,4.503107338678091764e-04
1.298100000000000000e+04,1.167221626019454561e-06,4.560607776511460543e-04
1.298200000000000000e+04,1.166579750133678317e-06,4.606998118106275797e-04
1.298300000000000000e+04,1.165821458926075138e-06,4.686836327891796827e-04
1.298400000000000000e+04,1.165048388429568149e-06,4.712236986961215734e-04
1.298500000000000000e+04,1.164356945082545280e-06,4.722354351542890072e-04
1.298600000000000000e+04,1.163625825029157568e-06,4.752275708597153425e-04
1.298700000000000000e+04,1.163099568657344207e-06,4.783229087479412556e-04
1.298800000000000000e+04,1.162148691946640611e-06,4.919513594359159470e-04
1.298900000000000000e+04,1.161358227363962214e-06,5.038731615059077740e-04
1.299000000000000000e+04,1.160825377155561000e-06,5.114015657454729080e-04
1.299100000000000000e+04,1.160437250291579403e-06,5.139859858900308609e-04
1.299200000000000000e+04,1.159895987257186789e-06,5.090877530165016651e-04
1.299300000000000000e+04,1.158893155661644414e-06,5.046461592428386211e-04
1.299400000000000000e+04,1.158654868049779907e-06,4.961381200700998306e-04
1.299500000000000000e+04,1.157595193035376724e-06,4.889090196229517460e-04
1.299600000000000000e+04,1.156916482614178676e-06,4.815191787201911211e-04
1.299700000000000000e+04,1.155787686002440751e-06,4.724573809653520584e-04
1.299800000000000000e+04,1.158092914010921959e-06,4.298633139114826918e-04
1.299900000000000000e+04,1.155432983068749309e-06,4.599791136570274830e-04
1.300000000000000000e+04,1.154562369265477173e-06,4.563046386465430260e-04
1.300100000000000000e+04,1.153608764070668258e-06,4.531001322902739048e-04
1.300200000000000000e+04,1.152542722593352664e-06,4.482681688386946917e-04
1.300300000000000000e+04,1.150790239989873953e-06,4.736728733405470848e-04
1.300400000000000000e+04,1.149256377175333910e-06,4.654833464883267879e-04
1.300500000000000000e+04,1.147916236732271500e-06,4.682032740674912930e-04
1.300600000000000000e+04,1.146683530350856017e-06,4.766034835483878851e-04
1.300700000000000000e+04,1.145429109783435706e-06,4.942062078043818474e-04
1.300800000000000000e+04,1.144703901445609517e-06,4.885165835730731487e-04
1.300900000000000000e+04,1.143772351497318596e-06,4.778306174557656050e-04
1.301000000000000000e+04,1.142530209108372219e-06,4.564498958643525839e-04
1.301100000000000000e+04,1.140966105594998226e-06,4.452824941836297512e-04
1.301200000000000000e+04,1.140765562013257295e-06,4.512149316724389791e-04
1.301300000000000000e+04,1.139956225415517110e-06,4.484118835534900427e-04
1.301400000000000000e+04,1.138916104537202045e-06,4.563756519928574562e-04
1.301500000000000000e+04,1.138422931035165675e-06,4.618210950866341591e-04
1.301600000000000000e+04,1.137059712164045777e-06,4.768772341776639223e-04
1.301700000000000000e+04,1.135963771048409399e-06,4.839060129597783089e-04
1.301800000000000000e+04,1.134677518166427035e-06,4.679035337176173925e-04
1.301900000000000000e+04,1.133324985858052969e-06,4.346725181676447392e-04
1.302000000000000000e+04,1.132066358877636958e-06,4.127378342673182487e-04
1.302100000000000000e+04,1.133640239459055010e-06,4.262313304934650660e-04
1.302200000000000000e+04,1.131321027969534043e-06,3.885323530994355679e-04
1.302300000000000000e+04,1.129691327150794677e-06,3.966350341215729713e-04
1.302400000000000000e+04,1.128782628256885801e-06,4.032602300867438316e-04
1.302500000000000000e+04,1.127944756262877490e-06,4.053934826515614986e-04
1.302600000000000000e+04,1.127454311244946439e-06,4.028081311844289303e-04
1.302700000000000000e+04,1.126787083194358274e-06,4.006318340543657541e-04
1.302800000000000000e+04,1.126549477703520097e-06,3.913980035576969385e-04
1.302900000000000000e+04,1.125690118897182401e-06,3.948767262045294046e-04
1.303000000000000000e+04,1.125205471907975152e-06,3.967768570873886347e-04
1.303100000000000000e+04,1.124733671531430446e-06,4.007728130090981722e-04
1.303200000000000000e+04,1.124041432376543526e-06,4.111805174034088850e-04
1.303300000000000000e+04,1.123001993619254790e-06,4.347714711911976337e-04
1.303400000000000000e+04,1.121944364967930596e-06,4.570477176457643509e-04
1.303500000000000000e+04,1.120577735491679050e-06,4.869262338615953922e-04
1.303600000000000000e+04,1.119210651268076617e-06,4.920702194795012474e-04
1.303700000000000000e+04,1.117812644224613905e-06,4.770189407281577587e-04
1.303800000000000000e+04,1.116616431318107061e-06,4.650246992241591215e-04
1.303900000000000000e+04,1.115697614295640960e-06,4.685014137066900730e-04
1.304000000000000000e+04,1.149546278611524031e-06,4.612670745700597763e-04
1.304100000000000000e+04,1.115045961341820657e-06,4.662615538109093904e-04
1.304200000000000000e+04,1.113855660150875337e-06,4.682558937929570675e-04
1.304300000000000000e+04,1.112863969865429681e-06,4.803199262823909521e-04
1.304400000000000000e+04,1.112393078983586747e-06,4.851220583077520132e-04
1.304500000000000000e+04,1.111788719754258636e-06,4.831094993278384209e-04
1.304600000000000000e+04,1.110960283767781220e-06,4.744679608847945929e-04
1.304700000000000000e+04,1.110144694393966347e-06,4.599755047820508480e-04
1.304800000000000000e+04,1.109493382500659209e-06,4.548198776319622993e-04
1.304900000000000000e+04,1.108660626414348371e-06,4.451755667105317116e-04
1.305000000000000000e+04,1.107793650589883327e-06,4.483709635678678751e-04
1.305100000000000000e+04,1.106984882426331751e-06,4.608316230587661266e-04
1.305200000000000000e+04,1.106496711145155132e-06,4.663545114453881979e-04
1.305300000000000000e+04,1.105974661186337471e-06,4.721590958070009947e-04
1.305400000000000000e+04,1.105374963117355946e-06,4.663055005948990583e-04
1.305500000000000000e+04,1.104976490751141682e-06,4.550002049654722214e-04
1.305600000000000000e+04,1.104344619307084940e-06,4.411149711813777685e-04
1.305700000000000000e+04,1.103703766602848191e-06,4.301255685277283192e-04
1.305800000000000000e+04,1.103041313399444334e-06,4.261267604306340218e-04
1.305900000000000000e+04,1.102497321880946402e-06,4.294052487239241600e-04
1.306000000000000000e+04,1.102268697650288232e-06,4.393337876535952091e-04
1.306100000000000000e+04,1.101943894354917575e-06,4.508311103563755751e-04
1.306200000000000000e+04,1.101439465855946764e-06,4.615621292032301426e-04
1.306300000000000000e+04,1.101088628274737857e-06,4.691803769674152136e-04
1.306400000000000000e+04,1.100612962545710616e-06,4.674337396863847971e-04
1.306500000000000000e+04,1.100253825825348031e-06,4.651538620237261057e-04
1.306600000000000000e+04,1.101998009289673064e-06,4.548935685306787491e-04
1.306700000000000000e+04,1.100087160921248142e-06,4.627609159797430038e-04
1.306800000000000000e+04,1.099623887057532556e-06,4.601877008099108934e-04
1.306900000000000000e+04,1.099020096262393054e-06,4.562878748401999474e-04
1.307000000000000000e+04,1.098422444556490518e-06,4.525378753896802664e-04
1.307100000000000000e+04,1.098016355172148906e-06,4.514796892181038857e-04
1.307200000000000000e+04,1.097922336157353129e-06,4.501887597143650055e-04
1.307300000000000000e+04,1.097702693186874967e-06,4.463044460862874985e-04
1.307400000000000000e+04,1.097485096579475794e-06,4.427760140970349312e-04
1.307500000000000000e+04,1.097108793146617245e-06,4.398579185362905264e-04
1.307600000000000000e+04,1.100553276955906767e-06,5.143260932527482510e-04
1.307700000000000000e+04,1.096950427381671034e-06,4.498280759435147047e-04
1.307800000000000000e+04,1.096455662263906561e-06,4.481936630327254534e-04
1.307900000000000000e+04,1.096208052331348881e-06,4.552327154669910669e-04
1.308000000000000000e+04,1.095646439353004098e-06,4.604235000442713499e-04
1.308100000000000000e+04,1.095277070817246567e-06,4.702285223174840212e-04
1.308200000000000000e+04,1.094968865800183266e-06,4.718705022241920233e-04
1.308300000000000000e+04,1.094571075554995332e-06,4.694330855272710323e-04
1.308400000000000000e+04,1.094108029064955190e-06,4.663409490603953600e-04
1.308500000000000000e+04,1.093438186217099428e-06,4.606799338944256306e-04
1.308600000000000000e+04,1.095025595532206353e-06,4.462741198949515820e-04
1.308700000000000000e+04,1.093225591830560006e-06,4.561050154734402895e-04
1.308800000000000000e+04,1.092377829081669915e-06,4.524487012531608343e-04
1.308900000000000000e+04,1.091549620468867943e-06,4.482722724787890911e-04
1.309000000000000000e+04,1.090995510821812786e-06,4.451080749277025461e-04
1.309100000000000000e+04,1.090642058443336282e-06,4.412358393892645836e-04
1.309200000000000000e+04,1.091346348403021693e-06,4.469791310839354992e-04
1.309300000000000000e+04,1.090385012503247708e-06,4.429210384842008352e-04
1.309400000000000000e+04,1.089675720322702546e-06,4.374218406155705452e-04
1.309500000000000000e+04,1.089202783077780623e-06,4.341654712334275246e-04
1.309600000000000000e+04,1.088375938707031310e-06,4.476273315958678722e-04
1.309700000000000000e+04,1.087910732167074457e-06,4.634211363736540079e-04
1.309800000000000000e+04,1.087759642359742429e-06,4.788913938682526350e-04
1.309900000000000000e+04,1.087590021597861778e-06,4.845120420213788748e-04
1.310000000000000000e+04,1.087706095859175548e-06,4.847517993766814470e-04
1.310100000000000000e+04,1.087638338503893465e-06,4.845328803639858961e-04
1.310200000000000000e+04,1.087639020624919794e-06,4.845231014769524336e-04
1.310300000000000000e+04,1.087590021597861778e-06,4.845120420213788748e-04
