Iter,Loss,L2
1.000000000000000000e+00,2.193538993597030640e-01,9.393867850303649902e-01
2.000000000000000000e+00,1.961567699909210205e-01,8.948421478271484375e-01
3.000000000000000000e+00,1.861954182386398315e-01,8.551034331321716309e-01
4.000000000000000000e+00,1.855194270610809326e-01,8.495599031448364258e-01
5.000000000000000000e+00,1.835942417383193970e-01,8.401001095771789551e-01
6.000000000000000000e+00,1.789495944976806641e-01,8.244522213935852051e-01
7.000000000000000000e+00,1.719247400760650635e-01,8.065060973167419434e-01
8.000000000000000000e+00,1.604177206754684448e-01,7.702871561050415039e-01
9.000000000000000000e+00,1.440407782793045044e-01,6.025509238243103027e-01
1.000000000000000000e+01,1.332449913024902344e-01,6.481640338897705078e-01
1.100000000000000000e+01,1.298780739307403564e-01,6.603444814682006836e-01
1.200000000000000000e+01,1.287977248430252075e-01,6.742624640464782715e-01
1.300000000000000000e+01,1.272882521152496338e-01,6.757711172103881836e-01
1.400000000000000000e+01,1.236400008201599121e-01,6.724597811698913574e-01
1.500000000000000000e+01,1.197129040956497192e-01,6.598679423332214355e-01
1.600000000000000000e+01,1.157715842127799988e-01,6.469587683677673340e-01
1.700000000000000000e+01,1.139724254608154297e-01,6.486250758171081543e-01
1.800000000000000000e+01,1.124297082424163818e-01,6.643667221069335938e-01
1.900000000000000000e+01,1.107575818896293640e-01,6.902846693992614746e-01
2.000000000000000000e+01,1.094670072197914124e-01,6.895339488983154297e-01
2.100000000000000000e+01,1.061900779604911804e-01,6.693042516708374023e-01
2.200000000000000000e+01,1.033342927694320679e-01,6.485753059387207031e-01
2.300000000000000000e+01,9.882918000221252441e-02,6.028707027435302734e-01
2.400000000000000000e+01,9.699146449565887451e-02,5.802346467971801758e-01
2.500000000000000000e+01,9.556279331445693970e-02,5.959865450859069824e-01
2.600000000000000000e+01,9.490545094013214111e-02,6.090890169143676758e-01
2.700000000000000000e+01,9.417369961738586426e-02,5.990976095199584961e-01
2.800000000000000000e+01,9.371975809335708618e-02,5.958351492881774902e-01
2.900000000000000000e+01,9.284313768148422241e-02,5.893345475196838379e-01
3.000000000000000000e+01,9.169220924377441406e-02,5.965244770050048828e-01
3.100000000000000000e+01,8.991683274507522583e-02,5.915926694869995117e-01
3.200000000000000000e+01,8.658659458160400391e-02,5.694382786750793457e-01
3.300000000000000000e+01,8.427275717258453369e-02,5.472908020019531250e-01
3.400000000000000000e+01,8.248974382877349854e-02,5.361300110816955566e-01
3.500000000000000000e+01,8.097637444734573364e-02,5.484704375267028809e-01
3.600000000000000000e+01,8.007927238941192627e-02,5.566231012344360352e-01
3.700000000000000000e+01,7.978172600269317627e-02,5.679247379302978516e-01
3.800000000000000000e+01,7.940590381622314453e-02,5.611727237701416016e-01
3.900000000000000000e+01,7.916253060102462769e-02,5.607994794845581055e-01
4.000000000000000000e+01,7.890380173921585083e-02,5.596538186073303223e-01
4.100000000000000000e+01,7.789000868797302246e-02,5.578338503837585449e-01
4.200000000000000000e+01,7.650197297334671021e-02,5.557432770729064941e-01
4.300000000000000000e+01,7.372149080038070679e-02,5.592067241668701172e-01
4.400000000000000000e+01,7.182370126247406006e-02,5.395712852478027344e-01
4.500000000000000000e+01,7.106295973062515259e-02,5.385957956314086914e-01
4.600000000000000000e+01,7.122083008289337158e-02,5.536810159683227539e-01
4.700000000000000000e+01,7.085546851158142090e-02,5.447738170623779297e-01
4.800000000000000000e+01,7.068280875682830811e-02,5.429209470748901367e-01
4.900000000000000000e+01,7.042995840311050415e-02,5.404381752014160156e-01
5.000000000000000000e+01,6.955865770578384399e-02,5.282117128372192383e-01
5.100000000000000000e+01,6.846237182617187500e-02,5.219242572784423828e-01
5.200000000000000000e+01,6.735499203205108643e-02,5.192970037460327148e-01
5.300000000000000000e+01,6.699172407388687134e-02,5.262501835823059082e-01
5.400000000000000000e+01,6.654588878154754639e-02,5.277235507965087891e-01
5.500000000000000000e+01,6.637622416019439697e-02,5.265513062477111816e-01
5.600000000000000000e+01,6.608471274375915527e-02,5.287178754806518555e-01
5.700000000000000000e+01,6.571410596370697021e-02,5.303792953491210938e-01
5.800000000000000000e+01,6.526548415422439575e-02,5.336653590202331543e-01
5.900000000000000000e+01,6.482941657304763794e-02,5.348944067955017090e-01
6.000000000000000000e+01,6.445212662220001221e-02,5.368332862854003906e-01
6.100000000000000000e+01,6.409843266010284424e-02,5.348719358444213867e-01
6.200000000000000000e+01,6.345659494400024414e-02,5.289365649223327637e-01
6.300000000000000000e+01,6.203994899988174438e-02,5.118545889854431152e-01
6.400000000000000000e+01,6.128760427236557007e-02,5.041182637214660645e-01
6.500000000000000000e+01,6.075511500239372253e-02,5.017913579940795898e-01
6.600000000000000000e+01,6.059713661670684814e-02,5.076147913932800293e-01
6.700000000000000000e+01,6.049779057502746582e-02,5.052655935287475586e-01
6.800000000000000000e+01,6.045711785554885864e-02,5.064389705657958984e-01
6.900000000000000000e+01,6.029567867517471313e-02,5.059270858764648438e-01
7.000000000000000000e+01,5.982677638530731201e-02,5.045935511589050293e-01
7.100000000000000000e+01,5.927961319684982300e-02,4.963808655738830566e-01
7.200000000000000000e+01,5.856657773256301880e-02,4.867894649505615234e-01
7.300000000000000000e+01,5.801182612776756287e-02,4.835894703865051270e-01
7.400000000000000000e+01,5.757968872785568237e-02,4.837372899055480957e-01
7.500000000000000000e+01,5.725334957242012024e-02,4.834354817867279053e-01
7.600000000000000000e+01,5.682725086808204651e-02,4.850416779518127441e-01
7.700000000000000000e+01,5.639297515153884888e-02,4.855635464191436768e-01
7.800000000000000000e+01,5.596229806542396545e-02,4.868802428245544434e-01
7.900000000000000000e+01,5.537180975079536438e-02,4.868210554122924805e-01
8.000000000000000000e+01,5.439076200127601624e-02,4.763183295726776123e-01
8.100000000000000000e+01,5.416776612401008606e-02,4.862797558307647705e-01
8.200000000000000000e+01,5.315156280994415283e-02,4.821974039077758789e-01
8.300000000000000000e+01,5.285704880952835083e-02,4.763470590114593506e-01
8.400000000000000000e+01,5.260026454925537109e-02,4.832313954830169678e-01
8.500000000000000000e+01,5.245466530323028564e-02,4.855322837829589844e-01
8.600000000000000000e+01,5.229375883936882019e-02,4.849694073200225830e-01
8.700000000000000000e+01,5.225512012839317322e-02,4.824398458003997803e-01
8.800000000000000000e+01,5.218654125928878784e-02,4.841041266918182373e-01
8.900000000000000000e+01,5.205550789833068848e-02,4.856901764869689941e-01
9.000000000000000000e+01,5.179939046502113342e-02,4.871435165405273438e-01
9.100000000000000000e+01,5.127460509538650513e-02,4.882434308528900146e-01
9.200000000000000000e+01,5.063229054212570190e-02,4.948249757289886475e-01
9.300000000000000000e+01,4.993222281336784363e-02,5.007317662239074707e-01
9.400000000000000000e+01,4.953260347247123718e-02,4.903817176818847656e-01
9.500000000000000000e+01,4.900493845343589783e-02,4.913841485977172852e-01
9.600000000000000000e+01,4.850529879331588745e-02,4.917142689228057861e-01
9.700000000000000000e+01,4.795914888381958008e-02,4.860348403453826904e-01
9.800000000000000000e+01,4.761657118797302246e-02,4.867700338363647461e-01
9.900000000000000000e+01,4.738679155707359314e-02,4.826715588569641113e-01
1.000000000000000000e+02,4.724876582622528076e-02,4.883917868137359619e-01
1.010000000000000000e+02,4.709168151021003723e-02,4.869715273380279541e-01
1.020000000000000000e+02,4.697743430733680725e-02,4.865041971206665039e-01
1.030000000000000000e+02,4.684263095259666443e-02,4.853637814521789551e-01
1.040000000000000000e+02,4.646132513880729675e-02,4.825070798397064209e-01
1.050000000000000000e+02,4.587759077548980713e-02,4.774134755134582520e-01
1.060000000000000000e+02,4.556965082883834839e-02,4.747676849365234375e-01
1.070000000000000000e+02,4.530185461044311523e-02,4.707592129707336426e-01
1.080000000000000000e+02,4.497579485177993774e-02,4.607831239700317383e-01
1.090000000000000000e+02,4.474928230047225952e-02,4.574269950389862061e-01
1.100000000000000000e+02,4.450123757123947144e-02,4.546358585357666016e-01
1.110000000000000000e+02,4.437144100666046143e-02,4.470264017581939697e-01
1.120000000000000000e+02,4.404433816671371460e-02,4.487644135951995850e-01
1.130000000000000000e+02,4.323772341012954712e-02,4.500375986099243164e-01
1.140000000000000000e+02,4.266024753451347351e-02,4.470039010047912598e-01
1.150000000000000000e+02,4.228482767939567566e-02,4.443238377571105957e-01
1.160000000000000000e+02,4.227675497531890869e-02,4.458751380443572998e-01
1.170000000000000000e+02,4.208688065409660339e-02,4.450566172599792480e-01
1.180000000000000000e+02,4.183332622051239014e-02,4.422470033168792725e-01
1.190000000000000000e+02,4.143152013421058655e-02,4.381614327430725098e-01
1.200000000000000000e+02,4.096733033657073975e-02,4.318296313285827637e-01
1.210000000000000000e+02,4.076907783746719360e-02,4.260801672935485840e-01
1.220000000000000000e+02,4.047805070877075195e-02,4.254100024700164795e-01
1.230000000000000000e+02,4.026457667350769043e-02,4.279648363590240479e-01
1.240000000000000000e+02,3.992631286382675171e-02,4.252557456493377686e-01
1.250000000000000000e+02,3.958279639482498169e-02,4.260611832141876221e-01
1.260000000000000000e+02,3.989461436867713928e-02,4.105304181575775146e-01
1.270000000000000000e+02,3.939661011099815369e-02,4.196722507476806641e-01
1.280000000000000000e+02,3.919545188546180725e-02,4.174863100051879883e-01
1.290000000000000000e+02,3.896156698465347290e-02,4.147751927375793457e-01
1.300000000000000000e+02,3.872895613312721252e-02,4.127587974071502686e-01
1.310000000000000000e+02,3.846920281648635864e-02,4.138139486312866211e-01
1.320000000000000000e+02,3.805182874202728271e-02,4.144156277179718018e-01
1.330000000000000000e+02,3.738539665937423706e-02,4.160840213298797607e-01
1.340000000000000000e+02,3.706387430429458618e-02,4.167819321155548096e-01
1.350000000000000000e+02,3.679276630282402039e-02,4.172671139240264893e-01
1.360000000000000000e+02,3.644413128495216370e-02,4.154189527034759521e-01
1.370000000000000000e+02,3.576203808188438416e-02,4.133456945419311523e-01
1.380000000000000000e+02,3.512003272771835327e-02,4.065996110439300537e-01
1.390000000000000000e+02,3.475877642631530762e-02,4.054760932922363281e-01
1.400000000000000000e+02,3.453617542982101440e-02,4.037318229675292969e-01
1.410000000000000000e+02,3.440364077687263489e-02,4.035994708538055420e-01
1.420000000000000000e+02,3.416767716407775879e-02,4.057771265506744385e-01
1.430000000000000000e+02,3.382609784603118896e-02,4.038450419902801514e-01
1.440000000000000000e+02,3.356353566050529480e-02,4.023938179016113281e-01
1.450000000000000000e+02,3.341811522841453552e-02,4.024064838886260986e-01
1.460000000000000000e+02,3.327509015798568726e-02,4.006324708461761475e-01
1.470000000000000000e+02,3.318635374307632446e-02,3.911666274070739746e-01
1.480000000000000000e+02,3.283097594976425171e-02,3.858097493648529053e-01
1.490000000000000000e+02,3.302213549613952637e-02,3.753815591335296631e-01
1.500000000000000000e+02,3.243508189916610718e-02,3.811102509498596191e-01
1.510000000000000000e+02,3.235257044434547424e-02,3.821839690208435059e-01
1.520000000000000000e+02,3.260213509202003479e-02,3.752922713756561279e-01
1.530000000000000000e+02,3.229616954922676086e-02,3.801876008510589600e-01
1.540000000000000000e+02,3.216776251792907715e-02,3.782537877559661865e-01
1.550000000000000000e+02,3.209978342056274414e-02,3.769640326499938965e-01
1.560000000000000000e+02,3.191958367824554443e-02,3.743534684181213379e-01
1.570000000000000000e+02,3.162896260619163513e-02,3.708185553550720215e-01
1.580000000000000000e+02,3.111622110009193420e-02,3.628232181072235107e-01
1.590000000000000000e+02,3.081048280000686646e-02,3.612765371799468994e-01
1.600000000000000000e+02,3.025637753307819366e-02,3.593639135360717773e-01
1.610000000000000000e+02,3.008808940649032593e-02,3.575243055820465088e-01
1.620000000000000000e+02,2.998864650726318359e-02,3.574719727039337158e-01
1.630000000000000000e+02,2.990128472447395325e-02,3.558508753776550293e-01
1.640000000000000000e+02,2.980058640241622925e-02,3.562268912792205811e-01
1.650000000000000000e+02,2.944627963006496429e-02,3.541668951511383057e-01
1.660000000000000000e+02,2.845850959420204163e-02,3.472021818161010742e-01
1.670000000000000000e+02,2.762529253959655762e-02,3.425306379795074463e-01
1.680000000000000000e+02,2.692447789013385773e-02,3.391250669956207275e-01
1.690000000000000000e+02,2.659901976585388184e-02,3.442019522190093994e-01
1.700000000000000000e+02,2.623059228062629700e-02,3.442600071430206299e-01
1.710000000000000000e+02,2.606576867401599884e-02,3.382530510425567627e-01
1.720000000000000000e+02,2.586390078067779541e-02,3.397719264030456543e-01
1.730000000000000000e+02,2.557446435093879700e-02,3.391422033309936523e-01
1.740000000000000000e+02,2.534748427569866180e-02,3.394990563392639160e-01
1.750000000000000000e+02,2.505940571427345276e-02,3.375472724437713623e-01
1.760000000000000000e+02,2.470811828970909119e-02,3.329398334026336670e-01
1.770000000000000000e+02,2.434475347399711609e-02,3.280681073665618896e-01
1.780000000000000000e+02,2.383217774331569672e-02,3.233949244022369385e-01
1.790000000000000000e+02,2.335241436958312988e-02,3.173328936100006104e-01
1.800000000000000000e+02,2.395475842058658600e-02,3.176054060459136963e-01
1.810000000000000000e+02,2.288088202476501465e-02,3.169658184051513672e-01
1.820000000000000000e+02,2.244903519749641418e-02,3.200945258140563965e-01
1.830000000000000000e+02,2.166347950696945190e-02,3.152550458908081055e-01
1.840000000000000000e+02,2.283813804388046265e-02,2.842925786972045898e-01
1.850000000000000000e+02,2.032933756709098816e-02,2.982816994190216064e-01
1.860000000000000000e+02,1.940912753343582153e-02,2.934594750404357910e-01
1.870000000000000000e+02,2.045428939163684845e-02,2.947024703025817871e-01
1.880000000000000000e+02,1.894436776638031006e-02,2.938464879989624023e-01
1.890000000000000000e+02,1.968321576714515686e-02,3.047416210174560547e-01
1.900000000000000000e+02,1.847413927316665649e-02,2.973702549934387207e-01
1.910000000000000000e+02,1.837011985480785370e-02,2.946603298187255859e-01
1.920000000000000000e+02,1.839395426213741302e-02,2.964125573635101318e-01
1.930000000000000000e+02,1.823285594582557678e-02,2.954676151275634766e-01
1.940000000000000000e+02,1.811660826206207275e-02,2.977471351623535156e-01
1.950000000000000000e+02,1.783720403909683228e-02,2.959786653518676758e-01
1.960000000000000000e+02,1.753656752407550812e-02,2.922440469264984131e-01
1.970000000000000000e+02,1.719671487808227539e-02,2.880494296550750732e-01
1.980000000000000000e+02,1.660826057195663452e-02,2.813282608985900879e-01
1.990000000000000000e+02,1.609138213098049164e-02,2.675002515316009521e-01
2.000000000000000000e+02,1.572621986269950867e-02,2.703908085823059082e-01
2.010000000000000000e+02,1.497309189289808273e-02,2.723463773727416992e-01
2.020000000000000000e+02,1.466620806604623795e-02,2.657533288002014160e-01
2.030000000000000000e+02,1.429367437958717346e-02,2.635305821895599365e-01
2.040000000000000000e+02,1.421244628727436066e-02,2.656076550483703613e-01
2.050000000000000000e+02,1.400674879550933838e-02,2.648841738700866699e-01
2.060000000000000000e+02,1.370666362345218658e-02,2.615819871425628662e-01
2.070000000000000000e+02,1.358724199235439301e-02,2.641803920269012451e-01
2.080000000000000000e+02,1.344866678118705750e-02,2.633295357227325439e-01
2.090000000000000000e+02,1.318012550473213196e-02,2.614078819751739502e-01
2.100000000000000000e+02,1.287495438009500504e-02,2.609162330627441406e-01
2.110000000000000000e+02,1.258178986608982086e-02,2.597826123237609863e-01
2.120000000000000000e+02,1.240824162960052490e-02,2.597455680370330811e-01
2.130000000000000000e+02,1.221220660954713821e-02,2.600409984588623047e-01
2.140000000000000000e+02,1.201437786221504211e-02,2.574529647827148438e-01
2.150000000000000000e+02,1.180274039506912231e-02,2.552008330821990967e-01
2.160000000000000000e+02,1.156469434499740601e-02,2.527784705162048340e-01
2.170000000000000000e+02,1.123759802430868149e-02,2.519093751907348633e-01
2.180000000000000000e+02,1.101214997470378876e-02,2.515131831169128418e-01
2.190000000000000000e+02,1.083975471556186676e-02,2.532409727573394775e-01
2.200000000000000000e+02,1.071288250386714935e-02,2.535835802555084229e-01
2.210000000000000000e+02,1.057509891688823700e-02,2.527523934841156006e-01
2.220000000000000000e+02,1.041991356760263443e-02,2.514256238937377930e-01
2.230000000000000000e+02,1.018662564456462860e-02,2.507578134536743164e-01
2.240000000000000000e+02,9.886862710118293762e-03,2.501077055931091309e-01
2.250000000000000000e+02,9.667908772826194763e-03,2.494879513978958130e-01
2.260000000000000000e+02,9.531145915389060974e-03,2.509057521820068359e-01
2.270000000000000000e+02,9.388867765665054321e-03,2.500918805599212646e-01
2.280000000000000000e+02,9.292106144130229950e-03,2.496200054883956909e-01
2.290000000000000000e+02,9.207720868289470673e-03,2.491397410631179810e-01
2.300000000000000000e+02,9.117397479712963104e-03,2.483515441417694092e-01
2.310000000000000000e+02,9.032381698489189148e-03,2.482867538928985596e-01
2.320000000000000000e+02,8.906961418688297272e-03,2.478674650192260742e-01
2.330000000000000000e+02,8.672653697431087494e-03,2.473448216915130615e-01
2.340000000000000000e+02,8.363370783627033234e-03,2.464008480310440063e-01
2.350000000000000000e+02,8.173958398401737213e-03,2.456647753715515137e-01
2.360000000000000000e+02,8.000067435204982758e-03,2.452738136053085327e-01
2.370000000000000000e+02,7.842242717742919922e-03,2.450362443923950195e-01
2.380000000000000000e+02,7.730571553111076355e-03,2.449370622634887695e-01
2.390000000000000000e+02,7.608183193951845169e-03,2.448464632034301758e-01
2.400000000000000000e+02,7.392053958028554916e-03,2.447338402271270752e-01
2.410000000000000000e+02,7.197463884949684143e-03,2.422195822000503540e-01
2.420000000000000000e+02,7.015450857579708099e-03,2.412849366664886475e-01
2.430000000000000000e+02,6.873188540339469910e-03,2.385746687650680542e-01
2.440000000000000000e+02,6.811114959418773651e-03,2.377223819494247437e-01
2.450000000000000000e+02,6.705528125166893005e-03,2.367854416370391846e-01
2.460000000000000000e+02,6.640293635427951813e-03,2.355367243289947510e-01
2.470000000000000000e+02,6.572318263351917267e-03,2.352239340543746948e-01
2.480000000000000000e+02,6.426924839615821838e-03,2.340808361768722534e-01
2.490000000000000000e+02,6.202977616339921951e-03,2.322657406330108643e-01
2.500000000000000000e+02,6.082057021558284760e-03,2.310327142477035522e-01
2.510000000000000000e+02,5.977440159767866135e-03,2.298409342765808105e-01
2.520000000000000000e+02,5.893987137824296951e-03,2.298958450555801392e-01
2.530000000000000000e+02,5.801452789455652237e-03,2.308289259672164917e-01
2.540000000000000000e+02,5.715502426028251648e-03,2.318949103355407715e-01
2.550000000000000000e+02,5.635223351418972015e-03,2.328221946954727173e-01
2.560000000000000000e+02,5.564940627664327621e-03,2.336194366216659546e-01
2.570000000000000000e+02,5.466491449624300003e-03,2.340846359729766846e-01
2.580000000000000000e+02,5.341183394193649292e-03,2.342186868190765381e-01
2.590000000000000000e+02,5.160606466233730316e-03,2.328693568706512451e-01
2.600000000000000000e+02,5.047683138400316238e-03,2.322371900081634521e-01
2.610000000000000000e+02,4.978935699909925461e-03,2.316311895847320557e-01
2.620000000000000000e+02,4.914232995361089706e-03,2.314548343420028687e-01
2.630000000000000000e+02,4.846265539526939392e-03,2.311973571777343750e-01
2.640000000000000000e+02,4.779966082423925400e-03,2.298827022314071655e-01
2.650000000000000000e+02,4.729834850877523422e-03,2.287123203277587891e-01
2.660000000000000000e+02,4.649389535188674927e-03,2.275748699903488159e-01
2.670000000000000000e+02,4.486200865358114243e-03,2.256144434213638306e-01
2.680000000000000000e+02,4.348979331552982330e-03,2.236271351575851440e-01
2.690000000000000000e+02,4.271347075700759888e-03,2.244086861610412598e-01
2.700000000000000000e+02,4.238990601152181625e-03,2.241259515285491943e-01
2.710000000000000000e+02,4.209521226584911346e-03,2.244824022054672241e-01
2.720000000000000000e+02,4.195202607661485672e-03,2.243377268314361572e-01
2.730000000000000000e+02,4.169531632214784622e-03,2.239003628492355347e-01
2.740000000000000000e+02,4.132129251956939697e-03,2.228431552648544312e-01
2.750000000000000000e+02,4.079181700944900513e-03,2.218853831291198730e-01
2.760000000000000000e+02,3.969810437411069870e-03,2.206651270389556885e-01
2.770000000000000000e+02,3.898532828316092491e-03,2.205544561147689819e-01
2.780000000000000000e+02,3.847493324428796768e-03,2.209748476743698120e-01
2.790000000000000000e+02,3.823632840067148209e-03,2.215006500482559204e-01
2.800000000000000000e+02,3.808867419138550758e-03,2.222251743078231812e-01
2.810000000000000000e+02,3.794504329562187195e-03,2.223019450902938843e-01
2.820000000000000000e+02,3.749568480998277664e-03,2.221435904502868652e-01
2.830000000000000000e+02,3.708296921104192734e-03,2.212587893009185791e-01
2.840000000000000000e+02,3.662715200334787369e-03,2.213240712881088257e-01
2.850000000000000000e+02,3.609108505770564079e-03,2.212385535240173340e-01
2.860000000000000000e+02,3.552051028236746788e-03,2.214590460062026978e-01
2.870000000000000000e+02,3.493643598631024361e-03,2.223033607006072998e-01
2.880000000000000000e+02,3.419707063585519791e-03,2.227690219879150391e-01
2.890000000000000000e+02,3.360261674970388412e-03,2.232335656881332397e-01
2.900000000000000000e+02,3.291836706921458244e-03,2.223059684038162231e-01
2.910000000000000000e+02,3.240705234929919243e-03,2.212809175252914429e-01
2.920000000000000000e+02,3.207491245120763779e-03,2.203944772481918335e-01
2.930000000000000000e+02,3.175879595801234245e-03,2.197408378124237061e-01
2.940000000000000000e+02,3.133165184408426285e-03,2.190555185079574585e-01
2.950000000000000000e+02,3.091639373451471329e-03,2.182391136884689331e-01
2.960000000000000000e+02,3.055694513022899628e-03,2.184289693832397461e-01
2.970000000000000000e+02,3.018648829311132431e-03,2.184335291385650635e-01
2.980000000000000000e+02,2.982606645673513412e-03,2.186004817485809326e-01
2.990000000000000000e+02,2.951554721221327782e-03,2.187693417072296143e-01
3.000000000000000000e+02,2.875263802707195282e-03,2.190215438604354858e-01
3.010000000000000000e+02,2.814635634422302246e-03,2.188558280467987061e-01
3.020000000000000000e+02,2.771859522908926010e-03,2.188141345977783203e-01
3.030000000000000000e+02,2.724012127146124840e-03,2.179906964302062988e-01
3.040000000000000000e+02,2.696979325264692307e-03,2.176286727190017700e-01
3.050000000000000000e+02,2.677279757335782051e-03,2.174055874347686768e-01
3.060000000000000000e+02,2.631273353472352028e-03,2.180932313203811646e-01
3.070000000000000000e+02,2.582110464572906494e-03,2.185357511043548584e-01
3.080000000000000000e+02,2.583280205726623535e-03,2.210562676191329956e-01
3.090000000000000000e+02,2.557226922363042831e-03,2.197761088609695435e-01
3.100000000000000000e+02,2.528649987652897835e-03,2.201028168201446533e-01
3.110000000000000000e+02,2.507540863007307053e-03,2.199899703264236450e-01
3.120000000000000000e+02,2.474570181220769882e-03,2.199345082044601440e-01
3.130000000000000000e+02,2.414212329313158989e-03,2.193827629089355469e-01
3.140000000000000000e+02,2.379336627200245857e-03,2.188832610845565796e-01
3.150000000000000000e+02,2.341486746445298195e-03,2.180998325347900391e-01
3.160000000000000000e+02,2.309235278517007828e-03,2.184257060289382935e-01
3.170000000000000000e+02,2.280958928167819977e-03,2.185353040695190430e-01
3.180000000000000000e+02,2.264729468151926994e-03,2.195578664541244507e-01
3.190000000000000000e+02,2.250452991575002670e-03,2.198936790227890015e-01
3.200000000000000000e+02,2.230837475508451462e-03,2.201950848102569580e-01
3.210000000000000000e+02,2.211510902270674706e-03,2.203755974769592285e-01
3.220000000000000000e+02,2.187573118135333061e-03,2.201216071844100952e-01
3.230000000000000000e+02,2.163912635296583176e-03,2.196549475193023682e-01
3.240000000000000000e+02,2.140155062079429626e-03,2.198445498943328857e-01
3.250000000000000000e+02,2.121761441230773926e-03,2.205377370119094849e-01
3.260000000000000000e+02,2.112688962370157242e-03,2.210709005594253540e-01
3.270000000000000000e+02,2.102204132825136185e-03,2.214661687612533569e-01
3.280000000000000000e+02,2.080804901197552681e-03,2.224853485822677612e-01
3.290000000000000000e+02,2.066270913928747177e-03,2.228724956512451172e-01
3.300000000000000000e+02,2.030760282650589943e-03,2.226439863443374634e-01
3.310000000000000000e+02,2.102695405483245850e-03,2.218029946088790894e-01
3.320000000000000000e+02,2.018773229792714119e-03,2.223845273256301880e-01
3.330000000000000000e+02,1.982404850423336029e-03,2.217968255281448364e-01
3.340000000000000000e+02,1.959696877747774124e-03,2.204301506280899048e-01
3.350000000000000000e+02,1.938148052431643009e-03,2.186418920755386353e-01
3.360000000000000000e+02,1.913792220875620842e-03,2.158139795064926147e-01
3.370000000000000000e+02,1.895799068734049797e-03,2.091286182403564453e-01
3.380000000000000000e+02,1.869144616648554802e-03,2.108110934495925903e-01
3.390000000000000000e+02,1.854031113907694817e-03,2.118466198444366455e-01
3.400000000000000000e+02,1.841391203925013542e-03,2.105097472667694092e-01
3.410000000000000000e+02,1.828082371503114700e-03,2.090273201465606689e-01
3.420000000000000000e+02,1.804563682526350021e-03,2.083293348550796509e-01
3.430000000000000000e+02,1.775949494913220406e-03,2.094821184873580933e-01
3.440000000000000000e+02,1.745644258335232735e-03,2.133583575487136841e-01
3.450000000000000000e+02,1.722076092846691608e-03,2.173393517732620239e-01
3.460000000000000000e+02,1.764030195772647858e-03,2.241191267967224121e-01
3.470000000000000000e+02,1.713469857349991798e-03,2.193180471658706665e-01
3.480000000000000000e+02,1.706508570350706577e-03,2.207652181386947632e-01
3.490000000000000000e+02,1.700404332950711250e-03,2.196976691484451294e-01
3.500000000000000000e+02,1.693008234724402428e-03,2.194604724645614624e-01
3.510000000000000000e+02,1.682734116911888123e-03,2.207182794809341431e-01
3.520000000000000000e+02,1.671153004281222820e-03,2.203554064035415649e-01
3.530000000000000000e+02,1.651969505473971367e-03,2.202093750238418579e-01
3.540000000000000000e+02,1.631705439649522305e-03,2.215020656585693359e-01
3.550000000000000000e+02,1.597849419340491295e-03,2.199842482805252075e-01
3.560000000000000000e+02,1.574243418872356415e-03,2.189358472824096680e-01
3.570000000000000000e+02,1.561642857268452644e-03,2.181388884782791138e-01
3.580000000000000000e+02,1.556608942337334156e-03,2.177357375621795654e-01
3.590000000000000000e+02,1.549196196720004082e-03,2.176215201616287231e-01
3.600000000000000000e+02,1.540896017104387283e-03,2.171812355518341064e-01
3.610000000000000000e+02,1.529911765828728676e-03,2.152720838785171509e-01
3.620000000000000000e+02,1.517933327704668045e-03,2.135826945304870605e-01
3.630000000000000000e+02,1.506315311416983604e-03,2.122539579868316650e-01
3.640000000000000000e+02,1.489727641455829144e-03,2.097097188234329224e-01
3.650000000000000000e+02,1.472524832934141159e-03,2.065857797861099243e-01
3.660000000000000000e+02,1.444150111638009548e-03,1.997658759355545044e-01
3.670000000000000000e+02,1.412967336364090443e-03,1.962333768606185913e-01
3.680000000000000000e+02,1.365846255794167519e-03,1.854355484247207642e-01
3.690000000000000000e+02,1.339888200163841248e-03,1.872095167636871338e-01
3.700000000000000000e+02,1.310007879510521889e-03,1.889579892158508301e-01
3.710000000000000000e+02,1.296560862101614475e-03,1.883530616760253906e-01
3.720000000000000000e+02,1.289249630644917488e-03,1.862120628356933594e-01
3.730000000000000000e+02,1.283829100430011749e-03,1.875932514667510986e-01
3.740000000000000000e+02,1.278272015042603016e-03,1.861954480409622192e-01
3.750000000000000000e+02,1.268430380150675774e-03,1.817801594734191895e-01
3.760000000000000000e+02,1.259066513739526272e-03,1.816297322511672974e-01
3.770000000000000000e+02,1.243645558133721352e-03,1.798348724842071533e-01
3.780000000000000000e+02,1.284222351387143135e-03,1.815793961286544800e-01
3.790000000000000000e+02,1.240181736648082733e-03,1.802081614732742310e-01
3.800000000000000000e+02,1.232211361639201641e-03,1.795300692319869995e-01
3.810000000000000000e+02,1.227910048328340054e-03,1.764821112155914307e-01
3.820000000000000000e+02,1.222581602632999420e-03,1.755329966545104980e-01
3.830000000000000000e+02,1.218951190821826458e-03,1.735939085483551025e-01
3.840000000000000000e+02,1.327066449448466301e-03,1.272893697023391724e-01
3.850000000000000000e+02,1.234628725796937943e-03,1.583595722913742065e-01
3.860000000000000000e+02,1.212237169966101646e-03,1.691025793552398682e-01
3.870000000000000000e+02,1.227392815053462982e-03,1.554627269506454468e-01
3.880000000000000000e+02,1.209831330925226212e-03,1.668708026409149170e-01
3.890000000000000000e+02,1.204108586534857750e-03,1.647412627935409546e-01
3.900000000000000000e+02,1.195396995171904564e-03,1.625992655754089355e-01
3.910000000000000000e+02,1.187948975712060928e-03,1.615704447031021118e-01
3.920000000000000000e+02,1.183313783258199692e-03,1.604292243719100952e-01
3.930000000000000000e+02,1.179698854684829712e-03,1.596449017524719238e-01
3.940000000000000000e+02,1.176776830106973648e-03,1.590126305818557739e-01
3.950000000000000000e+02,1.171180978417396545e-03,1.578551679849624634e-01
3.960000000000000000e+02,1.163432491011917591e-03,1.571479588747024536e-01
3.970000000000000000e+02,1.151967095211148262e-03,1.559126377105712891e-01
3.980000000000000000e+02,1.140449661761522293e-03,1.564762443304061890e-01
3.990000000000000000e+02,1.125708688050508499e-03,1.560008525848388672e-01
4.000000000000000000e+02,1.106678158976137638e-03,1.613408029079437256e-01
4.010000000000000000e+02,1.135339378379285336e-03,1.603549569845199585e-01
4.020000000000000000e+02,1.101016183383762836e-03,1.610385030508041382e-01
4.030000000000000000e+02,1.093382947146892548e-03,1.618615537881851196e-01
4.040000000000000000e+02,1.085633644834160805e-03,1.616331338882446289e-01
4.050000000000000000e+02,1.080330926924943924e-03,1.635870337486267090e-01
4.060000000000000000e+02,1.070033875294029713e-03,1.614722460508346558e-01
4.070000000000000000e+02,1.055402215570211411e-03,1.609533578157424927e-01
4.080000000000000000e+02,1.033608801662921906e-03,1.601994931697845459e-01
4.090000000000000000e+02,1.018454204313457012e-03,1.585178226232528687e-01
4.100000000000000000e+02,1.000325311906635761e-03,1.573516875505447388e-01
4.110000000000000000e+02,9.934287518262863159e-04,1.569088399410247803e-01
4.120000000000000000e+02,9.894191753119230270e-04,1.574054807424545288e-01
4.130000000000000000e+02,9.816264500841498375e-04,1.578219234943389893e-01
4.140000000000000000e+02,9.792784694582223892e-04,1.580236852169036865e-01
4.150000000000000000e+02,9.766415460035204887e-04,1.582085937261581421e-01
4.160000000000000000e+02,9.747557342052459717e-04,1.583147943019866943e-01
4.170000000000000000e+02,9.732589824125170708e-04,1.581582129001617432e-01
4.180000000000000000e+02,9.717521606944501400e-04,1.580432206392288208e-01
4.190000000000000000e+02,9.694240288808941841e-04,1.579835414886474609e-01
4.200000000000000000e+02,9.647991973906755447e-04,1.578575670719146729e-01
4.210000000000000000e+02,9.567626984789967537e-04,1.579822897911071777e-01
4.220000000000000000e+02,9.451420046389102936e-04,1.566508263349533081e-01
4.230000000000000000e+02,9.313118644058704376e-04,1.566809713840484619e-01
4.240000000000000000e+02,9.141748305410146713e-04,1.565710008144378662e-01
4.250000000000000000e+02,9.022453450597822666e-04,1.560710817575454712e-01
4.260000000000000000e+02,8.879000088199973106e-04,1.551456749439239502e-01
4.270000000000000000e+02,8.799616480246186256e-04,1.540903747081756592e-01
4.280000000000000000e+02,8.715980220586061478e-04,1.540409028530120850e-01
4.290000000000000000e+02,8.660251623950898647e-04,1.537530720233917236e-01
4.300000000000000000e+02,8.624698966741561890e-04,1.537115424871444702e-01
4.310000000000000000e+02,8.580131689086556435e-04,1.534307897090911865e-01
4.320000000000000000e+02,8.514289511367678642e-04,1.526192873716354370e-01
4.330000000000000000e+02,8.459828095510601997e-04,1.517503857612609863e-01
4.340000000000000000e+02,8.437030483037233353e-04,1.491972953081130981e-01
4.350000000000000000e+02,8.291936246678233147e-04,1.474775969982147217e-01
4.360000000000000000e+02,8.185391779989004135e-04,1.489727199077606201e-01
4.370000000000000000e+02,8.119365666061639786e-04,1.490972936153411865e-01
4.380000000000000000e+02,8.058086968958377838e-04,1.485324501991271973e-01
4.390000000000000000e+02,8.023771224543452263e-04,1.477133184671401978e-01
4.400000000000000000e+02,8.006655843928456306e-04,1.475334316492080688e-01
4.410000000000000000e+02,7.982592796906828880e-04,1.477709263563156128e-01
4.420000000000000000e+02,7.955221226438879967e-04,1.485202014446258545e-01
4.430000000000000000e+02,7.920844363979995251e-04,1.492832005023956299e-01
4.440000000000000000e+02,7.873113499954342842e-04,1.499420702457427979e-01
4.450000000000000000e+02,7.766516646370291710e-04,1.508736908435821533e-01
4.460000000000000000e+02,7.663489086553454399e-04,1.506047099828720093e-01
4.470000000000000000e+02,7.502846419811248779e-04,1.504534482955932617e-01
4.480000000000000000e+02,7.394482381641864777e-04,1.481291949748992920e-01
4.490000000000000000e+02,7.319569704122841358e-04,1.472771018743515015e-01
4.500000000000000000e+02,7.271432550624012947e-04,1.472505331039428711e-01
4.510000000000000000e+02,7.232230273075401783e-04,1.477664262056350708e-01
4.520000000000000000e+02,7.204646826721727848e-04,1.472106426954269409e-01
4.530000000000000000e+02,7.183924899436533451e-04,1.472414433956146240e-01
4.540000000000000000e+02,7.159263477660715580e-04,1.471959352493286133e-01
4.550000000000000000e+02,7.125387201085686684e-04,1.477692425251007080e-01
4.560000000000000000e+02,7.076626643538475037e-04,1.481694877147674561e-01
4.570000000000000000e+02,7.025809609331190586e-04,1.487814188003540039e-01
4.580000000000000000e+02,6.976670701988041401e-04,1.492575109004974365e-01
4.590000000000000000e+02,6.924809422343969345e-04,1.495991349220275879e-01
4.600000000000000000e+02,6.851979414932429790e-04,1.502690017223358154e-01
4.610000000000000000e+02,6.769992178305983543e-04,1.507934033870697021e-01
4.620000000000000000e+02,6.673001335002481937e-04,1.517525017261505127e-01
4.630000000000000000e+02,6.561846239492297173e-04,1.528981924057006836e-01
4.640000000000000000e+02,6.498200818896293640e-04,1.538768112659454346e-01
4.650000000000000000e+02,6.461606826633214951e-04,1.541847884654998779e-01
4.660000000000000000e+02,6.427781772799789906e-04,1.543919742107391357e-01
4.670000000000000000e+02,6.395764066837728024e-04,1.541299670934677124e-01
4.680000000000000000e+02,6.359672988764941692e-04,1.529286950826644897e-01
4.690000000000000000e+02,6.322143599390983582e-04,1.516176909208297729e-01
4.700000000000000000e+02,6.282316753640770912e-04,1.499495953321456909e-01
4.710000000000000000e+02,6.243293173611164093e-04,1.479502022266387939e-01
4.720000000000000000e+02,6.194721208885312080e-04,1.464895904064178467e-01
4.730000000000000000e+02,6.134018767625093460e-04,1.444991081953048706e-01
4.740000000000000000e+02,6.100130267441272736e-04,1.428207159042358398e-01
4.750000000000000000e+02,6.070205126889050007e-04,1.416731327772140503e-01
4.760000000000000000e+02,6.043226458132266998e-04,1.399487107992172241e-01
4.770000000000000000e+02,5.996443796902894974e-04,1.371088624000549316e-01
4.780000000000000000e+02,5.972672952339053154e-04,1.325639784336090088e-01
4.790000000000000000e+02,6.454425747506320477e-04,1.199865266680717468e-01
4.800000000000000000e+02,5.917833186686038971e-04,1.294974684715270996e-01
4.810000000000000000e+02,5.875808419659733772e-04,1.307410746812820435e-01
4.820000000000000000e+02,5.757146282121539116e-04,1.273350864648818970e-01
4.830000000000000000e+02,5.675254506058990955e-04,1.205102950334548950e-01
4.840000000000000000e+02,5.498250247910618782e-04,1.209966242313385010e-01
4.850000000000000000e+02,5.319808260537683964e-04,1.109786853194236755e-01
4.860000000000000000e+02,5.138653796166181564e-04,1.027731150388717651e-01
4.870000000000000000e+02,5.025602295063436031e-04,9.994025528430938721e-02
4.880000000000000000e+02,4.956963239237666130e-04,9.866461902856826782e-02
4.890000000000000000e+02,4.871163982897996902e-04,9.241147339344024658e-02
4.900000000000000000e+02,4.829937533941119909e-04,8.585186302661895752e-02
4.910000000000000000e+02,4.811857652384787798e-04,8.699434995651245117e-02
4.920000000000000000e+02,4.805249918717890978e-04,8.757667243480682373e-02
4.930000000000000000e+02,4.800174501724541187e-04,8.790092915296554565e-02
4.940000000000000000e+02,4.795729473698884249e-04,8.709569275379180908e-02
4.950000000000000000e+02,4.788251535501331091e-04,8.839127421379089355e-02
4.960000000000000000e+02,4.778788425028324127e-04,8.893942087888717651e-02
4.970000000000000000e+02,4.759898874908685684e-04,8.911466598510742188e-02
4.980000000000000000e+02,4.746548365801572800e-04,9.156128019094467163e-02
4.990000000000000000e+02,4.690504283644258976e-04,8.873594552278518677e-02
5.000000000000000000e+02,4.635406949091702700e-04,8.587706834077835083e-02
5.010000000000000000e+02,4.564343253150582314e-04,8.250556886196136475e-02
5.020000000000000000e+02,4.486623802222311497e-04,7.851209491491317749e-02
5.030000000000000000e+02,4.346437053754925728e-04,6.615331023931503296e-02
5.040000000000000000e+02,4.466715618036687374e-04,4.643963277339935303e-02
5.050000000000000000e+02,4.303476307541131973e-04,5.929978564381599426e-02
5.060000000000000000e+02,4.184920690022408962e-04,5.654272437095642090e-02
5.070000000000000000e+02,4.094004689250141382e-04,5.137296393513679504e-02
5.080000000000000000e+02,4.045165260322391987e-04,5.101761221885681152e-02
5.090000000000000000e+02,4.020412743557244539e-04,4.819734022021293640e-02
5.100000000000000000e+02,4.015416780021041632e-04,4.643289744853973389e-02
5.110000000000000000e+02,3.983260539826005697e-04,4.398292303085327148e-02
5.120000000000000000e+02,3.961648326367139816e-04,4.130141064524650574e-02
5.130000000000000000e+02,3.925098280888050795e-04,3.804670646786689758e-02
5.140000000000000000e+02,3.887685015797615051e-04,3.725113719701766968e-02
5.150000000000000000e+02,3.825605672318488359e-04,3.552646934986114502e-02
5.160000000000000000e+02,3.799461410380899906e-04,3.777862712740898132e-02
5.170000000000000000e+02,3.786728775594383478e-04,3.329919651150703430e-02
5.180000000000000000e+02,3.769881150219589472e-04,3.499549999833106995e-02
5.190000000000000000e+02,3.743200213648378849e-04,3.503710404038429260e-02
5.200000000000000000e+02,3.727695439010858536e-04,3.436462953686714172e-02
5.210000000000000000e+02,3.706909483298659325e-04,3.323130309581756592e-02
5.220000000000000000e+02,3.692044410854578018e-04,3.253142163157463074e-02
5.230000000000000000e+02,3.674782346934080124e-04,3.287266194820404053e-02
5.240000000000000000e+02,3.659012727439403534e-04,3.320061042904853821e-02
5.250000000000000000e+02,3.637011686805635691e-04,3.354423120617866516e-02
5.260000000000000000e+02,3.603700024541467428e-04,3.379137441515922546e-02
5.270000000000000000e+02,3.552393754944205284e-04,3.404874727129936218e-02
5.280000000000000000e+02,3.485303604975342751e-04,3.413075953722000122e-02
5.290000000000000000e+02,3.419576678425073624e-04,3.452917188405990601e-02
5.300000000000000000e+02,3.410581266507506371e-04,3.496007993817329407e-02
5.310000000000000000e+02,3.382558352313935757e-04,3.476272150874137878e-02
5.320000000000000000e+02,3.336548106744885445e-04,3.523769974708557129e-02
5.330000000000000000e+02,3.315888461656868458e-04,3.525321558117866516e-02
5.340000000000000000e+02,3.299315576441586018e-04,3.518895059823989868e-02
5.350000000000000000e+02,3.281356766819953918e-04,3.460417315363883972e-02
5.360000000000000000e+02,3.261157835368067026e-04,3.404771909117698669e-02
5.370000000000000000e+02,3.252601600252091885e-04,3.348190337419509888e-02
5.380000000000000000e+02,3.230752190575003624e-04,3.260741382837295532e-02
5.390000000000000000e+02,3.216318145859986544e-04,3.267315402626991272e-02
5.400000000000000000e+02,3.203301166649907827e-04,3.238382190465927124e-02
5.410000000000000000e+02,3.193927695974707603e-04,3.192328661680221558e-02
5.420000000000000000e+02,3.183559456374496222e-04,3.198033943772315979e-02
5.430000000000000000e+02,3.170453419443219900e-04,3.172686323523521423e-02
5.440000000000000000e+02,3.157016471959650517e-04,3.145776316523551941e-02
5.450000000000000000e+02,3.147554816678166389e-04,3.137176483869552612e-02
5.460000000000000000e+02,3.136772720608860254e-04,3.112005442380905151e-02
5.470000000000000000e+02,3.125858202110975981e-04,3.115247935056686401e-02
5.480000000000000000e+02,3.114689025096595287e-04,3.103866800665855408e-02
5.490000000000000000e+02,3.100470057688653469e-04,3.061511367559432983e-02
5.500000000000000000e+02,3.090389363933354616e-04,3.053794056177139282e-02
5.510000000000000000e+02,3.077572910115122795e-04,3.025089949369430542e-02
5.520000000000000000e+02,3.058337606489658356e-04,2.987110428512096405e-02
5.530000000000000000e+02,3.039317671209573746e-04,2.998668700456619263e-02
5.540000000000000000e+02,3.024454053957015276e-04,2.994044683873653412e-02
5.550000000000000000e+02,3.011150984093546867e-04,3.044120222330093384e-02
5.560000000000000000e+02,2.996491384692490101e-04,3.051462396979331970e-02
5.570000000000000000e+02,2.961922436952590942e-04,3.068438731133937836e-02
5.580000000000000000e+02,2.936640812549740076e-04,3.081644140183925629e-02
5.590000000000000000e+02,2.895798534154891968e-04,3.081246092915534973e-02
5.600000000000000000e+02,2.855438797269016504e-04,3.078041784465312958e-02
5.610000000000000000e+02,2.815460902638733387e-04,3.051633946597576141e-02
5.620000000000000000e+02,2.785546239465475082e-04,3.044404089450836182e-02
5.630000000000000000e+02,2.766583056654781103e-04,2.988284267485141754e-02
5.640000000000000000e+02,2.753213921096175909e-04,2.999701723456382751e-02
5.650000000000000000e+02,2.738831099122762680e-04,3.009328432381153107e-02
5.660000000000000000e+02,2.725990489125251770e-04,3.001663088798522949e-02
5.670000000000000000e+02,2.709294494707137346e-04,2.990781515836715698e-02
5.680000000000000000e+02,2.692950656637549400e-04,2.949388325214385986e-02
5.690000000000000000e+02,2.681140904314815998e-04,2.916010282933712006e-02
5.700000000000000000e+02,2.671051770448684692e-04,2.894897013902664185e-02
5.710000000000000000e+02,2.664156490936875343e-04,2.893171645700931549e-02
5.720000000000000000e+02,2.664789790287613869e-04,2.938923425972461700e-02
5.730000000000000000e+02,2.658019948285073042e-04,2.915131486952304840e-02
5.740000000000000000e+02,2.646694483701139688e-04,2.941324934363365173e-02
5.750000000000000000e+02,2.637700235936790705e-04,2.984662726521492004e-02
5.760000000000000000e+02,2.625706256367266178e-04,3.035979531705379486e-02
5.770000000000000000e+02,2.609727671369910240e-04,3.099785931408405304e-02
5.780000000000000000e+02,2.585978363640606403e-04,3.161414712667465210e-02
5.790000000000000000e+02,2.557836123742163181e-04,3.255021199584007263e-02
5.800000000000000000e+02,2.535744279157370329e-04,3.285370394587516785e-02
5.810000000000000000e+02,2.510927442926913500e-04,3.297444805502891541e-02
5.820000000000000000e+02,2.496912493370473385e-04,3.231528028845787048e-02
5.830000000000000000e+02,2.460029791109263897e-04,3.208390623331069946e-02
5.840000000000000000e+02,2.424544363748282194e-04,3.229628503322601318e-02
5.850000000000000000e+02,2.377648052060976624e-04,3.154912218451499939e-02
5.860000000000000000e+02,2.352962328586727381e-04,3.050769679248332977e-02
5.870000000000000000e+02,2.342209336347877979e-04,2.943735197186470032e-02
5.880000000000000000e+02,2.329680428374558687e-04,2.813722565770149231e-02
5.890000000000000000e+02,2.321064093848690391e-04,2.736205048859119415e-02
5.900000000000000000e+02,2.314943703822791576e-04,2.719120122492313385e-02
5.910000000000000000e+02,2.309247793164104223e-04,2.764007076621055603e-02
5.920000000000000000e+02,2.359004865866154432e-04,3.091435693204402924e-02
5.930000000000000000e+02,2.304892113897949457e-04,2.836419828236103058e-02
5.940000000000000000e+02,2.295110607519745827e-04,2.892506122589111328e-02
5.950000000000000000e+02,2.288096147822216153e-04,2.934601157903671265e-02
5.960000000000000000e+02,2.284005458932369947e-04,2.927500382065773010e-02
5.970000000000000000e+02,2.276682935189455748e-04,2.889184094965457916e-02
5.980000000000000000e+02,2.313469449291005731e-04,2.788942120969295502e-02
5.990000000000000000e+02,2.274633734486997128e-04,2.869183756411075592e-02
6.000000000000000000e+02,2.267970412503927946e-04,2.815797366201877594e-02
6.010000000000000000e+02,2.260679029859602451e-04,2.806360833346843719e-02
6.020000000000000000e+02,2.244656789116561413e-04,2.787379175424575806e-02
6.030000000000000000e+02,2.233269333373755217e-04,2.815860323607921600e-02
6.040000000000000000e+02,2.211253449786454439e-04,2.873090654611587524e-02
6.050000000000000000e+02,2.193246327806264162e-04,3.000024333596229553e-02
6.060000000000000000e+02,2.174635883420705795e-04,3.095901757478713989e-02
6.070000000000000000e+02,2.159019350074231625e-04,3.154534474015235901e-02
6.080000000000000000e+02,2.144873142242431641e-04,3.148808330297470093e-02
6.090000000000000000e+02,2.131724904756993055e-04,3.078381344676017761e-02
6.100000000000000000e+02,2.121138531947508454e-04,3.027334064245223999e-02
6.110000000000000000e+02,2.110736822942271829e-04,2.947598882019519806e-02
6.120000000000000000e+02,2.101367572322487831e-04,2.953647077083587646e-02
6.130000000000000000e+02,2.092952927341684699e-04,2.978245913982391357e-02
6.140000000000000000e+02,2.310206909896805882e-04,3.373083844780921936e-02
6.150000000000000000e+02,2.091906499117612839e-04,3.003744222223758698e-02
6.160000000000000000e+02,2.085537707898765802e-04,3.028662316501140594e-02
6.170000000000000000e+02,2.082396531477570534e-04,3.036565892398357391e-02
6.180000000000000000e+02,2.079596451949328184e-04,3.016801550984382629e-02
6.190000000000000000e+02,2.076105738524347544e-04,2.975495345890522003e-02
6.200000000000000000e+02,2.073718787869438529e-04,2.944194339215755463e-02
6.210000000000000000e+02,2.069250185741111636e-04,2.905903384089469910e-02
6.220000000000000000e+02,2.063480787910521030e-04,2.886228263378143311e-02
6.230000000000000000e+02,2.052818599622696638e-04,2.877179719507694244e-02
6.240000000000000000e+02,2.030240430030971766e-04,2.900036796927452087e-02
6.250000000000000000e+02,2.003242552746087313e-04,2.966475859284400940e-02
6.260000000000000000e+02,2.004923007916659117e-04,2.931529097259044647e-02
6.270000000000000000e+02,1.988550357054919004e-04,2.948808670043945312e-02
6.280000000000000000e+02,1.990949385799467564e-04,3.182861581444740295e-02
6.290000000000000000e+02,1.969893055502325296e-04,3.060323186218738556e-02
6.300000000000000000e+02,1.955499465111643076e-04,3.073346056044101715e-02
6.310000000000000000e+02,1.942066592164337635e-04,3.047737665474414825e-02
6.320000000000000000e+02,1.935192267410457134e-04,3.041802905499935150e-02
6.330000000000000000e+02,1.925816177390515804e-04,2.970265783369541168e-02
6.340000000000000000e+02,1.917716435855254531e-04,2.886659465730190277e-02
6.350000000000000000e+02,1.904639793792739511e-04,2.783047780394554138e-02
6.360000000000000000e+02,1.888214901555329561e-04,2.695439755916595459e-02
6.370000000000000000e+02,1.870647683972492814e-04,2.663636021316051483e-02
6.380000000000000000e+02,1.854320871643722057e-04,2.680611051619052887e-02
6.390000000000000000e+02,1.845979859353974462e-04,2.777077257633209229e-02
6.400000000000000000e+02,1.836653391364961863e-04,2.846640907227993011e-02
6.410000000000000000e+02,1.831184199545532465e-04,2.844468317925930023e-02
6.420000000000000000e+02,1.824736245907843113e-04,2.845013327896595001e-02
6.430000000000000000e+02,1.819917233660817146e-04,2.820028550922870636e-02
6.440000000000000000e+02,1.815843279473483562e-04,2.795982733368873596e-02
6.450000000000000000e+02,1.815614523366093636e-04,2.710850909352302551e-02
6.460000000000000000e+02,1.812444825191050768e-04,2.752224728465080261e-02
6.470000000000000000e+02,1.808061788324266672e-04,2.768689952790737152e-02
6.480000000000000000e+02,1.806257059797644615e-04,2.749454788863658905e-02
6.490000000000000000e+02,1.805057399906218052e-04,2.859891019761562347e-02
6.500000000000000000e+02,1.798902230802923441e-04,2.806570753455162048e-02
6.510000000000000000e+02,1.789418893167749047e-04,2.786090038716793060e-02
6.520000000000000000e+02,1.775174896465614438e-04,2.800915203988552094e-02
6.530000000000000000e+02,1.753521210048347712e-04,2.781319618225097656e-02
6.540000000000000000e+02,1.731947995722293854e-04,2.797008864581584930e-02
6.550000000000000000e+02,1.716459228191524744e-04,2.760941907763481140e-02
6.560000000000000000e+02,1.699423592071980238e-04,2.725818008184432983e-02
6.570000000000000000e+02,1.689560158411040902e-04,2.692941017448902130e-02
6.580000000000000000e+02,1.680044224485754967e-04,2.692832238972187042e-02
6.590000000000000000e+02,1.671036734478548169e-04,2.655984833836555481e-02
6.600000000000000000e+02,1.658790279179811478e-04,2.627461589872837067e-02
6.610000000000000000e+02,1.664809387875720859e-04,2.577353082597255707e-02
6.620000000000000000e+02,1.650939957471564412e-04,2.605123072862625122e-02
6.630000000000000000e+02,1.641365961404517293e-04,2.552755922079086304e-02
6.640000000000000000e+02,1.635110675124451518e-04,2.599385753273963928e-02
6.650000000000000000e+02,1.631073973840102553e-04,2.595705352723598480e-02
6.660000000000000000e+02,1.626278535695746541e-04,2.618031017482280731e-02
6.670000000000000000e+02,1.623556890990585089e-04,2.628588676452636719e-02
6.680000000000000000e+02,1.620229741092771292e-04,2.639531530439853668e-02
6.690000000000000000e+02,1.617646339582279325e-04,2.621797844767570496e-02
6.700000000000000000e+02,1.615527726244181395e-04,2.616994269192218781e-02
6.710000000000000000e+02,1.612116175238043070e-04,2.613433264195919037e-02
6.720000000000000000e+02,1.784157793736085296e-04,2.672919817268848419e-02
6.730000000000000000e+02,1.611640327610075474e-04,2.615772373974323273e-02
6.740000000000000000e+02,1.610953622730448842e-04,2.580155618488788605e-02
6.750000000000000000e+02,1.606406003702431917e-04,2.621724642813205719e-02
6.760000000000000000e+02,1.607661251910030842e-04,2.620354667305946350e-02
6.770000000000000000e+02,1.604816061444580555e-04,2.620998956263065338e-02
6.780000000000000000e+02,1.602231786819174886e-04,2.626307494938373566e-02
6.790000000000000000e+02,1.594542700331658125e-04,2.634892798960208893e-02
6.800000000000000000e+02,1.589552121004089713e-04,2.626009844243526459e-02
6.810000000000000000e+02,1.578405208420008421e-04,2.578257769346237183e-02
6.820000000000000000e+02,1.565104903420433402e-04,2.526471950113773346e-02
6.830000000000000000e+02,1.559115189593285322e-04,2.464362606406211853e-02
6.840000000000000000e+02,1.536584459245204926e-04,2.437786199152469635e-02
6.850000000000000000e+02,1.522749080322682858e-04,2.414142712950706482e-02
6.860000000000000000e+02,1.500543730799108744e-04,2.364399842917919159e-02
6.870000000000000000e+02,1.489471324020996690e-04,2.390174567699432373e-02
6.880000000000000000e+02,1.479974307585507631e-04,2.323734946548938751e-02
6.890000000000000000e+02,1.472066796850413084e-04,2.421373687684535980e-02
6.900000000000000000e+02,1.468911214033141732e-04,2.426596358418464661e-02
6.910000000000000000e+02,1.465877139708027244e-04,2.394884824752807617e-02
6.920000000000000000e+02,1.463408989366143942e-04,2.391832694411277771e-02
6.930000000000000000e+02,1.460856583435088396e-04,2.421970851719379425e-02
6.940000000000000000e+02,1.459151244489476085e-04,2.422535046935081482e-02
6.950000000000000000e+02,1.457666367059573531e-04,2.432440221309661865e-02
6.960000000000000000e+02,1.454890298191457987e-04,2.434025332331657410e-02
6.970000000000000000e+02,1.452188589610159397e-04,2.421645075082778931e-02
6.980000000000000000e+02,1.450697891414165497e-04,2.414079941809177399e-02
6.990000000000000000e+02,1.448608090868219733e-04,2.399470843374729156e-02
7.000000000000000000e+02,1.484512758906930685e-04,2.477087453007698059e-02
7.010000000000000000e+02,1.447669928893446922e-04,2.410132065415382385e-02
7.020000000000000000e+02,1.443570945411920547e-04,2.393835969269275665e-02
7.030000000000000000e+02,1.438092731405049562e-04,2.346048876643180847e-02
7.040000000000000000e+02,1.425320515409111977e-04,2.303322032094001770e-02
7.050000000000000000e+02,1.407646632287651300e-04,2.172991633415222168e-02
7.060000000000000000e+02,1.383504277328029275e-04,2.103914134204387665e-02
7.070000000000000000e+02,1.350800012005493045e-04,1.979278586804866791e-02
7.080000000000000000e+02,1.330338709522038698e-04,1.998820900917053223e-02
7.090000000000000000e+02,1.321195450145751238e-04,2.056260779500007629e-02
7.100000000000000000e+02,1.315104746026918292e-04,2.147622965276241302e-02
7.110000000000000000e+02,1.312192471232265234e-04,2.205649390816688538e-02
7.120000000000000000e+02,1.310307416133582592e-04,2.241319045424461365e-02
7.130000000000000000e+02,1.309123035753145814e-04,2.234094403684139252e-02
7.140000000000000000e+02,1.308084611082449555e-04,2.234340086579322815e-02
7.150000000000000000e+02,1.306916965404525399e-04,2.242319844663143158e-02
7.160000000000000000e+02,1.306170888710767031e-04,2.247543074190616608e-02
7.170000000000000000e+02,1.305438927374780178e-04,2.256230264902114868e-02
7.180000000000000000e+02,1.304736651945859194e-04,2.255145274102687836e-02
7.190000000000000000e+02,1.303605386056005955e-04,2.236689068377017975e-02
7.200000000000000000e+02,1.346048375125974417e-04,2.356402389705181122e-02
7.210000000000000000e+02,1.303058234043419361e-04,2.248717471957206726e-02
7.220000000000000000e+02,1.300490403082221746e-04,2.198771387338638306e-02
7.230000000000000000e+02,1.293190871365368366e-04,2.162955701351165771e-02
7.240000000000000000e+02,1.282706653000786901e-04,2.101417444646358490e-02
7.250000000000000000e+02,1.273098314413800836e-04,2.067246660590171814e-02
7.260000000000000000e+02,1.260257558897137642e-04,2.041805349290370941e-02
7.270000000000000000e+02,2.717724710237234831e-04,1.958671025931835175e-02
7.280000000000000000e+02,1.252901129191741347e-04,2.026221528649330139e-02
7.290000000000000000e+02,1.241735153598710895e-04,2.112164720892906189e-02
7.300000000000000000e+02,1.230337511515244842e-04,2.216829359531402588e-02
7.310000000000000000e+02,1.225739251822233200e-04,2.253682352602481842e-02
7.320000000000000000e+02,1.223544968524947762e-04,2.268446050584316254e-02
7.330000000000000000e+02,1.221904676640406251e-04,2.266108989715576172e-02
7.340000000000000000e+02,1.220494887093082070e-04,2.267755568027496338e-02
7.350000000000000000e+02,1.218907636939547956e-04,2.273939549922943115e-02
7.360000000000000000e+02,1.216239907080307603e-04,2.282057143747806549e-02
7.370000000000000000e+02,1.212927527376450598e-04,2.303690463304519653e-02
7.380000000000000000e+02,1.208506364491768181e-04,2.319982461631298065e-02
7.390000000000000000e+02,1.205260850838385522e-04,2.315030433237552643e-02
7.400000000000000000e+02,1.201756240334361792e-04,2.303009107708930969e-02
7.410000000000000000e+02,1.196945377159863710e-04,2.264865115284919739e-02
7.420000000000000000e+02,1.191637129522860050e-04,2.232755720615386963e-02
7.430000000000000000e+02,1.197185411001555622e-04,2.112174779176712036e-02
7.440000000000000000e+02,1.189265749417245388e-04,2.189540490508079529e-02
7.450000000000000000e+02,1.181445986730977893e-04,2.108570188283920288e-02
7.460000000000000000e+02,1.171742478618398309e-04,2.155933342874050140e-02
7.470000000000000000e+02,1.159704916062764823e-04,2.195932529866695404e-02
7.480000000000000000e+02,1.153080156655050814e-04,2.174924686551094055e-02
7.490000000000000000e+02,1.149047820945270360e-04,2.168430201709270477e-02
7.500000000000000000e+02,1.146407594205811620e-04,2.165804058313369751e-02
7.510000000000000000e+02,1.144079869845882058e-04,2.147971838712692261e-02
7.520000000000000000e+02,1.142015244113281369e-04,2.143484354019165039e-02
7.530000000000000000e+02,1.138570441980846226e-04,2.152988873422145844e-02
7.540000000000000000e+02,1.136208447860553861e-04,2.160946652293205261e-02
7.550000000000000000e+02,1.132852557930164039e-04,2.175407856702804565e-02
7.560000000000000000e+02,1.128828298533335328e-04,2.192499116063117981e-02
7.570000000000000000e+02,1.124494374380446970e-04,2.211686596274375916e-02
7.580000000000000000e+02,1.120149681810289621e-04,2.220630086958408356e-02
7.590000000000000000e+02,1.117489300668239594e-04,2.243945933878421783e-02
7.600000000000000000e+02,1.114813640015199780e-04,2.272047474980354309e-02
7.610000000000000000e+02,1.111902674892917275e-04,2.320742420852184296e-02
7.620000000000000000e+02,1.109381919377483428e-04,2.350868284702301025e-02
7.630000000000000000e+02,1.107256830437108874e-04,2.376872487366199493e-02
7.640000000000000000e+02,1.106031704694032669e-04,2.363329194486141205e-02
7.650000000000000000e+02,1.104921830119565129e-04,2.335342951118946075e-02
7.660000000000000000e+02,1.105318078771233559e-04,2.325333654880523682e-02
7.670000000000000000e+02,1.104276307160034776e-04,2.330847457051277161e-02
7.680000000000000000e+02,1.103315007640048862e-04,2.320140972733497620e-02
7.690000000000000000e+02,1.102417008951306343e-04,2.313246764242649078e-02
7.700000000000000000e+02,1.101362140616402030e-04,2.303781919181346893e-02
7.710000000000000000e+02,1.098265202017500997e-04,2.281374298036098480e-02
7.720000000000000000e+02,1.095313928090035915e-04,2.262451499700546265e-02
7.730000000000000000e+02,1.089154538931325078e-04,2.203794382512569427e-02
7.740000000000000000e+02,1.082342496374621987e-04,2.211725711822509766e-02
7.750000000000000000e+02,1.074308311217464507e-04,2.265276759862899780e-02
7.760000000000000000e+02,1.067924458766356111e-04,2.282293885946273804e-02
7.770000000000000000e+02,1.061570801539346576e-04,2.313890494406223297e-02
7.780000000000000000e+02,1.055886968970298767e-04,2.326476760208606720e-02
7.790000000000000000e+02,1.057331173797138035e-04,2.486486732959747314e-02
7.800000000000000000e+02,1.049863130901940167e-04,2.402110956609249115e-02
7.810000000000000000e+02,1.036504982039332390e-04,2.482088282704353333e-02
7.820000000000000000e+02,1.027281905408017337e-04,2.463237009942531586e-02
7.830000000000000000e+02,1.017658651107922196e-04,2.494331821799278259e-02
7.840000000000000000e+02,1.015598463709466159e-04,2.521732822060585022e-02
7.850000000000000000e+02,1.010645937640219927e-04,2.539102546870708466e-02
7.860000000000000000e+02,1.007317623589187860e-04,2.561674639582633972e-02
7.870000000000000000e+02,1.004467994789592922e-04,2.557771652936935425e-02
7.880000000000000000e+02,1.002808421617373824e-04,2.524061873555183411e-02
7.890000000000000000e+02,1.007411119644530118e-04,2.441170811653137207e-02
7.900000000000000000e+02,1.001206546789035201e-04,2.495905943214893341e-02
7.910000000000000000e+02,9.996364678954705596e-05,2.501696161925792694e-02
7.920000000000000000e+02,9.975169086828827858e-05,2.479345910251140594e-02
7.930000000000000000e+02,1.018613693304359913e-04,2.371585182845592499e-02
7.940000000000000000e+02,9.969169332180172205e-05,2.463290654122829437e-02
7.950000000000000000e+02,9.951992979040369391e-05,2.456097304821014404e-02
7.960000000000000000e+02,9.932758985087275505e-05,2.420340105891227722e-02
7.970000000000000000e+02,9.928260988090187311e-05,2.368602715432643890e-02
7.980000000000000000e+02,9.917662828229367733e-05,2.365883998572826385e-02
7.990000000000000000e+02,9.912437963066622615e-05,2.375538647174835205e-02
8.000000000000000000e+02,9.907479397952556610e-05,2.398283965885639191e-02
8.010000000000000000e+02,1.000262054731138051e-04,2.387001365423202515e-02
8.020000000000000000e+02,9.896968549583107233e-05,2.395446226000785828e-02
8.030000000000000000e+02,9.882195445243269205e-05,2.395468018949031830e-02
8.040000000000000000e+02,9.849775960901752114e-05,2.395395375788211823e-02
8.050000000000000000e+02,9.814865916268900037e-05,2.389883063733577728e-02
8.060000000000000000e+02,9.786146256374195218e-05,2.393494360148906708e-02
8.070000000000000000e+02,9.742179827298969030e-05,2.395113743841648102e-02
8.080000000000000000e+02,9.739205415826290846e-05,2.332750707864761353e-02
8.090000000000000000e+02,9.722993127070367336e-05,2.362378686666488647e-02
8.100000000000000000e+02,9.675067849457263947e-05,2.375907637178897858e-02
8.110000000000000000e+02,9.597519238013774157e-05,2.376110851764678955e-02
8.120000000000000000e+02,9.510834206594154239e-05,2.377369813621044159e-02
8.130000000000000000e+02,9.489593503531068563e-05,2.376840077340602875e-02
8.140000000000000000e+02,9.365838195662945509e-05,2.333384566009044647e-02
8.150000000000000000e+02,9.329031308880075812e-05,2.317208983004093170e-02
8.160000000000000000e+02,9.294554183725267649e-05,2.314099855720996857e-02
8.170000000000000000e+02,9.271982708014547825e-05,2.318613231182098389e-02
8.180000000000000000e+02,9.239162318408489227e-05,2.330371178686618805e-02
8.190000000000000000e+02,9.213401062879711390e-05,2.337434329092502594e-02
8.200000000000000000e+02,9.194551967084407806e-05,2.352398447692394257e-02
8.210000000000000000e+02,9.182156645692884922e-05,2.370602078735828400e-02
8.220000000000000000e+02,9.168965334538370371e-05,2.390446513891220093e-02
8.230000000000000000e+02,9.161216439679265022e-05,2.384931035339832306e-02
8.240000000000000000e+02,9.152843995252624154e-05,2.375106699764728546e-02
8.250000000000000000e+02,9.143830538960173726e-05,2.368201129138469696e-02
8.260000000000000000e+02,9.130319813266396523e-05,2.361713163554668427e-02
8.270000000000000000e+02,9.121431503444910049e-05,2.367506921291351318e-02
8.280000000000000000e+02,9.111440158449113369e-05,2.376900613307952881e-02
8.290000000000000000e+02,9.096534631680697203e-05,2.407843060791492462e-02
8.300000000000000000e+02,9.083238546736538410e-05,2.412073314189910889e-02
8.310000000000000000e+02,9.063426841748878360e-05,2.403202652931213379e-02
8.320000000000000000e+02,9.035212860908359289e-05,2.378418110311031342e-02
8.330000000000000000e+02,8.969727787189185619e-05,2.322851680219173431e-02
8.340000000000000000e+02,8.895454084267839789e-05,2.237727493047714233e-02
8.350000000000000000e+02,8.801988587947562337e-05,2.148215286433696747e-02
8.360000000000000000e+02,8.740456542000174522e-05,2.106973901391029358e-02
8.370000000000000000e+02,8.812472515273839235e-05,1.999720558524131775e-02
8.380000000000000000e+02,8.692469418747350574e-05,2.060507424175739288e-02
8.390000000000000000e+02,8.648519724374637008e-05,2.073718048632144928e-02
8.400000000000000000e+02,8.611154044046998024e-05,2.054085209965705872e-02
8.410000000000000000e+02,8.586146577727049589e-05,2.048375457525253296e-02
8.420000000000000000e+02,8.565843745600432158e-05,2.038540504872798920e-02
8.430000000000000000e+02,8.546240860596299171e-05,2.023617923259735107e-02
8.440000000000000000e+02,8.530862396582961082e-05,2.045781537890434265e-02
8.450000000000000000e+02,8.511168562108650804e-05,2.075717784464359283e-02
8.460000000000000000e+02,8.484886348014697433e-05,2.122272737324237823e-02
8.470000000000000000e+02,8.474598143948242068e-05,2.125948481261730194e-02
8.480000000000000000e+02,8.461944526061415672e-05,2.118217945098876953e-02
8.490000000000000000e+02,8.448776497971266508e-05,2.104855887591838837e-02
8.500000000000000000e+02,8.438700751867145300e-05,2.063264325261116028e-02
8.510000000000000000e+02,8.428617002209648490e-05,2.068009600043296814e-02
8.520000000000000000e+02,8.420803351327776909e-05,2.077844366431236267e-02
8.530000000000000000e+02,8.413832256337627769e-05,2.088772319257259369e-02
8.540000000000000000e+02,8.395931945415213704e-05,2.105128392577171326e-02
8.550000000000000000e+02,8.377218182431533933e-05,2.108691260218620300e-02
8.560000000000000000e+02,8.358683408005163074e-05,2.092468552291393280e-02
8.570000000000000000e+02,8.339922351296991110e-05,2.069860137999057770e-02
8.580000000000000000e+02,8.476879156660288572e-05,1.875371299684047699e-02
8.590000000000000000e+02,8.337787585332989693e-05,2.048667147755622864e-02
8.600000000000000000e+02,8.326928946189582348e-05,2.017940953373908997e-02
8.610000000000000000e+02,8.308789983857423067e-05,2.025882713496685028e-02
8.620000000000000000e+02,8.297328895423561335e-05,2.024364098906517029e-02
8.630000000000000000e+02,8.287867967737838626e-05,2.038339339196681976e-02
8.640000000000000000e+02,8.278204768430441618e-05,2.027427218854427338e-02
8.650000000000000000e+02,8.270407852251082659e-05,2.011330053210258484e-02
8.660000000000000000e+02,8.265337964985519648e-05,2.010828256607055664e-02
8.670000000000000000e+02,8.257193985627964139e-05,2.009243331849575043e-02
8.680000000000000000e+02,8.247916412074118853e-05,2.013991028070449829e-02
8.690000000000000000e+02,8.235848508775234222e-05,2.032550424337387085e-02
8.700000000000000000e+02,8.221296593546867371e-05,2.055775560438632965e-02
8.710000000000000000e+02,8.776870527071878314e-05,2.421020902693271637e-02
8.720000000000000000e+02,8.219372830353677273e-05,2.075896598398685455e-02
8.730000000000000000e+02,8.206321217585355043e-05,2.099023386836051941e-02
8.740000000000000000e+02,8.192670793505385518e-05,2.114645950496196747e-02
8.750000000000000000e+02,8.175516268238425255e-05,2.128349430859088898e-02
8.760000000000000000e+02,8.151222573360428214e-05,2.139319106936454773e-02
8.770000000000000000e+02,8.130933565553277731e-05,2.156711183488368988e-02
8.780000000000000000e+02,8.075521327555179596e-05,2.131143026053905487e-02
8.790000000000000000e+02,8.014221384655684233e-05,2.082374505698680878e-02
8.800000000000000000e+02,7.951999577926471829e-05,2.018954604864120483e-02
8.810000000000000000e+02,7.879966142354533076e-05,1.946708373725414276e-02
8.820000000000000000e+02,7.816494326107203960e-05,1.884720288217067719e-02
8.830000000000000000e+02,7.774616096867248416e-05,1.862596906721591949e-02
8.840000000000000000e+02,7.755625847494229674e-05,1.877552084624767303e-02
8.850000000000000000e+02,7.740435830783098936e-05,1.892500370740890503e-02
8.860000000000000000e+02,7.728375203441828489e-05,1.900823414325714111e-02
8.870000000000000000e+02,8.307637472171336412e-05,2.114230021834373474e-02
8.880000000000000000e+02,7.719186396570876241e-05,1.924351789057254791e-02
8.890000000000000000e+02,7.709196506766602397e-05,1.915144734084606171e-02
8.900000000000000000e+02,7.701584399910643697e-05,1.908257231116294861e-02
8.910000000000000000e+02,7.699231355218216777e-05,1.910494826734066010e-02
8.920000000000000000e+02,7.694696978433057666e-05,1.915879920125007629e-02
8.930000000000000000e+02,7.690198253840208054e-05,1.918633840978145599e-02
8.940000000000000000e+02,7.685220043640583754e-05,1.893117278814315796e-02
8.950000000000000000e+02,7.682862633373588324e-05,1.881021820008754730e-02
8.960000000000000000e+02,7.697239198023453355e-05,1.908865012228488922e-02
8.970000000000000000e+02,7.673253276152536273e-05,1.891608722507953644e-02
8.980000000000000000e+02,7.660294068045914173e-05,1.884747669100761414e-02
8.990000000000000000e+02,7.646465383004397154e-05,1.887019164860248566e-02
9.000000000000000000e+02,7.632609776919707656e-05,1.915377937257289886e-02
9.010000000000000000e+02,7.761526649119332433e-05,1.862886361777782440e-02
9.020000000000000000e+02,7.623140118084847927e-05,1.903918385505676270e-02
9.030000000000000000e+02,7.614173955516889691e-05,1.920365355908870697e-02
9.040000000000000000e+02,7.603414996992796659e-05,1.950838975608348846e-02
9.050000000000000000e+02,7.598539377795532346e-05,1.958188228309154510e-02
9.060000000000000000e+02,7.587804429931566119e-05,1.958642899990081787e-02
9.070000000000000000e+02,7.661226845812052488e-05,1.961431652307510376e-02
9.080000000000000000e+02,7.584913691971451044e-05,1.958923786878585815e-02
9.090000000000000000e+02,7.577271753689274192e-05,1.945500075817108154e-02
9.100000000000000000e+02,7.553695468232035637e-05,1.966700889170169830e-02
9.110000000000000000e+02,7.530967559432610869e-05,1.944723539054393768e-02
9.120000000000000000e+02,7.500395440729334950e-05,1.908303424715995789e-02
9.130000000000000000e+02,7.567940338049083948e-05,1.895825378596782684e-02
9.140000000000000000e+02,7.489776908187195659e-05,1.904781907796859741e-02
9.150000000000000000e+02,7.468579133274033666e-05,1.894089579582214355e-02
9.160000000000000000e+02,7.440155604854226112e-05,1.883850991725921631e-02
9.170000000000000000e+02,7.419266330543905497e-05,1.873045414686203003e-02
9.180000000000000000e+02,7.383871707133948803e-05,1.840577647089958191e-02
9.190000000000000000e+02,7.353699766099452972e-05,1.808607578277587891e-02
9.200000000000000000e+02,7.323111640289425850e-05,1.778143458068370819e-02
9.210000000000000000e+02,7.285878382390365005e-05,1.756301894783973694e-02
9.220000000000000000e+02,7.257497782120481133e-05,1.725259236991405487e-02
9.230000000000000000e+02,7.234281656565144658e-05,1.734824851155281067e-02
9.240000000000000000e+02,7.220797124318778515e-05,1.758128032088279724e-02
9.250000000000000000e+02,7.211344200186431408e-05,1.783829741179943085e-02
9.260000000000000000e+02,7.234505756059661508e-05,1.847258023917675018e-02
9.270000000000000000e+02,7.206506415968760848e-05,1.802476122975349426e-02
9.280000000000000000e+02,7.190130418166518211e-05,1.851508021354675293e-02
9.290000000000000000e+02,7.170553726609796286e-05,1.851388812065124512e-02
9.300000000000000000e+02,7.147034921217709780e-05,1.847495883703231812e-02
9.310000000000000000e+02,7.137245120247825980e-05,1.854354701936244965e-02
9.320000000000000000e+02,7.130412268452346325e-05,1.858236640691757202e-02
9.330000000000000000e+02,7.125681440811604261e-05,1.867195963859558105e-02
9.340000000000000000e+02,7.121582166291773319e-05,1.874723285436630249e-02
9.350000000000000000e+02,7.115933112800121307e-05,1.885361410677433014e-02
9.360000000000000000e+02,7.110473961802199483e-05,1.885695569217205048e-02
9.370000000000000000e+02,7.107941200956702232e-05,1.878071390092372894e-02
9.380000000000000000e+02,7.103211828507483006e-05,1.880597509443759918e-02
9.390000000000000000e+02,7.096475746948271990e-05,1.905084401369094849e-02
9.400000000000000000e+02,7.091001316439360380e-05,1.917362771928310394e-02
9.410000000000000000e+02,7.085783727234229445e-05,1.941084489226341248e-02
9.420000000000000000e+02,7.078068301780149341e-05,1.930475048720836639e-02
9.430000000000000000e+02,7.068066042847931385e-05,1.953944563865661621e-02
9.440000000000000000e+02,7.054650632198899984e-05,1.982682384550571442e-02
9.450000000000000000e+02,7.043680670903995633e-05,1.988601312041282654e-02
9.460000000000000000e+02,7.026582898106426001e-05,1.983593218028545380e-02
9.470000000000000000e+02,7.270701462402939796e-05,1.987680234014987946e-02
9.480000000000000000e+02,7.023163198027759790e-05,1.983351632952690125e-02
9.490000000000000000e+02,7.007147360127419233e-05,1.964195072650909424e-02
9.500000000000000000e+02,7.007316162344068289e-05,1.974051631987094879e-02
9.510000000000000000e+02,6.989589019212871790e-05,1.968996226787567139e-02
9.520000000000000000e+02,6.985000800341367722e-05,1.929640397429466248e-02
9.530000000000000000e+02,6.950762326596304774e-05,1.931148953735828400e-02
9.540000000000000000e+02,6.931610550964251161e-05,1.931941136717796326e-02
9.550000000000000000e+02,6.897338607814162970e-05,1.927988603711128235e-02
9.560000000000000000e+02,6.850251520518213511e-05,1.925771869719028473e-02
9.570000000000000000e+02,6.806546298321336508e-05,1.902879029512405396e-02
9.580000000000000000e+02,6.761940312571823597e-05,1.986869052052497864e-02
9.590000000000000000e+02,6.711595051456242800e-05,1.969864033162593842e-02
9.600000000000000000e+02,6.665996625088155270e-05,1.986482553184032440e-02
9.610000000000000000e+02,6.653554009972140193e-05,1.921691372990608215e-02
9.620000000000000000e+02,6.686367851216346025e-05,1.897722482681274414e-02
9.630000000000000000e+02,6.621222564717754722e-05,1.911367103457450867e-02
9.640000000000000000e+02,6.587849929928779602e-05,1.907743699848651886e-02
9.650000000000000000e+02,6.572550046257674694e-05,1.889067515730857849e-02
9.660000000000000000e+02,6.562098860740661621e-05,1.863878965377807617e-02
9.670000000000000000e+02,6.558566383318975568e-05,1.851288042962551117e-02
9.680000000000000000e+02,6.553543789777904749e-05,1.859083585441112518e-02
9.690000000000000000e+02,6.548186502186581492e-05,1.867946237325668335e-02
9.700000000000000000e+02,6.543062772834673524e-05,1.861274801194667816e-02
9.710000000000000000e+02,6.537378794746473432e-05,1.848555728793144226e-02
9.720000000000000000e+02,6.531541293952614069e-05,1.825506240129470825e-02
9.730000000000000000e+02,6.525864591822028160e-05,1.809670589864253998e-02
9.740000000000000000e+02,6.516792927868664265e-05,1.783022098243236542e-02
9.750000000000000000e+02,6.520764873130246997e-05,1.730759814381599426e-02
9.760000000000000000e+02,6.511760147986933589e-05,1.760470680892467499e-02
9.770000000000000000e+02,6.537412991747260094e-05,1.710699684917926788e-02
9.780000000000000000e+02,6.502687028842046857e-05,1.743346452713012695e-02
9.790000000000000000e+02,6.490014493465423584e-05,1.746405288577079773e-02
9.800000000000000000e+02,6.469574873335659504e-05,1.771830394864082336e-02
9.810000000000000000e+02,6.452537490986287594e-05,1.745222508907318115e-02
9.820000000000000000e+02,6.438652781071141362e-05,1.730867847800254822e-02
9.830000000000000000e+02,6.429477798519656062e-05,1.712453551590442657e-02
9.840000000000000000e+02,6.422027217922732234e-05,1.709994673728942871e-02
9.850000000000000000e+02,6.410849164240062237e-05,1.698987185955047607e-02
9.860000000000000000e+02,6.398362165782600641e-05,1.688095368444919586e-02
9.870000000000000000e+02,6.382910942193120718e-05,1.670846901834011078e-02
9.880000000000000000e+02,6.361851410474628210e-05,1.660767942667007446e-02
9.890000000000000000e+02,6.333811325021088123e-05,1.646368019282817841e-02
9.900000000000000000e+02,6.305304850684478879e-05,1.653921790421009064e-02
9.910000000000000000e+02,6.281759124249219894e-05,1.677995920181274414e-02
9.920000000000000000e+02,6.269699952099472284e-05,1.685746945440769196e-02
9.930000000000000000e+02,6.261452654143795371e-05,1.729076169431209564e-02
9.940000000000000000e+02,6.249679427128285170e-05,1.730036735534667969e-02
9.950000000000000000e+02,6.230775761650875211e-05,1.724944263696670532e-02
9.960000000000000000e+02,6.216560723260045052e-05,1.738885790109634399e-02
9.970000000000000000e+02,6.204116652952507138e-05,1.734816841781139374e-02
9.980000000000000000e+02,6.192586442921310663e-05,1.709234900772571564e-02
9.990000000000000000e+02,6.198267510626465082e-05,1.626853086054325104e-02
1.000000000000000000e+03,6.184554513311013579e-05,1.673262193799018860e-02
1.001000000000000000e+03,6.169495463836938143e-05,1.639025099575519562e-02
1.002000000000000000e+03,6.147088424768298864e-05,1.574977301061153412e-02
1.003000000000000000e+03,6.131397094577550888e-05,1.538214273750782013e-02
1.004000000000000000e+03,6.108567322371527553e-05,1.486426219344139099e-02
1.005000000000000000e+03,6.086945359129458666e-05,1.465164870023727417e-02
1.006000000000000000e+03,6.072195537853986025e-05,1.449349150061607361e-02
1.007000000000000000e+03,6.061729072825983167e-05,1.472393516451120377e-02
1.008000000000000000e+03,6.055244375602342188e-05,1.478354074060916901e-02
1.009000000000000000e+03,6.049617877579294145e-05,1.497906073927879333e-02
1.010000000000000000e+03,6.040422522346489131e-05,1.489376369863748550e-02
1.011000000000000000e+03,6.030312943039461970e-05,1.473869103938341141e-02
1.012000000000000000e+03,6.018051863065920770e-05,1.467229984700679779e-02
1.013000000000000000e+03,6.003992530168034136e-05,1.455709245055913925e-02
1.014000000000000000e+03,5.991192665533162653e-05,1.485205534845590591e-02
1.015000000000000000e+03,5.976955435471609235e-05,1.523482427000999451e-02
1.016000000000000000e+03,5.989343117107637227e-05,1.600571721792221069e-02
1.017000000000000000e+03,5.966288881609216332e-05,1.554603129625320435e-02
1.018000000000000000e+03,5.950148988631553948e-05,1.579528860747814178e-02
1.019000000000000000e+03,5.940660412306897342e-05,1.555278990417718887e-02
1.020000000000000000e+03,5.933120701229199767e-05,1.565168611705303192e-02
1.021000000000000000e+03,5.928985046921297908e-05,1.564419455826282501e-02
1.022000000000000000e+03,5.922479613218456507e-05,1.560483966022729874e-02
1.023000000000000000e+03,5.917462476645596325e-05,1.556846126914024353e-02
1.024000000000000000e+03,5.909563697059638798e-05,1.550207100808620453e-02
1.025000000000000000e+03,5.946625606156885624e-05,1.535704452544450760e-02
1.026000000000000000e+03,5.907893137191422284e-05,1.547611225396394730e-02
1.027000000000000000e+03,5.904551289859227836e-05,1.501062512397766113e-02
1.028000000000000000e+03,5.891580804018303752e-05,1.523571647703647614e-02
1.029000000000000000e+03,5.886606595595367253e-05,1.531109679490327835e-02
1.030000000000000000e+03,5.880108801648020744e-05,1.537191122770309448e-02
1.031000000000000000e+03,5.877231160411611199e-05,1.558886375278234482e-02
1.032000000000000000e+03,5.875181523151695728e-05,1.524113677442073822e-02
1.033000000000000000e+03,5.865879211341962218e-05,1.533949282020330429e-02
1.034000000000000000e+03,5.857118594576604664e-05,1.546787656843662262e-02
1.035000000000000000e+03,5.847246939083561301e-05,1.541201863437891006e-02
1.036000000000000000e+03,5.827990389661863446e-05,1.523504778742790222e-02
1.037000000000000000e+03,5.811291339341551065e-05,1.489210780709981918e-02
1.038000000000000000e+03,5.791507282992824912e-05,1.440321933478116989e-02
1.039000000000000000e+03,5.781044455943629146e-05,1.409890037029981613e-02
1.040000000000000000e+03,6.088918235036544502e-05,1.371574215590953827e-02
1.041000000000000000e+03,5.777272963314317167e-05,1.405765395611524582e-02
1.042000000000000000e+03,5.762845830759033561e-05,1.397425308823585510e-02
1.043000000000000000e+03,5.743541987612843513e-05,1.403144560754299164e-02
1.044000000000000000e+03,5.730759585276246071e-05,1.409150287508964539e-02
1.045000000000000000e+03,5.716482701245695353e-05,1.426755823194980621e-02
1.046000000000000000e+03,5.701669942936860025e-05,1.445013470947742462e-02
1.047000000000000000e+03,5.685899668605998158e-05,1.468209270387887955e-02
1.048000000000000000e+03,5.666707147611305118e-05,1.490893214941024780e-02
1.049000000000000000e+03,5.649930608342401683e-05,1.516657322645187378e-02
1.050000000000000000e+03,5.633278851746581495e-05,1.501285098493099213e-02
1.051000000000000000e+03,5.614970723399892449e-05,1.472734007984399796e-02
1.052000000000000000e+03,5.594729009317234159e-05,1.432248950004577637e-02
1.053000000000000000e+03,5.581068398896604776e-05,1.412894949316978455e-02
1.054000000000000000e+03,5.573864473262801766e-05,1.410593185573816299e-02
1.055000000000000000e+03,5.568450796999968588e-05,1.427258551120758057e-02
1.056000000000000000e+03,5.562982914852909744e-05,1.450529973953962326e-02
1.057000000000000000e+03,5.557127587962895632e-05,1.479922421276569366e-02
1.058000000000000000e+03,5.549881461774930358e-05,1.495357509702444077e-02
1.059000000000000000e+03,5.541547216125763953e-05,1.497690007090568542e-02
1.060000000000000000e+03,5.531839269679039717e-05,1.502384152263402939e-02
1.061000000000000000e+03,5.527453686227090657e-05,1.501419115811586380e-02
1.062000000000000000e+03,5.515335942618548870e-05,1.524054631590843201e-02
1.063000000000000000e+03,5.509776383405551314e-05,1.528415828943252563e-02
1.064000000000000000e+03,5.505750959855504334e-05,1.527720130980014801e-02
1.065000000000000000e+03,5.502266867551952600e-05,1.528610102832317352e-02
1.066000000000000000e+03,5.497954407474026084e-05,1.529056206345558167e-02
1.067000000000000000e+03,5.491738920682109892e-05,1.527255028486251831e-02
1.068000000000000000e+03,5.487555245053954422e-05,1.522209774702787399e-02
1.069000000000000000e+03,5.480983963934704661e-05,1.509728282690048218e-02
1.070000000000000000e+03,5.472984776133671403e-05,1.495125144720077515e-02
1.071000000000000000e+03,5.471616532304324210e-05,1.406174246221780777e-02
1.072000000000000000e+03,5.465267167892307043e-05,1.448082458227872849e-02
1.073000000000000000e+03,5.453616540762595832e-05,1.430939976125955582e-02
1.074000000000000000e+03,5.457180304802022874e-05,1.396152283996343613e-02
1.075000000000000000e+03,5.449790114653296769e-05,1.416372973471879959e-02
1.076000000000000000e+03,5.441383837023749948e-05,1.414992474019527435e-02
1.077000000000000000e+03,5.430026794783771038e-05,1.417212467640638351e-02
1.078000000000000000e+03,5.422903632279485464e-05,1.431561540812253952e-02
1.079000000000000000e+03,5.406651689554564655e-05,1.462550647556781769e-02
1.080000000000000000e+03,5.410247831605374813e-05,1.472499780356884003e-02
1.081000000000000000e+03,5.399512883741408587e-05,1.466925069689750671e-02
1.082000000000000000e+03,5.384747055359184742e-05,1.472584623843431473e-02
1.083000000000000000e+03,5.361907460610382259e-05,1.443429943174123764e-02
1.084000000000000000e+03,5.340952702681533992e-05,1.409477740526199341e-02
1.085000000000000000e+03,5.318597322911955416e-05,1.364280004054307938e-02
1.086000000000000000e+03,5.305745071382261813e-05,1.348018925637006760e-02
1.087000000000000000e+03,5.297323150443844497e-05,1.359697058796882629e-02
1.088000000000000000e+03,5.288510510581545532e-05,1.372413150966167450e-02
1.089000000000000000e+03,5.278168100630864501e-05,1.400030963122844696e-02
1.090000000000000000e+03,5.268255335977301002e-05,1.415540184825658798e-02
1.091000000000000000e+03,5.259351746644824743e-05,1.419470086693763733e-02
1.092000000000000000e+03,5.246076761977747083e-05,1.412489451467990875e-02
1.093000000000000000e+03,5.268005770631134510e-05,1.520256232470273972e-02
1.094000000000000000e+03,5.239885649643838406e-05,1.446528080850839615e-02
1.095000000000000000e+03,5.221550964051857591e-05,1.430709753185510635e-02
1.096000000000000000e+03,5.205109118833206594e-05,1.430307142436504364e-02
1.097000000000000000e+03,5.185962800169363618e-05,1.425482705235481262e-02
1.098000000000000000e+03,5.179111030884087086e-05,1.429494936019182205e-02
1.099000000000000000e+03,5.167533163330517709e-05,1.418222952634096146e-02
1.100000000000000000e+03,5.157724808668717742e-05,1.397387124598026276e-02
1.101000000000000000e+03,5.149910430191084743e-05,1.357005536556243896e-02
1.102000000000000000e+03,5.142993904883041978e-05,1.349208783358335495e-02
1.103000000000000000e+03,5.136782419867813587e-05,1.336461119353771210e-02
1.104000000000000000e+03,5.132282603881321847e-05,1.331252604722976685e-02
1.105000000000000000e+03,5.126278847455978394e-05,1.280276570469141006e-02
1.106000000000000000e+03,5.119795969221740961e-05,1.268550008535385132e-02
1.107000000000000000e+03,5.114878149470314384e-05,1.261948980391025543e-02
1.108000000000000000e+03,5.111195059726014733e-05,1.252361759543418884e-02
1.109000000000000000e+03,5.106858225190080702e-05,1.256171427667140961e-02
1.110000000000000000e+03,5.107678589411079884e-05,1.233481056988239288e-02
1.111000000000000000e+03,5.102317300043068826e-05,1.245214045047760010e-02
1.112000000000000000e+03,5.094601510791108012e-05,1.264416612684726715e-02
1.113000000000000000e+03,5.088180478196591139e-05,1.258469652384519577e-02
1.114000000000000000e+03,5.082914503873325884e-05,1.255076937377452850e-02
1.115000000000000000e+03,5.077605601400136948e-05,1.261518057435750961e-02
1.116000000000000000e+03,5.073537613498046994e-05,1.248949300497770309e-02
1.117000000000000000e+03,5.069398321211338043e-05,1.237466372549533844e-02
1.118000000000000000e+03,5.064936704002320766e-05,1.224708557128906250e-02
1.119000000000000000e+03,5.073034844826906919e-05,1.200815010815858841e-02
1.120000000000000000e+03,5.062766649643890560e-05,1.217137277126312256e-02
1.121000000000000000e+03,5.057716043666005135e-05,1.204862166196107864e-02
1.122000000000000000e+03,5.053404311183840036e-05,1.190246455371379852e-02
1.123000000000000000e+03,5.046651131124235690e-05,1.180678885430097580e-02
1.124000000000000000e+03,5.039568350184708834e-05,1.169722527265548706e-02
1.125000000000000000e+03,5.034016794525086880e-05,1.174009963870048523e-02
1.126000000000000000e+03,5.029455132898874581e-05,1.180565543472766876e-02
1.127000000000000000e+03,5.025172140449285507e-05,1.188227254897356033e-02
1.128000000000000000e+03,5.019152740715071559e-05,1.183120626956224442e-02
1.129000000000000000e+03,5.012216206523589790e-05,1.177306100726127625e-02
1.130000000000000000e+03,5.006808351026847959e-05,1.153934746980667114e-02
1.131000000000000000e+03,5.001628960599191487e-05,1.126357074826955795e-02
1.132000000000000000e+03,4.994510527467355132e-05,1.107741706073284149e-02
1.133000000000000000e+03,4.987756256014108658e-05,1.102290488779544830e-02
1.134000000000000000e+03,4.980798985343426466e-05,1.097779721021652222e-02
1.135000000000000000e+03,4.975566844223067164e-05,1.097806077450513840e-02
1.136000000000000000e+03,4.967216955265030265e-05,1.092285849153995514e-02
1.137000000000000000e+03,4.956194970873184502e-05,1.100159622728824615e-02
1.138000000000000000e+03,4.944817919749766588e-05,1.101720333099365234e-02
1.139000000000000000e+03,4.933458694722503424e-05,1.113986037671566010e-02
1.140000000000000000e+03,4.921870640828274190e-05,1.104849949479103088e-02
1.141000000000000000e+03,4.913269367534667253e-05,1.099879294633865356e-02
1.142000000000000000e+03,4.904862726107239723e-05,1.068248320370912552e-02
1.143000000000000000e+03,4.897591861663386226e-05,1.036987546831369400e-02
1.144000000000000000e+03,4.890761920250952244e-05,9.832716546952724457e-03
1.145000000000000000e+03,4.882547000306658447e-05,9.727175347506999969e-03
1.146000000000000000e+03,4.877774335909634829e-05,9.699282236397266388e-03
1.147000000000000000e+03,4.868886753683909774e-05,1.008624397218227386e-02
1.148000000000000000e+03,4.857709791394881904e-05,1.014969125390052795e-02
1.149000000000000000e+03,4.844752766075544059e-05,1.009457837790250778e-02
1.150000000000000000e+03,4.836140215047635138e-05,1.005674432963132858e-02
1.151000000000000000e+03,4.827634620596654713e-05,9.803061373531818390e-03
1.152000000000000000e+03,4.821733091375790536e-05,9.529969654977321625e-03
1.153000000000000000e+03,4.815565625904127955e-05,9.224819019436836243e-03
1.154000000000000000e+03,4.809154415852390230e-05,8.911415003240108490e-03
1.155000000000000000e+03,4.803455522051081061e-05,8.747661486268043518e-03
1.156000000000000000e+03,4.798242298420518637e-05,8.713397197425365448e-03
1.157000000000000000e+03,4.792821709997951984e-05,8.713893592357635498e-03
1.158000000000000000e+03,4.785135024576447904e-05,8.647961542010307312e-03
1.159000000000000000e+03,4.779146547662094235e-05,8.582042530179023743e-03
1.160000000000000000e+03,4.773712498717941344e-05,8.369738236069679260e-03
1.161000000000000000e+03,4.880599954049102962e-05,8.161266334354877472e-03
1.162000000000000000e+03,4.770664236275479198e-05,8.332300931215286255e-03
1.163000000000000000e+03,4.763834294863045216e-05,8.143149316310882568e-03
1.164000000000000000e+03,4.752616587211377919e-05,7.810774259269237518e-03
1.165000000000000000e+03,4.745919432025402784e-05,7.545330096036195755e-03
1.166000000000000000e+03,4.740101212519221008e-05,7.335501722991466522e-03
1.167000000000000000e+03,4.731489752884954214e-05,7.079761475324630737e-03
1.168000000000000000e+03,4.842692578677088022e-05,7.157602813094854355e-03
1.169000000000000000e+03,4.726335100713185966e-05,7.087081205099821091e-03
1.170000000000000000e+03,4.715986142400652170e-05,7.126885466277599335e-03
1.171000000000000000e+03,4.704906314145773649e-05,7.352047599852085114e-03
1.172000000000000000e+03,4.698449265561066568e-05,7.629235740751028061e-03
1.173000000000000000e+03,4.691182402893900871e-05,7.854598574340343475e-03
1.174000000000000000e+03,4.679331686929799616e-05,8.152004331350326538e-03
1.175000000000000000e+03,4.706766048911958933e-05,9.163880720734596252e-03
1.176000000000000000e+03,4.675657692132517695e-05,8.406857959926128387e-03
1.177000000000000000e+03,4.661854472942650318e-05,8.352142758667469025e-03
1.178000000000000000e+03,4.648389949579723179e-05,8.156385272741317749e-03
1.179000000000000000e+03,4.636354788090102375e-05,7.838083431124687195e-03
1.180000000000000000e+03,4.616185833583585918e-05,7.669944781810045242e-03
1.181000000000000000e+03,4.602732224157080054e-05,7.486346177756786346e-03
1.182000000000000000e+03,4.570148303173482418e-05,7.751681841909885406e-03
1.183000000000000000e+03,4.560290108202025294e-05,8.418798446655273438e-03
1.184000000000000000e+03,4.548191282083280385e-05,8.477459661662578583e-03
1.185000000000000000e+03,4.538637585937976837e-05,8.579296991229057312e-03
1.186000000000000000e+03,4.531152808340266347e-05,8.833449333906173706e-03
1.187000000000000000e+03,4.521322262007743120e-05,8.873464539647102356e-03
1.188000000000000000e+03,4.511955194175243378e-05,8.727022446691989899e-03
1.189000000000000000e+03,4.508555502980016172e-05,8.969659917056560516e-03
1.190000000000000000e+03,4.500963768805377185e-05,8.888287469744682312e-03
1.191000000000000000e+03,4.494879976846277714e-05,8.994407020509243011e-03
1.192000000000000000e+03,4.486476245801895857e-05,9.279631078243255615e-03
1.193000000000000000e+03,4.478628397919237614e-05,9.922354482114315033e-03
1.194000000000000000e+03,4.472679938771761954e-05,1.022736355662345886e-02
1.195000000000000000e+03,4.466827522264793515e-05,9.198851883411407471e-03
1.196000000000000000e+03,4.455856105778366327e-05,9.441924281418323517e-03
1.197000000000000000e+03,4.447892933967523277e-05,9.579198434948921204e-03
1.198000000000000000e+03,4.433216963661834598e-05,9.618018753826618195e-03
1.199000000000000000e+03,4.487528713070787489e-05,9.124089963734149933e-03
1.200000000000000000e+03,4.425533188623376191e-05,9.485193528234958649e-03
1.201000000000000000e+03,4.389011883176863194e-05,9.492375887930393219e-03
1.202000000000000000e+03,4.365475251688621938e-05,9.243187494575977325e-03
1.203000000000000000e+03,4.341400563134811819e-05,8.652386255562305450e-03
1.204000000000000000e+03,4.331325908424332738e-05,8.582505397498607635e-03
1.205000000000000000e+03,4.323778193793259561e-05,8.427151478826999664e-03
1.206000000000000000e+03,4.315168916946277022e-05,7.983122952282428741e-03
1.207000000000000000e+03,4.313184035709127784e-05,7.814013399183750153e-03
1.208000000000000000e+03,4.309049108996987343e-05,7.818157784640789032e-03
1.209000000000000000e+03,4.306244227336719632e-05,7.918188348412513733e-03
1.210000000000000000e+03,4.302466913941316307e-05,7.826090790331363678e-03
1.211000000000000000e+03,4.297686973586678505e-05,7.733691483736038208e-03
1.212000000000000000e+03,4.293842357583343983e-05,7.732791826128959656e-03
1.213000000000000000e+03,4.290617289370857179e-05,7.753220852464437485e-03
1.214000000000000000e+03,4.285119939595460892e-05,7.732890080660581589e-03
1.215000000000000000e+03,4.277233892935328186e-05,7.511154748499393463e-03
1.216000000000000000e+03,4.269284545443952084e-05,7.277171127498149872e-03
1.217000000000000000e+03,4.260190326021984220e-05,6.992397364228963852e-03
1.218000000000000000e+03,4.254207669873721898e-05,6.754091475158929825e-03
1.219000000000000000e+03,4.250016354490071535e-05,6.802732124924659729e-03
1.220000000000000000e+03,4.246332173352129757e-05,6.904411129653453827e-03
1.221000000000000000e+03,4.242432623868808150e-05,7.122604642063379288e-03
1.222000000000000000e+03,4.234664811519905925e-05,7.336198352277278900e-03
1.223000000000000000e+03,4.290461583877913654e-05,7.511772215366363525e-03
1.224000000000000000e+03,4.227018143865279853e-05,7.375905290246009827e-03
1.225000000000000000e+03,4.218096000840887427e-05,7.600171491503715515e-03
1.226000000000000000e+03,4.209940743749029934e-05,7.801807019859552383e-03
1.227000000000000000e+03,4.199898103252053261e-05,8.122975006699562073e-03
1.228000000000000000e+03,4.188830280327238142e-05,8.491816930472850800e-03
1.229000000000000000e+03,4.204268043395131826e-05,8.254622109234333038e-03
1.230000000000000000e+03,4.182114571449346840e-05,8.403712883591651917e-03
1.231000000000000000e+03,4.170002648606896400e-05,8.421584032475948334e-03
1.232000000000000000e+03,4.159731906838715076e-05,8.492007851600646973e-03
1.233000000000000000e+03,4.150686072534881532e-05,8.274902589619159698e-03
1.234000000000000000e+03,4.138286749366670847e-05,7.976230233907699585e-03
1.235000000000000000e+03,4.120735320611856878e-05,7.717789150774478912e-03
1.236000000000000000e+03,4.102666935068555176e-05,7.760425563901662827e-03
1.237000000000000000e+03,4.090759102837182581e-05,7.684972137212753296e-03
1.238000000000000000e+03,4.078868732904084027e-05,8.087227120995521545e-03
1.239000000000000000e+03,4.068947600899264216e-05,8.175908587872982025e-03
1.240000000000000000e+03,4.058880585944280028e-05,8.193192072212696075e-03
1.241000000000000000e+03,4.049721610499545932e-05,7.854913361370563507e-03
1.242000000000000000e+03,4.259848719811998308e-05,6.201132200658321381e-03
1.243000000000000000e+03,4.046694812132045627e-05,7.664775010198354721e-03
1.244000000000000000e+03,4.029679621453396976e-05,6.548302248120307922e-03
1.245000000000000000e+03,4.021255517727695405e-05,6.675280164927244186e-03
1.246000000000000000e+03,4.016693492303602397e-05,6.819059606641530991e-03
1.247000000000000000e+03,4.012804129160940647e-05,6.742730736732482910e-03
1.248000000000000000e+03,4.008716496173292398e-05,6.544284522533416748e-03
1.249000000000000000e+03,4.004540096502751112e-05,6.413899827748537064e-03
1.250000000000000000e+03,4.000536137027665973e-05,6.311974022537469864e-03
1.251000000000000000e+03,3.997191743110306561e-05,6.252295337617397308e-03
1.252000000000000000e+03,3.993809514213353395e-05,6.359437480568885803e-03
1.253000000000000000e+03,3.991260018665343523e-05,6.598093081265687943e-03
1.254000000000000000e+03,3.989250035374425352e-05,6.664988584816455841e-03
1.255000000000000000e+03,3.985948205809108913e-05,6.749093066900968552e-03
1.256000000000000000e+03,3.983186979894526303e-05,6.635745055973529816e-03
1.257000000000000000e+03,3.980924884672276676e-05,6.601373199373483658e-03
1.258000000000000000e+03,3.978229506174102426e-05,6.541072390973567963e-03
1.259000000000000000e+03,3.975194704253226519e-05,6.499062757939100266e-03
1.260000000000000000e+03,3.970882971771061420e-05,6.449534557759761810e-03
1.261000000000000000e+03,3.964341522078029811e-05,6.356518715620040894e-03
1.262000000000000000e+03,3.958390516345389187e-05,6.248462945222854614e-03
1.263000000000000000e+03,3.950551035813987255e-05,6.069797556847333908e-03
1.264000000000000000e+03,3.947420918848365545e-05,5.707735195755958557e-03
1.265000000000000000e+03,3.985933653893880546e-05,4.831431899219751358e-03
1.266000000000000000e+03,3.938388545066118240e-05,5.426134914159774780e-03
1.267000000000000000e+03,3.931624451070092618e-05,5.297714844346046448e-03
1.268000000000000000e+03,3.926674253307282925e-05,5.402376409620046616e-03
1.269000000000000000e+03,3.922969699488021433e-05,5.303469486534595490e-03
1.270000000000000000e+03,3.917831054423004389e-05,5.084012169390916824e-03
1.271000000000000000e+03,3.914922490366734564e-05,5.071397405117750168e-03
1.272000000000000000e+03,3.911247767973691225e-05,5.054240580648183823e-03
1.273000000000000000e+03,3.906916754203848541e-05,5.076039582490921021e-03
1.274000000000000000e+03,3.899737566825933754e-05,5.050069652497768402e-03
1.275000000000000000e+03,3.890285006491467357e-05,4.758182447403669357e-03
1.276000000000000000e+03,3.878648931276984513e-05,4.524831194430589676e-03
1.277000000000000000e+03,3.870342334266752005e-05,4.329135175794363022e-03
1.278000000000000000e+03,3.865269536618143320e-05,4.165144171565771103e-03
1.279000000000000000e+03,3.858326090266928077e-05,4.072966519743204117e-03
1.280000000000000000e+03,3.853048838209360838e-05,4.034645855426788330e-03
1.281000000000000000e+03,3.848212145385332406e-05,4.105673171579837799e-03
1.282000000000000000e+03,3.844710226985625923e-05,4.142512567341327667e-03
1.283000000000000000e+03,3.842053411062806845e-05,4.210131242871284485e-03
1.284000000000000000e+03,3.839234705083072186e-05,4.291214048862457275e-03
1.285000000000000000e+03,3.835902316495776176e-05,4.394763614982366562e-03
1.286000000000000000e+03,3.829265551757998765e-05,4.414267372339963913e-03
1.287000000000000000e+03,3.855274189845658839e-05,5.173919722437858582e-03
1.288000000000000000e+03,3.826257670880295336e-05,4.576516803354024887e-03
1.289000000000000000e+03,3.820940037257969379e-05,4.409820307046175003e-03
1.290000000000000000e+03,3.831799767795018852e-05,4.603056702762842178e-03
1.291000000000000000e+03,3.818739423877559602e-05,4.460516385734081268e-03
1.292000000000000000e+03,3.815006857621483505e-05,4.514400847256183624e-03
1.293000000000000000e+03,3.809188638115301728e-05,4.507873207330703735e-03
1.294000000000000000e+03,3.805179585469886661e-05,4.614329896867275238e-03
1.295000000000000000e+03,3.800701597356237471e-05,4.797343630343675613e-03
1.296000000000000000e+03,3.790606933762319386e-05,4.813804756850004196e-03
1.297000000000000000e+03,3.778451355174183846e-05,5.029971245676279068e-03
1.298000000000000000e+03,3.767543239519000053e-05,4.905015695840120316e-03
1.299000000000000000e+03,3.759408355108462274e-05,4.855265840888023376e-03
1.300000000000000000e+03,3.752869452000595629e-05,4.565719049423933029e-03
1.301000000000000000e+03,3.745612775674089789e-05,4.416216630488634109e-03
1.302000000000000000e+03,3.730325261130928993e-05,4.295575898140668869e-03
1.303000000000000000e+03,3.702647882164455950e-05,4.440112039446830750e-03
1.304000000000000000e+03,3.678843495436012745e-05,4.865367896854877472e-03
1.305000000000000000e+03,3.666185148176737130e-05,5.784164182841777802e-03
1.306000000000000000e+03,3.672630555229261518e-05,5.622791592031717300e-03
1.307000000000000000e+03,3.660451693576760590e-05,5.715264473110437393e-03
1.308000000000000000e+03,3.655474938568659127e-05,5.729421973228454590e-03
1.309000000000000000e+03,3.650239159469492733e-05,5.681356880813837051e-03
1.310000000000000000e+03,3.644444586825557053e-05,5.532806739211082458e-03
1.311000000000000000e+03,3.637254485511220992e-05,5.518651567399501801e-03
1.312000000000000000e+03,3.627030673669651151e-05,5.658465437591075897e-03
1.313000000000000000e+03,3.688065044116228819e-05,6.899737287312746048e-03
1.314000000000000000e+03,3.624721284722909331e-05,5.847481079399585724e-03
1.315000000000000000e+03,3.618877235567197204e-05,6.136775482445955276e-03
1.316000000000000000e+03,3.610612475313246250e-05,6.509339436888694763e-03
1.317000000000000000e+03,3.604716403060592711e-05,6.854837294667959213e-03
1.318000000000000000e+03,3.598131661419756711e-05,6.876246538013219833e-03
1.319000000000000000e+03,3.593600558815523982e-05,6.677014753222465515e-03
1.320000000000000000e+03,3.586789534892886877e-05,6.686543580144643784e-03
1.321000000000000000e+03,3.581172859412617981e-05,6.754815112799406052e-03
1.322000000000000000e+03,3.573827780201099813e-05,6.725247483700513840e-03
1.323000000000000000e+03,3.566774830687791109e-05,6.499314215034246445e-03
1.324000000000000000e+03,3.559129618224687874e-05,6.239229813218116760e-03
1.325000000000000000e+03,3.553582428139634430e-05,5.952033214271068573e-03
1.326000000000000000e+03,3.546696098055690527e-05,5.746108945459127426e-03
1.327000000000000000e+03,3.541230398695915937e-05,5.495952907949686050e-03
1.328000000000000000e+03,3.535722134984098375e-05,5.378975532948970795e-03
1.329000000000000000e+03,3.528209344949573278e-05,5.437663290649652481e-03
1.330000000000000000e+03,3.520755853969603777e-05,5.348443984985351562e-03
1.331000000000000000e+03,3.509773887344636023e-05,5.317442584782838821e-03
1.332000000000000000e+03,3.501624451018869877e-05,5.076254718005657196e-03
1.333000000000000000e+03,3.492049654596485198e-05,5.118143744766712189e-03
1.334000000000000000e+03,3.483989348751492798e-05,5.202177446335554123e-03
1.335000000000000000e+03,3.477739664958789945e-05,5.119574721902608871e-03
1.336000000000000000e+03,3.474389086477458477e-05,5.198184866458177567e-03
1.337000000000000000e+03,3.469780131126753986e-05,5.095693282783031464e-03
1.338000000000000000e+03,3.463894972810521722e-05,4.935033619403839111e-03
1.339000000000000000e+03,3.459923755144700408e-05,4.820142872631549835e-03
1.340000000000000000e+03,3.454065517871640623e-05,4.643094725906848907e-03
1.341000000000000000e+03,3.447060953476466238e-05,4.515892826020717621e-03
1.342000000000000000e+03,3.441185981500893831e-05,4.582712892442941666e-03
1.343000000000000000e+03,3.497690704534761608e-05,4.235561471432447433e-03
1.344000000000000000e+03,3.438380372244864702e-05,4.507274832576513290e-03
1.345000000000000000e+03,3.432896119193173945e-05,4.505146760493516922e-03
1.346000000000000000e+03,3.467181159066967666e-05,4.752459470182657242e-03
1.347000000000000000e+03,3.429773641983047128e-05,4.554735496640205383e-03
1.348000000000000000e+03,3.425111935939639807e-05,4.560892935842275620e-03
1.349000000000000000e+03,3.421636210987344384e-05,4.559604451060295105e-03
1.350000000000000000e+03,3.419111817493103445e-05,4.677840042859315872e-03
1.351000000000000000e+03,3.416743493289686739e-05,4.731990862637758255e-03
1.352000000000000000e+03,3.414547609281726182e-05,4.809437319636344910e-03
1.353000000000000000e+03,3.409833152545616031e-05,4.853645805269479752e-03
1.354000000000000000e+03,3.402250149520114064e-05,5.018960218876600266e-03
1.355000000000000000e+03,3.396284955670125782e-05,5.217699799686670303e-03
1.356000000000000000e+03,3.398839180590584874e-05,4.895015154033899307e-03
1.357000000000000000e+03,3.393064616830088198e-05,5.075396969914436340e-03
1.358000000000000000e+03,3.390042547835037112e-05,5.827536340802907944e-03
1.359000000000000000e+03,3.376318636583164334e-05,5.509309936314821243e-03
1.360000000000000000e+03,3.365525481058284640e-05,5.507225170731544495e-03
1.361000000000000000e+03,3.353435022290796041e-05,5.759135354310274124e-03
1.362000000000000000e+03,3.348995232954621315e-05,6.053709890693426132e-03
1.363000000000000000e+03,3.342901982250623405e-05,6.101760547608137131e-03
1.364000000000000000e+03,3.338583337608724833e-05,6.115317344665527344e-03
1.365000000000000000e+03,3.334572829771786928e-05,6.164952646940946579e-03
1.366000000000000000e+03,3.330161780468188226e-05,6.067521870136260986e-03
1.367000000000000000e+03,3.325967190903611481e-05,5.924371536821126938e-03
1.368000000000000000e+03,3.322520205983892083e-05,6.270744837820529938e-03
1.369000000000000000e+03,3.317488153697922826e-05,6.112978793680667877e-03
1.370000000000000000e+03,3.314169225632213056e-05,6.203677970916032791e-03
1.371000000000000000e+03,3.311925320303998888e-05,6.192050874233245850e-03
1.372000000000000000e+03,3.308890154585242271e-05,6.184851285070180893e-03
1.373000000000000000e+03,3.306581857032142580e-05,6.144565064460039139e-03
1.374000000000000000e+03,3.302164259366691113e-05,6.035649217665195465e-03
1.375000000000000000e+03,3.529125751811079681e-05,7.362615782767534256e-03
1.376000000000000000e+03,3.301126344013027847e-05,6.117984652519226074e-03
1.377000000000000000e+03,3.296750946901738644e-05,6.126309745013713837e-03
1.378000000000000000e+03,3.290078529971651733e-05,6.245870608836412430e-03
1.379000000000000000e+03,3.298802403151057661e-05,7.157348096370697021e-03
1.380000000000000000e+03,3.287712752353399992e-05,6.526697892695665359e-03
1.381000000000000000e+03,3.280879900557920337e-05,6.912515498697757721e-03
1.382000000000000000e+03,3.348230166011489928e-05,7.210919167846441269e-03
1.383000000000000000e+03,3.277532232459634542e-05,6.962819956243038177e-03
1.384000000000000000e+03,3.268395448685623705e-05,7.154460530728101730e-03
1.385000000000000000e+03,3.256662603234872222e-05,7.406503893435001373e-03
1.386000000000000000e+03,3.247896529501304030e-05,7.370877079665660858e-03
1.387000000000000000e+03,3.237413329770788550e-05,7.237955462187528610e-03
1.388000000000000000e+03,3.230084257666021585e-05,6.973067298531532288e-03
1.389000000000000000e+03,3.225218461011536419e-05,6.849362980574369431e-03
1.390000000000000000e+03,3.222330997232347727e-05,6.745601072907447815e-03
1.391000000000000000e+03,3.219765130779705942e-05,6.821467075496912003e-03
1.392000000000000000e+03,3.216275217710062861e-05,6.955157499760389328e-03
1.393000000000000000e+03,3.210305294487625360e-05,7.094056345522403717e-03
1.394000000000000000e+03,3.204801760148257017e-05,7.463744841516017914e-03
1.395000000000000000e+03,3.213562740711495280e-05,7.212664000689983368e-03
1.396000000000000000e+03,3.199605635018087924e-05,7.367905694991350174e-03
1.397000000000000000e+03,3.190410279785282910e-05,7.203448098152875900e-03
1.398000000000000000e+03,3.180322892148979008e-05,6.928517483174800873e-03
1.399000000000000000e+03,3.174801167915575206e-05,6.834905128926038742e-03
1.400000000000000000e+03,3.168579132761806250e-05,6.653388496488332748e-03
1.401000000000000000e+03,3.162378925480879843e-05,6.486654281616210938e-03
1.402000000000000000e+03,3.154504156555049121e-05,6.371950730681419373e-03
1.403000000000000000e+03,3.145149457850493491e-05,6.142538972198963165e-03
1.404000000000000000e+03,3.132779238512739539e-05,5.999664776027202606e-03
1.405000000000000000e+03,3.118218228337354958e-05,6.194526795297861099e-03
1.406000000000000000e+03,3.102936170762404799e-05,5.762703251093626022e-03
1.407000000000000000e+03,3.095047577517107129e-05,5.796486511826515198e-03
1.408000000000000000e+03,3.088379889959469438e-05,5.891891196370124817e-03
1.409000000000000000e+03,3.082743933191522956e-05,5.825389642268419266e-03
1.410000000000000000e+03,3.070974344154819846e-05,5.548798479139804840e-03
1.411000000000000000e+03,3.074878259212709963e-05,4.980885889381170273e-03
1.412000000000000000e+03,3.066227509407326579e-05,5.300575401633977890e-03
1.413000000000000000e+03,3.154564183205366135e-05,4.548477940261363983e-03
1.414000000000000000e+03,3.052324973396025598e-05,5.082677118480205536e-03
1.415000000000000000e+03,3.041398304048925638e-05,4.761831834912300110e-03
1.416000000000000000e+03,3.029481558769475669e-05,4.608865827322006226e-03
1.417000000000000000e+03,3.023372846655547619e-05,4.700318910181522369e-03
1.418000000000000000e+03,3.013899367942940444e-05,4.652626812458038330e-03
1.419000000000000000e+03,3.750776522792875767e-05,7.468794938176870346e-03
1.420000000000000000e+03,3.012509296240750700e-05,4.740077070891857147e-03
1.421000000000000000e+03,3.028907303814776242e-05,4.134131595492362976e-03
1.422000000000000000e+03,3.010900945810135454e-05,4.591697361320257187e-03
1.423000000000000000e+03,3.009730244230013341e-05,4.760893527418375015e-03
1.424000000000000000e+03,3.001937329827342182e-05,4.634902346879243851e-03
1.425000000000000000e+03,2.998406489496119320e-05,4.529003053903579712e-03
1.426000000000000000e+03,2.993573252751957625e-05,4.412699956446886063e-03
1.427000000000000000e+03,2.988849519169889390e-05,4.252254031598567963e-03
1.428000000000000000e+03,2.983945887535810471e-05,4.075208678841590881e-03
1.429000000000000000e+03,2.989767017425037920e-05,3.362317103892564774e-03
1.430000000000000000e+03,2.980808676511514932e-05,3.771933959797024727e-03
1.431000000000000000e+03,2.976041105284821242e-05,3.645698772743344307e-03
1.432000000000000000e+03,2.976017640321515501e-05,3.705207956954836845e-03
1.433000000000000000e+03,2.974123344756662846e-05,3.673791652545332909e-03
1.434000000000000000e+03,2.972401489387266338e-05,3.708906937390565872e-03
1.435000000000000000e+03,2.970427703985478729e-05,3.769366769120097160e-03
1.436000000000000000e+03,2.968201624753419310e-05,3.739479929208755493e-03
1.437000000000000000e+03,2.964738450828008354e-05,3.670528531074523926e-03
1.438000000000000000e+03,2.960895108117256314e-05,3.498853649944067001e-03
1.439000000000000000e+03,2.956083153549116105e-05,3.477127291262149811e-03
1.440000000000000000e+03,2.950529415102209896e-05,3.516117809340357780e-03
1.441000000000000000e+03,2.948469045804813504e-05,3.511480288580060005e-03
1.442000000000000000e+03,2.945987762359436601e-05,3.533625043928623199e-03
1.443000000000000000e+03,2.945235974038951099e-05,3.750459756702184677e-03
1.444000000000000000e+03,2.939771729870699346e-05,3.809542628005146980e-03
1.445000000000000000e+03,2.935091833933256567e-05,3.842638339847326279e-03
1.446000000000000000e+03,2.930564005509950221e-05,4.010140430182218552e-03
1.447000000000000000e+03,2.925703120126854628e-05,4.256641026586294174e-03
1.448000000000000000e+03,2.917848178185522556e-05,4.648758564144372940e-03
1.449000000000000000e+03,3.039753937628120184e-05,6.614714395254850388e-03
1.450000000000000000e+03,2.915546065196394920e-05,4.865413997322320938e-03
1.451000000000000000e+03,2.906733607233036309e-05,4.915503319352865219e-03
1.452000000000000000e+03,2.895602665375918150e-05,5.000472068786621094e-03
1.453000000000000000e+03,2.915883851528633386e-05,4.225533455610275269e-03
1.454000000000000000e+03,2.892316842917352915e-05,4.766219295561313629e-03
1.455000000000000000e+03,2.886133370338939130e-05,4.620600026100873947e-03
1.456000000000000000e+03,2.876898179238196462e-05,4.400221165269613266e-03
1.457000000000000000e+03,2.867561488528735936e-05,4.294312559068202972e-03
1.458000000000000000e+03,2.854579179256688803e-05,4.317344166338443756e-03
1.459000000000000000e+03,2.829611548804678023e-05,4.311776254326105118e-03
1.460000000000000000e+03,2.806168049573898315e-05,5.850627552717924118e-03
1.461000000000000000e+03,2.808035787893459201e-05,4.739384166896343231e-03
1.462000000000000000e+03,2.787658740999177098e-05,5.277536343783140182e-03
1.463000000000000000e+03,2.778165435302071273e-05,5.054998211562633514e-03
1.464000000000000000e+03,2.752100772340781987e-05,5.347601603716611862e-03
1.465000000000000000e+03,2.740738455031532794e-05,5.699240136891603470e-03
1.466000000000000000e+03,2.731893437157850713e-05,5.899360403418540955e-03
1.467000000000000000e+03,2.719794247241225094e-05,5.874665454030036926e-03
1.468000000000000000e+03,2.711164597712922841e-05,5.600639618933200836e-03
1.469000000000000000e+03,2.704059079405851662e-05,5.227183923125267029e-03
1.470000000000000000e+03,2.699879405554383993e-05,4.951341077685356140e-03
1.471000000000000000e+03,2.695270268304739147e-05,4.574771039187908173e-03
1.472000000000000000e+03,2.691496592888142914e-05,4.445321392267942429e-03
1.473000000000000000e+03,2.686829066078644246e-05,4.290410783141851425e-03
1.474000000000000000e+03,2.681700789253227413e-05,4.246981348842382431e-03
1.475000000000000000e+03,2.674788811418693513e-05,4.194689914584159851e-03
1.476000000000000000e+03,2.667564513103570789e-05,4.158361814916133881e-03
1.477000000000000000e+03,2.663210398168303072e-05,4.267788492143154144e-03
1.478000000000000000e+03,2.659140409377869219e-05,4.179398529231548309e-03
1.479000000000000000e+03,2.653478441061452031e-05,4.038883373141288757e-03
1.480000000000000000e+03,2.649903399287723005e-05,3.736691083759069443e-03
1.481000000000000000e+03,2.643190055096056312e-05,3.789153415709733963e-03
1.482000000000000000e+03,2.636622957652434707e-05,3.874504473060369492e-03
1.483000000000000000e+03,2.629989830893464386e-05,3.922167699784040451e-03
1.484000000000000000e+03,2.623793989187106490e-05,3.929638303816318512e-03
1.485000000000000000e+03,2.875185236916877329e-05,4.896162077784538269e-03
1.486000000000000000e+03,2.622574174893088639e-05,3.996415995061397552e-03
1.487000000000000000e+03,2.619383121782448143e-05,4.028873983770608902e-03
1.488000000000000000e+03,2.616951678646728396e-05,3.995445556938648224e-03
1.489000000000000000e+03,2.612482239783275872e-05,4.012880846858024597e-03
1.490000000000000000e+03,2.606877933430951089e-05,3.900697920471429825e-03
1.491000000000000000e+03,2.603782559162937105e-05,3.940809052437543869e-03
1.492000000000000000e+03,2.600345942482817918e-05,3.953816834837198257e-03
1.493000000000000000e+03,2.597536149551160634e-05,3.964099101722240448e-03
1.494000000000000000e+03,2.595538171590305865e-05,4.002602305263280869e-03
1.495000000000000000e+03,2.593069802969694138e-05,4.055777098983526230e-03
1.496000000000000000e+03,2.591552947706077248e-05,4.108399618417024612e-03
1.497000000000000000e+03,2.589668292785063386e-05,4.101288504898548126e-03
1.498000000000000000e+03,2.588224924693349749e-05,4.134361632168292999e-03
1.499000000000000000e+03,2.586245864222291857e-05,4.073922522366046906e-03
1.500000000000000000e+03,2.584405774541664869e-05,4.058313090354204178e-03
1.501000000000000000e+03,2.581184344307985157e-05,4.013412632048130035e-03
1.502000000000000000e+03,2.579900683485902846e-05,4.041943233460187912e-03
1.503000000000000000e+03,2.575704274931922555e-05,4.046084359288215637e-03
1.504000000000000000e+03,2.571286131569650024e-05,4.023406188935041428e-03
1.505000000000000000e+03,2.565579416113905609e-05,3.934659529477357864e-03
1.506000000000000000e+03,2.561708788562100381e-05,3.948144614696502686e-03
1.507000000000000000e+03,2.558598862378858030e-05,3.976203966885805130e-03
1.508000000000000000e+03,2.554631646489724517e-05,3.964035771787166595e-03
1.509000000000000000e+03,2.546036739659029990e-05,3.965396434068679810e-03
1.510000000000000000e+03,2.534044688218273222e-05,3.864714642986655235e-03
1.511000000000000000e+03,2.531315112719312310e-05,3.634048392996191978e-03
1.512000000000000000e+03,2.520804082450922579e-05,3.695399267598986626e-03
1.513000000000000000e+03,2.517116445233114064e-05,3.773599630221724510e-03
1.514000000000000000e+03,2.513106301194056869e-05,3.801798215135931969e-03
1.515000000000000000e+03,2.507746467017568648e-05,3.912874031811952591e-03
1.516000000000000000e+03,2.593380304460879415e-05,3.551408881321549416e-03
1.517000000000000000e+03,2.505911834305152297e-05,3.859217278659343719e-03
1.518000000000000000e+03,2.564626993262208998e-05,3.288365900516510010e-03
1.519000000000000000e+03,2.504380245227366686e-05,3.759513376280665398e-03
1.520000000000000000e+03,2.498150388419162482e-05,3.959868568927049637e-03
1.521000000000000000e+03,2.492425483069382608e-05,4.180807620286941528e-03
1.522000000000000000e+03,2.489760299795307219e-05,4.331309348344802856e-03
1.523000000000000000e+03,2.487940582795999944e-05,4.492448642849922180e-03
1.524000000000000000e+03,2.479079012118745595e-05,4.337593447417020798e-03
1.525000000000000000e+03,2.472679261700250208e-05,4.298299551010131836e-03
1.526000000000000000e+03,2.465222314640413970e-05,4.335527773946523666e-03
1.527000000000000000e+03,2.456972833897452801e-05,4.523882642388343811e-03
1.528000000000000000e+03,2.447711267450358719e-05,4.759094677865505219e-03
1.529000000000000000e+03,2.439211311866529286e-05,4.966279026120901108e-03
1.530000000000000000e+03,2.433474037388805300e-05,5.237267352640628815e-03
1.531000000000000000e+03,2.426819992251694202e-05,5.097204353660345078e-03
1.532000000000000000e+03,2.420986493234522641e-05,4.913083277642726898e-03
1.533000000000000000e+03,2.416619281575549394e-05,4.690373782068490982e-03
1.534000000000000000e+03,2.414565096842125058e-05,4.739414434880018234e-03
1.535000000000000000e+03,2.408660839137155563e-05,4.464920144528150558e-03
1.536000000000000000e+03,2.405345185252372175e-05,4.388380795717239380e-03
1.537000000000000000e+03,2.402513928245753050e-05,4.368301946669816971e-03
1.538000000000000000e+03,2.400231460342183709e-05,4.361595958471298218e-03
1.539000000000000000e+03,2.399262484686914831e-05,4.316641949117183685e-03
1.540000000000000000e+03,2.397362186457030475e-05,4.345697816461324692e-03
1.541000000000000000e+03,2.395915907982271165e-05,4.399278201162815094e-03
1.542000000000000000e+03,2.394215880485717207e-05,4.581406712532043457e-03
1.543000000000000000e+03,2.392712849541567266e-05,4.657482728362083435e-03
1.544000000000000000e+03,2.390429108345415443e-05,4.759686999022960663e-03
1.545000000000000000e+03,2.387985659879632294e-05,4.673413932323455811e-03
1.546000000000000000e+03,2.385396510362625122e-05,4.360188730061054230e-03
1.547000000000000000e+03,2.383940227446146309e-05,4.159300588071346283e-03
1.548000000000000000e+03,2.381152080488391221e-05,4.108882509171962738e-03
1.549000000000000000e+03,2.377659257035702467e-05,4.061008337885141373e-03
1.550000000000000000e+03,2.373423740209545940e-05,4.020358435809612274e-03
1.551000000000000000e+03,2.367446359130553901e-05,4.060107748955488205e-03
1.552000000000000000e+03,2.363098974456079304e-05,3.975191619247198105e-03
1.553000000000000000e+03,2.359739664825610816e-05,4.096014890819787979e-03
1.554000000000000000e+03,2.356853838136885315e-05,4.166815895587205887e-03
1.555000000000000000e+03,2.351146758883260190e-05,4.212115891277790070e-03
1.556000000000000000e+03,2.343448795727454126e-05,4.292329307645559311e-03
1.557000000000000000e+03,2.329991184524260461e-05,4.135156050324440002e-03
1.558000000000000000e+03,2.318478072993457317e-05,4.051120020449161530e-03
1.559000000000000000e+03,2.309214687556959689e-05,3.870674874633550644e-03
1.560000000000000000e+03,2.305427551618777215e-05,3.852479392662644386e-03
1.561000000000000000e+03,2.300973028468433768e-05,3.861880395561456680e-03
1.562000000000000000e+03,2.295724516443442553e-05,3.872927278280258179e-03
1.563000000000000000e+03,2.292455792485270649e-05,3.836479736492037773e-03
1.564000000000000000e+03,2.286744347657077014e-05,3.669457742944359779e-03
1.565000000000000000e+03,2.323171793250367045e-05,3.335053566843271255e-03
1.566000000000000000e+03,2.285541449964512140e-05,3.603265620768070221e-03
1.567000000000000000e+03,2.278978899994399399e-05,3.334824927151203156e-03
1.568000000000000000e+03,2.275768565596081316e-05,3.213779302313923836e-03
1.569000000000000000e+03,2.273383870488032699e-05,3.129236400127410889e-03
1.570000000000000000e+03,2.272327037644572556e-05,3.128342796117067337e-03
1.571000000000000000e+03,2.272107121825683862e-05,3.056665183976292610e-03
1.572000000000000000e+03,2.271035555168054998e-05,3.082383889704942703e-03
1.573000000000000000e+03,2.269252945552580059e-05,3.102107206359505653e-03
1.574000000000000000e+03,2.267316085635684431e-05,3.152143675833940506e-03
1.575000000000000000e+03,2.265666444145608693e-05,3.243768820539116859e-03
1.576000000000000000e+03,2.262995076307561249e-05,3.170582000166177750e-03
1.577000000000000000e+03,2.259516077174339443e-05,3.114107996225357056e-03
1.578000000000000000e+03,2.255752588098403066e-05,3.139253240078687668e-03
1.579000000000000000e+03,2.250255602120887488e-05,3.268236992880702019e-03
1.580000000000000000e+03,2.259712709928862751e-05,3.404999617487192154e-03
1.581000000000000000e+03,2.248854252684395760e-05,3.301980905234813690e-03
1.582000000000000000e+03,2.246359690616372973e-05,3.374963533133268356e-03
1.583000000000000000e+03,2.243714334326796234e-05,3.452865406870841980e-03
1.584000000000000000e+03,2.241679612779989839e-05,3.489904338493943214e-03
1.585000000000000000e+03,2.240123103547375649e-05,3.525743028149008751e-03
1.586000000000000000e+03,2.239104469481389970e-05,3.532621543854475021e-03
1.587000000000000000e+03,2.237976514152251184e-05,3.556112525984644890e-03
1.588000000000000000e+03,2.236052750959061086e-05,3.512536641210317612e-03
1.589000000000000000e+03,2.234308340121060610e-05,3.643247066065669060e-03
1.590000000000000000e+03,2.234283965663053095e-05,3.504140069708228111e-03
1.591000000000000000e+03,2.232830956927500665e-05,3.570124739781022072e-03
1.592000000000000000e+03,2.230262361990753561e-05,3.657893510535359383e-03
1.593000000000000000e+03,2.251429032185114920e-05,3.584822406992316246e-03
1.594000000000000000e+03,2.229105302831158042e-05,3.641535295173525810e-03
1.595000000000000000e+03,2.231905818916857243e-05,4.101948812603950500e-03
1.596000000000000000e+03,2.227280856459401548e-05,3.807200118899345398e-03
1.597000000000000000e+03,2.224192394351121038e-05,3.892833832651376724e-03
1.598000000000000000e+03,2.221723298134747893e-05,3.951307386159896851e-03
1.599000000000000000e+03,2.215992208220995963e-05,4.136536736041307449e-03
1.600000000000000000e+03,2.212434810644481331e-05,4.241275601089000702e-03
1.601000000000000000e+03,2.210124694101978093e-05,4.407219588756561279e-03
1.602000000000000000e+03,2.206785211456008255e-05,4.380499944090843201e-03
1.603000000000000000e+03,2.204564407293219119e-05,4.168123938143253326e-03
1.604000000000000000e+03,2.202311952714808285e-05,4.126418847590684891e-03
1.605000000000000000e+03,2.199197297159116715e-05,4.124525468796491623e-03
1.606000000000000000e+03,2.196387504227459431e-05,4.123159684240818024e-03
1.607000000000000000e+03,2.194022090407088399e-05,4.087675828486680984e-03
1.608000000000000000e+03,2.193002728745341301e-05,4.075853619724512100e-03
1.609000000000000000e+03,2.192138344980776310e-05,4.053214564919471741e-03
1.610000000000000000e+03,2.191225212300196290e-05,4.037409089505672455e-03
1.611000000000000000e+03,2.190264785895124078e-05,4.014435224235057831e-03
1.612000000000000000e+03,2.188782491430174559e-05,3.936681896448135376e-03
1.613000000000000000e+03,2.187414793297648430e-05,3.777319099754095078e-03
1.614000000000000000e+03,2.183646756748203188e-05,3.727016504853963852e-03
1.615000000000000000e+03,2.179457442252896726e-05,3.586614271625876427e-03
1.616000000000000000e+03,2.175565350626129657e-05,3.273548092693090439e-03
1.617000000000000000e+03,2.170772131648845971e-05,3.298482391983270645e-03
1.618000000000000000e+03,2.164986290154047310e-05,3.285159356892108917e-03
1.619000000000000000e+03,2.160940130124799907e-05,3.248295746743679047e-03
1.620000000000000000e+03,2.155749461962841451e-05,3.174032550305128098e-03
1.621000000000000000e+03,2.153243258362635970e-05,3.145308932289481163e-03
1.622000000000000000e+03,2.150536602130159736e-05,3.167628077790141106e-03
1.623000000000000000e+03,2.148953535652253777e-05,3.204734995961189270e-03
1.624000000000000000e+03,2.147141822206322104e-05,3.191474126651883125e-03
1.625000000000000000e+03,2.145505823136772960e-05,3.195730736479163170e-03
1.626000000000000000e+03,2.144071004295255989e-05,3.214871510863304138e-03
1.627000000000000000e+03,2.142736229870934039e-05,3.222288563847541809e-03
1.628000000000000000e+03,2.143543679267168045e-05,3.286840859800577164e-03
1.629000000000000000e+03,2.141116237908136100e-05,3.249466186389327049e-03
1.630000000000000000e+03,2.138432319043204188e-05,3.271465655416250229e-03
1.631000000000000000e+03,2.135077920684125274e-05,3.242389531806111336e-03
1.632000000000000000e+03,2.132650115527212620e-05,3.210050752386450768e-03
1.633000000000000000e+03,2.128331107087433338e-05,3.234263509511947632e-03
1.634000000000000000e+03,2.127057268808130175e-05,3.054887754842638969e-03
1.635000000000000000e+03,2.123293597833253443e-05,3.184348111972212791e-03
1.636000000000000000e+03,2.121627039741724730e-05,3.269960405305027962e-03
1.637000000000000000e+03,2.119566124747507274e-05,3.332325723022222519e-03
1.638000000000000000e+03,2.117487565556075424e-05,3.391464473679661751e-03
1.639000000000000000e+03,2.115598726959433407e-05,3.375958185642957687e-03
1.640000000000000000e+03,2.119279997714329511e-05,3.400616114959120750e-03
1.641000000000000000e+03,2.114760536642279476e-05,3.382583381608128548e-03
1.642000000000000000e+03,2.112357469741255045e-05,3.323468612506985664e-03
1.643000000000000000e+03,2.108849002979695797e-05,3.311827545985579491e-03
1.644000000000000000e+03,2.105681778630241752e-05,3.331643063575029373e-03
1.645000000000000000e+03,2.114157177857123315e-05,3.506759647279977798e-03
1.646000000000000000e+03,2.104963277815841138e-05,3.365647047758102417e-03
1.647000000000000000e+03,2.102619328070431948e-05,3.523768158629536629e-03
1.648000000000000000e+03,2.100784149661194533e-05,3.578122705221176147e-03
1.649000000000000000e+03,2.099555240420158952e-05,3.574814880266785622e-03
1.650000000000000000e+03,2.098071672662626952e-05,3.603912889957427979e-03
1.651000000000000000e+03,2.096675234497524798e-05,3.602883312851190567e-03
1.652000000000000000e+03,2.094499177474062890e-05,3.538838587701320648e-03
1.653000000000000000e+03,2.093073817377444357e-05,3.469916060566902161e-03
1.654000000000000000e+03,2.091088026645593345e-05,3.324129385873675346e-03
1.655000000000000000e+03,2.089607733068987727e-05,3.260337747633457184e-03
1.656000000000000000e+03,2.087709617626387626e-05,3.172500291839241982e-03
1.657000000000000000e+03,2.086176573357079178e-05,3.126543713733553886e-03
1.658000000000000000e+03,2.084234620269853622e-05,3.076251130551099777e-03
1.659000000000000000e+03,2.082310675177723169e-05,3.052713349461555481e-03
1.660000000000000000e+03,2.080010381177999079e-05,3.060400253161787987e-03
1.661000000000000000e+03,2.076173768728040159e-05,3.103255759924650192e-03
1.662000000000000000e+03,2.072273491648957133e-05,3.165059722959995270e-03
1.663000000000000000e+03,2.066110209852922708e-05,3.237160854041576385e-03
1.664000000000000000e+03,2.061665145447477698e-05,3.235209034755825996e-03
1.665000000000000000e+03,2.057706842606421560e-05,3.212534124031662941e-03
1.666000000000000000e+03,2.055535151157528162e-05,3.208644222468137741e-03
1.667000000000000000e+03,2.051849696727003902e-05,3.192386822775006294e-03
1.668000000000000000e+03,2.046180816250853240e-05,3.193238517269492149e-03
1.669000000000000000e+03,2.040397339442279190e-05,3.249426838010549545e-03
1.670000000000000000e+03,2.063859210466034710e-05,3.119434928521513939e-03
1.671000000000000000e+03,2.039678838627878577e-05,3.222537226974964142e-03
1.672000000000000000e+03,2.034753379120957106e-05,3.349435748532414436e-03
1.673000000000000000e+03,2.037517879216466099e-05,3.325503785163164139e-03
1.674000000000000000e+03,2.033125019806902856e-05,3.338731126859784126e-03
1.675000000000000000e+03,2.030590621870942414e-05,3.337319009006023407e-03
1.676000000000000000e+03,2.027502705459482968e-05,3.360890317708253860e-03
1.677000000000000000e+03,2.025879439315758646e-05,3.348998026922345161e-03
1.678000000000000000e+03,2.023058368649799377e-05,3.362344345077872276e-03
1.679000000000000000e+03,2.021120781137142330e-05,3.371357452124357224e-03
1.680000000000000000e+03,2.018858685914892703e-05,3.358068410307168961e-03
1.681000000000000000e+03,2.017172664636746049e-05,3.387985052540898323e-03
1.682000000000000000e+03,2.015862810367252678e-05,3.344292752444744110e-03
1.683000000000000000e+03,2.014134042838122696e-05,3.334081731736660004e-03
1.684000000000000000e+03,2.012149525398854166e-05,3.285194514319300652e-03
1.685000000000000000e+03,2.010359821724705398e-05,3.311370499432086945e-03
1.686000000000000000e+03,2.008650335483253002e-05,3.309781430289149284e-03
1.687000000000000000e+03,2.007464354392141104e-05,3.361092181876301765e-03
1.688000000000000000e+03,2.005480928346514702e-05,3.427162300795316696e-03
1.689000000000000000e+03,2.003220106416847557e-05,3.449239069595932961e-03
1.690000000000000000e+03,2.001822031161282212e-05,3.512445371598005295e-03
1.691000000000000000e+03,1.998427251237444580e-05,3.519620746374130249e-03
1.692000000000000000e+03,1.995798629650380462e-05,3.457851475104689598e-03
1.693000000000000000e+03,1.991114186239428818e-05,3.364081494510173798e-03
1.694000000000000000e+03,1.988125768548343331e-05,3.356477012857794762e-03
1.695000000000000000e+03,1.982333196792751551e-05,3.376563778147101402e-03
1.696000000000000000e+03,1.989138036151416600e-05,3.259266726672649384e-03
1.697000000000000000e+03,1.979615626623854041e-05,3.332772525027394295e-03
1.698000000000000000e+03,2.002273686230182648e-05,3.225458785891532898e-03
1.699000000000000000e+03,1.976167004613671452e-05,3.294730558991432190e-03
1.700000000000000000e+03,1.972036079678218812e-05,3.330565756186842918e-03
1.701000000000000000e+03,1.968457945622503757e-05,3.381151007488369942e-03
1.702000000000000000e+03,1.966308445844333619e-05,3.409747499972581863e-03
1.703000000000000000e+03,1.963385511771775782e-05,3.488448681309819221e-03
1.704000000000000000e+03,1.960833833436481655e-05,3.588295308873057365e-03
1.705000000000000000e+03,1.957463973667472601e-05,3.810909576714038849e-03
1.706000000000000000e+03,1.954619801836088300e-05,3.984699957072734833e-03
1.707000000000000000e+03,1.951810918399132788e-05,4.166342318058013916e-03
1.708000000000000000e+03,1.950305340869817883e-05,4.189702682197093964e-03
1.709000000000000000e+03,1.948620410985313356e-05,4.136070143431425095e-03
1.710000000000000000e+03,1.947232522070407867e-05,4.059837199747562408e-03
1.711000000000000000e+03,1.946289376064669341e-05,3.970531746745109558e-03
1.712000000000000000e+03,1.945311669260263443e-05,3.892953973263502121e-03
1.713000000000000000e+03,1.943999086506664753e-05,3.831458510830998421e-03
1.714000000000000000e+03,1.942828384926542640e-05,3.712583798915147781e-03
1.715000000000000000e+03,1.945256371982395649e-05,3.878620453178882599e-03
1.716000000000000000e+03,1.942093331308569759e-05,3.765892004594206810e-03
1.717000000000000000e+03,1.940595939231570810e-05,3.936815075576305389e-03
1.718000000000000000e+03,1.939452886290382594e-05,4.015867598354816437e-03
1.719000000000000000e+03,1.938375135068781674e-05,4.122794605791568756e-03
1.720000000000000000e+03,1.942337621585465968e-05,4.441017750650644302e-03
1.721000000000000000e+03,1.937964771059341729e-05,4.194901324808597565e-03
1.722000000000000000e+03,1.936431181093212217e-05,4.262503702193498611e-03
1.723000000000000000e+03,1.933274143084418029e-05,4.355273209512233734e-03
1.724000000000000000e+03,1.931449514813721180e-05,4.304603207856416702e-03
1.725000000000000000e+03,1.929151221702340990e-05,4.239981528371572495e-03
1.726000000000000000e+03,1.927226549014449120e-05,4.138656891882419586e-03
1.727000000000000000e+03,1.925622927956283092e-05,4.055415280163288116e-03
1.728000000000000000e+03,1.923326453834306449e-05,4.012261517345905304e-03
1.729000000000000000e+03,1.920451722980942577e-05,4.034572280943393707e-03
1.730000000000000000e+03,1.916495057230349630e-05,4.039397463202476501e-03
1.731000000000000000e+03,1.912869811349082738e-05,4.009865224361419678e-03
1.732000000000000000e+03,1.996604623855091631e-05,3.672529710456728935e-03
1.733000000000000000e+03,1.912037805595900863e-05,3.972914069890975952e-03
1.734000000000000000e+03,1.913145752041600645e-05,3.740775398910045624e-03
1.735000000000000000e+03,1.910142236738465726e-05,3.865549340844154358e-03
1.736000000000000000e+03,1.907216392282862216e-05,3.851190675050020218e-03
1.737000000000000000e+03,1.902621079352684319e-05,3.873295849189162254e-03
1.738000000000000000e+03,1.896531466627493501e-05,3.980143461376428604e-03
1.739000000000000000e+03,1.888903170765843242e-05,4.069227725267410278e-03
1.740000000000000000e+03,1.881739080999977887e-05,4.315849859267473221e-03
1.741000000000000000e+03,1.875304951681755483e-05,4.342780448496341705e-03
1.742000000000000000e+03,1.869109655672218651e-05,4.241609480232000351e-03
1.743000000000000000e+03,1.863644138211384416e-05,4.219592548906803131e-03
1.744000000000000000e+03,1.857020470197312534e-05,4.010995849967002869e-03
1.745000000000000000e+03,1.849946966103743762e-05,3.926779143512248993e-03
1.746000000000000000e+03,1.843835343606770039e-05,3.879771102219820023e-03
1.747000000000000000e+03,1.839413380366750062e-05,3.897161455824971199e-03
1.748000000000000000e+03,1.834705290093552321e-05,4.075770266354084015e-03
1.749000000000000000e+03,1.831686677178367972e-05,4.117410164326429367e-03
1.750000000000000000e+03,1.829118809837382287e-05,4.053389653563499451e-03
1.751000000000000000e+03,1.826357402023859322e-05,3.968385048210620880e-03
1.752000000000000000e+03,1.823118873289786279e-05,3.772031050175428391e-03
1.753000000000000000e+03,1.820592660806141794e-05,3.612247528508305550e-03
1.754000000000000000e+03,1.818897544580977410e-05,3.556490642949938774e-03
1.755000000000000000e+03,1.817399606807157397e-05,3.545151790603995323e-03
1.756000000000000000e+03,1.815851646824739873e-05,3.547045402228832245e-03
1.757000000000000000e+03,1.816936310206074268e-05,3.647357458248734474e-03
1.758000000000000000e+03,1.814710230974014848e-05,3.586542326956987381e-03
1.759000000000000000e+03,1.814982169889844954e-05,3.874365007504820824e-03
1.760000000000000000e+03,1.812688424251973629e-05,3.719192696735262871e-03
1.761000000000000000e+03,1.810267349355854094e-05,3.762640524655580521e-03
1.762000000000000000e+03,1.806799991754814982e-05,3.911799285560846329e-03
1.763000000000000000e+03,1.805363717721775174e-05,3.989795688539743423e-03
1.764000000000000000e+03,1.804074418032541871e-05,4.086419008672237396e-03
1.765000000000000000e+03,1.803411032597068697e-05,4.120889585465192795e-03
1.766000000000000000e+03,1.802431870601139963e-05,4.167384933680295944e-03
1.767000000000000000e+03,1.801467624318320304e-05,4.181735217571258545e-03
1.768000000000000000e+03,1.800386962713673711e-05,4.225209821015596390e-03
1.769000000000000000e+03,1.801246435206849128e-05,4.267038311809301376e-03
1.770000000000000000e+03,1.799842539185192436e-05,4.241337999701499939e-03
1.771000000000000000e+03,1.798973607947118580e-05,4.314872901886701584e-03
1.772000000000000000e+03,1.798093398974742740e-05,4.333930090069770813e-03
1.773000000000000000e+03,1.796669494069647044e-05,4.413319285959005356e-03
1.774000000000000000e+03,1.795363095880020410e-05,4.434749484062194824e-03
1.775000000000000000e+03,1.794943455024622381e-05,4.820144735276699066e-03
1.776000000000000000e+03,1.793044611986260861e-05,4.624545108526945114e-03
1.777000000000000000e+03,1.792255716281943023e-05,4.588773939758539200e-03
1.778000000000000000e+03,1.791495014913380146e-05,4.627852700650691986e-03
1.779000000000000000e+03,1.793311275832820684e-05,4.833067301660776138e-03
1.780000000000000000e+03,1.790910027921199799e-05,4.696789197623729706e-03
1.781000000000000000e+03,1.789693124010227621e-05,4.805635195225477219e-03
1.782000000000000000e+03,1.788720328477211297e-05,4.907295107841491699e-03
1.783000000000000000e+03,1.786175926099531353e-05,5.167824216187000275e-03
1.784000000000000000e+03,1.785106360330246389e-05,5.244443658739328384e-03
1.785000000000000000e+03,1.783910010999534279e-05,5.268436856567859650e-03
1.786000000000000000e+03,1.783187326509505510e-05,5.183129571378231049e-03
1.787000000000000000e+03,1.780362617864739150e-05,5.153377074748277664e-03
1.788000000000000000e+03,1.777672696334775537e-05,5.067664198577404022e-03
1.789000000000000000e+03,1.774713564373087138e-05,4.909616895020008087e-03
1.790000000000000000e+03,1.770662493072450161e-05,4.680811427533626556e-03
1.791000000000000000e+03,1.766532295732758939e-05,4.359017591923475266e-03
1.792000000000000000e+03,1.763302498147822917e-05,4.068272188305854797e-03
1.793000000000000000e+03,1.759743099682964385e-05,3.807458793744444847e-03
1.794000000000000000e+03,1.757623613229952753e-05,3.502367995679378510e-03
1.795000000000000000e+03,1.754647564666811377e-05,3.586904611438512802e-03
1.796000000000000000e+03,1.752647222019731998e-05,3.537049982696771622e-03
1.797000000000000000e+03,1.750101728248409927e-05,3.392198821529746056e-03
1.798000000000000000e+03,1.744672226777765900e-05,3.033540677279233932e-03
1.799000000000000000e+03,1.746505949995480478e-05,2.979281125590205193e-03
1.800000000000000000e+03,1.742354106681887060e-05,3.006838727742433548e-03
1.801000000000000000e+03,1.736190824885852635e-05,2.760880161076784134e-03
1.802000000000000000e+03,1.732619421090930700e-05,2.784977667033672333e-03
1.803000000000000000e+03,1.726047230476979166e-05,2.938606310635805130e-03
1.804000000000000000e+03,1.722483102639671415e-05,3.039068542420864105e-03
1.805000000000000000e+03,1.718048406473826617e-05,2.996649825945496559e-03
1.806000000000000000e+03,1.711618097033351660e-05,3.057343652471899986e-03
1.807000000000000000e+03,1.704348687781020999e-05,3.059207694604992867e-03
1.808000000000000000e+03,1.698132473393343389e-05,3.107289550825953484e-03
1.809000000000000000e+03,1.693203012109734118e-05,3.120732260867953300e-03
1.810000000000000000e+03,1.690042881818953902e-05,3.110771067440509796e-03
1.811000000000000000e+03,1.687092662905342877e-05,3.050014376640319824e-03
1.812000000000000000e+03,1.684160451986826956e-05,2.943730913102626801e-03
1.813000000000000000e+03,1.680825698713306338e-05,2.833083504810929298e-03
1.814000000000000000e+03,1.678277476457878947e-05,2.769381273537874222e-03
1.815000000000000000e+03,1.675656494626309723e-05,2.748576691374182701e-03
1.816000000000000000e+03,1.673634324106387794e-05,2.746727783232927322e-03
1.817000000000000000e+03,1.671231621003244072e-05,2.767604077234864235e-03
1.818000000000000000e+03,1.668574077484663576e-05,2.777764806523919106e-03
1.819000000000000000e+03,1.667468859523069113e-05,2.746259095147252083e-03
1.820000000000000000e+03,1.664475348661653697e-05,2.753746230155229568e-03
1.821000000000000000e+03,1.662794420553836972e-05,2.748373430222272873e-03
1.822000000000000000e+03,1.660375710343942046e-05,2.754120621830224991e-03
1.823000000000000000e+03,1.659101144468877465e-05,2.762292511761188507e-03
1.824000000000000000e+03,1.656883250689134002e-05,2.765689743682742119e-03
1.825000000000000000e+03,1.654168045206461102e-05,2.755850553512573242e-03
1.826000000000000000e+03,1.651213460718281567e-05,2.759987488389015198e-03
1.827000000000000000e+03,1.647916724323295057e-05,2.807525685057044029e-03
1.828000000000000000e+03,1.644626354391220957e-05,2.924275351688265800e-03
1.829000000000000000e+03,1.643345603952184319e-05,2.960992045700550079e-03
1.830000000000000000e+03,1.640950176806654781e-05,3.031455446034669876e-03
1.831000000000000000e+03,1.639314177737105638e-05,2.998274285346269608e-03
1.832000000000000000e+03,1.638290268601849675e-05,3.000736003741621971e-03
1.833000000000000000e+03,1.636985689401626587e-05,3.049033693969249725e-03
1.834000000000000000e+03,1.634980253584217280e-05,3.202168503776192665e-03
1.835000000000000000e+03,1.632755083846859634e-05,3.422009292989969254e-03
1.836000000000000000e+03,1.629586586204823107e-05,3.620816627517342567e-03
1.837000000000000000e+03,1.626370976737234741e-05,3.608859144151210785e-03
1.838000000000000000e+03,1.622779382159933448e-05,3.550041932612657547e-03
1.839000000000000000e+03,1.623581920284777880e-05,3.956880886107683182e-03
1.840000000000000000e+03,1.620257899048738182e-05,3.732141572982072830e-03
1.841000000000000000e+03,1.616480767552275211e-05,3.784392960369586945e-03
1.842000000000000000e+03,1.617864290892612189e-05,3.735275240615010262e-03
1.843000000000000000e+03,1.615343535377178341e-05,3.763566724956035614e-03
1.844000000000000000e+03,1.613577478565275669e-05,3.930294420570135117e-03
1.845000000000000000e+03,1.612371124792844057e-05,4.086539149284362793e-03
1.846000000000000000e+03,1.611179141036700457e-05,4.245274234563112259e-03
1.847000000000000000e+03,1.609959508641622961e-05,4.344269167631864548e-03
1.848000000000000000e+03,1.609220998943783343e-05,4.331553820520639420e-03
1.849000000000000000e+03,1.608614911674521863e-05,4.275392740964889526e-03
1.850000000000000000e+03,1.607471676834393293e-05,4.309644456952810287e-03
1.851000000000000000e+03,1.605822035344317555e-05,4.472138360142707825e-03
1.852000000000000000e+03,1.604403769306372851e-05,4.653034266084432602e-03
1.853000000000000000e+03,1.609651917533483356e-05,5.523464176803827286e-03
1.854000000000000000e+03,1.603133205207996070e-05,4.913517739623785019e-03
1.855000000000000000e+03,1.601848271093331277e-05,4.919291008263826370e-03
1.856000000000000000e+03,1.600202631379943341e-05,4.955172073096036911e-03
1.857000000000000000e+03,1.599302049726247787e-05,4.925788845866918564e-03
1.858000000000000000e+03,1.598010749148670584e-05,4.818552173674106598e-03
1.859000000000000000e+03,1.598210837983060628e-05,4.766079597175121307e-03
1.860000000000000000e+03,1.597205482539720833e-05,4.793494474142789841e-03
1.861000000000000000e+03,1.596166839590296149e-05,4.597297403961420059e-03
1.862000000000000000e+03,1.594905370438937098e-05,4.434833768755197525e-03
1.863000000000000000e+03,1.594017339812126011e-05,4.341084044426679611e-03
1.864000000000000000e+03,1.592155604157596827e-05,4.238289780914783478e-03
1.865000000000000000e+03,1.589868043083697557e-05,4.074021708220243454e-03
1.866000000000000000e+03,1.588025770615786314e-05,4.066263791173696518e-03
1.867000000000000000e+03,1.586359212524257600e-05,3.977069631218910217e-03
1.868000000000000000e+03,1.584865458426065743e-05,3.965737763792276382e-03
1.869000000000000000e+03,1.583190532983280718e-05,3.853264031931757927e-03
1.870000000000000000e+03,1.581377182446885854e-05,3.734298981726169586e-03
1.871000000000000000e+03,1.580142816237639636e-05,3.507542423903942108e-03
1.872000000000000000e+03,1.577995135448873043e-05,3.560075303539633751e-03
1.873000000000000000e+03,1.575883470650296658e-05,3.627838334068655968e-03
1.874000000000000000e+03,1.573347799421753734e-05,3.672874998301267624e-03
1.875000000000000000e+03,1.570778113091364503e-05,3.751715878024697304e-03
1.876000000000000000e+03,1.569064079376403242e-05,3.829111810773611069e-03
1.877000000000000000e+03,1.567618710396345705e-05,3.873018315061926842e-03
1.878000000000000000e+03,1.566606078995391726e-05,3.926520235836505890e-03
1.879000000000000000e+03,1.565573256812058389e-05,3.935717511922121048e-03
1.880000000000000000e+03,1.564224658068269491e-05,4.105539061129093170e-03
1.881000000000000000e+03,1.564157901157159358e-05,4.091197159141302109e-03
1.882000000000000000e+03,1.562429497425910085e-05,4.097465425729751587e-03
1.883000000000000000e+03,1.560425153002142906e-05,4.119926132261753082e-03
1.884000000000000000e+03,1.557614996272604913e-05,4.171133972704410553e-03
1.885000000000000000e+03,1.553286347188986838e-05,4.239811562001705170e-03
1.886000000000000000e+03,1.549034095660317689e-05,4.490535706281661987e-03
1.887000000000000000e+03,1.544410042697563767e-05,4.711530171334743500e-03
1.888000000000000000e+03,1.538536162115633488e-05,5.045237950980663300e-03
1.889000000000000000e+03,1.538303695269860327e-05,4.585344344377517700e-03
1.890000000000000000e+03,1.534492548671551049e-05,4.807249177247285843e-03
1.891000000000000000e+03,1.528666143713053316e-05,4.859403241425752640e-03
1.892000000000000000e+03,1.523739683761959895e-05,4.800111521035432816e-03
1.893000000000000000e+03,1.520083515060832724e-05,4.547279328107833862e-03
1.894000000000000000e+03,1.516355041530914605e-05,4.329064395278692245e-03
1.895000000000000000e+03,1.513122970209224150e-05,4.085909575223922729e-03
1.896000000000000000e+03,1.509682533651357517e-05,4.092923831194639206e-03
1.897000000000000000e+03,1.506933404016308486e-05,4.151137080043554306e-03
1.898000000000000000e+03,1.505175532656721771e-05,4.332800861448049545e-03
1.899000000000000000e+03,1.503252951806643978e-05,4.402087070047855377e-03
1.900000000000000000e+03,1.501402039139065892e-05,4.405076149851083755e-03
1.901000000000000000e+03,1.503082876297412440e-05,4.456893075257539749e-03
1.902000000000000000e+03,1.500837788626085967e-05,4.421788267791271210e-03
1.903000000000000000e+03,1.641331800783518702e-05,3.927175421267747879e-03
1.904000000000000000e+03,1.500480357208289206e-05,4.390035290271043777e-03
1.905000000000000000e+03,1.505362797615816817e-05,4.347933921962976456e-03
1.906000000000000000e+03,1.500060625403421000e-05,4.380705766379833221e-03
1.907000000000000000e+03,1.498502297181403264e-05,4.221654962748289108e-03
1.908000000000000000e+03,1.496974255132954568e-05,3.974215127527713776e-03
1.909000000000000000e+03,1.495261676609516144e-05,3.796688979491591454e-03
1.910000000000000000e+03,1.492623778176493943e-05,3.551775123924016953e-03
1.911000000000000000e+03,1.490397971792845055e-05,3.430219832807779312e-03
1.912000000000000000e+03,1.488323141529690474e-05,3.420128719881176949e-03
1.913000000000000000e+03,1.488002089899964631e-05,3.367984667420387268e-03
1.914000000000000000e+03,1.484594758949242532e-05,3.444236470386385918e-03
1.915000000000000000e+03,1.482572770328260958e-05,3.450934775173664093e-03
1.916000000000000000e+03,1.479432194173568860e-05,3.210068214684724808e-03
1.917000000000000000e+03,1.476682155043818057e-05,3.054599743336439133e-03
1.918000000000000000e+03,1.474120745115214959e-05,2.968243323266506195e-03
1.919000000000000000e+03,1.471933956054272130e-05,2.783735748380422592e-03
1.920000000000000000e+03,1.469563449063571170e-05,2.825725590810179710e-03
1.921000000000000000e+03,1.467062975279986858e-05,2.938817022368311882e-03
1.922000000000000000e+03,1.465329387428937480e-05,2.967183012515306473e-03
1.923000000000000000e+03,1.463499575038440526e-05,3.014459041878581047e-03
1.924000000000000000e+03,1.461209194530965760e-05,3.015228314325213432e-03
1.925000000000000000e+03,1.467878064431715757e-05,2.821306232362985611e-03
1.926000000000000000e+03,1.460011753806611523e-05,2.952808281406760216e-03
1.927000000000000000e+03,1.456075551686808467e-05,2.967619104310870171e-03
1.928000000000000000e+03,1.453555705666076392e-05,2.927278634160757065e-03
1.929000000000000000e+03,1.450730451324488968e-05,2.956101438030600548e-03
1.930000000000000000e+03,1.448758393962634727e-05,2.949479036033153534e-03
1.931000000000000000e+03,1.446937767468625680e-05,2.991861896589398384e-03
1.932000000000000000e+03,1.445125963073223829e-05,2.979888115078210831e-03
1.933000000000000000e+03,1.443897963326890022e-05,2.987759420648217201e-03
1.934000000000000000e+03,1.442690245312405750e-05,2.970556495711207390e-03
1.935000000000000000e+03,1.444527060812106356e-05,2.929706126451492310e-03
1.936000000000000000e+03,1.441625681763980538e-05,2.953822026029229164e-03
1.937000000000000000e+03,1.440188043488888070e-05,2.984141465276479721e-03
1.938000000000000000e+03,1.437589162378571928e-05,3.050129394978284836e-03
1.939000000000000000e+03,1.436825004930142313e-05,3.107167547568678856e-03
1.940000000000000000e+03,1.435145895811729133e-05,3.201952436938881874e-03
1.941000000000000000e+03,1.434121077181771398e-05,3.222318831831216812e-03
1.942000000000000000e+03,1.432991302863229066e-05,3.192594507709145546e-03
1.943000000000000000e+03,1.432036151527427137e-05,3.165908390656113625e-03
1.944000000000000000e+03,1.431323471479117870e-05,3.104058094322681427e-03
1.945000000000000000e+03,1.434844307368621230e-05,3.317690920084714890e-03
1.946000000000000000e+03,1.430343672836897895e-05,3.167045535519719124e-03
1.947000000000000000e+03,1.428739324182970449e-05,3.186627523973584175e-03
1.948000000000000000e+03,1.425709251634543762e-05,3.274048445746302605e-03
1.949000000000000000e+03,1.432355020369868726e-05,3.190129762515425682e-03
1.950000000000000000e+03,1.424443053110735491e-05,3.248550696298480034e-03
1.951000000000000000e+03,1.422907553205732256e-05,3.267291700467467308e-03
1.952000000000000000e+03,1.420322405465412885e-05,3.064818214625120163e-03
1.953000000000000000e+03,1.418608917447272688e-05,3.082625800743699074e-03
1.954000000000000000e+03,1.415797578374622390e-05,3.004352794960141182e-03
1.955000000000000000e+03,1.413612244505202398e-05,2.944792853668332100e-03
1.956000000000000000e+03,1.412075380358146504e-05,2.905468689277768135e-03
1.957000000000000000e+03,1.410930053680203855e-05,2.885890193283557892e-03
1.958000000000000000e+03,1.409908600180642679e-05,2.922014100477099419e-03
1.959000000000000000e+03,1.408390835422324017e-05,2.971367212012410164e-03
1.960000000000000000e+03,1.406957562721800059e-05,3.054056549444794655e-03
1.961000000000000000e+03,1.408236767019843683e-05,3.173890057951211929e-03
1.962000000000000000e+03,1.405540024279616773e-05,3.102927934378385544e-03
1.963000000000000000e+03,1.404095928592141718e-05,3.055369248613715172e-03
1.964000000000000000e+03,1.400967448716983199e-05,2.987218322232365608e-03
1.965000000000000000e+03,1.398686345055466518e-05,2.973245689645409584e-03
1.966000000000000000e+03,1.395319213770562783e-05,3.015531459823250771e-03
1.967000000000000000e+03,1.399875145580153912e-05,2.782122464850544930e-03
1.968000000000000000e+03,1.394068203808274120e-05,2.930266316980123520e-03
1.969000000000000000e+03,1.392078411299735308e-05,2.922810148447751999e-03
1.970000000000000000e+03,1.389149019814794883e-05,2.898351754993200302e-03
1.971000000000000000e+03,1.387189240631414577e-05,2.846964634954929352e-03
1.972000000000000000e+03,1.384950155625119805e-05,2.778291236609220505e-03
1.973000000000000000e+03,1.382393384119495749e-05,2.721319207921624184e-03
1.974000000000000000e+03,1.379625609843060374e-05,2.685080980882048607e-03
1.975000000000000000e+03,1.375854662910569459e-05,2.683756873011589050e-03
1.976000000000000000e+03,1.371272537653567269e-05,2.662990009412169456e-03
1.977000000000000000e+03,1.374531439068960026e-05,2.779977163299918175e-03
1.978000000000000000e+03,1.368089579045772552e-05,2.698350232094526291e-03
1.979000000000000000e+03,1.364513082080520689e-05,2.699674339964985847e-03
1.980000000000000000e+03,1.358107965643284842e-05,2.666053595021367073e-03
1.981000000000000000e+03,1.355587573925731704e-05,2.672262489795684814e-03
1.982000000000000000e+03,1.352832896373001859e-05,2.622717991471290588e-03
1.983000000000000000e+03,1.351056198473088443e-05,2.609441522508859634e-03
1.984000000000000000e+03,1.349202648270875216e-05,2.617735648527741432e-03
1.985000000000000000e+03,1.346456519968342036e-05,2.633487572893500328e-03
1.986000000000000000e+03,1.344661268376512453e-05,2.662671962752938271e-03
1.987000000000000000e+03,1.342447103525046259e-05,2.672698348760604858e-03
1.988000000000000000e+03,1.341255392617313191e-05,2.722601406276226044e-03
1.989000000000000000e+03,1.338906258752103895e-05,2.688588574528694153e-03
1.990000000000000000e+03,1.337554567726328969e-05,2.682797843590378761e-03
1.991000000000000000e+03,1.335721117357024923e-05,2.702994039282202721e-03
1.992000000000000000e+03,1.359697125735692680e-05,2.728495514020323753e-03
1.993000000000000000e+03,1.334862463409081101e-05,2.704673446714878082e-03
1.994000000000000000e+03,1.333273849013494328e-05,2.741584088653326035e-03
1.995000000000000000e+03,1.331347539235139266e-05,2.833694452419877052e-03
1.996000000000000000e+03,1.330443319602636620e-05,2.844923641532659531e-03
1.997000000000000000e+03,1.329501901636831462e-05,2.847569994628429413e-03
1.998000000000000000e+03,1.328087728325044736e-05,2.786487573757767677e-03
1.999000000000000000e+03,1.326861638517584652e-05,2.737997565418481827e-03
2.000000000000000000e+03,1.324690492765512317e-05,2.705442253500223160e-03
2.001000000000000000e+03,1.322010029980447143e-05,2.756199799478054047e-03
2.002000000000000000e+03,1.320613864663755521e-05,2.794220112264156342e-03
2.003000000000000000e+03,1.319672810495831072e-05,2.913790522143244743e-03
2.004000000000000000e+03,1.318892009294359013e-05,2.900492632761597633e-03
2.005000000000000000e+03,1.318047088716411963e-05,2.898101694881916046e-03
2.006000000000000000e+03,1.317105216003255919e-05,2.914690179750323296e-03
2.007000000000000000e+03,1.315756435360526666e-05,2.936363685876131058e-03
2.008000000000000000e+03,1.314626661041984335e-05,2.920929808169603348e-03
2.009000000000000000e+03,1.316699672315735370e-05,3.067845012992620468e-03
2.010000000000000000e+03,1.314293785981135443e-05,2.959570614621043205e-03
2.011000000000000000e+03,1.313793109147809446e-05,2.951944945380091667e-03
2.012000000000000000e+03,1.313277880399255082e-05,2.961785532534122467e-03
2.013000000000000000e+03,1.312628410232719034e-05,2.963894046843051910e-03
2.014000000000000000e+03,1.311284540861379355e-05,2.984772669151425362e-03
2.015000000000000000e+03,1.309829531237483025e-05,2.969717839732766151e-03
2.016000000000000000e+03,1.308190348936477676e-05,2.973690629005432129e-03
2.017000000000000000e+03,1.306703234149608761e-05,2.960787387564778328e-03
2.018000000000000000e+03,1.305359182879328728e-05,2.908646594732999802e-03
2.019000000000000000e+03,1.304387842537835240e-05,2.999601885676383972e-03
2.020000000000000000e+03,1.303279987041605636e-05,2.934112912043929100e-03
2.021000000000000000e+03,1.301975589740322903e-05,2.882800297811627388e-03
2.022000000000000000e+03,1.301149950450053439e-05,2.880432177335023880e-03
2.023000000000000000e+03,1.300079748034477234e-05,2.929510083049535751e-03
2.024000000000000000e+03,1.300466192333260551e-05,2.986080711707472801e-03
2.025000000000000000e+03,1.299289579037576914e-05,2.954470226541161537e-03
2.026000000000000000e+03,1.298356892220908776e-05,2.944420091807842255e-03
2.027000000000000000e+03,1.297218386753229424e-05,3.028407925739884377e-03
2.028000000000000000e+03,1.295654328714590520e-05,3.033285960555076599e-03
2.029000000000000000e+03,1.294180947297718376e-05,3.026599064469337463e-03
2.030000000000000000e+03,1.292093111260328442e-05,3.074348671361804008e-03
2.031000000000000000e+03,1.290789623453747481e-05,3.114249324426054955e-03
2.032000000000000000e+03,1.288372004637494683e-05,3.408460877835750580e-03
2.033000000000000000e+03,1.287157920160098001e-05,3.257741220295429230e-03
2.034000000000000000e+03,1.285433882003417239e-05,3.394092433154582977e-03
2.035000000000000000e+03,1.284156587644247338e-05,3.418291918933391571e-03
2.036000000000000000e+03,1.283295659959549084e-05,3.389924531802535057e-03
2.037000000000000000e+03,1.281915956496959552e-05,3.308044513687491417e-03
2.038000000000000000e+03,1.280218657484510913e-05,3.179612336680293083e-03
2.039000000000000000e+03,1.280483229493256658e-05,3.121468238532543182e-03
2.040000000000000000e+03,1.279262505704537034e-05,3.151460783556103706e-03
2.041000000000000000e+03,1.279875141335651278e-05,2.686537802219390869e-03
2.042000000000000000e+03,1.277794399356935173e-05,2.912054769694805145e-03
2.043000000000000000e+03,1.276878356293309480e-05,2.906297100707888603e-03
2.044000000000000000e+03,1.275519207410980016e-05,2.904440974816679955e-03
2.045000000000000000e+03,1.273999987461138517e-05,2.842957386747002602e-03
2.046000000000000000e+03,1.271693326998502016e-05,2.785204444080591202e-03
2.047000000000000000e+03,1.269501899514580145e-05,2.765313722193241119e-03
2.048000000000000000e+03,1.269131280423607677e-05,2.766832243651151657e-03
2.049000000000000000e+03,1.266908111574593931e-05,2.923610387369990349e-03
2.050000000000000000e+03,1.263293233932927251e-05,3.053741529583930969e-03
2.051000000000000000e+03,1.261958095710724592e-05,3.091495949774980545e-03
2.052000000000000000e+03,1.260034696315415204e-05,3.106183139607310295e-03
2.053000000000000000e+03,1.257588064618175849e-05,3.206644207239151001e-03
2.054000000000000000e+03,1.268645610252860934e-05,2.866061870008707047e-03
2.055000000000000000e+03,1.255911138287046924e-05,3.110685851424932480e-03
2.056000000000000000e+03,1.253172558790538460e-05,3.206032793968915939e-03
2.057000000000000000e+03,1.250601962965447456e-05,3.029683837667107582e-03
2.058000000000000000e+03,1.248524131369777024e-05,2.740539377555251122e-03
2.059000000000000000e+03,1.246923693543067202e-05,2.643632004037499428e-03
2.060000000000000000e+03,1.244526720256544650e-05,2.491420600563287735e-03
2.061000000000000000e+03,1.242369580722879618e-05,2.467988757416605949e-03
2.062000000000000000e+03,1.239933135366300121e-05,2.463294891640543938e-03
2.063000000000000000e+03,1.237912783835781738e-05,2.471925923600792885e-03
2.064000000000000000e+03,1.235929357790155336e-05,2.560309134423732758e-03
2.065000000000000000e+03,1.234191768162418157e-05,2.502728020772337914e-03
2.066000000000000000e+03,1.232832710229558870e-05,2.478817477822303772e-03
2.067000000000000000e+03,1.231210262631066144e-05,2.432963578030467033e-03
2.068000000000000000e+03,1.230155248777009547e-05,2.399765886366367340e-03
2.069000000000000000e+03,1.228695055033313110e-05,2.371845534071326256e-03
2.070000000000000000e+03,1.227847133122850209e-05,2.369492081925272942e-03
2.071000000000000000e+03,1.226949098054319620e-05,2.381209749728441238e-03
2.072000000000000000e+03,1.225920095748733729e-05,2.398825250566005707e-03
2.073000000000000000e+03,1.224511106556747109e-05,2.417666139081120491e-03
2.074000000000000000e+03,1.234398223459720612e-05,2.411408815532922745e-03
2.075000000000000000e+03,1.224044262926327065e-05,2.414520597085356712e-03
2.076000000000000000e+03,1.222562696057138965e-05,2.421669429168105125e-03
2.077000000000000000e+03,1.220201920659746975e-05,2.434257883578538895e-03
2.078000000000000000e+03,1.218797569890739396e-05,2.502547577023506165e-03
2.079000000000000000e+03,1.215716838487423956e-05,2.490343526005744934e-03
2.080000000000000000e+03,1.213413997902534902e-05,2.480746712535619736e-03
2.081000000000000000e+03,1.212024380947696045e-05,2.485057804733514786e-03
2.082000000000000000e+03,1.211165363201871514e-05,2.499463269487023354e-03
2.083000000000000000e+03,1.210542905027978122e-05,2.531759440898895264e-03
2.084000000000000000e+03,1.209885067510185763e-05,2.556000836193561554e-03
2.085000000000000000e+03,1.209211131936172023e-05,2.589802490547299385e-03
2.086000000000000000e+03,1.208624780701939017e-05,2.599998144432902336e-03
2.087000000000000000e+03,1.208078447234584019e-05,2.602711319923400879e-03
2.088000000000000000e+03,1.207343211717670783e-05,2.594511490315198898e-03
2.089000000000000000e+03,1.207147306558908895e-05,2.538003260269761086e-03
2.090000000000000000e+03,1.206401429953984916e-05,2.569580217823386192e-03
2.091000000000000000e+03,1.206149863719474524e-05,2.566937124356627464e-03
2.092000000000000000e+03,1.205622447741916403e-05,2.540012123063206673e-03
2.093000000000000000e+03,1.205075386678799987e-05,2.567513845860958099e-03
2.094000000000000000e+03,1.203801912197377533e-05,2.543542999774217606e-03
2.095000000000000000e+03,1.202289149659918621e-05,2.515785628929734230e-03
2.096000000000000000e+03,1.200071346829645336e-05,2.500213915482163429e-03
2.097000000000000000e+03,1.201034683617763221e-05,2.554343780502676964e-03
2.098000000000000000e+03,1.198620975628728047e-05,2.484411466866731644e-03
2.099000000000000000e+03,1.196333869302179664e-05,2.489347709342837334e-03
2.100000000000000000e+03,1.194278138427762315e-05,2.482265932485461235e-03
2.101000000000000000e+03,1.192674699268536642e-05,2.474542940035462379e-03
2.102000000000000000e+03,1.190964576380793005e-05,2.465894212946295738e-03
2.103000000000000000e+03,1.198712288896786049e-05,2.508573466911911964e-03
2.104000000000000000e+03,1.189560407510725781e-05,2.476069377735257149e-03
2.105000000000000000e+03,1.187138332170434296e-05,2.479236107319593430e-03
2.106000000000000000e+03,1.184467510029207915e-05,2.483112737536430359e-03
2.107000000000000000e+03,1.181649804493645206e-05,2.496361965313553810e-03
2.108000000000000000e+03,1.180041272164089605e-05,2.511214930564165115e-03
2.109000000000000000e+03,1.178864749817876145e-05,2.532656770199537277e-03
2.110000000000000000e+03,1.177435478894039989e-05,2.535720588639378548e-03
2.111000000000000000e+03,1.175614033854799345e-05,2.545419614762067795e-03
2.112000000000000000e+03,1.206439173984108493e-05,2.869184361770749092e-03
2.113000000000000000e+03,1.174776298284996301e-05,2.576783066615462303e-03
2.114000000000000000e+03,1.172742395283421502e-05,2.612513490021228790e-03
2.115000000000000000e+03,1.169115239463280886e-05,2.730606589466333389e-03
2.116000000000000000e+03,1.167111804534215480e-05,2.822201699018478394e-03
2.117000000000000000e+03,1.165258527180412784e-05,2.810845384374260902e-03
2.118000000000000000e+03,1.163360138889402151e-05,2.831754973158240318e-03
2.119000000000000000e+03,1.162400985776912421e-05,2.845862880349159241e-03
2.120000000000000000e+03,1.161108320957282558e-05,2.842162502929568291e-03
2.121000000000000000e+03,1.159160001407144591e-05,2.881520194932818413e-03
2.122000000000000000e+03,1.158204668172402307e-05,2.876320155337452888e-03
2.123000000000000000e+03,1.162361149908974767e-05,2.815317362546920776e-03
2.124000000000000000e+03,1.157682800112525001e-05,2.859566826373338699e-03
2.125000000000000000e+03,1.156494909082539380e-05,2.850532997399568558e-03
2.126000000000000000e+03,1.155785685114096850e-05,2.869126154109835625e-03
2.127000000000000000e+03,1.154649726231582463e-05,2.856351900845766068e-03
2.128000000000000000e+03,1.153045559476595372e-05,2.881713677197694778e-03
2.129000000000000000e+03,1.150526986748445779e-05,2.839738968759775162e-03
2.130000000000000000e+03,1.150153366324957460e-05,2.686250722035765648e-03
2.131000000000000000e+03,1.147108196164481342e-05,2.745315898209810257e-03
2.132000000000000000e+03,1.145083933806745335e-05,2.726642647758126259e-03
2.133000000000000000e+03,1.143878398579545319e-05,2.732379129156470299e-03
2.134000000000000000e+03,1.142911241913679987e-05,2.725686412304639816e-03
2.135000000000000000e+03,1.141475604526931420e-05,2.735626650974154472e-03
2.136000000000000000e+03,1.140360654972027987e-05,2.758709480985999107e-03
2.137000000000000000e+03,1.138878997153369710e-05,2.819611225277185440e-03
2.138000000000000000e+03,1.137704566644970328e-05,2.971673384308815002e-03
2.139000000000000000e+03,1.141697248385753483e-05,3.195626195520162582e-03
2.140000000000000000e+03,1.136576520366361365e-05,3.036157228052616119e-03
2.141000000000000000e+03,1.135216007241979241e-05,3.037604270502924919e-03
2.142000000000000000e+03,1.132520355895394459e-05,3.104878123849630356e-03
2.143000000000000000e+03,1.131556746258866042e-05,3.060149727389216423e-03
2.144000000000000000e+03,1.130403052229667082e-05,3.005085280165076256e-03
2.145000000000000000e+03,1.129558768298011273e-05,2.976072020828723907e-03
2.146000000000000000e+03,1.128837811847915873e-05,2.927155466750264168e-03
2.147000000000000000e+03,1.128162875829730183e-05,2.945361658930778503e-03
2.148000000000000000e+03,1.127480845752870664e-05,2.951044123619794846e-03
2.149000000000000000e+03,1.126909228332806379e-05,2.994586480781435966e-03
2.150000000000000000e+03,1.126237111748196185e-05,3.021426266059279442e-03
2.151000000000000000e+03,1.125545804825378582e-05,3.058363683521747589e-03
2.152000000000000000e+03,1.126685947383521125e-05,3.079856978729367256e-03
2.153000000000000000e+03,1.125256949308095500e-05,3.064538817852735519e-03
2.154000000000000000e+03,1.124439040722791106e-05,3.073030151426792145e-03
2.155000000000000000e+03,1.123570564232068136e-05,3.061948576942086220e-03
2.156000000000000000e+03,1.122519461205229163e-05,3.029003972187638283e-03
2.157000000000000000e+03,1.121049899666104466e-05,2.992431866005063057e-03
2.158000000000000000e+03,1.119932494475506246e-05,2.944195643067359924e-03
2.159000000000000000e+03,1.117861847887979820e-05,2.884663175791501999e-03
2.160000000000000000e+03,1.115902432502480224e-05,2.837920794263482094e-03
2.161000000000000000e+03,1.114776023314334452e-05,2.847496420145034790e-03
2.162000000000000000e+03,1.112919744628015906e-05,2.748525468632578850e-03
2.163000000000000000e+03,1.111127403419231996e-05,2.817660802975296974e-03
2.164000000000000000e+03,1.109375534724676982e-05,2.857053885236382484e-03
2.165000000000000000e+03,1.143370627687545493e-05,4.372799303382635117e-03
2.166000000000000000e+03,1.108317155740223825e-05,3.031186759471893311e-03
2.167000000000000000e+03,1.106042691390030086e-05,3.025327576324343681e-03
2.168000000000000000e+03,1.103870727092726156e-05,3.010759595781564713e-03
2.169000000000000000e+03,1.102177884604316205e-05,2.978814532980322838e-03
2.170000000000000000e+03,1.101695852412376553e-05,3.050991799682378769e-03
2.171000000000000000e+03,1.099315340979956090e-05,2.932120813056826591e-03
2.172000000000000000e+03,1.097994027077220380e-05,2.869964577257633209e-03
2.173000000000000000e+03,1.096120558941038325e-05,2.825565403327345848e-03
2.174000000000000000e+03,1.094904746423708275e-05,2.802946139127016068e-03
2.175000000000000000e+03,1.093746413971530274e-05,2.805179217830300331e-03
2.176000000000000000e+03,1.092158527171704918e-05,2.844649599865078926e-03
2.177000000000000000e+03,1.089917259378125891e-05,2.936783479526638985e-03
2.178000000000000000e+03,1.088399312720866874e-05,3.343574702739715576e-03
2.179000000000000000e+03,1.085310941562056541e-05,3.134247846901416779e-03
2.180000000000000000e+03,1.084067844203673303e-05,3.184957429766654968e-03
2.181000000000000000e+03,1.083421830117003992e-05,3.231761045753955841e-03
2.182000000000000000e+03,1.083000552171142772e-05,3.253666218370199203e-03
2.183000000000000000e+03,1.082453400158556178e-05,3.244511550292372704e-03
2.184000000000000000e+03,1.081789196177851409e-05,3.268298925831913948e-03
2.185000000000000000e+03,1.081175832950975746e-05,3.203446511179208755e-03
2.186000000000000000e+03,1.080170841305516660e-05,3.189831273630261421e-03
2.187000000000000000e+03,1.079417506844038144e-05,3.219520673155784607e-03
2.188000000000000000e+03,1.078629338735481724e-05,3.252403810620307922e-03
2.189000000000000000e+03,1.077407159755239263e-05,3.197676734998822212e-03
2.190000000000000000e+03,1.076016633305698633e-05,3.258145181462168694e-03
2.191000000000000000e+03,1.085596613847883418e-05,3.193156328052282333e-03
2.192000000000000000e+03,1.075127784133655950e-05,3.242392791435122490e-03
2.193000000000000000e+03,1.073631574399769306e-05,3.221914172172546387e-03
2.194000000000000000e+03,1.072423583536874503e-05,3.193142358213663101e-03
2.195000000000000000e+03,1.071266615326749161e-05,3.152529709041118622e-03
2.196000000000000000e+03,1.068978963303379714e-05,3.047050209715962410e-03
2.197000000000000000e+03,1.067649009200977162e-05,3.018022282049059868e-03
2.198000000000000000e+03,1.066021559381624684e-05,2.999154618009924889e-03
2.199000000000000000e+03,1.064194384525762871e-05,2.976667601615190506e-03
2.200000000000000000e+03,1.062317096511833370e-05,3.008010564371943474e-03
2.201000000000000000e+03,1.060305748978862539e-05,3.042396390810608864e-03
2.202000000000000000e+03,1.057624194800155237e-05,3.179688006639480591e-03
2.203000000000000000e+03,1.054829590430017561e-05,3.176692873239517212e-03
2.204000000000000000e+03,1.052634979714639485e-05,3.186281071975827217e-03
2.205000000000000000e+03,1.050637638400075957e-05,3.156221704557538033e-03
2.206000000000000000e+03,1.046949819283327088e-05,3.086971351876854897e-03
2.207000000000000000e+03,1.044498094415757805e-05,2.812429796904325485e-03
2.208000000000000000e+03,1.041592349793063477e-05,2.840524306520819664e-03
2.209000000000000000e+03,1.039678136294241995e-05,2.868466079235076904e-03
2.210000000000000000e+03,1.038631035044090822e-05,2.837145933881402016e-03
2.211000000000000000e+03,1.037454330798937008e-05,2.842488931491971016e-03
2.212000000000000000e+03,1.034974229696672410e-05,2.890235045924782753e-03
2.213000000000000000e+03,1.032472027873154730e-05,2.952912822365760803e-03
2.214000000000000000e+03,1.030626026476966217e-05,3.020636038854718208e-03
2.215000000000000000e+03,1.030585281114326790e-05,2.941760467365384102e-03
2.216000000000000000e+03,1.030104340316029266e-05,2.977736294269561768e-03
2.217000000000000000e+03,1.031541069096419960e-05,2.927959198132157326e-03
2.218000000000000000e+03,1.028842780215200037e-05,2.954822964966297150e-03
2.219000000000000000e+03,1.027811140374979004e-05,2.951076021417975426e-03
2.220000000000000000e+03,1.025968322210246697e-05,2.887773327529430389e-03
2.221000000000000000e+03,1.025037272484041750e-05,2.877080813050270081e-03
2.222000000000000000e+03,1.023318145598750561e-05,2.888242481276392937e-03
2.223000000000000000e+03,1.021217030938714743e-05,2.933880314230918884e-03
2.224000000000000000e+03,1.019429691950790584e-05,3.022299148142337799e-03
2.225000000000000000e+03,1.018298644339665771e-05,3.054494038224220276e-03
2.226000000000000000e+03,1.017323393170954660e-05,3.055101726204156876e-03
2.227000000000000000e+03,1.015685847960412502e-05,3.025049110874533653e-03
2.228000000000000000e+03,1.014273220789618790e-05,2.993475180119276047e-03
2.229000000000000000e+03,1.012998109217733145e-05,2.984080929309129715e-03
2.230000000000000000e+03,1.016887745208805427e-05,3.116750158369541168e-03
2.231000000000000000e+03,1.012561733659822494e-05,3.010761691257357597e-03
2.232000000000000000e+03,1.013412020256510004e-05,3.048368031159043312e-03
2.233000000000000000e+03,1.012092343444237486e-05,3.024275414645671844e-03
2.234000000000000000e+03,1.011165568343130872e-05,3.042679280042648315e-03
2.235000000000000000e+03,1.010175401461310685e-05,3.130690194666385651e-03
2.236000000000000000e+03,1.009548850561259314e-05,3.201219253242015839e-03
2.237000000000000000e+03,1.008866365737048909e-05,3.210943657904863358e-03
2.238000000000000000e+03,1.007787795970216393e-05,3.166589187458157539e-03
2.239000000000000000e+03,1.007062382996082306e-05,3.098937682807445526e-03
2.240000000000000000e+03,1.006103775580413640e-05,2.989188767969608307e-03
2.241000000000000000e+03,1.006129878078354523e-05,2.940639853477478027e-03
2.242000000000000000e+03,1.005652484309393913e-05,2.964155981317162514e-03
2.243000000000000000e+03,1.004930527415126562e-05,2.939023543149232864e-03
2.244000000000000000e+03,1.080557376553770155e-05,3.153323195874691010e-03
2.245000000000000000e+03,1.004414480121340603e-05,2.916172845289111137e-03
2.246000000000000000e+03,1.003301531454781070e-05,2.918194280937314034e-03
2.247000000000000000e+03,1.001869622996309772e-05,2.957617398351430893e-03
2.248000000000000000e+03,1.001113923848606646e-05,3.003542311489582062e-03
2.249000000000000000e+03,1.000015163299394771e-05,3.058938775211572647e-03
2.250000000000000000e+03,9.991559636546298862e-06,3.077435074374079704e-03
2.251000000000000000e+03,9.986664736061356962e-06,3.068573307245969772e-03
2.252000000000000000e+03,9.982837582356296480e-06,3.055224427953362465e-03
2.253000000000000000e+03,9.980111826735083014e-06,3.051529871299862862e-03
2.254000000000000000e+03,9.974719432648271322e-06,3.066057572141289711e-03
2.255000000000000000e+03,9.968929589376784861e-06,3.102956805378198624e-03
2.256000000000000000e+03,9.959429917216766626e-06,3.185983980074524879e-03
2.257000000000000000e+03,9.982569281419273466e-06,3.353999927639961243e-03
2.258000000000000000e+03,9.956602298188954592e-06,3.225850174203515053e-03
2.259000000000000000e+03,9.947126272891182452e-06,3.359131515026092529e-03
2.260000000000000000e+03,9.942434189724735916e-06,3.330967854708433151e-03
2.261000000000000000e+03,9.938195034919772297e-06,3.276322735473513603e-03
2.262000000000000000e+03,9.935525667970068753e-06,3.295972244814038277e-03
2.263000000000000000e+03,9.931017302733380347e-06,3.334846580401062965e-03
2.264000000000000000e+03,9.927843166224192828e-06,3.335044486448168755e-03
2.265000000000000000e+03,9.924898222379852086e-06,3.325425554066896439e-03
2.266000000000000000e+03,9.921354831021744758e-06,3.305834485217928886e-03
2.267000000000000000e+03,9.911711458698846400e-06,3.267813241109251976e-03
2.268000000000000000e+03,9.904305443342309445e-06,3.286475781351327896e-03
2.269000000000000000e+03,9.896015399135649204e-06,3.356628352776169777e-03
2.270000000000000000e+03,9.891726222122088075e-06,3.421605564653873444e-03
2.271000000000000000e+03,9.886230145639274269e-06,3.477744059637188911e-03
2.272000000000000000e+03,9.878767741611227393e-06,3.517311764881014824e-03
2.273000000000000000e+03,9.865445463219657540e-06,3.660039044916629791e-03
2.274000000000000000e+03,9.841170140134636313e-06,3.489468246698379517e-03
2.275000000000000000e+03,9.825415872910525650e-06,3.238651435822248459e-03
2.276000000000000000e+03,9.813185897655785084e-06,3.169891191646456718e-03
2.277000000000000000e+03,9.798720384424086660e-06,3.188008442521095276e-03
2.278000000000000000e+03,9.786793270905036479e-06,3.233763156458735466e-03
2.279000000000000000e+03,9.777762898011133075e-06,3.308633342385292053e-03
2.280000000000000000e+03,9.772904377314262092e-06,3.313633380457758904e-03
2.281000000000000000e+03,9.766818038769997656e-06,3.318428061902523041e-03
2.282000000000000000e+03,9.757350198924541473e-06,3.297334304079413414e-03
2.283000000000000000e+03,9.741971553012263030e-06,3.309720661491155624e-03
2.284000000000000000e+03,9.727435099193826318e-06,3.339274553582072258e-03
2.285000000000000000e+03,9.714723091747146100e-06,3.426444018259644508e-03
2.286000000000000000e+03,9.703377145342528820e-06,3.453794866800308228e-03
2.287000000000000000e+03,9.693550964584574103e-06,3.478920785710215569e-03
2.288000000000000000e+03,9.735442290548235178e-06,3.597900504246354103e-03
2.289000000000000000e+03,9.688018508313689381e-06,3.507474204525351524e-03
2.290000000000000000e+03,9.678121386968996376e-06,3.460571402683854103e-03
2.291000000000000000e+03,9.678315109340474010e-06,3.401986323297023773e-03
2.292000000000000000e+03,9.673285603639669716e-06,3.431353019550442696e-03
2.293000000000000000e+03,9.678781680122483522e-06,3.085943637415766716e-03
2.294000000000000000e+03,9.663214768806938082e-06,3.260963130742311478e-03
2.295000000000000000e+03,9.641467840992845595e-06,3.246867097914218903e-03
2.296000000000000000e+03,9.622411198506597430e-06,3.230083500966429710e-03
2.297000000000000000e+03,9.582983693690039217e-06,3.182741813361644745e-03
2.298000000000000000e+03,9.562652849126607180e-06,3.259391058236360550e-03
2.299000000000000000e+03,9.545180546410847455e-06,3.316972404718399048e-03
2.300000000000000000e+03,9.532853255223017186e-06,3.325817175209522247e-03
2.301000000000000000e+03,9.526935173198580742e-06,3.366552526131272316e-03
2.302000000000000000e+03,9.521347237750887871e-06,3.391436301171779633e-03
2.303000000000000000e+03,9.510014933766797185e-06,3.320618532598018646e-03
2.304000000000000000e+03,9.501221029495354742e-06,3.255424788221716881e-03
2.305000000000000000e+03,9.491956916463095695e-06,3.167738439515233040e-03
2.306000000000000000e+03,9.480816515861079097e-06,3.136340295895934105e-03
2.307000000000000000e+03,9.487396710028406233e-06,3.074794076383113861e-03
2.308000000000000000e+03,9.472052624914795160e-06,3.109119366854429245e-03
2.309000000000000000e+03,9.457268788537476212e-06,3.155570011585950851e-03
2.310000000000000000e+03,9.439755558560136706e-06,3.255658550187945366e-03
2.311000000000000000e+03,9.423991286894306540e-06,3.415145445615053177e-03
2.312000000000000000e+03,9.425471944268792868e-06,3.700714325532317162e-03
2.313000000000000000e+03,9.413150110049173236e-06,3.548708045855164528e-03
2.314000000000000000e+03,9.398658221471123397e-06,3.591412445530295372e-03
2.315000000000000000e+03,9.381747076986357570e-06,3.592313732951879501e-03
2.316000000000000000e+03,9.371624400955624878e-06,3.572151530534029007e-03
2.317000000000000000e+03,9.355484507977962494e-06,3.539041150361299515e-03
2.318000000000000000e+03,9.340310498373582959e-06,3.537950338795781136e-03
2.319000000000000000e+03,9.328027772426139563e-06,3.400871530175209045e-03
2.320000000000000000e+03,9.315696843259502202e-06,3.516932716593146324e-03
2.321000000000000000e+03,9.305521416536066681e-06,3.423009533435106277e-03
2.322000000000000000e+03,9.291265996580477804e-06,3.431196790188550949e-03
2.323000000000000000e+03,9.273109753848984838e-06,3.457874059677124023e-03
2.324000000000000000e+03,9.262798812414985150e-06,3.454845398664474487e-03
2.325000000000000000e+03,9.253330063074827194e-06,3.475807607173919678e-03
2.326000000000000000e+03,9.243604836228769273e-06,3.463592613115906715e-03
2.327000000000000000e+03,9.227641385223250836e-06,3.429539036005735397e-03
2.328000000000000000e+03,9.215045793098397553e-06,3.393337363377213478e-03
2.329000000000000000e+03,9.389767001266591251e-06,3.274882212281227112e-03
2.330000000000000000e+03,9.210622010868974030e-06,3.376116976141929626e-03
2.331000000000000000e+03,9.192079232889227569e-06,3.325117751955986023e-03
2.332000000000000000e+03,9.181230780086480081e-06,3.276738105341792107e-03
2.333000000000000000e+03,9.166359632217790931e-06,3.249658737331628799e-03
2.334000000000000000e+03,9.153169230557978153e-06,3.234534757211804390e-03
2.335000000000000000e+03,9.146779120783321559e-06,3.219689941033720970e-03
2.336000000000000000e+03,9.139880603470373899e-06,3.227945417165756226e-03
2.337000000000000000e+03,9.135014806815888733e-06,3.236446995288133621e-03
2.338000000000000000e+03,9.125774340645875782e-06,3.215127158910036087e-03
2.339000000000000000e+03,9.108658559853211045e-06,3.217347431927919388e-03
2.340000000000000000e+03,1.107309344661189243e-05,2.795944456011056900e-03
2.341000000000000000e+03,9.106219295063056052e-06,3.196171019226312637e-03
2.342000000000000000e+03,9.085560122912283987e-06,3.209642833098769188e-03
2.343000000000000000e+03,9.078450602828525007e-06,3.321561031043529510e-03
2.344000000000000000e+03,9.176857929560355842e-06,3.231626935303211212e-03
2.345000000000000000e+03,9.070587111636996269e-06,3.298364579677581787e-03
2.346000000000000000e+03,9.060159754881169647e-06,3.288760315626859665e-03
2.347000000000000000e+03,9.051433153217658401e-06,3.246003994718194008e-03
2.348000000000000000e+03,9.034833055920898914e-06,3.141699591651558876e-03
2.349000000000000000e+03,9.019981007440946996e-06,3.113158512860536575e-03
2.350000000000000000e+03,9.019548997457604855e-06,2.909521805122494698e-03
2.351000000000000000e+03,9.013459020934533328e-06,2.997413510456681252e-03
2.352000000000000000e+03,8.998366865853313357e-06,2.999479649588465691e-03
2.353000000000000000e+03,8.983200132206548005e-06,3.063966985791921616e-03
2.354000000000000000e+03,8.970117960416246206e-06,3.069058060646057129e-03
2.355000000000000000e+03,8.960796549217775464e-06,3.059262875467538834e-03
2.356000000000000000e+03,8.951623385655693710e-06,3.035958390682935715e-03
2.357000000000000000e+03,8.946921298047527671e-06,3.033070592209696770e-03
2.358000000000000000e+03,8.939020517573226243e-06,3.049007384106516838e-03
2.359000000000000000e+03,8.925007023208308965e-06,3.089993726462125778e-03
2.360000000000000000e+03,8.905051799956709146e-06,3.085160860791802406e-03
2.361000000000000000e+03,8.891051948012318462e-06,3.082424169406294823e-03
2.362000000000000000e+03,8.873819751897826791e-06,3.070367733016610146e-03
2.363000000000000000e+03,8.860572052071802318e-06,3.077270463109016418e-03
2.364000000000000000e+03,8.864550181897357106e-06,3.098345594480633736e-03
2.365000000000000000e+03,8.856716704030986875e-06,3.085460048168897629e-03
2.366000000000000000e+03,8.846152923069894314e-06,3.092902014032006264e-03
2.367000000000000000e+03,8.836140295898076147e-06,3.132399637252092361e-03
2.368000000000000000e+03,8.826489647617563605e-06,3.149172989651560783e-03
2.369000000000000000e+03,8.819669346848968416e-06,3.166246460750699043e-03
2.370000000000000000e+03,8.813816748443059623e-06,3.181957872584462166e-03
2.371000000000000000e+03,8.809035534795839339e-06,3.162757726386189461e-03
2.372000000000000000e+03,8.804592653177678585e-06,3.217026358470320702e-03
2.373000000000000000e+03,8.800749128567986190e-06,3.208054462447762489e-03
2.374000000000000000e+03,8.795011126494500786e-06,3.191205207258462906e-03
2.375000000000000000e+03,8.790639185463078320e-06,3.217549296095967293e-03
2.376000000000000000e+03,8.782529221207369119e-06,3.250359790399670601e-03
2.377000000000000000e+03,8.774469279160257429e-06,3.248329274356365204e-03
2.378000000000000000e+03,8.786699254414997995e-06,3.189790062606334686e-03
2.379000000000000000e+03,8.771753527980763465e-06,3.227663459256291389e-03
2.380000000000000000e+03,8.765986422076821327e-06,3.238051664084196091e-03
2.381000000000000000e+03,8.762584002397488803e-06,3.209129674360156059e-03
2.382000000000000000e+03,8.758641342865303159e-06,3.266305662691593170e-03
2.383000000000000000e+03,8.751533641770947725e-06,3.167476970702409744e-03
2.384000000000000000e+03,8.744051228859461844e-06,3.043465316295623779e-03
2.385000000000000000e+03,8.736547897569835186e-06,3.016359638422727585e-03
2.386000000000000000e+03,8.726996384211815894e-06,3.008018247783184052e-03
2.387000000000000000e+03,8.722858183318749070e-06,2.901944098994135857e-03
2.388000000000000000e+03,8.709712346899323165e-06,3.012520726770162582e-03
2.389000000000000000e+03,8.699242243892513216e-06,3.019611584022641182e-03
2.390000000000000000e+03,8.689779861015267670e-06,3.014135640114545822e-03
2.391000000000000000e+03,8.678772246639709920e-06,2.975364448502659798e-03
2.392000000000000000e+03,8.688269190315622836e-06,2.953713294118642807e-03
2.393000000000000000e+03,8.675423487147781998e-06,2.967840293422341347e-03
2.394000000000000000e+03,8.666946087032556534e-06,2.894126111641526222e-03
2.395000000000000000e+03,8.655415513203479350e-06,2.902452833950519562e-03
2.396000000000000000e+03,8.639550287625752389e-06,2.937918063253164291e-03
2.397000000000000000e+03,8.622194400231819600e-06,2.976670395582914352e-03
2.398000000000000000e+03,8.605534276284743100e-06,3.042574971914291382e-03
2.399000000000000000e+03,8.595894541940651834e-06,3.056977409869432449e-03
2.400000000000000000e+03,8.592522135586477816e-06,3.095200750976800919e-03
2.401000000000000000e+03,8.589601748099084944e-06,3.074828069657087326e-03
2.402000000000000000e+03,8.586661351728253067e-06,3.057856811210513115e-03
2.403000000000000000e+03,8.583103408454917371e-06,3.065390279516577721e-03
2.404000000000000000e+03,8.579425411880947649e-06,3.078601090237498283e-03
2.405000000000000000e+03,8.574760613555554301e-06,3.046618308871984482e-03
2.406000000000000000e+03,8.570499630877748132e-06,3.143439302220940590e-03
2.407000000000000000e+03,8.564408744859974831e-06,3.137792460620403290e-03
2.408000000000000000e+03,8.560449714423157275e-06,3.103816648945212364e-03
2.409000000000000000e+03,8.552515282644890249e-06,3.054006723687052727e-03
2.410000000000000000e+03,8.544271622668020427e-06,3.011591732501983643e-03
2.411000000000000000e+03,8.535988854418974370e-06,2.980464836582541466e-03
2.412000000000000000e+03,8.541564966435544193e-06,3.006636397913098335e-03
2.413000000000000000e+03,8.532423635188024491e-06,2.989928470924496651e-03
2.414000000000000000e+03,8.526639248884748667e-06,2.962849102914333344e-03
2.415000000000000000e+03,8.641181011626031250e-06,3.209247021004557610e-03
2.416000000000000000e+03,8.522682037437334657e-06,2.997382776811718941e-03
2.417000000000000000e+03,8.515299668943043798e-06,2.975791692733764648e-03
2.418000000000000000e+03,8.495768270222470164e-06,2.947130240499973297e-03
2.419000000000000000e+03,8.480512406094931066e-06,2.923630410805344582e-03
2.420000000000000000e+03,8.550634447601623833e-06,2.910793060436844826e-03
2.421000000000000000e+03,8.476788934785872698e-06,2.920691855251789093e-03
2.422000000000000000e+03,8.467742190987337381e-06,2.929809037595987320e-03
2.423000000000000000e+03,8.459594937448855489e-06,2.949934918433427811e-03
2.424000000000000000e+03,8.445475941698532552e-06,2.959602512419223785e-03
2.425000000000000000e+03,8.430034540651831776e-06,2.927177352830767632e-03
2.426000000000000000e+03,8.411859198531601578e-06,2.887989860028028488e-03
2.427000000000000000e+03,8.395708391617517918e-06,2.780332928523421288e-03
2.428000000000000000e+03,8.382982741750311106e-06,2.744290279224514961e-03
2.429000000000000000e+03,8.369761417270638049e-06,2.721972297877073288e-03
2.430000000000000000e+03,8.361079380847513676e-06,2.738916082307696342e-03
2.431000000000000000e+03,8.345650712726637721e-06,2.772404579445719719e-03
2.432000000000000000e+03,8.336721293744631112e-06,2.785691525787115097e-03
2.433000000000000000e+03,8.327717296197079122e-06,2.775376196950674057e-03
2.434000000000000000e+03,8.320135748363099992e-06,2.751668682321906090e-03
2.435000000000000000e+03,8.370741852559149265e-06,2.671018475666642189e-03
2.436000000000000000e+03,8.316419553011655807e-06,2.733351895585656166e-03
2.437000000000000000e+03,8.306594281748402864e-06,2.688371809199452400e-03
2.438000000000000000e+03,8.309526492666918784e-06,2.652149880304932594e-03
2.439000000000000000e+03,8.298454304167535156e-06,2.669121604412794113e-03
2.440000000000000000e+03,8.290215191664174199e-06,2.682292135432362556e-03
2.441000000000000000e+03,8.281443115265574306e-06,2.703598001971840858e-03
2.442000000000000000e+03,8.276434527942910790e-06,2.717006718739867210e-03
2.443000000000000000e+03,8.267457815236411989e-06,2.705701859667897224e-03
2.444000000000000000e+03,8.257402441813610494e-06,2.682598074898123741e-03
2.445000000000000000e+03,8.247770892921835184e-06,2.674859249964356422e-03
2.446000000000000000e+03,8.238297596108168364e-06,2.679450670257210732e-03
2.447000000000000000e+03,8.246446668636053801e-06,2.709309803321957588e-03
2.448000000000000000e+03,8.235692803282290697e-06,2.686513122171163559e-03
2.449000000000000000e+03,8.230173989431932569e-06,2.702006837353110313e-03
2.450000000000000000e+03,8.222979886340908706e-06,2.728454070165753365e-03
2.451000000000000000e+03,8.241264367825351655e-06,2.835882594808936119e-03
2.452000000000000000e+03,8.219853953050915152e-06,2.755428897216916084e-03
2.453000000000000000e+03,8.210439773392863572e-06,2.761779353022575378e-03
2.454000000000000000e+03,8.203003744711168110e-06,2.776077017188072205e-03
2.455000000000000000e+03,8.198653631552588195e-06,2.783646574243903160e-03
2.456000000000000000e+03,8.186796549125574529e-06,2.788401208817958832e-03
2.457000000000000000e+03,8.183052159438375384e-06,2.785953460261225700e-03
2.458000000000000000e+03,8.210226042137946934e-06,2.897663041949272156e-03
2.459000000000000000e+03,8.176897608791477978e-06,2.814871491864323616e-03
2.460000000000000000e+03,8.172618436219636351e-06,2.820152090862393379e-03
2.461000000000000000e+03,8.170298315235413611e-06,2.822214737534523010e-03
2.462000000000000000e+03,8.166205589077435434e-06,2.823933959007263184e-03
2.463000000000000000e+03,8.163202437572181225e-06,2.820486901327967644e-03
2.464000000000000000e+03,8.158894161169882864e-06,2.813156461343169212e-03
2.465000000000000000e+03,8.162065569194965065e-06,2.778130583465099335e-03
2.466000000000000000e+03,8.156552212312817574e-06,2.795926528051495552e-03
2.467000000000000000e+03,8.152982445608358830e-06,2.793123247101902962e-03
2.468000000000000000e+03,8.150180292432196438e-06,2.789771417155861855e-03
2.469000000000000000e+03,8.146730579028371722e-06,2.770509570837020874e-03
2.470000000000000000e+03,8.229314516938757151e-06,2.963083563372492790e-03
2.471000000000000000e+03,8.144400453602429479e-06,2.781752729788422585e-03
2.472000000000000000e+03,8.140721547533757985e-06,2.784483600407838821e-03
2.473000000000000000e+03,8.129917659971397370e-06,2.796316519379615784e-03
2.474000000000000000e+03,8.125603926600888371e-06,2.800316317006945610e-03
2.475000000000000000e+03,8.120064194372389466e-06,2.803855808451771736e-03
2.476000000000000000e+03,8.117666766338516027e-06,2.804560353979468346e-03
2.477000000000000000e+03,8.114814590953756124e-06,2.805916592478752136e-03
2.478000000000000000e+03,8.110576345643494278e-06,2.811520127579569817e-03
2.479000000000000000e+03,8.104077096504624933e-06,2.816134365275502205e-03
2.480000000000000000e+03,8.203677680285181850e-06,3.001455450430512428e-03
2.481000000000000000e+03,8.101003004412632436e-06,2.832179423421621323e-03
2.482000000000000000e+03,8.095092198345810175e-06,2.833732636645436287e-03
2.483000000000000000e+03,8.083445209194906056e-06,2.833061153069138527e-03
2.484000000000000000e+03,8.075035111687611789e-06,2.831448335200548172e-03
2.485000000000000000e+03,8.060713298618793488e-06,2.827683929353952408e-03
2.486000000000000000e+03,8.067997441685292870e-06,2.823503455147147179e-03
2.487000000000000000e+03,8.056204023887403309e-06,2.822617767378687859e-03
2.488000000000000000e+03,8.045442882576026022e-06,2.815514802932739258e-03
2.489000000000000000e+03,8.038813575694803149e-06,2.816444030031561852e-03
2.490000000000000000e+03,8.033062840695492923e-06,2.819732297211885452e-03
2.491000000000000000e+03,8.025378519960213453e-06,2.832743106409907341e-03
2.492000000000000000e+03,8.021928806556388736e-06,2.836564788594841957e-03
2.493000000000000000e+03,8.109023838187567890e-06,2.768265316262841225e-03
2.494000000000000000e+03,8.017886102607008070e-06,2.822206588461995125e-03
2.495000000000000000e+03,8.005518793652299792e-06,2.835124265402555466e-03
2.496000000000000000e+03,7.992929567990358919e-06,2.836590167135000229e-03
2.497000000000000000e+03,7.974595064297318459e-06,2.844034926965832710e-03
2.498000000000000000e+03,7.950735380291007459e-06,2.845266833901405334e-03
2.499000000000000000e+03,7.936399015306960791e-06,2.800815040245652199e-03
2.500000000000000000e+03,8.102346328087151051e-06,2.907961839810013771e-03
2.501000000000000000e+03,7.921455107862129807e-06,2.811291255056858063e-03
2.502000000000000000e+03,7.909343366918619722e-06,2.804448828101158142e-03
2.503000000000000000e+03,7.899760021246038377e-06,2.800904214382171631e-03
2.504000000000000000e+03,7.893537258496508002e-06,2.799172187224030495e-03
2.505000000000000000e+03,7.882199497544206679e-06,2.805170370265841484e-03
2.506000000000000000e+03,7.870261470088735223e-06,2.812311053276062012e-03
2.507000000000000000e+03,7.855795047362335026e-06,2.819054061546921730e-03
2.508000000000000000e+03,7.845746040402445942e-06,2.808635588735342026e-03
2.509000000000000000e+03,7.836810254957526922e-06,2.805004594847559929e-03
2.510000000000000000e+03,7.829168680473230779e-06,2.796246670186519623e-03
2.511000000000000000e+03,7.821734470780938864e-06,2.747210208326578140e-03
2.512000000000000000e+03,7.950658982736058533e-06,2.769404090940952301e-03
2.513000000000000000e+03,7.814437594788614661e-06,2.739112824201583862e-03
2.514000000000000000e+03,7.804896995367016643e-06,2.755415393039584160e-03
2.515000000000000000e+03,7.799754712323192507e-06,2.804624382406473160e-03
2.516000000000000000e+03,7.793569238856434822e-06,2.807164797559380531e-03
2.517000000000000000e+03,7.788275070197414607e-06,2.804525429382920265e-03
2.518000000000000000e+03,7.792607902956660837e-06,2.729889238253235817e-03
2.519000000000000000e+03,7.784814442857168615e-06,2.772022271528840065e-03
2.520000000000000000e+03,7.778732651786413044e-06,2.794361673295497894e-03
2.521000000000000000e+03,7.770070624246727675e-06,2.819517860189080238e-03
2.522000000000000000e+03,7.764840120216831565e-06,2.851276425644755363e-03
2.523000000000000000e+03,7.760049811622593552e-06,2.850539283826947212e-03
2.524000000000000000e+03,7.756896593491546810e-06,2.856581704691052437e-03
2.525000000000000000e+03,7.753830686851870269e-06,2.837645588442683220e-03
2.526000000000000000e+03,7.750326403765939176e-06,2.817788859829306602e-03
2.527000000000000000e+03,7.745277798676397651e-06,2.735618269070982933e-03
2.528000000000000000e+03,7.733404345344752073e-06,2.745595760643482208e-03
2.529000000000000000e+03,7.720153007539920509e-06,2.743679564446210861e-03
2.530000000000000000e+03,7.708903467573691159e-06,2.736962866038084030e-03
2.531000000000000000e+03,7.711020771239418536e-06,2.695350209251046181e-03
2.532000000000000000e+03,7.702630682615563273e-06,2.715565031394362450e-03
2.533000000000000000e+03,7.696023203607182950e-06,2.714135916903614998e-03
2.534000000000000000e+03,7.687974175496492535e-06,2.716629765927791595e-03
2.535000000000000000e+03,7.675839697185438126e-06,2.723898505792021751e-03
2.536000000000000000e+03,7.666069905098993331e-06,2.650642767548561096e-03
2.537000000000000000e+03,7.652201020391657948e-06,2.677907701581716537e-03
2.538000000000000000e+03,7.644020115549210459e-06,2.679886762052774429e-03
2.539000000000000000e+03,7.629750143678393215e-06,2.658413955941796303e-03
2.540000000000000000e+03,7.616973107360536233e-06,2.621965482831001282e-03
2.541000000000000000e+03,7.608951364090899006e-06,2.605946036055684090e-03
2.542000000000000000e+03,7.601639936183346435e-06,2.593883778899908066e-03
2.543000000000000000e+03,7.596770501550054178e-06,2.593477489426732063e-03
2.544000000000000000e+03,7.590552286274032667e-06,2.602803520858287811e-03
2.545000000000000000e+03,7.585522780573228374e-06,2.613308141008019447e-03
2.546000000000000000e+03,7.578801614727126434e-06,2.632584888488054276e-03
2.547000000000000000e+03,7.568370165245141834e-06,2.630945062264800072e-03
2.548000000000000000e+03,7.570325578853953630e-06,2.634081291034817696e-03
2.549000000000000000e+03,7.565956821053987369e-06,2.630327129736542702e-03
2.550000000000000000e+03,7.562870450783520937e-06,2.634151838719844818e-03
2.551000000000000000e+03,7.555383035651175305e-06,2.629205351695418358e-03
2.552000000000000000e+03,7.551770522695733234e-06,2.628676127642393112e-03
2.553000000000000000e+03,7.542797902715392411e-06,2.628335496410727501e-03
2.554000000000000000e+03,7.535828899563057348e-06,2.631862182170152664e-03
2.555000000000000000e+03,7.546290362370200455e-06,2.701958641409873962e-03
2.556000000000000000e+03,7.529540198447648436e-06,2.655996242538094521e-03
2.557000000000000000e+03,7.519172868342138827e-06,2.641620580106973648e-03
2.558000000000000000e+03,7.531200481025734916e-06,2.681381301954388618e-03
2.559000000000000000e+03,7.512531283282442018e-06,2.655676798895001411e-03
2.560000000000000000e+03,7.501924301323015243e-06,2.656700322404503822e-03
2.561000000000000000e+03,7.491014912375248969e-06,2.668101340532302856e-03
2.562000000000000000e+03,7.480674867110792547e-06,2.679221332073211670e-03
2.563000000000000000e+03,7.470833679690258577e-06,2.704168204218149185e-03
2.564000000000000000e+03,7.499472303607035428e-06,2.692594425752758980e-03
2.565000000000000000e+03,7.468346211680909619e-06,2.693620743229985237e-03
2.566000000000000000e+03,7.459462722181342542e-06,2.719349693506956100e-03
2.567000000000000000e+03,7.450688826793339103e-06,2.749247476458549500e-03
2.568000000000000000e+03,7.441085017489967868e-06,2.786793047562241554e-03
2.569000000000000000e+03,7.431955964420922101e-06,2.805948955938220024e-03
2.570000000000000000e+03,7.425663170579355210e-06,2.789897145703434944e-03
2.571000000000000000e+03,7.418577752105193213e-06,2.762826392427086830e-03
2.572000000000000000e+03,7.410510988847818226e-06,2.741291187703609467e-03
2.573000000000000000e+03,7.397126410069176927e-06,2.711497247219085693e-03
2.574000000000000000e+03,7.390503924398217350e-06,2.688728738576173782e-03
2.575000000000000000e+03,7.446242307196371257e-06,2.742808545008301735e-03
2.576000000000000000e+03,7.379138423857511953e-06,2.700094599276781082e-03
2.577000000000000000e+03,7.369105787802254781e-06,2.713636495172977448e-03
2.578000000000000000e+03,7.354489298450062051e-06,2.731250133365392685e-03
2.579000000000000000e+03,7.344689947785809636e-06,2.737725619226694107e-03
2.580000000000000000e+03,7.336796443269122392e-06,2.740950556471943855e-03
2.581000000000000000e+03,7.329291747737443075e-06,2.733488334342837334e-03
2.582000000000000000e+03,7.324215403059497476e-06,2.753347856923937798e-03
2.583000000000000000e+03,7.316937171708559617e-06,2.799761015921831131e-03
2.584000000000000000e+03,7.318587449844926596e-06,2.895537996664643288e-03
2.585000000000000000e+03,7.313432888622628525e-06,2.840623026713728905e-03
2.586000000000000000e+03,7.304965038201771677e-06,2.884545829147100449e-03
2.587000000000000000e+03,7.298629952856572345e-06,2.879839856177568436e-03
2.588000000000000000e+03,7.291941983567085117e-06,2.838985528796911240e-03
2.589000000000000000e+03,7.284336788870859891e-06,2.772710518911480904e-03
2.590000000000000000e+03,7.280187674041371793e-06,2.748980885371565819e-03
2.591000000000000000e+03,7.275546522578224540e-06,2.749861218035221100e-03
2.592000000000000000e+03,7.285614628926850855e-06,2.686457475647330284e-03
2.593000000000000000e+03,7.269202797033358365e-06,2.724719466641545296e-03
2.594000000000000000e+03,7.263596216944279149e-06,2.738264389336109161e-03
2.595000000000000000e+03,7.253895091707818210e-06,2.768371719866991043e-03
2.596000000000000000e+03,7.248667770909378305e-06,2.763143740594387054e-03
2.597000000000000000e+03,7.240696504595689476e-06,2.733564004302024841e-03
2.598000000000000000e+03,7.234241820697207004e-06,2.712551038712263107e-03
2.599000000000000000e+03,7.224669843708397821e-06,2.687706379219889641e-03
2.600000000000000000e+03,7.214670858957106248e-06,2.689506625756621361e-03
2.601000000000000000e+03,7.210268449853174388e-06,2.727790270000696182e-03
2.602000000000000000e+03,7.203774657682515681e-06,2.765609649941325188e-03
2.603000000000000000e+03,7.199484571174252778e-06,2.779250498861074448e-03
2.604000000000000000e+03,7.195812941063195467e-06,2.800899557769298553e-03
2.605000000000000000e+03,7.191104032244766131e-06,2.818210283294320107e-03
2.606000000000000000e+03,7.187340997916180640e-06,2.802497474476695061e-03
2.607000000000000000e+03,7.183875368355074897e-06,2.787007251754403114e-03
2.608000000000000000e+03,7.177121460699709132e-06,2.754236571490764618e-03
2.609000000000000000e+03,7.169096534198615700e-06,2.750982297584414482e-03
2.610000000000000000e+03,7.159968845371622592e-06,2.753746462985873222e-03
2.611000000000000000e+03,7.153754268074408174e-06,2.749480074271559715e-03
2.612000000000000000e+03,7.149908469727961347e-06,2.783879637718200684e-03
2.613000000000000000e+03,7.146049938455689698e-06,2.785859163850545883e-03
2.614000000000000000e+03,7.141189144022064283e-06,2.792515559121966362e-03
2.615000000000000000e+03,7.133990948204882443e-06,2.794624539092183113e-03
2.616000000000000000e+03,7.162824658735189587e-06,2.892754040658473969e-03
2.617000000000000000e+03,7.130262929422315210e-06,2.816454973071813583e-03
2.618000000000000000e+03,7.124458534235600382e-06,2.819959307089447975e-03
2.619000000000000000e+03,7.121950147848110646e-06,2.827729098498821259e-03
2.620000000000000000e+03,7.119518613762920722e-06,2.822228707373142242e-03
2.621000000000000000e+03,7.117320365068735555e-06,2.816084306687116623e-03
2.622000000000000000e+03,7.112807452358538285e-06,2.805214608088135719e-03
2.623000000000000000e+03,7.108555564627749845e-06,2.797972876578569412e-03
2.624000000000000000e+03,7.107096735126106068e-06,2.782155293971300125e-03
2.625000000000000000e+03,7.099546564859338105e-06,2.791658509522676468e-03
2.626000000000000000e+03,7.092223313520662487e-06,2.801028778776526451e-03
2.627000000000000000e+03,7.086811365297762677e-06,2.867002040147781372e-03
2.628000000000000000e+03,7.080271643644664437e-06,2.832922851666808128e-03
2.629000000000000000e+03,7.066008038236759603e-06,2.829239470884203911e-03
2.630000000000000000e+03,7.057873062876751646e-06,2.850851975381374359e-03
2.631000000000000000e+03,7.050327894830843434e-06,2.837958978489041328e-03
2.632000000000000000e+03,7.041235676297219470e-06,2.969442401081323624e-03
2.633000000000000000e+03,7.032629582681693137e-06,2.941196318715810776e-03
2.634000000000000000e+03,7.054060006339568645e-06,2.747185528278350830e-03
2.635000000000000000e+03,7.026165349088842049e-06,2.866151044145226479e-03
2.636000000000000000e+03,7.017828465905040503e-06,2.824984723702073097e-03
2.637000000000000000e+03,7.013100002950523049e-06,2.821498317644000053e-03
2.638000000000000000e+03,7.005680799920810387e-06,2.825671341270208359e-03
2.639000000000000000e+03,6.998664503043983132e-06,2.847194904461503029e-03
2.640000000000000000e+03,6.984013452893123031e-06,2.868080744519829750e-03
2.641000000000000000e+03,6.966964065213687718e-06,2.932440489530563354e-03
2.642000000000000000e+03,6.954151103855110705e-06,2.930865855887532234e-03
2.643000000000000000e+03,6.946706889721099287e-06,2.913935575634241104e-03
2.644000000000000000e+03,6.941951596672879532e-06,2.861941466107964516e-03
2.645000000000000000e+03,6.936648333066841587e-06,2.813289407640695572e-03
2.646000000000000000e+03,6.930924428161233664e-06,2.765296492725610733e-03
2.647000000000000000e+03,6.925621619302546605e-06,2.742538927122950554e-03
2.648000000000000000e+03,6.921216936461860314e-06,2.759499941021203995e-03
2.649000000000000000e+03,6.915619451319798827e-06,2.746756188571453094e-03
2.650000000000000000e+03,6.910393949510762468e-06,2.740226220339536667e-03
2.651000000000000000e+03,6.904155725351301953e-06,2.736661583185195923e-03
2.652000000000000000e+03,6.899837444507284090e-06,2.723677549511194229e-03
2.653000000000000000e+03,6.919958195794606581e-06,2.997055416926741600e-03
2.654000000000000000e+03,6.897186267451616004e-06,2.786892931908369064e-03
2.655000000000000000e+03,6.892784767842385918e-06,2.767092315480113029e-03
2.656000000000000000e+03,6.887675226607825607e-06,2.764044329524040222e-03
2.657000000000000000e+03,6.882448360556736588e-06,2.756733680143952370e-03
2.658000000000000000e+03,6.879243301227688789e-06,2.749957609921693802e-03
2.659000000000000000e+03,6.874386599520221353e-06,2.757358597591519356e-03
2.660000000000000000e+03,6.871451660117600113e-06,2.771134255453944206e-03
2.661000000000000000e+03,6.868269338156096637e-06,2.757546491920948029e-03
2.662000000000000000e+03,6.864618626423180103e-06,2.776939421892166138e-03
2.663000000000000000e+03,6.858836059109307826e-06,2.757949521765112877e-03
2.664000000000000000e+03,6.852123533462872729e-06,2.732916036620736122e-03
2.665000000000000000e+03,6.846892119938274845e-06,2.724838908761739731e-03
2.666000000000000000e+03,6.840735750301973894e-06,2.739268355071544647e-03
2.667000000000000000e+03,6.836632564954925328e-06,2.754503395408391953e-03
2.668000000000000000e+03,6.832330655015539378e-06,2.793898805975914001e-03
2.669000000000000000e+03,6.827819561294745654e-06,2.821662928909063339e-03
2.670000000000000000e+03,6.820745056757004932e-06,2.864676993340253830e-03
2.671000000000000000e+03,6.845325515314470977e-06,2.783294767141342163e-03
2.672000000000000000e+03,6.818096608185442165e-06,2.843269146978855133e-03
2.673000000000000000e+03,6.812330866523552686e-06,2.847969764843583107e-03
2.674000000000000000e+03,6.805427801737096161e-06,2.814805367961525917e-03
2.675000000000000000e+03,6.799811217206297442e-06,2.769828075543045998e-03
2.676000000000000000e+03,6.794909040763741359e-06,2.755953231826424599e-03
2.677000000000000000e+03,6.793495231249835342e-06,2.689218847081065178e-03
2.678000000000000000e+03,6.788693099224474281e-06,2.714387606829404831e-03
2.679000000000000000e+03,6.785255209251772612e-06,2.726944396272301674e-03
2.680000000000000000e+03,6.779790510336169973e-06,2.734640380367636681e-03
2.681000000000000000e+03,6.774218036298407242e-06,2.735950751230120659e-03
2.682000000000000000e+03,6.770140316803008318e-06,2.726885490119457245e-03
2.683000000000000000e+03,6.766413662262493744e-06,2.725616563111543655e-03
2.684000000000000000e+03,6.763347755622817203e-06,2.717767842113971710e-03
2.685000000000000000e+03,6.759952157153747976e-06,2.709124702960252762e-03
2.686000000000000000e+03,6.764548743376508355e-06,2.652629278600215912e-03
2.687000000000000000e+03,6.758070412615779787e-06,2.688455395400524139e-03
2.688000000000000000e+03,6.753803518222412094e-06,2.674083458259701729e-03
2.689000000000000000e+03,6.750486591045046225e-06,2.679459983482956886e-03
2.690000000000000000e+03,6.797054538765223697e-06,2.560728462412953377e-03
2.691000000000000000e+03,6.748610303475288674e-06,2.658783458173274994e-03
2.692000000000000000e+03,6.745274276909185573e-06,2.659579040482640266e-03
2.693000000000000000e+03,6.740239314240170643e-06,2.665384905412793159e-03
2.694000000000000000e+03,6.735467195539968088e-06,2.658623969182372093e-03
2.695000000000000000e+03,6.728902008035220206e-06,2.654954558238387108e-03
2.696000000000000000e+03,6.721935733366990462e-06,2.640141872689127922e-03
2.697000000000000000e+03,6.713185030093882233e-06,2.662162296473979950e-03
2.698000000000000000e+03,6.706864041916560382e-06,2.659388817846775055e-03
2.699000000000000000e+03,6.697811841149814427e-06,2.680938923731446266e-03
2.700000000000000000e+03,6.689302608720026910e-06,2.709416672587394714e-03
2.701000000000000000e+03,6.735384431522106752e-06,2.882314845919609070e-03
2.702000000000000000e+03,6.686027063551591709e-06,2.742219483479857445e-03
2.703000000000000000e+03,6.679958005406660959e-06,2.758693415671586990e-03
2.704000000000000000e+03,6.674826181551907212e-06,2.760510891675949097e-03
2.705000000000000000e+03,6.670316452073166147e-06,2.760480158030986786e-03
2.706000000000000000e+03,6.662938631052384153e-06,2.757780021056532860e-03
2.707000000000000000e+03,6.654880053247325122e-06,2.782882656902074814e-03
2.708000000000000000e+03,6.649624538113130257e-06,2.747702645137906075e-03
2.709000000000000000e+03,6.645268967986339703e-06,2.746338024735450745e-03
2.710000000000000000e+03,6.640661467827158049e-06,2.740261144936084747e-03
2.711000000000000000e+03,6.637796104769222438e-06,2.729889238253235817e-03
2.712000000000000000e+03,6.631822998315328732e-06,2.718373434618115425e-03
2.713000000000000000e+03,6.626099093409720808e-06,2.705599879845976830e-03
2.714000000000000000e+03,6.620714430027874187e-06,2.702360274270176888e-03
2.715000000000000000e+03,6.619228315685177222e-06,2.703456906601786613e-03
2.716000000000000000e+03,6.617796316277235746e-06,2.705010585486888885e-03
2.717000000000000000e+03,6.615846814383985475e-06,2.712344517931342125e-03
2.718000000000000000e+03,6.612731795030413195e-06,2.713909139856696129e-03
2.719000000000000000e+03,6.608769126614788547e-06,2.699187723919749260e-03
2.720000000000000000e+03,6.604111149499658495e-06,2.720499876886606216e-03
2.721000000000000000e+03,6.601031600439455360e-06,2.723076613619923592e-03
2.722000000000000000e+03,6.598043910344131291e-06,2.721349475905299187e-03
2.723000000000000000e+03,6.595613285753643140e-06,2.730830805376172066e-03
2.724000000000000000e+03,6.593754733330570161e-06,2.732758177444338799e-03
2.725000000000000000e+03,6.591760666196933016e-06,2.706692088395357132e-03
2.726000000000000000e+03,6.589614258700748906e-06,2.698813797906041145e-03
2.727000000000000000e+03,6.587723419215762988e-06,2.692863345146179199e-03
2.728000000000000000e+03,6.597845640499144793e-06,2.615113276988267899e-03
2.729000000000000000e+03,6.586505151062738150e-06,2.670558169484138489e-03
2.730000000000000000e+03,6.582154128409456462e-06,2.656765514984726906e-03
2.731000000000000000e+03,6.579441560461418703e-06,2.647621091455221176e-03
2.732000000000000000e+03,6.571432095370255411e-06,2.625199733301997185e-03
2.733000000000000000e+03,6.567722266481723636e-06,2.622592262923717499e-03
2.734000000000000000e+03,6.560150723089464009e-06,2.634745556861162186e-03
2.735000000000000000e+03,6.554157153004780412e-06,2.629677997902035713e-03
2.736000000000000000e+03,6.546113127114949748e-06,2.626029308885335922e-03
2.737000000000000000e+03,6.540020422107772902e-06,2.617856720462441444e-03
2.738000000000000000e+03,6.532022780447732657e-06,2.614722121506929398e-03
2.739000000000000000e+03,6.523617230413947254e-06,2.607793081551790237e-03
2.740000000000000000e+03,6.515979748655809090e-06,2.610942581668496132e-03
2.741000000000000000e+03,6.509304967039497569e-06,2.615731209516525269e-03
2.742000000000000000e+03,6.503767963295103982e-06,2.626227913424372673e-03
2.743000000000000000e+03,6.498152743006357923e-06,2.633774653077125549e-03
2.744000000000000000e+03,6.492257853096816689e-06,2.641495317220687866e-03
2.745000000000000000e+03,6.487621703854529187e-06,2.635673154145479202e-03
2.746000000000000000e+03,6.479482635768363252e-06,2.630801405757665634e-03
2.747000000000000000e+03,6.474333531514275819e-06,2.630640286952257156e-03
2.748000000000000000e+03,6.469816071330569685e-06,2.629266120493412018e-03
2.749000000000000000e+03,6.465535079769324511e-06,2.642876468598842621e-03
2.750000000000000000e+03,6.460374152084114030e-06,2.652411581948399544e-03
2.751000000000000000e+03,6.456240043917205185e-06,2.659615594893693924e-03
2.752000000000000000e+03,6.450313321693101898e-06,2.650798298418521881e-03
2.753000000000000000e+03,6.443128768296446651e-06,2.626022323966026306e-03
2.754000000000000000e+03,6.437100637413095683e-06,2.578650135546922684e-03
2.755000000000000000e+03,6.441816367441788316e-06,2.567538060247898102e-03
2.756000000000000000e+03,6.429770564864156768e-06,2.569139702245593071e-03
2.757000000000000000e+03,6.426275831472594291e-06,2.566194161772727966e-03
2.758000000000000000e+03,6.418366410798626021e-06,2.557923318818211555e-03
2.759000000000000000e+03,6.411595222743926570e-06,2.539957873523235321e-03
2.760000000000000000e+03,6.402959115803241730e-06,2.516223583370447159e-03
2.761000000000000000e+03,6.392622708517592400e-06,2.492806641384959221e-03
2.762000000000000000e+03,6.389754616975551471e-06,2.490685088559985161e-03
2.763000000000000000e+03,6.371287781803403050e-06,2.478968352079391479e-03
2.764000000000000000e+03,6.358267455652821809e-06,2.495065797120332718e-03
2.765000000000000000e+03,6.341017979138996452e-06,2.520543290302157402e-03
2.766000000000000000e+03,6.332534212560858577e-06,2.514068037271499634e-03
2.767000000000000000e+03,6.323029992927331477e-06,2.507810015231370926e-03
2.768000000000000000e+03,6.312773621175438166e-06,2.497582929208874702e-03
2.769000000000000000e+03,6.299975211732089520e-06,2.480753930285573006e-03
2.770000000000000000e+03,6.286508323682937771e-06,2.463540760800242424e-03
2.771000000000000000e+03,6.277221018535783514e-06,2.463959390297532082e-03
2.772000000000000000e+03,6.268231118156109005e-06,2.479407703503966331e-03
2.773000000000000000e+03,6.261366252147126943e-06,2.514091553166508675e-03
2.774000000000000000e+03,6.254930667637381703e-06,2.543734386563301086e-03
2.775000000000000000e+03,6.248202225833665580e-06,2.578874584287405014e-03
2.776000000000000000e+03,6.235505679796915501e-06,2.609159797430038452e-03
2.777000000000000000e+03,6.230257440620334819e-06,2.566903131082653999e-03
2.778000000000000000e+03,6.254658728721551597e-06,2.616865793243050575e-03
2.779000000000000000e+03,6.218579073902219534e-06,2.580135362222790718e-03
2.780000000000000000e+03,6.206480520631885156e-06,2.514753490686416626e-03
2.781000000000000000e+03,6.198314167704666033e-06,2.488841302692890167e-03
2.782000000000000000e+03,6.183041477925144136e-06,2.438100986182689667e-03
2.783000000000000000e+03,6.174448571982793510e-06,2.414513844996690750e-03
2.784000000000000000e+03,6.166445018607191741e-06,2.404937054961919785e-03
2.785000000000000000e+03,6.176962870085844770e-06,2.394746989011764526e-03
2.786000000000000000e+03,6.162291356304194778e-06,2.398922108113765717e-03
2.787000000000000000e+03,6.153133654152043164e-06,2.379579935222864151e-03
2.788000000000000000e+03,6.149329692561877891e-06,2.378371777012944221e-03
2.789000000000000000e+03,6.143579867057269439e-06,2.367398235946893692e-03
2.790000000000000000e+03,6.140346158645115793e-06,2.358426805585622787e-03
2.791000000000000000e+03,6.136573119874810800e-06,2.352762036025524139e-03
2.792000000000000000e+03,6.131795998953748494e-06,2.349271671846508980e-03
2.793000000000000000e+03,6.127180768089601770e-06,2.348129404708743095e-03
2.794000000000000000e+03,6.123793809820199385e-06,2.339742844924330711e-03
2.795000000000000000e+03,6.266096079343697056e-06,2.519470406696200371e-03
2.796000000000000000e+03,6.122741524450248107e-06,2.343490952625870705e-03
2.797000000000000000e+03,6.119888894318137318e-06,2.345296554267406464e-03
2.798000000000000000e+03,6.115022642916301265e-06,2.353580901399254799e-03
2.799000000000000000e+03,6.112299161031842232e-06,2.357725985348224640e-03
2.800000000000000000e+03,6.108544312155572698e-06,2.359040779992938042e-03
2.801000000000000000e+03,6.104959538788534701e-06,2.359242411330342293e-03
2.802000000000000000e+03,6.113242307037580758e-06,2.360549988225102425e-03
2.803000000000000000e+03,6.102286533860024065e-06,2.358003752306103706e-03
2.804000000000000000e+03,6.096776360209332779e-06,2.360166748985648155e-03
2.805000000000000000e+03,6.090122496971162036e-06,2.366751665249466896e-03
2.806000000000000000e+03,6.084139386075548828e-06,2.378621371462941170e-03
2.807000000000000000e+03,6.080183993617538363e-06,2.393421251326799393e-03
2.808000000000000000e+03,6.075782494008308277e-06,2.403609920293092728e-03
2.809000000000000000e+03,6.072686119296122342e-06,2.415436785668134689e-03
2.810000000000000000e+03,6.068951734050642699e-06,2.424520207569003105e-03
2.811000000000000000e+03,6.065471097826957703e-06,2.426991704851388931e-03
2.812000000000000000e+03,6.060168743715621531e-06,2.425737213343381882e-03
2.813000000000000000e+03,6.051324362488230690e-06,2.424559090286493301e-03
2.814000000000000000e+03,6.046347152732778341e-06,2.366564469411969185e-03
2.815000000000000000e+03,6.031334578437963501e-06,2.410454908385872841e-03
2.816000000000000000e+03,6.025054062774870545e-06,2.417334588244557381e-03
2.817000000000000000e+03,6.016531187924556434e-06,2.417297801002860069e-03
2.818000000000000000e+03,6.014390237396582961e-06,2.468158258125185966e-03
2.819000000000000000e+03,6.003678663546452299e-06,2.436903072521090508e-03
2.820000000000000000e+03,5.995008450554450974e-06,2.421115059405565262e-03
2.821000000000000000e+03,5.983133632980752736e-06,2.422579331323504448e-03
2.822000000000000000e+03,5.976800821372307837e-06,2.441576449200510979e-03
2.823000000000000000e+03,5.967185188637813553e-06,2.483031013980507851e-03
2.824000000000000000e+03,5.957358553132507950e-06,2.456763759255409241e-03
2.825000000000000000e+03,5.951298589934594929e-06,2.472422318533062935e-03
2.826000000000000000e+03,5.947182671661721542e-06,2.468497958034276962e-03
2.827000000000000000e+03,5.945315933786332607e-06,2.454628935083746910e-03
2.828000000000000000e+03,5.942237748968182132e-06,2.453684806823730469e-03
2.829000000000000000e+03,5.938768026680918410e-06,2.447373699396848679e-03
2.830000000000000000e+03,5.934664386586518958e-06,2.444461220875382423e-03
2.831000000000000000e+03,5.930575753154698759e-06,2.443225355818867683e-03
2.832000000000000000e+03,5.929561211814871058e-06,2.357742981985211372e-03
2.833000000000000000e+03,5.925077857682481408e-06,2.395973075181245804e-03
2.834000000000000000e+03,5.919104296481236815e-06,2.376523101702332497e-03
2.835000000000000000e+03,5.915068413742119446e-06,2.387257292866706848e-03
2.836000000000000000e+03,5.911058451602002606e-06,2.381386933848261833e-03
2.837000000000000000e+03,5.907862941967323422e-06,2.383718965575098991e-03
2.838000000000000000e+03,5.903445071453461424e-06,2.386632608249783516e-03
2.839000000000000000e+03,5.897069058846682310e-06,2.403527032583951950e-03
2.840000000000000000e+03,5.888922260055551305e-06,2.433512359857559204e-03
2.841000000000000000e+03,5.882528967049438506e-06,2.450132509693503380e-03
2.842000000000000000e+03,5.882299774384591728e-06,2.508726203814148903e-03
2.843000000000000000e+03,5.878076080989558250e-06,2.478045178577303886e-03
2.844000000000000000e+03,5.872275323781650513e-06,2.471568994224071503e-03
2.845000000000000000e+03,5.867980235052527860e-06,2.458003116771578789e-03
2.846000000000000000e+03,5.863703336217440665e-06,2.439545467495918274e-03
2.847000000000000000e+03,5.861422778252745047e-06,2.434820635244250298e-03
2.848000000000000000e+03,5.859345492353895679e-06,2.432577544823288918e-03
2.849000000000000000e+03,5.857959422428393736e-06,2.432367531582713127e-03
2.850000000000000000e+03,5.854536084370920435e-06,2.425221726298332214e-03
2.851000000000000000e+03,5.850634352100314572e-06,2.412414643913507462e-03
2.852000000000000000e+03,5.847720331075834110e-06,2.412663539871573448e-03
2.853000000000000000e+03,5.844561201229225844e-06,2.415343420580029488e-03
2.854000000000000000e+03,5.840875019202940166e-06,2.431373344734311104e-03
2.855000000000000000e+03,5.838427568960469216e-06,2.439256059005856514e-03
2.856000000000000000e+03,5.834943294757977128e-06,2.509256126359105110e-03
2.857000000000000000e+03,5.830972440890036523e-06,2.502836752682924271e-03
2.858000000000000000e+03,5.824632353323977441e-06,2.514105290174484253e-03
2.859000000000000000e+03,5.819009857077617198e-06,2.527132397517561913e-03
2.860000000000000000e+03,5.814866653963690624e-06,2.556647872552275658e-03
2.861000000000000000e+03,5.810257334815105423e-06,2.595826750621199608e-03
2.862000000000000000e+03,5.807020443171495572e-06,2.638156525790691376e-03
2.863000000000000000e+03,5.804093689221190289e-06,2.661618404090404510e-03
2.864000000000000000e+03,5.800028247904265299e-06,2.682325430214405060e-03
2.865000000000000000e+03,5.796600362373283133e-06,2.693231683224439621e-03
2.866000000000000000e+03,5.827030690852552652e-06,2.618455095216631889e-03
2.867000000000000000e+03,5.795712695544352755e-06,2.680682111531496048e-03
2.868000000000000000e+03,5.790966952190501615e-06,2.681284910067915916e-03
2.869000000000000000e+03,5.787782811239594594e-06,2.670187735930085182e-03
2.870000000000000000e+03,5.784695076727075502e-06,2.665974432602524757e-03
2.871000000000000000e+03,5.783018877991707996e-06,2.665422391146421432e-03
2.872000000000000000e+03,5.778899776487378404e-06,2.642192412167787552e-03
2.873000000000000000e+03,5.775249974249163643e-06,2.655797172337770462e-03
2.874000000000000000e+03,5.771629275841405615e-06,2.669945359230041504e-03
2.875000000000000000e+03,5.768692062702029943e-06,2.693600719794631004e-03
2.876000000000000000e+03,5.764937668573111296e-06,2.713147783651947975e-03
2.877000000000000000e+03,5.760502062912564725e-06,2.737517002969980240e-03
2.878000000000000000e+03,5.755624897574307397e-06,2.722268458455801010e-03
2.879000000000000000e+03,5.753401637775823474e-06,2.742622978985309601e-03
2.880000000000000000e+03,5.748156581830698997e-06,2.706173574551939964e-03
2.881000000000000000e+03,5.746860551880672574e-06,2.674001734703779221e-03
2.882000000000000000e+03,5.745125235989689827e-06,2.654671203345060349e-03
2.883000000000000000e+03,5.744720510847400874e-06,2.641902538016438484e-03
2.884000000000000000e+03,5.743368546973215416e-06,2.634758828207850456e-03
2.885000000000000000e+03,5.742238954553613439e-06,2.624876797199249268e-03
2.886000000000000000e+03,5.740169399359729141e-06,2.608548616990447044e-03
2.887000000000000000e+03,5.733992111345287412e-06,2.599094994366168976e-03
2.888000000000000000e+03,5.726393283111974597e-06,2.569010714069008827e-03
2.889000000000000000e+03,5.720510216633556411e-06,2.532390877604484558e-03
2.890000000000000000e+03,5.713777227356331423e-06,2.498674206435680389e-03
2.891000000000000000e+03,5.706162482965737581e-06,2.490801503881812096e-03
2.892000000000000000e+03,5.700586370949167758e-06,2.516147214919328690e-03
2.893000000000000000e+03,5.697657343262108043e-06,2.550701843574643135e-03
2.894000000000000000e+03,5.692372724297456443e-06,2.584626665338873863e-03
2.895000000000000000e+03,5.689316822099499404e-06,2.626434667035937309e-03
2.896000000000000000e+03,5.684472853317856789e-06,2.669259207323193550e-03
2.897000000000000000e+03,5.678250090568326414e-06,2.706790342926979065e-03
2.898000000000000000e+03,5.695180789189180359e-06,2.820558147504925728e-03
2.899000000000000000e+03,5.675550710293464363e-06,2.736463211476802826e-03
2.900000000000000000e+03,5.670898190146544948e-06,2.720931312069296837e-03
2.901000000000000000e+03,5.665202479576691985e-06,2.674147719517350197e-03
2.902000000000000000e+03,5.662963303620927036e-06,2.661774633452296257e-03
2.903000000000000000e+03,5.658040663547581062e-06,2.654978074133396149e-03
2.904000000000000000e+03,5.654035703628323972e-06,2.673742594197392464e-03
2.905000000000000000e+03,5.648443220707122236e-06,2.715940587222576141e-03
2.906000000000000000e+03,5.644457360176602378e-06,2.746540820226073265e-03
2.907000000000000000e+03,5.640619292535120621e-06,2.757260575890541077e-03
2.908000000000000000e+03,5.637892172671854496e-06,2.740407828241586685e-03
2.909000000000000000e+03,5.634695753542473540e-06,2.710497006773948669e-03
2.910000000000000000e+03,5.630672148981830105e-06,2.662424696609377861e-03
2.911000000000000000e+03,5.629477982438402250e-06,2.629802329465746880e-03
2.912000000000000000e+03,5.625332505587721244e-06,2.614680910483002663e-03
2.913000000000000000e+03,5.622933713311795145e-06,2.650100272148847580e-03
2.914000000000000000e+03,5.621697710012085736e-06,2.670052694156765938e-03
2.915000000000000000e+03,5.619318926619598642e-06,2.691471716389060020e-03
2.916000000000000000e+03,5.616309863398782909e-06,2.684945007786154747e-03
2.917000000000000000e+03,5.613163921225350350e-06,2.652086550369858742e-03
2.918000000000000000e+03,5.609228992398129776e-06,2.610475057736039162e-03
2.919000000000000000e+03,5.601784778264118358e-06,2.564106835052371025e-03
2.920000000000000000e+03,5.595488801191095263e-06,2.562568522989749908e-03
2.921000000000000000e+03,5.602681085292715579e-06,2.439355477690696716e-03
2.922000000000000000e+03,5.589165994024369866e-06,2.509242855012416840e-03
2.923000000000000000e+03,5.581957793765468523e-06,2.554549602791666985e-03
2.924000000000000000e+03,5.572731879510683939e-06,2.608540700748562813e-03
2.925000000000000000e+03,5.564274488278897479e-06,2.611901378259062767e-03
2.926000000000000000e+03,5.554807557928143069e-06,2.597574144601821899e-03
2.927000000000000000e+03,5.559428700507851318e-06,2.613676711916923523e-03
2.928000000000000000e+03,5.550727109948638827e-06,2.601498272269964218e-03
2.929000000000000000e+03,5.542763574339915067e-06,2.561804372817277908e-03
2.930000000000000000e+03,5.534624051506398246e-06,2.516926266252994537e-03
2.931000000000000000e+03,5.528618203243240714e-06,2.520068781450390816e-03
2.932000000000000000e+03,5.524004336621146649e-06,2.569003263488411903e-03
2.933000000000000000e+03,5.520352715393528342e-06,2.570187207311391830e-03
2.934000000000000000e+03,5.518097168533131480e-06,2.570897107943892479e-03
2.935000000000000000e+03,5.516236342373304069e-06,2.586301881819963455e-03
2.936000000000000000e+03,5.511866675078636035e-06,2.619614824652671814e-03
2.937000000000000000e+03,5.509594302566256374e-06,2.634787699207663536e-03
2.938000000000000000e+03,5.501908617588924244e-06,2.654473064467310905e-03
2.939000000000000000e+03,5.574420356424525380e-06,2.785894321277737617e-03
2.940000000000000000e+03,5.500025508808903396e-06,2.670825226232409477e-03
2.941000000000000000e+03,5.492283889907412231e-06,2.681805752217769623e-03
2.942000000000000000e+03,5.484560006152605638e-06,2.675366820767521858e-03
2.943000000000000000e+03,5.478324510477250442e-06,2.647900953888893127e-03
2.944000000000000000e+03,5.473910732689546421e-06,2.650081180036067963e-03
2.945000000000000000e+03,5.470015821629203856e-06,2.584901172667741776e-03
2.946000000000000000e+03,5.465403773996513337e-06,2.607936505228281021e-03
2.947000000000000000e+03,5.460070951812667772e-06,2.616504672914743423e-03
2.948000000000000000e+03,5.453722224046941847e-06,2.628574613481760025e-03
2.949000000000000000e+03,5.448287538456497714e-06,2.622295403853058815e-03
2.950000000000000000e+03,5.443380814540432766e-06,2.613701624795794487e-03
2.951000000000000000e+03,5.438520020106807351e-06,2.605058485642075539e-03
2.952000000000000000e+03,5.433839760371483862e-06,2.601837040856480598e-03
2.953000000000000000e+03,5.429880275187315419e-06,2.605871064588427544e-03
2.954000000000000000e+03,5.425772542366757989e-06,2.602268708869814873e-03
2.955000000000000000e+03,5.427769337984500453e-06,2.661574864760041237e-03
2.956000000000000000e+03,5.421484274847898632e-06,2.628274960443377495e-03
2.957000000000000000e+03,5.418581622507190332e-06,2.617017831653356552e-03
2.958000000000000000e+03,5.413686722022248432e-06,2.586432266980409622e-03
2.959000000000000000e+03,5.409064669947838411e-06,2.571866381913423538e-03
2.960000000000000000e+03,5.400759164331248030e-06,2.548700198531150818e-03
2.961000000000000000e+03,5.402129772846819833e-06,2.471855841577053070e-03
2.962000000000000000e+03,5.396396772994194180e-06,2.510042628273367882e-03
2.963000000000000000e+03,5.390135356719838455e-06,2.503628609701991081e-03
2.964000000000000000e+03,5.381717073760228232e-06,2.506178803741931915e-03
2.965000000000000000e+03,5.388871613831724972e-06,2.388060558587312698e-03
2.966000000000000000e+03,5.378911737352609634e-06,2.462039003148674965e-03
2.967000000000000000e+03,5.370549843064509332e-06,2.465978031978011131e-03
2.968000000000000000e+03,5.364988737710518762e-06,2.466024132445454597e-03
2.969000000000000000e+03,5.359922852221643552e-06,2.446658909320831299e-03
2.970000000000000000e+03,5.357235750125255436e-06,2.425699029117822647e-03
2.971000000000000000e+03,5.354314907890511677e-06,2.421692712232470512e-03
2.972000000000000000e+03,5.351904292183462530e-06,2.426299033686518669e-03
2.973000000000000000e+03,5.350716492102947086e-06,2.432265318930149078e-03
2.974000000000000000e+03,5.348412742023356259e-06,2.444504294544458389e-03
2.975000000000000000e+03,5.347873866412555799e-06,2.460289979353547096e-03
2.976000000000000000e+03,5.343682005332084373e-06,2.469563856720924377e-03
2.977000000000000000e+03,5.342034910427173600e-06,2.468165243044495583e-03
2.978000000000000000e+03,5.339278686733450741e-06,2.476685680449008942e-03
2.979000000000000000e+03,5.335390596883371472e-06,2.500501926988363266e-03
2.980000000000000000e+03,5.372148734750226140e-06,2.496358007192611694e-03
2.981000000000000000e+03,5.333810804586391896e-06,2.499373862519860268e-03
2.982000000000000000e+03,5.327316102921031415e-06,2.544063609093427658e-03
2.983000000000000000e+03,5.323865934769855812e-06,2.564293565228581429e-03
2.984000000000000000e+03,5.318584044289309531e-06,2.581061096861958504e-03
2.985000000000000000e+03,5.311896074999822304e-06,2.600833773612976074e-03
2.986000000000000000e+03,5.304709702613763511e-06,2.609943505376577377e-03
2.987000000000000000e+03,5.296315066516399384e-06,2.624571323394775391e-03
2.988000000000000000e+03,5.293044978316174820e-06,2.663966733962297440e-03
2.989000000000000000e+03,5.289595719659700990e-06,2.721777884289622307e-03
2.990000000000000000e+03,5.283589416649192572e-06,2.683304250240325928e-03
2.991000000000000000e+03,5.279289325699210167e-06,2.658405341207981110e-03
2.992000000000000000e+03,5.275314833852462471e-06,2.662575803697109222e-03
2.993000000000000000e+03,5.271679128782125190e-06,2.672466216608881950e-03
2.994000000000000000e+03,5.265334493742557243e-06,2.686900086700916290e-03
2.995000000000000000e+03,5.258392775431275368e-06,2.713068388402462006e-03
2.996000000000000000e+03,5.252555638435296714e-06,2.713139168918132782e-03
2.997000000000000000e+03,5.248109118838328868e-06,2.743432531133294106e-03
2.998000000000000000e+03,5.519623755390057340e-06,2.715067472308874130e-03
2.999000000000000000e+03,5.246088221610989422e-06,2.717596245929598808e-03
3.000000000000000000e+03,5.242708994046552107e-06,2.732065040618181229e-03
3.001000000000000000e+03,5.233887350186705589e-06,2.765776822343468666e-03
3.002000000000000000e+03,5.230343049333896488e-06,2.786429831758141518e-03
3.003000000000000000e+03,5.224274900683667511e-06,2.812845399603247643e-03
3.004000000000000000e+03,5.218086243985453621e-06,2.818531822413206100e-03
3.005000000000000000e+03,5.211553343542618677e-06,2.721522934734821320e-03
3.006000000000000000e+03,5.204309672990348190e-06,2.721907105296850204e-03
3.007000000000000000e+03,5.200539817451499403e-06,2.691010246053338051e-03
3.008000000000000000e+03,5.197345672058872879e-06,2.616743324324488640e-03
3.009000000000000000e+03,5.194793175178347155e-06,2.588251372799277306e-03
3.010000000000000000e+03,5.192444405111018568e-06,2.543436130508780479e-03
3.011000000000000000e+03,5.211247753322822973e-06,2.517293905839323997e-03
3.012000000000000000e+03,5.191644049773458391e-06,2.539068926125764847e-03
3.013000000000000000e+03,5.188595423533115536e-06,2.522704191505908966e-03
3.014000000000000000e+03,5.179321306059136987e-06,2.511515747755765915e-03
3.015000000000000000e+03,5.189809598959982395e-06,2.466415753588080406e-03
3.016000000000000000e+03,5.175836122361943126e-06,2.495469059795141220e-03
3.017000000000000000e+03,5.170262284082127735e-06,2.522469265386462212e-03
3.018000000000000000e+03,5.166603841644246131e-06,2.567036310210824013e-03
3.019000000000000000e+03,5.163979039934929460e-06,2.589714946225285530e-03
3.020000000000000000e+03,5.161698027222882956e-06,2.599804662168025970e-03
3.021000000000000000e+03,5.157694886293029413e-06,2.609001938253641129e-03
3.022000000000000000e+03,5.155507551535265520e-06,2.602167194709181786e-03
3.023000000000000000e+03,5.151717232365626842e-06,2.569496631622314453e-03
3.024000000000000000e+03,5.148346645000856370e-06,2.534551778808236122e-03
3.025000000000000000e+03,5.155698090675286949e-06,2.387553919106721878e-03
3.026000000000000000e+03,5.146207058714935556e-06,2.480792114511132240e-03
3.027000000000000000e+03,5.142860118212411180e-06,2.462964504957199097e-03
3.028000000000000000e+03,5.138737378729274496e-06,2.436739159747958183e-03
3.029000000000000000e+03,5.134617367730243132e-06,2.430694643408060074e-03
3.030000000000000000e+03,5.125546977069461718e-06,2.410156186670064926e-03
3.031000000000000000e+03,5.123161827214062214e-06,2.421095501631498337e-03
3.032000000000000000e+03,5.117632099427282810e-06,2.411540132015943527e-03
3.033000000000000000e+03,5.114779469295172021e-06,2.406374085694551468e-03
3.034000000000000000e+03,5.111490281706210226e-06,2.403217833489179611e-03
3.035000000000000000e+03,5.108470759296324104e-06,2.402946120128035545e-03
3.036000000000000000e+03,5.104239335196325555e-06,2.402582671493291855e-03
3.037000000000000000e+03,5.101177066535456106e-06,2.405075356364250183e-03
3.038000000000000000e+03,5.098543169879121706e-06,2.411344787105917931e-03
3.039000000000000000e+03,5.096007498650578782e-06,2.416479401290416718e-03
3.040000000000000000e+03,5.092710580356651917e-06,2.435333793982863426e-03
3.041000000000000000e+03,5.091070306662004441e-06,2.451646374538540840e-03
3.042000000000000000e+03,5.118611625221092254e-06,2.519382862374186516e-03
3.043000000000000000e+03,5.090234026283724234e-06,2.459851559251546860e-03
3.044000000000000000e+03,5.088328634883509949e-06,2.466533333063125610e-03
3.045000000000000000e+03,5.085476459498750046e-06,2.490957966074347496e-03
3.046000000000000000e+03,5.082922143628820777e-06,2.507052849978208542e-03
3.047000000000000000e+03,5.085070370114408433e-06,2.542910166084766388e-03
3.048000000000000000e+03,5.080895789433270693e-06,2.521093934774398804e-03
3.049000000000000000e+03,5.077709829492960125e-06,2.545898547396063805e-03
3.050000000000000000e+03,5.074210548627888784e-06,2.557242987677454948e-03
3.051000000000000000e+03,5.072747171652736142e-06,2.565682167187333107e-03
3.052000000000000000e+03,5.069651706435251981e-06,2.588580595329403877e-03
3.053000000000000000e+03,5.063629487267462537e-06,2.633764408528804779e-03
3.054000000000000000e+03,5.058036094851559028e-06,2.672135364264249802e-03
3.055000000000000000e+03,5.061934643890708685e-06,2.793568884953856468e-03
3.056000000000000000e+03,5.054125267633935437e-06,2.720407210290431976e-03
3.057000000000000000e+03,5.049159426562255248e-06,2.705746330320835114e-03
3.058000000000000000e+03,5.044158569944556803e-06,2.672386122867465019e-03
3.059000000000000000e+03,5.040048108639894053e-06,2.634580712765455246e-03
3.060000000000000000e+03,5.031994987803045660e-06,2.604453591629862785e-03
3.061000000000000000e+03,5.024895472161006182e-06,2.555558923631906509e-03
3.062000000000000000e+03,5.016828708903631195e-06,2.513122046366333961e-03
3.063000000000000000e+03,5.010974746255669743e-06,2.495701424777507782e-03
3.064000000000000000e+03,5.006067112844903022e-06,2.463772660121321678e-03
3.065000000000000000e+03,5.000645614927634597e-06,2.409577602520585060e-03
3.066000000000000000e+03,4.996118150302208960e-06,2.359736477956175804e-03
3.067000000000000000e+03,4.990411980543285608e-06,2.303795656189322472e-03
3.068000000000000000e+03,5.006197170587256551e-06,2.266229363158345222e-03
3.069000000000000000e+03,4.988964519725413993e-06,2.294608857482671738e-03
3.070000000000000000e+03,4.979362529411446303e-06,2.221321919932961464e-03
3.071000000000000000e+03,4.972027454641647637e-06,2.222682349383831024e-03
3.072000000000000000e+03,4.963447281625121832e-06,2.247857162728905678e-03
3.073000000000000000e+03,4.957462351740105078e-06,2.272654557600617409e-03
3.074000000000000000e+03,4.950522452418226749e-06,2.289509633556008339e-03
3.075000000000000000e+03,4.944927241012919694e-06,2.308370079845190048e-03
3.076000000000000000e+03,4.975761839887127280e-06,2.231090795248746872e-03
3.077000000000000000e+03,4.943264684698078781e-06,2.287804614752531052e-03
3.078000000000000000e+03,4.937524863635189831e-06,2.305517205968499184e-03
3.079000000000000000e+03,4.931077910441672429e-06,2.319886581972241402e-03
3.080000000000000000e+03,4.924409950035624206e-06,2.331044292077422142e-03
3.081000000000000000e+03,4.923488631902728230e-06,2.466285135596990585e-03
3.082000000000000000e+03,4.917630576528608799e-06,2.414332004263997078e-03
3.083000000000000000e+03,4.915438239549985155e-06,2.411348279565572739e-03
3.084000000000000000e+03,4.912619260721839964e-06,2.437008544802665710e-03
3.085000000000000000e+03,5.039104053139453754e-06,2.360667800530791283e-03
3.086000000000000000e+03,4.911861196887912229e-06,2.431708620861172676e-03
3.087000000000000000e+03,4.909957624477101490e-06,2.446833997964859009e-03
3.088000000000000000e+03,4.906689355266280472e-06,2.462961943820118904e-03
3.089000000000000000e+03,4.908199571218574420e-06,2.450907602906227112e-03
3.090000000000000000e+03,4.904642537439940497e-06,2.457536058500409126e-03
3.091000000000000000e+03,4.897190137853613123e-06,2.452194457873702049e-03
3.092000000000000000e+03,4.886422630079323426e-06,2.397918375208973885e-03
3.093000000000000000e+03,4.875831109529826790e-06,2.355835866183042526e-03
3.094000000000000000e+03,4.868914402322843671e-06,2.363276202231645584e-03
3.095000000000000000e+03,4.861695288127521053e-06,2.485258039087057114e-03
3.096000000000000000e+03,4.857415206060977653e-06,2.483878517523407936e-03
3.097000000000000000e+03,4.854168309975648299e-06,2.542915521189570427e-03
3.098000000000000000e+03,4.851463472732575610e-06,2.570150420069694519e-03
3.099000000000000000e+03,4.848407115787267685e-06,2.590945689007639885e-03
3.100000000000000000e+03,4.845617695536930114e-06,2.589060226455330849e-03
3.101000000000000000e+03,4.844125214731320739e-06,2.581919543445110321e-03
3.102000000000000000e+03,4.841885129280854017e-06,2.562348498031497002e-03
3.103000000000000000e+03,4.839233042730484158e-06,2.545241964980959892e-03
3.104000000000000000e+03,4.839992470806464553e-06,2.591711701825261116e-03
3.105000000000000000e+03,4.837674623558996245e-06,2.565773669630289078e-03
3.106000000000000000e+03,4.833932962355902418e-06,2.554884646087884903e-03
3.107000000000000000e+03,4.831924798054387793e-06,2.555582439526915550e-03
3.108000000000000000e+03,4.827821157959988341e-06,2.559904940426349640e-03
3.109000000000000000e+03,4.824812094739172608e-06,2.559436950832605362e-03
3.110000000000000000e+03,4.817309672944247723e-06,2.551149576902389526e-03
3.111000000000000000e+03,4.812649422092363238e-06,2.566675655543804169e-03
3.112000000000000000e+03,4.808105131814954802e-06,2.577780047431588173e-03
3.113000000000000000e+03,4.803846422873903066e-06,2.554325619712471962e-03
3.114000000000000000e+03,4.800761871592840180e-06,2.561909845098853111e-03
3.115000000000000000e+03,4.797170731762889773e-06,2.608826849609613419e-03
3.116000000000000000e+03,4.794164397026179358e-06,2.618564991280436516e-03
3.117000000000000000e+03,4.792603249370586127e-06,2.609120914712548256e-03
3.118000000000000000e+03,4.790592356584966183e-06,2.620731480419635773e-03
3.119000000000000000e+03,4.788324986293446273e-06,2.610445721074938774e-03
3.120000000000000000e+03,4.789167633134638891e-06,2.627709647640585899e-03
3.121000000000000000e+03,4.785841611010255292e-06,2.618156606331467628e-03
3.122000000000000000e+03,4.783126769325463101e-06,2.528765238821506500e-03
3.123000000000000000e+03,4.781017196364700794e-06,2.601633314043283463e-03
3.124000000000000000e+03,4.778986294695641845e-06,2.579091815277934074e-03
3.125000000000000000e+03,4.777657977683702484e-06,2.554891631007194519e-03
3.126000000000000000e+03,4.776076821144670248e-06,2.549590077251195908e-03
3.127000000000000000e+03,4.775051820615772158e-06,2.576941857114434242e-03
3.128000000000000000e+03,4.773648925038287416e-06,2.573264762759208679e-03
3.129000000000000000e+03,4.771763997268863022e-06,2.576645696535706520e-03
3.130000000000000000e+03,4.769196038978407159e-06,2.578218700364232063e-03
3.131000000000000000e+03,4.820744834432844073e-06,2.775682136416435242e-03
3.132000000000000000e+03,4.767720838572131470e-06,2.601747633889317513e-03
3.133000000000000000e+03,4.763795459439279512e-06,2.602595603093504906e-03
3.134000000000000000e+03,4.763885954162105918e-06,2.581220353022217751e-03
3.135000000000000000e+03,4.760835963679710403e-06,2.591358963400125504e-03
3.136000000000000000e+03,4.756996531796175987e-06,2.582488348707556725e-03
3.137000000000000000e+03,4.753112534672254696e-06,2.636257326230406761e-03
3.138000000000000000e+03,4.749934305436909199e-06,2.627783222123980522e-03
3.139000000000000000e+03,4.743014869745820761e-06,2.610272495076060295e-03
3.140000000000000000e+03,4.738813913718331605e-06,2.599472412839531898e-03
3.141000000000000000e+03,4.753681423608213663e-06,2.648534020408987999e-03
3.142000000000000000e+03,4.737107701657805592e-06,2.610608236864209175e-03
3.143000000000000000e+03,4.732704837806522846e-06,2.593619748950004578e-03
3.144000000000000000e+03,4.729166903416626155e-06,2.578226150944828987e-03
3.145000000000000000e+03,4.727694431494455785e-06,2.596600214019417763e-03
3.146000000000000000e+03,4.725744474853854626e-06,2.574507612735033035e-03
3.147000000000000000e+03,4.722394805867224932e-06,2.601264975965023041e-03
3.148000000000000000e+03,4.720874130725860596e-06,2.621896099299192429e-03
3.149000000000000000e+03,4.718974651041207835e-06,2.672729315236210823e-03
3.150000000000000000e+03,4.717055162473116070e-06,2.703819889575242996e-03
3.151000000000000000e+03,4.712740974355256185e-06,2.766915829852223396e-03
3.152000000000000000e+03,4.710967459686798975e-06,2.841869834810495377e-03
3.153000000000000000e+03,4.714280748885357752e-06,2.792146056890487671e-03
3.154000000000000000e+03,4.707113930635387078e-06,2.820098772644996643e-03
3.155000000000000000e+03,4.702725163951981813e-06,2.767247613519430161e-03
3.156000000000000000e+03,4.700433237303514034e-06,2.747762715443968773e-03
3.157000000000000000e+03,4.697678832599194720e-06,2.730160253122448921e-03
3.158000000000000000e+03,4.695853931480087340e-06,2.718046074733138084e-03
3.159000000000000000e+03,4.692989023169502616e-06,2.708623185753822327e-03
3.160000000000000000e+03,4.697918484453111887e-06,2.798735862597823143e-03
3.161000000000000000e+03,4.691607045970158651e-06,2.737440168857574463e-03
3.162000000000000000e+03,4.689482011599466205e-06,2.752715488895773888e-03
3.163000000000000000e+03,4.687942691816715524e-06,2.760830335319042206e-03
3.164000000000000000e+03,4.685331987275276333e-06,2.746919868513941765e-03
3.165000000000000000e+03,4.681795871874783188e-06,2.712625078856945038e-03
3.166000000000000000e+03,4.676658591051818803e-06,2.659419318661093712e-03
3.167000000000000000e+03,4.669625013775657862e-06,2.577577484771609306e-03
3.168000000000000000e+03,4.663375420932425186e-06,2.636050805449485779e-03
3.169000000000000000e+03,4.656088549381820485e-06,2.670087618753314018e-03
3.170000000000000000e+03,4.648631602321984246e-06,2.725883387029170990e-03
3.171000000000000000e+03,4.644396994990529492e-06,2.739417832344770432e-03
3.172000000000000000e+03,4.638631253328640014e-06,2.740008058026432991e-03
3.173000000000000000e+03,4.632483523892005906e-06,2.722563687711954117e-03
3.174000000000000000e+03,4.628402621165150777e-06,2.701345831155776978e-03
3.175000000000000000e+03,4.626220743375597522e-06,2.694082213565707207e-03
3.176000000000000000e+03,4.623411768989171833e-06,2.697662217542529106e-03
3.177000000000000000e+03,4.620904746843734756e-06,2.702437108382582664e-03
3.178000000000000000e+03,4.617637841874966398e-06,2.727990038692951202e-03
3.179000000000000000e+03,4.615154466591775417e-06,2.648088615387678146e-03
3.180000000000000000e+03,4.606871698342729360e-06,2.672215923666954041e-03
3.181000000000000000e+03,4.600964985002065077e-06,2.722871489822864532e-03
3.182000000000000000e+03,4.596202870743582025e-06,2.734951442107558250e-03
3.183000000000000000e+03,4.589604031934868544e-06,2.757427282631397247e-03
3.184000000000000000e+03,4.582580004353076220e-06,2.749125473201274872e-03
3.185000000000000000e+03,4.575579168886179104e-06,2.778823953121900558e-03
3.186000000000000000e+03,4.570551936922129244e-06,2.818127395585179329e-03
3.187000000000000000e+03,4.567462383420206606e-06,2.834067447111010551e-03
3.188000000000000000e+03,4.564752543956274167e-06,2.831424819305539131e-03
3.189000000000000000e+03,4.560457455227151513e-06,2.797911176458001137e-03
3.190000000000000000e+03,4.557253760140156373e-06,2.816992811858654022e-03
3.191000000000000000e+03,4.553793587547261268e-06,2.847074531018733978e-03
3.192000000000000000e+03,4.549811364995548502e-06,2.882153261452913284e-03
3.193000000000000000e+03,4.560384240903658792e-06,2.928479807451367378e-03
3.194000000000000000e+03,4.548980086838128045e-06,2.892819698899984360e-03
3.195000000000000000e+03,4.543418981484137475e-06,3.005149308592081070e-03
3.196000000000000000e+03,4.539189831120893359e-06,3.001600503921508789e-03
3.197000000000000000e+03,4.536903816187987104e-06,3.036464797332882881e-03
3.198000000000000000e+03,4.530671048996737227e-06,3.023904981091618538e-03
3.199000000000000000e+03,4.526987140707205981e-06,3.030320163816213608e-03
3.200000000000000000e+03,4.521991286310367286e-06,3.031492698937654495e-03
3.201000000000000000e+03,4.517854904406704009e-06,2.979764714837074280e-03
3.202000000000000000e+03,4.512284704105695710e-06,3.004802158102393150e-03
3.203000000000000000e+03,4.507651283347513527e-06,3.029084764420986176e-03
3.204000000000000000e+03,4.504729076870717108e-06,3.053177148103713989e-03
3.205000000000000000e+03,4.500871909840498120e-06,3.131997538730502129e-03
3.206000000000000000e+03,4.497540430747903883e-06,3.170930081978440285e-03
3.207000000000000000e+03,4.493212600209517404e-06,3.224198939278721809e-03
3.208000000000000000e+03,4.488484592002350837e-06,3.247096668928861618e-03
3.209000000000000000e+03,4.483601514948531985e-06,3.249559551477432251e-03
3.210000000000000000e+03,4.478694336285116151e-06,3.233942203223705292e-03
3.211000000000000000e+03,4.499330316320993006e-06,3.147818613797426224e-03
3.212000000000000000e+03,4.476212779991328716e-06,3.210019785910844803e-03
3.213000000000000000e+03,4.470426574698649347e-06,3.168824361637234688e-03
3.214000000000000000e+03,4.464880476007238030e-06,3.105937037616968155e-03
3.215000000000000000e+03,4.506353889155434445e-06,2.854381687939167023e-03
3.216000000000000000e+03,4.463802270038286224e-06,3.071994986385107040e-03
3.217000000000000000e+03,4.458426701603457332e-06,3.004796802997589111e-03
3.218000000000000000e+03,4.452572738955495879e-06,2.978026634082198143e-03
3.219000000000000000e+03,4.446918865141924471e-06,2.977129770442843437e-03
3.220000000000000000e+03,4.440296834218315780e-06,3.017788287252187729e-03
3.221000000000000000e+03,4.433257799973944202e-06,3.056777641177177429e-03
3.222000000000000000e+03,4.427792646310990676e-06,3.095168620347976685e-03
3.223000000000000000e+03,4.422239271661965176e-06,3.099001944065093994e-03
3.224000000000000000e+03,4.414578143041580915e-06,3.075643442571163177e-03
3.225000000000000000e+03,4.416443516674917191e-06,2.951992210000753403e-03
3.226000000000000000e+03,4.412377165863290429e-06,3.022189950570464134e-03
3.227000000000000000e+03,4.408112999954028055e-06,3.022224176675081253e-03
3.228000000000000000e+03,4.402349077281542122e-06,3.073995932936668396e-03
3.229000000000000000e+03,4.396870735945412889e-06,3.160155378282070160e-03
3.230000000000000000e+03,4.395152245706412941e-06,3.220833372324705124e-03
3.231000000000000000e+03,4.392737537273205817e-06,3.247261047363281250e-03
3.232000000000000000e+03,4.391516995383426547e-06,3.270307788625359535e-03
3.233000000000000000e+03,4.389555670059053227e-06,3.306145314127206802e-03
3.234000000000000000e+03,4.387054559629177675e-06,3.351491177454590797e-03
3.235000000000000000e+03,4.384274234325857833e-06,3.381984774023294449e-03
3.236000000000000000e+03,4.379757683636853471e-06,3.452226286754012108e-03
3.237000000000000000e+03,4.378317498776596040e-06,3.303548088297247887e-03
3.238000000000000000e+03,4.373419869807548821e-06,3.366140648722648621e-03
3.239000000000000000e+03,4.368753707240102813e-06,3.341898089274764061e-03
3.240000000000000000e+03,4.365725544630549848e-06,3.315015463158488274e-03
3.241000000000000000e+03,4.362127583590336144e-06,3.305525286123156548e-03
3.242000000000000000e+03,4.356476893008220941e-06,3.314825706183910370e-03
3.243000000000000000e+03,4.351000825408846140e-06,3.366529475897550583e-03
3.244000000000000000e+03,4.344990429672179744e-06,3.443794092163443565e-03
3.245000000000000000e+03,4.339248334872536361e-06,3.528724191710352898e-03
3.246000000000000000e+03,4.337529389886185527e-06,3.726011142134666443e-03
3.247000000000000000e+03,4.333652668719878420e-06,3.644587006419897079e-03
3.248000000000000000e+03,4.331619493314065039e-06,3.611863590776920319e-03
3.249000000000000000e+03,4.328304839873453602e-06,3.581617958843708038e-03
3.250000000000000000e+03,4.323098437453154474e-06,3.567066974937915802e-03
3.251000000000000000e+03,4.315863861847901717e-06,3.569881664589047432e-03
3.252000000000000000e+03,4.306764822104014456e-06,3.627770813181996346e-03
3.253000000000000000e+03,4.374708623799961060e-06,3.324601333588361740e-03
3.254000000000000000e+03,4.303747573430882767e-06,3.571196226403117180e-03
3.255000000000000000e+03,4.293780420994153246e-06,3.643011208623647690e-03
3.256000000000000000e+03,4.286855528334854171e-06,3.695749444887042046e-03
3.257000000000000000e+03,4.280356279195984825e-06,3.749045077711343765e-03
3.258000000000000000e+03,4.274202183296438307e-06,3.744639456272125244e-03
3.259000000000000000e+03,4.268196335033280775e-06,3.703038906678557396e-03
3.260000000000000000e+03,4.260735295247286558e-06,3.707307856529951096e-03
3.261000000000000000e+03,4.253764473105547950e-06,3.686951007694005966e-03
3.262000000000000000e+03,4.248775439918972552e-06,3.660511923953890800e-03
3.263000000000000000e+03,4.246111529937479645e-06,3.782708896324038506e-03
3.264000000000000000e+03,4.243660441716201603e-06,3.724127309396862984e-03
3.265000000000000000e+03,4.235077540215570480e-06,3.759230021387338638e-03
3.266000000000000000e+03,4.232698302075732499e-06,3.766507608816027641e-03
3.267000000000000000e+03,4.228760644764406607e-06,3.805330023169517517e-03
3.268000000000000000e+03,4.226803412166191265e-06,3.810521448031067848e-03
3.269000000000000000e+03,4.222467396175488830e-06,3.752548014745116234e-03
3.270000000000000000e+03,4.219010861561400816e-06,3.702447982504963875e-03
3.271000000000000000e+03,4.215283752273535356e-06,3.649311373010277748e-03
3.272000000000000000e+03,4.213065949443262070e-06,3.632217645645141602e-03
3.273000000000000000e+03,4.210281986161135137e-06,3.626429475843906403e-03
3.274000000000000000e+03,4.207749043416697532e-06,3.644255921244621277e-03
3.275000000000000000e+03,4.204418928566155955e-06,3.668971126899123192e-03
3.276000000000000000e+03,4.202409400022588670e-06,3.686279756948351860e-03
3.277000000000000000e+03,4.200043349555926397e-06,3.693889826536178589e-03
3.278000000000000000e+03,4.197079306322848424e-06,3.690760349854826927e-03
3.279000000000000000e+03,4.197998805466340855e-06,3.685402916744351387e-03
3.280000000000000000e+03,4.195046585664385930e-06,3.688200144097208977e-03
3.281000000000000000e+03,4.192304913885891438e-06,3.749280702322721481e-03
3.282000000000000000e+03,4.188093953416682780e-06,3.667852841317653656e-03
3.283000000000000000e+03,4.184336376056307927e-06,3.666498232632875443e-03
3.284000000000000000e+03,4.179790266789495945e-06,3.657691646367311478e-03
3.285000000000000000e+03,4.173772140347864479e-06,3.673216793686151505e-03
3.286000000000000000e+03,4.167765837337356061e-06,3.687498858198523521e-03
3.287000000000000000e+03,4.163075118412962183e-06,3.713978687301278114e-03
3.288000000000000000e+03,4.159788659308105707e-06,3.732200711965560913e-03
3.289000000000000000e+03,4.154687758273212239e-06,3.754100995138287544e-03
3.290000000000000000e+03,4.148785137658705935e-06,3.802265971899032593e-03
3.291000000000000000e+03,4.145862931181909516e-06,3.895848756656050682e-03
3.292000000000000000e+03,4.138854819757398218e-06,3.944858908653259277e-03
3.293000000000000000e+03,4.136266852583503351e-06,3.817257704213261604e-03
3.294000000000000000e+03,4.133042239118367434e-06,3.867378458380699158e-03
3.295000000000000000e+03,4.135062226851005107e-06,4.025804344564676285e-03
3.296000000000000000e+03,4.131292826059507206e-06,3.929085098206996918e-03
3.297000000000000000e+03,4.140087185078300536e-06,4.141907207667827606e-03
3.298000000000000000e+03,4.130358320253435522e-06,3.980972804129123688e-03
3.299000000000000000e+03,4.126608928345376626e-06,3.928169142454862595e-03
3.300000000000000000e+03,4.121775418752804399e-06,4.000594839453697205e-03
3.301000000000000000e+03,4.116367563256062567e-06,4.076379816979169846e-03
3.302000000000000000e+03,4.112112492293817922e-06,4.149324260652065277e-03
3.303000000000000000e+03,4.107064341951627284e-06,4.187144339084625244e-03
3.304000000000000000e+03,4.100808382645482197e-06,4.212155938148498535e-03
3.305000000000000000e+03,4.093789357284549624e-06,4.200560972094535828e-03
3.306000000000000000e+03,4.088584319106303155e-06,4.203168675303459167e-03
3.307000000000000000e+03,4.084737611265154555e-06,4.199654329568147659e-03
3.308000000000000000e+03,4.081732186023145914e-06,4.245948977768421173e-03
3.309000000000000000e+03,4.079656719113700092e-06,4.281068220734596252e-03
3.310000000000000000e+03,4.077172889083158225e-06,4.337681923061609268e-03
3.311000000000000000e+03,4.073521267855539918e-06,4.446778446435928345e-03
3.312000000000000000e+03,4.069779151905095205e-06,4.491058178246021271e-03
3.313000000000000000e+03,4.065363555127987638e-06,4.507646895945072174e-03
3.314000000000000000e+03,4.059435923409182578e-06,4.510310012847185135e-03
3.315000000000000000e+03,4.053298198414267972e-06,4.544303752481937408e-03
3.316000000000000000e+03,4.050115876452764496e-06,4.580766893923282623e-03
3.317000000000000000e+03,4.045645709993550554e-06,4.546001553535461426e-03
3.318000000000000000e+03,4.042445198138011619e-06,4.529516678303480148e-03
3.319000000000000000e+03,4.039876330352853984e-06,4.484800156205892563e-03
3.320000000000000000e+03,4.036203790747094899e-06,4.443178884685039520e-03
3.321000000000000000e+03,4.031597654829965904e-06,4.341411869972944260e-03
3.322000000000000000e+03,4.028123385069193318e-06,4.283285234123468399e-03
3.323000000000000000e+03,4.024000190838705748e-06,4.218567162752151489e-03
3.324000000000000000e+03,4.020644610136514530e-06,4.209983628243207932e-03
3.325000000000000000e+03,4.016434104414656758e-06,4.206055309623479843e-03
3.326000000000000000e+03,4.011217242805287242e-06,4.222553223371505737e-03
3.327000000000000000e+03,4.005184564448427409e-06,4.255882930010557175e-03
3.328000000000000000e+03,4.003943558927858248e-06,4.327418748289346695e-03
3.329000000000000000e+03,4.000294666184345260e-06,4.391605034470558167e-03
3.330000000000000000e+03,3.997263320343336090e-06,4.339825361967086792e-03
3.331000000000000000e+03,3.995373845100402832e-06,4.370691720396280289e-03
3.332000000000000000e+03,3.991950052295578644e-06,4.461587406694889069e-03
3.333000000000000000e+03,3.990010554844047874e-06,4.534019622951745987e-03
3.334000000000000000e+03,3.987165655416902155e-06,4.594335332512855530e-03
3.335000000000000000e+03,3.982179805461782962e-06,4.642073065042495728e-03
3.336000000000000000e+03,3.978164841100806370e-06,4.664573352783918381e-03
3.337000000000000000e+03,3.975444997195154428e-06,4.659092519432306290e-03
3.338000000000000000e+03,3.991449375462252647e-06,4.743187688291072845e-03
3.339000000000000000e+03,3.974466380896046758e-06,4.674597643315792084e-03
3.340000000000000000e+03,3.976342213718453422e-06,4.873050376772880554e-03
3.341000000000000000e+03,3.971998921770136803e-06,4.760236013680696487e-03
3.342000000000000000e+03,3.969927547586848959e-06,4.750002641230821609e-03
3.343000000000000000e+03,3.967250449932180345e-06,4.747899249196052551e-03
3.344000000000000000e+03,3.965488758694846183e-06,4.749930463731288910e-03
3.345000000000000000e+03,3.963094059145078063e-06,4.775040317326784134e-03
3.346000000000000000e+03,3.961734819313278422e-06,4.789168015122413635e-03
3.347000000000000000e+03,3.958250090363435447e-06,4.839007277041673660e-03
3.348000000000000000e+03,3.955290594603866339e-06,4.864956252276897430e-03
3.349000000000000000e+03,3.957261469622608274e-06,4.972366150468587875e-03
3.350000000000000000e+03,3.953901341446908191e-06,4.909554962068796158e-03
3.351000000000000000e+03,3.949820438720053062e-06,4.942659288644790649e-03
3.352000000000000000e+03,3.946687684219796211e-06,4.929510876536369324e-03
3.353000000000000000e+03,3.943555839214241132e-06,4.923479165881872177e-03
3.354000000000000000e+03,3.937157089239917696e-06,4.865356255322694778e-03
3.355000000000000000e+03,3.930200819013407454e-06,4.908476490527391434e-03
3.356000000000000000e+03,3.924705197277944535e-06,4.766623023897409439e-03
3.357000000000000000e+03,3.919035862054442987e-06,4.855569452047348022e-03
3.358000000000000000e+03,3.914789886039216071e-06,4.972870927304029465e-03
3.359000000000000000e+03,3.911854037141893059e-06,5.001865327358245850e-03
3.360000000000000000e+03,3.906813617504667491e-06,5.031653214246034622e-03
3.361000000000000000e+03,3.902490334439789876e-06,5.025464575737714767e-03
3.362000000000000000e+03,3.897250735462876037e-06,5.029100459069013596e-03
3.363000000000000000e+03,3.893470420734956861e-06,4.945900756865739822e-03
3.364000000000000000e+03,3.890557309205178171e-06,4.916516598314046860e-03
3.365000000000000000e+03,3.888438641297398135e-06,4.878128413110971451e-03
3.366000000000000000e+03,3.885401383740827441e-06,4.881683271378278732e-03
3.367000000000000000e+03,4.088425157533492893e-06,4.115038085728883743e-03
3.368000000000000000e+03,3.883007593685761094e-06,4.805872682482004166e-03
3.369000000000000000e+03,3.877960352838272229e-06,4.804977681487798691e-03
3.370000000000000000e+03,3.871443823300069198e-06,4.795832093805074692e-03
3.371000000000000000e+03,3.877115432260325179e-06,4.729625768959522247e-03
3.372000000000000000e+03,3.869049123750301078e-06,4.772493150085210800e-03
3.373000000000000000e+03,3.866263796226121485e-06,4.780995659530162811e-03
3.374000000000000000e+03,3.860709057335043326e-06,4.830074496567249298e-03
3.375000000000000000e+03,3.897835540556116030e-06,4.560983274132013321e-03
3.376000000000000000e+03,3.859986463794484735e-06,4.794934764504432678e-03
3.377000000000000000e+03,3.857701358356280252e-06,4.799711983650922775e-03
3.378000000000000000e+03,3.853298949252348393e-06,4.782598000019788742e-03
3.379000000000000000e+03,3.849557742796605453e-06,4.746485501527786255e-03
3.380000000000000000e+03,3.845857918349793181e-06,4.697754513472318649e-03
3.381000000000000000e+03,3.842677415377693251e-06,4.617504309862852097e-03
3.382000000000000000e+03,3.839847977360477671e-06,4.576254170387983322e-03
3.383000000000000000e+03,3.835365077975438908e-06,4.440177232027053833e-03
3.384000000000000000e+03,3.832510628853924572e-06,4.359391983598470688e-03
3.385000000000000000e+03,3.829855359072098508e-06,4.317147657275199890e-03
3.386000000000000000e+03,3.827290584013098851e-06,4.296891856938600540e-03
3.387000000000000000e+03,3.824353370873723179e-06,4.279946908354759216e-03
3.388000000000000000e+03,3.821576683549210429e-06,4.258252214640378952e-03
3.389000000000000000e+03,3.818443474301602691e-06,4.210365470498800278e-03
3.390000000000000000e+03,3.814780029642861336e-06,4.202063195407390594e-03
3.391000000000000000e+03,3.832361471722833812e-06,3.807609202340245247e-03
3.392000000000000000e+03,3.812872137132217176e-06,4.106489475816488266e-03
3.393000000000000000e+03,3.809003601418226026e-06,4.120667465031147003e-03
3.394000000000000000e+03,3.800114654950448312e-06,4.172674380242824554e-03
3.395000000000000000e+03,3.794632675635511987e-06,4.245696589350700378e-03
3.396000000000000000e+03,3.791029485000763088e-06,4.268838092684745789e-03
3.397000000000000000e+03,3.784779664783854969e-06,4.266575444489717484e-03
3.398000000000000000e+03,3.780165570788085461e-06,4.271313548088073730e-03
3.399000000000000000e+03,3.774326614802703261e-06,4.283972084522247314e-03
3.400000000000000000e+03,3.768211854549008422e-06,4.292187280952930450e-03
3.401000000000000000e+03,3.762712822208413854e-06,4.340791609138250351e-03
3.402000000000000000e+03,3.757414333449560218e-06,4.395577125251293182e-03
3.403000000000000000e+03,3.752143811652786098e-06,4.442359320819377899e-03
3.404000000000000000e+03,3.746860784303862602e-06,4.482476506382226944e-03
3.405000000000000000e+03,3.741664613698958419e-06,4.510283935815095901e-03
3.406000000000000000e+03,3.737131237357971258e-06,4.531237296760082245e-03
3.407000000000000000e+03,3.732312961801653728e-06,4.555975552648305893e-03
3.408000000000000000e+03,3.788367848756024614e-06,4.527358803898096085e-03
3.409000000000000000e+03,3.731545803020708263e-06,4.552046768367290497e-03
3.410000000000000000e+03,3.727272769538103603e-06,4.620910156518220901e-03
3.411000000000000000e+03,3.724032467289362103e-06,4.657885525375604630e-03
3.412000000000000000e+03,3.720730319400900044e-06,4.749551881104707718e-03
3.413000000000000000e+03,3.716852461366215721e-06,4.777202848345041275e-03
3.414000000000000000e+03,3.748590870600310154e-06,5.492785014212131500e-03
3.415000000000000000e+03,3.715367938639246859e-06,4.897337872534990311e-03
3.416000000000000000e+03,3.711512363224755973e-06,4.895390011370182037e-03
3.417000000000000000e+03,3.707949645104235969e-06,4.859301727265119553e-03
3.418000000000000000e+03,3.702881031131255440e-06,4.816061817109584808e-03
3.419000000000000000e+03,3.696580506584723480e-06,4.791017621755599976e-03
3.420000000000000000e+03,3.689004188345279545e-06,4.758373834192752838e-03
3.421000000000000000e+03,3.683769818962900899e-06,4.736757837235927582e-03
3.422000000000000000e+03,3.680121608340414241e-06,4.737233743071556091e-03
3.423000000000000000e+03,3.678252824101946317e-06,4.760265816003084183e-03
3.424000000000000000e+03,3.676328333312994801e-06,4.777029156684875488e-03
3.425000000000000000e+03,3.673635319501045160e-06,4.796979948878288269e-03
3.426000000000000000e+03,3.671733111332287081e-06,4.798294976353645325e-03
3.427000000000000000e+03,3.669374109449563548e-06,4.760056268423795700e-03
3.428000000000000000e+03,3.679544533952139318e-06,4.886903334408998489e-03
3.429000000000000000e+03,3.668442559501272626e-06,4.789492115378379822e-03
3.430000000000000000e+03,3.667076271085534245e-06,4.770956933498382568e-03
3.431000000000000000e+03,3.665204530989285558e-06,4.755630157887935638e-03
3.432000000000000000e+03,3.663532879727426916e-06,4.753262270241975784e-03
3.433000000000000000e+03,3.659184585558250546e-06,4.726308863610029221e-03
3.434000000000000000e+03,3.655758973764022812e-06,4.708038177341222763e-03
3.435000000000000000e+03,3.652289024103083648e-06,4.675481468439102173e-03
3.436000000000000000e+03,3.649814516393234953e-06,4.664023406803607941e-03
3.437000000000000000e+03,3.647843641374493018e-06,4.664727021008729935e-03
3.438000000000000000e+03,3.646737923190812580e-06,4.682386759668588638e-03
3.439000000000000000e+03,3.644032631200389005e-06,4.704419057816267014e-03
3.440000000000000000e+03,3.641639978013699874e-06,4.727215040475130081e-03
3.441000000000000000e+03,3.638738462541368790e-06,4.715130664408206940e-03
3.442000000000000000e+03,3.650719690995174460e-06,4.908613394945859909e-03
3.443000000000000000e+03,3.636701649156748317e-06,4.769025370478630066e-03
3.444000000000000000e+03,3.633477263065287843e-06,4.741476848721504211e-03
3.445000000000000000e+03,3.630348828664864413e-06,4.715429618954658508e-03
3.446000000000000000e+03,3.627684463936020620e-06,4.713192116469144821e-03
3.447000000000000000e+03,3.623227030402631499e-06,4.743392113596200943e-03
3.448000000000000000e+03,3.617842367020784877e-06,4.787463694810867310e-03
3.449000000000000000e+03,3.615577043092343956e-06,4.839119967073202133e-03
3.450000000000000000e+03,3.606326117733260617e-06,4.917585756629705429e-03
3.451000000000000000e+03,3.602455763029865921e-06,4.884914960712194443e-03
3.452000000000000000e+03,3.600363015721086413e-06,4.862681496888399124e-03
3.453000000000000000e+03,3.598502644308609888e-06,4.855919163674116135e-03
3.454000000000000000e+03,3.596404667405295186e-06,4.847876727581024170e-03
3.455000000000000000e+03,3.592869234125828370e-06,4.864754620939493179e-03
3.456000000000000000e+03,3.629179218478384428e-06,4.295816179364919662e-03
3.457000000000000000e+03,3.590314690882223658e-06,4.747385159134864807e-03
3.458000000000000000e+03,3.585999820643337443e-06,4.734735935926437378e-03
3.459000000000000000e+03,3.579103122319793329e-06,4.674882628023624420e-03
3.460000000000000000e+03,3.576680455807945691e-06,4.656621720641851425e-03
3.461000000000000000e+03,3.574175480025587603e-06,4.632082302123308182e-03
3.462000000000000000e+03,3.571558409021236002e-06,4.659450612962245941e-03
3.463000000000000000e+03,3.569186219465336762e-06,4.668854176998138428e-03
3.464000000000000000e+03,3.567649400793015957e-06,4.722076468169689178e-03
3.465000000000000000e+03,3.565772203728556633e-06,4.738183226436376572e-03
3.466000000000000000e+03,3.561487119441153482e-06,4.765096120536327362e-03
3.467000000000000000e+03,3.558754542609676719e-06,4.832938313484191895e-03
3.468000000000000000e+03,3.556086994649376720e-06,4.835830070078372955e-03
3.469000000000000000e+03,3.552452199073741212e-06,4.792703315615653992e-03
3.470000000000000000e+03,3.547626420186134055e-06,4.712512716650962830e-03
3.471000000000000000e+03,3.543875209288671613e-06,4.626438487321138382e-03
3.472000000000000000e+03,3.539618546710698865e-06,4.580130334943532944e-03
3.473000000000000000e+03,3.536328449627035297e-06,4.526613280177116394e-03
3.474000000000000000e+03,3.533995823090663180e-06,4.501553252339363098e-03
3.475000000000000000e+03,3.531293714331695810e-06,4.422139842063188553e-03
3.476000000000000000e+03,3.540211309882579371e-06,4.223892930895090103e-03
3.477000000000000000e+03,3.529586138029117137e-06,4.365524277091026306e-03
3.478000000000000000e+03,3.526751015670015477e-06,4.345782101154327393e-03
3.479000000000000000e+03,3.524266048771096393e-06,4.323394037783145905e-03
3.480000000000000000e+03,3.523178065734100528e-06,4.319402389228343964e-03
3.481000000000000000e+03,3.519958227116148919e-06,4.310282412916421890e-03
3.482000000000000000e+03,3.517027380439685658e-06,4.303245339542627335e-03
3.483000000000000000e+03,3.513697947710170411e-06,4.297323990613222122e-03
3.484000000000000000e+03,3.511772320052841678e-06,4.297877661883831024e-03
3.485000000000000000e+03,3.509275074975448661e-06,4.277229309082031250e-03
3.486000000000000000e+03,3.507580686346045695e-06,4.270015284419059753e-03
3.487000000000000000e+03,3.504917685859254561e-06,4.299193155020475388e-03
3.488000000000000000e+03,3.510120450300746597e-06,4.342486616224050522e-03
3.489000000000000000e+03,3.503927928250050172e-06,4.312064498662948608e-03
3.490000000000000000e+03,3.500942966638831422e-06,4.347105510532855988e-03
3.491000000000000000e+03,3.496633325994480401e-06,4.417836666107177734e-03
3.492000000000000000e+03,3.493051281111547723e-06,4.445224534720182419e-03
3.493000000000000000e+03,3.491445568215567619e-06,4.483086522668600082e-03
3.494000000000000000e+03,3.487379899524967186e-06,4.479883704334497452e-03
3.495000000000000000e+03,3.484877197479363531e-06,4.480714444071054459e-03
3.496000000000000000e+03,3.481420662865275517e-06,4.499384667724370956e-03
3.497000000000000000e+03,3.478272901702439412e-06,4.466913640499114990e-03
3.498000000000000000e+03,3.502934532662038691e-06,4.722943995147943497e-03
3.499000000000000000e+03,3.477282916719559580e-06,4.510622005909681320e-03
3.500000000000000000e+03,3.475185849310946651e-06,4.481024108827114105e-03
3.501000000000000000e+03,3.473837068668217398e-06,4.439240321516990662e-03
3.502000000000000000e+03,3.472312073427019641e-06,4.420733079314231873e-03
3.503000000000000000e+03,3.468808017714763992e-06,4.378804005682468414e-03
3.504000000000000000e+03,3.465140935077215545e-06,4.363992717117071152e-03
3.505000000000000000e+03,3.460670541244326159e-06,4.328957758843898773e-03
3.506000000000000000e+03,3.457103957771323621e-06,4.359318874776363373e-03
3.507000000000000000e+03,3.454099214650341310e-06,4.370427690446376801e-03
3.508000000000000000e+03,3.451604243309702724e-06,4.365287255495786667e-03
3.509000000000000000e+03,3.449411451583728194e-06,4.329544026404619217e-03
3.510000000000000000e+03,3.446634082138189115e-06,4.272283054888248444e-03
3.511000000000000000e+03,3.454789066381636076e-06,4.174845758825540543e-03
3.512000000000000000e+03,3.445974016358377412e-06,4.253188148140907288e-03
3.513000000000000000e+03,3.444309413680457510e-06,4.227187950164079666e-03
3.514000000000000000e+03,3.442414254095638171e-06,4.226001910865306854e-03
3.515000000000000000e+03,3.440723048697691411e-06,4.256355110555887222e-03
3.516000000000000000e+03,3.439219426581985317e-06,4.326079040765762329e-03
3.517000000000000000e+03,3.436532779232948087e-06,4.445910919457674026e-03
3.518000000000000000e+03,3.434093741816468537e-06,4.513182677328586578e-03
3.519000000000000000e+03,3.431170171097619459e-06,4.549618810415267944e-03
3.520000000000000000e+03,3.576326889742631465e-06,5.195753183215856552e-03
3.521000000000000000e+03,3.429879370742128231e-06,4.607961513102054596e-03
3.522000000000000000e+03,3.425265731493709609e-06,4.606826696544885635e-03
3.523000000000000000e+03,3.418755568418418989e-06,4.597948398441076279e-03
3.524000000000000000e+03,3.413319973333273083e-06,4.554849117994308472e-03
3.525000000000000000e+03,3.409008058952167630e-06,4.581038374453783035e-03
3.526000000000000000e+03,3.405374172871233895e-06,4.676363430917263031e-03
3.527000000000000000e+03,3.402631364224362187e-06,4.772243089973926544e-03
3.528000000000000000e+03,3.400497917027678341e-06,4.884404130280017853e-03
3.529000000000000000e+03,3.398512262720032595e-06,4.949873313307762146e-03
3.530000000000000000e+03,3.395615522094885819e-06,4.950861912220716476e-03
3.531000000000000000e+03,3.395153498786385171e-06,4.894898738712072372e-03
3.532000000000000000e+03,3.402351694603567012e-06,4.867321345955133438e-03
3.533000000000000000e+03,3.394349278096342459e-06,4.887227900326251984e-03
3.534000000000000000e+03,3.392324060769169591e-06,4.879241809248924255e-03
3.535000000000000000e+03,3.390761548871523701e-06,4.901916254311800003e-03
3.536000000000000000e+03,3.388463028386468068e-06,4.876295570284128189e-03
3.537000000000000000e+03,3.383886451047146693e-06,4.814244341105222702e-03
3.538000000000000000e+03,3.378411292942473665e-06,4.744466859847307205e-03
3.539000000000000000e+03,3.370993226781138219e-06,4.630070179700851440e-03
3.540000000000000000e+03,3.365226575624546967e-06,4.537198692560195923e-03
3.541000000000000000e+03,3.359411721248761751e-06,4.525981377810239792e-03
3.542000000000000000e+03,3.353819693074910901e-06,4.538653418421745300e-03
3.543000000000000000e+03,3.350776296429103240e-06,4.556897561997175217e-03
3.544000000000000000e+03,3.349115104356314987e-06,4.561509937047958374e-03
3.545000000000000000e+03,3.347794745423016138e-06,4.551103338599205017e-03
3.546000000000000000e+03,3.347194706293521449e-06,4.559780471026897430e-03
3.547000000000000000e+03,3.356309434821014293e-06,4.543166141957044601e-03
3.548000000000000000e+03,3.345364348206203431e-06,4.555185325443744659e-03
3.549000000000000000e+03,3.343315711390459910e-06,4.551203921437263489e-03
3.550000000000000000e+03,3.340104740345850587e-06,4.546114709228277206e-03
3.551000000000000000e+03,3.337409907544497401e-06,4.527074284851551056e-03
3.552000000000000000e+03,3.332422693347325549e-06,4.415674600750207901e-03
3.553000000000000000e+03,3.378896963113220409e-06,4.563331138342618942e-03
3.554000000000000000e+03,3.330763092890265398e-06,4.439632873982191086e-03
3.555000000000000000e+03,3.327206286485306919e-06,4.466612357646226883e-03
3.556000000000000000e+03,3.323908913444029167e-06,4.533416591584682465e-03
3.557000000000000000e+03,3.322459633636754006e-06,4.557110834866762161e-03
3.558000000000000000e+03,3.320023552078055218e-06,4.549104254692792892e-03
3.559000000000000000e+03,3.317683194836718030e-06,4.521961789578199387e-03
3.560000000000000000e+03,3.315420599392382428e-06,4.466108046472072601e-03
3.561000000000000000e+03,3.313733941467944533e-06,4.412228707224130630e-03
3.562000000000000000e+03,3.311698037578025833e-06,4.346672445535659790e-03
3.563000000000000000e+03,3.438530029598041438e-06,4.250057041645050049e-03
3.564000000000000000e+03,3.311233285785419866e-06,4.340930376201868057e-03
3.565000000000000000e+03,3.309582552901702002e-06,4.370950628072023392e-03
3.566000000000000000e+03,3.306988674012245610e-06,4.322482738643884659e-03
3.567000000000000000e+03,3.304733127151848748e-06,4.287340212613344193e-03
3.568000000000000000e+03,3.301832066426868550e-06,4.226562567055225372e-03
3.569000000000000000e+03,3.297021294201840647e-06,4.085292574018239975e-03
3.570000000000000000e+03,3.295322585472604260e-06,4.020765423774719238e-03
3.571000000000000000e+03,3.288211928520468064e-06,3.801398910582065582e-03
3.572000000000000000e+03,3.286008222858072259e-06,3.834784263744950294e-03
3.573000000000000000e+03,3.284097374489647336e-06,3.862044773995876312e-03
3.574000000000000000e+03,3.282803618276375346e-06,3.870620625093579292e-03
3.575000000000000000e+03,3.280411874584387988e-06,3.874710295349359512e-03
3.576000000000000000e+03,3.277449422967038117e-06,3.907997626811265945e-03
3.577000000000000000e+03,3.273859420005464926e-06,3.892170498147606850e-03
3.578000000000000000e+03,3.270222805440425873e-06,3.879093099385499954e-03
3.579000000000000000e+03,3.397109821889898740e-06,3.304041456431150436e-03
3.580000000000000000e+03,3.268734189987299033e-06,3.813938004896044731e-03
3.581000000000000000e+03,3.264582346673705615e-06,3.807352157309651375e-03
3.582000000000000000e+03,3.259453706050408073e-06,3.804295789450407028e-03
3.583000000000000000e+03,3.256488298575277440e-06,3.788241418078541756e-03
3.584000000000000000e+03,3.252470150982844643e-06,3.769578645005822182e-03
3.585000000000000000e+03,3.250026111345505342e-06,3.761879634112119675e-03
3.586000000000000000e+03,3.245625521230977029e-06,3.766440087929368019e-03
3.587000000000000000e+03,3.242422735638683662e-06,3.781307255849242210e-03
3.588000000000000000e+03,3.239953002776019275e-06,3.820301499217748642e-03
3.589000000000000000e+03,3.238163571950281039e-06,3.864332800731062889e-03
3.590000000000000000e+03,3.236543989260098897e-06,3.922345582395792007e-03
3.591000000000000000e+03,3.234105633964645676e-06,4.000635351985692978e-03
3.592000000000000000e+03,3.231017217331100255e-06,4.129496868699789047e-03
3.593000000000000000e+03,3.227804882044438273e-06,4.235576838254928589e-03
3.594000000000000000e+03,3.224150987080065534e-06,4.321960266679525375e-03
3.595000000000000000e+03,3.221372253392473795e-06,4.355153534561395645e-03
3.596000000000000000e+03,3.218930714865564369e-06,4.293486475944519043e-03
3.597000000000000000e+03,3.216756795154651627e-06,4.197648260742425919e-03
3.598000000000000000e+03,3.212151113984873518e-06,4.171025473624467850e-03
3.599000000000000000e+03,3.209435817552730441e-06,4.156296607106924057e-03
3.600000000000000000e+03,3.205828761565499008e-06,4.135239403694868088e-03
3.601000000000000000e+03,3.199883622073684819e-06,4.113325849175453186e-03
3.602000000000000000e+03,3.200898618160863407e-06,4.080144222825765610e-03
3.603000000000000000e+03,3.197359546902589500e-06,4.097830504179000854e-03
3.604000000000000000e+03,3.191990572304348461e-06,4.132327158004045486e-03
3.605000000000000000e+03,3.188471509929513559e-06,4.164800513535737991e-03
3.606000000000000000e+03,3.183672333761933260e-06,4.209219943732023239e-03
3.607000000000000000e+03,3.177646476615336724e-06,4.298064392060041428e-03
3.608000000000000000e+03,3.172623110003769398e-06,4.352409392595291138e-03
3.609000000000000000e+03,3.166290525768999942e-06,4.397989716380834579e-03
3.610000000000000000e+03,3.162871053064009175e-06,4.372593946754932404e-03
3.611000000000000000e+03,3.160651885991683230e-06,4.324301145970821381e-03
3.612000000000000000e+03,3.158522076773806475e-06,4.294537007808685303e-03
3.613000000000000000e+03,3.154753812850685790e-06,4.231459461152553558e-03
3.614000000000000000e+03,3.152323870381223969e-06,4.227255936712026596e-03
3.615000000000000000e+03,3.146813924104208127e-06,4.245786461979150772e-03
3.616000000000000000e+03,3.143043841191683896e-06,4.262420814484357834e-03
3.617000000000000000e+03,3.139158479825709946e-06,4.255314357578754425e-03
3.618000000000000000e+03,3.239666057197609916e-06,4.549418576061725616e-03
3.619000000000000000e+03,3.136367240585968830e-06,4.295896738767623901e-03
3.620000000000000000e+03,3.133689006062922999e-06,4.261781461536884308e-03
3.621000000000000000e+03,3.128814114461420104e-06,4.209481645375490189e-03
3.622000000000000000e+03,3.126565616184961982e-06,4.168573301285505295e-03
3.623000000000000000e+03,3.122808720945613459e-06,4.117083735764026642e-03
3.624000000000000000e+03,3.119670054729795083e-06,4.095543175935745239e-03
3.625000000000000000e+03,3.114133505732752383e-06,4.063713364303112030e-03
3.626000000000000000e+03,3.108868895651539788e-06,4.056126344949007034e-03
3.627000000000000000e+03,3.105375981249380857e-06,4.104305990040302277e-03
3.628000000000000000e+03,3.103350763922207989e-06,4.138899967074394226e-03
3.629000000000000000e+03,3.100991762039484456e-06,4.180035553872585297e-03
3.630000000000000000e+03,3.100632056884933263e-06,4.277311731129884720e-03
3.631000000000000000e+03,3.094610292464494705e-06,4.296873230487108231e-03
3.632000000000000000e+03,3.092779479629825801e-06,4.217189736664295197e-03
3.633000000000000000e+03,3.090069867539568804e-06,4.136377014219760895e-03
3.634000000000000000e+03,3.085635853494750336e-06,3.989131189882755280e-03
3.635000000000000000e+03,3.083193178099463694e-06,3.937806468456983566e-03
3.636000000000000000e+03,3.080549959122436121e-06,3.899392671883106232e-03
3.637000000000000000e+03,3.078708459725021385e-06,3.896405920386314392e-03
3.638000000000000000e+03,3.076224174947128631e-06,3.886346472427248955e-03
3.639000000000000000e+03,3.072284243899048306e-06,3.849206725135445595e-03
3.640000000000000000e+03,3.066194040002301335e-06,3.752086544409394264e-03
3.641000000000000000e+03,3.060252538489294238e-06,3.612097352743148804e-03
3.642000000000000000e+03,3.056564537473605014e-06,3.543765516951680183e-03
3.643000000000000000e+03,3.054186208828468807e-06,3.502231091260910034e-03
3.644000000000000000e+03,3.052237616429920308e-06,3.523997496813535690e-03
3.645000000000000000e+03,3.050349278055364266e-06,3.575028851628303528e-03
3.646000000000000000e+03,3.048523012694204226e-06,3.567295614629983902e-03
3.647000000000000000e+03,3.047221071028616279e-06,3.518002340570092201e-03
3.648000000000000000e+03,3.049574161195778288e-06,3.522181650623679161e-03
3.649000000000000000e+03,3.046133087991620414e-06,3.519265446811914444e-03
3.650000000000000000e+03,3.043760443688370287e-06,3.525516251102089882e-03
3.651000000000000000e+03,3.041753643628908321e-06,3.516823053359985352e-03
3.652000000000000000e+03,3.038406475752708502e-06,3.493100637570023537e-03
3.653000000000000000e+03,3.038865315829752944e-06,3.490459872409701347e-03
3.654000000000000000e+03,3.037122269233805127e-06,3.491748357191681862e-03
3.655000000000000000e+03,3.033259417861700058e-06,3.435565857216715813e-03
3.656000000000000000e+03,3.027307002412271686e-06,3.546009073033928871e-03
3.657000000000000000e+03,3.022783857886679471e-06,3.564312821254134178e-03
3.658000000000000000e+03,3.017465814991737716e-06,3.590524895116686821e-03
3.659000000000000000e+03,3.014467893081018701e-06,3.620910923928022385e-03
3.660000000000000000e+03,3.008871317433658987e-06,3.683088580146431923e-03
3.661000000000000000e+03,3.009288093380746432e-06,3.876962000504136086e-03
3.662000000000000000e+03,3.007153736689360812e-06,3.772878088057041168e-03
3.663000000000000000e+03,3.003936626555514522e-06,3.814378287643194199e-03
3.664000000000000000e+03,3.001395725732436404e-06,3.828210989013314247e-03
3.665000000000000000e+03,2.999136540893232450e-06,3.819833509624004364e-03
3.666000000000000000e+03,2.997146339112077840e-06,3.818499622866511345e-03
3.667000000000000000e+03,2.995883960466017015e-06,3.820060053840279579e-03
3.668000000000000000e+03,2.994672286149580032e-06,3.835168201476335526e-03
3.669000000000000000e+03,2.993971065734513104e-06,3.859641496092081070e-03
3.670000000000000000e+03,2.993124553540837951e-06,3.882504999637603760e-03
3.671000000000000000e+03,2.992939698742702603e-06,3.858110168948769569e-03
3.672000000000000000e+03,2.992242116306442767e-06,3.864792874082922935e-03
3.673000000000000000e+03,2.991401515828329138e-06,3.804084146395325661e-03
3.674000000000000000e+03,2.989961558341747150e-06,3.757814178243279457e-03
3.675000000000000000e+03,2.987861762449028902e-06,3.669272176921367645e-03
3.676000000000000000e+03,2.985621904372237623e-06,3.641946939751505852e-03
3.677000000000000000e+03,2.983309741466655396e-06,3.613297827541828156e-03
3.678000000000000000e+03,2.981635589094366878e-06,3.610205138102173805e-03
3.679000000000000000e+03,2.979797955049434677e-06,3.599646035581827164e-03
3.680000000000000000e+03,2.978187694679945707e-06,3.589448984712362289e-03
3.681000000000000000e+03,2.976172254420816898e-06,3.542109858244657516e-03
3.682000000000000000e+03,2.973747086798539385e-06,3.492482705041766167e-03
3.683000000000000000e+03,2.971750518554472364e-06,3.444389207288622856e-03
3.684000000000000000e+03,2.970422428916208446e-06,3.435902763158082962e-03
3.685000000000000000e+03,2.969348315673414618e-06,3.450220916420221329e-03
3.686000000000000000e+03,2.967850377899594605e-06,3.482647705823183060e-03
3.687000000000000000e+03,2.966947022287058644e-06,3.534674877300858498e-03
3.688000000000000000e+03,3.000370952577213757e-06,3.593545639887452126e-03
3.689000000000000000e+03,2.964514578707166947e-06,3.546494059264659882e-03
3.690000000000000000e+03,2.961500285891816020e-06,3.533608745783567429e-03
3.691000000000000000e+03,2.958521463369834237e-06,3.493089927360415459e-03
3.692000000000000000e+03,2.955395984827191569e-06,3.426848212257027626e-03
3.693000000000000000e+03,2.952176600956590846e-06,3.368500852957367897e-03
3.694000000000000000e+03,2.948132987512508407e-06,3.292106324806809425e-03
3.695000000000000000e+03,2.943963863799581304e-06,3.225249936804175377e-03
3.696000000000000000e+03,2.941499133157776669e-06,3.220581216737627983e-03
3.697000000000000000e+03,2.938089437520829961e-06,3.223313950002193451e-03
3.698000000000000000e+03,2.936449618573533371e-06,3.275969298556447029e-03
3.699000000000000000e+03,2.935063093900680542e-06,3.330192994326353073e-03
3.700000000000000000e+03,2.933898031187709421e-06,3.362489631399512291e-03
3.701000000000000000e+03,2.932514007625286467e-06,3.400103189051151276e-03
3.702000000000000000e+03,2.931026756414212286e-06,3.428954165428876877e-03
3.703000000000000000e+03,2.929500169557286426e-06,3.460797946900129318e-03
3.704000000000000000e+03,2.928374897237517871e-06,3.483258886262774467e-03
3.705000000000000000e+03,2.927103423644439317e-06,3.522663144394755363e-03
3.706000000000000000e+03,2.925965418398845941e-06,3.548456355929374695e-03
3.707000000000000000e+03,2.924764658018830232e-06,3.539911704137921333e-03
3.708000000000000000e+03,2.923311512859072536e-06,3.524715080857276917e-03
3.709000000000000000e+03,2.921776740549830720e-06,3.517774632200598717e-03
3.710000000000000000e+03,2.919524831668240950e-06,3.517386969178915024e-03
3.711000000000000000e+03,2.917456868090084754e-06,3.487353445962071419e-03
3.712000000000000000e+03,2.916399807872949168e-06,3.540575969964265823e-03
3.713000000000000000e+03,2.919775170084903948e-06,3.431053133681416512e-03
3.714000000000000000e+03,2.914125843744841404e-06,3.498263424262404442e-03
3.715000000000000000e+03,2.911648380177211948e-06,3.491537412628531456e-03
3.716000000000000000e+03,2.909761860792059451e-06,3.478523809462785721e-03
3.717000000000000000e+03,2.910796638389001600e-06,3.477232763543725014e-03
3.718000000000000000e+03,2.909174781962065026e-06,3.477963153272867203e-03
3.719000000000000000e+03,2.907592261180980131e-06,3.461050335317850113e-03
3.720000000000000000e+03,2.905875589931383729e-06,3.440687665715813637e-03
3.721000000000000000e+03,2.901155085055506788e-06,3.374461084604263306e-03
3.722000000000000000e+03,2.899275841627968475e-06,3.380068577826023102e-03
3.723000000000000000e+03,2.895238139899447560e-06,3.343848278746008873e-03
3.724000000000000000e+03,2.892223164963070303e-06,3.363176481798291206e-03
3.725000000000000000e+03,2.889624056479078718e-06,3.357284935191273689e-03
3.726000000000000000e+03,2.887413302232744172e-06,3.328580874949693680e-03
3.727000000000000000e+03,2.883806018871837296e-06,3.293226473033428192e-03
3.728000000000000000e+03,2.879334942917921580e-06,3.246435662731528282e-03
3.729000000000000000e+03,2.875269728974672034e-06,3.202291904017329216e-03
3.730000000000000000e+03,2.872759523597778752e-06,3.171483287587761879e-03
3.731000000000000000e+03,2.870905291274539195e-06,3.151059849187731743e-03
3.732000000000000000e+03,2.869432137231342494e-06,3.185232635587453842e-03
3.733000000000000000e+03,2.868042201953358017e-06,3.185125533491373062e-03
3.734000000000000000e+03,2.866504928533686325e-06,3.156719729304313660e-03
3.735000000000000000e+03,2.865263013518415391e-06,3.121619345620274544e-03
3.736000000000000000e+03,2.863814188458491117e-06,3.037809394299983978e-03
3.737000000000000000e+03,2.862752126020495780e-06,3.030745079740881920e-03
3.738000000000000000e+03,2.860076392607879825e-06,3.030854044482111931e-03
3.739000000000000000e+03,2.856924766092561185e-06,3.066828241571784019e-03
3.740000000000000000e+03,2.852783154594362713e-06,3.134490922093391418e-03
3.741000000000000000e+03,2.849044221875374205e-06,3.181674284860491753e-03
3.742000000000000000e+03,2.850973942258860916e-06,3.168097231537103653e-03
3.743000000000000000e+03,2.847098357960931025e-06,3.175985766574740410e-03
3.744000000000000000e+03,2.843460833901190199e-06,3.186671063303947449e-03
3.745000000000000000e+03,2.856185801647370681e-06,3.489224240183830261e-03
3.746000000000000000e+03,2.840932893377612345e-06,3.275535767897963524e-03
3.747000000000000000e+03,2.837099373209639452e-06,3.277015406638383865e-03
3.748000000000000000e+03,2.832437758115702309e-06,3.339179558679461479e-03
3.749000000000000000e+03,2.830950734278303571e-06,3.423004178330302238e-03
3.750000000000000000e+03,2.827724983944790438e-06,3.460167441517114639e-03
3.751000000000000000e+03,2.825365299941040576e-06,3.547259373590350151e-03
3.752000000000000000e+03,2.823814384100842290e-06,3.612948115915060043e-03
3.753000000000000000e+03,2.825292995112249628e-06,3.798871068283915520e-03
3.754000000000000000e+03,2.823550630637328140e-06,3.671051701530814171e-03
3.755000000000000000e+03,2.822340093189268373e-06,3.756968304514884949e-03
3.756000000000000000e+03,2.820405143211246468e-06,3.688210388645529747e-03
3.757000000000000000e+03,2.818250777636421844e-06,3.582961857318878174e-03
3.758000000000000000e+03,2.816653704940108582e-06,3.500547027215361595e-03
3.759000000000000000e+03,2.814512072291108780e-06,3.437943756580352783e-03
3.760000000000000000e+03,2.812676257235580124e-06,3.392336657270789146e-03
3.761000000000000000e+03,2.811332478813710622e-06,3.397107124328613281e-03
3.762000000000000000e+03,2.810596015478949994e-06,3.409625031054019928e-03
3.763000000000000000e+03,2.809637408063281327e-06,3.425601171329617500e-03
3.764000000000000000e+03,2.808628778439015150e-06,3.438267624005675316e-03
3.765000000000000000e+03,2.806998054438736290e-06,3.451367607340216637e-03
3.766000000000000000e+03,2.805556277962750755e-06,3.449831157922744751e-03
3.767000000000000000e+03,2.803625193337211385e-06,3.445950336754322052e-03
3.768000000000000000e+03,2.802111112032434903e-06,3.447226481512188911e-03
3.769000000000000000e+03,2.799507910822285339e-06,3.502682317048311234e-03
3.770000000000000000e+03,2.796660282911034301e-06,3.474316326901316643e-03
3.771000000000000000e+03,2.793608018691884354e-06,3.490771166980266571e-03
3.772000000000000000e+03,2.791307451843749732e-06,3.500142367556691170e-03
3.773000000000000000e+03,2.789864993246737868e-06,3.507319372147321701e-03
3.774000000000000000e+03,2.788075107673648745e-06,3.505875123664736748e-03
3.775000000000000000e+03,2.785632659652037546e-06,3.506321227177977562e-03
3.776000000000000000e+03,2.783280706353252754e-06,3.523862455040216446e-03
3.777000000000000000e+03,2.780863496809615754e-06,3.562910016626119614e-03
3.778000000000000000e+03,2.779575197564554401e-06,3.678039414808154106e-03
3.779000000000000000e+03,2.777267127385130152e-06,3.694684244692325592e-03
3.780000000000000000e+03,2.776157316475291736e-06,3.718513064086437225e-03
3.781000000000000000e+03,2.774798304017167538e-06,3.757897298783063889e-03
3.782000000000000000e+03,2.773881078610429540e-06,3.797169541940093040e-03
3.783000000000000000e+03,2.772702600850607269e-06,3.816780168563127518e-03
3.784000000000000000e+03,2.771731715256464668e-06,3.842680482193827629e-03
3.785000000000000000e+03,2.770645096461521462e-06,3.879868658259510994e-03
3.786000000000000000e+03,2.768966396615724079e-06,3.920369315892457962e-03
3.787000000000000000e+03,2.767616706478293054e-06,4.024540074169635773e-03
3.788000000000000000e+03,2.766444140434032306e-06,4.031511023640632629e-03
3.789000000000000000e+03,2.763702468655537814e-06,4.046810790896415710e-03
3.790000000000000000e+03,2.761472387646790594e-06,4.055732395499944687e-03
3.791000000000000000e+03,2.759018570941407233e-06,4.049225710332393646e-03
3.792000000000000000e+03,2.756190042418893427e-06,4.004435148090124130e-03
3.793000000000000000e+03,2.754044999164761975e-06,3.949850331991910934e-03
3.794000000000000000e+03,2.751552074187202379e-06,3.897543530911207199e-03
3.795000000000000000e+03,2.746935251707327552e-06,3.836130723357200623e-03
3.796000000000000000e+03,2.744573521340498701e-06,3.799969796091318130e-03
3.797000000000000000e+03,2.743123559412197210e-06,3.791601397097110748e-03
3.798000000000000000e+03,2.741241360126878135e-06,3.792284755036234856e-03
3.799000000000000000e+03,2.739457158895675093e-06,3.809055546298623085e-03
3.800000000000000000e+03,2.738240709732053801e-06,3.826445201411843300e-03
3.801000000000000000e+03,2.736345550147234462e-06,3.849885193631052971e-03
3.802000000000000000e+03,2.732844677666435018e-06,3.856767434626817703e-03
3.803000000000000000e+03,2.726974116740166210e-06,3.848015563562512398e-03
3.804000000000000000e+03,2.724446403590263799e-06,3.926228731870651245e-03
3.805000000000000000e+03,2.732230996116413735e-06,3.919186070561408997e-03
3.806000000000000000e+03,2.722879116845433600e-06,3.923717886209487915e-03
3.807000000000000000e+03,2.746425479926983826e-06,4.196189343929290771e-03
3.808000000000000000e+03,2.720370957831619307e-06,3.986343275755643845e-03
3.809000000000000000e+03,2.717116331041324884e-06,3.940003458410501480e-03
3.810000000000000000e+03,2.713479034355259500e-06,3.903428558260202408e-03
3.811000000000000000e+03,2.709601176320575178e-06,3.884942503646016121e-03
3.812000000000000000e+03,2.705978204176062718e-06,3.869298612698912621e-03
3.813000000000000000e+03,2.703328391362447292e-06,3.880289150401949883e-03
3.814000000000000000e+03,2.700648565223673359e-06,3.955772612243890762e-03
3.815000000000000000e+03,2.698780690479907207e-06,3.956711385399103165e-03
3.816000000000000000e+03,2.697165655263233930e-06,3.956299740821123123e-03
3.817000000000000000e+03,2.695420789677882567e-06,3.958184737712144852e-03
3.818000000000000000e+03,2.692871930776163936e-06,3.959971014410257339e-03
3.819000000000000000e+03,2.706827899601194076e-06,3.926507662981748581e-03
3.820000000000000000e+03,2.692067937459796667e-06,3.953209146857261658e-03
3.821000000000000000e+03,2.688299900910351425e-06,3.919475711882114410e-03
3.822000000000000000e+03,2.684213541215285659e-06,3.888506442308425903e-03
3.823000000000000000e+03,2.681141722860047594e-06,3.861782606691122055e-03
3.824000000000000000e+03,2.677420297914068215e-06,3.855971619486808777e-03
3.825000000000000000e+03,2.674392362678190693e-06,3.845922881737351418e-03
3.826000000000000000e+03,2.672744813025929034e-06,3.837225725874304771e-03
3.827000000000000000e+03,2.671486754479701631e-06,3.815777599811553955e-03
3.828000000000000000e+03,2.670219373612781055e-06,3.783066058531403542e-03
3.829000000000000000e+03,2.669399691512808204e-06,3.742643864825367928e-03
3.830000000000000000e+03,2.667973831194103695e-06,3.695816732943058014e-03
3.831000000000000000e+03,2.665733745743636973e-06,3.627768019214272499e-03
3.832000000000000000e+03,2.671640004336950369e-06,3.463689936324954033e-03
3.833000000000000000e+03,2.663623945409199223e-06,3.572359215468168259e-03
3.834000000000000000e+03,2.659229039636556990e-06,3.502318635582923889e-03
3.835000000000000000e+03,2.656345031937235035e-06,3.470852039754390717e-03
3.836000000000000000e+03,2.653717956491163932e-06,3.516650991514325142e-03
3.837000000000000000e+03,2.651276417964254506e-06,3.579536685720086098e-03
3.838000000000000000e+03,2.649631824169773608e-06,3.619090188294649124e-03
3.839000000000000000e+03,2.648120471349102445e-06,3.611654974520206451e-03
3.840000000000000000e+03,2.648940608196426183e-06,3.581477329134941101e-03
3.841000000000000000e+03,2.647497922225738876e-06,3.599670249968767166e-03
3.842000000000000000e+03,2.652548118931008503e-06,3.586053382605314255e-03
3.843000000000000000e+03,2.646313532750355080e-06,3.595012007281184196e-03
3.844000000000000000e+03,2.645176664373138919e-06,3.584691789001226425e-03
3.845000000000000000e+03,2.644028882059501484e-06,3.582916921004652977e-03
3.846000000000000000e+03,2.642054823809303343e-06,3.607045859098434448e-03
3.847000000000000000e+03,2.639957983774365857e-06,3.617511829361319542e-03
3.848000000000000000e+03,2.636409362821723334e-06,3.576596267521381378e-03
3.849000000000000000e+03,2.646852635734830983e-06,3.845096100121736526e-03
3.850000000000000000e+03,2.635448254295624793e-06,3.637336194515228271e-03
3.851000000000000000e+03,2.633608346513938159e-06,3.590066218748688698e-03
3.852000000000000000e+03,2.631019242471666075e-06,3.558019641786813736e-03
3.853000000000000000e+03,2.628595439091441222e-06,3.592904191464185715e-03
3.854000000000000000e+03,2.626807372507755645e-06,3.602233482524752617e-03
3.855000000000000000e+03,2.625194156280485913e-06,3.660784568637609482e-03
3.856000000000000000e+03,2.622748979774769396e-06,3.798329038545489311e-03
3.857000000000000000e+03,2.620840177769423462e-06,3.826468251645565033e-03
3.858000000000000000e+03,2.617678546812385321e-06,3.827613778412342072e-03
3.859000000000000000e+03,2.615607400002772920e-06,3.807599190622568130e-03
3.860000000000000000e+03,2.613174729049205780e-06,3.769725561141967773e-03
3.861000000000000000e+03,2.610019009807729162e-06,3.713063895702362061e-03
3.862000000000000000e+03,2.607059968795510940e-06,3.644216805696487427e-03
3.863000000000000000e+03,2.758893515419913456e-06,3.434835234656929970e-03
3.864000000000000000e+03,2.605950612633023411e-06,3.627477213740348816e-03
3.865000000000000000e+03,2.603439497761428356e-06,3.587684594094753265e-03
3.866000000000000000e+03,2.600812877062708139e-06,3.524074796587228775e-03
3.867000000000000000e+03,2.597079401311930269e-06,3.481409745290875435e-03
3.868000000000000000e+03,2.593170165710034780e-06,3.431111108511686325e-03
3.869000000000000000e+03,2.589663381513673812e-06,3.370912512764334679e-03
3.870000000000000000e+03,2.588004235803964548e-06,3.375312313437461853e-03
3.871000000000000000e+03,2.585995616755099036e-06,3.385991556569933891e-03
3.872000000000000000e+03,2.584528829174814746e-06,3.404772141948342323e-03
3.873000000000000000e+03,2.583288505775271915e-06,3.421958070248365402e-03
3.874000000000000000e+03,2.581789431133074686e-06,3.447027876973152161e-03
3.875000000000000000e+03,2.580472482804907486e-06,3.472667885944247246e-03
3.876000000000000000e+03,2.579238298494601622e-06,3.510436741635203362e-03
3.877000000000000000e+03,2.577795612523914315e-06,3.546833992004394531e-03
3.878000000000000000e+03,2.576533233877853490e-06,3.549966262653470039e-03
3.879000000000000000e+03,2.575355210865382105e-06,3.546541323885321617e-03
3.880000000000000000e+03,2.574286327217123471e-06,3.538841614499688148e-03
3.881000000000000000e+03,2.576232191131566651e-06,3.531180555000901222e-03
3.882000000000000000e+03,2.573831125118886121e-06,3.536326112225651741e-03
3.883000000000000000e+03,2.573149913587258197e-06,3.528869245201349258e-03
3.884000000000000000e+03,2.572865241745603271e-06,3.543282859027385712e-03
3.885000000000000000e+03,2.571500090198242106e-06,3.565849503502249718e-03
3.886000000000000000e+03,2.570723609096603468e-06,3.592851804569363594e-03
3.887000000000000000e+03,2.569896878412691876e-06,3.614566056057810783e-03
3.888000000000000000e+03,2.569516254879999906e-06,3.630078397691249847e-03
3.889000000000000000e+03,2.569017397036077455e-06,3.631149884313344955e-03
3.890000000000000000e+03,2.568392119428608567e-06,3.624654607847332954e-03
3.891000000000000000e+03,2.567650653872988187e-06,3.590333973988890648e-03
3.892000000000000000e+03,2.566793227742891759e-06,3.575159702450037003e-03
3.893000000000000000e+03,2.565647264418657869e-06,3.562530269846320152e-03
3.894000000000000000e+03,2.564499027357669547e-06,3.577317576855421066e-03
3.895000000000000000e+03,2.562880126788513735e-06,3.655751701444387436e-03
3.896000000000000000e+03,2.561388328103930689e-06,3.672140417620539665e-03
3.897000000000000000e+03,2.559615040809148923e-06,3.662247210741043091e-03
3.898000000000000000e+03,2.556990921220858581e-06,3.664725692942738533e-03
3.899000000000000000e+03,2.555098717493820004e-06,3.635045373812317848e-03
3.900000000000000000e+03,2.551809075157507323e-06,3.644489683210849762e-03
3.901000000000000000e+03,2.559909489718847908e-06,3.361349692568182945e-03
3.902000000000000000e+03,2.549772716520237736e-06,3.556354902684688568e-03
3.903000000000000000e+03,2.546285713833640330e-06,3.591153770685195923e-03
3.904000000000000000e+03,2.543249138398095965e-06,3.639647271484136581e-03
3.905000000000000000e+03,2.540335572120966390e-06,3.683262504637241364e-03
3.906000000000000000e+03,2.538477474445244297e-06,3.727685892954468727e-03
3.907000000000000000e+03,2.537397449486888945e-06,3.782701678574085236e-03
3.908000000000000000e+03,2.536575721023837104e-06,3.809004556387662888e-03
3.909000000000000000e+03,2.536003876230097376e-06,3.810389898717403412e-03
3.910000000000000000e+03,2.535073008402832784e-06,3.809110261499881744e-03
3.911000000000000000e+03,2.533524366299388930e-06,3.819452598690986633e-03
3.912000000000000000e+03,2.532934331611613743e-06,3.803139086812734604e-03
3.913000000000000000e+03,2.531771315261721611e-06,3.818980883806943893e-03
3.914000000000000000e+03,2.529621497160405852e-06,3.834947245195508003e-03
3.915000000000000000e+03,2.527153355913469568e-06,3.839613636955618858e-03
3.916000000000000000e+03,2.525724767110659741e-06,3.815366420894861221e-03
3.917000000000000000e+03,2.524634965084260330e-06,3.766429843381047249e-03
3.918000000000000000e+03,2.523322791603277437e-06,3.733490360900759697e-03
3.919000000000000000e+03,2.519770760045503266e-06,3.665884258225560188e-03
3.920000000000000000e+03,2.517583652661414817e-06,3.645606338977813721e-03
3.921000000000000000e+03,2.515048208806547336e-06,3.645418677479028702e-03
3.922000000000000000e+03,2.512499349904828705e-06,3.668724093586206436e-03
3.923000000000000000e+03,2.511094407964264974e-06,3.689789213240146637e-03
3.924000000000000000e+03,2.509596015443094075e-06,3.707141149789094925e-03
3.925000000000000000e+03,2.519301460779388435e-06,3.597517265006899834e-03
3.926000000000000000e+03,2.509188107069348916e-06,3.687122836709022522e-03
3.927000000000000000e+03,2.507380941096926108e-06,3.690125653520226479e-03
3.928000000000000000e+03,2.505655857021338306e-06,3.665030002593994141e-03
3.929000000000000000e+03,2.504401891201268882e-06,3.643230069428682327e-03
3.930000000000000000e+03,2.502738198018050753e-06,3.619764000177383423e-03
3.931000000000000000e+03,2.500585651432629675e-06,3.611146472394466400e-03
3.932000000000000000e+03,2.499066340533317998e-06,3.621267154812812805e-03
3.933000000000000000e+03,2.496999741197214462e-06,3.660674439743161201e-03
3.934000000000000000e+03,2.495595708751352504e-06,3.686075098812580109e-03
3.935000000000000000e+03,2.494159616617253050e-06,3.738015890121459961e-03
3.936000000000000000e+03,2.492992507541202940e-06,3.768654307350516319e-03
3.937000000000000000e+03,2.491939540050225332e-06,3.763051237910985947e-03
3.938000000000000000e+03,2.504665644664783031e-06,4.210493527352809906e-03
3.939000000000000000e+03,2.491044824637356214e-06,3.848948515951633453e-03
3.940000000000000000e+03,2.489746066203224473e-06,3.856566734611988068e-03
3.941000000000000000e+03,2.487525307515170425e-06,3.895279718562960625e-03
3.942000000000000000e+03,2.486109679011860862e-06,3.897020127624273300e-03
3.943000000000000000e+03,2.485653112671570852e-06,3.952228929847478867e-03
3.944000000000000000e+03,2.483505340933334082e-06,3.931802231818437576e-03
3.945000000000000000e+03,2.482778882040292956e-06,3.899170085787773132e-03
3.946000000000000000e+03,2.481762749084737152e-06,3.890410764142870903e-03
3.947000000000000000e+03,2.480368948454270139e-06,3.887466387823224068e-03
3.948000000000000000e+03,2.479154773027403280e-06,3.907197620719671249e-03
3.949000000000000000e+03,2.477784391885506921e-06,3.906785510480403900e-03
3.950000000000000000e+03,2.475517248967662454e-06,3.925027791410684586e-03
3.951000000000000000e+03,2.474377879480016418e-06,3.951915539801120758e-03
3.952000000000000000e+03,2.473484073561849073e-06,3.994204569607973099e-03
3.953000000000000000e+03,2.472815822329721414e-06,4.020463209599256516e-03
3.954000000000000000e+03,2.471850621077464893e-06,4.021711181849241257e-03
3.955000000000000000e+03,2.470436356816207990e-06,3.995990380644798279e-03
3.956000000000000000e+03,2.468422280799131840e-06,3.897355170920491219e-03
3.957000000000000000e+03,2.472257165209157392e-06,3.779284423217177391e-03
3.958000000000000000e+03,2.467067588440841064e-06,3.857850562781095505e-03
3.959000000000000000e+03,2.464824319758918136e-06,3.788140602409839630e-03
3.960000000000000000e+03,2.462488737364765257e-06,3.688181517645716667e-03
3.961000000000000000e+03,2.460752284605405293e-06,3.669903846457600594e-03
3.962000000000000000e+03,2.458587687215185724e-06,3.627103753387928009e-03
3.963000000000000000e+03,2.456474931022967212e-06,3.689659293740987778e-03
3.964000000000000000e+03,2.455280309732188471e-06,3.691601101309061050e-03
3.965000000000000000e+03,2.453581146255601197e-06,3.698693821206688881e-03
3.966000000000000000e+03,2.452129137964220718e-06,3.707524389028549194e-03
3.967000000000000000e+03,2.451395403113565408e-06,3.826328320428729057e-03
3.968000000000000000e+03,2.446614416840020567e-06,3.825527848675847054e-03
3.969000000000000000e+03,2.445002110107452609e-06,3.804528620094060898e-03
3.970000000000000000e+03,2.443759967718506232e-06,3.800028935074806213e-03
3.971000000000000000e+03,2.443085122649790719e-06,3.741883439943194389e-03
3.972000000000000000e+03,2.442762934151687659e-06,3.787136869505047798e-03
3.973000000000000000e+03,2.442071718178340234e-06,3.784180153161287308e-03
3.974000000000000000e+03,2.440088792354799807e-06,3.777920035645365715e-03
3.975000000000000000e+03,2.439522404529270716e-06,3.774171229451894760e-03
3.976000000000000000e+03,2.438167257423629053e-06,3.765655448660254478e-03
3.977000000000000000e+03,2.437250714137917385e-06,3.761891508474946022e-03
3.978000000000000000e+03,2.435162514302646741e-06,3.725891700014472008e-03
3.979000000000000000e+03,2.433118424960412085e-06,3.702062182128429413e-03
3.980000000000000000e+03,2.431338543829042464e-06,3.648568876087665558e-03
3.981000000000000000e+03,2.429725554975448176e-06,3.623809432610869408e-03
3.982000000000000000e+03,2.428900643280940130e-06,3.614962333813309669e-03
3.983000000000000000e+03,2.428300376777769998e-06,3.619724884629249573e-03
3.984000000000000000e+03,2.427628260193159804e-06,3.624844597652554512e-03
3.985000000000000000e+03,2.426947048661531880e-06,3.631613682955503464e-03
3.986000000000000000e+03,2.425534148642327636e-06,3.605417674407362938e-03
3.987000000000000000e+03,2.424162858005729504e-06,3.620693460106849670e-03
3.988000000000000000e+03,2.422511670374660753e-06,3.620770992711186409e-03
3.989000000000000000e+03,2.420142436676542275e-06,3.636158769950270653e-03
3.990000000000000000e+03,2.418506483081728220e-06,3.586383070796728134e-03
3.991000000000000000e+03,2.416171582808601670e-06,3.590123262256383896e-03
3.992000000000000000e+03,2.411430614301934838e-06,3.632030682638287544e-03
3.993000000000000000e+03,2.409480885035009123e-06,3.667748998850584030e-03
3.994000000000000000e+03,2.405620307399658486e-06,3.817297518253326416e-03
3.995000000000000000e+03,2.404063707217574120e-06,3.905310062691569328e-03
3.996000000000000000e+03,2.403598273303941824e-06,3.903058590367436409e-03
3.997000000000000000e+03,2.401631491011357866e-06,3.904002718627452850e-03
3.998000000000000000e+03,2.400043285888386890e-06,3.937614616006612778e-03
3.999000000000000000e+03,2.398995320618269034e-06,3.970641642808914185e-03
4.000000000000000000e+03,2.397282514721155167e-06,4.033884499222040176e-03
4.001000000000000000e+03,2.396302079432643950e-06,4.106414038687944412e-03
4.002000000000000000e+03,2.395489673290285282e-06,4.144232720136642456e-03
4.003000000000000000e+03,2.394168404862284660e-06,4.174116998910903931e-03
4.004000000000000000e+03,2.392941269135917537e-06,4.165421240031719208e-03
4.005000000000000000e+03,2.392293254160904326e-06,4.157661460340023041e-03
4.006000000000000000e+03,2.390995632595149800e-06,4.148149397224187851e-03
4.007000000000000000e+03,2.389699602645123377e-06,4.147287458181381226e-03
4.008000000000000000e+03,2.388196662650443614e-06,4.159428644925355911e-03
4.009000000000000000e+03,2.386424284850363620e-06,4.196659196168184280e-03
4.010000000000000000e+03,2.385324933129595593e-06,4.195902030915021896e-03
4.011000000000000000e+03,2.381937065365491435e-06,4.259350709617137909e-03
4.012000000000000000e+03,2.379647185080102645e-06,4.247472155839204788e-03
4.013000000000000000e+03,2.376274096604902297e-06,4.248916637152433395e-03
4.014000000000000000e+03,2.423695150355342776e-06,3.695964580401778221e-03
4.015000000000000000e+03,2.375993744863080792e-06,4.206514917314052582e-03
4.016000000000000000e+03,2.374474206590093672e-06,4.219547845423221588e-03
4.017000000000000000e+03,2.371477876295102760e-06,4.259523004293441772e-03
4.018000000000000000e+03,2.368292371102143079e-06,4.322294611483812332e-03
4.019000000000000000e+03,2.365416321481461637e-06,4.394308663904666901e-03
4.020000000000000000e+03,2.362298573643784039e-06,4.477441310882568359e-03
4.021000000000000000e+03,2.359784275540732779e-06,4.522394854575395584e-03
4.022000000000000000e+03,2.356655841140309349e-06,4.558249842375516891e-03
4.023000000000000000e+03,2.353943955313297920e-06,4.554572049528360367e-03
4.024000000000000000e+03,2.351511966480757110e-06,4.528882913291454315e-03
4.025000000000000000e+03,2.349416718061547726e-06,4.494161345064640045e-03
4.026000000000000000e+03,2.346251221752027050e-06,4.427429754287004471e-03
4.027000000000000000e+03,2.343678261240711436e-06,4.346160218119621277e-03
4.028000000000000000e+03,2.343500000279163942e-06,4.304100293666124344e-03
4.029000000000000000e+03,2.342842435609782115e-06,4.324022214859724045e-03
4.030000000000000000e+03,2.341511844861088321e-06,4.295878577977418900e-03
4.031000000000000000e+03,2.340472292416961864e-06,4.266038537025451660e-03
4.032000000000000000e+03,2.339474349355441518e-06,4.247828852385282516e-03
4.033000000000000000e+03,2.337591013201745227e-06,4.228380043059587479e-03
4.034000000000000000e+03,2.337727210033335723e-06,4.186525940895080566e-03
4.035000000000000000e+03,2.336729039598139934e-06,4.207602702081203461e-03
4.036000000000000000e+03,2.334800228709354997e-06,4.223407711833715439e-03
4.037000000000000000e+03,2.332495114387711510e-06,4.246337804943323135e-03
4.038000000000000000e+03,2.329711378479260020e-06,4.275791347026824951e-03
4.039000000000000000e+03,2.325691866644774564e-06,4.305487032979726791e-03
4.040000000000000000e+03,2.320920884812949225e-06,4.325235262513160706e-03
4.041000000000000000e+03,2.317887037861510180e-06,4.313882440328598022e-03
4.042000000000000000e+03,2.315868869118276052e-06,4.291799850761890411e-03
4.043000000000000000e+03,2.314487574039958417e-06,4.262514878064393997e-03
4.044000000000000000e+03,2.313324102942715399e-06,4.225114826112985611e-03
4.045000000000000000e+03,2.311670641574892215e-06,4.165929742157459259e-03
4.046000000000000000e+03,2.309903720743022859e-06,4.009154159575700760e-03
4.047000000000000000e+03,2.310599938937230036e-06,4.242351744323968887e-03
4.048000000000000000e+03,2.308623152202926576e-06,4.111342597752809525e-03
4.049000000000000000e+03,2.307147951796650887e-06,4.175620619207620621e-03
4.050000000000000000e+03,2.305253019585506991e-06,4.214196931570768356e-03
4.051000000000000000e+03,2.303170276718446985e-06,4.224816802889108658e-03
4.052000000000000000e+03,2.299634161317953840e-06,4.201683215796947479e-03
4.053000000000000000e+03,2.296181946803699248e-06,4.108964931219816208e-03
4.054000000000000000e+03,2.293038733114372008e-06,4.007354378700256348e-03
4.055000000000000000e+03,2.291176770086167380e-06,3.968168515712022781e-03
4.056000000000000000e+03,2.289513986397651024e-06,3.957756794989109039e-03
4.057000000000000000e+03,2.294554178661201149e-06,3.795260330662131310e-03
4.058000000000000000e+03,2.288024916197173297e-06,3.906744066625833511e-03
4.059000000000000000e+03,2.285594291606685147e-06,3.872841829434037209e-03
4.060000000000000000e+03,2.281803517689695582e-06,3.838713513687252998e-03
4.061000000000000000e+03,2.280042963320738636e-06,3.808460664004087448e-03
4.062000000000000000e+03,2.278482043038820848e-06,3.802255960181355476e-03
4.063000000000000000e+03,2.274975031468784437e-06,3.759136190637946129e-03
4.064000000000000000e+03,2.272987558171735145e-06,3.735707607120275497e-03
4.065000000000000000e+03,2.269666993015562184e-06,3.696946892887353897e-03
4.066000000000000000e+03,2.266757064717239700e-06,3.685780335217714310e-03
4.067000000000000000e+03,2.265066541440319270e-06,3.688425989821553230e-03
4.068000000000000000e+03,2.263921032863436267e-06,3.680842695757746696e-03
4.069000000000000000e+03,2.262593852719874121e-06,3.678179811686277390e-03
4.070000000000000000e+03,2.260735072923125699e-06,3.695030696690082550e-03
4.071000000000000000e+03,2.258408358102315105e-06,3.708903212100267410e-03
4.072000000000000000e+03,2.256176912851515226e-06,3.706178395077586174e-03
4.073000000000000000e+03,2.254494347653235309e-06,3.714228048920631409e-03
4.074000000000000000e+03,2.252667400171048939e-06,3.713101381435990334e-03
4.075000000000000000e+03,2.251462774438550696e-06,3.703850787132978439e-03
4.076000000000000000e+03,2.250502120659803040e-06,3.681394970044493675e-03
4.077000000000000000e+03,2.264804834339884110e-06,3.620374016463756561e-03
4.078000000000000000e+03,2.249366843898314983e-06,3.668999066576361656e-03
4.079000000000000000e+03,2.248558075734763406e-06,3.659661393612623215e-03
4.080000000000000000e+03,2.247189513582270592e-06,3.650305559858679771e-03
4.081000000000000000e+03,2.246417579954140820e-06,3.644438693299889565e-03
4.082000000000000000e+03,2.245014229629305191e-06,3.611921099945902824e-03
4.083000000000000000e+03,2.241414676973363385e-06,3.639198606833815575e-03
4.084000000000000000e+03,2.239953118987614289e-06,3.674065461382269859e-03
4.085000000000000000e+03,2.237064109067432582e-06,3.737270832061767578e-03
4.086000000000000000e+03,2.234885641883010976e-06,3.795032389461994171e-03
4.087000000000000000e+03,2.231649432360427454e-06,3.857227507978677750e-03
4.088000000000000000e+03,2.229115807494963519e-06,3.902265336364507675e-03
4.089000000000000000e+03,2.228033736173529178e-06,3.889028215780854225e-03
4.090000000000000000e+03,2.227144477728870697e-06,3.883564379066228867e-03
4.091000000000000000e+03,2.226524657089612447e-06,3.875617636367678642e-03
4.092000000000000000e+03,2.225763637397903949e-06,3.876833943650126457e-03
4.093000000000000000e+03,2.225799107691273093e-06,3.928373567759990692e-03
4.094000000000000000e+03,2.225357548013562337e-06,3.898232942447066307e-03
4.095000000000000000e+03,2.224638819825486280e-06,3.901764750480651855e-03
4.096000000000000000e+03,2.223953060820349492e-06,4.013758618384599686e-03
4.097000000000000000e+03,2.222328248535632156e-06,3.959714900702238083e-03
4.098000000000000000e+03,2.221257318524294533e-06,3.927446436136960983e-03
4.099000000000000000e+03,2.220513579231919721e-06,3.936144988983869553e-03
4.100000000000000000e+03,2.219405132564133964e-06,3.965052776038646698e-03
4.101000000000000000e+03,2.217936298620770685e-06,4.019893705844879150e-03
4.102000000000000000e+03,2.239762352473917417e-06,4.242709372192621231e-03
4.103000000000000000e+03,2.217656628999975510e-06,4.044988658279180527e-03
4.104000000000000000e+03,2.216071834482136182e-06,4.058961290866136551e-03
4.105000000000000000e+03,2.214608230133308098e-06,4.097003024071455002e-03
4.106000000000000000e+03,2.222922603323240764e-06,4.219176713377237320e-03
4.107000000000000000e+03,2.213978632426005788e-06,4.121042788028717041e-03
4.108000000000000000e+03,2.213073003076715395e-06,4.074310883879661560e-03
4.109000000000000000e+03,2.256914740428328514e-06,4.691592417657375336e-03
4.110000000000000000e+03,2.211820174125023186e-06,4.160364624112844467e-03
4.111000000000000000e+03,2.210794491475098766e-06,4.160491283982992172e-03
4.112000000000000000e+03,2.209885451520676725e-06,4.159057512879371643e-03
4.113000000000000000e+03,2.209113063145196065e-06,4.156141076236963272e-03
4.114000000000000000e+03,2.208326804975513369e-06,4.161308053880929947e-03
4.115000000000000000e+03,2.206727685916121118e-06,4.150044638663530350e-03
4.116000000000000000e+03,2.204727252319571562e-06,4.126864485442638397e-03
4.117000000000000000e+03,2.210863158325082622e-06,4.250998608767986298e-03
4.118000000000000000e+03,2.204126758442725986e-06,4.153602290898561478e-03
4.119000000000000000e+03,2.201595862061367370e-06,4.096123389899730682e-03
4.120000000000000000e+03,2.200557901232969016e-06,4.107706714421510696e-03
4.121000000000000000e+03,2.197868070652475581e-06,4.101350437849760056e-03
4.122000000000000000e+03,2.196402874687919393e-06,4.068757407367229462e-03
4.123000000000000000e+03,2.195134356952621602e-06,4.035577178001403809e-03
4.124000000000000000e+03,2.193325599364470690e-06,3.974693827331066132e-03
4.125000000000000000e+03,2.191354269598377869e-06,3.960647154599428177e-03
4.126000000000000000e+03,2.189411816289066337e-06,3.977514337748289108e-03
4.127000000000000000e+03,2.188774487876798958e-06,3.933364059776067734e-03
4.128000000000000000e+03,2.186383653679513372e-06,4.076732788234949112e-03
4.129000000000000000e+03,2.187037352996412665e-06,4.006712231785058975e-03
4.130000000000000000e+03,2.184807271987665445e-06,4.044531844556331635e-03
4.131000000000000000e+03,2.182236812586779706e-06,4.064819309860467911e-03
4.132000000000000000e+03,2.180685441999230534e-06,4.064291249960660934e-03
4.133000000000000000e+03,2.179960574721917510e-06,4.047101829200983047e-03
4.134000000000000000e+03,2.179541979785426520e-06,4.031783901154994965e-03
4.135000000000000000e+03,2.178836894017877057e-06,3.998363856226205826e-03
4.136000000000000000e+03,2.177584974560886621e-06,3.969277255237102509e-03
4.137000000000000000e+03,2.176715952373342589e-06,3.939514048397541046e-03
4.138000000000000000e+03,2.176157977373804897e-06,3.928094636648893356e-03
4.139000000000000000e+03,2.175635017920285463e-06,3.917483612895011902e-03
4.140000000000000000e+03,2.174405153709813021e-06,3.878459101542830467e-03
4.141000000000000000e+03,2.172753738705068827e-06,3.819621168076992035e-03
4.142000000000000000e+03,2.172133690692135133e-06,3.661629511043429375e-03
4.143000000000000000e+03,2.170431798731442541e-06,3.621984273195266724e-03
4.144000000000000000e+03,2.168058472307166085e-06,3.670518286526203156e-03
4.145000000000000000e+03,2.166282456528278999e-06,3.681801259517669678e-03
4.146000000000000000e+03,2.163642420782707632e-06,3.648151177912950516e-03
4.147000000000000000e+03,2.166720605600858107e-06,3.640926210209727287e-03
4.148000000000000000e+03,2.162497139579500072e-06,3.645659890025854111e-03
4.149000000000000000e+03,2.160251597160822712e-06,3.605804173275828362e-03
4.150000000000000000e+03,2.158805273211328313e-06,3.601544070988893509e-03
4.151000000000000000e+03,2.156350092263892293e-06,3.621416399255394936e-03
4.152000000000000000e+03,2.154165940737584606e-06,3.665656317025423050e-03
4.153000000000000000e+03,2.151713260900578462e-06,3.717776155099272728e-03
4.154000000000000000e+03,2.150306499970611185e-06,3.766646608710289001e-03
4.155000000000000000e+03,2.148987505279364996e-06,3.772052936255931854e-03
4.156000000000000000e+03,2.150485670426860452e-06,3.818398108705878258e-03
4.157000000000000000e+03,2.148287194358999841e-06,3.788882400840520859e-03
4.158000000000000000e+03,2.147503437299747020e-06,3.836018731817603111e-03
4.159000000000000000e+03,2.145949110854417086e-06,3.792017465457320213e-03
4.160000000000000000e+03,2.145257212760043330e-06,3.773303469642996788e-03
4.161000000000000000e+03,2.144025074812816456e-06,3.798293415457010269e-03
4.162000000000000000e+03,2.142682205885648727e-06,3.836102318018674850e-03
4.163000000000000000e+03,2.141571485481108539e-06,3.916087094694375992e-03
4.164000000000000000e+03,2.140458718713489361e-06,3.969023004174232483e-03
4.165000000000000000e+03,2.139683601853903383e-06,3.996524494141340256e-03
4.166000000000000000e+03,2.138778427251963876e-06,3.996970597654581070e-03
4.167000000000000000e+03,2.137586761818965897e-06,3.955829422920942307e-03
4.168000000000000000e+03,2.138136323992512189e-06,3.916286863386631012e-03
4.169000000000000000e+03,2.137176807082141750e-06,3.940185997635126114e-03
4.170000000000000000e+03,2.136169996447279118e-06,3.900362178683280945e-03
4.171000000000000000e+03,2.134493342964560725e-06,3.826507367193698883e-03
4.172000000000000000e+03,2.132976078428328037e-06,3.784136613830924034e-03
4.173000000000000000e+03,2.131797145921154879e-06,3.773834789171814919e-03
4.174000000000000000e+03,2.130268057953799143e-06,3.782046260312199593e-03
4.175000000000000000e+03,2.129636413883417845e-06,3.777762409299612045e-03
4.176000000000000000e+03,2.128314235960715450e-06,3.773286938667297363e-03
4.177000000000000000e+03,2.127364268744713627e-06,3.775231307372450829e-03
4.178000000000000000e+03,2.126654408129979856e-06,3.771790070459246635e-03
4.179000000000000000e+03,2.125721948686987162e-06,3.766491543501615524e-03
4.180000000000000000e+03,2.123685135302366689e-06,3.773201722651720047e-03
4.181000000000000000e+03,2.121493025697418489e-06,3.804934676736593246e-03
4.182000000000000000e+03,2.356492814215016551e-06,2.882398664951324463e-03
4.183000000000000000e+03,2.121129455190384760e-06,3.778180340304970741e-03
4.184000000000000000e+03,2.119425289492937736e-06,3.824808634817600250e-03
4.185000000000000000e+03,2.118488737323787063e-06,3.850369248539209366e-03
4.186000000000000000e+03,2.117379835908650421e-06,3.861692268401384354e-03
4.187000000000000000e+03,2.116598579959827475e-06,3.874489339068531990e-03
4.188000000000000000e+03,2.115548113579279743e-06,3.891625441610813141e-03
4.189000000000000000e+03,2.113749815180199221e-06,3.935493063181638718e-03
4.190000000000000000e+03,2.111885123667889275e-06,3.979883622378110886e-03
4.191000000000000000e+03,2.110054083459544927e-06,4.059741273522377014e-03
4.192000000000000000e+03,2.108437001879792660e-06,4.086108878254890442e-03
4.193000000000000000e+03,2.105661678797332570e-06,4.136970266699790955e-03
4.194000000000000000e+03,2.104597569996258244e-06,4.143907688558101654e-03
4.195000000000000000e+03,2.102790404023835436e-06,4.121241159737110138e-03
4.196000000000000000e+03,2.101226527884136885e-06,4.086130764335393906e-03
4.197000000000000000e+03,2.099213816109113395e-06,3.964910749346017838e-03
4.198000000000000000e+03,2.098473942169221118e-06,3.982839640229940414e-03
4.199000000000000000e+03,2.097496917485841550e-06,3.979298751801252365e-03
4.200000000000000000e+03,2.096840489684836939e-06,3.960088361054658890e-03
4.201000000000000000e+03,2.095756599373999052e-06,3.933014813810586929e-03
4.202000000000000000e+03,2.094579713229904883e-06,3.884735284373164177e-03
4.203000000000000000e+03,2.093550619974848814e-06,3.841364523395895958e-03
4.204000000000000000e+03,2.105393832607660443e-06,3.901413409039378166e-03
4.205000000000000000e+03,2.092753447868744843e-06,3.852438880130648613e-03
4.206000000000000000e+03,2.091157739414484240e-06,3.846852807328104973e-03
4.207000000000000000e+03,2.088529299726360478e-06,3.863550955429673195e-03
4.208000000000000000e+03,2.086981567117618397e-06,3.906828351318836212e-03
4.209000000000000000e+03,2.084859715978382155e-06,3.971640020608901978e-03
4.210000000000000000e+03,2.083294930343981832e-06,3.974470309913158417e-03
4.211000000000000000e+03,2.081319962599081919e-06,3.950721584260463715e-03
4.212000000000000000e+03,2.080534841297776438e-06,3.935745917260646820e-03
4.213000000000000000e+03,2.079310434055514634e-06,3.934031352400779724e-03
4.214000000000000000e+03,2.078180159514886327e-06,3.923594951629638672e-03
4.215000000000000000e+03,2.075605607387842610e-06,3.939133603125810623e-03
4.216000000000000000e+03,2.073021050819079392e-06,3.933514934033155441e-03
4.217000000000000000e+03,2.071155904559418559e-06,3.949342761188745499e-03
4.218000000000000000e+03,2.069702759399660863e-06,3.954781219363212585e-03
4.219000000000000000e+03,2.068291450996184722e-06,3.955947235226631165e-03
4.220000000000000000e+03,2.066750312224030495e-06,3.948800731450319290e-03
4.221000000000000000e+03,2.063971805910114199e-06,3.933171276003122330e-03
4.222000000000000000e+03,2.084319930872879922e-06,3.820591140538454056e-03
4.223000000000000000e+03,2.063141437247395515e-06,3.912497777491807938e-03
4.224000000000000000e+03,2.061690793198067695e-06,3.927051089704036713e-03
4.225000000000000000e+03,2.060685346805257723e-06,3.938322421163320541e-03
4.226000000000000000e+03,2.060358156086294912e-06,3.849627682939171791e-03
4.227000000000000000e+03,2.058863856291281991e-06,3.888414474204182625e-03
4.228000000000000000e+03,2.058064637822099030e-06,3.895297413691878319e-03
4.229000000000000000e+03,2.056557377727585845e-06,3.885524114593863487e-03
4.230000000000000000e+03,2.055109462162363343e-06,3.827909938991069794e-03
4.231000000000000000e+03,2.053962816717103124e-06,3.826290601864457130e-03
4.232000000000000000e+03,2.052569016086636111e-06,3.811335423961281776e-03
4.233000000000000000e+03,2.051056753771263175e-06,3.783036489039659500e-03
4.234000000000000000e+03,2.050081093329936266e-06,3.755051642656326294e-03
4.235000000000000000e+03,2.048444457614095882e-06,3.720178501680493355e-03
4.236000000000000000e+03,2.047386942649609409e-06,3.706971649080514908e-03
4.237000000000000000e+03,2.046373538178158924e-06,3.688862314447760582e-03
4.238000000000000000e+03,2.044680059043457732e-06,3.652717685326933861e-03
4.239000000000000000e+03,2.042241249000653625e-06,3.612497355788946152e-03
4.240000000000000000e+03,2.040489562205038965e-06,3.649360733106732368e-03
4.241000000000000000e+03,2.038515049207489938e-06,3.689659060910344124e-03
4.242000000000000000e+03,2.036723117271321826e-06,3.714324673637747765e-03
4.243000000000000000e+03,2.035480520135024562e-06,3.750131465494632721e-03
4.244000000000000000e+03,2.034684939644648694e-06,3.780897008255124092e-03
4.245000000000000000e+03,2.033647888310952112e-06,3.794999793171882629e-03
4.246000000000000000e+03,2.032572183452430181e-06,3.790702437981963158e-03
4.247000000000000000e+03,2.031611757047357969e-06,3.759439801797270775e-03
4.248000000000000000e+03,2.029876668530050665e-06,3.745815483853220940e-03
4.249000000000000000e+03,2.028465132752899081e-06,3.689683042466640472e-03
4.250000000000000000e+03,2.027383743552491069e-06,3.629117039963603020e-03
4.251000000000000000e+03,2.026502443186473101e-06,3.538647899404168129e-03
4.252000000000000000e+03,2.024878995143808424e-06,3.555138362571597099e-03
4.253000000000000000e+03,2.023355136770987883e-06,3.626158926635980606e-03
4.254000000000000000e+03,2.022580702032428235e-06,3.662108676508069038e-03
4.255000000000000000e+03,2.020754891418619081e-06,3.659371053799986839e-03
4.256000000000000000e+03,2.019270141317974776e-06,3.652849700301885605e-03
4.257000000000000000e+03,2.017397036979673430e-06,3.637114772573113441e-03
4.258000000000000000e+03,2.015498239416046999e-06,3.620317904278635979e-03
4.259000000000000000e+03,2.014264282479416579e-06,3.603357123211026192e-03
4.260000000000000000e+03,2.012949607888003811e-06,3.607586026191711426e-03
4.261000000000000000e+03,2.011866854445543140e-06,3.613373264670372009e-03
4.262000000000000000e+03,2.009916897804941982e-06,3.609930630773305893e-03
4.263000000000000000e+03,2.007370767387328669e-06,3.625606186687946320e-03
4.264000000000000000e+03,2.007618604693561792e-06,3.680904628708958626e-03
4.265000000000000000e+03,2.006595195780391805e-06,3.650966798886656761e-03
4.266000000000000000e+03,2.004843281611101702e-06,3.676382824778556824e-03
4.267000000000000000e+03,2.003284180318587460e-06,3.654425730928778648e-03
4.268000000000000000e+03,2.001516804739367217e-06,3.667222335934638977e-03
4.269000000000000000e+03,1.998951574933016673e-06,3.686167532578110695e-03
4.270000000000000000e+03,1.997684648813446984e-06,3.692477941513061523e-03
4.271000000000000000e+03,1.996206947296741419e-06,3.742366563528776169e-03
4.272000000000000000e+03,1.994770400415291078e-06,3.707620082423090935e-03
4.273000000000000000e+03,1.993508249142905697e-06,3.694565733894705772e-03
4.274000000000000000e+03,1.991461658690241165e-06,3.657903522253036499e-03
4.275000000000000000e+03,1.989870952456840314e-06,3.625753102824091911e-03
4.276000000000000000e+03,1.988164058275287971e-06,3.581029130145907402e-03
4.277000000000000000e+03,1.987059022212633863e-06,3.553693648427724838e-03
4.278000000000000000e+03,1.986440338441752829e-06,3.567084670066833496e-03
4.279000000000000000e+03,1.991219733099569567e-06,3.448243020102381706e-03
4.280000000000000000e+03,1.984545406230608933e-06,3.525731852278113365e-03
4.281000000000000000e+03,1.982727326321764849e-06,3.507014364004135132e-03
4.282000000000000000e+03,1.980247589017380960e-06,3.479117760434746742e-03
4.283000000000000000e+03,1.978655291168252006e-06,3.469358664005994797e-03
4.284000000000000000e+03,1.976921112145646475e-06,3.462296212092041969e-03
4.285000000000000000e+03,1.975186023628339171e-06,3.453510580584406853e-03
4.286000000000000000e+03,1.972869995370274410e-06,3.402458503842353821e-03
4.287000000000000000e+03,1.970885932678356767e-06,3.421212313696742058e-03
4.288000000000000000e+03,1.969200411622296087e-06,3.440012922510504723e-03
4.289000000000000000e+03,1.967381876966101117e-06,3.420714521780610085e-03
4.290000000000000000e+03,1.965914407264790498e-06,3.403280163183808327e-03
4.291000000000000000e+03,1.964623834282974713e-06,3.512802999466657639e-03
4.292000000000000000e+03,1.963000386240310036e-06,3.441818989813327789e-03
4.293000000000000000e+03,1.960584768312401138e-06,3.456144593656063080e-03
4.294000000000000000e+03,1.956788764800876379e-06,3.530543996021151543e-03
4.295000000000000000e+03,1.954721710717421956e-06,3.602325916290283203e-03
4.296000000000000000e+03,1.952274260474951006e-06,3.679502289742231369e-03
4.297000000000000000e+03,1.950879777723457664e-06,3.701441222801804543e-03
4.298000000000000000e+03,1.948863427969627082e-06,3.672395134344696999e-03
4.299000000000000000e+03,1.947205873875645921e-06,3.615499474108219147e-03
4.300000000000000000e+03,1.946028305610525422e-06,3.570823697373270988e-03
4.301000000000000000e+03,1.945208168763201684e-06,3.537536365911364555e-03
4.302000000000000000e+03,1.944430550793185830e-06,3.524373052641749382e-03
4.303000000000000000e+03,1.943270717674749903e-06,3.494817065075039864e-03
4.304000000000000000e+03,1.941613618328119628e-06,3.442488843575119972e-03
4.305000000000000000e+03,1.940203446793020703e-06,3.383762203156948090e-03
4.306000000000000000e+03,1.938677542057121173e-06,3.308738581836223602e-03
4.307000000000000000e+03,1.936794660650775768e-06,3.257627831771969795e-03
4.308000000000000000e+03,1.934608917508739978e-06,3.190031973645091057e-03
4.309000000000000000e+03,1.934031843120465055e-06,3.277442650869488716e-03
4.310000000000000000e+03,1.933768317030626349e-06,3.213724587112665176e-03
4.311000000000000000e+03,1.931601673277327791e-06,3.244830528274178505e-03
4.312000000000000000e+03,1.929346126416930929e-06,3.280600532889366150e-03
4.313000000000000000e+03,1.927567609527613968e-06,3.347418038174510002e-03
4.314000000000000000e+03,1.926302957144798711e-06,3.431992372497916222e-03
4.315000000000000000e+03,1.924794560181908309e-06,3.446262096986174583e-03
4.316000000000000000e+03,1.923344370879931375e-06,3.461940912529826164e-03
4.317000000000000000e+03,1.922266392284655012e-06,3.461174201220273972e-03
4.318000000000000000e+03,1.920988097481313162e-06,3.440181491896510124e-03
4.319000000000000000e+03,1.919589067256310955e-06,3.439125139266252518e-03
4.320000000000000000e+03,1.918375573950470425e-06,3.431668039411306381e-03
4.321000000000000000e+03,1.917725057865027338e-06,3.431831486523151398e-03
4.322000000000000000e+03,1.916776000143727288e-06,3.432305296882987022e-03
4.323000000000000000e+03,1.916087057907134295e-06,3.440628293901681900e-03
4.324000000000000000e+03,1.915514985739719123e-06,3.450405085459351540e-03
4.325000000000000000e+03,1.915050916068139486e-06,3.460841719061136246e-03
4.326000000000000000e+03,1.914580479933647439e-06,3.463814035058021545e-03
4.327000000000000000e+03,1.914035237859934568e-06,3.465197281911969185e-03
4.328000000000000000e+03,1.914459971885662526e-06,3.521617734804749489e-03
4.329000000000000000e+03,1.913538881126441993e-06,3.489195834845304489e-03
4.330000000000000000e+03,1.912146899485378526e-06,3.458775812759995461e-03
4.331000000000000000e+03,1.911073240989935584e-06,3.448529401794075966e-03
4.332000000000000000e+03,1.909128513943869621e-06,3.438151441514492035e-03
4.333000000000000000e+03,1.908079411805374548e-06,3.428943455219268799e-03
4.334000000000000000e+03,1.907275645862682723e-06,3.457456827163696289e-03
4.335000000000000000e+03,1.904847749756299891e-06,3.329571103677153587e-03
4.336000000000000000e+03,1.903222027976880781e-06,3.375956322997808456e-03
4.337000000000000000e+03,1.901869268294831272e-06,3.412417601794004440e-03
4.338000000000000000e+03,1.900574488900019787e-06,3.418695181608200073e-03
4.339000000000000000e+03,1.899200015031965449e-06,3.398189088329672813e-03
4.340000000000000000e+03,1.897525748972839210e-06,3.359415568411350250e-03
4.341000000000000000e+03,1.895765649351233151e-06,3.308945568278431892e-03
4.342000000000000000e+03,1.893900048344221432e-06,3.237388329580426216e-03
4.343000000000000000e+03,1.892929049063241109e-06,3.230715868994593620e-03
4.344000000000000000e+03,1.892277055048907641e-06,3.222529543563723564e-03
4.345000000000000000e+03,1.891569695544603746e-06,3.219143254682421684e-03
4.346000000000000000e+03,1.891141891974257305e-06,3.212001407518982887e-03
4.347000000000000000e+03,1.891471470116812270e-06,3.127499250695109367e-03
4.348000000000000000e+03,1.890273324534064159e-06,3.172157332301139832e-03
4.349000000000000000e+03,1.889658506115665659e-06,3.168360330164432526e-03
4.350000000000000000e+03,1.887813141365768388e-06,3.138358239084482193e-03
4.351000000000000000e+03,1.887006078504782636e-06,3.152631456032395363e-03
4.352000000000000000e+03,1.886240170279052109e-06,3.148185089230537415e-03
4.353000000000000000e+03,1.884232574411726091e-06,3.114857478067278862e-03
4.354000000000000000e+03,1.882880724224378355e-06,3.081281902268528938e-03
4.355000000000000000e+03,1.881452931229432579e-06,3.012300003319978714e-03
4.356000000000000000e+03,1.880455670288938563e-06,2.975229872390627861e-03
4.357000000000000000e+03,1.879341994026617613e-06,2.928978763520717621e-03
4.358000000000000000e+03,1.878552552625478711e-06,2.931411145254969597e-03
4.359000000000000000e+03,1.877185809462389443e-06,2.960338722914457321e-03
4.360000000000000000e+03,1.876128408184740692e-06,2.974083414301276207e-03
4.361000000000000000e+03,1.876900455499708187e-06,2.937789307907223701e-03
4.362000000000000000e+03,1.875390921668440569e-06,2.960338490083813667e-03
4.363000000000000000e+03,1.873953578979126178e-06,2.943292027339339256e-03
4.364000000000000000e+03,1.873191877166391350e-06,2.858268562704324722e-03
4.365000000000000000e+03,1.871752147053484805e-06,2.851745579391717911e-03
4.366000000000000000e+03,1.870428036454541143e-06,2.868880284950137138e-03
4.367000000000000000e+03,1.868240019575750921e-06,2.895685611292719841e-03
4.368000000000000000e+03,1.868107347036129795e-06,2.976531395688652992e-03
4.369000000000000000e+03,1.866819275164743885e-06,2.937182784080505371e-03
4.370000000000000000e+03,1.863291231529728975e-06,2.963506383821368217e-03
4.371000000000000000e+03,1.860657448560232297e-06,2.980864373967051506e-03
4.372000000000000000e+03,1.858646555774612352e-06,2.970546949654817581e-03
4.373000000000000000e+03,1.858039922808529809e-06,3.002015873789787292e-03
4.374000000000000000e+03,1.857290385487431195e-06,3.039305098354816437e-03
4.375000000000000000e+03,1.856020162449567579e-06,3.124828450381755829e-03
4.376000000000000000e+03,1.855191158028901555e-06,3.152669407427310944e-03
4.377000000000000000e+03,1.854577021731529385e-06,3.158431267365813255e-03
4.378000000000000000e+03,1.853690264397300780e-06,3.154413774609565735e-03
4.379000000000000000e+03,1.852791342571435962e-06,3.141967812553048134e-03
4.380000000000000000e+03,1.852008381320047192e-06,3.115450032055377960e-03
4.381000000000000000e+03,1.849989757829462178e-06,3.105128649622201920e-03
4.382000000000000000e+03,1.848962142503296491e-06,3.085308009758591652e-03
4.383000000000000000e+03,1.847158728196518496e-06,3.072727704420685768e-03
4.384000000000000000e+03,1.845404085543123074e-06,3.015596186742186546e-03
4.385000000000000000e+03,1.843881818786030635e-06,3.010887419804930687e-03
4.386000000000000000e+03,1.841799985413672403e-06,3.007473889738321304e-03
4.387000000000000000e+03,1.839944047787867021e-06,2.997101983055472374e-03
4.388000000000000000e+03,1.838153366406913847e-06,3.053552238270640373e-03
4.389000000000000000e+03,1.836716933212301228e-06,3.102706978097558022e-03
4.390000000000000000e+03,1.835885541368043050e-06,3.102414077147841454e-03
4.391000000000000000e+03,1.835390321502927691e-06,3.104869043454527855e-03
4.392000000000000000e+03,1.835160787777567748e-06,3.093965584412217140e-03
4.393000000000000000e+03,1.833643636928172782e-06,3.066774923354387283e-03
4.394000000000000000e+03,1.833171836551628076e-06,3.058169968426227570e-03
4.395000000000000000e+03,1.832506541177281179e-06,3.041881369426846504e-03
4.396000000000000000e+03,1.831730628509831149e-06,3.018357325345277786e-03
4.397000000000000000e+03,1.830809310376935173e-06,2.998178359121084213e-03
4.398000000000000000e+03,1.829098664529738016e-06,2.987953368574380875e-03
4.399000000000000000e+03,1.827754431360517628e-06,3.002465702593326569e-03
4.400000000000000000e+03,1.827021606004564092e-06,3.077063942328095436e-03
4.401000000000000000e+03,1.826008087846275885e-06,3.097964683547616005e-03
4.402000000000000000e+03,1.824983542064728681e-06,3.117456799373030663e-03
4.403000000000000000e+03,1.823858610805473290e-06,3.164808964356780052e-03
4.404000000000000000e+03,1.824115543058724143e-06,3.207476576790213585e-03
4.405000000000000000e+03,1.823241973397671245e-06,3.184422850608825684e-03
4.406000000000000000e+03,1.826389620873669628e-06,3.261788282543420792e-03
4.407000000000000000e+03,1.821449245653639082e-06,3.213443094864487648e-03
4.408000000000000000e+03,1.820643092287355103e-06,3.213523887097835541e-03
4.409000000000000000e+03,1.818663690755784046e-06,3.199000144377350807e-03
4.410000000000000000e+03,1.816798430809285492e-06,3.179548308253288269e-03
4.411000000000000000e+03,1.815644282032735646e-06,3.181564155966043472e-03
4.412000000000000000e+03,1.814638494579412509e-06,3.197934944182634354e-03
4.413000000000000000e+03,1.813837229747150559e-06,3.231550101190805435e-03
4.414000000000000000e+03,1.812741288631514180e-06,3.253917908295989037e-03
4.415000000000000000e+03,1.811912852645036764e-06,3.271570894867181778e-03
4.416000000000000000e+03,1.810890466913406271e-06,3.286431543529033661e-03
4.417000000000000000e+03,1.810171625038492493e-06,3.267236752435564995e-03
4.418000000000000000e+03,1.809035325095464941e-06,3.231913549825549126e-03
4.419000000000000000e+03,1.809234390748315491e-06,3.186390269547700882e-03
4.420000000000000000e+03,1.808270781111787073e-06,3.210414201021194458e-03
4.421000000000000000e+03,1.810607614061154891e-06,3.141772234812378883e-03
4.422000000000000000e+03,1.807174044188286643e-06,3.186690155416727066e-03
4.423000000000000000e+03,1.805423266887373757e-06,3.147530136629939079e-03
4.424000000000000000e+03,1.803149643819779158e-06,3.131096018478274345e-03
4.425000000000000000e+03,1.801527218958653975e-06,3.114068880677223206e-03
4.426000000000000000e+03,1.799416963876865339e-06,3.096188185736536980e-03
4.427000000000000000e+03,1.796885499061318114e-06,3.069609170779585838e-03
4.428000000000000000e+03,1.793905880731472280e-06,3.033520421013236046e-03
4.429000000000000000e+03,1.791723320820892695e-06,3.043231088668107986e-03
4.430000000000000000e+03,1.790326109585294034e-06,3.057573223486542702e-03
4.431000000000000000e+03,1.789456177903048228e-06,3.093858016654849052e-03
4.432000000000000000e+03,1.788488930287712719e-06,3.140152897685766220e-03
4.433000000000000000e+03,1.787570340638922062e-06,3.191013354808092117e-03
4.434000000000000000e+03,1.787042265277705155e-06,3.198929596692323685e-03
4.435000000000000000e+03,1.786909479051246308e-06,3.197323996573686600e-03
4.436000000000000000e+03,1.785912672858103178e-06,3.165001282468438148e-03
4.437000000000000000e+03,1.785270342224976048e-06,3.161767031997442245e-03
4.438000000000000000e+03,1.784662003956327680e-06,3.156547201797366142e-03
4.439000000000000000e+03,1.783851416803372558e-06,3.178062150254845619e-03
4.440000000000000000e+03,1.782592562449281104e-06,3.201470477506518364e-03
4.441000000000000000e+03,1.781931814548443072e-06,3.217849414795637131e-03
4.442000000000000000e+03,1.780827915354166180e-06,3.241906175389885902e-03
4.443000000000000000e+03,1.779822127900843043e-06,3.262661164626479149e-03
4.444000000000000000e+03,1.778731757440255024e-06,3.288370091468095779e-03
4.445000000000000000e+03,1.786604116205126047e-06,3.522310173138976097e-03
4.446000000000000000e+03,1.778142745934019331e-06,3.334857290610671043e-03
4.447000000000000000e+03,1.776206772774457932e-06,3.394571365788578987e-03
4.448000000000000000e+03,1.777094780663901474e-06,3.432492958381772041e-03
4.449000000000000000e+03,1.775051259755855426e-06,3.410823410376906395e-03
4.450000000000000000e+03,1.774962015588243958e-06,3.535311901941895485e-03
4.451000000000000000e+03,1.773412236616422888e-06,3.474296769127249718e-03
4.452000000000000000e+03,1.771058578015072271e-06,3.563072998076677322e-03
4.453000000000000000e+03,1.769082018654444255e-06,3.586473176255822182e-03
4.454000000000000000e+03,1.766843183759192470e-06,3.665448632091283798e-03
4.455000000000000000e+03,1.769039158716623206e-06,3.604708472266793251e-03
4.456000000000000000e+03,1.765327851899201050e-06,3.641795134171843529e-03
4.457000000000000000e+03,1.761990688464720733e-06,3.683262504637241364e-03
4.458000000000000000e+03,1.757758127496344969e-06,3.674576291814446449e-03
4.459000000000000000e+03,1.754020104272058234e-06,3.651435719802975655e-03
4.460000000000000000e+03,1.752836055857187603e-06,3.601475153118371964e-03
4.461000000000000000e+03,1.749239459059026558e-06,3.626346588134765625e-03
4.462000000000000000e+03,1.747936380525061395e-06,3.654692322015762329e-03
4.463000000000000000e+03,1.746509269651141949e-06,3.652781015262007713e-03
4.464000000000000000e+03,1.745734721225744579e-06,3.643987700343132019e-03
4.465000000000000000e+03,1.744835913086717483e-06,3.605689387768507004e-03
4.466000000000000000e+03,1.804744215405662544e-06,3.384383162483572960e-03
4.467000000000000000e+03,1.744645032886182889e-06,3.590719308704137802e-03
4.468000000000000000e+03,1.743114125929423608e-06,3.550852183252573013e-03
4.469000000000000000e+03,1.740687821438768879e-06,3.507426939904689789e-03
4.470000000000000000e+03,1.745673898767563514e-06,3.314819419756531715e-03
4.471000000000000000e+03,1.739936351441428997e-06,3.458614228293299675e-03
4.472000000000000000e+03,1.738260834827087820e-06,3.469093004241585732e-03
4.473000000000000000e+03,1.735920591272588354e-06,3.519437042996287346e-03
4.474000000000000000e+03,1.734229158500966150e-06,3.592135151848196983e-03
4.475000000000000000e+03,1.732246005303750280e-06,3.619809402152895927e-03
4.476000000000000000e+03,1.731040811137063429e-06,3.628896549344062805e-03
4.477000000000000000e+03,1.729903829073009547e-06,3.639039117842912674e-03
4.478000000000000000e+03,1.728787765387096442e-06,3.633895656093955040e-03
4.479000000000000000e+03,1.727073254187416751e-06,3.621591953560709953e-03
4.480000000000000000e+03,1.726137838886643294e-06,3.599776653572916985e-03
4.481000000000000000e+03,1.725247784634120762e-06,3.586315317079424858e-03
4.482000000000000000e+03,1.724799858493497595e-06,3.573621623218059540e-03
4.483000000000000000e+03,1.724086246213119011e-06,3.561817808076739311e-03
4.484000000000000000e+03,1.722585238894680515e-06,3.531400812789797783e-03
4.485000000000000000e+03,1.723759282867831644e-06,3.449187614023685455e-03
4.486000000000000000e+03,1.721817284305870999e-06,3.498445963487029076e-03
4.487000000000000000e+03,1.720097088764305227e-06,3.489909460768103600e-03
4.488000000000000000e+03,1.718134626571554691e-06,3.454305464401841164e-03
4.489000000000000000e+03,1.733050567054306157e-06,3.168842755258083344e-03
4.490000000000000000e+03,1.717652253319101874e-06,3.410754725337028503e-03
4.491000000000000000e+03,1.715950247671571560e-06,3.358413465321063995e-03
4.492000000000000000e+03,1.712603761916398071e-06,3.215839620679616928e-03
4.493000000000000000e+03,1.722615593280352186e-06,2.898263046517968178e-03
4.494000000000000000e+03,1.712228595351916738e-06,3.165703732520341873e-03
4.495000000000000000e+03,1.712810217213700525e-06,3.153045661747455597e-03
4.496000000000000000e+03,1.711570575935184024e-06,3.160475986078381538e-03
4.497000000000000000e+03,1.710239757812814787e-06,3.105447627604007721e-03
4.498000000000000000e+03,1.709012622086447664e-06,3.125296207144856453e-03
4.499000000000000000e+03,1.708140985101636034e-06,3.165116300806403160e-03
4.500000000000000000e+03,1.707056981103960425e-06,3.170629497617483139e-03
4.501000000000000000e+03,1.705454678813111968e-06,3.175033954903483391e-03
4.502000000000000000e+03,1.703605221337056719e-06,3.160471795126795769e-03
4.503000000000000000e+03,1.701620703897788189e-06,3.163881832733750343e-03
4.504000000000000000e+03,1.699597987681045197e-06,3.233469789847731590e-03
4.505000000000000000e+03,1.697953166512888856e-06,3.253620583564043045e-03
4.506000000000000000e+03,1.696729441391653381e-06,3.249126952141523361e-03
4.507000000000000000e+03,1.698174628472770564e-06,3.175051417201757431e-03
4.508000000000000000e+03,1.696352569524606224e-06,3.226555883884429932e-03
4.509000000000000000e+03,1.696147592156194150e-06,3.107206663116812706e-03
4.510000000000000000e+03,1.694514708105998579e-06,3.176763420924544334e-03
4.511000000000000000e+03,1.693629769761173520e-06,3.176511498168110847e-03
4.512000000000000000e+03,1.692721980361966416e-06,3.164142370223999023e-03
4.513000000000000000e+03,1.691845227469457313e-06,3.128854325041174889e-03
4.514000000000000000e+03,1.690874682935827877e-06,3.097450127825140953e-03
4.515000000000000000e+03,1.690279077593004331e-06,3.067484125494956970e-03
4.516000000000000000e+03,1.689689497652580030e-06,3.059493610635399818e-03
4.517000000000000000e+03,1.688513293629512191e-06,3.057448891922831535e-03
4.518000000000000000e+03,1.687982376097352244e-06,3.070702776312828064e-03
4.519000000000000000e+03,1.687316853349329904e-06,3.097722539678215981e-03
4.520000000000000000e+03,1.686919631538330577e-06,3.092639381065964699e-03
4.521000000000000000e+03,1.686553446234029252e-06,3.116750624030828476e-03
4.522000000000000000e+03,1.685761958469811361e-06,3.103200579062104225e-03
4.523000000000000000e+03,1.684956259850878268e-06,3.086192533373832703e-03
4.524000000000000000e+03,1.684141238911252003e-06,3.077534725889563560e-03
4.525000000000000000e+03,1.682931610957894009e-06,3.075389424338936806e-03
4.526000000000000000e+03,1.684951143943180796e-06,3.146914998069405556e-03
4.527000000000000000e+03,1.682306219663587399e-06,3.096581902354955673e-03
4.528000000000000000e+03,1.681115122664778028e-06,3.115332685410976410e-03
4.529000000000000000e+03,1.680129571468569338e-06,3.126447554677724838e-03
4.530000000000000000e+03,1.678993044151866343e-06,3.132084850221872330e-03
4.531000000000000000e+03,1.677935983934730757e-06,3.139780834317207336e-03
4.532000000000000000e+03,1.677353111517732032e-06,3.144914051517844200e-03
4.533000000000000000e+03,1.676342890277737752e-06,3.145844209939241409e-03
4.534000000000000000e+03,1.675578005233546719e-06,3.136075567454099655e-03
4.535000000000000000e+03,1.675066528150637168e-06,3.122114576399326324e-03
4.536000000000000000e+03,1.674090071901446208e-06,3.091124352067708969e-03
4.537000000000000000e+03,1.672840880928561091e-06,3.051084931939840317e-03
4.538000000000000000e+03,1.671913992140616756e-06,3.026246558874845505e-03
4.539000000000000000e+03,1.671006543801922817e-06,3.014509566128253937e-03
4.540000000000000000e+03,1.669972334639169276e-06,3.011147258803248405e-03
4.541000000000000000e+03,1.668804770815768279e-06,3.017239971086382866e-03
4.542000000000000000e+03,1.668117420194903389e-06,3.031532978639006615e-03
4.543000000000000000e+03,1.667380729486467317e-06,3.045335877686738968e-03
4.544000000000000000e+03,1.666896423557773232e-06,3.055647481232881546e-03
4.545000000000000000e+03,1.665635181780089624e-06,3.070688107982277870e-03
4.546000000000000000e+03,1.665438844611344393e-06,3.063909709453582764e-03
4.547000000000000000e+03,1.673395786383480299e-06,3.109554760158061981e-03
4.548000000000000000e+03,1.664574483584146947e-06,3.074847860261797905e-03
4.549000000000000000e+03,1.664703290771285538e-06,3.067678771913051605e-03
4.550000000000000000e+03,1.663153284425789025e-06,3.071249462664127350e-03
4.551000000000000000e+03,1.662241288613586221e-06,3.071857616305351257e-03
4.552000000000000000e+03,1.661205601521942299e-06,3.161065746098756790e-03
4.553000000000000000e+03,1.660330099184648134e-06,3.148973686620593071e-03
4.554000000000000000e+03,1.659859776736993808e-06,3.208142705261707306e-03
4.555000000000000000e+03,1.659220288274809718e-06,3.191088559105992317e-03
4.556000000000000000e+03,1.658523274272738490e-06,3.164706286042928696e-03
4.557000000000000000e+03,1.658075007071602158e-06,3.148103365674614906e-03
4.558000000000000000e+03,1.657229176998953335e-06,3.126408439129590988e-03
4.559000000000000000e+03,1.657604116189759225e-06,3.117241896688938141e-03
4.560000000000000000e+03,1.656577296671457589e-06,3.122248454019427299e-03
4.561000000000000000e+03,1.655693949942360632e-06,3.130515571683645248e-03
4.562000000000000000e+03,1.654126663197530434e-06,3.163078799843788147e-03
4.563000000000000000e+03,1.653166805226646829e-06,3.161095781251788139e-03
4.564000000000000000e+03,1.651867933105677366e-06,3.162370529025793076e-03
4.565000000000000000e+03,1.651502202548726927e-06,3.159891115501523018e-03
4.566000000000000000e+03,1.651088041398907080e-06,3.153721103444695473e-03
4.567000000000000000e+03,1.650374997552717105e-06,3.152667544782161713e-03
4.568000000000000000e+03,1.652059495427238289e-06,3.092751139774918556e-03
4.569000000000000000e+03,1.649985279073007405e-06,3.132653888314962387e-03
4.570000000000000000e+03,1.649335786169103812e-06,3.144671907648444176e-03
4.571000000000000000e+03,1.649044520490861032e-06,3.163645742461085320e-03
4.572000000000000000e+03,1.648318743718846235e-06,3.166087437421083450e-03
4.573000000000000000e+03,1.647975864216277841e-06,3.181379521265625954e-03
4.574000000000000000e+03,1.648413217480992898e-06,3.335505491122603416e-03
4.575000000000000000e+03,1.647484054956294131e-06,3.245109459385275841e-03
4.576000000000000000e+03,1.646851956138561945e-06,3.279326483607292175e-03
4.577000000000000000e+03,1.646625378270982765e-06,3.282419638708233833e-03
4.578000000000000000e+03,1.646106625230459031e-06,3.268423257395625114e-03
4.579000000000000000e+03,1.645680299589002971e-06,3.263981314375996590e-03
4.580000000000000000e+03,1.645578322495566681e-06,3.263293299823999405e-03
4.581000000000000000e+03,1.645173142605926841e-06,3.260126570239663124e-03
4.582000000000000000e+03,1.644700660108355805e-06,3.255325835198163986e-03
4.583000000000000000e+03,1.643907921788922977e-06,3.246105508878827095e-03
4.584000000000000000e+03,1.643584369048767257e-06,3.300036536529660225e-03
4.585000000000000000e+03,1.642136680857220199e-06,3.256743773818016052e-03
4.586000000000000000e+03,1.641251174078206532e-06,3.276870818808674812e-03
4.587000000000000000e+03,1.640294385651941411e-06,3.316011046990752220e-03
4.588000000000000000e+03,1.639592483115848154e-06,3.346435958519577980e-03
4.589000000000000000e+03,1.638503590584150515e-06,3.377653425559401512e-03
4.590000000000000000e+03,1.636766910451115109e-06,3.415983170270919800e-03
4.591000000000000000e+03,1.635172566238907166e-06,3.431026125326752663e-03
4.592000000000000000e+03,1.633974193282483611e-06,3.412173828110098839e-03
4.593000000000000000e+03,1.632761382097669411e-06,3.390094032511115074e-03
4.594000000000000000e+03,1.632211251489934511e-06,3.371179569512605667e-03
4.595000000000000000e+03,1.631339273444609717e-06,3.363092429935932159e-03
4.596000000000000000e+03,1.630386464057664853e-06,3.361795330420136452e-03
4.597000000000000000e+03,1.629448092899110634e-06,3.354168962687253952e-03
4.598000000000000000e+03,1.628242785045586061e-06,3.345869947224855423e-03
4.599000000000000000e+03,1.627352162358874921e-06,3.338302252814173698e-03
4.600000000000000000e+03,1.626179141567263287e-06,3.355524269863963127e-03
4.601000000000000000e+03,1.625639470148598775e-06,3.357301931828260422e-03
4.602000000000000000e+03,1.624939500288746785e-06,3.373834304511547089e-03
4.603000000000000000e+03,1.623574121367710177e-06,3.411717480048537254e-03
4.604000000000000000e+03,1.622967261027952190e-06,3.409628057852387428e-03
4.605000000000000000e+03,1.622432819203822874e-06,3.388684010133147240e-03
4.606000000000000000e+03,1.621854494260333013e-06,3.346574492752552032e-03
4.607000000000000000e+03,1.621079036340233870e-06,3.275638213381171227e-03
4.608000000000000000e+03,1.620506850485980976e-06,3.236490301787853241e-03
4.609000000000000000e+03,1.620344278308039065e-06,3.187167225405573845e-03
4.610000000000000000e+03,1.619663862584275194e-06,3.196775680407881737e-03
4.611000000000000000e+03,1.619344516257115174e-06,3.230245783925056458e-03
4.612000000000000000e+03,1.618986516405129805e-06,3.289429238066077232e-03
4.613000000000000000e+03,1.618644660084100906e-06,3.314727451652288437e-03
4.614000000000000000e+03,1.618187752683297731e-06,3.318744944408535957e-03
4.615000000000000000e+03,1.617968564460170455e-06,3.315828507766127586e-03
4.616000000000000000e+03,1.617805537534877658e-06,3.300872631371021271e-03
4.617000000000000000e+03,1.617151724531140644e-06,3.262559650465846062e-03
4.618000000000000000e+03,1.616532927073421888e-06,3.240958089008927345e-03
4.619000000000000000e+03,1.616322720110474620e-06,3.235924523323774338e-03
4.620000000000000000e+03,1.616019631001108792e-06,3.253409871831536293e-03
4.621000000000000000e+03,1.615608994143258315e-06,3.262450452893972397e-03
4.622000000000000000e+03,1.615404016774846241e-06,3.281809622421860695e-03
4.623000000000000000e+03,1.614987013454083353e-06,3.303458681330084801e-03
4.624000000000000000e+03,1.614441544006695040e-06,3.306915750727057457e-03
4.625000000000000000e+03,1.614008397154975682e-06,3.336234018206596375e-03
4.626000000000000000e+03,1.613655740584363230e-06,3.282158868387341499e-03
4.627000000000000000e+03,1.613329231986426748e-06,3.279258729889988899e-03
4.628000000000000000e+03,1.612823325558565557e-06,3.268620232120156288e-03
4.629000000000000000e+03,1.612351297808345407e-06,3.259646939113736153e-03
4.630000000000000000e+03,1.611571633475250565e-06,3.259463235735893250e-03
4.631000000000000000e+03,1.611258653611002956e-06,3.233798779547214508e-03
4.632000000000000000e+03,1.610550611985672731e-06,3.252373309805989265e-03
4.633000000000000000e+03,1.610048684597131796e-06,3.258501179516315460e-03
4.634000000000000000e+03,1.609603373253776226e-06,3.259633434936404228e-03
4.635000000000000000e+03,1.608961497367999982e-06,3.242979990318417549e-03
4.636000000000000000e+03,1.608436605238239281e-06,3.239854006096720695e-03
4.637000000000000000e+03,1.608137608855031431e-06,3.224226646125316620e-03
4.638000000000000000e+03,1.607691842764324974e-06,3.240500576794147491e-03
4.639000000000000000e+03,1.607181275176117197e-06,3.223891835659742355e-03
4.640000000000000000e+03,1.606767909834161401e-06,3.231558483093976974e-03
4.641000000000000000e+03,1.606036107659747358e-06,3.240966470912098885e-03
4.642000000000000000e+03,1.605355123501794878e-06,3.260953351855278015e-03
4.643000000000000000e+03,1.604726321602356620e-06,3.296368755400180817e-03
4.644000000000000000e+03,1.604105818842072040e-06,3.306013764813542366e-03
4.645000000000000000e+03,1.603290343155094888e-06,3.296485403552651405e-03
4.646000000000000000e+03,1.602806946721102577e-06,3.279014490544795990e-03
4.647000000000000000e+03,1.602292627467249986e-06,3.236234188079833984e-03
4.648000000000000000e+03,1.601625399416661821e-06,3.227030858397483826e-03
4.649000000000000000e+03,1.601092321834585164e-06,3.260457422584295273e-03
4.650000000000000000e+03,1.600183509253838565e-06,3.334582317620515823e-03
4.651000000000000000e+03,1.599652819095354062e-06,3.344553289934992790e-03
4.652000000000000000e+03,1.598536300662090071e-06,3.341671312227845192e-03
4.653000000000000000e+03,1.597471623426827136e-06,3.334180917590856552e-03
4.654000000000000000e+03,1.596299284756241832e-06,3.332036314532160759e-03
4.655000000000000000e+03,1.594946752447867766e-06,3.341719741001725197e-03
4.656000000000000000e+03,1.594117293279850855e-06,3.370086429640650749e-03
4.657000000000000000e+03,1.593730416971084196e-06,3.396617015823721886e-03
4.658000000000000000e+03,1.592349235579604283e-06,3.373614512383937836e-03
4.659000000000000000e+03,1.591992145222320687e-06,3.366253571584820747e-03
4.660000000000000000e+03,1.591388581800856628e-06,3.349666949361562729e-03
4.661000000000000000e+03,1.590591864442103542e-06,3.334145294502377510e-03
4.662000000000000000e+03,1.589876433172321413e-06,3.336252644658088684e-03
4.663000000000000000e+03,1.588728878232359421e-06,3.353152656927704811e-03
4.664000000000000000e+03,1.593943693478649948e-06,3.324889810755848885e-03
4.665000000000000000e+03,1.588482177794503514e-06,3.347435733303427696e-03
4.666000000000000000e+03,1.587569840921787545e-06,3.364941803738474846e-03
4.667000000000000000e+03,1.586875896464334801e-06,3.389449790120124817e-03
4.668000000000000000e+03,1.586116468388354406e-06,3.395530162379145622e-03
4.669000000000000000e+03,1.585288146088714711e-06,3.392554586753249168e-03
4.670000000000000000e+03,1.584602273396740202e-06,3.381547285243868828e-03
4.671000000000000000e+03,1.591995896887965500e-06,3.250098088756203651e-03
4.672000000000000000e+03,1.584011101840587799e-06,3.355401335284113884e-03
4.673000000000000000e+03,1.583468360877304804e-06,3.330949693918228149e-03
4.674000000000000000e+03,1.583070911692630034e-06,3.303945995867252350e-03
4.675000000000000000e+03,1.582861614224384539e-06,3.294932423159480095e-03
4.676000000000000000e+03,1.582354570928146131e-06,3.276849398389458656e-03
4.677000000000000000e+03,1.581891069690755103e-06,3.266783431172370911e-03
4.678000000000000000e+03,1.581366177560994402e-06,3.270789980888366699e-03
4.679000000000000000e+03,1.580468733664019965e-06,3.257147967815399170e-03
4.680000000000000000e+03,1.579770696480409242e-06,3.213770687580108643e-03
4.681000000000000000e+03,1.579239665261411574e-06,3.231700975447893143e-03
4.682000000000000000e+03,1.578617229824885726e-06,3.215564414858818054e-03
4.683000000000000000e+03,1.577881789671664592e-06,3.180058905854821205e-03
4.684000000000000000e+03,1.577102921146433800e-06,3.137967549264431000e-03
4.685000000000000000e+03,1.576154318172484636e-06,3.094058716669678688e-03
4.686000000000000000e+03,1.574827251715760212e-06,3.097401000559329987e-03
4.687000000000000000e+03,1.573485747030645143e-06,3.090038197115063667e-03
4.688000000000000000e+03,1.572142878103477415e-06,3.077459521591663361e-03
4.689000000000000000e+03,1.571741790939995553e-06,3.027797676622867584e-03
4.690000000000000000e+03,1.570925178384641185e-06,3.026073100045323372e-03
4.691000000000000000e+03,1.569904384268738795e-06,3.002271987497806549e-03
4.692000000000000000e+03,1.568993297951237764e-06,2.991858636960387230e-03
4.693000000000000000e+03,1.568303218846267555e-06,2.993117785081267357e-03
4.694000000000000000e+03,1.567325398355023935e-06,2.997583942487835884e-03
4.695000000000000000e+03,1.566442620060115587e-06,3.008192405104637146e-03
4.696000000000000000e+03,1.565370212119887583e-06,3.012540750205516815e-03
4.697000000000000000e+03,1.564717194924014620e-06,3.051987383514642715e-03
4.698000000000000000e+03,1.604281465006351937e-06,3.041748190298676491e-03
4.699000000000000000e+03,1.563931846249033697e-06,3.050540573894977570e-03
4.700000000000000000e+03,1.562625357109936886e-06,3.038818482309579849e-03
4.701000000000000000e+03,1.561726435284072068e-06,3.044789889827370644e-03
4.702000000000000000e+03,1.560915848131116945e-06,3.061870345845818520e-03
4.703000000000000000e+03,1.559847873977560084e-06,3.095566527917981148e-03
4.704000000000000000e+03,1.559043653287517373e-06,3.132179146632552147e-03
4.705000000000000000e+03,1.557987047817732673e-06,3.159848507493734360e-03
4.706000000000000000e+03,1.557136783958412707e-06,3.197427839040756226e-03
4.707000000000000000e+03,1.555733433633577079e-06,3.230912610888481140e-03
4.708000000000000000e+03,1.554439791107142810e-06,3.273170674219727516e-03
4.709000000000000000e+03,1.604420049261534587e-06,3.378374734893441200e-03
4.710000000000000000e+03,1.554085542920802254e-06,3.282437566667795181e-03
4.711000000000000000e+03,1.552520984660077374e-06,3.309269435703754425e-03
4.712000000000000000e+03,1.550849106024543289e-06,3.340886440128087997e-03
4.713000000000000000e+03,1.550006118122837506e-06,3.354369662702083588e-03
4.714000000000000000e+03,1.548843897580809426e-06,3.373322309926152229e-03
4.715000000000000000e+03,1.549925400468055159e-06,3.378700697794556618e-03
4.716000000000000000e+03,1.548277055007929448e-06,3.375197760760784149e-03
4.717000000000000000e+03,1.546866428725479636e-06,3.383447183296084404e-03
4.718000000000000000e+03,1.545757299936667550e-06,3.378012683242559433e-03
4.719000000000000000e+03,1.544390329399902839e-06,3.385392948985099792e-03
4.720000000000000000e+03,1.543213898003159557e-06,3.410824108868837357e-03
4.721000000000000000e+03,1.542026780043670442e-06,3.458078252151608467e-03
4.722000000000000000e+03,1.541037704555492382e-06,3.491390962153673172e-03
4.723000000000000000e+03,1.540304651825863402e-06,3.500923747196793556e-03
4.724000000000000000e+03,1.539401409900165163e-06,3.480456070974469185e-03
4.725000000000000000e+03,1.538776587040047161e-06,3.448053263127803802e-03
4.726000000000000000e+03,1.538028755021514371e-06,3.406544914469122887e-03
4.727000000000000000e+03,1.537550701868894976e-06,3.371323924511671066e-03
4.728000000000000000e+03,1.537019102215708699e-06,3.334998618811368942e-03
4.729000000000000000e+03,1.536639956611907110e-06,3.309355583041906357e-03
4.730000000000000000e+03,1.535832893750921357e-06,3.274570452049374580e-03
4.731000000000000000e+03,1.535223759674408939e-06,3.261954989284276962e-03
4.732000000000000000e+03,1.534890088805695996e-06,3.257696749642491341e-03
4.733000000000000000e+03,1.534400325908791274e-06,3.283617552369832993e-03
4.734000000000000000e+03,1.541175379315973260e-06,3.143245587125420570e-03
4.735000000000000000e+03,1.534071770947775804e-06,3.257986623793840408e-03
4.736000000000000000e+03,1.533222643956833053e-06,3.229748923331499100e-03
4.737000000000000000e+03,1.531974021418136545e-06,3.199927974492311478e-03
4.738000000000000000e+03,1.531134330434724689e-06,3.201734740287065506e-03
4.739000000000000000e+03,1.530168106000928674e-06,3.229745896533131599e-03
4.740000000000000000e+03,1.529366272734478116e-06,3.264239057898521423e-03
4.741000000000000000e+03,1.528736902400851250e-06,3.280955133959650993e-03
4.742000000000000000e+03,1.528245093140867539e-06,3.284476464614272118e-03
4.743000000000000000e+03,1.527352196717401966e-06,3.299024654552340508e-03
4.744000000000000000e+03,1.526611185909132473e-06,3.273493843153119087e-03
4.745000000000000000e+03,1.525705101812491193e-06,3.294407157227396965e-03
4.746000000000000000e+03,1.523927721791551448e-06,3.335291519761085510e-03
4.747000000000000000e+03,1.523026071481581312e-06,3.375199623405933380e-03
4.748000000000000000e+03,1.521931835668510757e-06,3.408731659874320030e-03
4.749000000000000000e+03,1.520999376225518063e-06,3.440598025918006897e-03
4.750000000000000000e+03,1.520217551842506509e-06,3.485595574602484703e-03
4.751000000000000000e+03,1.519657530479889829e-06,3.489210270345211029e-03
4.752000000000000000e+03,1.518612407380715013e-06,3.492408432066440582e-03
4.753000000000000000e+03,1.517177565801830497e-06,3.553131595253944397e-03
4.754000000000000000e+03,1.516013071523047984e-06,3.603636752814054489e-03
4.755000000000000000e+03,1.515075155111844651e-06,3.625397337600588799e-03
4.756000000000000000e+03,1.515357553216745146e-06,3.701213514432311058e-03
4.757000000000000000e+03,1.514631435384217184e-06,3.658072557300329208e-03
4.758000000000000000e+03,1.514054474682779983e-06,3.676961641758680344e-03
4.759000000000000000e+03,1.513440679445920978e-06,3.684010822325944901e-03
4.760000000000000000e+03,1.512038011242111679e-06,3.715892089530825615e-03
4.761000000000000000e+03,1.511364985162799712e-06,3.707110648974776268e-03
4.762000000000000000e+03,1.510651145508745685e-06,3.737864783033728600e-03
4.763000000000000000e+03,1.509930143583915196e-06,3.743446897715330124e-03
4.764000000000000000e+03,1.509789285591978114e-06,3.727406729012727737e-03
4.765000000000000000e+03,1.509523031018034089e-06,3.695160849019885063e-03
4.766000000000000000e+03,1.508880814071744680e-06,3.649661550298333168e-03
4.767000000000000000e+03,1.508318064225022681e-06,3.615191206336021423e-03
4.768000000000000000e+03,1.507468709860404488e-06,3.605500329285860062e-03
4.769000000000000000e+03,1.510844754193385597e-06,3.415257902815937996e-03
4.770000000000000000e+03,1.506814669482992031e-06,3.554973751306533813e-03
4.771000000000000000e+03,1.505499767517903820e-06,3.566015046089887619e-03
4.772000000000000000e+03,1.505446107330499217e-06,3.612996079027652740e-03
4.773000000000000000e+03,1.503395196778001264e-06,3.588641760870814323e-03
4.774000000000000000e+03,1.502863142377464101e-06,3.549661487340927124e-03
4.775000000000000000e+03,1.502010150034038816e-06,3.554403083398938179e-03
4.776000000000000000e+03,1.501047336205374449e-06,3.534222254529595375e-03
4.777000000000000000e+03,1.499963673268212005e-06,3.522139508277177811e-03
4.778000000000000000e+03,1.498453002568567172e-06,3.472636220976710320e-03
4.779000000000000000e+03,1.505829573034134228e-06,3.393199527636170387e-03
4.780000000000000000e+03,1.498063738836208358e-06,3.459513885900378227e-03
4.781000000000000000e+03,1.497304538133903407e-06,3.445450915023684502e-03
4.782000000000000000e+03,1.497074663348030299e-06,3.456193255260586739e-03
4.783000000000000000e+03,1.495985088695306331e-06,3.398877801373600960e-03
4.784000000000000000e+03,1.495340939072775654e-06,3.393871709704399109e-03
4.785000000000000000e+03,1.494315938543877564e-06,3.367034951224923134e-03
4.786000000000000000e+03,1.493628360549337231e-06,3.343031508848071098e-03
4.787000000000000000e+03,1.492597107244364452e-06,3.306405385956168175e-03
4.788000000000000000e+03,1.492605406383518130e-06,3.232830669730901718e-03
4.789000000000000000e+03,1.492074488851358183e-06,3.269652603194117546e-03
4.790000000000000000e+03,1.492210344622435514e-06,3.280036151409149170e-03
4.791000000000000000e+03,1.491326429459149949e-06,3.274726215749979019e-03
4.792000000000000000e+03,1.490923068558913656e-06,3.284884849563241005e-03
4.793000000000000000e+03,1.490588147134985775e-06,3.304463345557451248e-03
4.794000000000000000e+03,1.490394311076670419e-06,3.337144618853926659e-03
4.795000000000000000e+03,1.489996634518320207e-06,3.364655422046780586e-03
4.796000000000000000e+03,1.489584633418417070e-06,3.368473844602704048e-03
4.797000000000000000e+03,1.488833504481590353e-06,3.344448981806635857e-03
4.798000000000000000e+03,1.488548264205746818e-06,3.298560855910181999e-03
4.799000000000000000e+03,1.488068619437399320e-06,3.236726392060518265e-03
4.800000000000000000e+03,1.486831365582474973e-06,3.217298071831464767e-03
4.801000000000000000e+03,1.485457346461771522e-06,3.269063308835029602e-03
4.802000000000000000e+03,1.484156655351398513e-06,3.303568344563245773e-03
4.803000000000000000e+03,1.483213054598309100e-06,3.345076460391283035e-03
4.804000000000000000e+03,1.482474431213631760e-06,3.339180955663323402e-03
4.805000000000000000e+03,1.483513415223569609e-06,3.338399343192577362e-03
4.806000000000000000e+03,1.481994559071608819e-06,3.338850103318691254e-03
4.807000000000000000e+03,1.481109848100459203e-06,3.323235316202044487e-03
4.808000000000000000e+03,1.480172045376093592e-06,3.285559825599193573e-03
4.809000000000000000e+03,1.479036654927767813e-06,3.240247489884495735e-03
4.810000000000000000e+03,1.478322360526362900e-06,3.173996694386005402e-03
4.811000000000000000e+03,1.477868863730691373e-06,3.152010496705770493e-03
4.812000000000000000e+03,1.475748263146670070e-06,3.201380604878067970e-03
4.813000000000000000e+03,1.474420514568919316e-06,3.261089557781815529e-03
4.814000000000000000e+03,1.472731923968240153e-06,3.393664024770259857e-03
4.815000000000000000e+03,1.471248538109648507e-06,3.423847025260329247e-03
4.816000000000000000e+03,1.468969117013330106e-06,3.449110547080636024e-03
4.817000000000000000e+03,1.467386027798056602e-06,3.438686719164252281e-03
4.818000000000000000e+03,1.466142748540733010e-06,3.474361961707472801e-03
4.819000000000000000e+03,1.465301693315268494e-06,3.479926846921443939e-03
4.820000000000000000e+03,1.464654246774443891e-06,3.470877883955836296e-03
4.821000000000000000e+03,1.464037723053479567e-06,3.460813546553254128e-03
4.822000000000000000e+03,1.463658009015489370e-06,3.433633362874388695e-03
4.823000000000000000e+03,1.462967702536843717e-06,3.379103261977434158e-03
4.824000000000000000e+03,1.598293238203041255e-06,3.030081046745181084e-03
4.825000000000000000e+03,1.462597765566897579e-06,3.359192749485373497e-03
4.826000000000000000e+03,1.461754777665191796e-06,3.336788387969136238e-03
4.827000000000000000e+03,1.460908151784678921e-06,3.311423351988196373e-03
4.828000000000000000e+03,1.459727400288102217e-06,3.272587899118661880e-03
4.829000000000000000e+03,1.459376562706893310e-06,3.122800262644886971e-03
4.830000000000000000e+03,1.457888629374792799e-06,3.152492688968777657e-03
4.831000000000000000e+03,1.457476741961727384e-06,3.169356612488627434e-03
4.832000000000000000e+03,1.456833047086547595e-06,3.187327412888407707e-03
4.833000000000000000e+03,1.456373638575314544e-06,3.198129124939441681e-03
4.834000000000000000e+03,1.455458800592168700e-06,3.225093241780996323e-03
4.835000000000000000e+03,1.460648604734160472e-06,3.361386945471167564e-03
4.836000000000000000e+03,1.455038386666274164e-06,3.253189381211996078e-03
4.837000000000000000e+03,1.454431867387029342e-06,3.280491335317492485e-03
4.838000000000000000e+03,1.453451432098518126e-06,3.326662117615342140e-03
4.839000000000000000e+03,1.453044887966825627e-06,3.331928979605436325e-03
4.840000000000000000e+03,1.452162791792943608e-06,3.324266057461500168e-03
4.841000000000000000e+03,1.451051730327890255e-06,3.324636491015553474e-03
4.842000000000000000e+03,1.449956243959604762e-06,3.326972015202045441e-03
4.843000000000000000e+03,1.454230869057937525e-06,3.634891007095575333e-03
4.844000000000000000e+03,1.448742636966926511e-06,3.423526883125305176e-03
4.845000000000000000e+03,1.447571435164718423e-06,3.434753743931651115e-03
4.846000000000000000e+03,1.447145564270613249e-06,3.441919572651386261e-03
4.847000000000000000e+03,1.446697183382639196e-06,3.442827844992280006e-03
4.848000000000000000e+03,1.446189230591699015e-06,3.427522489801049232e-03
4.849000000000000000e+03,1.445935367883066647e-06,3.400481073185801506e-03
4.850000000000000000e+03,1.445589646209555212e-06,3.375733271241188049e-03
4.851000000000000000e+03,1.445440830138977617e-06,3.371424274519085884e-03
4.852000000000000000e+03,1.444888312107650563e-06,3.362974850460886955e-03
4.853000000000000000e+03,1.444487793378357310e-06,3.361342940479516983e-03
4.854000000000000000e+03,1.444006784367957152e-06,3.360647941008210182e-03
4.855000000000000000e+03,1.443438463866186794e-06,3.357329173013567924e-03
4.856000000000000000e+03,1.442836946807801723e-06,3.364135511219501495e-03
4.857000000000000000e+03,1.442048642275040038e-06,3.352907719090580940e-03
4.858000000000000000e+03,1.441116523892560508e-06,3.356782253831624985e-03
4.859000000000000000e+03,1.440448500034108292e-06,3.338593291118741035e-03
4.860000000000000000e+03,1.439796164959261660e-06,3.293570829555392265e-03
4.861000000000000000e+03,1.439157131244428456e-06,3.265083767473697662e-03
4.862000000000000000e+03,1.438638605577580165e-06,3.240900579839944839e-03
4.863000000000000000e+03,1.438101662643020973e-06,3.229100257158279419e-03
4.864000000000000000e+03,1.437452169739117380e-06,3.229426685720682144e-03
4.865000000000000000e+03,1.436731395187962335e-06,3.252528840675950050e-03
4.866000000000000000e+03,1.435912395209015813e-06,3.319364506751298904e-03
4.867000000000000000e+03,1.435364083590684459e-06,3.326791338622570038e-03
4.868000000000000000e+03,1.434848741155292373e-06,3.350765909999608994e-03
4.869000000000000000e+03,1.434268256161885802e-06,3.368054749444127083e-03
4.870000000000000000e+03,1.433080797141883522e-06,3.385758493095636368e-03
4.871000000000000000e+03,1.431800342288624961e-06,3.375309286639094353e-03
4.872000000000000000e+03,1.451256252948951442e-06,3.428762545809149742e-03
4.873000000000000000e+03,1.431491909897886217e-06,3.382155904546380043e-03
4.874000000000000000e+03,1.430776933375454973e-06,3.357773413881659508e-03
4.875000000000000000e+03,1.429964640919934027e-06,3.322987817227840424e-03
4.876000000000000000e+03,1.429321514478942845e-06,3.296958981081843376e-03
4.877000000000000000e+03,1.428305836270737927e-06,3.279997035861015320e-03
4.878000000000000000e+03,1.427084612259932328e-06,3.279444528743624687e-03
4.879000000000000000e+03,1.426450126018607989e-06,3.299941308796405792e-03
4.880000000000000000e+03,1.425986965841730125e-06,3.319518640637397766e-03
4.881000000000000000e+03,1.425895675311039668e-06,3.328007878735661507e-03
4.882000000000000000e+03,1.425663640475249849e-06,3.335004672408103943e-03
4.883000000000000000e+03,1.425301434210268781e-06,3.338025882840156555e-03
4.884000000000000000e+03,1.424646711711829994e-06,3.348971251398324966e-03
4.885000000000000000e+03,1.425790969733498059e-06,3.360109636560082436e-03
4.886000000000000000e+03,1.424260631210927386e-06,3.352428087964653969e-03
4.887000000000000000e+03,1.423619323759339750e-06,3.374034073203802109e-03
4.888000000000000000e+03,1.422480750079557765e-06,3.387548495084047318e-03
4.889000000000000000e+03,1.421684714841831010e-06,3.390195779502391815e-03
4.890000000000000000e+03,1.420540911567513831e-06,3.396081272512674332e-03
4.891000000000000000e+03,1.419653472112258896e-06,3.318883478641510010e-03
4.892000000000000000e+03,1.418689748788892757e-06,3.327392274513840675e-03
4.893000000000000000e+03,1.418182137058465742e-06,3.290390595793724060e-03
4.894000000000000000e+03,1.417762860000948422e-06,3.243945771828293800e-03
4.895000000000000000e+03,1.417454313923371956e-06,3.207816975191235542e-03
4.896000000000000000e+03,1.416706822965352330e-06,3.227663924917578697e-03
4.897000000000000000e+03,1.416359509676112793e-06,3.235088894143700600e-03
4.898000000000000000e+03,1.416207055626728106e-06,3.236326621845364571e-03
4.899000000000000000e+03,1.415894189449318219e-06,3.225049702450633049e-03
4.900000000000000000e+03,1.415626002199132927e-06,3.215675940737128258e-03
4.901000000000000000e+03,1.415450924469041638e-06,3.212653333321213722e-03
4.902000000000000000e+03,1.415121687386999838e-06,3.204360604286193848e-03
4.903000000000000000e+03,1.501350652688415721e-06,3.093882463872432709e-03
4.904000000000000000e+03,1.414920120623719413e-06,3.198611782863736153e-03
4.905000000000000000e+03,1.414561324963869993e-06,3.199591999873518944e-03
4.906000000000000000e+03,1.413738345945603214e-06,3.211183473467826843e-03
4.907000000000000000e+03,1.413027462149329949e-06,3.208164125680923462e-03
4.908000000000000000e+03,1.411930270478478633e-06,3.192301373928785324e-03
4.909000000000000000e+03,1.410794538969639689e-06,3.221435938030481339e-03
4.910000000000000000e+03,1.409679953212616965e-06,3.200490027666091919e-03
4.911000000000000000e+03,1.409290689480258152e-06,3.208735259249806404e-03
4.912000000000000000e+03,1.408967136740102433e-06,3.212687093764543533e-03
4.913000000000000000e+03,1.408353114129567984e-06,3.212006064131855965e-03
4.914000000000000000e+03,1.407714421475247946e-06,3.206963883712887764e-03
4.915000000000000000e+03,1.407148374710232019e-06,3.204539418220520020e-03
4.916000000000000000e+03,1.406590968144882936e-06,3.201569197699427605e-03
4.917000000000000000e+03,1.406205001330818050e-06,3.208602080121636391e-03
4.918000000000000000e+03,1.406276624038582668e-06,3.159880870953202248e-03
4.919000000000000000e+03,1.405290731781860813e-06,3.184469416737556458e-03
4.920000000000000000e+03,1.404757199452433269e-06,3.192409174516797066e-03
4.921000000000000000e+03,1.404004024152527563e-06,3.207761794328689575e-03
4.922000000000000000e+03,1.403570422553457320e-06,3.233905183151364326e-03
4.923000000000000000e+03,1.403018472956318874e-06,3.267600899562239647e-03
4.924000000000000000e+03,1.402314865117659792e-06,3.320192219689488411e-03
4.925000000000000000e+03,1.401535882905591279e-06,3.333857050165534019e-03
4.926000000000000000e+03,1.400909582116582897e-06,3.350678132846951485e-03
4.927000000000000000e+03,1.399990310346765909e-06,3.356294473633170128e-03
4.928000000000000000e+03,1.399154939463187475e-06,3.345780307427048683e-03
4.929000000000000000e+03,1.398386189066513907e-06,3.345385193824768066e-03
4.930000000000000000e+03,1.397953951709496323e-06,3.335317363962531090e-03
4.931000000000000000e+03,1.399743155161559116e-06,3.448368050158023834e-03
4.932000000000000000e+03,1.397332084707159083e-06,3.371449885889887810e-03
4.933000000000000000e+03,1.397031837768736295e-06,3.392769722267985344e-03
4.934000000000000000e+03,1.396615516568999738e-06,3.409931203350424767e-03
4.935000000000000000e+03,1.396326752001186833e-06,3.410083241760730743e-03
4.936000000000000000e+03,1.395738763676490635e-06,3.404981689527630806e-03
4.937000000000000000e+03,1.394719561176316347e-06,3.373187966644763947e-03
4.938000000000000000e+03,1.393796196680341382e-06,3.337313188239932060e-03
4.939000000000000000e+03,1.392988451698329300e-06,3.302171593531966209e-03
4.940000000000000000e+03,1.391820887874928303e-06,3.250094596296548843e-03
4.941000000000000000e+03,1.390647071275452618e-06,3.229463938623666763e-03
4.942000000000000000e+03,1.389568524245987646e-06,3.145139198750257492e-03
4.943000000000000000e+03,1.388924943057645578e-06,3.197538666427135468e-03
4.944000000000000000e+03,1.388339569530216977e-06,3.223347011953592300e-03
4.945000000000000000e+03,1.387694624099822249e-06,3.258743323385715485e-03
4.946000000000000000e+03,1.386915300827240571e-06,3.241583006456494331e-03
4.947000000000000000e+03,1.386425878990849014e-06,3.218431724235415459e-03
4.948000000000000000e+03,1.385991481583914720e-06,3.199130762368440628e-03
4.949000000000000000e+03,1.385249447594105732e-06,3.204113338142633438e-03
4.950000000000000000e+03,1.384052779940248001e-06,3.154567675665020943e-03
4.951000000000000000e+03,1.383089852424745914e-06,3.165490226820111275e-03
4.952000000000000000e+03,1.382411483064061031e-06,3.175413236021995544e-03
4.953000000000000000e+03,1.381866582050861325e-06,3.176480298861861229e-03
4.954000000000000000e+03,1.380738353873312008e-06,3.186967922374606133e-03
4.955000000000000000e+03,1.379964828629454132e-06,3.199705155566334724e-03
4.956000000000000000e+03,1.379425725644978229e-06,3.218804253265261650e-03
4.957000000000000000e+03,1.378991555611719377e-06,3.245067317038774490e-03
4.958000000000000000e+03,1.378369915983057581e-06,3.238079836592078209e-03
4.959000000000000000e+03,1.377524313284084201e-06,3.230956383049488068e-03
4.960000000000000000e+03,1.376700765831628814e-06,3.216853830963373184e-03
4.961000000000000000e+03,1.376142336084740236e-06,3.209739690646529198e-03
4.962000000000000000e+03,1.375315832774504088e-06,3.229370573535561562e-03
4.963000000000000000e+03,1.374723183289461304e-06,3.244571620598435402e-03
4.964000000000000000e+03,1.374139515064598527e-06,3.258937038481235504e-03
4.965000000000000000e+03,1.373554027850332204e-06,3.273636568337678909e-03
4.966000000000000000e+03,1.372914539388148114e-06,3.276824718341231346e-03
4.967000000000000000e+03,1.372390329379413743e-06,3.268845146521925926e-03
4.968000000000000000e+03,1.372357928630663082e-06,3.244132967665791512e-03
4.969000000000000000e+03,1.372111114505969454e-06,3.255781484767794609e-03
4.970000000000000000e+03,1.371569624097901396e-06,3.252817317843437195e-03
4.971000000000000000e+03,1.371171379105362576e-06,3.234883770346641541e-03
4.972000000000000000e+03,1.370864765704027377e-06,3.221185645088553429e-03
4.973000000000000000e+03,1.370430027236579917e-06,3.208678215742111206e-03
4.974000000000000000e+03,1.370180257254105527e-06,3.214967669919133186e-03
4.975000000000000000e+03,1.369608867207716685e-06,3.228990128263831139e-03
4.976000000000000000e+03,1.369167648590519093e-06,3.255491377785801888e-03
4.977000000000000000e+03,1.369014853480621241e-06,3.273160196840763092e-03
4.978000000000000000e+03,1.368622406516806222e-06,3.291464177891612053e-03
4.979000000000000000e+03,1.368046127936395351e-06,3.295098431408405304e-03
4.980000000000000000e+03,1.367555455544788856e-06,3.286767750978469849e-03
4.981000000000000000e+03,1.366911874356446788e-06,3.259865101426839828e-03
4.982000000000000000e+03,1.366609922115458176e-06,3.233428811654448509e-03
4.983000000000000000e+03,1.366123342450009659e-06,3.220535581931471825e-03
4.984000000000000000e+03,1.365687921861535870e-06,3.229006426408886909e-03
4.985000000000000000e+03,1.365443949907785282e-06,3.248784923925995827e-03
4.986000000000000000e+03,1.364894274047401268e-06,3.274852177128195763e-03
4.987000000000000000e+03,1.364308218398946337e-06,3.303126664832234383e-03
4.988000000000000000e+03,1.363943511023535393e-06,3.324353601783514023e-03
4.989000000000000000e+03,1.362933971904567443e-06,3.303442848846316338e-03
4.990000000000000000e+03,1.362296302431786899e-06,3.271822817623615265e-03
4.991000000000000000e+03,1.361809268018987495e-06,3.245098050683736801e-03
4.992000000000000000e+03,1.361532667942810804e-06,3.232443239539861679e-03
4.993000000000000000e+03,1.361384875053772703e-06,3.211739007383584976e-03
4.994000000000000000e+03,1.360504370495618787e-06,3.223523264750838280e-03
4.995000000000000000e+03,1.359969814984651748e-06,3.251768415793776512e-03
4.996000000000000000e+03,1.359266775580181275e-06,3.300491487607359886e-03
4.997000000000000000e+03,1.358737108603236265e-06,3.336933674290776253e-03
4.998000000000000000e+03,1.360082251267158426e-06,3.317853668704628944e-03
4.999000000000000000e+03,1.358457211608765647e-06,3.330803941935300827e-03
5.000000000000000000e+03,1.357234282295394223e-06,3.369024721905589104e-03
5.001000000000000000e+03,1.356347070213814732e-06,3.379776608198881149e-03
5.002000000000000000e+03,1.355621066068124492e-06,3.352164058014750481e-03
5.003000000000000000e+03,1.354888695459521841e-06,3.305611899122595787e-03
5.004000000000000000e+03,1.354101868855650537e-06,3.265370847657322884e-03
5.005000000000000000e+03,1.353502852907695342e-06,3.253730712458491325e-03
5.006000000000000000e+03,1.352686012978665531e-06,3.198880469426512718e-03
5.007000000000000000e+03,1.351771743429708295e-06,3.237505443394184113e-03
5.008000000000000000e+03,1.350996058135933708e-06,3.260635072365403175e-03
5.009000000000000000e+03,1.350456159343593754e-06,3.265716833993792534e-03
5.010000000000000000e+03,1.349771196146321017e-06,3.246853826567530632e-03
5.011000000000000000e+03,1.349039052911393810e-06,3.223459934815764427e-03
5.012000000000000000e+03,1.348522914668137673e-06,3.198360325768589973e-03
5.013000000000000000e+03,1.347892748526646756e-06,3.160088323056697845e-03
5.014000000000000000e+03,1.347331590295652859e-06,3.160322085022926331e-03
5.015000000000000000e+03,1.346575459137966391e-06,3.155912039801478386e-03
5.016000000000000000e+03,1.346008389191410970e-06,3.137558698654174805e-03
5.017000000000000000e+03,1.345057057733356487e-06,3.089231671765446663e-03
5.018000000000000000e+03,1.343841972811787855e-06,3.036793787032365799e-03
5.019000000000000000e+03,1.358836925646755844e-06,2.869289834052324295e-03
5.020000000000000000e+03,1.343497274319815915e-06,3.014637157320976257e-03
5.021000000000000000e+03,1.342545260740735102e-06,3.021009033545851707e-03
5.022000000000000000e+03,1.341726033388113137e-06,3.075316082686185837e-03
5.023000000000000000e+03,1.341217284789308906e-06,3.114891471341252327e-03
5.024000000000000000e+03,1.340465018984104972e-06,3.170412732288241386e-03
5.025000000000000000e+03,1.339925347565440461e-06,3.222374944016337395e-03
5.026000000000000000e+03,1.339029154223680962e-06,3.228561021387577057e-03
5.027000000000000000e+03,1.353683160232321825e-06,3.592087421566247940e-03
5.028000000000000000e+03,1.338876813861133996e-06,3.264435799792408943e-03
5.029000000000000000e+03,1.338148649665527046e-06,3.221479710191488266e-03
5.030000000000000000e+03,1.337151729785546195e-06,3.139584325253963470e-03
5.031000000000000000e+03,1.336830337095307186e-06,3.084174357354640961e-03
5.032000000000000000e+03,1.336264631390804425e-06,3.067075042054057121e-03
5.033000000000000000e+03,1.335776232735952362e-06,3.089891513809561729e-03
5.034000000000000000e+03,1.335059778284630738e-06,3.109717275947332382e-03
5.035000000000000000e+03,1.334693251919816248e-06,3.116775769740343094e-03
5.036000000000000000e+03,1.334122998741804622e-06,3.081479575484991074e-03
5.037000000000000000e+03,1.333665409219975118e-06,3.027433296665549278e-03
5.038000000000000000e+03,1.596145011717453599e-06,2.757890149950981140e-03
5.039000000000000000e+03,1.333495561084419023e-06,3.022543154656887054e-03
5.040000000000000000e+03,1.332906549578183331e-06,2.967592328786849976e-03
5.041000000000000000e+03,1.332480564997240435e-06,2.930925460532307625e-03
5.042000000000000000e+03,1.331986936747853179e-06,2.928946167230606079e-03
5.043000000000000000e+03,1.331380644842283800e-06,2.918150508776307106e-03
5.044000000000000000e+03,1.331071530330518726e-06,2.949137473478913307e-03
5.045000000000000000e+03,1.330530835730314720e-06,2.893489087000489235e-03
5.046000000000000000e+03,1.330013446931843646e-06,2.900341991335153580e-03
5.047000000000000000e+03,1.329514020653732587e-06,2.889374736696481705e-03
5.048000000000000000e+03,1.329414658357563894e-06,2.878186525776982307e-03
5.049000000000000000e+03,1.329189103671524208e-06,2.874965779483318329e-03
5.050000000000000000e+03,1.329155224993883166e-06,2.876125276088714600e-03
5.051000000000000000e+03,1.328714915871387348e-06,2.881188644096255302e-03
5.052000000000000000e+03,1.328191387983679306e-06,2.888271817937493324e-03
5.053000000000000000e+03,1.328014946011535358e-06,2.907654503360390663e-03
5.054000000000000000e+03,1.327543714069179259e-06,2.944682491943240166e-03
5.055000000000000000e+03,1.327378868154482916e-06,2.955897245556116104e-03
5.056000000000000000e+03,1.327140353168942966e-06,2.958555240184068680e-03
5.057000000000000000e+03,1.326762230746680871e-06,2.955350559204816818e-03
5.058000000000000000e+03,1.326460051132016815e-06,2.930478425696492195e-03
5.059000000000000000e+03,1.325951984654238913e-06,2.946855267509818077e-03
5.060000000000000000e+03,1.325526113760133740e-06,2.960850717499852180e-03
5.061000000000000000e+03,1.324867071161861531e-06,2.991683082655072212e-03
5.062000000000000000e+03,1.324820914305746555e-06,2.966024214401841164e-03
5.063000000000000000e+03,1.324052959716937039e-06,3.022518474608659744e-03
5.064000000000000000e+03,1.323317405876878183e-06,3.042735857889056206e-03
5.065000000000000000e+03,1.323882202086679172e-06,3.062390023842453957e-03
5.066000000000000000e+03,1.322884486398834269e-06,3.050653031095862389e-03
5.067000000000000000e+03,1.322590037489135284e-06,3.050426021218299866e-03
5.068000000000000000e+03,1.322036951023619622e-06,3.054424887523055077e-03
5.069000000000000000e+03,1.321453737546107732e-06,3.064617747440934181e-03
5.070000000000000000e+03,1.320741944255132694e-06,3.080747788771986961e-03
5.071000000000000000e+03,1.320128035331435967e-06,3.102775197476148605e-03
5.072000000000000000e+03,1.319890770901110955e-06,3.068547230213880539e-03
5.073000000000000000e+03,1.319290845458453987e-06,3.103256924077868462e-03
5.074000000000000000e+03,1.318650447501568124e-06,3.078940091654658318e-03
5.075000000000000000e+03,1.317636360909091309e-06,3.052384359762072563e-03
5.076000000000000000e+03,1.317022224611719139e-06,3.043688833713531494e-03
5.077000000000000000e+03,1.316539396611915436e-06,3.031342523172497749e-03
5.078000000000000000e+03,1.317317696702957619e-06,3.033451037481427193e-03
5.079000000000000000e+03,1.316307361776125617e-06,3.031985368579626083e-03
5.080000000000000000e+03,1.315733243245631456e-06,3.048309357836842537e-03
5.081000000000000000e+03,1.315171743954124395e-06,3.026803256943821907e-03
5.082000000000000000e+03,1.314374912908533588e-06,3.005078528076410294e-03
5.083000000000000000e+03,1.313918346568243578e-06,2.999866846948862076e-03
5.084000000000000000e+03,1.313281586590164807e-06,2.987885149195790291e-03
5.085000000000000000e+03,1.312993504143378232e-06,2.997771836817264557e-03
5.086000000000000000e+03,1.312733047598158009e-06,3.002947662025690079e-03
5.087000000000000000e+03,1.312767608396825381e-06,3.004223341122269630e-03
5.088000000000000000e+03,1.312760332439211197e-06,3.003194462507963181e-03
5.089000000000000000e+03,1.312809558839944657e-06,3.002970712259411812e-03
5.090000000000000000e+03,1.312668132413818967e-06,3.002950455993413925e-03
5.091000000000000000e+03,1.312665403929713648e-06,3.002950688824057579e-03
5.092000000000000000e+03,1.312711333412153181e-06,3.002948826178908348e-03
5.093000000000000000e+03,1.312665403929713648e-06,3.002950688824057579e-03
5.094000000000000000e+03,1.312725771640543826e-06,3.004239872097969055e-03
5.095000000000000000e+03,1.312886752202757634e-06,3.003152320161461830e-03
5.096000000000000000e+03,1.312739982495259028e-06,3.002953249961137772e-03
5.097000000000000000e+03,1.312676772613485809e-06,3.002951154485344887e-03
