Iter,Loss,L2
1.000000000000000000e+00,2.130429893732070923e-01,9.393867850303649902e-01
2.000000000000000000e+00,1.867467910051345825e-01,8.969920873641967773e-01
3.000000000000000000e+00,1.748710572719573975e-01,8.588597178459167480e-01
4.000000000000000000e+00,1.742758750915527344e-01,8.526642918586730957e-01
5.000000000000000000e+00,1.728122234344482422e-01,8.418925404548645020e-01
6.000000000000000000e+00,1.686066240072250366e-01,8.193410634994506836e-01
7.000000000000000000e+00,1.610335707664489746e-01,7.978144288063049316e-01
8.000000000000000000e+00,1.491271704435348511e-01,7.543559670448303223e-01
9.000000000000000000e+00,1.328897625207901001e-01,6.995234489440917969e-01
1.000000000000000000e+01,1.283789128065109253e-01,6.963098049163818359e-01
1.100000000000000000e+01,1.230105310678482056e-01,6.954728960990905762e-01
1.200000000000000000e+01,1.196833327412605286e-01,6.862459182739257812e-01
1.300000000000000000e+01,1.150346621870994568e-01,6.724827885627746582e-01
1.400000000000000000e+01,1.125358790159225464e-01,6.584275364875793457e-01
1.500000000000000000e+01,1.097822561860084534e-01,6.481356024742126465e-01
1.600000000000000000e+01,1.069103330373764038e-01,6.494494080543518066e-01
1.700000000000000000e+01,1.051419228315353394e-01,6.607677936553955078e-01
1.800000000000000000e+01,1.035051345825195312e-01,6.763468980789184570e-01
1.900000000000000000e+01,1.017718985676765442e-01,6.869695782661437988e-01
2.000000000000000000e+01,9.952935576438903809e-02,6.819691658020019531e-01
2.100000000000000000e+01,9.680201858282089233e-02,6.563275456428527832e-01
2.200000000000000000e+01,9.393027424812316895e-02,6.303989887237548828e-01
2.300000000000000000e+01,9.219922870397567749e-02,6.043127775192260742e-01
2.400000000000000000e+01,9.146081656217575073e-02,5.988275408744812012e-01
2.500000000000000000e+01,9.006342291831970215e-02,5.997649431228637695e-01
2.600000000000000000e+01,8.822999149560928345e-02,5.963239073753356934e-01
2.700000000000000000e+01,8.672246336936950684e-02,6.006119847297668457e-01
2.800000000000000000e+01,8.563937246799468994e-02,5.875765681266784668e-01
2.900000000000000000e+01,8.511375635862350464e-02,5.896964669227600098e-01
3.000000000000000000e+01,8.464776724576950073e-02,5.938709378242492676e-01
3.100000000000000000e+01,8.408652245998382568e-02,5.801463723182678223e-01
3.200000000000000000e+01,8.303038775920867920e-02,5.673022270202636719e-01
3.300000000000000000e+01,8.127596229314804077e-02,5.418038368225097656e-01
3.400000000000000000e+01,7.956564426422119141e-02,5.382899045944213867e-01
3.500000000000000000e+01,7.892242074012756348e-02,5.195627808570861816e-01
3.600000000000000000e+01,7.806083559989929199e-02,5.262777209281921387e-01
3.700000000000000000e+01,7.717378437519073486e-02,5.420549511909484863e-01
3.800000000000000000e+01,7.628660649061203003e-02,5.388361215591430664e-01
3.900000000000000000e+01,7.585667073726654053e-02,5.194915533065795898e-01
4.000000000000000000e+01,7.513639330863952637e-02,5.255340337753295898e-01
4.100000000000000000e+01,7.475048303604125977e-02,5.306140780448913574e-01
4.200000000000000000e+01,7.432705163955688477e-02,5.327819585800170898e-01
4.300000000000000000e+01,7.367107272148132324e-02,5.317152142524719238e-01
4.400000000000000000e+01,7.219412922859191895e-02,5.388094186782836914e-01
4.500000000000000000e+01,7.092848420143127441e-02,5.372085571289062500e-01
4.600000000000000000e+01,6.978816539049148560e-02,5.386564135551452637e-01
4.700000000000000000e+01,6.914228200912475586e-02,5.403888821601867676e-01
4.800000000000000000e+01,6.797597557306289673e-02,5.472772121429443359e-01
4.900000000000000000e+01,6.688207387924194336e-02,5.509936213493347168e-01
5.000000000000000000e+01,6.630265712738037109e-02,5.383088588714599609e-01
5.100000000000000000e+01,6.611888110637664795e-02,5.311468839645385742e-01
5.200000000000000000e+01,6.584265828132629395e-02,5.262981653213500977e-01
5.300000000000000000e+01,6.521995365619659424e-02,5.215896368026733398e-01
5.400000000000000000e+01,6.420277804136276245e-02,5.129840970039367676e-01
5.500000000000000000e+01,6.250901520252227783e-02,5.070649981498718262e-01
5.600000000000000000e+01,6.111671775579452515e-02,4.927112460136413574e-01
5.700000000000000000e+01,6.056364625692367554e-02,5.015702247619628906e-01
5.800000000000000000e+01,6.042113900184631348e-02,5.008544921875000000e-01
5.900000000000000000e+01,6.015024706721305847e-02,5.014230608940124512e-01
6.000000000000000000e+01,5.982521176338195801e-02,5.045892000198364258e-01
6.100000000000000000e+01,5.929275229573249817e-02,5.074100494384765625e-01
6.200000000000000000e+01,5.873488262295722961e-02,5.158718228340148926e-01
6.300000000000000000e+01,5.788139998912811279e-02,5.046287775039672852e-01
6.400000000000000000e+01,5.737349018454551697e-02,4.942399561405181885e-01
6.500000000000000000e+01,5.718252435326576233e-02,4.938866496086120605e-01
6.600000000000000000e+01,5.695457011461257935e-02,4.933958351612091064e-01
6.700000000000000000e+01,5.647644028067588806e-02,4.974589347839355469e-01
6.800000000000000000e+01,5.549710988998413086e-02,4.974393844604492188e-01
6.900000000000000000e+01,5.414246395230293274e-02,4.967084228992462158e-01
7.000000000000000000e+01,5.330457538366317749e-02,4.945278465747833252e-01
7.100000000000000000e+01,5.290549993515014648e-02,5.005522370338439941e-01
7.200000000000000000e+01,5.254225805401802063e-02,4.965873658657073975e-01
7.300000000000000000e+01,5.233889818191528320e-02,4.919326901435852051e-01
7.400000000000000000e+01,5.223104357719421387e-02,4.955105185508728027e-01
7.500000000000000000e+01,5.184766650199890137e-02,4.934010207653045654e-01
7.600000000000000000e+01,5.155544728040695190e-02,4.886419475078582764e-01
7.700000000000000000e+01,5.110057443380355835e-02,4.911971688270568848e-01
7.800000000000000000e+01,5.040237307548522949e-02,4.861828982830047607e-01
7.900000000000000000e+01,4.984142631292343140e-02,4.904946088790893555e-01
8.000000000000000000e+01,4.921628534793853760e-02,4.855903983116149902e-01
8.100000000000000000e+01,4.899662733078002930e-02,4.820680320262908936e-01
8.200000000000000000e+01,4.849735647439956665e-02,4.805145263671875000e-01
8.300000000000000000e+01,4.815639927983283997e-02,4.774156510829925537e-01
8.400000000000000000e+01,4.769964143633842468e-02,4.789380431175231934e-01
8.500000000000000000e+01,4.728273302316665649e-02,4.738463759422302246e-01
8.600000000000000000e+01,4.626821726560592651e-02,4.670878350734710693e-01
8.700000000000000000e+01,4.422800987958908081e-02,4.342004954814910889e-01
8.800000000000000000e+01,4.990275576710700989e-02,4.037053883075714111e-01
8.900000000000000000e+01,4.282032325863838196e-02,4.226846098899841309e-01
9.000000000000000000e+01,4.142656177282333374e-02,3.987574279308319092e-01
9.100000000000000000e+01,4.069718718528747559e-02,3.859321475028991699e-01
9.200000000000000000e+01,4.089986532926559448e-02,3.995004296302795410e-01
9.300000000000000000e+01,4.037225618958473206e-02,3.907345533370971680e-01
9.400000000000000000e+01,3.998843953013420105e-02,3.860597610473632812e-01
9.500000000000000000e+01,3.966986387968063354e-02,3.797418475151062012e-01
9.600000000000000000e+01,3.931305184960365295e-02,3.765960037708282471e-01
9.700000000000000000e+01,3.895452618598937988e-02,3.694592714309692383e-01
9.800000000000000000e+01,3.856801614165306091e-02,3.719659447669982910e-01
9.900000000000000000e+01,3.760394454002380371e-02,3.691894114017486572e-01
1.000000000000000000e+02,3.666133433580398560e-02,3.582396805286407471e-01
1.010000000000000000e+02,3.649016097187995911e-02,3.501009941101074219e-01
1.020000000000000000e+02,3.544861823320388794e-02,3.565285205841064453e-01
1.030000000000000000e+02,3.476875647902488708e-02,3.570037186145782471e-01
1.040000000000000000e+02,3.432505205273628235e-02,3.510884046554565430e-01
1.050000000000000000e+02,3.382945060729980469e-02,3.455904126167297363e-01
1.060000000000000000e+02,3.287724405527114868e-02,3.391657173633575439e-01
1.070000000000000000e+02,3.133873641490936279e-02,3.342812955379486084e-01
1.080000000000000000e+02,3.093489445745944977e-02,3.323940932750701904e-01
1.090000000000000000e+02,3.087334148585796356e-02,3.357628583908081055e-01
1.100000000000000000e+02,3.096370771527290344e-02,3.412407338619232178e-01
1.110000000000000000e+02,3.020359948277473450e-02,3.376927673816680908e-01
1.120000000000000000e+02,2.974124252796173096e-02,3.252103030681610107e-01
1.130000000000000000e+02,2.947144210338592529e-02,3.260979354381561279e-01
1.140000000000000000e+02,2.922397106885910034e-02,3.243846893310546875e-01
1.150000000000000000e+02,2.901716716587543488e-02,3.216423094272613525e-01
1.160000000000000000e+02,2.881927788257598877e-02,3.176871538162231445e-01
1.170000000000000000e+02,2.857457473874092102e-02,3.114364743232727051e-01
1.180000000000000000e+02,2.830567955970764160e-02,3.117740750312805176e-01
1.190000000000000000e+02,2.786856703460216522e-02,3.109239935874938965e-01
1.200000000000000000e+02,2.743207477033138275e-02,3.096766471862792969e-01
1.210000000000000000e+02,2.696578390896320343e-02,3.072279989719390869e-01
1.220000000000000000e+02,2.675795182585716248e-02,3.053526282310485840e-01
1.230000000000000000e+02,2.642519958317279816e-02,3.051416575908660889e-01
1.240000000000000000e+02,2.632307261228561401e-02,3.054288923740386963e-01
1.250000000000000000e+02,2.623508311808109283e-02,3.066828846931457520e-01
1.260000000000000000e+02,2.610860392451286316e-02,3.082211017608642578e-01
1.270000000000000000e+02,2.584241703152656555e-02,3.090996742248535156e-01
1.280000000000000000e+02,2.533461153507232666e-02,3.087541460990905762e-01
1.290000000000000000e+02,2.466341108083724976e-02,3.032889366149902344e-01
1.300000000000000000e+02,2.416466549038887024e-02,2.969470620155334473e-01
1.310000000000000000e+02,2.378452196717262268e-02,2.900354266166687012e-01
1.320000000000000000e+02,2.334854006767272949e-02,2.811493277549743652e-01
1.330000000000000000e+02,2.315546944737434387e-02,2.787696123123168945e-01
1.340000000000000000e+02,2.299215644598007202e-02,2.793767750263214111e-01
1.350000000000000000e+02,2.284478209912776947e-02,2.807343304157257080e-01
1.360000000000000000e+02,2.263210341334342957e-02,2.831944823265075684e-01
1.370000000000000000e+02,2.217716723680496216e-02,2.842843532562255859e-01
1.380000000000000000e+02,2.163230627775192261e-02,2.838828563690185547e-01
1.390000000000000000e+02,2.117836847901344299e-02,2.838826179504394531e-01
1.400000000000000000e+02,2.075571566820144653e-02,2.796782851219177246e-01
1.410000000000000000e+02,2.052349969744682312e-02,2.724337577819824219e-01
1.420000000000000000e+02,2.048515155911445618e-02,2.710604667663574219e-01
1.430000000000000000e+02,2.014972828328609467e-02,2.745924592018127441e-01
1.440000000000000000e+02,2.007067576050758362e-02,2.746117413043975830e-01
1.450000000000000000e+02,1.997513324022293091e-02,2.744212448596954346e-01
1.460000000000000000e+02,1.966910623013973236e-02,2.748888134956359863e-01
1.470000000000000000e+02,1.925840415060520172e-02,2.756592035293579102e-01
1.480000000000000000e+02,1.873095706105232239e-02,2.763737440109252930e-01
1.490000000000000000e+02,1.814021542668342590e-02,2.749845385551452637e-01
1.500000000000000000e+02,1.735435985028743744e-02,2.690411806106567383e-01
1.510000000000000000e+02,1.717678084969520569e-02,2.649447321891784668e-01
1.520000000000000000e+02,1.694675534963607788e-02,2.646599411964416504e-01
1.530000000000000000e+02,1.683804765343666077e-02,2.616264820098876953e-01
1.540000000000000000e+02,1.667096093297004700e-02,2.595832645893096924e-01
1.550000000000000000e+02,1.637947000563144684e-02,2.539931535720825195e-01
1.560000000000000000e+02,1.611274108290672302e-02,2.545710504055023193e-01
1.570000000000000000e+02,1.591608673334121704e-02,2.582148611545562744e-01
1.580000000000000000e+02,1.575836725533008575e-02,2.636748552322387695e-01
1.590000000000000000e+02,1.559801958501338959e-02,2.637714445590972900e-01
1.600000000000000000e+02,1.546541228890419006e-02,2.632109224796295166e-01
1.610000000000000000e+02,1.532696001231670380e-02,2.638373970985412598e-01
1.620000000000000000e+02,1.511204894632101059e-02,2.633390128612518311e-01
1.630000000000000000e+02,1.484066247940063477e-02,2.584518790245056152e-01
1.640000000000000000e+02,1.433290727436542511e-02,2.525948882102966309e-01
1.650000000000000000e+02,1.410755701363086700e-02,2.518018782138824463e-01
1.660000000000000000e+02,1.386349648237228394e-02,2.506299316883087158e-01
1.670000000000000000e+02,1.360700838267803192e-02,2.492664903402328491e-01
1.680000000000000000e+02,1.330630760639905930e-02,2.505298852920532227e-01
1.690000000000000000e+02,1.296101324260234833e-02,2.497247308492660522e-01
1.700000000000000000e+02,1.265571638941764832e-02,2.533628344535827637e-01
1.710000000000000000e+02,1.242274418473243713e-02,2.581463754177093506e-01
1.720000000000000000e+02,1.228981185704469681e-02,2.597542107105255127e-01
1.730000000000000000e+02,1.218170206993818283e-02,2.652476429939270020e-01
1.740000000000000000e+02,1.202161982655525208e-02,2.657572627067565918e-01
1.750000000000000000e+02,1.184215303510427475e-02,2.696897387504577637e-01
1.760000000000000000e+02,1.165099442005157471e-02,2.748269438743591309e-01
1.770000000000000000e+02,1.142410002648830414e-02,2.778111398220062256e-01
1.780000000000000000e+02,1.123598869889974594e-02,2.793410718441009521e-01
1.790000000000000000e+02,1.107455510646104813e-02,2.764609754085540771e-01
1.800000000000000000e+02,1.097383350133895874e-02,2.762121856212615967e-01
1.810000000000000000e+02,1.086977683007717133e-02,2.764284014701843262e-01
1.820000000000000000e+02,1.074371393769979477e-02,2.764880657196044922e-01
1.830000000000000000e+02,1.057677716016769409e-02,2.779308855533599854e-01
1.840000000000000000e+02,1.044087577611207962e-02,2.800034284591674805e-01
1.850000000000000000e+02,1.032252237200737000e-02,2.802431583404541016e-01
1.860000000000000000e+02,1.020145788788795471e-02,2.805688381195068359e-01
1.870000000000000000e+02,9.984486736357212067e-03,2.789184749126434326e-01
1.880000000000000000e+02,9.677376598119735718e-03,2.760880589485168457e-01
1.890000000000000000e+02,9.486239403486251831e-03,2.712664902210235596e-01
1.900000000000000000e+02,9.341753087937831879e-03,2.699822187423706055e-01
1.910000000000000000e+02,9.209909476339817047e-03,2.680639028549194336e-01
1.920000000000000000e+02,9.081462398171424866e-03,2.637627124786376953e-01
1.930000000000000000e+02,8.930580690503120422e-03,2.560926079750061035e-01
1.940000000000000000e+02,8.848339319229125977e-03,2.557113468647003174e-01
1.950000000000000000e+02,8.727094158530235291e-03,2.565094828605651855e-01
1.960000000000000000e+02,8.574414998292922974e-03,2.578017413616180420e-01
1.970000000000000000e+02,8.457340300083160400e-03,2.573621273040771484e-01
1.980000000000000000e+02,8.368331938982009888e-03,2.573099136352539062e-01
1.990000000000000000e+02,8.281814865767955780e-03,2.571892440319061279e-01
2.000000000000000000e+02,8.195065893232822418e-03,2.553800642490386963e-01
2.010000000000000000e+02,8.048908784985542297e-03,2.546003758907318115e-01
2.020000000000000000e+02,7.887422107160091400e-03,2.532673478126525879e-01
2.030000000000000000e+02,7.769478484988212585e-03,2.525772750377655029e-01
2.040000000000000000e+02,7.643148303031921387e-03,2.540427446365356445e-01
2.050000000000000000e+02,7.533010095357894897e-03,2.540788054466247559e-01
2.060000000000000000e+02,7.470822893083095551e-03,2.556676268577575684e-01
2.070000000000000000e+02,7.261024322360754013e-03,2.552608549594879150e-01
2.080000000000000000e+02,7.203286048024892807e-03,2.556914389133453369e-01
2.090000000000000000e+02,7.120585534721612930e-03,2.561068534851074219e-01
2.100000000000000000e+02,7.075337693095207214e-03,2.565934360027313232e-01
2.110000000000000000e+02,7.023334503173828125e-03,2.575083374977111816e-01
2.120000000000000000e+02,6.976927630603313446e-03,2.596922814846038818e-01
2.130000000000000000e+02,6.833325140178203583e-03,2.673485279083251953e-01
2.140000000000000000e+02,8.256870321929454803e-03,2.998838722705841064e-01
2.150000000000000000e+02,6.803519558161497116e-03,2.723775804042816162e-01
2.160000000000000000e+02,6.707609631121158600e-03,2.713485360145568848e-01
2.170000000000000000e+02,6.631786935031414032e-03,2.705031633377075195e-01
2.180000000000000000e+02,6.599710322916507721e-03,2.719399333000183105e-01
2.190000000000000000e+02,6.562318652868270874e-03,2.712725102901458740e-01
2.200000000000000000e+02,6.509213708341121674e-03,2.697215676307678223e-01
2.210000000000000000e+02,6.466261111199855804e-03,2.691402137279510498e-01
2.220000000000000000e+02,6.408633198589086533e-03,2.676242291927337646e-01
2.230000000000000000e+02,6.360968574881553650e-03,2.670504450798034668e-01
2.240000000000000000e+02,6.306875962764024734e-03,2.653133869171142578e-01
2.250000000000000000e+02,6.259025540202856064e-03,2.653411626815795898e-01
2.260000000000000000e+02,6.211810745298862457e-03,2.652560472488403320e-01
2.270000000000000000e+02,6.163166835904121399e-03,2.649326324462890625e-01
2.280000000000000000e+02,6.049932911992073059e-03,2.638056874275207520e-01
2.290000000000000000e+02,5.940266419202089310e-03,2.625104784965515137e-01
2.300000000000000000e+02,5.850614979863166809e-03,2.634334564208984375e-01
2.310000000000000000e+02,5.793513730168342590e-03,2.637329697608947754e-01
2.320000000000000000e+02,5.755012389272451401e-03,2.627052068710327148e-01
2.330000000000000000e+02,5.722667090594768524e-03,2.636838853359222412e-01
2.340000000000000000e+02,5.685823038220405579e-03,2.635420560836791992e-01
2.350000000000000000e+02,5.614291876554489136e-03,2.632108330726623535e-01
2.360000000000000000e+02,5.445316433906555176e-03,2.637806236743927002e-01
2.370000000000000000e+02,5.242911167442798615e-03,2.636298835277557373e-01
2.380000000000000000e+02,5.090142600238323212e-03,2.647707164287567139e-01
2.390000000000000000e+02,4.995989613234996796e-03,2.673910856246948242e-01
2.400000000000000000e+02,4.975672345608472824e-03,2.685238420963287354e-01
2.410000000000000000e+02,4.947071895003318787e-03,2.681198120117187500e-01
2.420000000000000000e+02,4.939608275890350342e-03,2.684279978275299072e-01
2.430000000000000000e+02,4.925657063722610474e-03,2.683653235435485840e-01
2.440000000000000000e+02,4.917594138532876968e-03,2.686338126659393311e-01
2.450000000000000000e+02,4.899470135569572449e-03,2.684032917022705078e-01
2.460000000000000000e+02,4.863679409027099609e-03,2.687786221504211426e-01
2.470000000000000000e+02,4.804062191396951675e-03,2.690444290637969971e-01
2.480000000000000000e+02,4.720622207969427109e-03,2.694432139396667480e-01
2.490000000000000000e+02,4.632077179849147797e-03,2.706448137760162354e-01
2.500000000000000000e+02,4.583687521517276764e-03,2.698640525341033936e-01
2.510000000000000000e+02,4.559461958706378937e-03,2.699318230152130127e-01
2.520000000000000000e+02,4.536506719887256622e-03,2.698600292205810547e-01
2.530000000000000000e+02,4.490973427891731262e-03,2.697065770626068115e-01
2.540000000000000000e+02,4.430825822055339813e-03,2.697029411792755127e-01
2.550000000000000000e+02,4.342667758464813232e-03,2.691318690776824951e-01
2.560000000000000000e+02,4.228050354868173599e-03,2.684802412986755371e-01
2.570000000000000000e+02,4.182451404631137848e-03,2.679032087326049805e-01
2.580000000000000000e+02,4.150541964918375015e-03,2.679454684257507324e-01
2.590000000000000000e+02,4.121131263673305511e-03,2.675456106662750244e-01
2.600000000000000000e+02,4.103393293917179108e-03,2.673412859439849854e-01
2.610000000000000000e+02,4.084544256329536438e-03,2.672796845436096191e-01
2.620000000000000000e+02,4.068470560014247894e-03,2.673771381378173828e-01
2.630000000000000000e+02,4.047568887472152710e-03,2.678000926971435547e-01
2.640000000000000000e+02,4.023237153887748718e-03,2.678692340850830078e-01
2.650000000000000000e+02,3.985082730650901794e-03,2.682077884674072266e-01
2.660000000000000000e+02,3.916897810995578766e-03,2.681111097335815430e-01
2.670000000000000000e+02,3.841693047434091568e-03,2.680883705615997314e-01
2.680000000000000000e+02,3.784229746088385582e-03,2.673568427562713623e-01
2.690000000000000000e+02,3.761027939617633820e-03,2.669755220413208008e-01
2.700000000000000000e+02,3.741166321560740471e-03,2.672735750675201416e-01
2.710000000000000000e+02,3.722885157912969589e-03,2.671606540679931641e-01
2.720000000000000000e+02,3.704493166878819466e-03,2.672181725502014160e-01
2.730000000000000000e+02,3.664912655949592590e-03,2.667888700962066650e-01
2.740000000000000000e+02,3.612007014453411102e-03,2.659869492053985596e-01
2.750000000000000000e+02,3.576956223696470261e-03,2.649365663528442383e-01
2.760000000000000000e+02,3.562660422176122665e-03,2.643933594226837158e-01
2.770000000000000000e+02,3.548371139913797379e-03,2.644460499286651611e-01
2.780000000000000000e+02,3.526307642459869385e-03,2.649272382259368896e-01
2.790000000000000000e+02,3.485985333099961281e-03,2.657426595687866211e-01
2.800000000000000000e+02,3.438496496528387070e-03,2.666344344615936279e-01
2.810000000000000000e+02,3.403997048735618591e-03,2.666679918766021729e-01
2.820000000000000000e+02,3.373080631718039513e-03,2.661068737506866455e-01
2.830000000000000000e+02,3.350486280396580696e-03,2.652159929275512695e-01
2.840000000000000000e+02,3.324814606457948685e-03,2.643703222274780273e-01
2.850000000000000000e+02,3.303213976323604584e-03,2.632068097591400146e-01
2.860000000000000000e+02,3.274573478847742081e-03,2.640452980995178223e-01
2.870000000000000000e+02,3.258436685428023338e-03,2.647201120853424072e-01
2.880000000000000000e+02,3.235179930925369263e-03,2.656216025352478027e-01
2.890000000000000000e+02,3.195213153958320618e-03,2.663883864879608154e-01
2.900000000000000000e+02,3.136200830340385437e-03,2.672628164291381836e-01
2.910000000000000000e+02,3.073473926633596420e-03,2.668400704860687256e-01
2.920000000000000000e+02,3.024656791239976883e-03,2.651630043983459473e-01
2.930000000000000000e+02,3.002321347594261169e-03,2.641102671623229980e-01
2.940000000000000000e+02,2.967818174511194229e-03,2.629002928733825684e-01
2.950000000000000000e+02,2.945073880255222321e-03,2.609725892543792725e-01
2.960000000000000000e+02,2.931120805442333221e-03,2.594882845878601074e-01
2.970000000000000000e+02,2.917254343628883362e-03,2.579034566879272461e-01
2.980000000000000000e+02,2.900989726185798645e-03,2.559919953346252441e-01
2.990000000000000000e+02,2.867778064683079720e-03,2.511093020439147949e-01
3.000000000000000000e+02,3.316051326692104340e-03,2.252345383167266846e-01
3.010000000000000000e+02,2.848599106073379517e-03,2.474901229143142700e-01
3.020000000000000000e+02,2.824296709150075912e-03,2.413735836744308472e-01
3.030000000000000000e+02,2.787861507385969162e-03,2.435459643602371216e-01
3.040000000000000000e+02,2.760703675448894501e-03,2.424152791500091553e-01
3.050000000000000000e+02,2.737503033131361008e-03,2.405612319707870483e-01
3.060000000000000000e+02,2.721359021961688995e-03,2.373994737863540649e-01
3.070000000000000000e+02,2.701170044019818306e-03,2.361882776021957397e-01
3.080000000000000000e+02,2.675489522516727448e-03,2.338690310716629028e-01
3.090000000000000000e+02,2.650792244821786880e-03,2.314029932022094727e-01
3.100000000000000000e+02,2.626767382025718689e-03,2.282226830720901489e-01
3.110000000000000000e+02,2.591110765933990479e-03,2.233668416738510132e-01
3.120000000000000000e+02,2.607483882457017899e-03,2.064432948827743530e-01
3.130000000000000000e+02,2.556145191192626953e-03,2.147002071142196655e-01
3.140000000000000000e+02,2.550553297623991966e-03,2.068011760711669922e-01
3.150000000000000000e+02,2.536159241572022438e-03,2.102782130241394043e-01
3.160000000000000000e+02,2.509730635210871696e-03,2.125043421983718872e-01
3.170000000000000000e+02,2.490175887942314148e-03,2.096288055181503296e-01
3.180000000000000000e+02,2.475738525390625000e-03,2.097863256931304932e-01
3.190000000000000000e+02,2.458853181451559067e-03,2.081926017999649048e-01
3.200000000000000000e+02,2.439570380374789238e-03,2.074667811393737793e-01
3.210000000000000000e+02,2.418414223939180374e-03,2.067911177873611450e-01
3.220000000000000000e+02,2.393847564235329628e-03,2.062512636184692383e-01
3.230000000000000000e+02,2.365005435422062874e-03,2.047444880008697510e-01
3.240000000000000000e+02,2.334895543754100800e-03,2.039521187543869019e-01
3.250000000000000000e+02,2.302994485944509506e-03,2.030465155839920044e-01
3.260000000000000000e+02,2.276349812746047974e-03,2.009281963109970093e-01
3.270000000000000000e+02,2.236167434602975845e-03,1.990602612495422363e-01
3.280000000000000000e+02,2.213247586041688919e-03,1.959782391786575317e-01
3.290000000000000000e+02,2.198154106736183167e-03,1.863228827714920044e-01
3.300000000000000000e+02,2.180820796638727188e-03,1.862580627202987671e-01
3.310000000000000000e+02,2.165010664612054825e-03,1.850508898496627808e-01
3.320000000000000000e+02,2.155375201255083084e-03,1.769879609346389771e-01
3.330000000000000000e+02,2.145837526768445969e-03,1.779207438230514526e-01
3.340000000000000000e+02,2.138329902663826942e-03,1.768617182970046997e-01
3.350000000000000000e+02,2.128720516338944435e-03,1.727735847234725952e-01
3.360000000000000000e+02,2.127473242580890656e-03,1.598425954580307007e-01
3.370000000000000000e+02,2.117494819685816765e-03,1.652525067329406738e-01
3.380000000000000000e+02,2.104141749441623688e-03,1.605648547410964966e-01
3.390000000000000000e+02,2.081337384879589081e-03,1.604218930006027222e-01
3.400000000000000000e+02,2.066588494926691055e-03,1.526282131671905518e-01
3.410000000000000000e+02,2.056036377325654030e-03,1.554264724254608154e-01
3.420000000000000000e+02,2.032836666330695152e-03,1.553218215703964233e-01
3.430000000000000000e+02,2.017798600718379021e-03,1.535781174898147583e-01
3.440000000000000000e+02,1.997784944251179695e-03,1.522152721881866455e-01
3.450000000000000000e+02,1.970324898138642311e-03,1.513931602239608765e-01
3.460000000000000000e+02,1.937074121087789536e-03,1.491963565349578857e-01
3.470000000000000000e+02,2.007660921663045883e-03,1.463467925786972046e-01
3.480000000000000000e+02,1.924750860780477524e-03,1.483624875545501709e-01
3.490000000000000000e+02,1.900411793030798435e-03,1.471015959978103638e-01
3.500000000000000000e+02,1.863102195784449577e-03,1.440643221139907837e-01
3.510000000000000000e+02,1.807184075005352497e-03,1.361438035964965820e-01
3.520000000000000000e+02,1.763291307725012302e-03,1.241745054721832275e-01
3.530000000000000000e+02,1.706268172711133957e-03,1.269618421792984009e-01
3.540000000000000000e+02,1.687182695604860783e-03,1.224849820137023926e-01
3.550000000000000000e+02,1.662130700424313545e-03,1.219667121767997742e-01
3.560000000000000000e+02,1.651234226301312447e-03,1.213598772883415222e-01
3.570000000000000000e+02,1.636870671063661575e-03,1.217095628380775452e-01
3.580000000000000000e+02,1.608156133443117142e-03,1.223544329404830933e-01
3.590000000000000000e+02,1.593622611835598946e-03,1.236983910202980042e-01
3.600000000000000000e+02,1.585554098710417747e-03,1.274166405200958252e-01
3.610000000000000000e+02,1.580080832354724407e-03,1.271730214357376099e-01
3.620000000000000000e+02,1.573988702148199081e-03,1.272030174732208252e-01
3.630000000000000000e+02,1.563446247018873692e-03,1.282548904418945312e-01
3.640000000000000000e+02,1.601760508492588997e-03,1.347523927688598633e-01
3.650000000000000000e+02,1.556501025334000587e-03,1.300931423902511597e-01
3.660000000000000000e+02,1.527858898043632507e-03,1.326676905155181885e-01
3.670000000000000000e+02,1.497143879532814026e-03,1.411172896623611450e-01
3.680000000000000000e+02,1.464650616981089115e-03,1.434892714023590088e-01
3.690000000000000000e+02,1.459660707041621208e-03,1.437389105558395386e-01
3.700000000000000000e+02,1.450091367587447166e-03,1.428936570882797241e-01
3.710000000000000000e+02,1.442567445337772369e-03,1.450715065002441406e-01
3.720000000000000000e+02,1.433684141375124454e-03,1.439648568630218506e-01
3.730000000000000000e+02,1.413998776115477085e-03,1.442306190729141235e-01
3.740000000000000000e+02,1.398266642354428768e-03,1.424218714237213135e-01
3.750000000000000000e+02,1.380316913127899170e-03,1.425140202045440674e-01
3.760000000000000000e+02,1.356323366053402424e-03,1.430308222770690918e-01
3.770000000000000000e+02,1.339988084509968758e-03,1.440198570489883423e-01
3.780000000000000000e+02,1.432043733075261116e-03,1.420915722846984863e-01
3.790000000000000000e+02,1.334518543444573879e-03,1.436125934123992920e-01
3.800000000000000000e+02,1.319735543802380562e-03,1.446358114480972290e-01
3.810000000000000000e+02,1.313574379310011864e-03,1.447889804840087891e-01
3.820000000000000000e+02,1.307530794292688370e-03,1.450122743844985962e-01
3.830000000000000000e+02,1.302009215578436852e-03,1.448102742433547974e-01
3.840000000000000000e+02,1.294058514758944511e-03,1.445538252592086792e-01
3.850000000000000000e+02,1.286673825234174728e-03,1.438881605863571167e-01
3.860000000000000000e+02,1.278104726225137711e-03,1.427461206912994385e-01
3.870000000000000000e+02,1.261361641809344292e-03,1.396965831518173218e-01
3.880000000000000000e+02,1.228496548719704151e-03,1.318504959344863892e-01
3.890000000000000000e+02,1.210528425872325897e-03,1.130909919738769531e-01
3.900000000000000000e+02,1.195081043988466263e-03,1.196583509445190430e-01
3.910000000000000000e+02,1.160191837698221207e-03,1.121013164520263672e-01
3.920000000000000000e+02,1.173076336272060871e-03,1.099157333374023438e-01
3.930000000000000000e+02,1.145715825259685516e-03,1.111681908369064331e-01
3.940000000000000000e+02,1.132838195189833641e-03,1.128158569335937500e-01
3.950000000000000000e+02,1.110331504605710506e-03,1.062387228012084961e-01
3.960000000000000000e+02,1.092437654733657837e-03,1.071258187294006348e-01
3.970000000000000000e+02,1.071805250830948353e-03,1.045052930712699890e-01
3.980000000000000000e+02,1.045375829562544823e-03,1.005216762423515320e-01
3.990000000000000000e+02,1.051992177963256836e-03,9.648085385560989380e-02
4.000000000000000000e+02,1.038731890730559826e-03,9.884329140186309814e-02
4.010000000000000000e+02,1.024632481858134270e-03,9.774237126111984253e-02
4.020000000000000000e+02,1.010507112368941307e-03,9.832344949245452881e-02
4.030000000000000000e+02,1.000837888568639755e-03,1.011672914028167725e-01
4.040000000000000000e+02,9.892064845189452171e-04,1.032389104366302490e-01
4.050000000000000000e+02,9.745756979100406170e-04,1.074026077985763550e-01
4.060000000000000000e+02,9.678002679720520973e-04,1.085176467895507812e-01
4.070000000000000000e+02,9.611743153072893620e-04,1.087669059634208679e-01
4.080000000000000000e+02,9.531893883831799030e-04,1.084365844726562500e-01
4.090000000000000000e+02,9.436943801119923592e-04,1.079085692763328552e-01
4.100000000000000000e+02,9.332937188446521759e-04,1.074996292591094971e-01
4.110000000000000000e+02,9.221707005053758621e-04,1.073335260152816772e-01
4.120000000000000000e+02,9.090071544051170349e-04,1.074267178773880005e-01
4.130000000000000000e+02,8.966226596385240555e-04,1.065924987196922302e-01
4.140000000000000000e+02,8.794115856289863586e-04,1.063581407070159912e-01
4.150000000000000000e+02,8.628682699054479599e-04,1.053171604871749878e-01
4.160000000000000000e+02,8.561918511986732483e-04,1.054905205965042114e-01
4.170000000000000000e+02,8.536178502254188061e-04,1.031601876020431519e-01
4.180000000000000000e+02,8.507745224051177502e-04,1.032771766185760498e-01
4.190000000000000000e+02,8.500379626639187336e-04,1.033316701650619507e-01
4.200000000000000000e+02,8.492931374348700047e-04,1.028470993041992188e-01
4.210000000000000000e+02,8.471355540677905083e-04,1.016233041882514954e-01
4.220000000000000000e+02,8.446756983175873756e-04,9.904459863901138306e-02
4.230000000000000000e+02,8.411835879087448120e-04,9.925729036331176758e-02
4.240000000000000000e+02,8.380946237593889236e-04,9.938327968120574951e-02
4.250000000000000000e+02,8.338733459822833538e-04,9.840828925371170044e-02
4.260000000000000000e+02,8.250761893577873707e-04,9.891838580369949341e-02
4.270000000000000000e+02,8.174839895218610764e-04,1.003197804093360901e-01
4.280000000000000000e+02,8.091272320598363876e-04,9.864255040884017944e-02
4.290000000000000000e+02,8.040329557843506336e-04,9.787674993276596069e-02
4.300000000000000000e+02,7.967611309140920639e-04,9.781873226165771484e-02
4.310000000000000000e+02,7.923030061647295952e-04,9.810923784971237183e-02
4.320000000000000000e+02,7.888507680036127567e-04,9.862845391035079956e-02
4.330000000000000000e+02,7.866624509915709496e-04,9.883877635002136230e-02
4.340000000000000000e+02,7.833505515009164810e-04,9.871844202280044556e-02
4.350000000000000000e+02,7.744899485260248184e-04,9.794066101312637329e-02
4.360000000000000000e+02,7.677369285374879837e-04,9.716998040676116943e-02
4.370000000000000000e+02,7.587710279040038586e-04,9.621580690145492554e-02
4.380000000000000000e+02,7.506049587391316891e-04,9.541358798742294312e-02
4.390000000000000000e+02,7.451388519257307053e-04,9.489382058382034302e-02
4.400000000000000000e+02,7.432915153913199902e-04,9.346184879541397095e-02
4.410000000000000000e+02,7.391805411316454411e-04,9.452309459447860718e-02
4.420000000000000000e+02,7.373095140792429447e-04,9.500560909509658813e-02
4.430000000000000000e+02,7.357625872828066349e-04,9.512382745742797852e-02
4.440000000000000000e+02,7.334968540817499161e-04,9.526494890451431274e-02
4.450000000000000000e+02,7.319143041968345642e-04,9.548223018646240234e-02
4.460000000000000000e+02,7.281303987838327885e-04,9.638478606939315796e-02
4.470000000000000000e+02,7.245019660331308842e-04,9.784336388111114502e-02
4.480000000000000000e+02,7.212969940155744553e-04,9.800625592470169067e-02
4.490000000000000000e+02,7.161734392866492271e-04,9.891822189092636108e-02
4.500000000000000000e+02,7.102694362401962280e-04,9.982927888631820679e-02
4.510000000000000000e+02,7.048575207591056824e-04,9.966302663087844849e-02
4.520000000000000000e+02,6.979189347475767136e-04,9.906257688999176025e-02
4.530000000000000000e+02,6.934826378710567951e-04,9.871794283390045166e-02
4.540000000000000000e+02,6.867295596748590469e-04,9.896607697010040283e-02
4.550000000000000000e+02,6.807528552599251270e-04,9.950493276119232178e-02
4.560000000000000000e+02,6.785971345379948616e-04,1.019704118371009827e-01
4.570000000000000000e+02,6.726352730765938759e-04,1.018825843930244446e-01
4.580000000000000000e+02,6.707466673105955124e-04,1.014436036348342896e-01
4.590000000000000000e+02,6.670024595223367214e-04,1.004863753914833069e-01
4.600000000000000000e+02,6.627530092373490334e-04,9.951896220445632935e-02
4.610000000000000000e+02,6.566691445186734200e-04,9.807628393173217773e-02
4.620000000000000000e+02,6.504721823148429394e-04,9.719204157590866089e-02
4.630000000000000000e+02,6.440676515921950340e-04,9.538212418556213379e-02
4.640000000000000000e+02,6.366175948642194271e-04,9.511853754520416260e-02
4.650000000000000000e+02,6.312201730906963348e-04,9.472183138132095337e-02
4.660000000000000000e+02,6.268921424634754658e-04,9.434492886066436768e-02
4.670000000000000000e+02,6.245822296477854252e-04,9.516760706901550293e-02
4.680000000000000000e+02,6.234267493709921837e-04,9.555173665285110474e-02
4.690000000000000000e+02,6.219844799488782883e-04,9.604600071907043457e-02
4.700000000000000000e+02,6.204316159710288048e-04,9.637407213449478149e-02
4.710000000000000000e+02,6.188177503645420074e-04,9.616857022047042847e-02
4.720000000000000000e+02,6.158695323392748833e-04,9.507746249437332153e-02
4.730000000000000000e+02,6.103370105847716331e-04,9.368927776813507080e-02
4.740000000000000000e+02,6.013876991346478462e-04,9.096948057413101196e-02
4.750000000000000000e+02,5.934123182669281960e-04,8.917313814163208008e-02
4.760000000000000000e+02,5.901826662011444569e-04,8.814693242311477661e-02
4.770000000000000000e+02,5.842022364959120750e-04,9.032575041055679321e-02
4.780000000000000000e+02,5.830225418321788311e-04,9.327492862939834595e-02
4.790000000000000000e+02,5.790919531136751175e-04,9.351753443479537964e-02
4.800000000000000000e+02,5.775489844381809235e-04,9.428294003009796143e-02
4.810000000000000000e+02,5.758969346061348915e-04,9.451275318861007690e-02
4.820000000000000000e+02,5.730082630179822445e-04,9.530045837163925171e-02
4.830000000000000000e+02,5.712841521017253399e-04,9.545372426509857178e-02
4.840000000000000000e+02,5.686972872354090214e-04,9.599696099758148193e-02
4.850000000000000000e+02,5.663989577442407608e-04,9.568855166435241699e-02
4.860000000000000000e+02,5.647521466016769409e-04,9.603806585073471069e-02
4.870000000000000000e+02,5.632482352666556835e-04,9.532734006643295288e-02
4.880000000000000000e+02,5.620332667604088783e-04,9.536112844944000244e-02
4.890000000000000000e+02,5.597776034846901894e-04,9.574804455041885376e-02
4.900000000000000000e+02,5.582629237323999405e-04,9.631936252117156982e-02
4.910000000000000000e+02,5.568748456425964832e-04,9.720267355442047119e-02
4.920000000000000000e+02,5.557753029279410839e-04,9.780532121658325195e-02
4.930000000000000000e+02,5.562253645621240139e-04,9.784780442714691162e-02
4.940000000000000000e+02,5.547913606278598309e-04,9.782002121210098267e-02
4.950000000000000000e+02,5.737612955272197723e-04,9.499668329954147339e-02
4.960000000000000000e+02,5.538669647648930550e-04,9.731476753950119019e-02
4.970000000000000000e+02,5.513092037290334702e-04,9.757501631975173950e-02
4.980000000000000000e+02,5.460603279061615467e-04,9.831631928682327271e-02
4.990000000000000000e+02,5.458409432321786880e-04,9.825459122657775879e-02
5.000000000000000000e+02,5.436378996819257736e-04,9.828255325555801392e-02
5.010000000000000000e+02,5.403186660259962082e-04,9.754446893930435181e-02
5.020000000000000000e+02,5.378174828365445137e-04,9.673378616571426392e-02
5.030000000000000000e+02,5.360164796002209187e-04,9.713400155305862427e-02
5.040000000000000000e+02,5.349261336959898472e-04,9.740883111953735352e-02
5.050000000000000000e+02,5.339591298252344131e-04,9.756886959075927734e-02
5.060000000000000000e+02,5.329119157977402210e-04,9.761928766965866089e-02
5.070000000000000000e+02,5.321028875187039375e-04,9.837407618761062622e-02
5.080000000000000000e+02,5.369700375013053417e-04,9.533085674047470093e-02
5.090000000000000000e+02,5.313575384207069874e-04,9.756911545991897583e-02
5.100000000000000000e+02,5.302772042341530323e-04,9.761915355920791626e-02
5.110000000000000000e+02,5.269772373139858246e-04,9.818641841411590576e-02
5.120000000000000000e+02,5.237669101916253567e-04,9.857551753520965576e-02
5.130000000000000000e+02,5.163222667761147022e-04,9.997318685054779053e-02
5.140000000000000000e+02,5.084261647425591946e-04,1.004190817475318909e-01
5.150000000000000000e+02,5.003169644623994827e-04,1.020762175321578979e-01
5.160000000000000000e+02,4.993883194401860237e-04,1.023097634315490723e-01
5.170000000000000000e+02,4.942408995702862740e-04,1.021940261125564575e-01
5.180000000000000000e+02,4.854132421314716339e-04,9.954803436994552612e-02
5.190000000000000000e+02,4.796556604560464621e-04,9.818261116743087769e-02
5.200000000000000000e+02,4.771002568304538727e-04,9.659660607576370239e-02
5.210000000000000000e+02,4.745254700537770987e-04,9.605219960212707520e-02
5.220000000000000000e+02,4.732979577966034412e-04,9.605669975280761719e-02
5.230000000000000000e+02,4.726399783976376057e-04,9.647244215011596680e-02
5.240000000000000000e+02,4.737522685900330544e-04,9.468477964401245117e-02
5.250000000000000000e+02,4.721388686448335648e-04,9.583210945129394531e-02
5.260000000000000000e+02,4.716265830211341381e-04,9.569173306226730347e-02
5.270000000000000000e+02,4.710081848315894604e-04,9.576704353094100952e-02
5.280000000000000000e+02,4.704504099208861589e-04,9.549821913242340088e-02
5.290000000000000000e+02,4.690302303060889244e-04,9.676755964756011963e-02
5.300000000000000000e+02,4.668709589168429375e-04,9.613801538944244385e-02
5.310000000000000000e+02,4.639037069864571095e-04,9.556864202022552490e-02
5.320000000000000000e+02,4.596410435624420643e-04,9.482446312904357910e-02
5.330000000000000000e+02,4.563951515592634678e-04,9.532327950000762939e-02
5.340000000000000000e+02,4.534160543698817492e-04,9.575109183788299561e-02
5.350000000000000000e+02,4.510448779910802841e-04,9.611871838569641113e-02
5.360000000000000000e+02,4.481764044612646103e-04,9.639962017536163330e-02
5.370000000000000000e+02,4.447288520168513060e-04,9.672727435827255249e-02
5.380000000000000000e+02,4.405358049552887678e-04,9.578663855791091919e-02
5.390000000000000000e+02,4.392415867187082767e-04,9.546791762113571167e-02
5.400000000000000000e+02,4.375402058940380812e-04,9.559757262468338013e-02
5.410000000000000000e+02,4.320986918173730373e-04,9.392254054546356201e-02
5.420000000000000000e+02,4.280300054233521223e-04,9.290088713169097900e-02
5.430000000000000000e+02,4.247331526130437851e-04,9.215936064720153809e-02
5.440000000000000000e+02,4.233220824971795082e-04,9.179738909006118774e-02
5.450000000000000000e+02,4.211633640807121992e-04,9.117592126131057739e-02
5.460000000000000000e+02,4.190538893453776836e-04,9.105213731527328491e-02
5.470000000000000000e+02,4.165911814197897911e-04,9.113663434982299805e-02
5.480000000000000000e+02,4.150071763433516026e-04,9.103865176439285278e-02
5.490000000000000000e+02,4.131115274503827095e-04,9.126123785972595215e-02
5.500000000000000000e+02,4.107652639504522085e-04,9.128879755735397339e-02
5.510000000000000000e+02,4.087496781721711159e-04,9.143690764904022217e-02
5.520000000000000000e+02,4.059766361024230719e-04,9.063898772001266479e-02
5.530000000000000000e+02,4.032148863188922405e-04,9.000275284051895142e-02
5.540000000000000000e+02,4.015065205749124289e-04,8.898956328630447388e-02
5.550000000000000000e+02,4.002925998065620661e-04,8.880925178527832031e-02
5.560000000000000000e+02,3.992492856923490763e-04,8.911416679620742798e-02
5.570000000000000000e+02,3.976230509579181671e-04,8.958816528320312500e-02
5.580000000000000000e+02,3.967334050685167313e-04,9.021605551242828369e-02
5.590000000000000000e+02,3.957338049076497555e-04,9.055349230766296387e-02
5.600000000000000000e+02,3.949493693653494120e-04,9.053403884172439575e-02
5.610000000000000000e+02,3.943200863432139158e-04,9.045413881540298462e-02
5.620000000000000000e+02,3.934098931495100260e-04,8.975568413734436035e-02
5.630000000000000000e+02,3.928849764633923769e-04,8.903480321168899536e-02
5.640000000000000000e+02,3.919625305570662022e-04,8.876068890094757080e-02
5.650000000000000000e+02,3.911923849955201149e-04,8.863033354282379150e-02
5.660000000000000000e+02,3.893260436598211527e-04,8.837468177080154419e-02
5.670000000000000000e+02,3.873660461977124214e-04,8.762461692094802856e-02
5.680000000000000000e+02,3.837433469016104937e-04,8.615875244140625000e-02
5.690000000000000000e+02,3.808361943811178207e-04,8.448257297277450562e-02
5.700000000000000000e+02,3.785013104788959026e-04,8.290661126375198364e-02
5.710000000000000000e+02,3.770755720324814320e-04,8.157121390104293823e-02
5.720000000000000000e+02,3.753524215426295996e-04,8.162577450275421143e-02
5.730000000000000000e+02,3.738128871191293001e-04,8.135262131690979004e-02
5.740000000000000000e+02,3.719641827046871185e-04,8.232441544532775879e-02
5.750000000000000000e+02,3.708086442202329636e-04,8.290899544954299927e-02
5.760000000000000000e+02,3.700384404510259628e-04,8.371832221746444702e-02
5.770000000000000000e+02,3.695537743624299765e-04,8.431763201951980591e-02
5.780000000000000000e+02,3.691588644869625568e-04,8.479288965463638306e-02
5.790000000000000000e+02,3.686532436404377222e-04,8.565645664930343628e-02
5.800000000000000000e+02,3.680797526612877846e-04,8.564421534538269043e-02
5.810000000000000000e+02,3.672143793664872646e-04,8.538340777158737183e-02
5.820000000000000000e+02,3.666743577923625708e-04,8.491408824920654297e-02
5.830000000000000000e+02,3.662882372736930847e-04,8.356711268424987793e-02
5.840000000000000000e+02,3.684930852614343166e-04,8.132876455783843994e-02
5.850000000000000000e+02,3.659030480775982141e-04,8.294288814067840576e-02
5.860000000000000000e+02,3.649009740911424160e-04,8.318738639354705811e-02
5.870000000000000000e+02,3.780245315283536911e-04,7.918047159910202026e-02
5.880000000000000000e+02,3.641273360699415207e-04,8.240725845098495483e-02
5.890000000000000000e+02,3.615096211433410645e-04,8.221832662820816040e-02
5.900000000000000000e+02,3.592518041841685772e-04,8.164983987808227539e-02
5.910000000000000000e+02,3.562582423910498619e-04,7.938902825117111206e-02
5.920000000000000000e+02,3.569669206626713276e-04,7.937319576740264893e-02
5.930000000000000000e+02,3.558176103979349136e-04,7.938447594642639160e-02
5.940000000000000000e+02,3.544653882272541523e-04,7.931178808212280273e-02
5.950000000000000000e+02,3.529636887833476067e-04,7.963585108518600464e-02
5.960000000000000000e+02,3.520884201861917973e-04,8.098443597555160522e-02
5.970000000000000000e+02,3.511219110805541277e-04,8.177186548709869385e-02
5.980000000000000000e+02,3.499509184621274471e-04,8.262688666582107544e-02
5.990000000000000000e+02,3.500325838103890419e-04,8.363643288612365723e-02
6.000000000000000000e+02,3.491649695206433535e-04,8.311969041824340820e-02
6.010000000000000000e+02,3.484670305624604225e-04,8.569481968879699707e-02
6.020000000000000000e+02,3.463174216449260712e-04,8.427669107913970947e-02
6.030000000000000000e+02,3.448869101703166962e-04,8.381597697734832764e-02
6.040000000000000000e+02,3.423788875807076693e-04,8.359584212303161621e-02
6.050000000000000000e+02,3.404664748813956976e-04,8.458933234214782715e-02
6.060000000000000000e+02,3.388949262443929911e-04,8.542983233928680420e-02
6.070000000000000000e+02,3.379150875844061375e-04,8.677793294191360474e-02
6.080000000000000000e+02,3.370167105458676815e-04,8.702684193849563599e-02
6.090000000000000000e+02,3.360901027917861938e-04,8.680290728807449341e-02
6.100000000000000000e+02,3.351475752424448729e-04,8.664987236261367798e-02
6.110000000000000000e+02,3.338506212458014488e-04,8.589460700750350952e-02
6.120000000000000000e+02,3.316210350021719933e-04,8.534938097000122070e-02
6.130000000000000000e+02,3.297938383184373379e-04,8.415891975164413452e-02
6.140000000000000000e+02,3.285304410383105278e-04,8.332587778568267822e-02
6.150000000000000000e+02,3.263151738792657852e-04,8.264657109975814819e-02
6.160000000000000000e+02,3.245591651648283005e-04,8.071949332952499390e-02
6.170000000000000000e+02,3.226080152671784163e-04,8.079294115304946899e-02
6.180000000000000000e+02,3.195756580680608749e-04,8.087336272001266479e-02
6.190000000000000000e+02,3.166602400597184896e-04,8.235879987478256226e-02
6.200000000000000000e+02,3.151154378429055214e-04,8.251241594552993774e-02
6.210000000000000000e+02,3.142812929581850767e-04,8.276063948869705200e-02
6.220000000000000000e+02,3.148675605189055204e-04,8.119492232799530029e-02
6.230000000000000000e+02,3.135205479338765144e-04,8.203981816768646240e-02
6.240000000000000000e+02,3.128996759187430143e-04,8.191900700330734253e-02
6.250000000000000000e+02,3.123754286207258701e-04,8.204215019941329956e-02
6.260000000000000000e+02,3.118029271718114614e-04,8.201534301042556763e-02
6.270000000000000000e+02,3.112174454145133495e-04,8.205582201480865479e-02
6.280000000000000000e+02,3.105001815129071474e-04,8.136013150215148926e-02
6.290000000000000000e+02,3.098632150795310736e-04,8.101245760917663574e-02
6.300000000000000000e+02,3.092580300290137529e-04,8.065528422594070435e-02
6.310000000000000000e+02,3.088620433118194342e-04,8.000709116458892822e-02
6.320000000000000000e+02,3.081212053075432777e-04,8.006712049245834351e-02
6.330000000000000000e+02,3.077489091083407402e-04,7.947460561990737915e-02
6.340000000000000000e+02,3.072583931498229504e-04,7.855203002691268921e-02
6.350000000000000000e+02,3.068637452088296413e-04,7.818293571472167969e-02
6.360000000000000000e+02,3.062805044464766979e-04,7.762022316455841064e-02
6.370000000000000000e+02,3.137983148917555809e-04,7.687172293663024902e-02
6.380000000000000000e+02,3.059077425859868526e-04,7.748198509216308594e-02
6.390000000000000000e+02,3.050676896236836910e-04,7.740800082683563232e-02
6.400000000000000000e+02,3.031700034625828266e-04,7.741870731115341187e-02
6.410000000000000000e+02,3.020142612513154745e-04,7.702193409204483032e-02
6.420000000000000000e+02,3.006830229423940182e-04,7.652933895587921143e-02
6.430000000000000000e+02,2.988502674270421267e-04,7.505168020725250244e-02
6.440000000000000000e+02,2.977508702315390110e-04,7.433342933654785156e-02
6.450000000000000000e+02,2.959768753498792648e-04,7.260633260011672974e-02
6.460000000000000000e+02,3.430032520554959774e-04,7.335995882749557495e-02
6.470000000000000000e+02,2.953024522867053747e-04,7.267615944147109985e-02
6.480000000000000000e+02,2.928191097453236580e-04,7.056742161512374878e-02
6.490000000000000000e+02,2.903809072449803352e-04,6.992304325103759766e-02
6.500000000000000000e+02,2.868499723263084888e-04,7.115621119737625122e-02
6.510000000000000000e+02,2.829211007338017225e-04,7.430945336818695068e-02
6.520000000000000000e+02,2.806386328302323818e-04,7.412013411521911621e-02
6.530000000000000000e+02,2.767671248875558376e-04,7.177963107824325562e-02
6.540000000000000000e+02,2.772875304799526930e-04,6.960763782262802124e-02
6.550000000000000000e+02,2.751474094111472368e-04,7.080069929361343384e-02
6.560000000000000000e+02,2.727353421505540609e-04,6.846674531698226929e-02
6.570000000000000000e+02,2.707864041440188885e-04,6.644240021705627441e-02
6.580000000000000000e+02,2.699063625186681747e-04,6.593702733516693115e-02
6.590000000000000000e+02,2.686282969079911709e-04,6.622869521379470825e-02
6.600000000000000000e+02,2.680562320165336132e-04,6.664896756410598755e-02
6.610000000000000000e+02,2.676450822036713362e-04,6.794620305299758911e-02
6.620000000000000000e+02,2.674634451977908611e-04,6.813438236713409424e-02
6.630000000000000000e+02,2.672981354407966137e-04,6.821963936090469360e-02
6.640000000000000000e+02,2.671340189408510923e-04,6.821776926517486572e-02
6.650000000000000000e+02,2.667601220309734344e-04,6.821317970752716064e-02
6.660000000000000000e+02,2.715903683565557003e-04,6.378511339426040649e-02
6.670000000000000000e+02,2.665035426616668701e-04,6.739749759435653687e-02
6.680000000000000000e+02,2.658632874954491854e-04,6.744158267974853516e-02
6.690000000000000000e+02,2.647009969223290682e-04,6.674975901842117310e-02
6.700000000000000000e+02,2.635040436871349812e-04,6.587889790534973145e-02
6.710000000000000000e+02,2.617168647702783346e-04,6.432512402534484863e-02
6.720000000000000000e+02,2.599514264147728682e-04,6.169591471552848816e-02
6.730000000000000000e+02,2.577247214503586292e-04,5.769141763448715210e-02
6.740000000000000000e+02,2.542442525736987591e-04,5.205149948596954346e-02
6.750000000000000000e+02,2.501459093764424324e-04,4.214575141668319702e-02
6.760000000000000000e+02,2.465326979290693998e-04,3.840934112668037415e-02
6.770000000000000000e+02,2.435171336401253939e-04,3.288811817765235901e-02
6.780000000000000000e+02,2.385817060712724924e-04,3.308703005313873291e-02
6.790000000000000000e+02,2.332268049940466881e-04,2.891712449491024017e-02
6.800000000000000000e+02,2.288468822371214628e-04,2.794975601136684418e-02
6.810000000000000000e+02,2.272900164825841784e-04,2.359465137124061584e-02
6.820000000000000000e+02,2.249562239740043879e-04,2.476382814347743988e-02
6.830000000000000000e+02,2.233144186902791262e-04,2.724835649132728577e-02
6.840000000000000000e+02,2.220328315161168575e-04,2.540606632828712463e-02
6.850000000000000000e+02,2.213968837168067694e-04,2.437675371766090393e-02
6.860000000000000000e+02,2.205120399594306946e-04,2.413566038012504578e-02
6.870000000000000000e+02,2.195971028413623571e-04,2.404540777206420898e-02
6.880000000000000000e+02,2.185609482694417238e-04,2.380946651101112366e-02
6.890000000000000000e+02,2.360773360123857856e-04,2.263687737286090851e-02
6.900000000000000000e+02,2.182074676966294646e-04,2.358419448137283325e-02
6.910000000000000000e+02,2.170285879401490092e-04,2.373782359063625336e-02
6.920000000000000000e+02,2.163670869776979089e-04,2.370096370577812195e-02
6.930000000000000000e+02,2.157977287424728274e-04,2.395100332796573639e-02
6.940000000000000000e+02,2.152899396605789661e-04,2.435033023357391357e-02
6.950000000000000000e+02,2.147652849089354277e-04,2.494104392826557159e-02
6.960000000000000000e+02,2.142528101103380322e-04,2.536239661276340485e-02
6.970000000000000000e+02,2.138182462658733130e-04,2.557913772761821747e-02
6.980000000000000000e+02,2.130594803020358086e-04,2.581168524920940399e-02
6.990000000000000000e+02,2.119934069924056530e-04,2.678293548524379730e-02
7.000000000000000000e+02,2.106223982991650701e-04,2.585437893867492676e-02
7.010000000000000000e+02,2.089436020469292998e-04,2.555585280060768127e-02
7.020000000000000000e+02,2.066137094516307116e-04,2.529954537749290466e-02
7.030000000000000000e+02,2.045393630396574736e-04,2.558119595050811768e-02
7.040000000000000000e+02,2.018557715928182006e-04,2.598685957491397858e-02
7.050000000000000000e+02,2.002429100684821606e-04,2.671269699931144714e-02
7.060000000000000000e+02,1.991114986594766378e-04,2.651876211166381836e-02
7.070000000000000000e+02,1.982447574846446514e-04,2.627078071236610413e-02
7.080000000000000000e+02,1.972176251001656055e-04,2.566408365964889526e-02
7.090000000000000000e+02,1.956222404260188341e-04,2.443611249327659607e-02
7.100000000000000000e+02,1.932800078066065907e-04,2.357597649097442627e-02
7.110000000000000000e+02,1.911433937493711710e-04,2.122333832085132599e-02
7.120000000000000000e+02,1.889009290607646108e-04,2.054857090115547180e-02
7.130000000000000000e+02,1.868893159553408623e-04,2.110594324767589569e-02
7.140000000000000000e+02,1.860655174823477864e-04,2.014104276895523071e-02
7.150000000000000000e+02,1.853748544817790389e-04,1.905056461691856384e-02
7.160000000000000000e+02,1.845337101258337498e-04,1.810120977461338043e-02
7.170000000000000000e+02,1.836131123127415776e-04,1.661365292966365814e-02
7.180000000000000000e+02,1.826915977289900184e-04,1.559160463511943817e-02
7.190000000000000000e+02,1.819689641706645489e-04,1.509833708405494690e-02
7.200000000000000000e+02,1.815383002394810319e-04,1.538417488336563110e-02
7.210000000000000000e+02,1.812400150811299682e-04,1.556494180113077164e-02
7.220000000000000000e+02,1.809004315873607993e-04,1.606147736310958862e-02
7.230000000000000000e+02,1.805153879104182124e-04,1.620560325682163239e-02
7.240000000000000000e+02,1.800212485250085592e-04,1.617333106696605682e-02
7.250000000000000000e+02,1.795800053514540195e-04,1.589731313288211823e-02
7.260000000000000000e+02,1.790854439605027437e-04,1.571882888674736023e-02
7.270000000000000000e+02,1.789209200069308281e-04,1.538528874516487122e-02
7.280000000000000000e+02,1.786968059604987502e-04,1.522361580282449722e-02
7.290000000000000000e+02,1.785954518709331751e-04,1.522889267653226852e-02
7.300000000000000000e+02,1.784496416803449392e-04,1.506524998694658279e-02
7.310000000000000000e+02,1.904189266497269273e-04,1.703203283250331879e-02
7.320000000000000000e+02,1.784049381967633963e-04,1.516721770167350769e-02
7.330000000000000000e+02,1.781974715413525701e-04,1.509748306125402451e-02
7.340000000000000000e+02,1.777535653673112392e-04,1.507862191647291183e-02
7.350000000000000000e+02,1.772347313817590475e-04,1.531678810715675354e-02
7.360000000000000000e+02,1.765964552760124207e-04,1.554589252918958664e-02
7.370000000000000000e+02,1.757813442964106798e-04,1.617220789194107056e-02
7.380000000000000000e+02,1.751516538206487894e-04,1.589350961148738861e-02
7.390000000000000000e+02,1.744628971209749579e-04,1.508183684200048447e-02
7.400000000000000000e+02,1.740214356686919928e-04,1.482347026467323303e-02
7.410000000000000000e+02,1.733084645820781589e-04,1.449409965425729752e-02
7.420000000000000000e+02,1.723056047922000289e-04,1.396028045564889908e-02
7.430000000000000000e+02,1.706380571704357862e-04,1.332603488117456436e-02
7.440000000000000000e+02,1.687228505033999681e-04,1.252203434705734253e-02
7.450000000000000000e+02,1.668224140303209424e-04,1.224277634173631668e-02
7.460000000000000000e+02,1.654037623666226864e-04,1.147350948303937912e-02
7.470000000000000000e+02,1.649996847845613956e-04,1.155172754079103470e-02
7.480000000000000000e+02,1.643432187847793102e-04,1.167739462107419968e-02
7.490000000000000000e+02,1.639166875975206494e-04,1.130379270762205124e-02
7.500000000000000000e+02,1.633154024602845311e-04,1.113693416118621826e-02
7.510000000000000000e+02,1.626399171072989702e-04,1.091191545128822327e-02
7.520000000000000000e+02,1.625273725949227810e-04,1.083240751177072525e-02
7.530000000000000000e+02,1.617040397832170129e-04,1.100253593176603317e-02
7.540000000000000000e+02,1.608714228495955467e-04,1.087312307208776474e-02
7.550000000000000000e+02,1.604066637810319662e-04,1.101311296224594116e-02
7.560000000000000000e+02,1.599828392500057817e-04,1.097530405968427658e-02
7.570000000000000000e+02,1.627985620871186256e-04,1.116360910236835480e-02
7.580000000000000000e+02,1.597912923898547888e-04,1.100629288703203201e-02
7.590000000000000000e+02,1.595209032529965043e-04,1.096523460000753403e-02
7.600000000000000000e+02,1.593336492078378797e-04,1.091898977756500244e-02
7.610000000000000000e+02,1.589840976521372795e-04,1.087048929184675217e-02
7.620000000000000000e+02,1.588099985383450985e-04,1.079195644706487656e-02
7.630000000000000000e+02,1.585325808264315128e-04,1.071893144398927689e-02
7.640000000000000000e+02,1.581699762027710676e-04,1.067373342812061310e-02
7.650000000000000000e+02,1.577809889568015933e-04,1.050783228129148483e-02
7.660000000000000000e+02,1.572145556565374136e-04,1.061836257576942444e-02
7.670000000000000000e+02,1.560631644679233432e-04,1.113180909305810928e-02
7.680000000000000000e+02,1.551228924654424191e-04,1.164074335247278214e-02
7.690000000000000000e+02,1.542405952932313085e-04,1.213652919977903366e-02
7.700000000000000000e+02,1.536852651042863727e-04,1.202797703444957733e-02
7.710000000000000000e+02,1.531525049358606339e-04,1.158747542649507523e-02
7.720000000000000000e+02,1.527204294688999653e-04,1.109294500201940536e-02
7.730000000000000000e+02,1.519826619187369943e-04,1.041625626385211945e-02
7.740000000000000000e+02,1.513176976004615426e-04,1.021956093609333038e-02
7.750000000000000000e+02,1.508642162661999464e-04,1.019601896405220032e-02
7.760000000000000000e+02,1.504315732745453715e-04,1.072392333298921585e-02
7.770000000000000000e+02,1.501168444519862533e-04,1.118889451026916504e-02
7.780000000000000000e+02,1.498359488323330879e-04,1.135834958404302597e-02
7.790000000000000000e+02,1.494247844675555825e-04,1.141366176307201385e-02
7.800000000000000000e+02,1.501579099567607045e-04,1.173661742359399796e-02
7.810000000000000000e+02,1.492909941589459777e-04,1.149300485849380493e-02
7.820000000000000000e+02,1.492556475568562746e-04,1.126964390277862549e-02
7.830000000000000000e+02,1.488927518948912621e-04,1.137189846485853195e-02
7.840000000000000000e+02,1.483472005929797888e-04,1.160805579274892807e-02
7.850000000000000000e+02,1.475917233619838953e-04,1.163851283490657806e-02
7.860000000000000000e+02,1.469026610720902681e-04,1.148683205246925354e-02
7.870000000000000000e+02,1.459723716834560037e-04,1.124337594956159592e-02
7.880000000000000000e+02,1.447816757718101144e-04,1.080701127648353577e-02
7.890000000000000000e+02,1.433742727385833859e-04,1.167935319244861603e-02
7.900000000000000000e+02,2.294763835379853845e-04,1.572397723793983459e-02
7.910000000000000000e+02,1.429441908840090036e-04,1.023168489336967468e-02
7.920000000000000000e+02,1.414336147718131542e-04,1.024969574064016342e-02
7.930000000000000000e+02,1.399182219756767154e-04,1.016910374164581299e-02
7.940000000000000000e+02,1.394851860823109746e-04,1.001146342605352402e-02
7.950000000000000000e+02,1.400403125444427133e-04,9.809119626879692078e-03
7.960000000000000000e+02,1.392414269503206015e-04,9.931648150086402893e-03
7.970000000000000000e+02,1.388910313835367560e-04,9.833135642111301422e-03
7.980000000000000000e+02,1.387070951750501990e-04,9.891985915601253510e-03
7.990000000000000000e+02,1.383117050863802433e-04,9.899240918457508087e-03
8.000000000000000000e+02,1.380436442559584975e-04,9.861830621957778931e-03
8.010000000000000000e+02,1.394888677168637514e-04,9.131937287747859955e-03
8.020000000000000000e+02,1.379248569719493389e-04,9.679542854428291321e-03
8.030000000000000000e+02,1.375878346152603626e-04,9.451312012970447540e-03
8.040000000000000000e+02,1.369955280097201467e-04,9.173531085252761841e-03
8.050000000000000000e+02,1.366716169286519289e-04,8.739789947867393494e-03
8.060000000000000000e+02,1.362851180601865053e-04,8.800844661891460419e-03
8.070000000000000000e+02,1.357691653538495302e-04,8.926770649850368500e-03
8.080000000000000000e+02,1.353305415250360966e-04,9.139914996922016144e-03
8.090000000000000000e+02,1.349018857581540942e-04,9.225076064467430115e-03
8.100000000000000000e+02,1.342253672191873193e-04,9.307862259447574615e-03
8.110000000000000000e+02,1.334661646978929639e-04,9.480973705649375916e-03
8.120000000000000000e+02,1.324715558439493179e-04,9.641625918447971344e-03
8.130000000000000000e+02,1.316193374805152416e-04,9.873550385236740112e-03
8.140000000000000000e+02,1.311025116592645645e-04,1.004044245928525925e-02
8.150000000000000000e+02,1.307550410274416208e-04,1.033718045800924301e-02
8.160000000000000000e+02,1.304543548030778766e-04,1.075515244156122208e-02
8.170000000000000000e+02,1.382083864882588387e-04,1.123613957315683365e-02
8.180000000000000000e+02,1.303461176576092839e-04,1.080212090164422989e-02
8.190000000000000000e+02,1.300280564464628696e-04,1.113161817193031311e-02
8.200000000000000000e+02,1.296199770877137780e-04,1.165428571403026581e-02
8.210000000000000000e+02,1.294058747589588165e-04,1.174520514905452728e-02
8.220000000000000000e+02,1.292275992454960942e-04,1.147686596959829330e-02
8.230000000000000000e+02,1.290846121264621615e-04,1.129698473960161209e-02
8.240000000000000000e+02,1.289532810915261507e-04,1.094929594546556473e-02
8.250000000000000000e+02,1.287447666982188821e-04,1.069459319114685059e-02
8.260000000000000000e+02,1.283558958675712347e-04,1.060238294303417206e-02
8.270000000000000000e+02,1.350235834252089262e-04,1.037480216473340988e-02
8.280000000000000000e+02,1.281680742977187037e-04,1.054225116968154907e-02
8.290000000000000000e+02,1.275380491279065609e-04,1.082664076238870621e-02
8.300000000000000000e+02,1.274575188290327787e-04,1.175041776150465012e-02
8.310000000000000000e+02,1.270011125598102808e-04,1.128658186644315720e-02
8.320000000000000000e+02,1.259524724446237087e-04,1.200008019804954529e-02
8.330000000000000000e+02,1.283015881199389696e-04,1.227144803851842880e-02
8.340000000000000000e+02,1.255971292266622186e-04,1.205721776932477951e-02
8.350000000000000000e+02,1.245521270902827382e-04,1.205614954233169556e-02
8.360000000000000000e+02,1.237502001458778977e-04,1.253612153232097626e-02
8.370000000000000000e+02,1.226310996571555734e-04,1.282613445073366165e-02
8.380000000000000000e+02,1.276561524718999863e-04,1.439279783517122269e-02
8.390000000000000000e+02,1.224416046170517802e-04,1.304572913795709610e-02
8.400000000000000000e+02,1.219423284055665135e-04,1.304416730999946594e-02
8.410000000000000000e+02,1.216084783663973212e-04,1.280574314296245575e-02
8.420000000000000000e+02,1.214813237311318517e-04,1.171094086021184921e-02
8.430000000000000000e+02,1.209285983350127935e-04,1.180974580347537994e-02
8.440000000000000000e+02,1.206739325425587595e-04,1.184237096458673477e-02
8.450000000000000000e+02,1.201431441586464643e-04,1.149915717542171478e-02
8.460000000000000000e+02,1.200204496853984892e-04,1.253468450158834457e-02
8.470000000000000000e+02,1.194606011267751455e-04,1.085955090820789337e-02
8.480000000000000000e+02,1.189347676699981093e-04,1.072938553988933563e-02
8.490000000000000000e+02,1.184063585242256522e-04,1.092844922095537186e-02
8.500000000000000000e+02,1.179271275759674609e-04,1.116319093853235245e-02
8.510000000000000000e+02,1.176571386167779565e-04,1.150846853852272034e-02
8.520000000000000000e+02,1.278681738767772913e-04,9.301129728555679321e-03
8.530000000000000000e+02,1.174996577901765704e-04,1.102609187364578247e-02
8.540000000000000000e+02,1.172354241134598851e-04,1.098873466253280640e-02
8.550000000000000000e+02,1.170283212559297681e-04,1.101156510412693024e-02
8.560000000000000000e+02,1.168721937574446201e-04,1.104689203202724457e-02
8.570000000000000000e+02,1.167815062217414379e-04,1.112819369882345200e-02
8.580000000000000000e+02,1.167083828477188945e-04,1.129052042961120605e-02
8.590000000000000000e+02,1.166348447441123426e-04,1.147409714758396149e-02
8.600000000000000000e+02,1.165612484328448772e-04,1.144828833639621735e-02
8.610000000000000000e+02,1.164782224805094302e-04,1.135115511715412140e-02
8.620000000000000000e+02,1.163334454759024084e-04,1.103514432907104492e-02
8.630000000000000000e+02,1.161124237114563584e-04,1.062135118991136551e-02
8.640000000000000000e+02,1.245875027962028980e-04,7.970436476171016693e-03
8.650000000000000000e+02,1.159116291091777384e-04,1.010155305266380310e-02
8.660000000000000000e+02,1.154353740275837481e-04,1.000959891825914383e-02
8.670000000000000000e+02,1.158542945631779730e-04,9.213062934577465057e-03
8.680000000000000000e+02,1.143635017797350883e-04,9.586527943611145020e-03
8.690000000000000000e+02,1.134960621129721403e-04,9.491769596934318542e-03
8.700000000000000000e+02,1.130423624999821186e-04,9.527062997221946716e-03
8.710000000000000000e+02,1.123466281569562852e-04,9.528193622827529907e-03
8.720000000000000000e+02,1.117686842917464674e-04,9.552199393510818481e-03
8.730000000000000000e+02,1.112808167818002403e-04,9.331773035228252411e-03
8.740000000000000000e+02,1.109079457819461823e-04,9.292556904256343842e-03
8.750000000000000000e+02,1.103210597648285329e-04,9.326988831162452698e-03
8.760000000000000000e+02,1.093375685741193593e-04,9.454978629946708679e-03
8.770000000000000000e+02,1.085641488316468894e-04,9.998985566198825836e-03
8.780000000000000000e+02,1.081378868548199534e-04,1.088603120297193527e-02
8.790000000000000000e+02,1.076972839655354619e-04,1.051621697843074799e-02
8.800000000000000000e+02,1.074755855370312929e-04,1.040385290980339050e-02
8.810000000000000000e+02,1.071425285772420466e-04,1.053106039762496948e-02
8.820000000000000000e+02,1.069198406185023487e-04,1.082281209528446198e-02
8.830000000000000000e+02,1.067868433892726898e-04,1.107492111623287201e-02
8.840000000000000000e+02,1.066676049958914518e-04,1.091253850609064102e-02
8.850000000000000000e+02,1.065460746758617461e-04,1.064769830554723740e-02
8.860000000000000000e+02,1.064821553882211447e-04,1.017320249229669571e-02
8.870000000000000000e+02,1.063326490111649036e-04,1.023178175091743469e-02
8.880000000000000000e+02,1.062248920788988471e-04,1.020591706037521362e-02
8.890000000000000000e+02,1.061252696672454476e-04,1.011752430349588394e-02
8.900000000000000000e+02,1.060513823176734149e-04,9.854826144874095917e-03
8.910000000000000000e+02,1.059762362274341285e-04,9.672644548118114471e-03
8.920000000000000000e+02,1.058590132743120193e-04,9.445582516491413116e-03
8.930000000000000000e+02,1.056770706782117486e-04,9.283960796892642975e-03
8.940000000000000000e+02,1.055134925991296768e-04,8.962995372712612152e-03
8.950000000000000000e+02,1.054364402079954743e-04,9.611105546355247498e-03
8.960000000000000000e+02,1.049199709086678922e-04,9.547560475766658783e-03
8.970000000000000000e+02,1.047019468387588859e-04,9.794632904231548309e-03
8.980000000000000000e+02,1.044087985064834356e-04,1.022682897746562958e-02
8.990000000000000000e+02,1.040972711052745581e-04,1.049052923917770386e-02
9.000000000000000000e+02,1.037114925566129386e-04,1.077734306454658508e-02
9.010000000000000000e+02,1.033703738357871771e-04,1.088028587400913239e-02
9.020000000000000000e+02,1.030871790135279298e-04,1.089434511959552765e-02
9.030000000000000000e+02,1.028325641527771950e-04,1.091472711414098740e-02
9.040000000000000000e+02,1.025578312692232430e-04,1.099788956344127655e-02
9.050000000000000000e+02,1.021518110064789653e-04,1.125414576381444931e-02
9.060000000000000000e+02,1.019155970425345004e-04,1.096356660127639771e-02
9.070000000000000000e+02,1.125011040130630136e-04,1.458269916474819183e-02
9.080000000000000000e+02,1.018073526211082935e-04,1.125163212418556213e-02
9.090000000000000000e+02,1.014271110761910677e-04,1.127354521304368973e-02
9.100000000000000000e+02,1.007128885248675942e-04,1.097153592854738235e-02
9.110000000000000000e+02,1.003108263830654323e-04,1.096113491803407669e-02
9.120000000000000000e+02,9.981231414712965488e-05,1.078340038657188416e-02
9.130000000000000000e+02,9.924549522111192346e-05,1.079039555042982101e-02
9.140000000000000000e+02,9.881142614176496863e-05,1.096731051802635193e-02
9.150000000000000000e+02,9.853290248429402709e-05,1.142846420407295227e-02
9.160000000000000000e+02,9.842108556767925620e-05,1.170117314904928207e-02
9.170000000000000000e+02,9.814873919822275639e-05,1.129633374512195587e-02
9.180000000000000000e+02,9.802911517908796668e-05,1.110497582703828812e-02
9.190000000000000000e+02,9.786656301002949476e-05,1.071865763515233994e-02
9.200000000000000000e+02,9.766479342943057418e-05,1.013055536895990372e-02
9.210000000000000000e+02,9.747643343871459365e-05,9.719899855554103851e-03
9.220000000000000000e+02,9.835912351263687015e-05,9.208711795508861542e-03
9.230000000000000000e+02,9.741716348798945546e-05,9.609143249690532684e-03
9.240000000000000000e+02,9.716489148559048772e-05,9.383262135088443756e-03
9.250000000000000000e+02,9.702969691716134548e-05,9.457673877477645874e-03
9.260000000000000000e+02,9.687501733424142003e-05,9.617926552891731262e-03
9.270000000000000000e+02,9.672765736468136311e-05,9.669121354818344116e-03
9.280000000000000000e+02,9.647304977988824248e-05,9.596866555511951447e-03
9.290000000000000000e+02,9.620346827432513237e-05,9.236009791493415833e-03
9.300000000000000000e+02,9.591170237399637699e-05,9.210365824401378632e-03
9.310000000000000000e+02,9.552043047733604908e-05,9.061047807335853577e-03
9.320000000000000000e+02,9.854637028183788061e-05,1.156621798872947693e-02
9.330000000000000000e+02,9.540475730318576097e-05,9.439121931791305542e-03
9.340000000000000000e+02,9.506694914307445288e-05,9.795019403100013733e-03
9.350000000000000000e+02,9.461904119234532118e-05,1.022683363407850266e-02
9.360000000000000000e+02,9.404490992892533541e-05,1.050788909196853638e-02
9.370000000000000000e+02,9.362696437165141106e-05,1.074031740427017212e-02
9.380000000000000000e+02,9.327068255515769124e-05,1.067025121301412582e-02
9.390000000000000000e+02,9.263381070923060179e-05,1.044586580246686935e-02
9.400000000000000000e+02,9.185100498143583536e-05,1.019060146063566208e-02
9.410000000000000000e+02,9.331112232757732272e-05,7.260227575898170471e-03
9.420000000000000000e+02,9.140983456745743752e-05,9.115545079112052917e-03
9.430000000000000000e+02,9.061419405043125153e-05,8.489797823131084442e-03
9.440000000000000000e+02,8.988829358713701367e-05,8.281447924673557281e-03
9.450000000000000000e+02,8.947707829065620899e-05,7.732707541435956955e-03
9.460000000000000000e+02,8.916223305277526379e-05,7.457382511347532272e-03
9.470000000000000000e+02,8.891144534572958946e-05,7.273539435118436813e-03
9.480000000000000000e+02,8.877058280631899834e-05,8.064974099397659302e-03
9.490000000000000000e+02,8.872000034898519516e-05,7.734419777989387512e-03
9.500000000000000000e+02,8.838293433655053377e-05,7.779777515679597855e-03
9.510000000000000000e+02,8.815954788587987423e-05,7.969439029693603516e-03
9.520000000000000000e+02,9.011576185002923012e-05,7.914016954600811005e-03
9.530000000000000000e+02,8.803673699731007218e-05,7.934131659567356110e-03
9.540000000000000000e+02,8.776752656558528543e-05,8.008178323507308960e-03
9.550000000000000000e+02,8.745245577301830053e-05,8.250757120549678802e-03
9.560000000000000000e+02,8.724765939405187964e-05,8.213280700147151947e-03
9.570000000000000000e+02,8.707349479664117098e-05,8.194603025913238525e-03
9.580000000000000000e+02,8.692622941453009844e-05,8.218606002628803253e-03
9.590000000000000000e+02,8.671497198520228267e-05,8.204747922718524933e-03
9.600000000000000000e+02,8.648525545140728354e-05,8.500919677317142487e-03
9.610000000000000000e+02,8.615243859821930528e-05,9.070846252143383026e-03
9.620000000000000000e+02,8.596100815339013934e-05,9.548447094857692719e-03
9.630000000000000000e+02,8.573759259888902307e-05,9.950217790901660919e-03
9.640000000000000000e+02,8.560009155189618468e-05,9.988847188651561737e-03
9.650000000000000000e+02,8.531987987225875258e-05,1.070518419146537781e-02
9.660000000000000000e+02,8.502051059622317553e-05,1.084829401224851608e-02
9.670000000000000000e+02,8.466550934826955199e-05,1.123178005218505859e-02
9.680000000000000000e+02,8.419760706601664424e-05,1.141408644616603851e-02
9.690000000000000000e+02,8.383944077650085092e-05,1.162297278642654419e-02
9.700000000000000000e+02,8.359093044418841600e-05,1.175525225698947906e-02
9.710000000000000000e+02,8.333000732818618417e-05,1.166093721985816956e-02
9.720000000000000000e+02,8.311047713505104184e-05,1.194627024233341217e-02
9.730000000000000000e+02,8.284296200145035982e-05,1.216624211519956589e-02
9.740000000000000000e+02,8.253964188043028116e-05,1.247788127511739731e-02
9.750000000000000000e+02,8.177257404895499349e-05,1.225352194160223007e-02
9.760000000000000000e+02,8.105256711132824421e-05,1.248273160308599472e-02
9.770000000000000000e+02,8.097710087895393372e-05,1.210238598287105560e-02
9.780000000000000000e+02,8.065536530921235681e-05,1.227448601275682449e-02
9.790000000000000000e+02,8.003725088201463223e-05,1.221672724932432175e-02
9.800000000000000000e+02,7.952133455546572804e-05,1.168891321867704391e-02
9.810000000000000000e+02,7.898176409071311355e-05,1.115959882736206055e-02
9.820000000000000000e+02,7.807505608070641756e-05,9.568559937179088593e-03
9.830000000000000000e+02,7.747246127109974623e-05,9.542139247059822083e-03
9.840000000000000000e+02,7.700132118770852685e-05,8.398579433560371399e-03
9.850000000000000000e+02,7.732744415989145637e-05,7.387543097138404846e-03
9.860000000000000000e+02,7.684404408792033792e-05,8.001031354069709778e-03
9.870000000000000000e+02,7.654226646991446614e-05,7.706081494688987732e-03
9.880000000000000000e+02,7.626602018717676401e-05,7.367194164544343948e-03
9.890000000000000000e+02,7.603786070831120014e-05,7.346273399889469147e-03
9.900000000000000000e+02,7.577909127576276660e-05,7.293071132153272629e-03
9.910000000000000000e+02,7.855896546971052885e-05,9.400234557688236237e-03
9.920000000000000000e+02,7.557892240583896637e-05,7.694564294070005417e-03
9.930000000000000000e+02,7.583104888908565044e-05,6.594459060579538345e-03
9.940000000000000000e+02,7.540899241575971246e-05,7.229255046695470810e-03
9.950000000000000000e+02,7.512615411542356014e-05,7.518088445067405701e-03
9.960000000000000000e+02,7.484483649022877216e-05,7.590831257402896881e-03
9.970000000000000000e+02,7.459417975042015314e-05,7.667741738259792328e-03
9.980000000000000000e+02,7.429764809785410762e-05,7.187947165220975876e-03
9.990000000000000000e+02,7.405152427963912487e-05,6.913253571838140488e-03
1.000000000000000000e+03,7.388840458588674664e-05,6.470716092735528946e-03
1.001000000000000000e+03,7.379477756330743432e-05,6.446351297199726105e-03
1.002000000000000000e+03,7.371382525889202952e-05,6.570547819137573242e-03
1.003000000000000000e+03,7.358851144090294838e-05,6.699659861624240875e-03
1.004000000000000000e+03,7.350558007601648569e-05,6.629191804677248001e-03
1.005000000000000000e+03,7.329929212573915720e-05,7.171943318098783493e-03
1.006000000000000000e+03,7.337381248362362385e-05,6.232770159840583801e-03
1.007000000000000000e+03,7.312106026802212000e-05,6.711826659739017487e-03
1.008000000000000000e+03,7.446590461768209934e-05,6.781796924769878387e-03
1.009000000000000000e+03,7.302236190298572183e-05,6.712937727570533752e-03
1.010000000000000000e+03,7.281755097210407257e-05,6.768836174160242081e-03
1.011000000000000000e+03,7.248377369251102209e-05,7.021150551736354828e-03
1.012000000000000000e+03,7.214848301373422146e-05,7.036909926682710648e-03
1.013000000000000000e+03,7.164445560192689300e-05,7.173853460699319839e-03
1.014000000000000000e+03,7.104278483893722296e-05,7.283790968358516693e-03
1.015000000000000000e+03,7.165368151618167758e-05,6.699769292026758194e-03
1.016000000000000000e+03,7.073357846820726991e-05,7.059261202812194824e-03
1.017000000000000000e+03,6.993622082518413663e-05,6.539409514516592026e-03
1.018000000000000000e+03,6.941823812667280436e-05,6.669551599770784378e-03
1.019000000000000000e+03,6.887604104122146964e-05,6.937002297490835190e-03
1.020000000000000000e+03,6.860728899482637644e-05,7.326872553676366806e-03
1.021000000000000000e+03,6.835603562649339437e-05,8.095603436231613159e-03
1.022000000000000000e+03,6.800805567763745785e-05,8.798190392553806305e-03
1.023000000000000000e+03,6.748965097358450294e-05,9.345456026494503021e-03
1.024000000000000000e+03,9.383892756886780262e-05,1.220936421304941177e-02
1.025000000000000000e+03,6.739181844750419259e-05,9.494427591562271118e-03
1.026000000000000000e+03,6.692966417176648974e-05,9.296342730522155762e-03
1.027000000000000000e+03,6.661868974333629012e-05,8.557375520467758179e-03
1.028000000000000000e+03,6.649840361205860972e-05,8.003397844731807709e-03
1.029000000000000000e+03,6.641978689003735781e-05,7.680488750338554382e-03
1.030000000000000000e+03,6.634328747168183327e-05,7.436634507030248642e-03
1.031000000000000000e+03,6.636334001086652279e-05,8.350941352546215057e-03
1.032000000000000000e+03,6.630576535826548934e-05,7.838137447834014893e-03
1.033000000000000000e+03,6.619528721785172820e-05,7.582410238683223724e-03
1.034000000000000000e+03,6.608160038013011217e-05,7.527331821620464325e-03
1.035000000000000000e+03,6.595672311959788203e-05,7.328523322939872742e-03
1.036000000000000000e+03,6.579024193342775106e-05,7.344421930611133575e-03
1.037000000000000000e+03,6.558850145665928721e-05,7.593140937387943268e-03
1.038000000000000000e+03,8.825994882499799132e-05,9.659761562943458557e-03
1.039000000000000000e+03,6.549990212079137564e-05,7.691096980124711990e-03
1.040000000000000000e+03,6.533154373755678535e-05,8.032666519284248352e-03
1.041000000000000000e+03,6.510042294394224882e-05,8.436723612248897552e-03
1.042000000000000000e+03,6.491240492323413491e-05,9.051903150975704193e-03
1.043000000000000000e+03,6.477464194176718593e-05,9.552842006087303162e-03
1.044000000000000000e+03,6.454553658841177821e-05,1.026737317442893982e-02
1.045000000000000000e+03,6.431305519072338939e-05,1.088573597371578217e-02
1.046000000000000000e+03,6.395624222932383418e-05,1.125438231974840164e-02
1.047000000000000000e+03,6.371169001795351505e-05,1.152419298887252808e-02
1.048000000000000000e+03,6.348993338178843260e-05,1.124528795480728149e-02
1.049000000000000000e+03,6.330053292913362384e-05,1.115540135651826859e-02
1.050000000000000000e+03,6.289978045970201492e-05,1.133663952350616455e-02
1.051000000000000000e+03,6.253662286326289177e-05,1.206728536635637283e-02
1.052000000000000000e+03,6.202372605912387371e-05,1.330597791820764542e-02
1.053000000000000000e+03,6.160033808555454016e-05,1.365262083709239960e-02
1.054000000000000000e+03,6.118061719462275505e-05,1.349393930286169052e-02
1.055000000000000000e+03,6.083889093133620918e-05,1.203522644937038422e-02
1.056000000000000000e+03,6.044411929906345904e-05,1.111160870641469955e-02
1.057000000000000000e+03,6.015594408381730318e-05,1.011240202933549881e-02
1.058000000000000000e+03,5.974550731480121613e-05,9.373739361763000488e-03
1.059000000000000000e+03,8.453636110061779618e-05,1.142741087824106216e-02
1.060000000000000000e+03,5.966818207525648177e-05,9.476985782384872437e-03
1.061000000000000000e+03,5.902973862248472869e-05,8.915285579860210419e-03
1.062000000000000000e+03,5.863527985638938844e-05,8.928765542805194855e-03
1.063000000000000000e+03,5.805536420666612685e-05,8.280633948743343353e-03
1.064000000000000000e+03,5.769709241576492786e-05,8.431819267570972443e-03
1.065000000000000000e+03,5.763837179983966053e-05,8.578271605074405670e-03
1.066000000000000000e+03,5.727044845116324723e-05,8.825429715216159821e-03
1.067000000000000000e+03,5.712473648600280285e-05,8.997383527457714081e-03
1.068000000000000000e+03,5.696599328075535595e-05,9.334398433566093445e-03
1.069000000000000000e+03,5.672595216310583055e-05,9.750178083777427673e-03
1.070000000000000000e+03,5.652123945765197277e-05,9.714489802718162537e-03
1.071000000000000000e+03,5.640733797918073833e-05,9.795694611966609955e-03
1.072000000000000000e+03,5.626571874017827213e-05,7.857765071094036102e-03
1.073000000000000000e+03,5.609758227365091443e-05,8.658249862492084503e-03
1.074000000000000000e+03,5.599852011073380709e-05,8.508872240781784058e-03
1.075000000000000000e+03,5.590974251390434802e-05,7.741271983832120895e-03
1.076000000000000000e+03,5.584863902186043561e-05,7.020873017609119415e-03
1.077000000000000000e+03,5.577847332460805774e-05,6.273640785366296768e-03
1.078000000000000000e+03,5.569802306126803160e-05,5.873663350939750671e-03
1.079000000000000000e+03,5.559331111726351082e-05,5.759099032729864120e-03
1.080000000000000000e+03,5.545176099985837936e-05,5.553097464144229889e-03
1.081000000000000000e+03,5.532858995138667524e-05,5.582806188613176346e-03
1.082000000000000000e+03,5.516021337825804949e-05,6.758904084563255310e-03
1.083000000000000000e+03,5.499877806869335473e-05,7.119525689631700516e-03
1.084000000000000000e+03,5.474002682603895664e-05,7.612897083163261414e-03
1.085000000000000000e+03,5.466017319122329354e-05,8.460799232125282288e-03
1.086000000000000000e+03,5.442650217446498573e-05,8.287557400763034821e-03
1.087000000000000000e+03,5.434092963696457446e-05,7.977572269737720490e-03
1.088000000000000000e+03,5.429068187368102372e-05,7.972804829478263855e-03
1.089000000000000000e+03,5.423123002401553094e-05,8.010801859200000763e-03
1.090000000000000000e+03,5.419270382844842970e-05,8.208165876567363739e-03
1.091000000000000000e+03,5.415303166955709457e-05,8.263229392468929291e-03
1.092000000000000000e+03,5.411605161498300731e-05,8.267225697636604309e-03
1.093000000000000000e+03,5.409006917034275830e-05,8.227274753153324127e-03
1.094000000000000000e+03,5.404493276728317142e-05,8.093585260212421417e-03
1.095000000000000000e+03,5.407585558714345098e-05,7.741359993815422058e-03
1.096000000000000000e+03,5.402220995165407658e-05,7.952436804771423340e-03
1.097000000000000000e+03,5.398601933848112822e-05,7.806409616023302078e-03
1.098000000000000000e+03,5.414579572970978916e-05,8.373229764401912689e-03
1.099000000000000000e+03,5.396884807851165533e-05,7.938767783343791962e-03
1.100000000000000000e+03,5.391344529925845563e-05,7.338578812777996063e-03
1.101000000000000000e+03,5.382051676861010492e-05,7.489905692636966705e-03
1.102000000000000000e+03,5.374557804316282272e-05,7.625655736774206161e-03
1.103000000000000000e+03,5.362071897252462804e-05,8.236260153353214264e-03
1.104000000000000000e+03,5.342769145499914885e-05,8.314571343362331390e-03
1.105000000000000000e+03,5.314086956786923110e-05,8.338267914950847626e-03
1.106000000000000000e+03,5.296436575008556247e-05,8.080517873167991638e-03
1.107000000000000000e+03,5.282872007228434086e-05,8.229657076299190521e-03
1.108000000000000000e+03,5.268366658128798008e-05,8.403335697948932648e-03
1.109000000000000000e+03,5.288262036629021168e-05,8.824368938803672791e-03
1.110000000000000000e+03,5.260243779048323631e-05,8.547334000468254089e-03
1.111000000000000000e+03,5.288785541779361665e-05,7.484808564186096191e-03
1.112000000000000000e+03,5.256969234324060380e-05,8.269187062978744507e-03
1.113000000000000000e+03,5.248017987469211221e-05,8.954088203608989716e-03
1.114000000000000000e+03,5.242617044132202864e-05,8.285133168101310730e-03
1.115000000000000000e+03,5.231583054410293698e-05,8.392329327762126923e-03
1.116000000000000000e+03,5.223167681833729148e-05,8.398601785302162170e-03
1.117000000000000000e+03,5.208087895880453289e-05,8.376822806894779205e-03
1.118000000000000000e+03,5.185656118555925786e-05,8.383731357753276825e-03
1.119000000000000000e+03,5.153113306732848287e-05,8.033053949475288391e-03
1.120000000000000000e+03,5.118257831782102585e-05,7.402219809591770172e-03
1.121000000000000000e+03,5.082356074126437306e-05,6.543637253344058990e-03
1.122000000000000000e+03,5.051149855717085302e-05,5.890144500881433487e-03
1.123000000000000000e+03,5.022287950851023197e-05,5.099242553114891052e-03
1.124000000000000000e+03,4.979459481546655297e-05,5.414495244622230530e-03
1.125000000000000000e+03,4.941972292726859450e-05,6.422260310500860214e-03
1.126000000000000000e+03,4.928442649543285370e-05,7.233629468828439713e-03
1.127000000000000000e+03,4.917750629829242826e-05,7.323054131120443344e-03
1.128000000000000000e+03,4.905782043351791799e-05,7.280614227056503296e-03
1.129000000000000000e+03,4.892191282124258578e-05,7.365799974650144577e-03
1.130000000000000000e+03,4.881777567788958549e-05,7.370711769908666611e-03
1.131000000000000000e+03,4.871360215474851429e-05,7.558538578450679779e-03
1.132000000000000000e+03,4.855370571021921933e-05,7.823363877832889557e-03
1.133000000000000000e+03,4.844654904445633292e-05,7.636486552655696869e-03
1.134000000000000000e+03,4.835210711462423205e-05,7.827754132449626923e-03
1.135000000000000000e+03,4.835522122448310256e-05,7.259145844727754593e-03
1.136000000000000000e+03,4.831728438148275018e-05,7.548587396740913391e-03
1.137000000000000000e+03,4.825911310035735369e-05,7.313200272619724274e-03
1.138000000000000000e+03,4.819271998712792993e-05,7.180165965110063553e-03
1.139000000000000000e+03,4.808957237401045859e-05,7.198517676442861557e-03
1.140000000000000000e+03,4.800827082362957299e-05,7.030526176095008850e-03
1.141000000000000000e+03,5.012909241486340761e-05,6.514936219900846481e-03
1.142000000000000000e+03,4.792881009052507579e-05,6.932748015969991684e-03
1.143000000000000000e+03,4.781107054441235960e-05,7.085947785526514053e-03
1.144000000000000000e+03,4.768811049871146679e-05,7.190755102783441544e-03
1.145000000000000000e+03,4.762894968735054135e-05,7.433521561324596405e-03
1.146000000000000000e+03,4.757078932016156614e-05,7.455019280314445496e-03
1.147000000000000000e+03,4.752499808091670275e-05,7.410462014377117157e-03
1.148000000000000000e+03,4.747511411551386118e-05,7.298359647393226624e-03
1.149000000000000000e+03,4.739462747238576412e-05,7.167464587837457657e-03
1.150000000000000000e+03,4.728629573946818709e-05,7.042204961180686951e-03
1.151000000000000000e+03,4.765258927363902330e-05,6.595683749765157700e-03
1.152000000000000000e+03,4.722386438515968621e-05,6.914953701198101044e-03
1.153000000000000000e+03,4.712681766250170767e-05,6.948224734514951706e-03
1.154000000000000000e+03,4.694619929068721831e-05,7.364186458289623260e-03
1.155000000000000000e+03,4.682250437326729298e-05,7.647430989891290665e-03
1.156000000000000000e+03,4.661686034523881972e-05,8.178068324923515320e-03
1.157000000000000000e+03,4.648805406759493053e-05,8.083013817667961121e-03
1.158000000000000000e+03,4.634420838556252420e-05,7.686553057283163071e-03
1.159000000000000000e+03,4.618539969669654965e-05,7.760218810290098190e-03
1.160000000000000000e+03,4.632203490473330021e-05,6.391284521669149399e-03
1.161000000000000000e+03,4.610574615071527660e-05,7.207344286143779755e-03
1.162000000000000000e+03,4.594162965076975524e-05,7.149023003876209259e-03
1.163000000000000000e+03,4.576283390633761883e-05,7.317750714719295502e-03
1.164000000000000000e+03,4.559988519758917391e-05,7.266222964972257614e-03
1.165000000000000000e+03,4.543686372926458716e-05,7.191276643425226212e-03
1.166000000000000000e+03,4.523182360571809113e-05,7.501482497900724411e-03
1.167000000000000000e+03,4.508362326305359602e-05,7.774489466100931168e-03
1.168000000000000000e+03,4.489446655497886240e-05,7.978050038218498230e-03
1.169000000000000000e+03,4.829296449315734208e-05,8.327045477926731110e-03
1.170000000000000000e+03,4.476542380871251225e-05,8.027539588510990143e-03
1.171000000000000000e+03,4.455529051483608782e-05,7.742177229374647141e-03
1.172000000000000000e+03,4.424909639055840671e-05,6.826871074736118317e-03
1.173000000000000000e+03,4.404397986945696175e-05,6.163841579109430313e-03
1.174000000000000000e+03,4.375368007458746433e-05,5.940306931734085083e-03
1.175000000000000000e+03,4.334782352088950574e-05,5.779928062111139297e-03
1.176000000000000000e+03,4.368665759102441370e-05,6.120144389569759369e-03
1.177000000000000000e+03,4.319595973356626928e-05,5.877381190657615662e-03
1.178000000000000000e+03,4.335527773946523666e-05,6.383209954947233200e-03
1.179000000000000000e+03,4.281155634089373052e-05,6.088281981647014618e-03
1.180000000000000000e+03,4.257487671566195786e-05,6.181729957461357117e-03
1.181000000000000000e+03,4.225032535032369196e-05,6.298789754509925842e-03
1.182000000000000000e+03,4.207956226309761405e-05,6.254546809941530228e-03
1.183000000000000000e+03,4.194262874079868197e-05,6.229863502085208893e-03
1.184000000000000000e+03,4.181532858638092875e-05,6.361878011375665665e-03
1.185000000000000000e+03,4.169678140897303820e-05,6.814901251345872879e-03
1.186000000000000000e+03,4.151490429649129510e-05,7.281754165887832642e-03
1.187000000000000000e+03,4.131064997636713088e-05,7.940653711557388306e-03
1.188000000000000000e+03,4.113169779884628952e-05,7.881200872361660004e-03
1.189000000000000000e+03,4.100892692804336548e-05,8.058845065534114838e-03
1.190000000000000000e+03,4.098457429790869355e-05,7.222319021821022034e-03
1.191000000000000000e+03,4.128472937736660242e-05,6.339026149362325668e-03
1.192000000000000000e+03,4.083060775883495808e-05,6.876750383526086807e-03
1.193000000000000000e+03,4.067793270223774016e-05,7.449169177561998367e-03
1.194000000000000000e+03,4.057512342114932835e-05,7.716590538620948792e-03
1.195000000000000000e+03,4.048757182317785919e-05,8.086143061518669128e-03
1.196000000000000000e+03,4.042594810016453266e-05,8.230206556618213654e-03
1.197000000000000000e+03,4.036443351651541889e-05,8.287181146442890167e-03
1.198000000000000000e+03,4.026408714707940817e-05,8.499964140355587006e-03
1.199000000000000000e+03,4.018313484266400337e-05,8.161781355738639832e-03
1.200000000000000000e+03,4.011848432128317654e-05,7.516564801335334778e-03
1.201000000000000000e+03,4.121670281165279448e-05,7.069985847920179367e-03
1.202000000000000000e+03,4.009971598861739039e-05,7.456611841917037964e-03
1.203000000000000000e+03,4.239933696226216853e-05,8.465897291898727417e-03
1.204000000000000000e+03,4.006349263363517821e-05,7.551922462880611420e-03
1.205000000000000000e+03,3.999350519734434783e-05,7.289088331162929535e-03
1.206000000000000000e+03,3.993613790953531861e-05,7.045029196888208389e-03
1.207000000000000000e+03,3.988776734331622720e-05,6.774866487830877304e-03
1.208000000000000000e+03,4.057854312122799456e-05,7.357629947364330292e-03
1.209000000000000000e+03,3.986942829214967787e-05,6.853650789707899094e-03
1.210000000000000000e+03,3.983321948908269405e-05,6.874448154121637344e-03
1.211000000000000000e+03,3.978001768700778484e-05,6.998735480010509491e-03
1.212000000000000000e+03,3.970918623963370919e-05,7.252962328493595123e-03
1.213000000000000000e+03,3.960424510296434164e-05,7.464684080332517624e-03
1.214000000000000000e+03,3.951872349716722965e-05,7.726493291556835175e-03
1.215000000000000000e+03,3.944990021409466863e-05,7.675760425627231598e-03
1.216000000000000000e+03,3.937757355743087828e-05,7.572990376502275467e-03
1.217000000000000000e+03,3.931267565349116921e-05,7.531088776886463165e-03
1.218000000000000000e+03,3.924880002159625292e-05,7.628772873431444168e-03
1.219000000000000000e+03,3.917590584023855627e-05,7.668342441320419312e-03
1.220000000000000000e+03,3.918298170901834965e-05,7.370269391685724258e-03
1.221000000000000000e+03,3.913119871867820621e-05,7.520617917180061340e-03
1.222000000000000000e+03,3.921229290426708758e-05,8.992074988782405853e-03
1.223000000000000000e+03,3.904004915966652334e-05,8.133350871503353119e-03
1.224000000000000000e+03,3.895744521287269890e-05,8.096800185739994049e-03
1.225000000000000000e+03,3.880039366777054965e-05,7.818995043635368347e-03
1.226000000000000000e+03,3.865373219014145434e-05,7.692428305745124817e-03
1.227000000000000000e+03,3.849772838293574750e-05,7.013265043497085571e-03
1.228000000000000000e+03,3.838522752630524337e-05,6.582677830010652542e-03
1.229000000000000000e+03,3.828692206298001111e-05,6.248367018997669220e-03
1.230000000000000000e+03,3.815813761320896447e-05,5.944184958934783936e-03
1.231000000000000000e+03,3.799099795287474990e-05,5.832829046994447708e-03
1.232000000000000000e+03,3.782766361837275326e-05,5.847675260156393051e-03
1.233000000000000000e+03,3.770778130274266005e-05,6.009008735418319702e-03
1.234000000000000000e+03,3.763876156881451607e-05,6.379025522619485855e-03
1.235000000000000000e+03,3.758746970561333001e-05,6.420742254704236984e-03
1.236000000000000000e+03,3.747756636585108936e-05,6.332103163003921509e-03
1.237000000000000000e+03,3.735744394361972809e-05,6.166198756545782089e-03
1.238000000000000000e+03,3.735983773367479444e-05,6.818146910518407822e-03
1.239000000000000000e+03,3.728738374775275588e-05,6.483676843345165253e-03
1.240000000000000000e+03,3.712390025611966848e-05,5.812981631606817245e-03
1.241000000000000000e+03,3.712434045155532658e-05,6.859006360173225403e-03
1.242000000000000000e+03,3.704734990606084466e-05,6.321335211396217346e-03
1.243000000000000000e+03,3.706676579895429313e-05,7.267347536981105804e-03
1.244000000000000000e+03,3.693123653647489846e-05,6.768906489014625549e-03
1.245000000000000000e+03,3.672068851301446557e-05,6.313882768154144287e-03
1.246000000000000000e+03,3.649451900855638087e-05,5.761386826634407043e-03
1.247000000000000000e+03,3.628841659519821405e-05,5.251703783869743347e-03
1.248000000000000000e+03,3.612003638409078121e-05,4.761605057865381241e-03
1.249000000000000000e+03,3.602830111049115658e-05,4.433561582118272781e-03
1.250000000000000000e+03,3.595001908252015710e-05,4.322573542594909668e-03
1.251000000000000000e+03,3.592187931644730270e-05,4.458751063793897629e-03
1.252000000000000000e+03,3.588710387703031301e-05,4.542383365333080292e-03
1.253000000000000000e+03,3.586418097256682813e-05,4.519815556704998016e-03
1.254000000000000000e+03,3.579517579055391252e-05,4.576608538627624512e-03
1.255000000000000000e+03,3.574553920770995319e-05,4.847011063247919083e-03
1.256000000000000000e+03,3.569732871255837381e-05,5.159154534339904785e-03
1.257000000000000000e+03,3.569569526007398963e-05,5.232980940490961075e-03
1.258000000000000000e+03,3.567223757272586226e-05,5.196049343794584274e-03
1.259000000000000000e+03,3.562542769941501319e-05,5.362009629607200623e-03
1.260000000000000000e+03,3.557753370841965079e-05,5.592578556388616562e-03
1.261000000000000000e+03,3.553987335180863738e-05,5.672397557646036148e-03
1.262000000000000000e+03,3.549772009137086570e-05,5.732036195695400238e-03
1.263000000000000000e+03,3.547198502928949893e-05,5.839194636791944504e-03
1.264000000000000000e+03,3.542103149811737239e-05,5.691337864845991135e-03
1.265000000000000000e+03,3.534965435392223299e-05,5.707568489015102386e-03
1.266000000000000000e+03,3.527917579049244523e-05,5.906955804675817490e-03
1.267000000000000000e+03,3.521330290823243558e-05,6.094378884881734848e-03
1.268000000000000000e+03,3.515608841553330421e-05,6.312740966677665710e-03
1.269000000000000000e+03,3.510198803269304335e-05,6.445528008043766022e-03
1.270000000000000000e+03,3.504313644953072071e-05,6.056131795048713684e-03
1.271000000000000000e+03,3.498010119074024260e-05,6.288275122642517090e-03
1.272000000000000000e+03,3.493872645776718855e-05,6.033017300069332123e-03
1.273000000000000000e+03,3.490565723041072488e-05,5.864634178578853607e-03
1.274000000000000000e+03,3.487993672024458647e-05,5.932491738349199295e-03
1.275000000000000000e+03,3.488218135316856205e-05,5.915005691349506378e-03
1.276000000000000000e+03,3.485611887299455702e-05,5.922866053879261017e-03
1.277000000000000000e+03,3.481424209894612432e-05,5.988972261548042297e-03
1.278000000000000000e+03,3.478243161225691438e-05,5.980178248137235641e-03
1.279000000000000000e+03,3.471406307653523982e-05,5.915279965847730637e-03
1.280000000000000000e+03,3.529611785779707134e-05,5.769272334873676300e-03
1.281000000000000000e+03,3.470013325568288565e-05,5.892631132155656815e-03
1.282000000000000000e+03,3.464108522166498005e-05,5.919531919062137604e-03
1.283000000000000000e+03,3.454318721196614206e-05,5.983706098049879074e-03
1.284000000000000000e+03,3.447494600550271571e-05,6.180334370583295822e-03
1.285000000000000000e+03,3.436806218815036118e-05,6.488739512860774994e-03
1.286000000000000000e+03,3.422530789976008236e-05,7.095396518707275391e-03
1.287000000000000000e+03,3.410325007280334830e-05,7.340310141444206238e-03
1.288000000000000000e+03,3.399381967028602958e-05,7.736710831522941589e-03
1.289000000000000000e+03,3.388566256035119295e-05,8.270272985100746155e-03
1.290000000000000000e+03,3.378798646735958755e-05,8.373569697141647339e-03
1.291000000000000000e+03,3.367215322214178741e-05,8.376433514058589935e-03
1.292000000000000000e+03,3.355442458996549249e-05,8.124296553432941437e-03
1.293000000000000000e+03,3.345026198076084256e-05,7.888165302574634552e-03
1.294000000000000000e+03,3.331668995087966323e-05,7.555574178695678711e-03
1.295000000000000000e+03,3.316820220788940787e-05,7.214395329356193542e-03
1.296000000000000000e+03,3.304103302070870996e-05,6.705272942781448364e-03
1.297000000000000000e+03,3.371195634827017784e-05,5.176031496375799179e-03
1.298000000000000000e+03,3.298892625025473535e-05,6.332446355372667313e-03
1.299000000000000000e+03,3.292248584330081940e-05,6.516243796795606613e-03
1.300000000000000000e+03,3.277639916632324457e-05,6.560333073139190674e-03
1.301000000000000000e+03,3.273011679993942380e-05,6.717566866427659988e-03
1.302000000000000000e+03,3.268165892222896218e-05,6.877860520035028458e-03
1.303000000000000000e+03,3.259318691561929882e-05,7.025323808193206787e-03
1.304000000000000000e+03,3.251916859881021082e-05,7.176800165325403214e-03
1.305000000000000000e+03,3.241735612391494215e-05,6.958621554076671600e-03
1.306000000000000000e+03,3.233403549529612064e-05,6.564697250723838806e-03
1.307000000000000000e+03,3.224563988624140620e-05,6.320878397673368454e-03
1.308000000000000000e+03,3.215755350538529456e-05,5.761958193033933640e-03
1.309000000000000000e+03,3.209411079296842217e-05,5.329707637429237366e-03
1.310000000000000000e+03,3.205544999218545854e-05,5.539930425584316254e-03
1.311000000000000000e+03,3.204129825462587178e-05,5.294387694448232651e-03
1.312000000000000000e+03,3.197592377546243370e-05,5.495368968695402145e-03
1.313000000000000000e+03,3.193994052708148956e-05,5.605456884950399399e-03
1.314000000000000000e+03,3.191965151927433908e-05,5.664106924086809158e-03
1.315000000000000000e+03,3.190548522979952395e-05,5.706154275685548782e-03
1.316000000000000000e+03,3.188544724253006279e-05,5.707105156034231186e-03
1.317000000000000000e+03,3.187453330610878766e-05,5.677238106727600098e-03
1.318000000000000000e+03,3.186136018484830856e-05,5.696178413927555084e-03
1.319000000000000000e+03,3.191288124071434140e-05,5.797689780592918396e-03
1.320000000000000000e+03,3.185587775078602135e-05,5.718423519283533096e-03
1.321000000000000000e+03,3.184281740686856210e-05,5.668723490089178085e-03
1.322000000000000000e+03,3.182739965268410742e-05,5.700867157429456711e-03
1.323000000000000000e+03,3.179883424309082329e-05,5.703888367861509323e-03
1.324000000000000000e+03,3.177367034368216991e-05,5.621438380330801010e-03
1.325000000000000000e+03,3.173134246026165783e-05,5.403742659837007523e-03
1.326000000000000000e+03,3.169034243910573423e-05,5.177040584385395050e-03
1.327000000000000000e+03,3.164547524647787213e-05,5.037873983383178711e-03
1.328000000000000000e+03,3.160006235702894628e-05,5.133602302521467209e-03
1.329000000000000000e+03,3.156630918965674937e-05,5.440449807792901993e-03
1.330000000000000000e+03,3.151829878333956003e-05,5.564549937844276428e-03
1.331000000000000000e+03,3.148500036331824958e-05,5.594767630100250244e-03
1.332000000000000000e+03,3.143463618471287191e-05,5.646146368235349655e-03
1.333000000000000000e+03,3.139453474432229996e-05,5.448515992611646652e-03
1.334000000000000000e+03,3.132655547233298421e-05,4.913590848445892334e-03
1.335000000000000000e+03,3.127449599560350180e-05,4.633241333067417145e-03
1.336000000000000000e+03,3.127036325167864561e-05,4.292831756174564362e-03
1.337000000000000000e+03,3.124475188087671995e-05,4.450552631169557571e-03
1.338000000000000000e+03,3.121550980722531676e-05,4.523591138422489166e-03
1.339000000000000000e+03,3.118492531939409673e-05,4.641830921173095703e-03
1.340000000000000000e+03,3.116723746643401682e-05,4.661337006837129593e-03
1.341000000000000000e+03,3.112160993623547256e-05,4.600655753165483475e-03
1.342000000000000000e+03,3.103290146100334823e-05,4.501436371356248856e-03
1.343000000000000000e+03,3.093638224527239799e-05,4.324024077504873276e-03
1.344000000000000000e+03,3.084622221649624407e-05,4.239438567310571671e-03
1.345000000000000000e+03,3.064592965529300272e-05,4.510114435106515884e-03
1.346000000000000000e+03,3.049855513381771743e-05,4.383244086056947708e-03
1.347000000000000000e+03,3.039310468011535704e-05,4.357303958386182785e-03
1.348000000000000000e+03,3.031921551155392081e-05,4.070491530001163483e-03
1.349000000000000000e+03,3.023005956492852420e-05,3.970688674598932266e-03
1.350000000000000000e+03,3.015152469743043184e-05,3.812503302469849586e-03
1.351000000000000000e+03,3.009241117979399860e-05,3.849619766697287560e-03
1.352000000000000000e+03,3.022012060682754964e-05,4.244377370923757553e-03
1.353000000000000000e+03,3.002372613991610706e-05,3.982120659202337265e-03
1.354000000000000000e+03,3.007103259733412415e-05,4.334623925387859344e-03
1.355000000000000000e+03,2.991090877912938595e-05,4.132575355470180511e-03
1.356000000000000000e+03,2.987255174957681447e-05,4.649677779525518417e-03
1.357000000000000000e+03,2.976216455863323063e-05,4.476060625165700912e-03
1.358000000000000000e+03,2.971927096950821579e-05,4.265266004949808121e-03
1.359000000000000000e+03,2.965896055684424937e-05,3.952731844037771225e-03
1.360000000000000000e+03,3.049884617212228477e-05,4.244877025485038757e-03
1.361000000000000000e+03,2.962715552712325007e-05,3.996123094111680984e-03
1.362000000000000000e+03,2.955256059067323804e-05,3.717548912391066551e-03
1.363000000000000000e+03,2.944282095995731652e-05,3.412100020796060562e-03
1.364000000000000000e+03,2.934693111455999315e-05,3.338367911055684090e-03
1.365000000000000000e+03,2.921670602518133819e-05,3.241644008085131645e-03
1.366000000000000000e+03,2.911213960032910109e-05,3.561488585546612740e-03
1.367000000000000000e+03,2.897999183915089816e-05,3.721398767083883286e-03
1.368000000000000000e+03,2.885016328946221620e-05,3.848537802696228027e-03
1.369000000000000000e+03,2.891358235501684248e-05,4.168783780187368393e-03
1.370000000000000000e+03,2.880646388803143054e-05,3.967778291553258896e-03
1.371000000000000000e+03,2.876576036214828491e-05,3.859377466142177582e-03
1.372000000000000000e+03,2.873089943022932857e-05,3.531402442604303360e-03
1.373000000000000000e+03,2.870780372177250683e-05,3.417212516069412231e-03
1.374000000000000000e+03,2.868102819775231183e-05,3.308914601802825928e-03
1.375000000000000000e+03,2.865273927454836667e-05,3.199145430698990822e-03
1.376000000000000000e+03,2.861984648916404694e-05,3.117915941402316093e-03
1.377000000000000000e+03,2.859159940271638334e-05,2.957990858703851700e-03
1.378000000000000000e+03,2.855198363249655813e-05,2.958670491352677345e-03
1.379000000000000000e+03,2.852831494237761945e-05,3.002798417583107948e-03
1.380000000000000000e+03,2.851181670848745853e-05,2.913496457040309906e-03
1.381000000000000000e+03,2.849312295438721776e-05,2.807115437462925911e-03
1.382000000000000000e+03,2.847587529686279595e-05,2.666986547410488129e-03
1.383000000000000000e+03,2.852541547326836735e-05,2.493944717571139336e-03
1.384000000000000000e+03,2.845554263330996037e-05,2.590580843389034271e-03
1.385000000000000000e+03,2.842818321369122714e-05,2.585700945928692818e-03
1.386000000000000000e+03,2.838416912709362805e-05,2.555519575253129005e-03
1.387000000000000000e+03,2.835433224390726537e-05,2.531036036089062691e-03
1.388000000000000000e+03,2.829375262081157416e-05,2.485137199983000755e-03
1.389000000000000000e+03,2.826783384080044925e-05,2.451929962262511253e-03
1.390000000000000000e+03,2.824111834343057126e-05,2.461728174239397049e-03
1.391000000000000000e+03,2.822427268256433308e-05,2.450673142448067665e-03
1.392000000000000000e+03,2.818579014274291694e-05,2.439904026687145233e-03
1.393000000000000000e+03,2.815705738612450659e-05,2.417559735476970673e-03
1.394000000000000000e+03,2.811886224662885070e-05,2.401087200269103050e-03
1.395000000000000000e+03,2.808771751006133854e-05,2.389089437201619148e-03
1.396000000000000000e+03,2.814190338540356606e-05,2.477873815223574638e-03
1.397000000000000000e+03,2.807720011333003640e-05,2.407744759693741798e-03
1.398000000000000000e+03,2.808622957672923803e-05,2.443647477775812149e-03
1.399000000000000000e+03,2.803662209771573544e-05,2.417471259832382202e-03
1.400000000000000000e+03,2.800244146783370525e-05,2.555933548137545586e-03
1.401000000000000000e+03,2.793638850562274456e-05,2.662886632606387138e-03
1.402000000000000000e+03,2.785561082419008017e-05,2.822226611897349358e-03
1.403000000000000000e+03,2.775151187961455435e-05,3.003825200721621513e-03
1.404000000000000000e+03,2.773732194327749312e-05,3.508957568556070328e-03
1.405000000000000000e+03,2.761900395853444934e-05,3.145533148199319839e-03
1.406000000000000000e+03,2.751612373685929924e-05,3.046765457838773727e-03
1.407000000000000000e+03,2.738636976573616266e-05,3.126761410385370255e-03
1.408000000000000000e+03,2.719726944633293897e-05,3.109370823949575424e-03
1.409000000000000000e+03,2.711791785259265453e-05,3.442557062953710556e-03
1.410000000000000000e+03,2.703635618672706187e-05,3.329116618260741234e-03
1.411000000000000000e+03,2.696940282476134598e-05,3.349267179146409035e-03
1.412000000000000000e+03,2.688172571652103215e-05,3.435415215790271759e-03
1.413000000000000000e+03,2.671695619937963784e-05,3.609056584537029266e-03
1.414000000000000000e+03,2.660068639670498669e-05,3.693125210702419281e-03
1.415000000000000000e+03,2.666348882485181093e-05,3.481924301013350487e-03
1.416000000000000000e+03,2.653929186635650694e-05,3.590250853449106216e-03
1.417000000000000000e+03,2.649338239280041307e-05,4.561441950500011444e-03
1.418000000000000000e+03,2.632468567753676325e-05,4.010920878499746323e-03
1.419000000000000000e+03,2.628240144986193627e-05,3.843477228656411171e-03
1.420000000000000000e+03,2.624061926326248795e-05,3.796875244006514549e-03
1.421000000000000000e+03,2.616494748508557677e-05,3.592196619138121605e-03
1.422000000000000000e+03,2.610443698358722031e-05,3.410647390410304070e-03
1.423000000000000000e+03,2.602196400403045118e-05,3.133887657895684242e-03
1.424000000000000000e+03,2.649130874488037080e-05,2.420583041384816170e-03
1.425000000000000000e+03,2.601242704258766025e-05,3.016741247847676277e-03
1.426000000000000000e+03,2.615347693790681660e-05,3.025206737220287323e-03
1.427000000000000000e+03,2.596707963675726205e-05,3.011744702234864235e-03
1.428000000000000000e+03,2.592027885839343071e-05,3.018464427441358566e-03
1.429000000000000000e+03,2.585882430139463395e-05,3.085436299443244934e-03
1.430000000000000000e+03,2.581134867796208709e-05,3.181326901540160179e-03
1.431000000000000000e+03,2.573644997028168291e-05,3.316777525469660759e-03
1.432000000000000000e+03,2.566679722804110497e-05,3.410845063626766205e-03
1.433000000000000000e+03,2.561598557804245502e-05,3.500004764646291733e-03
1.434000000000000000e+03,2.556869731051847339e-05,3.550208639353513718e-03
1.435000000000000000e+03,2.551667057559825480e-05,3.692346857860684395e-03
1.436000000000000000e+03,2.562521149229723960e-05,3.726885188370943069e-03
1.437000000000000000e+03,2.549452437961008400e-05,3.700467059388756752e-03
1.438000000000000000e+03,2.543744267313741148e-05,3.848956199362874031e-03
1.439000000000000000e+03,2.540961395425256342e-05,3.921397030353546143e-03
1.440000000000000000e+03,2.537137697800062597e-05,3.887735307216644287e-03
1.441000000000000000e+03,2.533000770199578255e-05,3.680688794702291489e-03
1.442000000000000000e+03,2.529909215809311718e-05,3.548664506524801254e-03
1.443000000000000000e+03,2.526979733374901116e-05,3.429017262533307076e-03
1.444000000000000000e+03,2.525180389056913555e-05,3.454527817666530609e-03
1.445000000000000000e+03,2.522094473533798009e-05,3.474676981568336487e-03
1.446000000000000000e+03,2.530936217226553708e-05,4.190684761852025986e-03
1.447000000000000000e+03,2.521048190828878433e-05,3.644274314865469933e-03
1.448000000000000000e+03,2.517746361263561994e-05,3.822357160970568657e-03
1.449000000000000000e+03,2.514679727028124034e-05,3.951170947402715683e-03
1.450000000000000000e+03,2.511383900127839297e-05,4.220413975417613983e-03
1.451000000000000000e+03,2.514025436539668590e-05,4.708020947873592377e-03
1.452000000000000000e+03,2.509470505174249411e-05,4.408021923154592514e-03
1.453000000000000000e+03,2.506547207303810865e-05,4.630687646567821503e-03
1.454000000000000000e+03,2.502455208741594106e-05,4.578780382871627808e-03
1.455000000000000000e+03,2.497682180546689779e-05,4.483975470066070557e-03
1.456000000000000000e+03,2.493678766768425703e-05,4.466155078262090683e-03
1.457000000000000000e+03,2.487850906618405133e-05,4.497717134654521942e-03
1.458000000000000000e+03,2.483270873199217021e-05,4.528308287262916565e-03
1.459000000000000000e+03,2.476092595316004008e-05,4.555026069283485413e-03
1.460000000000000000e+03,2.468466300342697650e-05,4.536070860922336578e-03
1.461000000000000000e+03,2.460908035573083907e-05,4.382071085274219513e-03
1.462000000000000000e+03,2.456685797369573265e-05,4.416611976921558380e-03
1.463000000000000000e+03,2.452025910315569490e-05,4.282576031982898712e-03
1.464000000000000000e+03,2.448312989145051688e-05,4.269991070032119751e-03
1.465000000000000000e+03,2.442355798848439008e-05,4.073763731867074966e-03
1.466000000000000000e+03,2.435271380818448961e-05,4.124467726796865463e-03
1.467000000000000000e+03,2.532441612856928259e-05,2.401142846792936325e-03
1.468000000000000000e+03,2.428766492812428623e-05,3.509479574859142303e-03
1.469000000000000000e+03,2.417543510091491044e-05,3.428261959925293922e-03
1.470000000000000000e+03,2.985008359246421605e-05,9.548857808113098145e-03
1.471000000000000000e+03,2.413864240224938840e-05,3.821835154667496681e-03
1.472000000000000000e+03,2.400146513537038118e-05,3.741911146789789200e-03
1.473000000000000000e+03,2.398948345216922462e-05,3.422986017540097237e-03
1.474000000000000000e+03,2.388871325820218772e-05,3.559261793270707130e-03
1.475000000000000000e+03,2.389491055510006845e-05,3.991886507719755173e-03
1.476000000000000000e+03,2.385831976425834000e-05,3.759258193895220757e-03
1.477000000000000000e+03,2.379107718297746032e-05,3.744978923350572586e-03
1.478000000000000000e+03,2.370891888858750463e-05,3.700413974002003670e-03
1.479000000000000000e+03,2.366221451666206121e-05,3.733335994184017181e-03
1.480000000000000000e+03,2.362746454309672117e-05,3.671105718240141869e-03
1.481000000000000000e+03,2.353167292312718928e-05,3.610047744587063789e-03
1.482000000000000000e+03,2.478953683748841286e-05,2.700315788388252258e-03
1.483000000000000000e+03,2.350627073610667139e-05,3.468153066933155060e-03
1.484000000000000000e+03,2.343777123314794153e-05,3.523370716720819473e-03
1.485000000000000000e+03,2.337940350116696209e-05,3.799194004386663437e-03
1.486000000000000000e+03,2.329664312128443271e-05,4.198225215077400208e-03
1.487000000000000000e+03,2.325254718016367406e-05,4.542678128927946091e-03
1.488000000000000000e+03,2.320418752788100392e-05,4.797544796019792557e-03
1.489000000000000000e+03,2.314291123184375465e-05,5.152921658009290695e-03
1.490000000000000000e+03,2.307893737452104688e-05,5.286445375531911850e-03
1.491000000000000000e+03,2.298930667166132480e-05,5.447036586701869965e-03
1.492000000000000000e+03,2.293243596795946360e-05,4.964962136000394821e-03
1.493000000000000000e+03,2.288151335960719734e-05,4.848228767514228821e-03
1.494000000000000000e+03,2.283524736412800848e-05,4.722971469163894653e-03
1.495000000000000000e+03,2.279516593262087554e-05,4.682996310293674469e-03
1.496000000000000000e+03,2.275388214911799878e-05,4.802854266017675400e-03
1.497000000000000000e+03,2.273001518915407360e-05,4.888351541012525558e-03
1.498000000000000000e+03,2.270374534418806434e-05,5.020204465836286545e-03
1.499000000000000000e+03,2.267595118610188365e-05,5.077403504401445389e-03
1.500000000000000000e+03,2.263845635752659291e-05,4.826853983104228973e-03
1.501000000000000000e+03,2.260767359985038638e-05,4.892634227871894836e-03
1.502000000000000000e+03,2.257014784845523536e-05,4.751013591885566711e-03
1.503000000000000000e+03,2.253096681670285761e-05,4.673146642744541168e-03
1.504000000000000000e+03,2.250425313832238317e-05,4.790919367223978043e-03
1.505000000000000000e+03,2.248500641144346446e-05,4.933780990540981293e-03
1.506000000000000000e+03,2.246998701593838632e-05,4.970554728060960770e-03
1.507000000000000000e+03,2.245221185148693621e-05,4.977707285434007645e-03
1.508000000000000000e+03,2.243718336103484035e-05,4.884497728198766708e-03
1.509000000000000000e+03,2.242496520921122283e-05,4.686883650720119476e-03
1.510000000000000000e+03,2.241507172584533691e-05,4.599487408995628357e-03
1.511000000000000000e+03,2.240609501313883811e-05,4.517568275332450867e-03
1.512000000000000000e+03,2.241411129944026470e-05,4.099441692233085632e-03
1.513000000000000000e+03,2.240139838249888271e-05,4.360247403383255005e-03
1.514000000000000000e+03,2.238838715129531920e-05,4.276599269360303879e-03
1.515000000000000000e+03,2.237630360468756407e-05,4.226380493491888046e-03
1.516000000000000000e+03,2.235468491562642157e-05,4.168700892478227615e-03
1.517000000000000000e+03,2.231981852673925459e-05,4.044696688652038574e-03
1.518000000000000000e+03,2.228201992693357170e-05,3.950578626245260239e-03
1.519000000000000000e+03,2.223720002803020179e-05,3.853738307952880859e-03
1.520000000000000000e+03,2.221073555119801313e-05,3.809836460277438164e-03
1.521000000000000000e+03,2.218930421804543585e-05,3.832360263913869858e-03
1.522000000000000000e+03,2.217004293925128877e-05,3.855947172269225121e-03
1.523000000000000000e+03,2.214328196714632213e-05,3.835866693407297134e-03
1.524000000000000000e+03,2.230770951427984983e-05,4.470555577427148819e-03
1.525000000000000000e+03,2.213487459812313318e-05,3.947642631828784943e-03
1.526000000000000000e+03,2.214627420471515507e-05,3.991485107690095901e-03
1.527000000000000000e+03,2.209619924542494118e-05,3.967461641877889633e-03
1.528000000000000000e+03,2.205583950853906572e-05,3.929749596863985062e-03
1.529000000000000000e+03,2.199332084273919463e-05,3.767260815948247910e-03
1.530000000000000000e+03,2.195158958784304559e-05,3.729869611561298370e-03
1.531000000000000000e+03,2.191242492699529976e-05,3.726091468706727028e-03
1.532000000000000000e+03,2.189647602790500969e-05,3.754145465791225433e-03
1.533000000000000000e+03,2.188470716646406800e-05,3.743242938071489334e-03
1.534000000000000000e+03,2.187130121455993503e-05,3.744885092601180077e-03
1.535000000000000000e+03,2.185132143495138735e-05,3.690628102049231529e-03
1.536000000000000000e+03,2.182042771892156452e-05,3.578691976144909859e-03
1.537000000000000000e+03,2.179076727770734578e-05,3.318852512165904045e-03
1.538000000000000000e+03,2.216218490502797067e-05,2.844057278707623482e-03
1.539000000000000000e+03,2.175396548409480602e-05,3.198923543095588684e-03
1.540000000000000000e+03,2.170333573303651065e-05,3.164743538945913315e-03
1.541000000000000000e+03,2.159006908186711371e-05,3.065395401790738106e-03
1.542000000000000000e+03,2.155383299395907670e-05,3.111810656264424324e-03
1.543000000000000000e+03,2.150035652448423207e-05,3.285836894065141678e-03
1.544000000000000000e+03,2.145689904864411801e-05,3.332393243908882141e-03
1.545000000000000000e+03,2.140699871233664453e-05,3.381485119462013245e-03
1.546000000000000000e+03,2.134667738573625684e-05,3.462850581854581833e-03
1.547000000000000000e+03,2.137336014129687101e-05,3.580229589715600014e-03
1.548000000000000000e+03,2.131019391526933759e-05,3.511779941618442535e-03
1.549000000000000000e+03,2.122963087458629161e-05,3.753071650862693787e-03
1.550000000000000000e+03,2.114757990057114512e-05,3.638218622654676437e-03
1.551000000000000000e+03,2.106391548295505345e-05,3.405818948522210121e-03
1.552000000000000000e+03,2.101820064126513898e-05,3.113966202363371849e-03
1.553000000000000000e+03,2.098146433127112687e-05,3.112289821729063988e-03
1.554000000000000000e+03,2.093488910759333521e-05,3.234772477298974991e-03
1.555000000000000000e+03,2.089861118292901665e-05,3.329525701701641083e-03
1.556000000000000000e+03,2.085541564156301320e-05,3.806160530075430870e-03
1.557000000000000000e+03,2.079926343867555261e-05,4.016517661511898041e-03
1.558000000000000000e+03,2.073017458315007389e-05,4.204396624118089676e-03
1.559000000000000000e+03,2.066984961857087910e-05,4.464008379727602005e-03
1.560000000000000000e+03,2.058050449704751372e-05,4.746026825159788132e-03
1.561000000000000000e+03,2.044563734671100974e-05,4.978717770427465439e-03
1.562000000000000000e+03,2.034932549577206373e-05,5.021147429943084717e-03
1.563000000000000000e+03,2.030248469964135438e-05,4.811784252524375916e-03
1.564000000000000000e+03,2.025600406341254711e-05,4.756194539368152618e-03
1.565000000000000000e+03,2.022241460508666933e-05,4.785045515745878220e-03
1.566000000000000000e+03,2.017011865973472595e-05,4.810012411326169968e-03
1.567000000000000000e+03,2.011397373280487955e-05,4.731211811304092407e-03
1.568000000000000000e+03,2.006268914556130767e-05,4.634622484445571899e-03
1.569000000000000000e+03,2.003069675993174314e-05,4.476748872548341751e-03
1.570000000000000000e+03,1.999760752369184047e-05,4.303180146962404251e-03
1.571000000000000000e+03,1.996524224523454905e-05,4.065519664436578751e-03
1.572000000000000000e+03,1.992876968870405108e-05,3.708257339894771576e-03
1.573000000000000000e+03,1.990080272662453353e-05,3.559524659067392349e-03
1.574000000000000000e+03,1.987387622648384422e-05,3.187684807926416397e-03
1.575000000000000000e+03,1.984948175959289074e-05,3.317820141091942787e-03
1.576000000000000000e+03,1.983810761885251850e-05,3.355393884703516960e-03
1.577000000000000000e+03,1.983074434974696487e-05,3.313375636935234070e-03
1.578000000000000000e+03,1.980580236704554409e-05,3.176929894834756851e-03
1.579000000000000000e+03,1.976672137971036136e-05,2.993966219946742058e-03
1.580000000000000000e+03,1.973843609448522329e-05,2.692341338843107224e-03
1.581000000000000000e+03,1.970543962670490146e-05,2.739782910794019699e-03
1.582000000000000000e+03,1.965548472071532160e-05,2.851572120562195778e-03
1.583000000000000000e+03,1.963430258911103010e-05,2.906116424128413200e-03
1.584000000000000000e+03,2.013240919040981680e-05,3.987029660493135452e-03
1.585000000000000000e+03,1.961587440746370703e-05,3.063258249312639236e-03
1.586000000000000000e+03,1.958781285793520510e-05,3.028969280421733856e-03
1.587000000000000000e+03,1.955632797034922987e-05,3.039794275537133217e-03
1.588000000000000000e+03,1.953280661837197840e-05,3.141894936561584473e-03
1.589000000000000000e+03,1.951153535628691316e-05,3.296812530606985092e-03
1.590000000000000000e+03,1.949739998963195831e-05,3.428303403779864311e-03
1.591000000000000000e+03,1.948464887391310185e-05,3.509194590151309967e-03
1.592000000000000000e+03,1.946733755175955594e-05,3.612415399402379990e-03
1.593000000000000000e+03,1.945438816619571298e-05,3.557149553671479225e-03
1.594000000000000000e+03,1.946461998159065843e-05,4.122873302549123764e-03
1.595000000000000000e+03,1.944392533914651722e-05,3.786237211897969246e-03
1.596000000000000000e+03,1.942223389050923288e-05,3.926475066691637039e-03
1.597000000000000000e+03,1.938458444783464074e-05,4.142762161791324615e-03
1.598000000000000000e+03,1.936081753228791058e-05,4.258910194039344788e-03
1.599000000000000000e+03,1.933071689563803375e-05,4.319177940487861633e-03
1.600000000000000000e+03,1.930643156811129302e-05,4.371376242488622665e-03
1.601000000000000000e+03,1.928843084897380322e-05,4.144070204347372055e-03
1.602000000000000000e+03,1.926781078509520739e-05,4.012864083051681519e-03
1.603000000000000000e+03,1.924555908772163093e-05,3.828144399449229240e-03
1.604000000000000000e+03,1.922037517942953855e-05,3.489687573164701462e-03
1.605000000000000000e+03,1.920265276567079127e-05,3.492823103442788124e-03
1.606000000000000000e+03,1.917736517498269677e-05,3.360341535881161690e-03
1.607000000000000000e+03,1.913403684739023447e-05,3.278740914538502693e-03
1.608000000000000000e+03,1.909551065182313323e-05,3.224728396162390709e-03
1.609000000000000000e+03,1.904468081193044782e-05,3.176353638991713524e-03
1.610000000000000000e+03,1.902742405945900828e-05,2.930528717115521431e-03
1.611000000000000000e+03,1.899406561278738081e-05,3.015807364135980606e-03
1.612000000000000000e+03,1.897886613733135164e-05,3.110545221716165543e-03
1.613000000000000000e+03,1.895788773254025728e-05,3.109030425548553467e-03
1.614000000000000000e+03,1.890599196485709399e-05,2.977002877742052078e-03
1.615000000000000000e+03,1.885249912447761744e-05,2.943472936749458313e-03
1.616000000000000000e+03,1.880600393633358181e-05,2.767500234767794609e-03
1.617000000000000000e+03,1.876227543107233942e-05,2.610890660434961319e-03
1.618000000000000000e+03,1.873160545073915273e-05,2.582143759354948997e-03
1.619000000000000000e+03,1.890552266559097916e-05,2.609074348583817482e-03
1.620000000000000000e+03,1.870288724603597075e-05,2.586959162726998329e-03
1.621000000000000000e+03,1.866741331468801945e-05,2.613409422338008881e-03
1.622000000000000000e+03,1.862871067714877427e-05,2.656724536791443825e-03
1.623000000000000000e+03,1.860824886534828693e-05,2.710687229409813881e-03
1.624000000000000000e+03,1.857975621533114463e-05,2.676719333976507187e-03
1.625000000000000000e+03,1.855125083238817751e-05,2.555545419454574585e-03
1.626000000000000000e+03,1.874745430541224778e-05,2.087513683363795280e-03
1.627000000000000000e+03,1.853868161560967565e-05,2.440966432914137840e-03
1.628000000000000000e+03,1.849837281042709947e-05,2.378812991082668304e-03
1.629000000000000000e+03,1.847004932642448694e-05,2.291989978402853012e-03
1.630000000000000000e+03,1.843289464886765927e-05,2.241072943434119225e-03
1.631000000000000000e+03,1.837840318330563605e-05,2.200347371399402618e-03
1.632000000000000000e+03,1.834167960623744875e-05,2.172966254875063896e-03
1.633000000000000000e+03,1.831221925385762006e-05,2.156761940568685532e-03
1.634000000000000000e+03,1.829280881793238223e-05,2.116192132234573364e-03
1.635000000000000000e+03,1.828122913138940930e-05,2.120534656569361687e-03
1.636000000000000000e+03,1.827391679398715496e-05,2.109608845785260201e-03
1.637000000000000000e+03,1.826579864427912980e-05,2.068978268653154373e-03
1.638000000000000000e+03,1.847468593041412532e-05,2.473619068041443825e-03
1.639000000000000000e+03,1.826269908633548766e-05,2.099376637488603592e-03
1.640000000000000000e+03,1.825461913540493697e-05,2.069439506158232689e-03
1.641000000000000000e+03,1.824707578634843230e-05,1.965776085853576660e-03
1.642000000000000000e+03,1.824251557991374284e-05,1.986797433346509933e-03
1.643000000000000000e+03,1.821847217797767371e-05,2.014090307056903839e-03
1.644000000000000000e+03,1.820062971091829240e-05,2.056116005405783653e-03
1.645000000000000000e+03,1.817074553400743753e-05,2.146492479369044304e-03
1.646000000000000000e+03,1.816302392398938537e-05,2.167435362935066223e-03
1.647000000000000000e+03,1.813287235563620925e-05,2.345024375244975090e-03
1.648000000000000000e+03,1.811693618947174400e-05,2.513955812901258469e-03
1.649000000000000000e+03,1.810344292607624084e-05,2.671907888725399971e-03
1.650000000000000000e+03,1.808681190595962107e-05,2.772254170849919319e-03
1.651000000000000000e+03,1.806830186978913844e-05,2.779525471851229668e-03
1.652000000000000000e+03,1.805086139938794076e-05,2.711056265980005264e-03
1.653000000000000000e+03,1.804157363949343562e-05,2.490267157554626465e-03
1.654000000000000000e+03,1.799598430807236582e-05,2.497243462130427361e-03
1.655000000000000000e+03,1.796360083972103894e-05,2.444953424856066704e-03
1.656000000000000000e+03,1.793658702808897942e-05,2.331120893359184265e-03
1.657000000000000000e+03,1.791109934856649488e-05,2.225917065516114235e-03
1.658000000000000000e+03,1.806303407647646964e-05,2.501706359907984734e-03
1.659000000000000000e+03,1.790156602510251105e-05,2.272730693221092224e-03
1.660000000000000000e+03,1.784701635187957436e-05,2.016384853050112724e-03
1.661000000000000000e+03,1.780296770448330790e-05,1.938999514095485210e-03
1.662000000000000000e+03,1.770784547261428088e-05,1.859045471064746380e-03
1.663000000000000000e+03,1.768601032381411642e-05,1.854511094279587269e-03
1.664000000000000000e+03,1.765578599588479847e-05,1.857433817349374294e-03
1.665000000000000000e+03,1.763211184879764915e-05,1.855115406215190887e-03
1.666000000000000000e+03,1.761495150276459754e-05,1.858647214248776436e-03
1.667000000000000000e+03,1.760085433488711715e-05,1.869771163910627365e-03
1.668000000000000000e+03,1.758966573106590658e-05,1.872626715339720249e-03
1.669000000000000000e+03,1.757905374688562006e-05,1.866935519501566887e-03
1.670000000000000000e+03,1.756613528414163738e-05,1.838802592828869820e-03
1.671000000000000000e+03,1.755381344992201775e-05,1.798003097064793110e-03
1.672000000000000000e+03,1.769579466781578958e-05,1.665127696469426155e-03
1.673000000000000000e+03,1.753838478180114180e-05,1.752714859321713448e-03
1.674000000000000000e+03,1.750842784531414509e-05,1.750696566887199879e-03
1.675000000000000000e+03,1.745420740917325020e-05,1.731207943521440029e-03
1.676000000000000000e+03,1.743900975270662457e-05,1.732327393256127834e-03
1.677000000000000000e+03,1.739417348289862275e-05,1.754388562403619289e-03
1.678000000000000000e+03,1.733682984195183963e-05,1.825232990086078644e-03
1.679000000000000000e+03,1.727082599245477468e-05,1.806293963454663754e-03
1.680000000000000000e+03,1.723075729387346655e-05,1.808608300052583218e-03
1.681000000000000000e+03,1.719892861729022115e-05,1.800932106561958790e-03
1.682000000000000000e+03,1.718079874990507960e-05,1.791309448890388012e-03
1.683000000000000000e+03,1.715516555123031139e-05,1.790058799088001251e-03
1.684000000000000000e+03,1.712708581180777401e-05,1.774833071976900101e-03
1.685000000000000000e+03,1.709791649773251265e-05,1.807629596441984177e-03
1.686000000000000000e+03,1.707374394754879177e-05,1.815334195271134377e-03
1.687000000000000000e+03,1.702278132142964751e-05,1.839267439208924770e-03
1.688000000000000000e+03,1.696055187494494021e-05,1.897789770737290382e-03
1.689000000000000000e+03,1.690896169748157263e-05,1.902107615023851395e-03
1.690000000000000000e+03,1.696775507298298180e-05,1.895927591249346733e-03
1.691000000000000000e+03,1.688156226009596139e-05,1.893226522952318192e-03
1.692000000000000000e+03,1.682370748312678188e-05,1.836438314057886600e-03
1.693000000000000000e+03,1.680031164141837507e-05,1.936065382324159145e-03
1.694000000000000000e+03,1.677612453931942582e-05,1.982016488909721375e-03
1.695000000000000000e+03,1.676383908488787711e-05,1.963904360309243202e-03
1.696000000000000000e+03,1.674210579949431121e-05,1.966590294614434242e-03
1.697000000000000000e+03,1.670730853220447898e-05,1.947599812410771847e-03
1.698000000000000000e+03,1.667792275839019567e-05,1.911630504764616489e-03
1.699000000000000000e+03,1.664533556322567165e-05,1.860667136497795582e-03
1.700000000000000000e+03,2.055778713838662952e-05,2.132612513378262520e-03
1.701000000000000000e+03,1.663057810219470412e-05,1.861541066318750381e-03
1.702000000000000000e+03,1.659901136008556932e-05,1.861965516582131386e-03
1.703000000000000000e+03,1.652066930546425283e-05,1.848532003350555897e-03
1.704000000000000000e+03,1.649329897190909833e-05,1.870855689048767090e-03
1.705000000000000000e+03,1.646535929467063397e-05,1.972750062122941017e-03
1.706000000000000000e+03,1.643725590838585049e-05,2.114713424816727638e-03
1.707000000000000000e+03,1.641106427996419370e-05,2.164514968171715736e-03
1.708000000000000000e+03,1.638829598960001022e-05,2.130288165062665939e-03
1.709000000000000000e+03,1.637741843296680599e-05,2.233962528407573700e-03
1.710000000000000000e+03,1.649652767810039222e-05,2.178777474910020828e-03
1.711000000000000000e+03,1.636063825571909547e-05,2.215751446783542633e-03
1.712000000000000000e+03,1.633646388654597104e-05,2.079146215692162514e-03
1.713000000000000000e+03,1.631131090107373893e-05,2.061608247458934784e-03
1.714000000000000000e+03,1.635406624700408429e-05,1.929276972077786922e-03
1.715000000000000000e+03,1.629213693377096206e-05,2.010331721976399422e-03
1.716000000000000000e+03,1.625165532459504902e-05,2.160729141905903816e-03
1.717000000000000000e+03,1.622473610041197389e-05,2.212773310020565987e-03
1.718000000000000000e+03,1.617258749320171773e-05,2.341766841709613800e-03
1.719000000000000000e+03,1.614496068214066327e-05,2.283504931256175041e-03
1.720000000000000000e+03,1.611959669389761984e-05,2.233424223959445953e-03
1.721000000000000000e+03,1.860458905866835266e-05,3.123293397948145866e-03
1.722000000000000000e+03,1.610893377801403403e-05,2.265019109472632408e-03
1.723000000000000000e+03,1.608825914445333183e-05,2.271417761221528053e-03
1.724000000000000000e+03,1.607124431757256389e-05,2.368881134316325188e-03
1.725000000000000000e+03,1.606249497854150832e-05,2.376724500209093094e-03
1.726000000000000000e+03,1.605175566510297358e-05,2.445042133331298828e-03
1.727000000000000000e+03,1.604430508450604975e-05,2.459885785356163979e-03
1.728000000000000000e+03,1.604177850822452456e-05,2.433507237583398819e-03
1.729000000000000000e+03,1.603002237970940769e-05,2.372872782871127129e-03
1.730000000000000000e+03,1.601829899300355464e-05,2.231457037851214409e-03
1.731000000000000000e+03,1.612434789421968162e-05,2.607503207400441170e-03
1.732000000000000000e+03,1.601022813702002168e-05,2.305871807038784027e-03
1.733000000000000000e+03,1.600126961420755833e-05,2.368992427363991737e-03
1.734000000000000000e+03,1.598239396116696298e-05,2.554334234446287155e-03
1.735000000000000000e+03,1.596608672116417438e-05,2.695573726668953896e-03
1.736000000000000000e+03,1.593521119502838701e-05,2.905056811869144440e-03
1.737000000000000000e+03,1.590715328347869217e-05,2.980904188007116318e-03
1.738000000000000000e+03,1.588388477102853358e-05,2.945476677268743515e-03
1.739000000000000000e+03,1.586318830959498882e-05,2.823882503435015678e-03
1.740000000000000000e+03,1.583839366503525525e-05,2.691086614504456520e-03
1.741000000000000000e+03,1.581046126375440508e-05,2.481684321537613869e-03
1.742000000000000000e+03,1.612240885151550174e-05,2.048620954155921936e-03
1.743000000000000000e+03,1.579866329848300666e-05,2.395283896476030350e-03
1.744000000000000000e+03,1.577279181219637394e-05,2.347967354580760002e-03
1.745000000000000000e+03,1.572390101500786841e-05,2.266327850520610809e-03
1.746000000000000000e+03,1.589753810549154878e-05,1.813613460399210453e-03
1.747000000000000000e+03,1.571477332618087530e-05,2.158358693122863770e-03
1.748000000000000000e+03,1.566991522850003093e-05,1.825244631618261337e-03
1.749000000000000000e+03,1.561453609610907733e-05,1.854329602792859077e-03
1.750000000000000000e+03,1.557927316753193736e-05,1.870990032330155373e-03
1.751000000000000000e+03,1.554160553496330976e-05,1.859581796452403069e-03
1.752000000000000000e+03,1.552010871819220483e-05,1.872316352091729641e-03
1.753000000000000000e+03,1.549130865896586329e-05,1.917938119731843472e-03
1.754000000000000000e+03,1.545597478980198503e-05,2.029711846262216568e-03
1.755000000000000000e+03,1.540063385618850589e-05,2.139344345778226852e-03
1.756000000000000000e+03,1.535713272460270673e-05,2.167155500501394272e-03
1.757000000000000000e+03,1.532263377157505602e-05,2.111640758812427521e-03
1.758000000000000000e+03,1.529060136817861348e-05,2.037247875705361366e-03
1.759000000000000000e+03,1.524811614217469469e-05,2.021864987909793854e-03
1.760000000000000000e+03,1.518505177955375984e-05,2.117650117725133896e-03
1.761000000000000000e+03,1.521506328572286293e-05,2.251896075904369354e-03
1.762000000000000000e+03,1.516101201559649780e-05,2.166948746889829636e-03
1.763000000000000000e+03,1.512178005214082077e-05,2.357468940317630768e-03
1.764000000000000000e+03,1.510101265012053773e-05,2.548448508605360985e-03
1.765000000000000000e+03,1.508405330241657794e-05,2.615449484437704086e-03
1.766000000000000000e+03,1.505980981164611876e-05,2.587509574368596077e-03
1.767000000000000000e+03,1.503416388004552573e-05,2.430150052532553673e-03
1.768000000000000000e+03,1.499400514148874208e-05,2.316152676939964294e-03
1.769000000000000000e+03,1.496342429163632914e-05,2.214554930105805397e-03
1.770000000000000000e+03,1.492616138420999050e-05,2.193266060203313828e-03
1.771000000000000000e+03,1.489883470640052110e-05,2.129059052094817162e-03
1.772000000000000000e+03,1.487426288804272190e-05,2.179026370868086815e-03
1.773000000000000000e+03,1.485559096181532368e-05,2.210414735600352287e-03
1.774000000000000000e+03,1.484639687987510115e-05,2.253745449706912041e-03
1.775000000000000000e+03,1.482695279264589772e-05,2.083190949633717537e-03
1.776000000000000000e+03,1.508579225628636777e-05,2.713891677558422089e-03
1.777000000000000000e+03,1.480597802583361045e-05,2.204322721809148788e-03
1.778000000000000000e+03,1.477779096603626385e-05,2.019538078457117081e-03
1.779000000000000000e+03,1.474787950428435579e-05,1.835064613260328770e-03
1.780000000000000000e+03,1.472868279961403459e-05,1.826388062909245491e-03
1.781000000000000000e+03,1.469710787205258384e-05,1.818021992221474648e-03
1.782000000000000000e+03,1.466817047912627459e-05,1.908415113575756550e-03
1.783000000000000000e+03,1.463592070649610832e-05,1.956869382411241531e-03
1.784000000000000000e+03,1.462715590605512261e-05,2.121635945513844490e-03
1.785000000000000000e+03,1.459390296076890081e-05,2.270739991217851639e-03
1.786000000000000000e+03,1.455955498386174440e-05,2.128967549651861191e-03
1.787000000000000000e+03,1.454377888876479119e-05,2.148278057575225830e-03
1.788000000000000000e+03,1.451747357350541279e-05,2.306548645719885826e-03
1.789000000000000000e+03,1.449754472560016438e-05,2.531143138185143471e-03
1.790000000000000000e+03,1.447930480935610831e-05,2.851093886420130730e-03
1.791000000000000000e+03,1.445917951059527695e-05,3.124100854620337486e-03
1.792000000000000000e+03,1.444782719772774726e-05,3.309163963422179222e-03
1.793000000000000000e+03,1.447727026970824227e-05,3.129455028101801872e-03
1.794000000000000000e+03,1.444007466488983482e-05,3.249021712690591812e-03
1.795000000000000000e+03,1.443054679839406163e-05,3.082991112023591995e-03
1.796000000000000000e+03,1.441231052012881264e-05,2.678786171600222588e-03
1.797000000000000000e+03,1.439827519789105281e-05,2.644511172547936440e-03
1.798000000000000000e+03,1.437929222447564825e-05,2.385848201811313629e-03
1.799000000000000000e+03,1.437050468666711822e-05,2.377900062128901482e-03
1.800000000000000000e+03,1.435494414181448519e-05,2.407258143648505211e-03
1.801000000000000000e+03,1.433693887520348653e-05,2.489359583705663681e-03
1.802000000000000000e+03,1.432243425369961187e-05,2.549263415858149529e-03
1.803000000000000000e+03,1.431651435268577188e-05,2.503087744116783142e-03
1.804000000000000000e+03,1.429538315278477967e-05,2.673404291272163391e-03
1.805000000000000000e+03,1.428555788152152672e-05,2.622728934511542320e-03
1.806000000000000000e+03,1.429537405783776194e-05,2.485170029103755951e-03
1.807000000000000000e+03,1.427707047696458176e-05,2.566401613876223564e-03
1.808000000000000000e+03,1.426364997314522043e-05,2.438816009089350700e-03
1.809000000000000000e+03,1.425434129487257451e-05,2.346826717257499695e-03
1.810000000000000000e+03,1.424212860001716763e-05,2.252892591059207916e-03
1.811000000000000000e+03,1.422721015842398629e-05,2.207360928878188133e-03
1.812000000000000000e+03,1.421788147126790136e-05,2.186811063438653946e-03
1.813000000000000000e+03,1.421052638761466369e-05,2.137629548087716103e-03
1.814000000000000000e+03,1.420375610905466601e-05,2.096780110150575638e-03
1.815000000000000000e+03,1.419686668668873608e-05,2.082144143059849739e-03
1.816000000000000000e+03,1.418292868038406596e-05,1.960103865712881088e-03
1.817000000000000000e+03,1.431350665370700881e-05,2.407601336017251015e-03
1.818000000000000000e+03,1.417715884599601850e-05,2.024316927418112755e-03
1.819000000000000000e+03,1.416163922840496525e-05,2.018155995756387711e-03
1.820000000000000000e+03,1.414367125107673928e-05,2.079701982438564301e-03
1.821000000000000000e+03,1.412227084074402228e-05,2.214729320257902145e-03
1.822000000000000000e+03,1.408020580129232258e-05,2.325579756870865822e-03
1.823000000000000000e+03,1.403211899742018431e-05,2.822592854499816895e-03
1.824000000000000000e+03,1.397365940647432581e-05,2.752644242718815804e-03
1.825000000000000000e+03,1.390988654748070985e-05,2.672963077202439308e-03
1.826000000000000000e+03,1.389002318319398910e-05,2.774362917989492416e-03
1.827000000000000000e+03,1.386557869409443811e-05,2.784707117825746536e-03
1.828000000000000000e+03,1.384115330438362435e-05,2.849613782018423080e-03
1.829000000000000000e+03,1.378778142679948360e-05,2.985894447192549706e-03
1.830000000000000000e+03,1.382668688165722415e-05,3.516467055305838585e-03
1.831000000000000000e+03,1.375394276692532003e-05,3.199123777449131012e-03
1.832000000000000000e+03,1.372140468447469175e-05,3.398598404601216316e-03
1.833000000000000000e+03,1.370124664390459657e-05,3.461348824203014374e-03
1.834000000000000000e+03,1.368731955153634772e-05,3.492260817438364029e-03
1.835000000000000000e+03,1.366344804409891367e-05,3.557176096364855766e-03
1.836000000000000000e+03,1.363093451800523326e-05,3.651043400168418884e-03
1.837000000000000000e+03,1.437683113181265071e-05,6.619584280997514725e-03
1.838000000000000000e+03,1.361962677037809044e-05,3.959510009735822678e-03
1.839000000000000000e+03,1.359082216367824003e-05,4.090784117579460144e-03
1.840000000000000000e+03,1.356021584797417745e-05,4.058553371578454971e-03
1.841000000000000000e+03,1.353634979750495404e-05,4.222705960273742676e-03
1.842000000000000000e+03,1.351961509499233216e-05,4.383408464491367340e-03
1.843000000000000000e+03,1.351106766378507018e-05,4.358546342700719833e-03
1.844000000000000000e+03,1.350350430584512651e-05,4.304676316678524017e-03
1.845000000000000000e+03,1.349241301795700565e-05,4.128699656575918198e-03
1.846000000000000000e+03,1.347962370346067473e-05,4.028929863125085831e-03
1.847000000000000000e+03,1.346524095424683765e-05,3.977717831730842590e-03
1.848000000000000000e+03,1.346014596492750570e-05,4.119370598345994949e-03
1.849000000000000000e+03,1.375877673126524314e-05,3.877748036757111549e-03
1.850000000000000000e+03,1.345726195722818375e-05,4.097095690667629242e-03
1.851000000000000000e+03,1.345382406725548208e-05,4.079977050423622131e-03
1.852000000000000000e+03,1.345051714451983571e-05,4.094023257493972778e-03
1.853000000000000000e+03,1.344626434729434550e-05,4.127583932131528854e-03
1.854000000000000000e+03,1.343766871286788955e-05,4.212339874356985092e-03
1.855000000000000000e+03,1.343305666523519903e-05,4.292586352676153183e-03
1.856000000000000000e+03,1.342324594588717446e-05,4.305609036237001419e-03
1.857000000000000000e+03,1.341191637038718909e-05,4.295553080737590790e-03
1.858000000000000000e+03,1.340135077043669298e-05,4.255053121596574783e-03
1.859000000000000000e+03,1.339290884061483666e-05,4.015061538666486740e-03
1.860000000000000000e+03,1.339692789770197123e-05,4.110346082597970963e-03
1.861000000000000000e+03,1.338434503850294277e-05,4.057956859469413757e-03
1.862000000000000000e+03,1.337434059678344056e-05,3.999601118266582489e-03
1.863000000000000000e+03,1.335821161774219945e-05,3.788530593737959862e-03
1.864000000000000000e+03,1.334636272076750174e-05,3.595737507566809654e-03
1.865000000000000000e+03,1.332693955191643909e-05,3.278163028880953789e-03
1.866000000000000000e+03,1.330673330812714994e-05,3.018278395757079124e-03
1.867000000000000000e+03,1.329300357610918581e-05,2.893875120207667351e-03
1.868000000000000000e+03,1.328120561083778739e-05,2.915324177592992783e-03
1.869000000000000000e+03,1.326635810983134434e-05,2.961502643302083015e-03
1.870000000000000000e+03,1.324945242231478915e-05,2.994030015543103218e-03
1.871000000000000000e+03,1.322887965216068551e-05,2.962709171697497368e-03
1.872000000000000000e+03,1.321410127275157720e-05,2.839563181623816490e-03
1.873000000000000000e+03,1.320356932410504669e-05,2.801724476739764214e-03
1.874000000000000000e+03,1.319139209954300895e-05,2.835209714248776436e-03
1.875000000000000000e+03,1.318460454058367759e-05,2.950992435216903687e-03
1.876000000000000000e+03,1.317828264291165397e-05,3.135460894554853439e-03
1.877000000000000000e+03,1.316974885412491858e-05,3.284173086285591125e-03
1.878000000000000000e+03,1.315749250352382660e-05,3.475452307611703873e-03
1.879000000000000000e+03,1.314279415964847431e-05,3.603460267186164856e-03
1.880000000000000000e+03,1.311761207034578547e-05,3.579300362616777420e-03
1.881000000000000000e+03,1.328680718870600685e-05,4.692709539085626602e-03
1.882000000000000000e+03,1.310915467911399901e-05,3.778557293117046356e-03
1.883000000000000000e+03,1.308806804445339367e-05,3.672312945127487183e-03
1.884000000000000000e+03,1.306424746871925890e-05,3.454914083704352379e-03
1.885000000000000000e+03,1.305431305809179321e-05,3.517948323860764503e-03
1.886000000000000000e+03,1.304559827985940501e-05,3.513651434332132339e-03
1.887000000000000000e+03,1.304104625887703151e-05,3.526027314364910126e-03
1.888000000000000000e+03,1.303693534282501787e-05,3.564058803021907806e-03
1.889000000000000000e+03,1.303257431573001668e-05,3.591032000258564949e-03
1.890000000000000000e+03,1.302430337091209367e-05,3.615995636209845543e-03
1.891000000000000000e+03,1.301393876929068938e-05,3.577272407710552216e-03
1.892000000000000000e+03,1.300027452089125291e-05,3.557854332029819489e-03
1.893000000000000000e+03,1.307351885770913213e-05,3.339746966958045959e-03
1.894000000000000000e+03,1.299663745157886297e-05,3.513592295348644257e-03
1.895000000000000000e+03,1.298556890105828643e-05,3.496574237942695618e-03
1.896000000000000000e+03,1.297613198403269053e-05,3.534391289576888084e-03
1.897000000000000000e+03,1.296521895710611716e-05,3.611027495935559273e-03
1.898000000000000000e+03,1.295220226893434301e-05,3.838674863800406456e-03
1.899000000000000000e+03,1.294199864787515253e-05,3.895241068676114082e-03
1.900000000000000000e+03,1.292852994083659723e-05,4.024575930088758469e-03
1.901000000000000000e+03,1.302014061366207898e-05,3.939575981348752975e-03
1.902000000000000000e+03,1.292257911700289696e-05,4.006262402981519699e-03
1.903000000000000000e+03,1.290579984924988821e-05,3.933763597160577774e-03
1.904000000000000000e+03,1.289236388402059674e-05,4.033627454191446304e-03
1.905000000000000000e+03,1.288620023842668161e-05,3.466104622930288315e-03
1.906000000000000000e+03,1.285662892769323662e-05,3.907121252268552780e-03
1.907000000000000000e+03,1.283356687054038048e-05,4.148895852267742157e-03
1.908000000000000000e+03,1.281315235246438533e-05,4.377795383334159851e-03
1.909000000000000000e+03,1.279484240512829274e-05,4.510655999183654785e-03
1.910000000000000000e+03,1.275888007512548938e-05,4.698503296822309494e-03
1.911000000000000000e+03,1.272811459784861654e-05,4.625599831342697144e-03
1.912000000000000000e+03,1.270282882614992559e-05,4.431281238794326782e-03
1.913000000000000000e+03,1.266701474378351122e-05,4.462621640413999557e-03
1.914000000000000000e+03,1.264194997929735109e-05,4.387039225548505783e-03
1.915000000000000000e+03,1.261658690054900944e-05,4.120076075196266174e-03
1.916000000000000000e+03,1.259794498764676973e-05,3.976182546466588974e-03
1.917000000000000000e+03,1.256789528270019218e-05,3.751159878447651863e-03
1.918000000000000000e+03,1.254878225154243410e-05,3.651662264019250870e-03
1.919000000000000000e+03,1.252218680747319013e-05,3.586088307201862335e-03
1.920000000000000000e+03,1.251128924195654690e-05,3.583532990887761116e-03
1.921000000000000000e+03,1.250422428711317480e-05,3.575661685317754745e-03
1.922000000000000000e+03,1.249303295480785891e-05,3.515973920002579689e-03
1.923000000000000000e+03,1.286660699406638741e-05,3.402066184207797050e-03
1.924000000000000000e+03,1.247418731509242207e-05,3.486232366412878036e-03
1.925000000000000000e+03,1.245470411959104240e-05,3.268713131546974182e-03
1.926000000000000000e+03,1.243311271537095308e-05,3.001951146870851517e-03
1.927000000000000000e+03,1.240728215634590015e-05,3.139081876724958420e-03
1.928000000000000000e+03,1.238341974385548383e-05,3.230044618248939514e-03
1.929000000000000000e+03,1.235645686392672360e-05,3.363567870110273361e-03
1.930000000000000000e+03,1.234152568940771744e-05,3.468375653028488159e-03
1.931000000000000000e+03,1.231956775882281363e-05,3.601890057325363159e-03
1.932000000000000000e+03,1.228338715009158477e-05,3.628145204856991768e-03
1.933000000000000000e+03,1.225842061103321612e-05,3.650858765468001366e-03
1.934000000000000000e+03,1.224207608174765483e-05,3.579064505174756050e-03
1.935000000000000000e+03,1.223351137014105916e-05,3.502371953800320625e-03
1.936000000000000000e+03,1.222585615323623642e-05,3.446988528594374657e-03
1.937000000000000000e+03,1.220778722199611366e-05,3.332669148221611977e-03
1.938000000000000000e+03,1.218878878717077896e-05,3.202483290806412697e-03
1.939000000000000000e+03,1.217344561155186966e-05,3.079710528254508972e-03
1.940000000000000000e+03,1.217051431012805551e-05,2.980345860123634338e-03
1.941000000000000000e+03,1.215276279253885150e-05,3.125768154859542847e-03
1.942000000000000000e+03,1.214000894833588973e-05,3.176460275426506996e-03
1.943000000000000000e+03,1.211437302117701620e-05,3.351558931171894073e-03
1.944000000000000000e+03,1.210107984661590308e-05,3.445985261350870132e-03
1.945000000000000000e+03,1.209300899063237011e-05,3.478836268186569214e-03
1.946000000000000000e+03,1.208713638334302232e-05,3.503979882225394249e-03
1.947000000000000000e+03,1.208052890433464199e-05,3.537045093253254890e-03
1.948000000000000000e+03,1.205939315696014091e-05,3.516573924571275711e-03
1.949000000000000000e+03,1.206897286465391517e-05,3.728036303073167801e-03
1.950000000000000000e+03,1.204507407237542793e-05,3.607415361329913139e-03
1.951000000000000000e+03,1.206358410854591057e-05,3.588844789192080498e-03
1.952000000000000000e+03,1.202788644150132313e-05,3.598209703341126442e-03
1.953000000000000000e+03,1.200505903398152441e-05,3.559206379577517509e-03
1.954000000000000000e+03,1.197722940560197458e-05,3.655794775113463402e-03
1.955000000000000000e+03,1.195921504404395819e-05,3.741238964721560478e-03
1.956000000000000000e+03,1.194572996610077098e-05,3.914117347449064255e-03
1.957000000000000000e+03,1.193925527331884950e-05,3.979674540460109711e-03
1.958000000000000000e+03,1.193462048831861466e-05,4.058883991092443466e-03
1.959000000000000000e+03,1.193038224300835282e-05,4.085666500031948090e-03
1.960000000000000000e+03,1.192356558021856472e-05,4.116903990507125854e-03
1.961000000000000000e+03,1.201231680170167238e-05,4.041453823447227478e-03
1.962000000000000000e+03,1.192182480735937133e-05,4.106990527361631393e-03
1.963000000000000000e+03,1.191170122183393687e-05,4.160206299275159836e-03
1.964000000000000000e+03,1.189763315778691322e-05,4.214040935039520264e-03
1.965000000000000000e+03,1.188735222967807204e-05,4.222085699439048767e-03
1.966000000000000000e+03,1.187822726933518425e-05,4.235544707626104355e-03
1.967000000000000000e+03,1.186714416689937934e-05,4.210646264255046844e-03
1.968000000000000000e+03,1.186760982818668708e-05,4.360995255410671234e-03
1.969000000000000000e+03,1.185907785838935524e-05,4.283685702830553055e-03
1.970000000000000000e+03,1.184079701488371938e-05,4.186713136732578278e-03
1.971000000000000000e+03,1.182483720185700804e-05,4.121608566492795944e-03
1.972000000000000000e+03,1.181040443043457344e-05,4.052797332406044006e-03
1.973000000000000000e+03,1.180153321911348030e-05,3.999411594122648239e-03
1.974000000000000000e+03,1.179159153252840042e-05,3.966864198446273804e-03
1.975000000000000000e+03,1.178137699753278866e-05,3.939438611268997192e-03
1.976000000000000000e+03,1.176870591734768823e-05,3.886624937877058983e-03
1.977000000000000000e+03,1.176421210402622819e-05,3.893161891028285027e-03
1.978000000000000000e+03,1.175931720354128629e-05,3.830088768154382706e-03
1.979000000000000000e+03,1.175065699499100447e-05,4.054865799844264984e-03
1.980000000000000000e+03,1.174168664874741808e-05,4.089416004717350006e-03
1.981000000000000000e+03,1.173572945845080540e-05,4.083978012204170227e-03
1.982000000000000000e+03,1.172871816379483789e-05,4.094881936907768250e-03
1.983000000000000000e+03,1.171891744888853282e-05,4.025013186037540436e-03
1.984000000000000000e+03,1.170957602880662307e-05,3.902657190337777138e-03
1.985000000000000000e+03,1.169248116639209911e-05,3.601323813199996948e-03
1.986000000000000000e+03,1.167240498034516349e-05,3.551834495738148689e-03
1.987000000000000000e+03,1.165668891189852729e-05,3.459695028141140938e-03
1.988000000000000000e+03,1.164582772616995499e-05,3.331382060423493385e-03
1.989000000000000000e+03,1.162987700809026137e-05,3.260019002482295036e-03
1.990000000000000000e+03,1.161657746706623584e-05,3.210671246051788330e-03
1.991000000000000000e+03,1.159448493126546964e-05,3.185397246852517128e-03
1.992000000000000000e+03,1.157436054199934006e-05,3.213905496522784233e-03
1.993000000000000000e+03,1.158848317572847009e-05,3.252806141972541809e-03
1.994000000000000000e+03,1.156207235908368602e-05,3.228438086807727814e-03
1.995000000000000000e+03,1.153575794887728989e-05,3.073977772146463394e-03
1.996000000000000000e+03,1.149933541455538943e-05,3.042243653908371925e-03
1.997000000000000000e+03,1.147243074228754267e-05,3.035039873793721199e-03
1.998000000000000000e+03,1.155220252258004621e-05,2.749374136328697205e-03
1.999000000000000000e+03,1.146294107456924394e-05,2.959955250844359398e-03
2.000000000000000000e+03,1.142439032264519483e-05,3.008134197443723679e-03
2.001000000000000000e+03,1.138732841354794800e-05,3.071394748985767365e-03
2.002000000000000000e+03,1.134881222242256626e-05,3.291193395853042603e-03
2.003000000000000000e+03,1.131649332819506526e-05,3.206996247172355652e-03
2.004000000000000000e+03,1.129410338762681931e-05,3.138433443382382393e-03
2.005000000000000000e+03,1.125812104874057695e-05,2.978835254907608032e-03
2.006000000000000000e+03,1.151294236478861421e-05,2.965295920148491859e-03
2.007000000000000000e+03,1.124679238273529336e-05,2.974760252982378006e-03
2.008000000000000000e+03,1.120776869356632233e-05,2.846934599801898003e-03
2.009000000000000000e+03,1.118249838327756152e-05,2.676990116015076637e-03
2.010000000000000000e+03,1.114636506827082485e-05,2.396567957475781441e-03
2.011000000000000000e+03,1.111829988076351583e-05,2.276213373988866806e-03
2.012000000000000000e+03,1.107326534111052752e-05,2.174246124923229218e-03
2.013000000000000000e+03,1.104841339838458225e-05,2.214182401075959206e-03
2.014000000000000000e+03,1.102878286474151537e-05,2.277350053191184998e-03
2.015000000000000000e+03,1.101201087294612080e-05,2.318681217730045319e-03
2.016000000000000000e+03,1.098975917557254434e-05,2.416475676000118256e-03
2.017000000000000000e+03,1.097728454624302685e-05,2.386628882959485054e-03
2.018000000000000000e+03,1.096324012905824929e-05,2.356794429942965508e-03
2.019000000000000000e+03,1.093502578441984951e-05,2.321737585589289665e-03
2.020000000000000000e+03,1.096131563826929778e-05,2.600761363282799721e-03
2.021000000000000000e+03,1.092425100068794563e-05,2.416340634226799011e-03
2.022000000000000000e+03,1.090505702450172976e-05,2.529314951971173286e-03
2.023000000000000000e+03,1.088824956241296604e-05,2.632123883813619614e-03
2.024000000000000000e+03,1.087008149625035003e-05,2.805158030241727829e-03
2.025000000000000000e+03,1.085340227291453630e-05,3.037760732695460320e-03
2.026000000000000000e+03,1.083407732949126512e-05,3.081023693084716797e-03
2.027000000000000000e+03,1.083078859664965421e-05,2.487753750756382942e-03
2.028000000000000000e+03,1.080280981113901362e-05,2.771981060504913330e-03
2.029000000000000000e+03,1.077828164852689952e-05,2.582277636975049973e-03
2.030000000000000000e+03,1.075441741704707965e-05,2.265819115564227104e-03
2.031000000000000000e+03,1.072773920895997435e-05,1.957739936187863350e-03
2.032000000000000000e+03,1.069987683877116069e-05,1.801551203243434429e-03
2.033000000000000000e+03,1.067682478606002405e-05,1.708991359919309616e-03
2.034000000000000000e+03,1.067671655619051307e-05,2.312544267624616623e-03
2.035000000000000000e+03,1.065993183146929368e-05,2.005404327064752579e-03
2.036000000000000000e+03,1.065905416908208281e-05,2.428842242807149887e-03
2.037000000000000000e+03,1.064710068021668121e-05,2.216493943706154823e-03
2.038000000000000000e+03,1.064452408172655851e-05,2.040234161540865898e-03
2.039000000000000000e+03,1.061356670106761158e-05,2.118318574503064156e-03
2.040000000000000000e+03,1.058289581123972312e-05,2.471967134624719620e-03
2.041000000000000000e+03,1.055813845596276224e-05,2.855737926438450813e-03
2.042000000000000000e+03,1.052716925187269226e-05,3.175259800627827644e-03
2.043000000000000000e+03,1.050075479724910110e-05,3.288669046014547348e-03
2.044000000000000000e+03,1.048684134730137885e-05,3.267211839556694031e-03
2.045000000000000000e+03,1.047832938638748601e-05,3.182866843417286873e-03
2.046000000000000000e+03,1.047364003170514479e-05,3.119551111012697220e-03
2.047000000000000000e+03,1.046445595420664176e-05,3.102658549323678017e-03
2.048000000000000000e+03,1.045012049871729687e-05,3.141142893582582474e-03
2.049000000000000000e+03,1.095598781830631196e-05,3.410315141081809998e-03
2.050000000000000000e+03,1.044784858095226809e-05,3.157610539346933365e-03
2.051000000000000000e+03,1.042346593749243766e-05,3.214017488062381744e-03
2.052000000000000000e+03,1.039219841914018616e-05,3.357129404321312904e-03
2.053000000000000000e+03,1.036450066749239340e-05,3.371739294379949570e-03
2.054000000000000000e+03,1.034912111208541319e-05,3.277787473052740097e-03
2.055000000000000000e+03,1.033394801197573543e-05,3.198330756276845932e-03
2.056000000000000000e+03,1.031642204907257110e-05,3.148764837533235550e-03
2.057000000000000000e+03,1.030518888001097366e-05,3.179331310093402863e-03
2.058000000000000000e+03,1.029489612847100943e-05,3.219042206183075905e-03
2.059000000000000000e+03,1.028588212648173794e-05,3.228843444958329201e-03
2.060000000000000000e+03,1.027885900839464739e-05,3.162305336445569992e-03
2.061000000000000000e+03,1.027076541504357010e-05,3.015476977452635765e-03
2.062000000000000000e+03,1.026406880555441603e-05,2.825620584189891815e-03
2.063000000000000000e+03,1.025831261358689517e-05,2.723500598222017288e-03
2.064000000000000000e+03,1.025196797854732722e-05,2.634414704516530037e-03
2.065000000000000000e+03,1.024485754896886647e-05,2.634662203490734100e-03
2.066000000000000000e+03,1.023163167701568455e-05,2.579216845333576202e-03
2.067000000000000000e+03,1.022011474560713395e-05,2.642324194312095642e-03
2.068000000000000000e+03,1.020575564325554296e-05,2.662199549376964569e-03
2.069000000000000000e+03,1.019526371237589046e-05,2.608788432553410530e-03
2.070000000000000000e+03,1.018755665427306667e-05,2.546387026086449623e-03
2.071000000000000000e+03,1.018102557281963527e-05,2.485240111127495766e-03
2.072000000000000000e+03,1.017486192722572014e-05,2.465589670464396477e-03
2.073000000000000000e+03,1.016241003526374698e-05,2.435071626678109169e-03
2.074000000000000000e+03,1.015196085063507780e-05,2.520976122468709946e-03
2.075000000000000000e+03,1.014458666759310290e-05,2.580031286925077438e-03
2.076000000000000000e+03,1.014084591588471085e-05,2.603432629257440567e-03
2.077000000000000000e+03,1.013687051454326138e-05,2.586622023954987526e-03
2.078000000000000000e+03,1.012814664136385545e-05,2.572284545749425888e-03
2.079000000000000000e+03,1.012036045722197741e-05,2.534120110794901848e-03
2.080000000000000000e+03,1.011408676276914775e-05,2.524575218558311462e-03
2.081000000000000000e+03,1.010611049423459917e-05,2.520897192880511284e-03
2.082000000000000000e+03,1.009956940833944827e-05,2.533387159928679466e-03
2.083000000000000000e+03,1.009463358059292659e-05,2.535736188292503357e-03
2.084000000000000000e+03,1.009108927974011749e-05,2.530256984755396843e-03
2.085000000000000000e+03,1.008795152301900089e-05,2.517673186957836151e-03
2.086000000000000000e+03,1.008637082122731954e-05,2.562895650044083595e-03
2.087000000000000000e+03,1.008273193292552605e-05,2.520073903724551201e-03
2.088000000000000000e+03,1.007559058052720502e-05,2.579270862042903900e-03
2.089000000000000000e+03,1.007176615530624986e-05,2.629895927384495735e-03
2.090000000000000000e+03,1.006468301056884229e-05,2.757342765107750893e-03
2.091000000000000000e+03,1.006723505270201713e-05,3.013811539858579636e-03
2.092000000000000000e+03,1.005867852654773742e-05,2.873164368793368340e-03
2.093000000000000000e+03,1.005288868327625096e-05,2.948069479316473007e-03
2.094000000000000000e+03,1.003956276690587401e-05,3.104278817772865295e-03
2.095000000000000000e+03,1.002730914478888735e-05,3.219805192202329636e-03
2.096000000000000000e+03,1.001259806798771024e-05,3.429013304412364960e-03
2.097000000000000000e+03,1.000371867121430114e-05,3.496824530884623528e-03
2.098000000000000000e+03,9.996191693062428385e-06,3.607362043112516403e-03
2.099000000000000000e+03,9.987305020331405103e-06,3.770876675844192505e-03
2.100000000000000000e+03,9.981153198168613017e-06,3.916594665497541428e-03
2.101000000000000000e+03,9.972456609830260277e-06,4.112717695534229279e-03
2.102000000000000000e+03,9.960284842236433178e-06,4.373701289296150208e-03
2.103000000000000000e+03,9.950455023499671370e-06,4.497131798416376114e-03
2.104000000000000000e+03,9.937549293681513518e-06,4.723294638097286224e-03
2.105000000000000000e+03,9.926068742061033845e-06,4.425760358572006226e-03
2.106000000000000000e+03,9.919355761667247862e-06,4.237257875502109528e-03
2.107000000000000000e+03,9.915242117131128907e-06,4.193853586912155151e-03
2.108000000000000000e+03,9.907876119541469961e-06,4.124871455132961273e-03
2.109000000000000000e+03,9.898625648929737508e-06,4.072913900017738342e-03
2.110000000000000000e+03,9.887257874652277678e-06,4.033703822642564774e-03
2.111000000000000000e+03,9.922702702169772238e-06,3.590008942410349846e-03
2.112000000000000000e+03,9.884894097922369838e-06,3.944241907447576523e-03
2.113000000000000000e+03,9.892310117720626295e-06,4.348128568381071091e-03
2.114000000000000000e+03,9.880996003630571067e-06,4.089743830263614655e-03
2.115000000000000000e+03,9.924151527229696512e-06,3.781442763283848763e-03
2.116000000000000000e+03,9.870219400909263641e-06,3.991876263171434402e-03
2.117000000000000000e+03,9.860007594397757202e-06,4.000190179795026779e-03
2.118000000000000000e+03,9.847351066127885133e-06,4.109713714569807053e-03
2.119000000000000000e+03,9.834510819928254932e-06,4.093925934284925461e-03
2.120000000000000000e+03,9.820918421610258520e-06,4.104659892618656158e-03
2.121000000000000000e+03,9.805577064980752766e-06,3.901004092767834663e-03
2.122000000000000000e+03,9.795250662136822939e-06,3.785489592701196671e-03
2.123000000000000000e+03,9.784593203221447766e-06,3.666650969535112381e-03
2.124000000000000000e+03,9.774203135748393834e-06,3.562763798981904984e-03
2.125000000000000000e+03,9.757350198924541473e-06,3.425178118050098419e-03
2.126000000000000000e+03,9.752423466125037521e-06,3.388654906302690506e-03
2.127000000000000000e+03,9.758671694726217538e-06,2.843649359419941902e-03
2.128000000000000000e+03,9.741664143803063780e-06,3.144642338156700134e-03
2.129000000000000000e+03,1.006189086183439940e-05,2.960562240332365036e-03
2.130000000000000000e+03,9.735356798046268523e-06,3.115144791081547737e-03
2.131000000000000000e+03,9.725526069814804941e-06,3.145568771287798882e-03
2.132000000000000000e+03,9.714676707517355680e-06,3.168669762089848518e-03
2.133000000000000000e+03,9.697060704638715833e-06,3.130082739517092705e-03
2.134000000000000000e+03,9.672105989011470228e-06,3.260018303990364075e-03
2.135000000000000000e+03,9.642924851505085826e-06,3.352116094902157784e-03
2.136000000000000000e+03,9.618232979846652597e-06,3.451848402619361877e-03
2.137000000000000000e+03,9.596559721103403717e-06,3.661754541099071503e-03
2.138000000000000000e+03,9.581722224538680166e-06,3.785399720072746277e-03
2.139000000000000000e+03,9.569006579113192856e-06,3.890471300110220909e-03
2.140000000000000000e+03,9.553176823828835040e-06,4.022516310214996338e-03
2.141000000000000000e+03,9.550289178150705993e-06,4.135895986109972000e-03
2.142000000000000000e+03,9.523185326543170959e-06,4.114779178053140640e-03
2.143000000000000000e+03,9.510570635029580444e-06,4.001457709819078445e-03
2.144000000000000000e+03,9.496309758105780929e-06,3.870162647217512131e-03
2.145000000000000000e+03,9.482858331466559321e-06,3.865849692374467850e-03
2.146000000000000000e+03,9.469456927035935223e-06,3.791320836171507835e-03
2.147000000000000000e+03,9.459781722398474813e-06,3.809591522440314293e-03
2.148000000000000000e+03,9.448746823181863874e-06,3.769587026908993721e-03
2.149000000000000000e+03,9.431789294467307627e-06,3.668836317956447601e-03
2.150000000000000000e+03,9.421748472959734499e-06,3.422803478315472603e-03
2.151000000000000000e+03,9.399462214787490666e-06,3.197982208803296089e-03
2.152000000000000000e+03,9.382429198012687266e-06,3.130276221781969070e-03
2.153000000000000000e+03,9.373147804581094533e-06,3.137989202514290810e-03
2.154000000000000000e+03,9.363454410049598664e-06,3.083102870732545853e-03
2.155000000000000000e+03,9.351027983939275146e-06,2.942292718216776848e-03
2.156000000000000000e+03,9.340135875390842557e-06,2.781710354611277580e-03
2.157000000000000000e+03,9.329982276540249586e-06,2.654607407748699188e-03
2.158000000000000000e+03,9.318094271293375641e-06,2.485416829586029053e-03
2.159000000000000000e+03,9.306686479249037802e-06,2.330333460122346878e-03
2.160000000000000000e+03,9.296673852077219635e-06,2.242504153400659561e-03
2.161000000000000000e+03,9.287719876738265157e-06,2.269366523250937462e-03
2.162000000000000000e+03,9.280096492148004472e-06,2.410298911854624748e-03
2.163000000000000000e+03,9.273579053115099669e-06,2.589221578091382980e-03
2.164000000000000000e+03,9.267475434171501547e-06,2.745392033830285072e-03
2.165000000000000000e+03,9.260343176720198244e-06,2.892771735787391663e-03
2.166000000000000000e+03,9.259359103452879936e-06,3.309038467705249786e-03
2.167000000000000000e+03,9.250149560102727264e-06,3.105370327830314636e-03
2.168000000000000000e+03,9.234735443897079676e-06,3.312671324238181114e-03
2.169000000000000000e+03,9.224711902788840234e-06,3.157313447445631027e-03
2.170000000000000000e+03,9.216683793056290597e-06,3.191942349076271057e-03
2.171000000000000000e+03,9.207299626723397523e-06,3.317886497825384140e-03
2.172000000000000000e+03,9.202689398080110550e-06,3.380250884220004082e-03
2.173000000000000000e+03,9.198045518132857978e-06,3.503003623336553574e-03
2.174000000000000000e+03,9.193411642627324909e-06,3.620518371462821960e-03
2.175000000000000000e+03,9.184690497932024300e-06,3.700586967170238495e-03
2.176000000000000000e+03,9.173044418275821954e-06,3.788077738136053085e-03
2.177000000000000000e+03,9.514809789834544063e-06,3.513146424666047096e-03
2.178000000000000000e+03,9.170544217340648174e-06,3.762547625228762627e-03
2.179000000000000000e+03,9.160487024928443134e-06,3.660535672679543495e-03
2.180000000000000000e+03,9.150738151220139116e-06,3.625744255259633064e-03
2.181000000000000000e+03,9.140591828327160329e-06,3.514353418722748756e-03
2.182000000000000000e+03,9.134597348747774959e-06,3.483538981527090073e-03
2.183000000000000000e+03,9.127806151809636503e-06,3.347327699884772301e-03
2.184000000000000000e+03,9.122150004259310663e-06,3.297184593975543976e-03
2.185000000000000000e+03,9.111592589761130512e-06,3.204608568921685219e-03
2.186000000000000000e+03,9.102323019760660827e-06,3.125289222225546837e-03
2.187000000000000000e+03,9.096697795030195266e-06,3.038218477740883827e-03
2.188000000000000000e+03,9.090263120015151799e-06,3.044817131012678146e-03
2.189000000000000000e+03,9.080787094717379659e-06,3.115209983661770821e-03
2.190000000000000000e+03,9.073647561308462173e-06,3.192147007212042809e-03
2.191000000000000000e+03,9.064407095138449222e-06,3.297009970992803574e-03
2.192000000000000000e+03,9.056977432919666171e-06,3.354083281010389328e-03
2.193000000000000000e+03,9.048194442584645003e-06,3.341124393045902252e-03
2.194000000000000000e+03,9.041318662639241666e-06,3.283702768385410309e-03
2.195000000000000000e+03,9.035653420141898096e-06,3.212933195754885674e-03
2.196000000000000000e+03,9.028746717376634479e-06,3.216801909729838371e-03
2.197000000000000000e+03,9.584922736394219100e-06,3.030657069757580757e-03
2.198000000000000000e+03,9.024444807437248528e-06,3.198366379365324974e-03
2.199000000000000000e+03,9.016291187435854226e-06,3.268818603828549385e-03
2.200000000000000000e+03,8.996771612146403641e-06,3.330609528347849846e-03
2.201000000000000000e+03,8.985085514723323286e-06,3.271642606705427170e-03
2.202000000000000000e+03,8.975432137958705425e-06,3.090735524892807007e-03
2.203000000000000000e+03,8.967143912741448730e-06,2.857422456145286560e-03
2.204000000000000000e+03,8.959333172242622823e-06,2.682127989828586578e-03
2.205000000000000000e+03,8.950587471190374345e-06,2.600477775558829308e-03
2.206000000000000000e+03,8.972347131930291653e-06,2.692483365535736084e-03
2.207000000000000000e+03,8.948582035372965038e-06,2.622477943077683449e-03
2.208000000000000000e+03,8.940078259911388159e-06,2.678751479834318161e-03
2.209000000000000000e+03,8.926433110900688916e-06,2.648580120876431465e-03
2.210000000000000000e+03,8.906729817681480199e-06,2.651065122336149216e-03
2.211000000000000000e+03,8.891905054042581469e-06,2.642580540850758553e-03
2.212000000000000000e+03,8.880726454663090408e-06,2.622275380417704582e-03
2.213000000000000000e+03,9.096071153180673718e-06,2.307762159034609795e-03
2.214000000000000000e+03,8.849744517647195607e-06,2.530223922803997993e-03
2.215000000000000000e+03,8.820284165267366916e-06,2.194168744608759880e-03
2.216000000000000000e+03,8.802615411696024239e-06,1.938205794431269169e-03
2.217000000000000000e+03,8.784295459918212146e-06,1.809911685995757580e-03
2.218000000000000000e+03,8.771236934990156442e-06,1.770328613929450512e-03
2.219000000000000000e+03,8.754932423471473157e-06,1.778937177732586861e-03
2.220000000000000000e+03,8.781185897532850504e-06,2.037357771769165993e-03
2.221000000000000000e+03,8.747060746827628464e-06,1.862433739006519318e-03
2.222000000000000000e+03,8.734106813790276647e-06,1.893779030069708824e-03
2.223000000000000000e+03,8.717212949704844505e-06,1.947918324731290340e-03
2.224000000000000000e+03,8.691158654983155429e-06,1.923684263601899147e-03
2.225000000000000000e+03,8.663459993840660900e-06,1.870370353572070599e-03
2.226000000000000000e+03,8.646542482892982662e-06,1.865903264842927456e-03
2.227000000000000000e+03,8.629102921986486763e-06,1.842493074946105480e-03
2.228000000000000000e+03,8.608775715401861817e-06,1.824348466470837593e-03
2.229000000000000000e+03,8.585862815380096436e-06,1.857094001024961472e-03
2.230000000000000000e+03,8.567232725908979774e-06,1.796407625079154968e-03
2.231000000000000000e+03,8.554311534680891782e-06,1.774669159203767776e-03
2.232000000000000000e+03,8.538968359061982483e-06,1.723649795167148113e-03
2.233000000000000000e+03,8.525844350515399128e-06,1.705597620457410812e-03
2.234000000000000000e+03,8.512848580721765757e-06,1.690456992946565151e-03
2.235000000000000000e+03,8.497458111378364265e-06,1.743623754009604454e-03
2.236000000000000000e+03,8.485387297696433961e-06,1.796968281269073486e-03
2.237000000000000000e+03,8.473326488456223160e-06,1.841348712332546711e-03
2.238000000000000000e+03,8.464469829050358385e-06,1.892239321023225784e-03
2.239000000000000000e+03,8.667899237480014563e-06,2.562175970524549484e-03
2.240000000000000000e+03,8.460005119559355080e-06,1.976439030840992928e-03
2.241000000000000000e+03,8.448948392469901592e-06,2.031331881880760193e-03
2.242000000000000000e+03,8.440533747489098459e-06,2.125619212165474892e-03
2.243000000000000000e+03,8.433182301814667881e-06,2.183697419241070747e-03
2.244000000000000000e+03,8.425968189840205014e-06,2.169258892536163330e-03
2.245000000000000000e+03,8.416096534347161651e-06,2.122553996741771698e-03
2.246000000000000000e+03,8.403367246501147747e-06,2.149888314306735992e-03
2.247000000000000000e+03,8.394496035180054605e-06,2.225735923275351524e-03
2.248000000000000000e+03,8.388188689423259348e-06,2.319576917216181755e-03
2.249000000000000000e+03,8.384391549043357372e-06,2.350192517042160034e-03
2.250000000000000000e+03,8.379139217140618712e-06,2.351172268390655518e-03
2.251000000000000000e+03,8.375177458219695836e-06,2.281651599332690239e-03
2.252000000000000000e+03,8.371120202355086803e-06,2.371165901422500610e-03
2.253000000000000000e+03,8.365826033696066588e-06,2.106825821101665497e-03
2.254000000000000000e+03,8.361976142623461783e-06,2.201035618782043457e-03
2.255000000000000000e+03,8.355618774658069015e-06,2.271622186526656151e-03
2.256000000000000000e+03,8.352079021278768778e-06,2.359229605644941330e-03
2.257000000000000000e+03,8.351827091246377677e-06,2.132956404238939285e-03
2.258000000000000000e+03,8.347496986971236765e-06,2.241020323708653450e-03
2.259000000000000000e+03,8.340459316968917847e-06,2.190192462876439095e-03
2.260000000000000000e+03,8.328987860295455903e-06,1.965110655874013901e-03
2.261000000000000000e+03,8.322526809934061021e-06,1.901316223666071892e-03
2.262000000000000000e+03,8.341279681189917028e-06,1.428207615390419960e-03
2.263000000000000000e+03,8.319301741721574217e-06,1.762173837050795555e-03
2.264000000000000000e+03,8.306918971356935799e-06,1.877950388006865978e-03
2.265000000000000000e+03,8.300728950416669250e-06,1.819712808355689049e-03
2.266000000000000000e+03,8.290709956781938672e-06,1.857419498264789581e-03
2.267000000000000000e+03,8.283835086331237108e-06,2.043819986283779144e-03
2.268000000000000000e+03,8.278195309685543180e-06,2.194950822740793228e-03
2.269000000000000000e+03,8.272964805655647069e-06,2.293013967573642731e-03
2.270000000000000000e+03,8.267863449873402715e-06,2.275509294122457504e-03
2.271000000000000000e+03,8.258598427346441895e-06,2.144977916032075882e-03
2.272000000000000000e+03,8.319628250319510698e-06,2.273366786539554596e-03
2.273000000000000000e+03,8.255045941041316837e-06,2.168361330404877663e-03
2.274000000000000000e+03,8.247455298260319978e-06,2.074465388432145119e-03
2.275000000000000000e+03,8.236836038122419268e-06,1.991065917536616325e-03
2.276000000000000000e+03,8.226603313232772052e-06,1.990912482142448425e-03
2.277000000000000000e+03,8.218624316214118153e-06,2.057491568848490715e-03
2.278000000000000000e+03,8.209039151552133262e-06,2.170164836570620537e-03
2.279000000000000000e+03,8.202106982935220003e-06,2.307628514245152473e-03
2.280000000000000000e+03,8.197574061341583729e-06,2.302570268511772156e-03
2.281000000000000000e+03,8.192693712771870196e-06,2.254211343824863434e-03
2.282000000000000000e+03,8.188801075448282063e-06,2.250144723802804947e-03
2.283000000000000000e+03,8.185619662981480360e-06,2.274415688589215279e-03
2.284000000000000000e+03,8.183592399291228503e-06,2.311166841536760330e-03
2.285000000000000000e+03,8.178268217307049781e-06,2.320637460798025131e-03
2.286000000000000000e+03,8.167437044903635979e-06,2.398264827206730843e-03
2.287000000000000000e+03,8.159881872416008264e-06,2.371863927692174911e-03
2.288000000000000000e+03,8.151702786562964320e-06,2.281988039612770081e-03
2.289000000000000000e+03,8.156800504366401583e-06,2.598409308120608330e-03
2.290000000000000000e+03,8.145772881107404828e-06,2.414633985608816147e-03
2.291000000000000000e+03,8.128279660013504326e-06,2.315904712304472923e-03
2.292000000000000000e+03,8.105889719445258379e-06,2.277497900649905205e-03
2.293000000000000000e+03,8.089765287877526134e-06,2.478983253240585327e-03
2.294000000000000000e+03,8.049762072914745659e-06,2.362705534324049950e-03
2.295000000000000000e+03,8.030929166125133634e-06,2.370135625824332237e-03
2.296000000000000000e+03,8.017247637326363474e-06,2.408082364127039909e-03
2.297000000000000000e+03,8.011040335986763239e-06,2.366600325331091881e-03
2.298000000000000000e+03,8.004116352822165936e-06,2.311465097591280937e-03
2.299000000000000000e+03,7.997202374099288136e-06,2.234954619780182838e-03
2.300000000000000000e+03,7.988734068931080401e-06,2.192805754020810127e-03
2.301000000000000000e+03,7.997056854947004467e-06,2.068521687760949135e-03
2.302000000000000000e+03,7.984955118445213884e-06,2.147751394659280777e-03
2.303000000000000000e+03,7.983623618201818317e-06,2.211737446486949921e-03
2.304000000000000000e+03,7.971998456923756748e-06,2.169501036405563354e-03
2.305000000000000000e+03,7.966090379341039807e-06,2.115810988470911980e-03
2.306000000000000000e+03,7.956506124173756689e-06,2.141241915524005890e-03
2.307000000000000000e+03,7.944887329358607531e-06,2.100537996739149094e-03
2.308000000000000000e+03,7.925762474769726396e-06,1.937163062393665314e-03
2.309000000000000000e+03,7.916492904769256711e-06,1.822394668124616146e-03
2.310000000000000000e+03,7.908162842795718461e-06,1.711520599201321602e-03
2.311000000000000000e+03,7.903436198830604553e-06,1.740430598147213459e-03
2.312000000000000000e+03,7.897422619862481952e-06,1.812923932448029518e-03
2.313000000000000000e+03,7.893652764323633164e-06,1.864258898422122002e-03
2.314000000000000000e+03,7.886763341957703233e-06,1.950981211848556995e-03
2.315000000000000000e+03,7.879987606429494917e-06,1.801700680516660213e-03
2.316000000000000000e+03,7.870611625548917800e-06,1.879654708318412304e-03
2.317000000000000000e+03,7.860691766836680472e-06,1.909625018015503883e-03
2.318000000000000000e+03,7.849631401768419892e-06,1.908395788632333279e-03
2.319000000000000000e+03,7.836897566448897123e-06,1.932051498442888260e-03
2.320000000000000000e+03,7.819540769560262561e-06,1.904198783449828625e-03
2.321000000000000000e+03,7.810726856405381113e-06,1.852958230301737785e-03
2.322000000000000000e+03,7.799781087669543922e-06,1.808642526157200336e-03
2.323000000000000000e+03,7.789566552673932165e-06,1.840981072746217251e-03
2.324000000000000000e+03,7.780646228638943285e-06,1.879124203696846962e-03
2.325000000000000000e+03,7.772785465931519866e-06,2.070568269118666649e-03
2.326000000000000000e+03,7.775588528602384031e-06,2.073892625048756599e-03
2.327000000000000000e+03,7.768706382194068283e-06,2.071632770821452141e-03
2.328000000000000000e+03,7.762238055875059217e-06,2.167993690818548203e-03
2.329000000000000000e+03,7.755043043289333582e-06,2.260059816762804985e-03
2.330000000000000000e+03,7.750234544801060110e-06,2.244446659460663795e-03
2.331000000000000000e+03,7.744480171822942793e-06,2.172207925468683243e-03
2.332000000000000000e+03,7.737056876067072153e-06,2.072081668302416801e-03
2.333000000000000000e+03,7.726573130639735609e-06,2.007609000429511070e-03
2.334000000000000000e+03,7.716670552326831967e-06,1.927496632561087608e-03
2.335000000000000000e+03,7.768780960759613663e-06,2.065144246444106102e-03
2.336000000000000000e+03,7.712954356975387782e-06,1.955892657861113548e-03
2.337000000000000000e+03,7.705857569817453623e-06,1.967167947441339493e-03
2.338000000000000000e+03,7.699559319007676095e-06,2.019790699705481529e-03
2.339000000000000000e+03,7.690609891142230481e-06,2.059210091829299927e-03
2.340000000000000000e+03,7.681873285036999732e-06,2.054315060377120972e-03
2.341000000000000000e+03,7.672562787774950266e-06,1.998906023800373077e-03
2.342000000000000000e+03,7.666802957828622311e-06,1.799813122488558292e-03
2.343000000000000000e+03,7.650573024875484407e-06,1.862994278781116009e-03
2.344000000000000000e+03,7.639559953531716019e-06,1.905045006424188614e-03
2.345000000000000000e+03,7.623899819009238854e-06,2.019940176978707314e-03
2.346000000000000000e+03,7.617122264491626993e-06,2.146086422726511955e-03
2.347000000000000000e+03,7.611226465087383986e-06,2.238679677248001099e-03
2.348000000000000000e+03,7.607529823872027919e-06,2.316831145435571671e-03
2.349000000000000000e+03,7.602793630212545395e-06,2.372205257415771484e-03
2.350000000000000000e+03,7.595819624839350581e-06,2.408537780866026878e-03
2.351000000000000000e+03,7.586105311929713935e-06,2.509973477572202682e-03
2.352000000000000000e+03,7.570088200736790895e-06,2.447114326059818268e-03
2.353000000000000000e+03,7.556044693046715111e-06,2.347823465242981911e-03
2.354000000000000000e+03,7.541105787822743878e-06,2.278982196003198624e-03
2.355000000000000000e+03,7.528964943048777059e-06,2.327816793695092201e-03
2.356000000000000000e+03,7.640017429366707802e-06,1.893081935122609138e-03
2.357000000000000000e+03,7.525860382884275168e-06,2.259811852127313614e-03
2.358000000000000000e+03,7.511659532610792667e-06,2.433452988043427467e-03
2.359000000000000000e+03,7.560525318694999442e-06,2.893048338592052460e-03
2.360000000000000000e+03,7.507006557716522366e-06,2.535674488171935081e-03
2.361000000000000000e+03,7.494875717384275049e-06,2.614161930978298187e-03
2.362000000000000000e+03,7.475311122107086703e-06,2.783061005175113678e-03
2.363000000000000000e+03,7.476714927179273218e-06,2.506573218852281570e-03
2.364000000000000000e+03,7.470670425391290337e-06,2.653314732015132904e-03
2.365000000000000000e+03,7.463887413905467838e-06,2.754217479377985001e-03
2.366000000000000000e+03,7.450468729075510055e-06,2.817487111315131187e-03
2.367000000000000000e+03,7.432764959958149120e-06,2.806777833029627800e-03
2.368000000000000000e+03,7.413626008201390505e-06,2.689928049221634865e-03
2.369000000000000000e+03,7.398605248454259709e-06,2.514257561415433884e-03
2.370000000000000000e+03,7.386602646874962375e-06,2.280647167935967445e-03
2.371000000000000000e+03,7.380778697552159429e-06,2.165049780160188675e-03
2.372000000000000000e+03,7.377560905297286808e-06,2.157717477530241013e-03
2.373000000000000000e+03,7.375364930339856073e-06,2.202058676630258560e-03
2.374000000000000000e+03,7.372749678324908018e-06,2.242814050987362862e-03
2.375000000000000000e+03,7.366825684584910050e-06,2.233030740171670914e-03
2.376000000000000000e+03,7.373738299065735191e-06,2.452172106131911278e-03
2.377000000000000000e+03,7.363627901213476434e-06,2.311623422428965569e-03
2.378000000000000000e+03,7.358417860814370215e-06,2.217112574726343155e-03
2.379000000000000000e+03,7.397776244033593684e-06,1.846919301897287369e-03
2.380000000000000000e+03,7.354246918112039566e-06,2.123251324519515038e-03
2.381000000000000000e+03,7.349416591750923544e-06,2.069325419142842293e-03
2.382000000000000000e+03,7.343658580793999135e-06,2.007954986765980721e-03
2.383000000000000000e+03,7.340622687479481101e-06,2.007111208513379097e-03
2.384000000000000000e+03,7.334966539929155260e-06,2.040010178461670876e-03
2.385000000000000000e+03,7.330938842642353848e-06,2.093793358653783798e-03
2.386000000000000000e+03,7.326076683966675773e-06,2.074339194223284721e-03
2.387000000000000000e+03,7.328545507334638387e-06,2.089605201035737991e-03
2.388000000000000000e+03,7.324568741751136258e-06,2.079832134768366814e-03
2.389000000000000000e+03,7.322285455302335322e-06,2.123094163835048676e-03
2.390000000000000000e+03,7.320468284888193011e-06,2.136382972821593285e-03
2.391000000000000000e+03,7.318322786886710674e-06,2.104956889525055885e-03
2.392000000000000000e+03,7.315787570405518636e-06,1.917655230499804020e-03
2.393000000000000000e+03,7.312656180147314444e-06,1.974280690774321556e-03
2.394000000000000000e+03,7.310492492251796648e-06,2.014567842707037926e-03
2.395000000000000000e+03,7.308425210794666782e-06,2.059307880699634552e-03
2.396000000000000000e+03,7.306151928787585348e-06,2.090399153530597687e-03
2.397000000000000000e+03,7.304490736714797094e-06,2.084447303786873817e-03
2.398000000000000000e+03,7.302871836145641282e-06,2.029127441346645355e-03
2.399000000000000000e+03,7.300726792891509831e-06,2.005098387598991394e-03
2.400000000000000000e+03,7.299221579160075635e-06,1.985487528145313263e-03
2.401000000000000000e+03,7.298189302673563361e-06,1.995867351070046425e-03
2.402000000000000000e+03,7.296529929590178654e-06,2.002848545089364052e-03
2.403000000000000000e+03,7.294857823580969125e-06,2.031795214861631393e-03
2.404000000000000000e+03,7.292667760339099914e-06,2.050178125500679016e-03
2.405000000000000000e+03,7.290871053555747494e-06,2.062539802864193916e-03
2.406000000000000000e+03,7.288634151336736977e-06,2.059366088360548019e-03
2.407000000000000000e+03,7.286129402928054333e-06,2.043994842097163200e-03
2.408000000000000000e+03,7.283113063749624416e-06,2.022633794695138931e-03
2.409000000000000000e+03,7.282502338057383895e-06,2.009437885135412216e-03
2.410000000000000000e+03,7.276970336533850059e-06,2.029934665188193321e-03
2.411000000000000000e+03,7.272541552083566785e-06,1.958841225132346153e-03
2.412000000000000000e+03,7.267537966981763020e-06,1.916740904562175274e-03
2.413000000000000000e+03,7.263329280249308795e-06,1.888433354906737804e-03
2.414000000000000000e+03,7.260040547407697886e-06,1.866919221356511116e-03
2.415000000000000000e+03,7.257172001118306071e-06,1.853411784395575523e-03
2.416000000000000000e+03,7.251536317198770121e-06,1.851064735092222691e-03
2.417000000000000000e+03,7.247037046909099445e-06,1.785897416993975639e-03
2.418000000000000000e+03,7.242736501211766154e-06,1.905129407532513142e-03
2.419000000000000000e+03,7.234727490867953748e-06,1.987981842830777168e-03
2.420000000000000000e+03,7.224528872029623017e-06,2.059959108009934425e-03
2.421000000000000000e+03,7.212857326521771029e-06,2.220517955720424652e-03
2.422000000000000000e+03,7.204620033007813618e-06,2.436210401356220245e-03
2.423000000000000000e+03,7.200209438451565802e-06,2.540293382480740547e-03
2.424000000000000000e+03,7.194882073235930875e-06,2.554185455664992332e-03
2.425000000000000000e+03,7.188470590335782617e-06,2.486071316525340080e-03
2.426000000000000000e+03,7.181618457252625376e-06,2.414003014564514160e-03
2.427000000000000000e+03,7.169114724092651159e-06,2.428339095786213875e-03
2.428000000000000000e+03,7.513956006732769310e-06,1.263176673091948032e-03
2.429000000000000000e+03,7.167815510911168531e-06,2.340184058994054794e-03
2.430000000000000000e+03,7.155221283028367907e-06,2.323549706488847733e-03
2.431000000000000000e+03,7.144175469875335693e-06,2.447184640914201736e-03
2.432000000000000000e+03,7.130117410270031542e-06,2.534396946430206299e-03
2.433000000000000000e+03,7.118313078535720706e-06,2.617085585370659828e-03
2.434000000000000000e+03,7.107103556336369365e-06,2.642938867211341858e-03
2.435000000000000000e+03,7.096713488863315433e-06,2.596351550891995430e-03
2.436000000000000000e+03,7.086649475240847096e-06,2.465328201651573181e-03
2.437000000000000000e+03,7.077321697579463944e-06,2.392458263784646988e-03
2.438000000000000000e+03,7.066570560709806159e-06,2.377432305365800858e-03
2.439000000000000000e+03,7.059921244945144281e-06,2.450254512950778008e-03
2.440000000000000000e+03,7.053508397802943364e-06,2.570111770182847977e-03
2.441000000000000000e+03,7.055331025185296312e-06,2.729469910264015198e-03
2.442000000000000000e+03,7.049072337395045906e-06,2.642242005094885826e-03
2.443000000000000000e+03,7.043061486911028624e-06,2.695203525945544243e-03
2.444000000000000000e+03,7.033992460492299870e-06,2.711752429604530334e-03
2.445000000000000000e+03,7.023645139270229265e-06,2.623946871608495712e-03
2.446000000000000000e+03,7.151465524657396600e-06,2.348093781620264053e-03
2.447000000000000000e+03,7.016752988420194015e-06,2.569806529209017754e-03
2.448000000000000000e+03,7.003405244176974520e-06,2.378280740231275558e-03
2.449000000000000000e+03,6.990856491029262543e-06,2.075104741379618645e-03
2.450000000000000000e+03,6.984682386246277019e-06,1.909554703161120415e-03
2.451000000000000000e+03,6.978432793403044343e-06,1.804661587812006474e-03
2.452000000000000000e+03,6.972719347686506808e-06,1.768561429344117641e-03
2.453000000000000000e+03,6.965337888686917722e-06,1.756369485519826412e-03
2.454000000000000000e+03,6.975012183829676360e-06,1.591399894095957279e-03
2.455000000000000000e+03,6.961616691114613786e-06,1.698403153568506241e-03
2.456000000000000000e+03,6.995165676926262677e-06,1.726880203932523727e-03
2.457000000000000000e+03,6.956629022170091048e-06,1.703575602732598782e-03
2.458000000000000000e+03,6.951644081709673628e-06,1.766997389495372772e-03
2.459000000000000000e+03,6.945886980247450992e-06,1.850163796916604042e-03
2.460000000000000000e+03,6.940791081433417276e-06,1.824395614676177502e-03
2.461000000000000000e+03,6.966683486098190770e-06,1.938751083798706532e-03
2.462000000000000000e+03,6.937331363587873057e-06,1.849092659540474415e-03
2.463000000000000000e+03,6.927752565388800576e-06,1.803491730242967606e-03
2.464000000000000000e+03,6.920544819877250120e-06,1.778285484760999680e-03
2.465000000000000000e+03,6.908655905135674402e-06,1.770086237229406834e-03
2.466000000000000000e+03,6.899882464495021850e-06,1.816072617657482624e-03
2.467000000000000000e+03,6.890411441418109462e-06,1.841987133957445621e-03
2.468000000000000000e+03,6.881594799779122695e-06,1.814593677408993244e-03
2.469000000000000000e+03,6.873775419080629945e-06,1.738768187351524830e-03
2.470000000000000000e+03,6.864976512588327751e-06,1.608853228390216827e-03
2.471000000000000000e+03,6.850237696198746562e-06,1.482498249970376492e-03
2.472000000000000000e+03,6.836194188508670777e-06,1.342166331596672535e-03
2.473000000000000000e+03,6.831403425167081878e-06,1.304658711887896061e-03
2.474000000000000000e+03,6.820772341598058119e-06,1.316844136454164982e-03
2.475000000000000000e+03,6.814337666583014652e-06,1.377909560687839985e-03
2.476000000000000000e+03,6.807740646763704717e-06,1.425397931598126888e-03
2.477000000000000000e+03,6.800104983994970098e-06,1.488848123699426651e-03
2.478000000000000000e+03,6.791366558900335804e-06,1.505073742009699345e-03
2.479000000000000000e+03,6.777829185011796653e-06,1.448934781365096569e-03
2.480000000000000000e+03,6.787197435187408701e-06,1.371768070384860039e-03
2.481000000000000000e+03,6.772702818125253543e-06,1.414472470059990883e-03
2.482000000000000000e+03,6.763714736734982580e-06,1.431456068530678749e-03
2.483000000000000000e+03,6.754994956281734630e-06,1.307820435613393784e-03
2.484000000000000000e+03,6.744210622855462134e-06,1.359252957627177238e-03
2.485000000000000000e+03,6.736186151101719588e-06,1.364503405056893826e-03
2.486000000000000000e+03,6.717353244312107563e-06,1.434984267689287663e-03
2.487000000000000000e+03,6.696975560771534219e-06,1.544066588394343853e-03
2.488000000000000000e+03,6.680136266368208453e-06,1.532933907583355904e-03
2.489000000000000000e+03,6.673371899523772299e-06,1.559376833029091358e-03
2.490000000000000000e+03,6.667301931884139776e-06,1.483498257584869862e-03
2.491000000000000000e+03,6.660374310740735382e-06,1.382718328386545181e-03
2.492000000000000000e+03,6.652059255429776385e-06,1.295458409003913403e-03
2.493000000000000000e+03,6.639867478952510282e-06,1.235812553204596043e-03
2.494000000000000000e+03,6.625093192269559950e-06,1.264418708160519600e-03
2.495000000000000000e+03,6.611418484681053087e-06,1.481293933466076851e-03
2.496000000000000000e+03,6.595296781597426161e-06,1.585361897014081478e-03
2.497000000000000000e+03,6.580436547665158287e-06,1.691416138783097267e-03
2.498000000000000000e+03,6.565152034454513341e-06,1.806528191082179546e-03
2.499000000000000000e+03,6.560792826348915696e-06,1.706551061943173409e-03
2.500000000000000000e+03,6.548930741701042280e-06,1.754830707795917988e-03
2.501000000000000000e+03,6.541996299347374588e-06,1.769886584952473640e-03
2.502000000000000000e+03,6.532023689942434430e-06,1.839897013269364834e-03
2.503000000000000000e+03,6.524741365865338594e-06,1.910267048515379429e-03
2.504000000000000000e+03,6.517300789710134268e-06,1.979370368644595146e-03
2.505000000000000000e+03,6.510766979772597551e-06,1.928443554788827896e-03
2.506000000000000000e+03,6.504953944386215881e-06,1.905133714899420738e-03
2.507000000000000000e+03,6.496765763586154208e-06,1.799864345230162144e-03
2.508000000000000000e+03,6.490280156867811456e-06,1.736326375976204872e-03
2.509000000000000000e+03,6.484397545136744156e-06,1.734807738102972507e-03
2.510000000000000000e+03,6.481014224846148863e-06,1.765864784829318523e-03
2.511000000000000000e+03,6.477284387074178085e-06,1.832879497669637203e-03
2.512000000000000000e+03,6.472980203398037702e-06,1.917218323796987534e-03
2.513000000000000000e+03,6.469820164056727663e-06,2.014818601310253143e-03
2.514000000000000000e+03,6.464253601734526455e-06,2.029734198004007339e-03
2.515000000000000000e+03,6.460283202613936737e-06,2.045959699898958206e-03
2.516000000000000000e+03,6.453843980125384405e-06,2.199480310082435608e-03
2.517000000000000000e+03,6.446731276810169220e-06,2.329624723643064499e-03
2.518000000000000000e+03,6.440060587920015678e-06,2.301140688359737396e-03
2.519000000000000000e+03,6.434501301555428654e-06,2.397512318566441536e-03
2.520000000000000000e+03,6.431301244447240606e-06,2.405742183327674866e-03
2.521000000000000000e+03,6.428595497709466144e-06,2.385549945756793022e-03
2.522000000000000000e+03,6.423302238545147702e-06,2.365061547607183456e-03
2.523000000000000000e+03,6.417876193154370412e-06,2.309071598574519157e-03
2.524000000000000000e+03,6.412421953427838162e-06,2.288115443661808968e-03
2.525000000000000000e+03,6.404252417269162834e-06,2.339422237128019333e-03
2.526000000000000000e+03,6.397221113729756325e-06,2.392844762653112411e-03
2.527000000000000000e+03,6.388640940713230520e-06,2.473549684509634972e-03
2.528000000000000000e+03,6.376799319696146995e-06,2.591126365587115288e-03
2.529000000000000000e+03,6.365757144521921873e-06,2.706050174310803413e-03
2.530000000000000000e+03,6.355208370223408565e-06,2.848856849595904350e-03
2.531000000000000000e+03,6.345980182231869549e-06,2.882798435166478157e-03
2.532000000000000000e+03,6.338590992527315393e-06,2.878943691030144691e-03
2.533000000000000000e+03,6.329701136564835906e-06,2.812303369864821434e-03
2.534000000000000000e+03,6.328923973342170939e-06,2.727424725890159607e-03
2.535000000000000000e+03,6.321026376099325716e-06,2.591249765828251839e-03
2.536000000000000000e+03,6.310631306405412033e-06,2.700457582250237465e-03
2.537000000000000000e+03,6.306489467533538118e-06,2.738383598625659943e-03
2.538000000000000000e+03,6.299701908574206755e-06,2.810433041304349899e-03
2.539000000000000000e+03,6.291726549534359947e-06,2.836806466802954674e-03
2.540000000000000000e+03,6.283837137743830681e-06,2.845413517206907272e-03
2.541000000000000000e+03,6.275173291214741766e-06,2.801143564283847809e-03
2.542000000000000000e+03,6.264031526370672509e-06,2.762505784630775452e-03
2.543000000000000000e+03,6.254543222894426435e-06,2.729387255385518074e-03
2.544000000000000000e+03,6.244986252568196505e-06,2.697710646316409111e-03
2.545000000000000000e+03,6.236264198378194124e-06,2.658597659319639206e-03
2.546000000000000000e+03,6.225383913260884583e-06,2.623598789796233177e-03
2.547000000000000000e+03,6.219066563062369823e-06,2.589250449091196060e-03
2.548000000000000000e+03,6.212675543793011457e-06,2.571602351963520050e-03
2.549000000000000000e+03,6.208723789313808084e-06,2.603765577077865601e-03
2.550000000000000000e+03,6.205796580616151914e-06,2.590585732832551003e-03
2.551000000000000000e+03,6.197476977831684053e-06,2.510247984901070595e-03
2.552000000000000000e+03,6.191304692038102075e-06,2.316509140655398369e-03
2.553000000000000000e+03,6.198616119945654646e-06,1.701244735158979893e-03
2.554000000000000000e+03,6.182320703373989090e-06,2.043409040197730064e-03
2.555000000000000000e+03,6.171535915200365707e-06,2.181604271754622459e-03
2.556000000000000000e+03,6.158748874440789223e-06,2.149738604202866554e-03
2.557000000000000000e+03,6.145363840914797038e-06,2.140947850421071053e-03
2.558000000000000000e+03,6.197584752953844145e-06,1.395291532389819622e-03
2.559000000000000000e+03,6.136917363619431853e-06,1.907576806843280792e-03
2.560000000000000000e+03,6.118785222497535869e-06,1.691900193691253662e-03
2.561000000000000000e+03,6.099578968132846057e-06,1.524853985756635666e-03
2.562000000000000000e+03,6.088353529776213691e-06,1.534366630949079990e-03
2.563000000000000000e+03,6.073324129829416052e-06,1.554989605210721493e-03
2.564000000000000000e+03,6.064214176149107516e-06,1.693154103122651577e-03
2.565000000000000000e+03,6.056273832655278966e-06,1.691176323220133781e-03
2.566000000000000000e+03,6.045692771294852719e-06,1.660213805735111237e-03
2.567000000000000000e+03,6.037531875335844234e-06,1.679523149505257607e-03
2.568000000000000000e+03,6.028083134879125282e-06,1.670406665652990341e-03
2.569000000000000000e+03,6.023269179422641173e-06,1.640848699025809765e-03
2.570000000000000000e+03,6.019269676471594721e-06,1.637799432501196861e-03
2.571000000000000000e+03,6.014663995301816612e-06,1.625551842153072357e-03
2.572000000000000000e+03,6.010598099237540737e-06,1.627065008506178856e-03
2.573000000000000000e+03,6.003318958391901106e-06,1.611288636922836304e-03
2.574000000000000000e+03,6.093442152632633224e-06,1.923311152495443821e-03
2.575000000000000000e+03,6.001000201649731025e-06,1.650884514674544334e-03
2.576000000000000000e+03,5.992772003082791343e-06,1.669965800829231739e-03
2.577000000000000000e+03,5.983089067740365863e-06,1.699614338576793671e-03
2.578000000000000000e+03,5.972274266241583973e-06,1.746808644384145737e-03
2.579000000000000000e+03,5.962890554656041786e-06,1.853890367783606052e-03
2.580000000000000000e+03,6.010808192513650283e-06,1.493319286964833736e-03
2.581000000000000000e+03,5.956161203357623890e-06,1.756182638928294182e-03
2.582000000000000000e+03,5.946915734966751188e-06,1.704272348433732986e-03
2.583000000000000000e+03,5.939221409789752215e-06,1.664208830334246159e-03
2.584000000000000000e+03,5.929953658778686076e-06,1.566902617923915386e-03
2.585000000000000000e+03,5.923770459048682824e-06,1.474565360695123672e-03
2.586000000000000000e+03,5.915233032283140346e-06,1.372291590087115765e-03
2.587000000000000000e+03,5.908403636567527428e-06,1.350506790913641453e-03
2.588000000000000000e+03,5.903340934310108423e-06,1.384455128572881222e-03
2.589000000000000000e+03,5.895600224903319031e-06,1.496991142630577087e-03
2.590000000000000000e+03,5.895094545849133283e-06,1.586300902999937534e-03
2.591000000000000000e+03,5.890456577617442235e-06,1.542422221973538399e-03
2.592000000000000000e+03,5.880523985979380086e-06,1.694441307336091995e-03
2.593000000000000000e+03,5.873005193279823288e-06,1.617658883333206177e-03
2.594000000000000000e+03,5.857932592334691435e-06,1.356108929030597210e-03
2.595000000000000000e+03,5.849043191119562835e-06,1.234447467140853405e-03
2.596000000000000000e+03,5.992536443955032155e-06,1.117728417739272118e-03
2.597000000000000000e+03,5.847300144523615018e-06,1.221277634613215923e-03
2.598000000000000000e+03,5.834296644025016576e-06,1.082086120732128620e-03
2.599000000000000000e+03,5.828440862387651578e-06,1.089862314984202385e-03
2.600000000000000000e+03,5.817176315758842975e-06,1.094559673219919205e-03
2.601000000000000000e+03,5.808135938423220068e-06,1.094003091566264629e-03
2.602000000000000000e+03,5.801003680971916765e-06,1.008644117973744869e-03
2.603000000000000000e+03,5.792812771687749773e-06,1.032952917739748955e-03
2.604000000000000000e+03,5.789768692920915782e-06,1.023172633722424507e-03
2.605000000000000000e+03,5.787707323179347441e-06,1.004507998004555702e-03
2.606000000000000000e+03,5.785485882370267063e-06,9.983838535845279694e-04
2.607000000000000000e+03,5.781004347227280959e-06,1.012408174574375153e-03
2.608000000000000000e+03,5.776934358436847106e-06,1.027090474963188171e-03
2.609000000000000000e+03,5.772552867711056024e-06,1.118125626817345619e-03
2.610000000000000000e+03,5.765833520854357630e-06,1.102378591895103455e-03
2.611000000000000000e+03,5.753389359597349539e-06,1.048994949087500572e-03
2.612000000000000000e+03,5.746353963331785053e-06,1.033192733302712440e-03
2.613000000000000000e+03,5.738959316659020260e-06,1.001686439849436283e-03
2.614000000000000000e+03,5.733520083595067263e-06,1.003775978460907936e-03
2.615000000000000000e+03,5.730398697778582573e-06,1.016031368635594845e-03
2.616000000000000000e+03,5.727719781134510413e-06,1.046421937644481659e-03
2.617000000000000000e+03,5.725085884478176013e-06,1.073591411113739014e-03
2.618000000000000000e+03,5.721722573071019724e-06,1.093639526516199112e-03
2.619000000000000000e+03,5.720690296584507450e-06,1.177353784441947937e-03
2.620000000000000000e+03,5.713171503884950653e-06,1.091959886252880096e-03
2.621000000000000000e+03,5.892980880162212998e-06,1.246161176823079586e-03
2.622000000000000000e+03,5.708915978175355121e-06,1.104556024074554443e-03
2.623000000000000000e+03,5.699590019503375515e-06,1.102192676626145840e-03
2.624000000000000000e+03,5.683312792825745419e-06,1.099505461752414703e-03
2.625000000000000000e+03,5.674609383277129382e-06,1.031746272929012775e-03
2.626000000000000000e+03,5.663529918820131570e-06,1.073741121217608452e-03
2.627000000000000000e+03,5.654479991790140048e-06,1.080637564882636070e-03
2.628000000000000000e+03,5.651386345562059432e-06,1.179212704300880432e-03
2.629000000000000000e+03,5.641583811666350812e-06,1.121834502555429935e-03
2.630000000000000000e+03,5.636064543068641797e-06,1.102023059502243996e-03
2.631000000000000000e+03,5.629841325571760535e-06,1.075955107808113098e-03
2.632000000000000000e+03,5.625312496704282239e-06,1.073049264959990978e-03
2.633000000000000000e+03,5.620180672849528491e-06,1.083998824469745159e-03
2.634000000000000000e+03,5.615049303742125630e-06,1.110023469664156437e-03
2.635000000000000000e+03,5.608319952443707734e-06,1.120170112699270248e-03
2.636000000000000000e+03,5.596827122644754127e-06,1.077301800251007080e-03
2.637000000000000000e+03,5.586233783105853945e-06,1.025541685521602631e-03
2.638000000000000000e+03,5.577482625085394830e-06,1.026282319799065590e-03
2.639000000000000000e+03,5.573323505814187229e-06,9.902653982862830162e-04
2.640000000000000000e+03,5.564505954680498689e-06,9.957348229363560677e-04
2.641000000000000000e+03,5.556358701142016798e-06,9.934391127899289131e-04
2.642000000000000000e+03,5.547093678615055978e-06,9.769208263605833054e-04
2.643000000000000000e+03,5.540825441130436957e-06,9.776817169040441513e-04
2.644000000000000000e+03,5.533474450203357264e-06,9.984198259189724922e-04
2.645000000000000000e+03,5.528637757379328832e-06,1.003785990178585052e-03
2.646000000000000000e+03,5.524165317183360457e-06,9.873172966763377190e-04
2.647000000000000000e+03,5.518759280676022172e-06,9.749662713147699833e-04
2.648000000000000000e+03,5.510672963282559067e-06,9.655105532146990299e-04
2.649000000000000000e+03,5.503337888512760401e-06,9.561956976540386677e-04
2.650000000000000000e+03,5.498941845871740952e-06,9.473708923906087875e-04
2.651000000000000000e+03,5.510703431355068460e-06,9.748657466843724251e-04
2.652000000000000000e+03,5.496899575518909842e-06,9.424560703337192535e-04
2.653000000000000000e+03,5.490750481840223074e-06,9.575552539899945259e-04
2.654000000000000000e+03,5.484394932864233851e-06,9.364250581711530685e-04
2.655000000000000000e+03,5.477997547131963074e-06,9.620009805075824261e-04
2.656000000000000000e+03,5.472170414577703923e-06,1.043135533109307289e-03
2.657000000000000000e+03,5.555082680075429380e-06,1.101622707210481167e-03
2.658000000000000000e+03,5.471778877108590677e-06,1.046200166456401348e-03
2.659000000000000000e+03,5.469846655614674091e-06,1.077475491911172867e-03
2.660000000000000000e+03,5.464562491397373378e-06,1.163694658316671848e-03
2.661000000000000000e+03,5.459622116177342832e-06,1.111083431169390678e-03
2.662000000000000000e+03,5.453701305668801069e-06,1.045119483023881912e-03
2.663000000000000000e+03,5.444286671263398603e-06,9.590042172931134701e-04
2.664000000000000000e+03,5.436335868580499664e-06,9.508791845291852951e-04
2.665000000000000000e+03,5.471955319080734625e-06,1.001999131403863430e-03
2.666000000000000000e+03,5.429411430668551475e-06,9.603945654816925526e-04
2.667000000000000000e+03,5.421652986115077510e-06,9.594748262315988541e-04
2.668000000000000000e+03,5.414645329437917098e-06,1.010982086881995201e-03
2.669000000000000000e+03,5.405875526776071638e-06,1.087369862943887711e-03
2.670000000000000000e+03,5.390579644881654531e-06,1.158437924459576607e-03
2.671000000000000000e+03,5.376326498662820086e-06,1.288449740968644619e-03
2.672000000000000000e+03,5.363182935980148613e-06,1.331703970208764076e-03
2.673000000000000000e+03,5.354083441488910466e-06,1.358310226351022720e-03
2.674000000000000000e+03,5.346752914192620665e-06,1.296331058256328106e-03
2.675000000000000000e+03,5.338525170373031870e-06,1.289127627387642860e-03
2.676000000000000000e+03,5.338799383025616407e-06,1.397316227667033672e-03
2.677000000000000000e+03,5.329784471541643143e-06,1.340726157650351524e-03
2.678000000000000000e+03,5.322794095263816416e-06,1.333887688815593719e-03
2.679000000000000000e+03,5.314555892255157232e-06,1.343724899925291538e-03
2.680000000000000000e+03,5.335174137144349515e-06,1.466038404032588005e-03
2.681000000000000000e+03,5.311218046699650586e-06,1.374124782159924507e-03
2.682000000000000000e+03,5.306231287249829620e-06,1.331183826550841331e-03
2.683000000000000000e+03,5.302485988067928702e-06,1.271151821129024029e-03
2.684000000000000000e+03,5.297684310789918527e-06,1.205657375976443291e-03
2.685000000000000000e+03,5.290133685775799677e-06,1.133697223849594593e-03
2.686000000000000000e+03,5.283847713144496083e-06,1.086554839275777340e-03
2.687000000000000000e+03,5.278736807667883113e-06,1.133915851823985577e-03
2.688000000000000000e+03,5.272901944408658892e-06,1.088158693164587021e-03
2.689000000000000000e+03,5.267318101687123999e-06,1.082020229659974575e-03
2.690000000000000000e+03,5.260970738163450733e-06,1.053105224855244160e-03
2.691000000000000000e+03,5.256154508970212191e-06,1.020438969135284424e-03
2.692000000000000000e+03,5.250110461929580197e-06,9.683066164143383503e-04
2.693000000000000000e+03,5.243805389909539372e-06,9.386763558723032475e-04
2.694000000000000000e+03,5.239709480520104989e-06,9.422104922123253345e-04
2.695000000000000000e+03,5.235365733824437484e-06,9.492314420640468597e-04
2.696000000000000000e+03,5.231207524047931656e-06,9.470360237173736095e-04
2.697000000000000000e+03,5.225981567491544411e-06,9.469597716815769672e-04
2.698000000000000000e+03,5.227054771239636466e-06,9.479066357016563416e-04
2.699000000000000000e+03,5.223773769102990627e-06,9.423654992133378983e-04
2.700000000000000000e+03,5.223316293267998844e-06,9.496872080489993095e-04
2.701000000000000000e+03,5.216406407271279022e-06,9.453496895730495453e-04
2.702000000000000000e+03,5.212611085880780593e-06,9.567684610374271870e-04
2.703000000000000000e+03,5.200843588681891561e-06,9.464307804591953754e-04
2.704000000000000000e+03,5.193679044168675318e-06,9.403604199178516865e-04
2.705000000000000000e+03,5.187278929952299222e-06,9.488060022704303265e-04
2.706000000000000000e+03,5.182480890653096139e-06,9.605437517166137695e-04
2.707000000000000000e+03,5.177361344976816326e-06,9.815400699153542519e-04
2.708000000000000000e+03,5.172222699911799282e-06,9.990079561248421669e-04
2.709000000000000000e+03,5.167079052625922486e-06,1.009904081001877785e-03
2.710000000000000000e+03,5.162783054402098060e-06,1.009853323921561241e-03
2.711000000000000000e+03,5.158497515367344022e-06,1.012543682008981705e-03
2.712000000000000000e+03,5.156979113962734118e-06,1.032048487104475498e-03
2.713000000000000000e+03,5.150752258487045765e-06,1.067593111656606197e-03
2.714000000000000000e+03,5.148347099748207256e-06,9.713576873764395714e-04
2.715000000000000000e+03,5.144791884958976880e-06,9.689742582850158215e-04
2.716000000000000000e+03,5.141698238730896264e-06,9.626098326407372952e-04
2.717000000000000000e+03,5.137175776326330379e-06,9.396296227350831032e-04
2.718000000000000000e+03,5.134847469889791682e-06,9.237573249265551567e-04
2.719000000000000000e+03,5.141463134350487962e-06,8.579827845096588135e-04
2.720000000000000000e+03,5.126370069774566218e-06,8.895462960936129093e-04
2.721000000000000000e+03,5.120062269270420074e-06,9.090004023164510727e-04
2.722000000000000000e+03,5.112301550980191678e-06,1.002669450826942921e-03
2.723000000000000000e+03,5.108423010824481025e-06,1.057127839885652065e-03
2.724000000000000000e+03,5.105650870973477140e-06,1.132705365307629108e-03
2.725000000000000000e+03,5.103990588395390660e-06,1.136679667979478836e-03
2.726000000000000000e+03,5.100142061564838514e-06,1.093723578378558159e-03
2.727000000000000000e+03,5.094705556984990835e-06,1.036043395288288593e-03
2.728000000000000000e+03,5.089384103484917432e-06,9.012381196953356266e-04
2.729000000000000000e+03,5.081194558442803100e-06,9.076003916561603546e-04
2.730000000000000000e+03,5.070248789706965908e-06,8.806503028608858585e-04
2.731000000000000000e+03,5.058171154814772308e-06,8.606583578512072563e-04
2.732000000000000000e+03,5.049800165579654276e-06,8.038179948925971985e-04
2.733000000000000000e+03,5.050416348240105435e-06,8.287762757390737534e-04
2.734000000000000000e+03,5.041802523919614032e-06,8.132606162689626217e-04
2.735000000000000000e+03,5.029826752434018999e-06,7.718458073213696480e-04
2.736000000000000000e+03,5.017956027586478740e-06,7.668432663194835186e-04
2.737000000000000000e+03,5.010153472539968789e-06,7.698886911384761333e-04
2.738000000000000000e+03,5.001110366720240563e-06,7.714499952271580696e-04
2.739000000000000000e+03,4.989541594113688916e-06,7.742524030618369579e-04
2.740000000000000000e+03,4.975870069756638259e-06,7.723401649855077267e-04
2.741000000000000000e+03,4.971880571247311309e-06,7.751898374408483505e-04
2.742000000000000000e+03,4.957071723765693605e-06,7.563894614577293396e-04
2.743000000000000000e+03,4.948501100443536416e-06,7.590352324768900871e-04
2.744000000000000000e+03,4.937883204547688365e-06,7.661630515940487385e-04
2.745000000000000000e+03,4.930916475132107735e-06,7.760119042359292507e-04
2.746000000000000000e+03,4.925667781208176166e-06,7.842667982913553715e-04
2.747000000000000000e+03,4.918004833598388359e-06,7.682461873628199100e-04
2.748000000000000000e+03,4.910178176942281425e-06,7.442754576914012432e-04
2.749000000000000000e+03,4.905233254248742014e-06,7.213091012090444565e-04
2.750000000000000000e+03,4.901613920083036646e-06,7.205227739177644253e-04
2.751000000000000000e+03,4.897498911304865032e-06,7.309183711186051369e-04
2.752000000000000000e+03,4.888630883215228096e-06,7.526265690103173256e-04
2.753000000000000000e+03,4.903469744022004306e-06,1.018769573420286179e-03
2.754000000000000000e+03,4.881118911725934595e-06,8.280964102596044540e-04
2.755000000000000000e+03,4.877184437646064907e-06,9.903325699269771576e-04
2.756000000000000000e+03,4.922283551422879100e-06,8.284426876343786716e-04
2.757000000000000000e+03,4.873934358329279348e-06,9.314357303082942963e-04
2.758000000000000000e+03,4.862263267568778247e-06,9.418558329343795776e-04
2.759000000000000000e+03,4.852628535445546731e-06,9.866603650152683258e-04
2.760000000000000000e+03,4.846963292948203161e-06,1.148030976764857769e-03
2.761000000000000000e+03,4.841983809455996379e-06,1.242889207787811756e-03
2.762000000000000000e+03,4.835524123336654156e-06,1.410513650625944138e-03
2.763000000000000000e+03,4.831885689782211557e-06,1.464024302549660206e-03
2.764000000000000000e+03,4.827047632716130465e-06,1.545926439575850964e-03
2.765000000000000000e+03,4.824698862648801878e-06,1.551070134155452251e-03
2.766000000000000000e+03,4.821977654501097277e-06,1.544696046039462090e-03
2.767000000000000000e+03,4.819765763386385515e-06,1.535430084913969040e-03
2.768000000000000000e+03,4.814670774067053571e-06,1.518617267720401287e-03
2.769000000000000000e+03,4.820532922167330980e-06,1.427174662239849567e-03
2.770000000000000000e+03,4.813462510355748236e-06,1.488394103944301605e-03
2.771000000000000000e+03,4.807476216228678823e-06,1.548455678857862949e-03
2.772000000000000000e+03,4.803972842637449503e-06,1.546855084598064423e-03
2.773000000000000000e+03,4.798195732291787863e-06,1.490894588641822338e-03
2.774000000000000000e+03,4.794216692971531302e-06,1.411286764778196812e-03
2.775000000000000000e+03,4.788013484358089045e-06,1.274749985896050930e-03
2.776000000000000000e+03,4.783793428941862658e-06,1.195951597765088081e-03
2.777000000000000000e+03,4.777144113177200779e-06,1.156907761469483376e-03
2.778000000000000000e+03,4.768256985698826611e-06,1.107608899474143982e-03
2.779000000000000000e+03,4.766756319440901279e-06,1.049573766067624092e-03
2.780000000000000000e+03,4.752085715153953061e-06,9.933102410286664963e-04
2.781000000000000000e+03,4.746882950712461025e-06,9.973590495064854622e-04
2.782000000000000000e+03,4.742976216220995411e-06,9.474024409428238869e-04
2.783000000000000000e+03,4.738403731607832015e-06,9.035666589625179768e-04
2.784000000000000000e+03,4.739370979223167524e-06,8.838318753987550735e-04
2.785000000000000000e+03,4.736210030387155712e-06,8.942343993112444878e-04
2.786000000000000000e+03,4.732259640150004998e-06,8.368477574549615383e-04
2.787000000000000000e+03,4.727298801299184561e-06,8.538574911653995514e-04
2.788000000000000000e+03,4.719872777059208602e-06,8.718445897102355957e-04
2.789000000000000000e+03,4.715087925433181226e-06,8.868582663126289845e-04
2.790000000000000000e+03,4.710866051027551293e-06,9.347425075247883797e-04
2.791000000000000000e+03,4.708988853963091969e-06,8.740025805309414864e-04
2.792000000000000000e+03,4.703637387137860060e-06,9.167102398350834846e-04
2.793000000000000000e+03,4.701786565419752151e-06,9.366754093207418919e-04
2.794000000000000000e+03,4.697818894783267751e-06,9.632940636947751045e-04
2.795000000000000000e+03,4.694165909313596785e-06,9.451106889173388481e-04
2.796000000000000000e+03,4.692732545663602650e-06,9.067563223652541637e-04
2.797000000000000000e+03,4.688082754000788555e-06,8.851408492773771286e-04
2.798000000000000000e+03,4.684344730776501819e-06,9.249225258827209473e-04
2.799000000000000000e+03,4.679547600972000510e-06,9.225808316841721535e-04
2.800000000000000000e+03,4.669363988796249032e-06,9.450027719140052795e-04
2.801000000000000000e+03,4.664798780140699819e-06,9.867404587566852570e-04
2.802000000000000000e+03,4.659664227801840752e-06,1.259309821762144566e-03
2.803000000000000000e+03,4.652995812648441643e-06,1.291541266255080700e-03
2.804000000000000000e+03,4.649312359106261283e-06,1.234602765180170536e-03
2.805000000000000000e+03,4.640854967874474823e-06,1.151952543295919895e-03
2.806000000000000000e+03,4.632478976418497041e-06,9.479256113991141319e-04
2.807000000000000000e+03,4.623736458597704768e-06,9.278972866013646126e-04
2.808000000000000000e+03,4.615365469362586737e-06,9.313880582340061665e-04
2.809000000000000000e+03,4.613827968569239601e-06,9.297532960772514343e-04
2.810000000000000000e+03,4.610285941453184932e-06,9.417318506166338921e-04
2.811000000000000000e+03,4.608827566698892042e-06,9.461773443035781384e-04
2.812000000000000000e+03,4.606184120348189026e-06,9.525112691335380077e-04
2.813000000000000000e+03,4.603517027135239914e-06,9.551254916004836559e-04
2.814000000000000000e+03,4.599490694090491161e-06,9.383495780639350414e-04
2.815000000000000000e+03,4.596976850734790787e-06,9.752834448590874672e-04
2.816000000000000000e+03,4.593603080138564110e-06,9.735159110277891159e-04
2.817000000000000000e+03,4.588623596646357328e-06,9.845092426985502243e-04
2.818000000000000000e+03,4.585036549542564899e-06,1.019327901303768158e-03
2.819000000000000000e+03,4.579375399771379307e-06,1.104081631638109684e-03
2.820000000000000000e+03,4.574659669742686674e-06,1.183262094855308533e-03
2.821000000000000000e+03,4.567612904793350026e-06,1.188430469483137131e-03
2.822000000000000000e+03,4.561663899949053302e-06,1.205920358188450336e-03
2.823000000000000000e+03,4.552786322165047750e-06,1.177517930045723915e-03
2.824000000000000000e+03,4.604740752256475389e-06,1.157879945822060108e-03
2.825000000000000000e+03,4.549911409412743524e-06,1.169829280115664005e-03
2.826000000000000000e+03,4.545359388430370018e-06,1.106451614759862423e-03
2.827000000000000000e+03,4.536700544122140855e-06,1.016342546790838242e-03
2.828000000000000000e+03,4.532494585873791948e-06,1.004973659291863441e-03
2.829000000000000000e+03,4.528759745880961418e-06,1.019088318571448326e-03
2.830000000000000000e+03,4.526394150161650032e-06,1.038855873048305511e-03
2.831000000000000000e+03,4.524311407294590026e-06,1.067262724973261356e-03
2.832000000000000000e+03,4.523314146354096010e-06,1.094959327019751072e-03
2.833000000000000000e+03,4.519845788308884948e-06,1.141696469858288765e-03
2.834000000000000000e+03,4.517597062658751383e-06,9.018920827656984329e-04
2.835000000000000000e+03,4.509100563154788688e-06,9.650367428548634052e-04
2.836000000000000000e+03,4.502929186855908483e-06,9.650107240304350853e-04
2.837000000000000000e+03,4.493258984439307824e-06,9.788087336346507072e-04
2.838000000000000000e+03,4.482953499973518774e-06,9.682724485173821449e-04
2.839000000000000000e+03,4.479069957596948370e-06,9.909472428262233734e-04
2.840000000000000000e+03,4.473864009924000129e-06,9.457601117901504040e-04
2.841000000000000000e+03,4.469827672437531874e-06,9.535696590319275856e-04
2.842000000000000000e+03,4.465603524295147508e-06,9.815756930038332939e-04
2.843000000000000000e+03,4.463133791432483122e-06,1.019293675199151039e-03
2.844000000000000000e+03,4.461212938622338697e-06,1.056317589245736599e-03
2.845000000000000000e+03,4.459921456145821139e-06,1.078355358913540840e-03
2.846000000000000000e+03,4.459081537788733840e-06,1.087052281945943832e-03
2.847000000000000000e+03,4.457045179151464254e-06,1.090230769477784634e-03
2.848000000000000000e+03,4.453842848306521773e-06,1.127160969190299511e-03
2.849000000000000000e+03,4.494405857258243486e-06,9.011885849758982658e-04
2.850000000000000000e+03,4.451696440810337663e-06,1.077654073014855385e-03
2.851000000000000000e+03,4.448602339834906161e-06,1.111795660108327866e-03
2.852000000000000000e+03,4.445221748028416187e-06,1.152585376985371113e-03
2.853000000000000000e+03,4.442518729774747044e-06,1.165263704024255276e-03
2.854000000000000000e+03,4.437343704921659082e-06,1.197416451759636402e-03
2.855000000000000000e+03,4.490953870117664337e-06,1.292359549552202225e-03
2.856000000000000000e+03,4.436282324604690075e-06,1.207268098369240761e-03
2.857000000000000000e+03,4.431907655089162290e-06,1.236642943695187569e-03
2.858000000000000000e+03,4.435633854882325977e-06,1.320418086834251881e-03
2.859000000000000000e+03,4.429659838933730498e-06,1.268064719624817371e-03
2.860000000000000000e+03,4.426044597494183108e-06,1.264749560505151749e-03
2.861000000000000000e+03,4.419458946358645335e-06,1.256173825822770596e-03
2.862000000000000000e+03,4.416326191858388484e-06,1.220733975060284138e-03
2.863000000000000000e+03,4.413364422362064943e-06,1.197149278596043587e-03
2.864000000000000000e+03,4.410690962686203420e-06,1.183022744953632355e-03
2.865000000000000000e+03,4.406337211548816413e-06,1.178445643745362759e-03
2.866000000000000000e+03,4.401052592584164813e-06,1.153041026555001736e-03
2.867000000000000000e+03,4.397199973027454689e-06,1.237272284924983978e-03
2.868000000000000000e+03,4.413054284668760374e-06,1.117801410146057606e-03
2.869000000000000000e+03,4.394837105792248622e-06,1.203070976771414280e-03
2.870000000000000000e+03,4.392340997583232820e-06,1.206077402457594872e-03
2.871000000000000000e+03,4.390162303025135770e-06,1.211508992128074169e-03
2.872000000000000000e+03,4.388296929391799495e-06,1.206552260555326939e-03
2.873000000000000000e+03,4.386152795632369816e-06,1.171077601611614227e-03
2.874000000000000000e+03,4.383872237667674199e-06,1.122159184888005257e-03
2.875000000000000000e+03,4.383150098874466494e-06,8.972957730293273926e-04
2.876000000000000000e+03,4.378130597615381703e-06,9.589074179530143738e-04
2.877000000000000000e+03,4.372383500594878569e-06,9.496149723418056965e-04
2.878000000000000000e+03,4.369091584521811455e-06,9.631367865949869156e-04
2.879000000000000000e+03,4.366822395240888000e-06,9.635774767957627773e-04
2.880000000000000000e+03,4.363555490272119641e-06,9.574266732670366764e-04
2.881000000000000000e+03,4.360861112218117341e-06,9.511730168014764786e-04
2.882000000000000000e+03,4.357941634225426242e-06,9.290176676586270332e-04
2.883000000000000000e+03,4.355584678705781698e-06,9.206518880091607571e-04
2.884000000000000000e+03,4.353045369498431683e-06,9.190070559270679951e-04
2.885000000000000000e+03,4.349923528934596106e-06,9.402325958944857121e-04
2.886000000000000000e+03,4.346799414634006098e-06,1.075605978257954121e-03
2.887000000000000000e+03,4.374553554953308776e-06,9.533361298963427544e-04
2.888000000000000000e+03,4.344722583482507616e-06,1.045846845954656601e-03
2.889000000000000000e+03,4.340452505857683718e-06,1.018926035612821579e-03
2.890000000000000000e+03,4.345836714492179453e-06,1.175001962110400200e-03
2.891000000000000000e+03,4.338130565884057432e-06,1.070513972081243992e-03
2.892000000000000000e+03,4.335503490437986329e-06,1.077547203749418259e-03
2.893000000000000000e+03,4.331478521635290235e-06,1.072230399586260319e-03
2.894000000000000000e+03,4.330292085796827450e-06,1.105208648368716240e-03
2.895000000000000000e+03,4.325786903791595250e-06,1.088764169253408909e-03
2.896000000000000000e+03,4.322877430240623653e-06,1.081144902855157852e-03
2.897000000000000000e+03,4.321311735111521557e-06,1.080720336176455021e-03
2.898000000000000000e+03,4.319714662415208295e-06,1.093459664843976498e-03
2.899000000000000000e+03,4.317999355407664552e-06,1.091531710699200630e-03
2.900000000000000000e+03,4.315904789109481499e-06,1.073402818292379379e-03
2.901000000000000000e+03,4.312051260058069602e-06,1.039095572195947170e-03
2.902000000000000000e+03,4.325834197516087443e-06,9.192808647640049458e-04
2.903000000000000000e+03,4.310387794248526916e-06,1.007376005873084068e-03
2.904000000000000000e+03,4.307432391215115786e-06,1.006858074106276035e-03
2.905000000000000000e+03,4.303635705582564697e-06,1.028101192787289619e-03
2.906000000000000000e+03,4.299498414184199646e-06,1.047975732944905758e-03
2.907000000000000000e+03,4.294721293263137341e-06,1.111258286982774734e-03
2.908000000000000000e+03,4.288421678211307153e-06,1.045542885549366474e-03
2.909000000000000000e+03,4.282205281924689189e-06,1.044900505803525448e-03
2.910000000000000000e+03,4.274605998944025487e-06,1.003307872451841831e-03
2.911000000000000000e+03,4.271541001799050719e-06,9.801436681300401688e-04
2.912000000000000000e+03,4.265728421160019934e-06,9.505061316303908825e-04
2.913000000000000000e+03,4.262060429027769715e-06,9.615275776013731956e-04
2.914000000000000000e+03,4.259503839421086013e-06,1.021777512505650520e-03
2.915000000000000000e+03,4.257632099324837327e-06,1.099132467061281204e-03
2.916000000000000000e+03,4.254754912835778669e-06,1.156706828624010086e-03
2.917000000000000000e+03,4.251057362125720829e-06,1.127513824030756950e-03
2.918000000000000000e+03,4.405662821227451786e-06,2.173777669668197632e-03
2.919000000000000000e+03,4.249717221682658419e-06,1.193751115351915359e-03
2.920000000000000000e+03,4.255417024978669360e-06,1.104859984479844570e-03
2.921000000000000000e+03,4.248736786394147202e-06,1.168537652119994164e-03
2.922000000000000000e+03,4.252482540323399007e-06,9.688123827800154686e-04
2.923000000000000000e+03,4.245079253450967371e-06,1.079707290045917034e-03
2.924000000000000000e+03,4.242399882059544325e-06,1.075829262845218182e-03
2.925000000000000000e+03,4.238698693370679393e-06,1.073024934157729149e-03
2.926000000000000000e+03,4.236339464114280418e-06,1.093683647923171520e-03
2.927000000000000000e+03,4.233299478073604405e-06,1.126957940869033337e-03
2.928000000000000000e+03,4.229902970109833404e-06,1.150569762103259563e-03
2.929000000000000000e+03,4.227312274451833218e-06,1.090307952836155891e-03
2.930000000000000000e+03,4.223126325086923316e-06,1.074408646672964096e-03
2.931000000000000000e+03,4.219886704959208146e-06,1.045360695570707321e-03
2.932000000000000000e+03,4.215403805574169382e-06,1.051787519827485085e-03
2.933000000000000000e+03,4.209828603052301332e-06,1.109938020817935467e-03
2.934000000000000000e+03,4.205858203931711614e-06,1.128057250753045082e-03
2.935000000000000000e+03,4.202481704851379618e-06,1.150474301539361477e-03
2.936000000000000000e+03,4.200038802082417533e-06,1.158359926193952560e-03
2.937000000000000000e+03,4.198163878754712641e-06,1.112939906306564808e-03
2.938000000000000000e+03,4.193964286969276145e-06,1.027840888127684593e-03
2.939000000000000000e+03,4.189017545286333188e-06,9.241392253898084164e-04
2.940000000000000000e+03,4.182438260613707826e-06,8.428682340309023857e-04
2.941000000000000000e+03,4.202863237878773361e-06,7.324613980017602444e-04
2.942000000000000000e+03,4.181026270089205354e-06,8.149884524755179882e-04
2.943000000000000000e+03,4.196966074232477695e-06,1.011042506434023380e-03
2.944000000000000000e+03,4.174587502348003909e-06,8.805058314464986324e-04
2.945000000000000000e+03,4.168532541370950639e-06,9.386366000398993492e-04
2.946000000000000000e+03,4.160487151239067316e-06,1.032170839607715607e-03
2.947000000000000000e+03,4.157187959208386019e-06,1.051394268870353699e-03
2.948000000000000000e+03,4.153761892666807398e-06,1.030492479912936687e-03
2.949000000000000000e+03,4.151070243096910417e-06,9.899638826027512550e-04
2.950000000000000000e+03,4.148605057707754895e-06,9.501997847110033035e-04
2.951000000000000000e+03,4.144960712437750772e-06,9.619339252822101116e-04
2.952000000000000000e+03,4.143420483160298318e-06,8.690166869200766087e-04
2.953000000000000000e+03,4.138984422752400860e-06,1.112868543714284897e-03
2.954000000000000000e+03,4.135953076911391690e-06,1.026454381644725800e-03
2.955000000000000000e+03,4.133081802137894556e-06,1.002350938506424427e-03
2.956000000000000000e+03,4.128341061004903167e-06,9.113735868595540524e-04
2.957000000000000000e+03,4.125316536374157295e-06,8.852133178152143955e-04
2.958000000000000000e+03,4.121062374906614423e-06,8.520322153344750404e-04
2.959000000000000000e+03,4.116734089620877057e-06,8.479911484755575657e-04
2.960000000000000000e+03,4.113732302357675508e-06,9.171109413728117943e-04
2.961000000000000000e+03,4.107970653421944007e-06,9.247703710570931435e-04
2.962000000000000000e+03,4.103596438653767109e-06,9.450400248169898987e-04
2.963000000000000000e+03,4.096082648175070062e-06,1.041850191541016102e-03
2.964000000000000000e+03,4.087773959327023476e-06,1.109459088183939457e-03
2.965000000000000000e+03,4.079653990629594773e-06,1.149940770119428635e-03
2.966000000000000000e+03,4.074602657055947930e-06,1.121804234571754932e-03
2.967000000000000000e+03,4.071494458912638947e-06,1.103477785363793373e-03
2.968000000000000000e+03,4.070126124133821577e-06,1.100647496059536934e-03
2.969000000000000000e+03,4.068143425683956593e-06,1.129057025536894798e-03
2.970000000000000000e+03,4.065313987666741014e-06,1.181922736577689648e-03
2.971000000000000000e+03,4.061184881720691919e-06,1.258654519915580750e-03
2.972000000000000000e+03,4.062784682901110500e-06,1.288885367102921009e-03
2.973000000000000000e+03,4.059665570821380243e-06,1.270965323783457279e-03
2.974000000000000000e+03,4.056316811329452321e-06,1.275189453735947609e-03
2.975000000000000000e+03,4.052961685374611989e-06,1.264116493985056877e-03
2.976000000000000000e+03,4.054468718095449731e-06,1.089975587092339993e-03
2.977000000000000000e+03,4.052479653182672337e-06,1.198926824145019054e-03
2.978000000000000000e+03,4.049943072459427640e-06,1.174429897218942642e-03
2.979000000000000000e+03,4.047955371788702905e-06,1.134407124482095242e-03
2.980000000000000000e+03,4.043049557367339730e-06,1.043394324369728565e-03
2.981000000000000000e+03,4.039045052195433527e-06,9.423659648746252060e-04
2.982000000000000000e+03,4.035826805193210021e-06,9.165776427835226059e-04
2.983000000000000000e+03,4.032761808048235252e-06,8.931171032600104809e-04
2.984000000000000000e+03,4.046143203595420346e-06,8.063659770414233208e-04
2.985000000000000000e+03,4.031944627058692276e-06,8.735214942134916782e-04
2.986000000000000000e+03,4.029764568258542567e-06,8.597814012318849564e-04
2.987000000000000000e+03,4.028569492220412940e-06,8.477505180053412914e-04
2.988000000000000000e+03,4.027577233500778675e-06,8.363155066035687923e-04
2.989000000000000000e+03,4.026372153020929545e-06,8.202350581996142864e-04
2.990000000000000000e+03,4.024843292427249253e-06,8.001458481885492802e-04
2.991000000000000000e+03,4.022489974886411801e-06,8.003091206774115562e-04
2.992000000000000000e+03,4.020531378046143800e-06,8.158320561051368713e-04
2.993000000000000000e+03,4.017294031655183062e-06,8.383226813748478889e-04
2.994000000000000000e+03,4.013962552562588826e-06,8.789055864326655865e-04
2.995000000000000000e+03,4.009725671494379640e-06,9.409260237589478493e-04
2.996000000000000000e+03,4.028011517220875248e-06,1.275144401006400585e-03
2.997000000000000000e+03,4.008751602668780833e-06,9.922354947775602341e-04
2.998000000000000000e+03,4.004909442301141098e-06,1.027469174005091190e-03
2.999000000000000000e+03,4.003368758276337758e-06,1.022273907437920570e-03
3.000000000000000000e+03,4.001704837719444185e-06,9.990357793867588043e-04
3.001000000000000000e+03,4.000145509053254500e-06,9.681947412900626659e-04
3.002000000000000000e+03,3.998639840574469417e-06,9.396833484061062336e-04
3.003000000000000000e+03,3.997510702902218327e-06,9.217816404998302460e-04
3.004000000000000000e+03,3.995667611889075488e-06,9.038374410010874271e-04
3.005000000000000000e+03,3.994288817921187729e-06,8.995599346235394478e-04
3.006000000000000000e+03,3.992085112258791924e-06,8.627481292933225632e-04
3.007000000000000000e+03,3.991003723058383912e-06,8.652929100207984447e-04
3.008000000000000000e+03,3.988671778643038124e-06,8.659980958327651024e-04
3.009000000000000000e+03,3.994784037786303088e-06,8.402682724408805370e-04
3.010000000000000000e+03,3.988367552665295079e-06,8.594397222623229027e-04
3.011000000000000000e+03,3.986393494415096939e-06,8.643976761959493160e-04
3.012000000000000000e+03,3.983027909271186218e-06,8.885906427167356014e-04
3.013000000000000000e+03,3.980266683356603608e-06,9.196272585541009903e-04
3.014000000000000000e+03,3.979654138674959540e-06,1.027194783091545105e-03
3.015000000000000000e+03,3.975710114900721237e-06,1.010612701065838337e-03
3.016000000000000000e+03,3.973666480305837467e-06,9.972505504265427589e-04
3.017000000000000000e+03,3.971034402638906613e-06,1.003055251203477383e-03
3.018000000000000000e+03,3.969404588133329526e-06,1.026815269142389297e-03
3.019000000000000000e+03,3.966486929130041972e-06,1.058639609254896641e-03
3.020000000000000000e+03,3.962377377320080996e-06,1.041122479364275932e-03
3.021000000000000000e+03,3.963926246797200292e-06,1.107132760807871819e-03
3.022000000000000000e+03,3.958923116442747414e-06,1.069072517566382885e-03
3.023000000000000000e+03,3.955742158723296598e-06,1.028441358357667923e-03
3.024000000000000000e+03,3.948560788558097556e-06,9.127639932557940483e-04
3.025000000000000000e+03,3.994500275439349934e-06,8.353184675797820091e-04
3.026000000000000000e+03,3.947503955714637414e-06,8.989787893369793892e-04
3.027000000000000000e+03,3.943415322282817215e-06,8.190741646103560925e-04
3.028000000000000000e+03,3.936034772777929902e-06,7.804266642779111862e-04
3.029000000000000000e+03,3.926962108380394056e-06,7.995672058314085007e-04
3.030000000000000000e+03,3.917297362932004035e-06,8.378171478398144245e-04
3.031000000000000000e+03,3.913376986020011827e-06,8.544140146113932133e-04
3.032000000000000000e+03,3.907835889549460262e-06,9.028878994286060333e-04
3.033000000000000000e+03,3.904457116732373834e-06,9.531066170893609524e-04
3.034000000000000000e+03,3.901178388332482427e-06,1.006181584671139717e-03
3.035000000000000000e+03,3.898189333995105699e-06,1.052469131536781788e-03
3.036000000000000000e+03,3.896618181897792965e-06,1.041186740621924400e-03
3.037000000000000000e+03,3.894529072567820549e-06,1.049488899298012257e-03
3.038000000000000000e+03,3.891812866640975699e-06,1.051444211043417454e-03
3.039000000000000000e+03,3.888629635184770450e-06,1.061544986441731453e-03
3.040000000000000000e+03,3.883700173901161179e-06,1.206571352668106556e-03
3.041000000000000000e+03,3.888922947226092219e-06,1.237488002516329288e-03
3.042000000000000000e+03,3.879799805872607976e-06,1.216952688992023468e-03
3.043000000000000000e+03,3.873581590596586466e-06,1.233365503139793873e-03
3.044000000000000000e+03,3.865531652991194278e-06,1.229084678925573826e-03
3.045000000000000000e+03,3.859075150103308260e-06,1.188560621812939644e-03
3.046000000000000000e+03,3.869454303639940917e-06,8.634551195427775383e-04
3.047000000000000000e+03,3.856411694869166240e-06,1.066323253326117992e-03
3.048000000000000000e+03,3.849732820526696742e-06,1.091213081963360310e-03
3.049000000000000000e+03,3.847661901090759784e-06,1.022516749799251556e-03
3.050000000000000000e+03,3.843961167149245739e-06,1.057931105606257915e-03
3.051000000000000000e+03,3.841868419840466231e-06,1.074837055057287216e-03
3.052000000000000000e+03,3.838709744741208851e-06,1.092468271963298321e-03
3.053000000000000000e+03,3.836434188997372985e-06,1.121295499615371227e-03
3.054000000000000000e+03,3.834072231256868690e-06,1.145915826782584190e-03
3.055000000000000000e+03,3.832725269603542984e-06,1.176535850390791893e-03
3.056000000000000000e+03,3.831161393463844433e-06,1.194431562907993793e-03
3.057000000000000000e+03,3.829457455140072852e-06,1.208559959195554256e-03
3.058000000000000000e+03,3.826699867204297334e-06,1.232877024449408054e-03
3.059000000000000000e+03,3.842079877358628437e-06,1.245681080035865307e-03
3.060000000000000000e+03,3.825616204267134890e-06,1.234757481142878532e-03
3.061000000000000000e+03,3.822224698524223641e-06,1.231400063261389732e-03
3.062000000000000000e+03,3.818672666966449469e-06,1.213740790262818336e-03
3.063000000000000000e+03,3.814865522144827992e-06,1.208977890200912952e-03
3.064000000000000000e+03,3.811353963101282716e-06,1.200821250677108765e-03
3.065000000000000000e+03,3.809119107245351188e-06,1.181399100460112095e-03
3.066000000000000000e+03,3.807118446275126189e-06,1.157701597549021244e-03
3.067000000000000000e+03,3.806003860518103465e-06,1.129870186559855938e-03
3.068000000000000000e+03,3.804533662332687527e-06,1.098389388062059879e-03
3.069000000000000000e+03,3.801814273174386472e-06,1.019490067847073078e-03
3.070000000000000000e+03,3.799471642196294852e-06,9.502742323093116283e-04
3.071000000000000000e+03,3.797366389335365966e-06,9.415018721483647823e-04
3.072000000000000000e+03,3.795434395215124823e-06,9.593275026418268681e-04
3.073000000000000000e+03,3.794373469645506702e-06,9.617845062166452408e-04
3.074000000000000000e+03,3.792708184846560471e-06,9.970361134037375450e-04
3.075000000000000000e+03,3.790517439483664930e-06,1.052801031619310379e-03
3.076000000000000000e+03,3.789697984757367522e-06,1.079507172107696533e-03
3.077000000000000000e+03,3.788646381508442573e-06,1.114707789383828640e-03
3.078000000000000000e+03,3.787180730796535499e-06,1.147151575423777103e-03
3.079000000000000000e+03,3.785332864936208352e-06,1.180993393063545227e-03
3.080000000000000000e+03,3.784730097322608344e-06,1.187149784527719021e-03
3.081000000000000000e+03,3.783437705351389013e-06,1.191075192764401436e-03
3.082000000000000000e+03,3.781787881962372921e-06,1.171927549876272678e-03
3.083000000000000000e+03,3.779002781811868772e-06,1.154134748503565788e-03
3.084000000000000000e+03,3.777083293243777007e-06,1.169212744571268559e-03
3.085000000000000000e+03,3.775119921556324698e-06,1.196081400848925114e-03
3.086000000000000000e+03,3.773436219489667565e-06,1.268969150260090828e-03
3.087000000000000000e+03,3.771162482735235244e-06,1.279295189306139946e-03
3.088000000000000000e+03,3.767589305425644852e-06,1.254099188372492790e-03
3.089000000000000000e+03,3.764581379073206335e-06,1.231466419994831085e-03
3.090000000000000000e+03,3.761814468816737644e-06,1.192214898765087128e-03
3.091000000000000000e+03,3.760458412216394208e-06,1.176298712380230427e-03
3.092000000000000000e+03,3.757613058041897602e-06,1.099968445487320423e-03
3.093000000000000000e+03,3.753876626433338970e-06,1.096062362194061279e-03
3.094000000000000000e+03,3.751659960471442901e-06,1.101001282222568989e-03
3.095000000000000000e+03,3.749011966647231020e-06,1.114253536798059940e-03
3.096000000000000000e+03,3.746853280972572975e-06,1.014709356240928173e-03
3.097000000000000000e+03,3.744677769645932131e-06,1.003241864964365959e-03
3.098000000000000000e+03,3.742600483747082762e-06,9.542025509290397167e-04
3.099000000000000000e+03,3.741212367458501831e-06,9.277606150135397911e-04
3.100000000000000000e+03,3.741401997103821486e-06,8.452225010842084885e-04
3.101000000000000000e+03,3.739336079888744280e-06,8.828756981529295444e-04
3.102000000000000000e+03,3.739339717867551371e-06,8.720205514691770077e-04
3.103000000000000000e+03,3.737708539119921625e-06,8.772900910116732121e-04
3.104000000000000000e+03,3.735978452823474072e-06,8.702260092832148075e-04
3.105000000000000000e+03,3.733686071427655406e-06,8.625120972283184528e-04
3.106000000000000000e+03,3.731578090082621202e-06,8.475842187181115150e-04
3.107000000000000000e+03,3.729740228664013557e-06,8.351969299837946892e-04
3.108000000000000000e+03,3.727285729837603867e-06,8.103818981908261776e-04
3.109000000000000000e+03,3.725734131876379251e-06,8.015342755243182182e-04
3.110000000000000000e+03,3.723773943420383148e-06,7.865378865972161293e-04
3.111000000000000000e+03,3.721909251908073202e-06,7.864058716222643852e-04
3.112000000000000000e+03,3.719073902175296098e-06,7.948354468680918217e-04
3.113000000000000000e+03,3.717094386956887320e-06,7.993766339495778084e-04
3.114000000000000000e+03,3.714793820108752698e-06,8.062093984335660934e-04
3.115000000000000000e+03,3.712716988957254216e-06,8.092740899883210659e-04
3.116000000000000000e+03,3.710340251927846111e-06,8.134522358886897564e-04
3.117000000000000000e+03,3.708257281687110662e-06,8.079994004219770432e-04
3.118000000000000000e+03,3.705637709572329186e-06,7.996446802280843258e-04
3.119000000000000000e+03,3.703451284309267066e-06,8.011147729121148586e-04
3.120000000000000000e+03,3.701195510075194761e-06,8.132851216942071915e-04
3.121000000000000000e+03,3.699612989294109866e-06,8.315690793097019196e-04
3.122000000000000000e+03,3.698518412420526147e-06,8.411596645601093769e-04
3.123000000000000000e+03,3.697975444083567709e-06,8.419097866863012314e-04
3.124000000000000000e+03,3.697311058203922585e-06,8.405804401263594627e-04
3.125000000000000000e+03,3.696981821121880785e-06,8.409238653257489204e-04
3.126000000000000000e+03,3.695941586556727998e-06,8.459529490210115910e-04
3.127000000000000000e+03,3.695143277582246810e-06,8.550214115530252457e-04
3.128000000000000000e+03,3.694644419738324359e-06,8.924335124902427197e-04
3.129000000000000000e+03,3.712686066137393937e-06,1.049012062139809132e-03
3.130000000000000000e+03,3.693391136039281264e-06,9.119378519244492054e-04
3.131000000000000000e+03,3.691515530590550043e-06,9.113628184422850609e-04
3.132000000000000000e+03,3.690369567266316153e-06,9.107801597565412521e-04
3.133000000000000000e+03,3.688181550387525931e-06,9.107388323172926903e-04
3.134000000000000000e+03,3.686056061269482598e-06,9.135793661698698997e-04
3.135000000000000000e+03,3.682608166855061427e-06,9.294923511333763599e-04
3.136000000000000000e+03,3.683371915030875243e-06,9.093780536204576492e-04
3.137000000000000000e+03,3.680356485347147100e-06,9.196317405439913273e-04
3.138000000000000000e+03,3.677386530398507603e-06,9.363437420688569546e-04
3.139000000000000000e+03,3.673409082693979144e-06,9.616733295843005180e-04
3.140000000000000000e+03,3.673609398902044632e-06,9.396531386300921440e-04
3.141000000000000000e+03,3.672500724860583432e-06,9.512046235613524914e-04
3.142000000000000000e+03,3.672128514153882861e-06,9.777171071618795395e-04
3.143000000000000000e+03,3.667105374915990978e-06,9.516211575828492641e-04
3.144000000000000000e+03,3.664533551273052581e-06,9.341851109638810158e-04
3.145000000000000000e+03,3.660966058305348270e-06,9.238733910024166107e-04
3.146000000000000000e+03,3.658659352367976680e-06,9.166446398012340069e-04
3.147000000000000000e+03,3.656936087281792425e-06,9.310681489296257496e-04
3.148000000000000000e+03,3.655413138403673656e-06,9.357756352983415127e-04
3.149000000000000000e+03,3.653846988527220674e-06,9.448306518606841564e-04
3.150000000000000000e+03,3.651633051049429923e-06,9.439059067517518997e-04
3.151000000000000000e+03,3.648345000328845344e-06,9.276348864659667015e-04
3.152000000000000000e+03,3.644702019300893880e-06,8.862723479978740215e-04
3.153000000000000000e+03,3.639455599113716744e-06,8.730560075491666794e-04
3.154000000000000000e+03,3.634121185314143077e-06,8.643182227388024330e-04
3.155000000000000000e+03,3.630086212069727480e-06,8.634718251414597034e-04
3.156000000000000000e+03,3.626352736318949610e-06,8.970143971964716911e-04
3.157000000000000000e+03,3.630929541031946428e-06,8.425752166658639908e-04
3.158000000000000000e+03,3.624945065894280560e-06,8.746129460632801056e-04
3.159000000000000000e+03,3.621234782258397900e-06,8.998374687507748604e-04
3.160000000000000000e+03,3.619398512455518357e-06,9.115454158745706081e-04
3.161000000000000000e+03,3.617086122176260687e-06,9.123337222263216972e-04
3.162000000000000000e+03,3.615345804064418189e-06,9.074478875845670700e-04
3.163000000000000000e+03,3.613207582020550035e-06,8.984816377051174641e-04
3.164000000000000000e+03,3.611517740864655934e-06,8.927265880629420280e-04
3.165000000000000000e+03,3.609381565183866769e-06,8.878741064108908176e-04
3.166000000000000000e+03,3.606667860367451794e-06,8.943545399233698845e-04
3.167000000000000000e+03,3.602475317165954039e-06,9.236276964657008648e-04
3.168000000000000000e+03,3.599109959395718761e-06,9.736928041093051434e-04
3.169000000000000000e+03,3.597924433051957749e-06,9.947617072612047195e-04
3.170000000000000000e+03,3.596299393393564969e-06,9.926061611622571945e-04
3.171000000000000000e+03,3.595832822611555457e-06,9.837967809289693832e-04
3.172000000000000000e+03,3.594694817365962081e-06,9.767988231033086777e-04
3.173000000000000000e+03,3.593059318518498912e-06,9.794409852474927902e-04
3.174000000000000000e+03,3.592039092836785130e-06,9.869183413684368134e-04
3.175000000000000000e+03,3.589120751712471247e-06,9.988186648115515709e-04
3.176000000000000000e+03,3.586135335353901610e-06,1.010654377751052380e-03
3.177000000000000000e+03,3.582056024242774583e-06,1.031044987030327320e-03
3.178000000000000000e+03,3.578834139261743985e-06,1.023661112412810326e-03
3.179000000000000000e+03,3.575519258447457105e-06,9.749485761858522892e-04
3.180000000000000000e+03,3.572984724087291397e-06,9.353232453577220440e-04
3.181000000000000000e+03,3.571440856831031851e-06,8.810463477857410908e-04
3.182000000000000000e+03,3.568538204490323551e-06,8.597727282904088497e-04
3.183000000000000000e+03,3.566188297554617748e-06,8.496433729305863380e-04
3.184000000000000000e+03,3.563666268746601418e-06,8.591474615968763828e-04
3.185000000000000000e+03,3.560130835467134602e-06,8.630519150756299496e-04
3.186000000000000000e+03,3.559267270247801207e-06,8.622474852018058300e-04
3.187000000000000000e+03,3.556853243935620412e-06,8.529009064659476280e-04
3.188000000000000000e+03,3.553851229298743419e-06,8.384945685975253582e-04
3.189000000000000000e+03,3.552808720996836200e-06,8.508778410032391548e-04
3.190000000000000000e+03,3.549619805198744871e-06,8.474007481709122658e-04
3.191000000000000000e+03,3.548158019839320332e-06,8.523389697074890137e-04
3.192000000000000000e+03,3.545965910234372132e-06,8.573706145398318768e-04
3.193000000000000000e+03,3.544188075466081500e-06,8.648116490803658962e-04
3.194000000000000000e+03,3.542272224876796827e-06,8.646473288536071777e-04
3.195000000000000000e+03,3.541001433404744603e-06,8.477643132209777832e-04
3.196000000000000000e+03,3.550294650267460383e-06,8.068770403042435646e-04
3.197000000000000000e+03,3.541035994203411974e-06,8.400676888413727283e-04
3.198000000000000000e+03,3.540510078892111778e-06,8.454557973891496658e-04
3.199000000000000000e+03,3.542769718478666618e-06,8.232457912527024746e-04
3.200000000000000000e+03,3.540292482284712605e-06,8.393587777391076088e-04
3.201000000000000000e+03,3.539526687745819800e-06,8.652281831018626690e-04
3.202000000000000000e+03,3.536722488206578419e-06,8.562076836824417114e-04
3.203000000000000000e+03,3.533351900841807947e-06,8.398373029194772243e-04
3.204000000000000000e+03,3.531412403390277177e-06,8.420244557783007622e-04
3.205000000000000000e+03,3.529885589159675874e-06,8.590930956415832043e-04
3.206000000000000000e+03,3.528075467329472303e-06,8.789869025349617004e-04
3.207000000000000000e+03,3.524683734212885611e-06,8.755561430007219315e-04
3.208000000000000000e+03,3.522142151268781163e-06,8.139130659401416779e-04
3.209000000000000000e+03,3.520568270687363110e-06,7.951513398438692093e-04
3.210000000000000000e+03,3.518322046147659421e-06,7.890121196396648884e-04
3.211000000000000000e+03,3.514677928251330741e-06,7.857393356971442699e-04
3.212000000000000000e+03,3.512020384732750244e-06,7.983664982020854950e-04
3.213000000000000000e+03,3.512271632644115016e-06,8.118093246594071388e-04
3.214000000000000000e+03,3.510478109092218801e-06,8.038409869186580181e-04
3.215000000000000000e+03,3.508080681058345363e-06,8.190171211026608944e-04
3.216000000000000000e+03,3.504570713630528189e-06,8.322066278196871281e-04
3.217000000000000000e+03,3.500681486912071705e-06,8.476154762320220470e-04
3.218000000000000000e+03,3.497033503663260490e-06,8.616591221652925014e-04
3.219000000000000000e+03,3.493634721962735057e-06,8.779194322414696217e-04
3.220000000000000000e+03,3.490817334750317968e-06,8.846083655953407288e-04
3.221000000000000000e+03,3.489196842565434054e-06,8.867439464665949345e-04
3.222000000000000000e+03,3.487995400064392015e-06,8.876165375113487244e-04
3.223000000000000000e+03,3.487207322905305773e-06,8.892173646017909050e-04
3.224000000000000000e+03,3.485601382635650225e-06,8.995647076517343521e-04
3.225000000000000000e+03,3.484120043140137568e-06,9.118179441429674625e-04
3.226000000000000000e+03,3.496327053653658368e-06,9.048477513715624809e-04
3.227000000000000000e+03,3.482576403257553466e-06,9.081852622330188751e-04
3.228000000000000000e+03,3.481262865534517914e-06,9.070984087884426117e-04
3.229000000000000000e+03,3.479598035482922569e-06,9.005771717056632042e-04
3.230000000000000000e+03,3.478630787867587060e-06,8.974433294497430325e-04
3.231000000000000000e+03,3.477440714050317183e-06,8.853096514940261841e-04
3.232000000000000000e+03,3.476433448668103665e-06,8.791385334916412830e-04
3.233000000000000000e+03,3.475167432043235749e-06,8.689877577126026154e-04
3.234000000000000000e+03,3.474381628620903939e-06,8.641842869110405445e-04
3.235000000000000000e+03,3.474392087809974328e-06,8.761111530475318432e-04
3.236000000000000000e+03,3.473544211374246515e-06,8.697851444594562054e-04
3.237000000000000000e+03,3.472506932666874491e-06,8.641247986815869808e-04
3.238000000000000000e+03,3.471528316367766820e-06,8.645360940136015415e-04
3.239000000000000000e+03,3.469426701485645026e-06,8.693010895512998104e-04
3.240000000000000000e+03,3.468129989414592274e-06,8.700051112100481987e-04
3.241000000000000000e+03,3.465527015578118153e-06,8.808852289803326130e-04
3.242000000000000000e+03,3.462922904873266816e-06,8.785403915680944920e-04
3.243000000000000000e+03,3.460622565398807637e-06,8.776176255196332932e-04
3.244000000000000000e+03,3.458446144577465020e-06,8.829875732772052288e-04
3.245000000000000000e+03,3.456786089373053983e-06,9.038314456120133400e-04
3.246000000000000000e+03,3.455133764873608015e-06,9.344712598249316216e-04
3.247000000000000000e+03,3.452803412073990330e-06,9.769821772351861000e-04
3.248000000000000000e+03,3.451065140325226821e-06,1.009209896437823772e-03
3.249000000000000000e+03,3.450178610364673659e-06,1.055565080605447292e-03
3.250000000000000000e+03,3.447020390012767166e-06,1.053269836120307446e-03
3.251000000000000000e+03,3.445148649916518480e-06,1.030705170705914497e-03
3.252000000000000000e+03,3.442549314058851451e-06,1.018124050460755825e-03
3.253000000000000000e+03,3.440835371293360367e-06,1.062068971805274487e-03
3.254000000000000000e+03,3.439188731135800481e-06,1.085278694517910480e-03
3.255000000000000000e+03,3.436725819483399391e-06,1.132497563958168030e-03
3.256000000000000000e+03,3.435023927522706799e-06,1.147391856648027897e-03
3.257000000000000000e+03,3.433525080254185013e-06,1.147650647908449173e-03
3.258000000000000000e+03,3.432029416217119433e-06,1.140680746175348759e-03
3.259000000000000000e+03,3.429923481235164218e-06,1.128443167544901371e-03
3.260000000000000000e+03,3.426965349717647769e-06,1.128169358707964420e-03
3.261000000000000000e+03,3.425792328926036134e-06,1.143596251495182514e-03
3.262000000000000000e+03,3.425159093239926733e-06,1.179677085019648075e-03
3.263000000000000000e+03,3.424293481657514349e-06,1.209319918416440487e-03
3.264000000000000000e+03,3.423391717660706490e-06,1.204876345582306385e-03
3.265000000000000000e+03,3.422054305701749399e-06,1.193563104607164860e-03
3.266000000000000000e+03,3.420996563363587484e-06,1.121138106100261211e-03
3.267000000000000000e+03,3.419250788283534348e-06,1.099122222512960434e-03
3.268000000000000000e+03,3.417025709495646879e-06,1.040651928633451462e-03
3.269000000000000000e+03,3.414521188460639678e-06,1.001784927211701870e-03
3.270000000000000000e+03,3.411350917303934693e-06,9.567916858941316605e-04
3.271000000000000000e+03,3.409750888749840669e-06,9.401304414495825768e-04
3.272000000000000000e+03,3.408962356843403541e-06,9.540954488329589367e-04
3.273000000000000000e+03,3.405839834158541635e-06,9.405979653820395470e-04
3.274000000000000000e+03,3.404873723411583342e-06,9.378969552926719189e-04
3.275000000000000000e+03,3.403010396141326055e-06,9.392681531608104706e-04
3.276000000000000000e+03,3.401971298444550484e-06,9.437937987968325615e-04
3.277000000000000000e+03,3.400886271265335381e-06,9.594070725142955780e-04
3.278000000000000000e+03,3.399312390683917329e-06,1.008465653285384178e-03
3.279000000000000000e+03,3.397247610337217338e-06,1.024261582642793655e-03
3.280000000000000000e+03,3.396352667550672777e-06,1.116858562454581261e-03
3.281000000000000000e+03,3.395886096768663265e-06,1.020385301671922207e-03
3.282000000000000000e+03,3.392694452486466616e-06,1.059564528986811638e-03
3.283000000000000000e+03,3.391051905055064708e-06,1.077027642168104649e-03
3.284000000000000000e+03,3.388537152204662561e-06,1.081984955817461014e-03
3.285000000000000000e+03,3.385121317478478886e-06,1.108813099563121796e-03
3.286000000000000000e+03,3.382725935807684436e-06,1.079925918020308018e-03
3.287000000000000000e+03,3.380921725693042390e-06,1.042856834828853607e-03
3.288000000000000000e+03,3.379951522219926119e-06,1.048888545483350754e-03
3.289000000000000000e+03,3.379027702976600267e-06,1.072009559720754623e-03
3.290000000000000000e+03,3.377334223841899075e-06,1.100998953916132450e-03
3.291000000000000000e+03,3.447810058787581511e-06,1.070893020369112492e-03
3.292000000000000000e+03,3.376599579496541992e-06,1.092950580641627312e-03
3.293000000000000000e+03,3.374811058165505528e-06,1.109285396523773670e-03
3.294000000000000000e+03,3.372867013240465894e-06,1.111388672143220901e-03
3.295000000000000000e+03,3.371638058524695225e-06,1.094985171221196651e-03
3.296000000000000000e+03,3.370444119354942814e-06,1.069261925294995308e-03
3.297000000000000000e+03,3.368807938386453316e-06,1.030320767313241959e-03
3.298000000000000000e+03,3.367387080288608558e-06,1.005673082545399666e-03
3.299000000000000000e+03,3.364039457665057853e-06,9.638756746426224709e-04
3.300000000000000000e+03,3.362460802236455493e-06,9.405294549651443958e-04
3.301000000000000000e+03,3.359684797032969072e-06,9.235370671376585960e-04
3.302000000000000000e+03,3.358866024427697994e-06,9.067028877325356007e-04
3.303000000000000000e+03,3.355280796313309111e-06,8.991943905130028725e-04
3.304000000000000000e+03,3.353527517901966348e-06,9.190701530314981937e-04
3.305000000000000000e+03,3.351631676196120679e-06,9.212467120960354805e-04
3.306000000000000000e+03,3.349785856698872522e-06,9.623661171644926071e-04
3.307000000000000000e+03,3.347465280967298895e-06,9.550495306029915810e-04
3.308000000000000000e+03,3.344464403198799118e-06,9.499158477410674095e-04
3.309000000000000000e+03,3.343248181408853270e-06,1.045298879034817219e-03
3.310000000000000000e+03,3.339125214552041143e-06,9.995987638831138611e-04
3.311000000000000000e+03,3.336705731271649711e-06,9.955171262845396996e-04
3.312000000000000000e+03,3.333621179990586825e-06,1.003220211714506149e-03
3.313000000000000000e+03,3.330148501845542341e-06,1.033590175211429596e-03
3.314000000000000000e+03,3.326907972223125398e-06,1.096991589292883873e-03
3.315000000000000000e+03,3.323754071971052326e-06,1.123899128288030624e-03
3.316000000000000000e+03,3.318473773106234148e-06,1.164537854492664337e-03
3.317000000000000000e+03,3.315267349535133690e-06,1.166445785202085972e-03
3.318000000000000000e+03,3.309733529022196308e-06,1.151547185145318508e-03
3.319000000000000000e+03,3.306628741484018974e-06,1.120246015489101410e-03
3.320000000000000000e+03,3.304413439764175564e-06,1.114690909162163734e-03
3.321000000000000000e+03,3.302394816273590550e-06,1.119465683586895466e-03
3.322000000000000000e+03,3.299554464319953695e-06,1.133461366407573223e-03
3.323000000000000000e+03,3.296729119028896093e-06,1.140473526902496815e-03
3.324000000000000000e+03,3.293404461146565154e-06,1.137380953878164291e-03
3.325000000000000000e+03,3.318173185107298195e-06,1.344556687399744987e-03
3.326000000000000000e+03,3.292585915914969519e-06,1.172097167000174522e-03
3.327000000000000000e+03,3.289808319095754996e-06,1.159363193437457085e-03
3.328000000000000000e+03,3.288037760285078548e-06,1.125143724493682384e-03
3.329000000000000000e+03,3.286679202574305236e-06,1.112760510295629501e-03
3.330000000000000000e+03,3.285898856120184064e-06,1.112192869186401367e-03
3.331000000000000000e+03,3.285055072410614230e-06,1.110605546273291111e-03
3.332000000000000000e+03,3.284273361714440398e-06,1.088459976017475128e-03
3.333000000000000000e+03,3.283628757344558835e-06,1.096495194360613823e-03
3.334000000000000000e+03,3.282837042206665501e-06,1.095524523407220840e-03
3.335000000000000000e+03,3.280587634435505606e-06,1.103127957321703434e-03
3.336000000000000000e+03,3.278825033703469671e-06,1.097874832339584827e-03
3.337000000000000000e+03,3.277922814959310926e-06,1.090492354705929756e-03
3.338000000000000000e+03,3.275947619840735570e-06,1.100844237953424454e-03
3.339000000000000000e+03,3.273534503023256548e-06,1.107089221477508545e-03
3.340000000000000000e+03,3.273796892244718038e-06,1.014103065244853497e-03
3.341000000000000000e+03,3.272422645750339143e-06,1.065002172254025936e-03
3.342000000000000000e+03,3.270848083047894761e-06,1.128480304032564163e-03
3.343000000000000000e+03,3.267636202508583665e-06,1.089953118935227394e-03
3.344000000000000000e+03,3.265955911047058180e-06,1.144691952504217625e-03
3.345000000000000000e+03,3.263982307544210926e-06,1.140916836448013783e-03
3.346000000000000000e+03,3.260626726842019707e-06,1.171330106444656849e-03
3.347000000000000000e+03,3.258294100305647589e-06,1.215166528709232807e-03
3.348000000000000000e+03,3.255713181715691462e-06,1.261067111045122147e-03
3.349000000000000000e+03,3.256326863265712745e-06,1.257996889762580395e-03
3.350000000000000000e+03,3.253950126236304641e-06,1.258960226550698280e-03
3.351000000000000000e+03,3.252259830333059654e-06,1.266801846213638783e-03
3.352000000000000000e+03,3.248915390940965153e-06,1.259499927982687950e-03
3.353000000000000000e+03,3.247371523684705608e-06,1.282145385630428791e-03
3.354000000000000000e+03,3.244315621486748569e-06,1.329540042206645012e-03
3.355000000000000000e+03,3.240939122406416573e-06,1.359891146421432495e-03
3.356000000000000000e+03,3.248512257414404303e-06,1.422745408490300179e-03
3.357000000000000000e+03,3.238701992813730612e-06,1.379631110467016697e-03
3.358000000000000000e+03,3.235122449041227810e-06,1.390571938827633858e-03
3.359000000000000000e+03,3.231986738683190197e-06,1.379970693960785866e-03
3.360000000000000000e+03,3.230068159609800205e-06,1.369631150737404823e-03
3.361000000000000000e+03,3.228013611078495160e-06,1.357794390060007572e-03
3.362000000000000000e+03,3.226263743272284046e-06,1.353550003841519356e-03
3.363000000000000000e+03,3.224356532882666215e-06,1.360159716568887234e-03
3.364000000000000000e+03,3.222216264475719072e-06,1.373061211779713631e-03
3.365000000000000000e+03,3.225512045901268721e-06,1.388749456964433193e-03
3.366000000000000000e+03,3.221201495762215927e-06,1.378111657686531544e-03
3.367000000000000000e+03,3.226681656087748706e-06,1.463353051804006100e-03
3.368000000000000000e+03,3.219680593247176148e-06,1.402381109073758125e-03
3.369000000000000000e+03,3.218152187400846742e-06,1.401741057634353638e-03
3.370000000000000000e+03,3.214671323803486302e-06,1.382591086439788342e-03
3.371000000000000000e+03,3.211654757251380943e-06,1.341125695034861565e-03
3.372000000000000000e+03,3.207382178516127169e-06,1.295027206651866436e-03
3.373000000000000000e+03,3.203206688340287656e-06,1.252499176189303398e-03
3.374000000000000000e+03,3.200396577085484751e-06,1.178384758532047272e-03
3.375000000000000000e+03,3.198419562977505848e-06,1.197809237055480480e-03
3.376000000000000000e+03,3.195317503923433833e-06,1.231784000992774963e-03
3.377000000000000000e+03,3.197610794813954271e-06,1.126713352277874947e-03
3.378000000000000000e+03,3.194178589183138683e-06,1.190757611766457558e-03
3.379000000000000000e+03,3.191988753314944915e-06,1.179352402687072754e-03
3.380000000000000000e+03,3.189569952155579813e-06,1.151115167886018753e-03
3.381000000000000000e+03,3.186334424754022621e-06,1.131594646722078323e-03
3.382000000000000000e+03,3.183350145263830200e-06,1.113785314373672009e-03
3.383000000000000000e+03,3.188508571838610806e-06,1.240322366356849670e-03
3.384000000000000000e+03,3.181833335474948399e-06,1.150984549894928932e-03
3.385000000000000000e+03,3.178564838890451938e-06,1.172523945569992065e-03
3.386000000000000000e+03,3.174517132720211521e-06,1.251114881597459316e-03
3.387000000000000000e+03,3.170895070070400834e-06,1.347125275060534477e-03
3.388000000000000000e+03,3.171029675286263227e-06,1.363920164294540882e-03
3.389000000000000000e+03,3.169392584823071957e-06,1.354976906441152096e-03
3.390000000000000000e+03,3.166317810610053129e-06,1.523990184068679810e-03
3.391000000000000000e+03,3.163363089697668329e-06,1.443899702280759811e-03
3.392000000000000000e+03,3.159848574796342291e-06,1.355068990960717201e-03
3.393000000000000000e+03,3.157693754474166781e-06,1.332284417003393173e-03
3.394000000000000000e+03,3.153100124109187163e-06,1.386719872243702412e-03
3.395000000000000000e+03,3.155312015223898925e-06,1.289700856432318687e-03
3.396000000000000000e+03,3.151114697175216861e-06,1.346611068584024906e-03
3.397000000000000000e+03,3.149105850752675906e-06,1.442622742615640163e-03
3.398000000000000000e+03,3.147985125906416215e-06,1.493286225013434887e-03
3.399000000000000000e+03,3.146948529320070520e-06,1.496650744229555130e-03
3.400000000000000000e+03,3.145407390547916293e-06,1.496835262514650822e-03
3.401000000000000000e+03,3.173892309860093519e-06,1.289750565774738789e-03
3.402000000000000000e+03,3.145265964121790603e-06,1.480508130043745041e-03
3.403000000000000000e+03,3.143820549666997977e-06,1.458497485145926476e-03
3.404000000000000000e+03,3.144138645438943058e-06,1.420116866938769817e-03
3.405000000000000000e+03,3.142957439195015468e-06,1.440904568880796432e-03
3.406000000000000000e+03,3.142026343994075432e-06,1.249929890036582947e-03
3.407000000000000000e+03,3.142323976135230623e-06,1.317856833338737488e-03
3.408000000000000000e+03,3.140187800454441458e-06,1.282275770790874958e-03
3.409000000000000000e+03,3.137777866868418641e-06,1.314944354817271233e-03
3.410000000000000000e+03,3.136409304715925828e-06,1.279672840610146523e-03
3.411000000000000000e+03,3.133493464702041820e-06,1.213192357681691647e-03
3.412000000000000000e+03,3.130506684101419523e-06,1.184640917927026749e-03
3.413000000000000000e+03,3.125496959910378791e-06,1.153533463366329670e-03
3.414000000000000000e+03,3.121509053016779944e-06,1.201602863147854805e-03
3.415000000000000000e+03,3.118706445093266666e-06,1.238016993738710880e-03
3.416000000000000000e+03,3.116472498732036911e-06,1.279308344237506390e-03
3.417000000000000000e+03,3.115296294708969072e-06,1.280825817957520485e-03
3.418000000000000000e+03,3.113388629572000355e-06,1.253789057955145836e-03
3.419000000000000000e+03,3.111219484708271921e-06,1.222975319251418114e-03
3.420000000000000000e+03,3.108899363724049181e-06,1.238314667716622353e-03
3.421000000000000000e+03,3.106892563664587215e-06,1.235451549291610718e-03
3.422000000000000000e+03,3.105416453763609752e-06,1.279059448279440403e-03
3.423000000000000000e+03,3.102704113189247437e-06,1.359902787953615189e-03
3.424000000000000000e+03,3.101077709288801998e-06,1.363271032460033894e-03
3.425000000000000000e+03,3.099704372289124876e-06,1.373410457745194435e-03
3.426000000000000000e+03,3.098552497249329463e-06,1.311429659835994244e-03
3.427000000000000000e+03,3.097626859016600065e-06,1.301242271438241005e-03
3.428000000000000000e+03,3.096112322964472696e-06,1.277687144465744495e-03
3.429000000000000000e+03,3.094600288022775203e-06,1.290053827688097954e-03
3.430000000000000000e+03,3.092701717832824215e-06,1.355481799691915512e-03
3.431000000000000000e+03,3.091441158176166937e-06,1.387338736094534397e-03
3.432000000000000000e+03,3.090075324507779442e-06,1.452000229619443417e-03
3.433000000000000000e+03,3.089174697379348800e-06,1.500072190538048744e-03
3.434000000000000000e+03,3.088428002229193226e-06,1.511535141617059708e-03
3.435000000000000000e+03,3.087121058342745528e-06,1.494800555519759655e-03
3.436000000000000000e+03,3.085818207182455808e-06,1.470789080485701561e-03
3.437000000000000000e+03,3.084212266912800260e-06,1.478674123063683510e-03
3.438000000000000000e+03,3.082261400777497329e-06,1.464348635636270046e-03
3.439000000000000000e+03,3.080584292547428049e-06,1.467336434870958328e-03
3.440000000000000000e+03,3.079562247876310721e-06,1.483808620832860470e-03
3.441000000000000000e+03,3.079147745665977709e-06,1.466268324293196201e-03
3.442000000000000000e+03,3.080223450524499640e-06,1.463941996917128563e-03
3.443000000000000000e+03,3.079080897805397399e-06,1.465844921767711639e-03
3.444000000000000000e+03,3.083267529291333631e-06,1.501188846305012703e-03
3.445000000000000000e+03,3.078108647969202138e-06,1.476222649216651917e-03
3.446000000000000000e+03,3.077475867030443624e-06,1.471558469347655773e-03
3.447000000000000000e+03,3.075864242418901995e-06,1.448131049983203411e-03
3.448000000000000000e+03,3.075038875977043062e-06,1.427541486918926239e-03
3.449000000000000000e+03,3.074016376558574848e-06,1.401026267558336258e-03
3.450000000000000000e+03,3.071325863857055083e-06,1.408194773830473423e-03
3.451000000000000000e+03,3.070307911912095733e-06,1.432918244972825050e-03
3.452000000000000000e+03,3.068705609621247277e-06,1.483175437897443771e-03
3.453000000000000000e+03,3.067824536628904752e-06,1.505023567005991936e-03
3.454000000000000000e+03,3.067229499720269814e-06,1.526096370071172714e-03
3.455000000000000000e+03,3.066375938942655921e-06,1.532276393845677376e-03
3.456000000000000000e+03,3.064878683289862238e-06,1.529146800749003887e-03
3.457000000000000000e+03,3.063613121412345208e-06,1.459119841456413269e-03
3.458000000000000000e+03,3.062637915718369186e-06,1.462103449739515781e-03
3.459000000000000000e+03,3.062017867705435492e-06,1.462285057641565800e-03
3.460000000000000000e+03,3.061469897147617303e-06,1.466270652599632740e-03
3.461000000000000000e+03,3.060932385778869502e-06,1.476936857216060162e-03
3.462000000000000000e+03,3.059975369978928939e-06,1.498842728324234486e-03
3.463000000000000000e+03,3.059482196476892568e-06,1.517219585366547108e-03
3.464000000000000000e+03,3.058848960790783167e-06,1.527129323221743107e-03
3.465000000000000000e+03,3.058682068513007835e-06,1.530343550257384777e-03
3.466000000000000000e+03,3.058027914448757656e-06,1.534748123958706856e-03
3.467000000000000000e+03,3.057118419746984728e-06,1.539697288535535336e-03
3.468000000000000000e+03,3.055949719055206515e-06,1.537626609206199646e-03
3.469000000000000000e+03,3.055069555557565764e-06,1.557507435791194439e-03
3.470000000000000000e+03,3.054703029192751274e-06,1.462520798668265343e-03
3.471000000000000000e+03,3.054145508940564469e-06,1.503743696957826614e-03
3.472000000000000000e+03,3.053291038668248802e-06,1.506009954027831554e-03
3.473000000000000000e+03,3.053198724956018850e-06,1.480731763876974583e-03
3.474000000000000000e+03,3.057569756492739543e-06,1.450653537176549435e-03
3.475000000000000000e+03,3.051917929042247124e-06,1.470329239964485168e-03
3.476000000000000000e+03,3.051657586183864623e-06,1.473607728257775307e-03
3.477000000000000000e+03,3.050398163395584561e-06,1.471627270802855492e-03
3.478000000000000000e+03,3.048314283660147339e-06,1.499332720413804054e-03
3.479000000000000000e+03,3.043872311536688358e-06,1.539735472761094570e-03
3.480000000000000000e+03,3.040239789697807282e-06,1.547324587590992451e-03
3.481000000000000000e+03,3.036891484953230247e-06,1.522708334960043430e-03
3.482000000000000000e+03,3.034241899513290264e-06,1.470303977839648724e-03
3.483000000000000000e+03,3.032906306543736719e-06,1.428787829354405403e-03
3.484000000000000000e+03,3.031644155271351337e-06,1.407995237968862057e-03
3.485000000000000000e+03,3.029915205843281001e-06,1.406872179359197617e-03
3.486000000000000000e+03,3.035337158507900313e-06,1.296613016165792942e-03
3.487000000000000000e+03,3.028946821359568276e-06,1.372188446111977100e-03
3.488000000000000000e+03,3.026663307537091896e-06,1.406439230777323246e-03
3.489000000000000000e+03,3.024795432793325745e-06,1.390387653373181820e-03
3.490000000000000000e+03,3.023568524440634064e-06,1.458184793591499329e-03
3.491000000000000000e+03,3.021907332367845811e-06,1.452957396395504475e-03
3.492000000000000000e+03,3.018997858816874214e-06,1.434971462003886700e-03
3.493000000000000000e+03,3.017883273059851490e-06,1.435365644283592701e-03
3.494000000000000000e+03,3.016813025169540197e-06,1.459066290408372879e-03
3.495000000000000000e+03,3.016102027686429210e-06,1.481973333284258842e-03
3.496000000000000000e+03,3.015125003003049642e-06,1.464581699110567570e-03
3.497000000000000000e+03,3.013703917531529441e-06,1.480256672948598862e-03
3.498000000000000000e+03,3.012847855643485673e-06,1.451223739422857761e-03
3.499000000000000000e+03,3.009476813531364314e-06,1.375944586470723152e-03
3.500000000000000000e+03,3.007582336067571305e-06,1.344995689578354359e-03
3.501000000000000000e+03,3.005329972438630648e-06,1.362653449177742004e-03
3.502000000000000000e+03,3.001393906743032858e-06,1.421351917088031769e-03
3.503000000000000000e+03,2.997415776917478070e-06,1.467005233280360699e-03
3.504000000000000000e+03,2.991434939758619294e-06,1.482706982642412186e-03
3.505000000000000000e+03,2.991160727106034756e-06,1.713248202577233315e-03
3.506000000000000000e+03,2.988019787153461948e-06,1.598945702426135540e-03
3.507000000000000000e+03,2.984412731166230515e-06,1.565816113725304604e-03
3.508000000000000000e+03,2.980698127430514432e-06,1.567964674904942513e-03
3.509000000000000000e+03,2.980714725708821788e-06,1.529898145236074924e-03
3.510000000000000000e+03,2.979854798468295485e-06,1.548927510157227516e-03
3.511000000000000000e+03,2.977536496473476291e-06,1.616980065591633320e-03
3.512000000000000000e+03,2.974926474053063430e-06,1.617912435904145241e-03
3.513000000000000000e+03,2.972699576275772415e-06,1.635542488656938076e-03
3.514000000000000000e+03,2.970756895592785440e-06,1.669591758400201797e-03
3.515000000000000000e+03,2.968877879538922571e-06,1.703075249679386616e-03
3.516000000000000000e+03,2.966844931506784633e-06,1.741430838592350483e-03
3.517000000000000000e+03,2.964832447105436586e-06,1.752814045175909996e-03
3.518000000000000000e+03,2.962532335004652850e-06,1.779594575054943562e-03
3.519000000000000000e+03,2.960036908916663378e-06,1.764990272931754589e-03
3.520000000000000000e+03,2.957011702164891176e-06,1.760189770720899105e-03
3.521000000000000000e+03,2.953882130896090530e-06,1.786689157597720623e-03
3.522000000000000000e+03,2.950672524093533866e-06,1.807662541978061199e-03
3.523000000000000000e+03,2.949295321741374210e-06,1.828646520152688026e-03
3.524000000000000000e+03,2.947586381196742877e-06,1.822853810153901577e-03
3.525000000000000000e+03,2.946171207440784201e-06,1.790463691577315331e-03
3.526000000000000000e+03,2.944731249954202212e-06,1.746133086271584034e-03
3.527000000000000000e+03,2.955684294647653587e-06,1.531612360849976540e-03
3.528000000000000000e+03,2.944414291050634347e-06,1.709996839053928852e-03
3.529000000000000000e+03,2.941628054031752981e-06,1.709630480036139488e-03
3.530000000000000000e+03,2.939699925263994373e-06,1.684207003563642502e-03
3.531000000000000000e+03,2.935991005870164372e-06,1.715606776997447014e-03
3.532000000000000000e+03,2.936606051662238315e-06,1.909586600959300995e-03
3.533000000000000000e+03,2.933121550086070783e-06,1.807135180570185184e-03
3.534000000000000000e+03,2.929831680376082659e-06,1.808567438274621964e-03
3.535000000000000000e+03,2.924857881225761957e-06,1.772727002389729023e-03
3.536000000000000000e+03,2.922805151683860458e-06,1.748774899169802666e-03
3.537000000000000000e+03,2.919784947152948007e-06,1.710769138298928738e-03
3.538000000000000000e+03,2.923617785199894570e-06,1.934381318278610706e-03
3.539000000000000000e+03,2.918318159572663717e-06,1.785993925295770168e-03
3.540000000000000000e+03,2.914737024184432812e-06,1.691339304670691490e-03
3.541000000000000000e+03,2.924939281001570635e-06,1.640763948671519756e-03
3.542000000000000000e+03,2.913188609454664402e-06,1.677747583016753197e-03
3.543000000000000000e+03,2.910918510679039173e-06,1.681669498793780804e-03
3.544000000000000000e+03,2.908050873884349130e-06,1.673435443080961704e-03
3.545000000000000000e+03,2.906070903918589465e-06,1.628840458579361439e-03
3.546000000000000000e+03,2.903396762121701613e-06,1.575887086801230907e-03
3.547000000000000000e+03,2.900540494010783732e-06,1.484592561610043049e-03
3.548000000000000000e+03,2.899182163673685864e-06,1.406059251166880131e-03
3.549000000000000000e+03,2.897307240345980972e-06,1.357512315735220909e-03
3.550000000000000000e+03,2.894777026085648686e-06,1.302026212215423584e-03
3.551000000000000000e+03,2.891904841817449778e-06,1.276448834687471390e-03
3.552000000000000000e+03,2.886381707867258228e-06,1.334002590738236904e-03
3.553000000000000000e+03,2.881829459511209279e-06,1.340425573289394379e-03
3.554000000000000000e+03,2.877105316656525247e-06,1.476008794270455837e-03
3.555000000000000000e+03,2.872336153814103454e-06,1.492810668423771858e-03
3.556000000000000000e+03,2.868659066734835505e-06,1.475215307436883450e-03
3.557000000000000000e+03,2.866839167836587876e-06,1.482309424318373203e-03
3.558000000000000000e+03,2.871308879548450932e-06,1.511829788796603680e-03
3.559000000000000000e+03,2.865554961317684501e-06,1.491888309828937054e-03
3.560000000000000000e+03,2.862562041627825238e-06,1.535120420157909393e-03
3.561000000000000000e+03,2.860764652723446488e-06,1.598926726728677750e-03
3.562000000000000000e+03,2.859075721062254161e-06,1.619898597709834576e-03
3.563000000000000000e+03,2.861044322344241664e-06,1.769595779478549957e-03
3.564000000000000000e+03,2.857323124771937728e-06,1.680402201600372791e-03
3.565000000000000000e+03,2.854508011296275072e-06,1.669742166996002197e-03
3.566000000000000000e+03,2.852517582141445018e-06,1.637832843698561192e-03
3.567000000000000000e+03,2.850766122719505802e-06,1.616643858142197132e-03
3.568000000000000000e+03,2.849376869562547654e-06,1.698752050288021564e-03
3.569000000000000000e+03,2.845728658940060996e-06,1.666927943006157875e-03
3.570000000000000000e+03,2.843725042112055235e-06,1.682258211076259613e-03
3.571000000000000000e+03,2.842222102117375471e-06,1.760053099133074284e-03
3.572000000000000000e+03,2.841330115188611671e-06,1.754269236698746681e-03
3.573000000000000000e+03,2.840725528585608117e-06,1.733618555590510368e-03
3.574000000000000000e+03,2.839904936990933493e-06,1.691539422608911991e-03
3.575000000000000000e+03,2.839157787093427032e-06,1.664969720877707005e-03
3.576000000000000000e+03,2.842605908881523646e-06,1.613947446458041668e-03
3.577000000000000000e+03,2.838379259628709406e-06,1.648298464715480804e-03
3.578000000000000000e+03,2.836743760781246237e-06,1.633368083275854588e-03
3.579000000000000000e+03,2.835159875758108683e-06,1.608036807738244534e-03
3.580000000000000000e+03,2.833107146216207184e-06,1.584141631610691547e-03
3.581000000000000000e+03,2.830772245943080634e-06,1.545072998851537704e-03
3.582000000000000000e+03,2.827786374837160110e-06,1.489640912041068077e-03
3.583000000000000000e+03,2.825433512043673545e-06,1.455357647500932217e-03
3.584000000000000000e+03,2.824270495693781413e-06,1.444427412934601307e-03
3.585000000000000000e+03,2.823198883561417460e-06,1.443287357687950134e-03
3.586000000000000000e+03,2.821424232024583034e-06,1.437783474102616310e-03
3.587000000000000000e+03,2.819125256792176515e-06,1.441778498701751232e-03
3.588000000000000000e+03,2.862693918359582312e-06,1.050335355103015900e-03
3.589000000000000000e+03,2.818116854541585781e-06,1.394131220877170563e-03
3.590000000000000000e+03,2.815619154716841877e-06,1.402776106260716915e-03
3.591000000000000000e+03,2.813260380207793787e-06,1.397192245349287987e-03
3.592000000000000000e+03,2.810979367495747283e-06,1.386867254041135311e-03
3.593000000000000000e+03,2.808482349792029709e-06,1.377004315145313740e-03
3.594000000000000000e+03,2.805947815431864001e-06,1.372361439280211926e-03
3.595000000000000000e+03,2.804190444294363260e-06,1.462784130126237869e-03
3.596000000000000000e+03,2.801592472678748891e-06,1.519239274784922600e-03
3.597000000000000000e+03,2.799960384436417371e-06,1.528301625512540340e-03
3.598000000000000000e+03,2.798758259814349003e-06,1.565811340697109699e-03
3.599000000000000000e+03,2.798206878651399165e-06,1.582816476002335548e-03
3.600000000000000000e+03,2.797340584947960451e-06,1.608903403393924236e-03
3.601000000000000000e+03,2.795785576381604187e-06,1.646256307139992714e-03
3.602000000000000000e+03,2.793621206365060061e-06,1.756578101776540279e-03
3.603000000000000000e+03,2.791695351334055886e-06,1.789376954548060894e-03
3.604000000000000000e+03,2.789516202028607950e-06,1.823009341023862362e-03
3.605000000000000000e+03,2.824099055942497216e-06,2.127183368429541588e-03
3.606000000000000000e+03,2.788941174003412016e-06,1.858590869233012199e-03
3.607000000000000000e+03,2.787193807307630777e-06,1.912776613608002663e-03
3.608000000000000000e+03,2.786498043860774487e-06,1.935498556122183800e-03
3.609000000000000000e+03,2.785701781249372289e-06,1.961380476132035255e-03
3.610000000000000000e+03,2.784656317089684308e-06,1.966480398550629616e-03
3.611000000000000000e+03,2.783456693578045815e-06,1.966013107448816299e-03
3.612000000000000000e+03,2.781444209176697768e-06,1.944569288752973080e-03
3.613000000000000000e+03,2.779001988528762013e-06,1.891651656478643417e-03
3.614000000000000000e+03,3.753841838260996155e-06,3.275548806414008141e-03
3.615000000000000000e+03,2.778552016025059856e-06,1.922552823089063168e-03
3.616000000000000000e+03,2.775483153527602553e-06,1.868232036940753460e-03
3.617000000000000000e+03,2.770764240267453715e-06,1.767183071933686733e-03
3.618000000000000000e+03,2.767627393041038886e-06,1.684913295321166515e-03
3.619000000000000000e+03,2.764191776805091649e-06,1.695994404144585133e-03
3.620000000000000000e+03,2.761535142781212926e-06,1.732751843519508839e-03
3.621000000000000000e+03,2.758181153694749810e-06,1.795826479792594910e-03
3.622000000000000000e+03,2.755936293397098780e-06,1.762517378665506840e-03
3.623000000000000000e+03,2.754689148787292652e-06,1.737244776450097561e-03
3.624000000000000000e+03,2.751702368186670355e-06,1.729410374537110329e-03
3.625000000000000000e+03,2.749338591456762515e-06,1.705674221739172935e-03
3.626000000000000000e+03,2.747255621216027066e-06,1.691460260190069675e-03
3.627000000000000000e+03,2.745252231761696748e-06,1.684803399257361889e-03
3.628000000000000000e+03,2.742766582741751336e-06,1.687089796178042889e-03
3.629000000000000000e+03,2.739140882113133557e-06,1.666898373514413834e-03
3.630000000000000000e+03,2.734942199822398834e-06,1.622822950594127178e-03
3.631000000000000000e+03,2.730949518081615679e-06,1.523482729680836201e-03
3.632000000000000000e+03,2.728165100052137859e-06,1.481715939007699490e-03
3.633000000000000000e+03,2.726316552070784383e-06,1.380317728035151958e-03
3.634000000000000000e+03,2.724662635955610313e-06,1.380065688863396645e-03
3.635000000000000000e+03,2.723566922213649377e-06,1.377934939227998257e-03
3.636000000000000000e+03,2.721913460845826194e-06,1.355898333713412285e-03
3.637000000000000000e+03,2.720713382586836815e-06,1.381363486871123314e-03
3.638000000000000000e+03,2.718250243560760282e-06,1.367449411191046238e-03
3.639000000000000000e+03,2.714834863581927493e-06,1.358676352538168430e-03
3.640000000000000000e+03,2.711027946133981459e-06,1.356214401312172413e-03
3.641000000000000000e+03,2.707597104745218530e-06,1.373250270262360573e-03
3.642000000000000000e+03,2.705445922401850112e-06,1.379997818730771542e-03
3.643000000000000000e+03,2.703849077079212293e-06,1.369710545986890793e-03
3.644000000000000000e+03,2.701909124880330637e-06,1.327739213593304157e-03
3.645000000000000000e+03,2.700236109376419336e-06,1.279800897464156151e-03
3.646000000000000000e+03,2.697957825148478150e-06,1.230840221978724003e-03
3.647000000000000000e+03,2.695863486223970540e-06,1.228849403560161591e-03
3.648000000000000000e+03,2.692851694519049488e-06,1.290253479965031147e-03
3.649000000000000000e+03,2.689380607989733107e-06,1.383740571327507496e-03
3.650000000000000000e+03,2.686517291294876486e-06,1.533295726403594017e-03
3.651000000000000000e+03,2.684495484572835267e-06,1.581817050464451313e-03
3.652000000000000000e+03,2.682120793906506151e-06,1.610642764717340469e-03
3.653000000000000000e+03,2.680318630154943094e-06,1.596456160768866539e-03
3.654000000000000000e+03,2.678139708223170601e-06,1.594688044860959053e-03
3.655000000000000000e+03,2.677145630514132790e-06,1.602810458280146122e-03
3.656000000000000000e+03,2.675905989235616289e-06,1.601026393473148346e-03
3.657000000000000000e+03,2.675195446499856189e-06,1.608331804163753986e-03
3.658000000000000000e+03,2.674387815204681829e-06,1.666640513576567173e-03
3.659000000000000000e+03,2.672881237231194973e-06,1.695676241070032120e-03
3.660000000000000000e+03,2.672081791388336569e-06,1.713377772830426693e-03
3.661000000000000000e+03,2.670243475222378038e-06,1.796604017727077007e-03
3.662000000000000000e+03,2.668407660166849382e-06,1.841252786107361317e-03
3.663000000000000000e+03,2.666321051947306842e-06,1.995322527363896370e-03
3.664000000000000000e+03,2.664325620571617037e-06,1.948640565387904644e-03
3.665000000000000000e+03,2.662301085365470499e-06,1.885848119854927063e-03
3.666000000000000000e+03,2.663353370735421777e-06,1.951318583451211452e-03
3.667000000000000000e+03,2.662149427123949863e-06,1.906601013615727425e-03
3.668000000000000000e+03,2.662191036506555974e-06,1.756445155479013920e-03
3.669000000000000000e+03,2.660566906342864968e-06,1.831803005188703537e-03
3.670000000000000000e+03,2.660120571817969903e-06,1.856711343862116337e-03
3.671000000000000000e+03,2.657740424183430150e-06,1.860910793766379356e-03
3.672000000000000000e+03,2.655358684933162294e-06,1.880100462585687637e-03
3.673000000000000000e+03,2.653508090588729829e-06,1.904834061861038208e-03
3.674000000000000000e+03,2.651488102856092155e-06,1.936117536388337612e-03
3.675000000000000000e+03,2.649124553499859758e-06,1.949554891325533390e-03
3.676000000000000000e+03,2.647790552146034315e-06,1.959486166015267372e-03
3.677000000000000000e+03,2.646556822583079338e-06,1.942790229804813862e-03
3.678000000000000000e+03,2.646749635459855199e-06,1.979305641725659370e-03
3.679000000000000000e+03,2.646237817316432483e-06,1.959020271897315979e-03
3.680000000000000000e+03,2.645571385073708370e-06,1.936026732437312603e-03
3.681000000000000000e+03,2.645560016389936209e-06,1.969388220459222794e-03
3.682000000000000000e+03,2.741139269346604124e-06,2.014806726947426796e-03
3.683000000000000000e+03,2.645211452545481734e-06,1.972618512809276581e-03
3.684000000000000000e+03,2.643896550580393523e-06,1.948862802237272263e-03
3.685000000000000000e+03,2.643173047545133159e-06,1.935985288582742214e-03
3.686000000000000000e+03,2.642103027028497308e-06,1.921077491715550423e-03
3.687000000000000000e+03,2.640563025124720298e-06,1.913900370709598064e-03
3.688000000000000000e+03,2.639336116772028618e-06,1.874968060292303562e-03
3.689000000000000000e+03,2.637241550473845564e-06,1.884812721982598305e-03
3.690000000000000000e+03,2.634725206007715315e-06,1.870215055532753468e-03
3.691000000000000000e+03,2.632385758261079900e-06,1.881000003777444363e-03
3.692000000000000000e+03,2.629945811349898577e-06,1.904760254546999931e-03
3.693000000000000000e+03,2.628508809721097350e-06,1.890773652121424675e-03
3.694000000000000000e+03,2.626780087666702457e-06,1.890553394332528114e-03
3.695000000000000000e+03,2.625504293973790482e-06,1.871217624284327030e-03
3.696000000000000000e+03,2.624884245960856788e-06,1.862849690951406956e-03
3.697000000000000000e+03,2.624192802613833919e-06,1.850279630161821842e-03
3.698000000000000000e+03,2.623059799589100294e-06,1.824059989303350449e-03
3.699000000000000000e+03,2.621330168040003628e-06,1.779912039637565613e-03
3.700000000000000000e+03,2.618598728076904081e-06,1.747992821037769318e-03
3.701000000000000000e+03,2.616565097923739813e-06,1.750613795593380928e-03
3.702000000000000000e+03,2.613909600768238306e-06,1.786585664376616478e-03
3.703000000000000000e+03,2.611921900097513571e-06,1.813747454434633255e-03
3.704000000000000000e+03,2.619798124214867130e-06,1.919272937811911106e-03
3.705000000000000000e+03,2.610834371807868592e-06,1.842533238232135773e-03
3.706000000000000000e+03,2.607525630082818680e-06,1.897218869999051094e-03
3.707000000000000000e+03,2.605916279208031483e-06,1.993574434891343117e-03
3.708000000000000000e+03,2.603384018584620208e-06,1.903828699141740799e-03
3.709000000000000000e+03,2.600252173579065129e-06,1.930377446115016937e-03
3.710000000000000000e+03,2.596012336653075181e-06,2.010031137615442276e-03
3.711000000000000000e+03,2.591782276795129292e-06,1.949504134245216846e-03
3.712000000000000000e+03,2.587643393781036139e-06,1.977131003513932228e-03
3.713000000000000000e+03,2.584952426332165487e-06,2.000079955905675888e-03
3.714000000000000000e+03,2.582418801466701552e-06,2.059840597212314606e-03
3.715000000000000000e+03,2.586001755844336003e-06,2.047164365649223328e-03
3.716000000000000000e+03,2.580490672698942944e-06,2.054866636171936989e-03
3.717000000000000000e+03,2.577931127234478481e-06,2.072928473353385925e-03
3.718000000000000000e+03,2.574473455752013251e-06,2.060173312202095985e-03
3.719000000000000000e+03,2.572716994109214284e-06,2.119887154549360275e-03
3.720000000000000000e+03,2.570299329818226397e-06,2.093258081004023552e-03
3.721000000000000000e+03,2.568285253801150247e-06,2.046385081484913826e-03
3.722000000000000000e+03,2.566082912380807102e-06,2.000123495236039162e-03
3.723000000000000000e+03,2.562106146797304973e-06,1.955819083377718925e-03
3.724000000000000000e+03,2.559889480835408904e-06,1.882714452221989632e-03
3.725000000000000000e+03,2.558458618295844644e-06,1.853726222179830074e-03
3.726000000000000000e+03,2.557011384851648472e-06,1.835868344642221928e-03
3.727000000000000000e+03,2.554886350480956025e-06,1.829781685955822468e-03
3.728000000000000000e+03,2.553309968789108098e-06,1.839893637225031853e-03
3.729000000000000000e+03,2.550933459133375436e-06,1.864042948000133038e-03
3.730000000000000000e+03,2.548071961427922361e-06,1.881822943687438965e-03
3.731000000000000000e+03,2.546596761021646671e-06,1.949493656866252422e-03
3.732000000000000000e+03,2.544549488447955810e-06,1.922634546644985676e-03
3.733000000000000000e+03,2.543453774705994874e-06,1.890005893073976040e-03
3.734000000000000000e+03,2.542250513215549290e-06,1.858848845586180687e-03
3.735000000000000000e+03,2.541045660109375603e-06,1.821940997615456581e-03
3.736000000000000000e+03,2.538599119361606427e-06,1.696884515695273876e-03
3.737000000000000000e+03,2.536900865379720926e-06,1.732934382744133472e-03
3.738000000000000000e+03,2.534828354328055866e-06,1.772089279256761074e-03
3.739000000000000000e+03,2.533706947360769846e-06,1.778484205715358257e-03
3.740000000000000000e+03,2.532071448513306677e-06,1.778267789632081985e-03
3.741000000000000000e+03,2.530797246436122805e-06,1.756505575031042099e-03
3.742000000000000000e+03,2.536119382057222538e-06,1.893937587738037109e-03
3.743000000000000000e+03,2.530502115405397490e-06,1.781859784387052059e-03
3.744000000000000000e+03,2.529941411921754479e-06,1.699776854366064072e-03
3.745000000000000000e+03,2.527690867282217368e-06,1.763243693858385086e-03
3.746000000000000000e+03,2.526796379243023694e-06,1.792935421690344810e-03
3.747000000000000000e+03,2.525665649955044501e-06,1.835599774494767189e-03
3.748000000000000000e+03,2.524343017284991220e-06,1.867633778601884842e-03
3.749000000000000000e+03,2.522376234992407262e-06,1.908034435473382473e-03
3.750000000000000000e+03,2.522153863537823781e-06,1.957267289981245995e-03
3.751000000000000000e+03,2.520947873563272879e-06,1.933791907504200935e-03
3.752000000000000000e+03,2.518431983844493516e-06,1.933210063725709915e-03
3.753000000000000000e+03,2.516089125492726453e-06,1.945534138940274715e-03
3.754000000000000000e+03,2.515223741283989511e-06,1.967119053006172180e-03
3.755000000000000000e+03,2.513765366529696621e-06,1.987359486520290375e-03
3.756000000000000000e+03,2.511642378522083163e-06,1.979759894311428070e-03
3.757000000000000000e+03,2.509395926608704031e-06,1.894423738121986389e-03
3.758000000000000000e+03,2.507416866137646139e-06,1.805179403163492680e-03
3.759000000000000000e+03,2.506221562725841068e-06,1.680143876001238823e-03
3.760000000000000000e+03,2.504533085811999626e-06,1.583024393767118454e-03
3.761000000000000000e+03,2.502798452042043209e-06,1.481627696193754673e-03
3.762000000000000000e+03,2.501362359907943755e-06,1.423459034413099289e-03
3.763000000000000000e+03,2.499384436305263080e-06,1.398092019371688366e-03
3.764000000000000000e+03,2.516059566914918832e-06,1.327038626186549664e-03
3.765000000000000000e+03,2.499321908544516191e-06,1.391289522871375084e-03
3.766000000000000000e+03,2.498114326954237185e-06,1.375818275846540928e-03
3.767000000000000000e+03,2.496120259820600040e-06,1.387906260788440704e-03
3.768000000000000000e+03,2.494947921150014736e-06,1.412151148542761803e-03
3.769000000000000000e+03,2.492857674951665103e-06,1.428789691999554634e-03
3.770000000000000000e+03,2.496963588782818988e-06,1.242746249772608280e-03
3.771000000000000000e+03,2.492073463145061396e-06,1.375030144117772579e-03
3.772000000000000000e+03,2.490613042027689517e-06,1.414134516380727291e-03
3.773000000000000000e+03,2.488965492375427857e-06,1.450251205824315548e-03
3.774000000000000000e+03,2.486995754225063138e-06,1.486528315581381321e-03
3.775000000000000000e+03,2.485869799784268253e-06,1.494467142038047314e-03
3.776000000000000000e+03,2.484405285940738395e-06,1.476320321671664715e-03
3.777000000000000000e+03,2.483068101355456747e-06,1.450997078791260719e-03
3.778000000000000000e+03,2.482537183823296800e-06,1.445597619749605656e-03
3.779000000000000000e+03,2.480386001479928382e-06,1.446880167350172997e-03
3.780000000000000000e+03,2.478926262483582832e-06,1.497706398367881775e-03
3.781000000000000000e+03,2.477004727552412078e-06,1.587893231771886349e-03
3.782000000000000000e+03,2.476123427186394110e-06,1.641112496145069599e-03
3.783000000000000000e+03,2.475066821716609411e-06,1.678509288467466831e-03
3.784000000000000000e+03,2.476040663168532774e-06,1.664008479565382004e-03
3.785000000000000000e+03,2.474874690960859880e-06,1.673414604738354683e-03
3.786000000000000000e+03,2.473838549121865071e-06,1.655636588111519814e-03
3.787000000000000000e+03,2.472773530826088972e-06,1.616451307199895382e-03
3.788000000000000000e+03,2.472477262926986441e-06,1.606365782208740711e-03
3.789000000000000000e+03,2.470862682457664050e-06,1.596602611243724823e-03
3.790000000000000000e+03,2.489407279426814057e-06,1.810492947697639465e-03
3.791000000000000000e+03,2.470543904564692639e-06,1.616433379240334034e-03
3.792000000000000000e+03,2.468829279678175226e-06,1.619702554307878017e-03
3.793000000000000000e+03,2.466905698383925483e-06,1.612672815099358559e-03
3.794000000000000000e+03,2.465641728122136556e-06,1.627015881240367889e-03
3.795000000000000000e+03,2.464472800056682900e-06,1.619727932848036289e-03
3.796000000000000000e+03,2.463071268721250817e-06,1.603613840416073799e-03
3.797000000000000000e+03,2.461372105244663544e-06,1.550065702758729458e-03
3.798000000000000000e+03,2.460088126099435613e-06,1.510894275270402431e-03
3.799000000000000000e+03,2.459272991472971626e-06,1.481627579778432846e-03
3.800000000000000000e+03,2.458442395436577499e-06,1.476291450671851635e-03
3.801000000000000000e+03,2.457423079249565490e-06,1.487415167503058910e-03
3.802000000000000000e+03,2.456501078995643184e-06,1.529287314042448997e-03
3.803000000000000000e+03,2.456009269735659473e-06,1.557397074066102505e-03
3.804000000000000000e+03,2.457943764966330491e-06,1.550202607177197933e-03
3.805000000000000000e+03,2.455579760862747207e-06,1.555206603370606899e-03
3.806000000000000000e+03,2.458776634739479050e-06,1.718658255413174629e-03
3.807000000000000000e+03,2.454263494655606337e-06,1.612633583135902882e-03
3.808000000000000000e+03,2.453537490509916097e-06,1.603819546289741993e-03
3.809000000000000000e+03,2.452332182656391524e-06,1.581402029842138290e-03
3.810000000000000000e+03,2.451832187944091856e-06,1.576637732796370983e-03
3.811000000000000000e+03,2.450384499752544798e-06,1.580654527060687542e-03
3.812000000000000000e+03,2.454963578202296048e-06,1.593559863977134228e-03
3.813000000000000000e+03,2.450089596095494926e-06,1.583437668159604073e-03
3.814000000000000000e+03,2.448190798531868495e-06,1.629792386665940285e-03
3.815000000000000000e+03,2.446356120344717056e-06,1.693006954155862331e-03
3.816000000000000000e+03,2.445000745865399949e-06,1.751991920173168182e-03
3.817000000000000000e+03,2.444608526275260374e-06,1.786197302863001823e-03
3.818000000000000000e+03,2.444073061269591562e-06,1.782299950718879700e-03
3.819000000000000000e+03,2.444106939947232604e-06,1.784284133464097977e-03
3.820000000000000000e+03,2.444169467707979493e-06,1.782763283699750900e-03
3.821000000000000000e+03,2.444117853883653879e-06,1.782384235411882401e-03
3.822000000000000000e+03,2.444310439386754297e-06,1.782269333489239216e-03
3.823000000000000000e+03,2.444073061269591562e-06,1.782299950718879700e-03
