Iter,Loss,L2
1.000000000000000000e+00,6.269823828125000000e+04,1.112464308738708496e+00
2.000000000000000000e+00,6.264244921875000000e+04,1.110847115516662598e+00
3.000000000000000000e+00,6.217799609375000000e+04,1.096863746643066406e+00
4.000000000000000000e+00,5.844717187500000000e+04,1.002482414245605469e+00
5.000000000000000000e+00,4.487911718750000000e+04,7.955464720726013184e-01
6.000000000000000000e+00,9.379382031250000000e+04,1.927605509757995605e+00
7.000000000000000000e+00,2.753165429687500000e+04,1.096825957298278809e+00
8.000000000000000000e+00,2.041163671875000000e+04,1.543167352676391602e+00
9.000000000000000000e+00,4.862948046875000000e+04,5.904141664505004883e-01
1.000000000000000000e+01,1.740395898437500000e+04,1.303637146949768066e+00
1.100000000000000000e+01,1.570899804687500000e+04,1.208640456199645996e+00
1.200000000000000000e+01,1.411955957031250000e+04,1.141286015510559082e+00
1.300000000000000000e+01,1.261251269531250000e+04,1.063974022865295410e+00
1.400000000000000000e+01,1.136342089843750000e+04,7.442649602890014648e-01
1.500000000000000000e+01,1.070641113281250000e+04,8.123679757118225098e-01
1.600000000000000000e+01,1.023202539062500000e+04,7.927876710891723633e-01
1.700000000000000000e+01,9.745070312500000000e+03,6.990659236907958984e-01
1.800000000000000000e+01,9.119368164062500000e+03,6.507483124732971191e-01
1.900000000000000000e+01,7.778024902343750000e+03,6.082320809364318848e-01
2.000000000000000000e+01,9.709555664062500000e+03,6.907762289047241211e-01
2.100000000000000000e+01,7.310387207031250000e+03,6.188133955001831055e-01
2.200000000000000000e+01,6.788729980468750000e+03,5.780329704284667969e-01
2.300000000000000000e+01,1.595903593750000000e+05,1.814007639884948730e+00
2.400000000000000000e+01,1.461540039062500000e+04,9.968476295471191406e-01
2.500000000000000000e+01,6.572107421875000000e+03,6.177379488945007324e-01
2.600000000000000000e+01,5.567880371093750000e+03,7.276672124862670898e-01
2.700000000000000000e+01,5.909084472656250000e+03,6.506955623626708984e-01
2.800000000000000000e+01,5.292614257812500000e+03,6.919232606887817383e-01
2.900000000000000000e+01,5.034076171875000000e+03,7.034177780151367188e-01
3.000000000000000000e+01,4.721872070312500000e+03,6.306254863739013672e-01
3.100000000000000000e+01,4.354889160156250000e+03,5.850540399551391602e-01
3.200000000000000000e+01,4.251985839843750000e+03,5.780756473541259766e-01
3.300000000000000000e+01,4.076359619140625000e+03,5.497542023658752441e-01
3.400000000000000000e+01,3.827488769531250000e+03,4.547266364097595215e-01
3.500000000000000000e+01,3.517698730468750000e+03,3.382315337657928467e-01
3.600000000000000000e+01,3.305721679687500000e+03,2.531324923038482666e-01
3.700000000000000000e+01,3.190826904296875000e+03,2.600033879280090332e-01
3.800000000000000000e+01,3.125397949218750000e+03,2.764774560928344727e-01
3.900000000000000000e+01,3.063925537109375000e+03,3.058409988880157471e-01
4.000000000000000000e+01,2.993589599609375000e+03,3.133521378040313721e-01
4.100000000000000000e+01,2.892485351562500000e+03,3.032815754413604736e-01
4.200000000000000000e+01,2.739871093750000000e+03,2.818686068058013916e-01
4.300000000000000000e+01,2.635759277343750000e+03,2.401545345783233643e-01
4.400000000000000000e+01,2.602188720703125000e+03,2.245871126651763916e-01
4.500000000000000000e+01,2.564025390625000000e+03,2.235014885663986206e-01
4.600000000000000000e+01,2.548413574218750000e+03,2.258007824420928955e-01
4.700000000000000000e+01,2.520104980468750000e+03,2.302516996860504150e-01
4.800000000000000000e+01,2.447901123046875000e+03,2.400495558977127075e-01
4.900000000000000000e+01,2.327713134765625000e+03,2.553111612796783447e-01
5.000000000000000000e+01,2.291097656250000000e+03,2.598500847816467285e-01
5.100000000000000000e+01,2.271474853515625000e+03,2.577845752239227295e-01
5.200000000000000000e+01,2.253198730468750000e+03,2.520999610424041748e-01
5.300000000000000000e+01,2.234577880859375000e+03,2.443971633911132812e-01
5.400000000000000000e+01,2.220465087890625000e+03,2.406302243471145630e-01
5.500000000000000000e+01,2.211156982421875000e+03,2.407913804054260254e-01
5.600000000000000000e+01,2.200982421875000000e+03,2.450341582298278809e-01
5.700000000000000000e+01,2.188340332031250000e+03,2.531974315643310547e-01
5.800000000000000000e+01,2.165483886718750000e+03,2.633397877216339111e-01
5.900000000000000000e+01,2.136129638671875000e+03,2.745304405689239502e-01
6.000000000000000000e+01,2.111170654296875000e+03,2.722769975662231445e-01
6.100000000000000000e+01,2.103086669921875000e+03,2.518406808376312256e-01
6.200000000000000000e+01,2.081645263671875000e+03,2.517854273319244385e-01
6.300000000000000000e+01,2.078470214843750000e+03,2.494572699069976807e-01
6.400000000000000000e+01,2.074668701171875000e+03,2.463819384574890137e-01
6.500000000000000000e+01,2.070398681640625000e+03,2.424242347478866577e-01
6.600000000000000000e+01,2.061070068359375000e+03,2.388012260198593140e-01
6.700000000000000000e+01,2.041241333007812500e+03,2.297404855489730835e-01
6.800000000000000000e+01,2.020034545898437500e+03,2.228031456470489502e-01
6.900000000000000000e+01,1.994410766601562500e+03,2.172428965568542480e-01
7.000000000000000000e+01,1.978170166015625000e+03,2.160581350326538086e-01
7.100000000000000000e+01,1.966624755859375000e+03,2.182532697916030884e-01
7.200000000000000000e+01,1.958219604492187500e+03,2.210222184658050537e-01
7.300000000000000000e+01,1.953130493164062500e+03,2.288262397050857544e-01
7.400000000000000000e+01,1.940558959960937500e+03,2.319574356079101562e-01
7.500000000000000000e+01,1.899538330078125000e+03,2.469933032989501953e-01
7.600000000000000000e+01,1.879321044921875000e+03,2.595789432525634766e-01
7.700000000000000000e+01,1.842053100585937500e+03,2.820395231246948242e-01
7.800000000000000000e+01,1.783804321289062500e+03,3.194320797920227051e-01
7.900000000000000000e+01,1.746607543945312500e+03,3.514415919780731201e-01
8.000000000000000000e+01,1.746550781250000000e+03,3.888906836509704590e-01
8.100000000000000000e+01,1.721825073242187500e+03,3.696882128715515137e-01
8.200000000000000000e+01,1.712584594726562500e+03,3.536848127841949463e-01
8.300000000000000000e+01,1.704018432617187500e+03,3.372479379177093506e-01
8.400000000000000000e+01,1.691817016601562500e+03,3.296820819377899170e-01
8.500000000000000000e+01,1.668291870117187500e+03,3.303994536399841309e-01
8.600000000000000000e+01,1.650066894531250000e+03,3.513231277465820312e-01
8.700000000000000000e+01,1.637026000976562500e+03,3.712090551853179932e-01
8.800000000000000000e+01,1.623771850585937500e+03,3.797788918018341064e-01
8.900000000000000000e+01,1.589698486328125000e+03,3.877936005592346191e-01
9.000000000000000000e+01,1.524664794921875000e+03,3.837288916110992432e-01
9.100000000000000000e+01,1.442807861328125000e+03,3.395318090915679932e-01
9.200000000000000000e+01,1.419409790039062500e+03,3.201755285263061523e-01
9.300000000000000000e+01,1.398719360351562500e+03,2.962910830974578857e-01
9.400000000000000000e+01,1.389914672851562500e+03,2.988839745521545410e-01
9.500000000000000000e+01,1.374227416992187500e+03,3.004048764705657959e-01
9.600000000000000000e+01,1.361836181640625000e+03,3.013938665390014648e-01
9.700000000000000000e+01,1.342972900390625000e+03,2.974338233470916748e-01
9.800000000000000000e+01,1.329820922851562500e+03,2.966900765895843506e-01
9.900000000000000000e+01,1.326100219726562500e+03,2.936759889125823975e-01
1.000000000000000000e+02,1.323352294921875000e+03,2.937973141670227051e-01
1.010000000000000000e+02,1.317337890625000000e+03,2.929177284240722656e-01
1.020000000000000000e+02,1.303429199218750000e+03,2.924244105815887451e-01
1.030000000000000000e+02,1.274141601562500000e+03,2.894176840782165527e-01
1.040000000000000000e+02,1.254361206054687500e+03,2.868695259094238281e-01
1.050000000000000000e+02,1.240939453125000000e+03,2.846285700798034668e-01
1.060000000000000000e+02,1.231697143554687500e+03,2.857566773891448975e-01
1.070000000000000000e+02,1.225574951171875000e+03,2.857743203639984131e-01
1.080000000000000000e+02,1.220846069335937500e+03,2.866109311580657959e-01
1.090000000000000000e+02,1.216894775390625000e+03,2.858907878398895264e-01
1.100000000000000000e+02,1.214238159179687500e+03,2.850654721260070801e-01
1.110000000000000000e+02,1.210347290039062500e+03,2.835065722465515137e-01
1.120000000000000000e+02,1.201839355468750000e+03,2.807680070400238037e-01
1.130000000000000000e+02,1.191440063476562500e+03,2.809707522392272949e-01
1.140000000000000000e+02,1.176125488281250000e+03,2.824262976646423340e-01
1.150000000000000000e+02,1.166392822265625000e+03,2.844253182411193848e-01
1.160000000000000000e+02,1.154878295898437500e+03,2.897439897060394287e-01
1.170000000000000000e+02,1.146420776367187500e+03,2.978515923023223877e-01
1.180000000000000000e+02,1.134924560546875000e+03,2.977673709392547607e-01
1.190000000000000000e+02,1.126094482421875000e+03,2.991442084312438965e-01
1.200000000000000000e+02,1.119234252929687500e+03,2.974147200584411621e-01
1.210000000000000000e+02,1.112811279296875000e+03,2.981309890747070312e-01
1.220000000000000000e+02,1.109374511718750000e+03,2.974245250225067139e-01
1.230000000000000000e+02,1.107779541015625000e+03,2.944788634777069092e-01
1.240000000000000000e+02,1.106722167968750000e+03,2.944495677947998047e-01
1.250000000000000000e+02,1.105442626953125000e+03,2.934939861297607422e-01
1.260000000000000000e+02,1.104073120117187500e+03,2.921119034290313721e-01
1.270000000000000000e+02,1.100731323242187500e+03,2.909008860588073730e-01
1.280000000000000000e+02,1.094509033203125000e+03,2.899190187454223633e-01
1.290000000000000000e+02,1.081357299804687500e+03,2.917896211147308350e-01
1.300000000000000000e+02,1.058788818359375000e+03,2.975609004497528076e-01
1.310000000000000000e+02,1.031348022460937500e+03,3.055820465087890625e-01
1.320000000000000000e+02,1.022311950683593750e+03,3.201160430908203125e-01
1.330000000000000000e+02,1.029951049804687500e+03,3.131588995456695557e-01
1.340000000000000000e+02,1.000390808105468750e+03,3.163115978240966797e-01
1.350000000000000000e+02,9.908506469726562500e+02,3.112590014934539795e-01
1.360000000000000000e+02,9.803996582031250000e+02,3.076431155204772949e-01
1.370000000000000000e+02,9.712048950195312500e+02,3.078851997852325439e-01
1.380000000000000000e+02,9.602436523437500000e+02,3.076812922954559326e-01
1.390000000000000000e+02,9.482859497070312500e+02,3.054011762142181396e-01
1.400000000000000000e+02,9.376744995117187500e+02,3.032493293285369873e-01
1.410000000000000000e+02,9.283901977539062500e+02,2.992343604564666748e-01
1.420000000000000000e+02,9.164751586914062500e+02,2.946244478225708008e-01
1.430000000000000000e+02,9.043827514648437500e+02,2.896393835544586182e-01
1.440000000000000000e+02,8.923844604492187500e+02,2.861464321613311768e-01
1.450000000000000000e+02,8.746511230468750000e+02,2.836886942386627197e-01
1.460000000000000000e+02,8.605576782226562500e+02,2.840776741504669189e-01
1.470000000000000000e+02,8.508392944335937500e+02,2.850312292575836182e-01
1.480000000000000000e+02,8.431289062500000000e+02,2.857189178466796875e-01
1.490000000000000000e+02,8.382272338867187500e+02,2.851535975933074951e-01
1.500000000000000000e+02,8.335084838867187500e+02,2.868572175502777100e-01
1.510000000000000000e+02,8.266159667968750000e+02,2.853855192661285400e-01
1.520000000000000000e+02,8.200313720703125000e+02,2.881604433059692383e-01
1.530000000000000000e+02,8.118452758789062500e+02,2.895267605781555176e-01
1.540000000000000000e+02,8.074003295898437500e+02,2.924720644950866699e-01
1.550000000000000000e+02,8.050310058593750000e+02,2.937579452991485596e-01
1.560000000000000000e+02,8.020490722656250000e+02,2.949203550815582275e-01
1.570000000000000000e+02,7.957962646484375000e+02,2.957987487316131592e-01
1.580000000000000000e+02,7.821158447265625000e+02,2.948095798492431641e-01
1.590000000000000000e+02,7.602459716796875000e+02,2.926514446735382080e-01
1.600000000000000000e+02,7.462870483398437500e+02,2.906731069087982178e-01
1.610000000000000000e+02,7.358572387695312500e+02,2.884158194065093994e-01
1.620000000000000000e+02,7.306771240234375000e+02,2.854080796241760254e-01
1.630000000000000000e+02,7.261212768554687500e+02,2.848304212093353271e-01
1.640000000000000000e+02,7.201225585937500000e+02,2.861233949661254883e-01
1.650000000000000000e+02,7.154231567382812500e+02,2.873974144458770752e-01
1.660000000000000000e+02,7.029509277343750000e+02,2.858078181743621826e-01
1.670000000000000000e+02,6.740834350585937500e+02,2.814141213893890381e-01
1.680000000000000000e+02,6.513423461914062500e+02,2.734302878379821777e-01
1.690000000000000000e+02,6.285849609375000000e+02,2.735126912593841553e-01
1.700000000000000000e+02,6.170753784179687500e+02,2.687520682811737061e-01
1.710000000000000000e+02,6.108298950195312500e+02,2.704482972621917725e-01
1.720000000000000000e+02,6.094985351562500000e+02,2.763787806034088135e-01
1.730000000000000000e+02,6.083842163085937500e+02,2.764590084552764893e-01
1.740000000000000000e+02,6.066195068359375000e+02,2.748599052429199219e-01
1.750000000000000000e+02,6.038843383789062500e+02,2.750231623649597168e-01
1.760000000000000000e+02,5.973407592773437500e+02,2.733355462551116943e-01
1.770000000000000000e+02,5.887519531250000000e+02,2.699806392192840576e-01
1.780000000000000000e+02,5.777587280273437500e+02,2.639596164226531982e-01
1.790000000000000000e+02,5.676868286132812500e+02,2.603116035461425781e-01
1.800000000000000000e+02,5.621321411132812500e+02,2.607543766498565674e-01
1.810000000000000000e+02,5.544330444335937500e+02,2.618009150028228760e-01
1.820000000000000000e+02,5.508871459960937500e+02,2.668136358261108398e-01
1.830000000000000000e+02,5.467471923828125000e+02,2.714792788028717041e-01
1.840000000000000000e+02,5.437622680664062500e+02,2.746230065822601318e-01
1.850000000000000000e+02,5.389669189453125000e+02,2.768163383007049561e-01
1.860000000000000000e+02,5.322105712890625000e+02,2.742602825164794922e-01
1.870000000000000000e+02,5.278450927734375000e+02,2.713755369186401367e-01
1.880000000000000000e+02,5.223103637695312500e+02,2.672033309936523438e-01
1.890000000000000000e+02,5.138272094726562500e+02,2.628073990345001221e-01
1.900000000000000000e+02,5.044191284179687500e+02,2.590857446193695068e-01
1.910000000000000000e+02,4.985632324218750000e+02,2.587453722953796387e-01
1.920000000000000000e+02,4.946480102539062500e+02,2.570785880088806152e-01
1.930000000000000000e+02,4.932525329589843750e+02,2.571983635425567627e-01
1.940000000000000000e+02,4.920075988769531250e+02,2.556928694248199463e-01
1.950000000000000000e+02,4.909014282226562500e+02,2.537074089050292969e-01
1.960000000000000000e+02,4.900019226074218750e+02,2.536000311374664307e-01
1.970000000000000000e+02,4.893856811523437500e+02,2.537702023983001709e-01
1.980000000000000000e+02,4.890372009277343750e+02,2.533881068229675293e-01
1.990000000000000000e+02,4.885196533203125000e+02,2.532223165035247803e-01
2.000000000000000000e+02,4.878331909179687500e+02,2.519356310367584229e-01
2.010000000000000000e+02,4.867162170410156250e+02,2.501763403415679932e-01
2.020000000000000000e+02,4.836867980957031250e+02,2.463658303022384644e-01
2.030000000000000000e+02,4.782819824218750000e+02,2.408293783664703369e-01
2.040000000000000000e+02,4.712520751953125000e+02,2.352731078863143921e-01
2.050000000000000000e+02,4.648364562988281250e+02,2.307136058807373047e-01
2.060000000000000000e+02,4.602844543457031250e+02,2.306580543518066406e-01
2.070000000000000000e+02,4.571256713867187500e+02,2.310387492179870605e-01
2.080000000000000000e+02,4.543522033691406250e+02,2.328233867883682251e-01
2.090000000000000000e+02,4.524250793457031250e+02,2.318247407674789429e-01
2.100000000000000000e+02,4.492373657226562500e+02,2.298370450735092163e-01
2.110000000000000000e+02,4.455600891113281250e+02,2.261161953210830688e-01
2.120000000000000000e+02,4.396238403320312500e+02,2.229061126708984375e-01
2.130000000000000000e+02,4.305862121582031250e+02,2.177789211273193359e-01
2.140000000000000000e+02,4.215162353515625000e+02,2.138724178075790405e-01
2.150000000000000000e+02,4.140255126953125000e+02,2.106416523456573486e-01
2.160000000000000000e+02,4.094773559570312500e+02,2.132398635149002075e-01
2.170000000000000000e+02,4.076678161621093750e+02,2.136120349168777466e-01
2.180000000000000000e+02,4.070788879394531250e+02,2.135996818542480469e-01
2.190000000000000000e+02,4.065832824707031250e+02,2.114516496658325195e-01
2.200000000000000000e+02,4.062306518554687500e+02,2.122815847396850586e-01
2.210000000000000000e+02,4.056086120605468750e+02,2.118359059095382690e-01
2.220000000000000000e+02,4.042360839843750000e+02,2.126616686582565308e-01
2.230000000000000000e+02,4.027984008789062500e+02,2.119964063167572021e-01
2.240000000000000000e+02,3.999612731933593750e+02,2.124041020870208740e-01
2.250000000000000000e+02,3.937197875976562500e+02,2.154724001884460449e-01
2.260000000000000000e+02,3.864589538574218750e+02,2.118287086486816406e-01
2.270000000000000000e+02,3.801811523437500000e+02,2.108945697546005249e-01
2.280000000000000000e+02,3.734687500000000000e+02,2.077100872993469238e-01
2.290000000000000000e+02,3.718732604980468750e+02,2.026110887527465820e-01
2.300000000000000000e+02,3.701409301757812500e+02,2.007131427526473999e-01
2.310000000000000000e+02,3.692943115234375000e+02,1.997424662113189697e-01
2.320000000000000000e+02,3.689708251953125000e+02,1.990601569414138794e-01
2.330000000000000000e+02,3.687606506347656250e+02,1.991260945796966553e-01
2.340000000000000000e+02,3.683496093750000000e+02,1.986396014690399170e-01
2.350000000000000000e+02,3.676512145996093750e+02,1.984320431947708130e-01
2.360000000000000000e+02,3.663833312988281250e+02,1.975610554218292236e-01
2.370000000000000000e+02,3.634860839843750000e+02,1.964797526597976685e-01
2.380000000000000000e+02,3.575025024414062500e+02,1.945933550596237183e-01
2.390000000000000000e+02,3.501059875488281250e+02,1.947253197431564331e-01
2.400000000000000000e+02,3.545102233886718750e+02,1.893301904201507568e-01
2.410000000000000000e+02,3.458164062500000000e+02,1.922819912433624268e-01
2.420000000000000000e+02,3.404738159179687500e+02,1.911246627569198608e-01
2.430000000000000000e+02,3.360718078613281250e+02,1.904456317424774170e-01
2.440000000000000000e+02,3.343835754394531250e+02,1.886681318283081055e-01
2.450000000000000000e+02,3.337384948730468750e+02,1.816813349723815918e-01
2.460000000000000000e+02,3.325590515136718750e+02,1.836768239736557007e-01
2.470000000000000000e+02,3.321694641113281250e+02,1.831970959901809692e-01
2.480000000000000000e+02,3.318432006835937500e+02,1.817148178815841675e-01
2.490000000000000000e+02,3.316229858398437500e+02,1.808765232563018799e-01
2.500000000000000000e+02,3.312059631347656250e+02,1.801054477691650391e-01
2.510000000000000000e+02,3.305937805175781250e+02,1.796049028635025024e-01
2.520000000000000000e+02,4.462426757812500000e+02,1.819982230663299561e-01
2.530000000000000000e+02,3.304637145996093750e+02,1.796804070472717285e-01
2.540000000000000000e+02,3.296738281250000000e+02,1.795147657394409180e-01
2.550000000000000000e+02,3.280832824707031250e+02,1.791409105062484741e-01
2.560000000000000000e+02,3.245173034667968750e+02,1.781799346208572388e-01
2.570000000000000000e+02,3.191631164550781250e+02,1.759499013423919678e-01
2.580000000000000000e+02,3.142116394042968750e+02,1.739494502544403076e-01
2.590000000000000000e+02,3.121994018554687500e+02,1.712647825479507446e-01
2.600000000000000000e+02,3.098298339843750000e+02,1.716946512460708618e-01
2.610000000000000000e+02,3.094803466796875000e+02,1.715013980865478516e-01
2.620000000000000000e+02,3.069133300781250000e+02,1.712090075016021729e-01
2.630000000000000000e+02,3.042749633789062500e+02,1.703588664531707764e-01
2.640000000000000000e+02,3.006858825683593750e+02,1.692953258752822876e-01
2.650000000000000000e+02,2.965861816406250000e+02,1.675166040658950806e-01
2.660000000000000000e+02,2.947941589355468750e+02,1.663100868463516235e-01
2.670000000000000000e+02,2.937713012695312500e+02,1.662698388099670410e-01
2.680000000000000000e+02,2.931849975585937500e+02,1.652879714965820312e-01
2.690000000000000000e+02,2.928365478515625000e+02,1.663577109575271606e-01
2.700000000000000000e+02,2.926424865722656250e+02,1.667149960994720459e-01
2.710000000000000000e+02,2.925351867675781250e+02,1.670886576175689697e-01
2.720000000000000000e+02,2.924413146972656250e+02,1.668784320354461670e-01
2.730000000000000000e+02,2.923429870605468750e+02,1.667915284633636475e-01
2.740000000000000000e+02,2.920328979492187500e+02,1.670297980308532715e-01
2.750000000000000000e+02,5.560430908203125000e+02,1.888912916183471680e-01
2.760000000000000000e+02,2.915028991699218750e+02,1.651703715324401855e-01
2.770000000000000000e+02,2.905485534667968750e+02,1.655439734458923340e-01
2.780000000000000000e+02,2.867903137207031250e+02,1.664688736200332642e-01
2.790000000000000000e+02,2.839308471679687500e+02,1.688496172428131104e-01
2.800000000000000000e+02,2.808687438964843750e+02,1.691577881574630737e-01
2.810000000000000000e+02,2.750206604003906250e+02,1.700429618358612061e-01
2.820000000000000000e+02,2.698261718750000000e+02,1.696918308734893799e-01
2.830000000000000000e+02,2.649249572753906250e+02,1.648369431495666504e-01
2.840000000000000000e+02,2.615588378906250000e+02,1.667253375053405762e-01
2.850000000000000000e+02,2.601558227539062500e+02,1.659919470548629761e-01
2.860000000000000000e+02,2.627486572265625000e+02,1.696097552776336670e-01
2.870000000000000000e+02,2.593847351074218750e+02,1.672528982162475586e-01
2.880000000000000000e+02,2.582542419433593750e+02,1.691114306449890137e-01
2.890000000000000000e+02,2.577765197753906250e+02,1.692311316728591919e-01
2.900000000000000000e+02,2.574008178710937500e+02,1.686765700578689575e-01
2.910000000000000000e+02,2.572482910156250000e+02,1.683958172798156738e-01
2.920000000000000000e+02,2.569631347656250000e+02,1.682259589433670044e-01
2.930000000000000000e+02,2.563844299316406250e+02,1.665256321430206299e-01
2.940000000000000000e+02,2.557298278808593750e+02,1.653717309236526489e-01
2.950000000000000000e+02,2.541726989746093750e+02,1.625808924436569214e-01
2.960000000000000000e+02,2.523931732177734375e+02,1.595030874013900757e-01
2.970000000000000000e+02,2.504272613525390625e+02,1.573902517557144165e-01
2.980000000000000000e+02,2.487660369873046875e+02,1.560991108417510986e-01
2.990000000000000000e+02,2.477751312255859375e+02,1.564262956380844116e-01
3.000000000000000000e+02,2.470708312988281250e+02,1.556851267814636230e-01
3.010000000000000000e+02,2.465980834960937500e+02,1.547226309776306152e-01
3.020000000000000000e+02,2.460896453857421875e+02,1.549942046403884888e-01
3.030000000000000000e+02,2.457046051025390625e+02,1.543795168399810791e-01
3.040000000000000000e+02,2.451525115966796875e+02,1.537249982357025146e-01
3.050000000000000000e+02,2.446551513671875000e+02,1.530767828226089478e-01
3.060000000000000000e+02,2.439308166503906250e+02,1.518875062465667725e-01
3.070000000000000000e+02,2.432003631591796875e+02,1.514763832092285156e-01
3.080000000000000000e+02,2.425811309814453125e+02,1.510366201400756836e-01
3.090000000000000000e+02,2.414868621826171875e+02,1.506256610155105591e-01
3.100000000000000000e+02,2.439252014160156250e+02,1.476030796766281128e-01
3.110000000000000000e+02,2.412014312744140625e+02,1.498216688632965088e-01
3.120000000000000000e+02,2.402343902587890625e+02,1.506275236606597900e-01
3.130000000000000000e+02,2.394077301025390625e+02,1.518974602222442627e-01
3.140000000000000000e+02,2.391482696533203125e+02,1.531052440404891968e-01
3.150000000000000000e+02,2.387347259521484375e+02,1.531081348657608032e-01
3.160000000000000000e+02,2.384419708251953125e+02,1.529723852872848511e-01
3.170000000000000000e+02,2.378551940917968750e+02,1.528900712728500366e-01
3.180000000000000000e+02,2.373750762939453125e+02,1.529862880706787109e-01
3.190000000000000000e+02,2.368067474365234375e+02,1.528844982385635376e-01
3.200000000000000000e+02,2.362142028808593750e+02,1.522099524736404419e-01
3.210000000000000000e+02,2.351942901611328125e+02,1.504296511411666870e-01
3.220000000000000000e+02,2.346006622314453125e+02,1.487397253513336182e-01
3.230000000000000000e+02,2.352247924804687500e+02,1.511514186859130859e-01
3.240000000000000000e+02,2.339387207031250000e+02,1.497804969549179077e-01
3.250000000000000000e+02,2.330459136962890625e+02,1.505489498376846313e-01
3.260000000000000000e+02,2.367492370605468750e+02,1.578493416309356689e-01
3.270000000000000000e+02,2.325770111083984375e+02,1.523714661598205566e-01
3.280000000000000000e+02,2.320297241210937500e+02,1.522334069013595581e-01
3.290000000000000000e+02,2.318727874755859375e+02,1.518419533967971802e-01
3.300000000000000000e+02,2.314049072265625000e+02,1.518164724111557007e-01
3.310000000000000000e+02,2.312742462158203125e+02,1.519193798303604126e-01
3.320000000000000000e+02,2.311320190429687500e+02,1.519016027450561523e-01
3.330000000000000000e+02,2.307577667236328125e+02,1.516918987035751343e-01
3.340000000000000000e+02,2.300018310546875000e+02,1.503655761480331421e-01
3.350000000000000000e+02,2.286071166992187500e+02,1.488032341003417969e-01
3.360000000000000000e+02,2.264824981689453125e+02,1.453699916601181030e-01
3.370000000000000000e+02,2.246834716796875000e+02,1.426920890808105469e-01
3.380000000000000000e+02,2.228816680908203125e+02,1.401824504137039185e-01
3.390000000000000000e+02,2.222660980224609375e+02,1.398169696331024170e-01
3.400000000000000000e+02,2.211828308105468750e+02,1.392049193382263184e-01
3.410000000000000000e+02,2.207265319824218750e+02,1.394294351339340210e-01
3.420000000000000000e+02,2.204774627685546875e+02,1.393174678087234497e-01
3.430000000000000000e+02,2.201202545166015625e+02,1.391074359416961670e-01
3.440000000000000000e+02,2.198605804443359375e+02,1.389460563659667969e-01
3.450000000000000000e+02,2.222618255615234375e+02,1.432980895042419434e-01
3.460000000000000000e+02,2.190483856201171875e+02,1.403411328792572021e-01
3.470000000000000000e+02,2.176372070312500000e+02,1.401838809251785278e-01
3.480000000000000000e+02,2.147142791748046875e+02,1.407728195190429688e-01
3.490000000000000000e+02,2.134954681396484375e+02,1.372804641723632812e-01
3.500000000000000000e+02,2.126806793212890625e+02,1.363827735185623169e-01
3.510000000000000000e+02,2.121864929199218750e+02,1.358121186494827271e-01
3.520000000000000000e+02,2.119694061279296875e+02,1.360991150140762329e-01
3.530000000000000000e+02,2.112723693847656250e+02,1.373842656612396240e-01
3.540000000000000000e+02,2.106221771240234375e+02,1.393702477216720581e-01
3.550000000000000000e+02,2.113221130371093750e+02,1.457259505987167358e-01
3.560000000000000000e+02,2.099031524658203125e+02,1.419748365879058838e-01
3.570000000000000000e+02,2.087657775878906250e+02,1.420972496271133423e-01
3.580000000000000000e+02,2.079544982910156250e+02,1.426871716976165771e-01
3.590000000000000000e+02,2.071446228027343750e+02,1.396281719207763672e-01
3.600000000000000000e+02,2.068144989013671875e+02,1.400680840015411377e-01
3.610000000000000000e+02,2.062177734375000000e+02,1.401710957288742065e-01
3.620000000000000000e+02,2.053143157958984375e+02,1.392507702112197876e-01
3.630000000000000000e+02,2.092688293457031250e+02,1.348824650049209595e-01
3.640000000000000000e+02,2.041440124511718750e+02,1.372349858283996582e-01
3.650000000000000000e+02,2.033785400390625000e+02,1.377870589494705200e-01
3.660000000000000000e+02,2.028398132324218750e+02,1.396162360906600952e-01
3.670000000000000000e+02,2.031075744628906250e+02,1.399548351764678955e-01
3.680000000000000000e+02,2.026142883300781250e+02,1.397711336612701416e-01
3.690000000000000000e+02,2.024409027099609375e+02,1.399548202753067017e-01
3.700000000000000000e+02,2.021309967041015625e+02,1.407450437545776367e-01
3.710000000000000000e+02,2.023055114746093750e+02,1.400935649871826172e-01
3.720000000000000000e+02,2.019048309326171875e+02,1.404452174901962280e-01
3.730000000000000000e+02,2.017438354492187500e+02,1.406372785568237305e-01
3.740000000000000000e+02,2.015572052001953125e+02,1.394090801477432251e-01
3.750000000000000000e+02,2.012627105712890625e+02,1.397724300622940063e-01
3.760000000000000000e+02,2.010508728027343750e+02,1.396004706621170044e-01
3.770000000000000000e+02,2.008235778808593750e+02,1.387769132852554321e-01
3.780000000000000000e+02,2.005967102050781250e+02,1.376950591802597046e-01
3.790000000000000000e+02,2.003442993164062500e+02,1.364536434412002563e-01
3.800000000000000000e+02,2.000302734375000000e+02,1.352287828922271729e-01
3.810000000000000000e+02,2.004831390380859375e+02,1.349150836467742920e-01
3.820000000000000000e+02,1.998759155273437500e+02,1.350949704647064209e-01
3.830000000000000000e+02,1.999536895751953125e+02,1.339114904403686523e-01
3.840000000000000000e+02,1.997091674804687500e+02,1.345509588718414307e-01
3.850000000000000000e+02,1.990859985351562500e+02,1.330317556858062744e-01
3.860000000000000000e+02,1.981627044677734375e+02,1.341718584299087524e-01
3.870000000000000000e+02,1.971579742431640625e+02,1.367582976818084717e-01
3.880000000000000000e+02,1.998522796630859375e+02,1.414352953433990479e-01
3.890000000000000000e+02,1.967945709228515625e+02,1.380489617586135864e-01
3.900000000000000000e+02,1.959177703857421875e+02,1.377938240766525269e-01
3.910000000000000000e+02,1.949554901123046875e+02,1.361005455255508423e-01
3.920000000000000000e+02,1.944555969238281250e+02,1.349317729473114014e-01
3.930000000000000000e+02,1.938506774902343750e+02,1.331405192613601685e-01
3.940000000000000000e+02,1.932498931884765625e+02,1.317307800054550171e-01
3.950000000000000000e+02,1.925760192871093750e+02,1.303950846195220947e-01
3.960000000000000000e+02,2.425125274658203125e+02,1.227874383330345154e-01
3.970000000000000000e+02,1.924004974365234375e+02,1.294302046298980713e-01
3.980000000000000000e+02,1.916842041015625000e+02,1.288850456476211548e-01
3.990000000000000000e+02,1.909386444091796875e+02,1.280001997947692871e-01
4.000000000000000000e+02,1.914166259765625000e+02,1.264120340347290039e-01
4.010000000000000000e+02,1.907380523681640625e+02,1.274226754903793335e-01
4.020000000000000000e+02,1.902743072509765625e+02,1.271052509546279907e-01
4.030000000000000000e+02,1.896790161132812500e+02,1.261317133903503418e-01
4.040000000000000000e+02,1.888617095947265625e+02,1.259174346923828125e-01
4.050000000000000000e+02,1.878475646972656250e+02,1.244211494922637939e-01
4.060000000000000000e+02,1.870491027832031250e+02,1.254180669784545898e-01
4.070000000000000000e+02,1.862930908203125000e+02,1.253309845924377441e-01
4.080000000000000000e+02,1.853955993652343750e+02,1.247204244136810303e-01
4.090000000000000000e+02,1.846091766357421875e+02,1.240160763263702393e-01
4.100000000000000000e+02,1.839771575927734375e+02,1.233623251318931580e-01
4.110000000000000000e+02,1.831134948730468750e+02,1.227611228823661804e-01
4.120000000000000000e+02,1.821360626220703125e+02,1.234451308846473694e-01
4.130000000000000000e+02,1.811178741455078125e+02,1.244923397898674011e-01
4.140000000000000000e+02,1.813426208496093750e+02,1.257635653018951416e-01
4.150000000000000000e+02,1.808611755371093750e+02,1.250335276126861572e-01
4.160000000000000000e+02,1.805073089599609375e+02,1.249547079205513000e-01
4.170000000000000000e+02,1.803488922119140625e+02,1.243817955255508423e-01
4.180000000000000000e+02,1.801879882812500000e+02,1.236976981163024902e-01
4.190000000000000000e+02,1.801289367675781250e+02,1.236153617501258850e-01
4.200000000000000000e+02,1.800307617187500000e+02,1.233767643570899963e-01
4.210000000000000000e+02,1.799293975830078125e+02,1.234369650483131409e-01
4.220000000000000000e+02,1.797955627441406250e+02,1.235697865486145020e-01
4.230000000000000000e+02,1.798768310546875000e+02,1.237300187349319458e-01
4.240000000000000000e+02,1.795445404052734375e+02,1.236182898283004761e-01
4.250000000000000000e+02,1.792668151855468750e+02,1.238502487540245056e-01
4.260000000000000000e+02,1.789504089355468750e+02,1.238070428371429443e-01
4.270000000000000000e+02,1.779839935302734375e+02,1.238003075122833252e-01
4.280000000000000000e+02,1.770047149658203125e+02,1.234424486756324768e-01
4.290000000000000000e+02,1.760396881103515625e+02,1.225278303027153015e-01
4.300000000000000000e+02,1.777911987304687500e+02,1.227082386612892151e-01
4.310000000000000000e+02,1.756806335449218750e+02,1.224873960018157959e-01
4.320000000000000000e+02,1.750253143310546875e+02,1.211682260036468506e-01
4.330000000000000000e+02,1.748692169189453125e+02,1.184172034263610840e-01
4.340000000000000000e+02,1.739926147460937500e+02,1.184484437108039856e-01
4.350000000000000000e+02,1.734918365478515625e+02,1.192034855484962463e-01
4.360000000000000000e+02,1.719657440185546875e+02,1.212442219257354736e-01
4.370000000000000000e+02,1.749009857177734375e+02,1.216769814491271973e-01
4.380000000000000000e+02,1.715712127685546875e+02,1.211798191070556641e-01
4.390000000000000000e+02,1.709919891357421875e+02,1.234525069594383240e-01
4.400000000000000000e+02,1.702089996337890625e+02,1.222040802240371704e-01
4.410000000000000000e+02,1.699150848388671875e+02,1.211967393755912781e-01
4.420000000000000000e+02,1.697048492431640625e+02,1.210261657834053040e-01
4.430000000000000000e+02,1.695045928955078125e+02,1.214870139956474304e-01
4.440000000000000000e+02,1.690965423583984375e+02,1.222006231546401978e-01
4.450000000000000000e+02,1.685496826171875000e+02,1.225838586688041687e-01
4.460000000000000000e+02,1.844543151855468750e+02,1.105972900986671448e-01
4.470000000000000000e+02,1.684524078369140625e+02,1.210479736328125000e-01
4.480000000000000000e+02,1.671062316894531250e+02,1.198978051543235779e-01
4.490000000000000000e+02,1.657870330810546875e+02,1.168415248394012451e-01
4.500000000000000000e+02,1.640510711669921875e+02,1.127415150403976440e-01
4.510000000000000000e+02,1.622847290039062500e+02,1.082392930984497070e-01
4.520000000000000000e+02,1.606602172851562500e+02,1.061237975955009460e-01
4.530000000000000000e+02,1.598886566162109375e+02,1.047593578696250916e-01
4.540000000000000000e+02,1.594081115722656250e+02,1.056247130036354065e-01
4.550000000000000000e+02,1.592439270019531250e+02,1.063915193080902100e-01
4.560000000000000000e+02,1.591702880859375000e+02,1.065853610634803772e-01
4.570000000000000000e+02,1.591228332519531250e+02,1.068466305732727051e-01
4.580000000000000000e+02,1.628862304687500000e+02,1.036063730716705322e-01
4.590000000000000000e+02,1.590544128417968750e+02,1.064206287264823914e-01
4.600000000000000000e+02,1.586940155029296875e+02,1.062605679035186768e-01
4.610000000000000000e+02,1.574332122802734375e+02,1.009725183248519897e-01
4.620000000000000000e+02,1.564225921630859375e+02,1.003524810075759888e-01
4.630000000000000000e+02,1.555814971923828125e+02,9.672740846872329712e-02
4.640000000000000000e+02,1.547257995605468750e+02,9.345463663339614868e-02
4.650000000000000000e+02,1.538323516845703125e+02,9.065647423267364502e-02
4.660000000000000000e+02,1.526640777587890625e+02,8.855305612087249756e-02
4.670000000000000000e+02,1.513751983642578125e+02,8.729182183742523193e-02
4.680000000000000000e+02,1.508414611816406250e+02,8.437327295541763306e-02
4.690000000000000000e+02,1.502047424316406250e+02,8.631443232297897339e-02
4.700000000000000000e+02,1.498646240234375000e+02,8.727116882801055908e-02
4.710000000000000000e+02,1.496067352294921875e+02,8.756373077630996704e-02
4.720000000000000000e+02,1.493867645263671875e+02,8.768121153116226196e-02
4.730000000000000000e+02,1.491207885742187500e+02,8.740793913602828979e-02
4.740000000000000000e+02,1.487281341552734375e+02,8.728320151567459106e-02
4.750000000000000000e+02,1.483931427001953125e+02,8.762234449386596680e-02
4.760000000000000000e+02,1.479980010986328125e+02,8.905914425849914551e-02
4.770000000000000000e+02,1.479739074707031250e+02,9.075769037008285522e-02
4.780000000000000000e+02,1.477860412597656250e+02,8.993936330080032349e-02
4.790000000000000000e+02,1.476565399169921875e+02,9.108685702085494995e-02
4.800000000000000000e+02,1.476134033203125000e+02,9.135501086711883545e-02
4.810000000000000000e+02,1.475959320068359375e+02,9.130269289016723633e-02
4.820000000000000000e+02,1.475704040527343750e+02,9.111464768648147583e-02
4.830000000000000000e+02,1.476223602294921875e+02,9.048649668693542480e-02
4.840000000000000000e+02,1.475436553955078125e+02,9.083951264619827271e-02
4.850000000000000000e+02,1.474633789062500000e+02,9.063040465116500854e-02
4.860000000000000000e+02,1.473001556396484375e+02,9.033666551113128662e-02
4.870000000000000000e+02,1.469528808593750000e+02,8.994218707084655762e-02
4.880000000000000000e+02,1.463898315429687500e+02,8.947075903415679932e-02
4.890000000000000000e+02,1.452130889892578125e+02,8.885277062654495239e-02
4.900000000000000000e+02,1.431545410156250000e+02,8.830456435680389404e-02
4.910000000000000000e+02,1.437821044921875000e+02,8.814096450805664062e-02
4.920000000000000000e+02,1.420050201416015625e+02,8.818301558494567871e-02
4.930000000000000000e+02,1.395455169677734375e+02,8.984269201755523682e-02
4.940000000000000000e+02,1.377588195800781250e+02,8.814528584480285645e-02
4.950000000000000000e+02,1.364513702392578125e+02,8.858805149793624878e-02
4.960000000000000000e+02,1.364429168701171875e+02,9.157033264636993408e-02
4.970000000000000000e+02,1.355461120605468750e+02,9.018182754516601562e-02
4.980000000000000000e+02,1.350872650146484375e+02,9.046322852373123169e-02
4.990000000000000000e+02,1.346210174560546875e+02,9.015249460935592651e-02
5.000000000000000000e+02,1.344784240722656250e+02,9.084168076515197754e-02
5.010000000000000000e+02,1.344256439208984375e+02,9.192661195993423462e-02
5.020000000000000000e+02,1.343419036865234375e+02,9.134197980165481567e-02
5.030000000000000000e+02,1.342883605957031250e+02,9.106998890638351440e-02
5.040000000000000000e+02,1.342311859130859375e+02,9.077065438032150269e-02
5.050000000000000000e+02,1.341911315917968750e+02,9.064970910549163818e-02
5.060000000000000000e+02,1.341583862304687500e+02,9.065346419811248779e-02
5.070000000000000000e+02,1.355776824951171875e+02,9.103841334581375122e-02
5.080000000000000000e+02,1.341499328613281250e+02,9.067517518997192383e-02
5.090000000000000000e+02,1.339179077148437500e+02,9.093709290027618408e-02
5.100000000000000000e+02,1.334812774658203125e+02,9.129051119089126587e-02
5.110000000000000000e+02,1.329201965332031250e+02,9.168305993080139160e-02
5.120000000000000000e+02,1.321821746826171875e+02,9.203569591045379639e-02
5.130000000000000000e+02,1.315727386474609375e+02,9.328325092792510986e-02
5.140000000000000000e+02,1.306873779296875000e+02,9.165135025978088379e-02
5.150000000000000000e+02,1.293934326171875000e+02,9.199155867099761963e-02
5.160000000000000000e+02,1.278853378295898438e+02,9.189370274543762207e-02
5.170000000000000000e+02,1.271875534057617188e+02,9.216538071632385254e-02
5.180000000000000000e+02,1.269327926635742188e+02,9.289496392011642456e-02
5.190000000000000000e+02,1.265101089477539062e+02,9.260176867246627808e-02
5.200000000000000000e+02,1.256505584716796875e+02,9.297540783882141113e-02
5.210000000000000000e+02,1.243876113891601562e+02,9.374757111072540283e-02
5.220000000000000000e+02,1.411827392578125000e+02,1.094570606946945190e-01
5.230000000000000000e+02,1.243137664794921875e+02,9.465856105089187622e-02
5.240000000000000000e+02,1.239016342163085938e+02,9.480893611907958984e-02
5.250000000000000000e+02,1.233068618774414062e+02,9.554257243871688843e-02
5.260000000000000000e+02,1.228250122070312500e+02,9.520320594310760498e-02
5.270000000000000000e+02,1.224510879516601562e+02,9.456167370080947876e-02
5.280000000000000000e+02,1.224821701049804688e+02,9.496475011110305786e-02
5.290000000000000000e+02,1.222764587402343750e+02,9.475318342447280884e-02
5.300000000000000000e+02,1.220782012939453125e+02,9.300899505615234375e-02
5.310000000000000000e+02,1.225137710571289062e+02,9.009617567062377930e-02
5.320000000000000000e+02,1.218618698120117188e+02,9.190604835748672485e-02
5.330000000000000000e+02,1.218078002929687500e+02,9.172834455966949463e-02
5.340000000000000000e+02,1.216903915405273438e+02,9.214728325605392456e-02
5.350000000000000000e+02,1.216248397827148438e+02,9.177692234516143799e-02
5.360000000000000000e+02,1.215885848999023438e+02,9.153939783573150635e-02
5.370000000000000000e+02,1.215350570678710938e+02,9.135741740465164185e-02
5.380000000000000000e+02,1.214313659667968750e+02,9.140633791685104370e-02
5.390000000000000000e+02,1.210663604736328125e+02,9.175931662321090698e-02
5.400000000000000000e+02,1.207463302612304688e+02,9.176134318113327026e-02
5.410000000000000000e+02,1.200480041503906250e+02,9.184018522500991821e-02
5.420000000000000000e+02,1.193349685668945312e+02,9.074431657791137695e-02
5.430000000000000000e+02,1.187448043823242188e+02,8.971191197633743286e-02
5.440000000000000000e+02,1.178885040283203125e+02,8.966178447008132935e-02
5.450000000000000000e+02,1.169307098388671875e+02,8.974289149045944214e-02
5.460000000000000000e+02,1.155999755859375000e+02,8.937531709671020508e-02
5.470000000000000000e+02,1.149136276245117188e+02,9.019365161657333374e-02
5.480000000000000000e+02,1.144463729858398438e+02,9.003883600234985352e-02
5.490000000000000000e+02,1.140334167480468750e+02,9.045576304197311401e-02
5.500000000000000000e+02,1.138411788940429688e+02,9.024763107299804688e-02
5.510000000000000000e+02,1.135819778442382812e+02,9.026502072811126709e-02
5.520000000000000000e+02,1.135662155151367188e+02,8.983300626277923584e-02
5.530000000000000000e+02,1.165910949707031250e+02,9.096063673496246338e-02
5.540000000000000000e+02,1.135499267578125000e+02,8.986151963472366333e-02
5.550000000000000000e+02,1.134181594848632812e+02,9.035656601190567017e-02
5.560000000000000000e+02,1.137149124145507812e+02,9.349825233221054077e-02
5.570000000000000000e+02,1.133983078002929688e+02,9.096603840589523315e-02
5.580000000000000000e+02,1.133162918090820312e+02,9.102573990821838379e-02
5.590000000000000000e+02,1.132565917968750000e+02,9.091812372207641602e-02
5.600000000000000000e+02,1.130986633300781250e+02,9.075766056776046753e-02
5.610000000000000000e+02,1.128243484497070312e+02,9.022122621536254883e-02
5.620000000000000000e+02,1.125900039672851562e+02,9.034443646669387817e-02
5.630000000000000000e+02,1.121638641357421875e+02,8.906313031911849976e-02
5.640000000000000000e+02,1.115901565551757812e+02,8.948574960231781006e-02
5.650000000000000000e+02,1.106706314086914062e+02,9.073396027088165283e-02
5.660000000000000000e+02,1.102211914062500000e+02,9.087849408388137817e-02
5.670000000000000000e+02,1.097633743286132812e+02,9.227346628904342651e-02
5.680000000000000000e+02,1.091759338378906250e+02,9.165246784687042236e-02
5.690000000000000000e+02,1.082062149047851562e+02,8.974774926900863647e-02
5.700000000000000000e+02,1.074035568237304688e+02,8.803450316190719604e-02
5.710000000000000000e+02,1.065612945556640625e+02,8.657510578632354736e-02
5.720000000000000000e+02,1.064326705932617188e+02,8.591028302907943726e-02
5.730000000000000000e+02,1.057831878662109375e+02,8.712550997734069824e-02
5.740000000000000000e+02,1.055941619873046875e+02,8.784571290016174316e-02
5.750000000000000000e+02,1.054429092407226562e+02,8.900479972362518311e-02
5.760000000000000000e+02,1.146911621093750000e+02,9.278207272291183472e-02
5.770000000000000000e+02,1.054158630371093750e+02,8.915708214044570923e-02
5.780000000000000000e+02,1.053236846923828125e+02,8.930005878210067749e-02
5.790000000000000000e+02,1.051648864746093750e+02,8.924514800310134888e-02
5.800000000000000000e+02,1.053128967285156250e+02,8.848223090171813965e-02
5.810000000000000000e+02,1.051409378051757812e+02,8.903567492961883545e-02
5.820000000000000000e+02,1.050797195434570312e+02,8.892783522605895996e-02
5.830000000000000000e+02,1.050409240722656250e+02,8.857013285160064697e-02
5.840000000000000000e+02,1.050197067260742188e+02,8.846811205148696899e-02
5.850000000000000000e+02,1.050002517700195312e+02,8.837652951478958130e-02
5.860000000000000000e+02,1.049764709472656250e+02,8.815617114305496216e-02
5.870000000000000000e+02,1.049803009033203125e+02,8.816989511251449585e-02
5.880000000000000000e+02,1.049640808105468750e+02,8.816226571798324585e-02
5.890000000000000000e+02,1.049378204345703125e+02,8.794144541025161743e-02
5.900000000000000000e+02,1.049094772338867188e+02,8.781285583972930908e-02
5.910000000000000000e+02,1.051892852783203125e+02,8.791699260473251343e-02
5.920000000000000000e+02,1.048729095458984375e+02,8.783785253763198853e-02
5.930000000000000000e+02,1.048073120117187500e+02,8.773683756589889526e-02
5.940000000000000000e+02,1.051115875244140625e+02,8.821647614240646362e-02
5.950000000000000000e+02,1.047735671997070312e+02,8.785402029752731323e-02
5.960000000000000000e+02,1.047011260986328125e+02,8.786088973283767700e-02
5.970000000000000000e+02,1.046318054199218750e+02,8.779945969581604004e-02
5.980000000000000000e+02,1.045373229980468750e+02,8.763810247182846069e-02
5.990000000000000000e+02,1.044368515014648438e+02,8.724957704544067383e-02
6.000000000000000000e+02,1.043331756591796875e+02,8.682000637054443359e-02
6.010000000000000000e+02,1.042177429199218750e+02,8.663377910852432251e-02
6.020000000000000000e+02,1.039719238281250000e+02,8.619453012943267822e-02
6.030000000000000000e+02,1.037907028198242188e+02,8.638072013854980469e-02
6.040000000000000000e+02,1.035837783813476562e+02,8.635359257459640503e-02
6.050000000000000000e+02,1.033152389526367188e+02,8.605320751667022705e-02
6.060000000000000000e+02,1.030941772460937500e+02,8.601713925600051880e-02
6.070000000000000000e+02,1.028907241821289062e+02,8.597647398710250854e-02
6.080000000000000000e+02,1.034749450683593750e+02,8.523248136043548584e-02
6.090000000000000000e+02,1.028113784790039062e+02,8.576660603284835815e-02
6.100000000000000000e+02,1.027392044067382812e+02,8.414523303508758545e-02
6.110000000000000000e+02,1.243180999755859375e+02,1.174773722887039185e-01
6.120000000000000000e+02,1.026246261596679688e+02,8.542700111865997314e-02
6.130000000000000000e+02,1.019769363403320312e+02,8.593723922967910767e-02
6.140000000000000000e+02,1.015892181396484375e+02,8.563270419836044312e-02
6.150000000000000000e+02,1.013089904785156250e+02,8.416011184453964233e-02
6.160000000000000000e+02,1.017669448852539062e+02,8.394549041986465454e-02
6.170000000000000000e+02,1.009620895385742188e+02,8.404877036809921265e-02
6.180000000000000000e+02,1.007176971435546875e+02,8.406987041234970093e-02
6.190000000000000000e+02,1.004492263793945312e+02,8.309792727231979370e-02
6.200000000000000000e+02,1.003527908325195312e+02,8.314110338687896729e-02
6.210000000000000000e+02,9.991573333740234375e+01,8.301023393869400024e-02
6.220000000000000000e+02,9.973285675048828125e+01,8.273715525865554810e-02
6.230000000000000000e+02,9.955378723144531250e+01,8.289448171854019165e-02
6.240000000000000000e+02,9.937277984619140625e+01,8.334585279226303101e-02
6.250000000000000000e+02,9.921162414550781250e+01,8.404529094696044922e-02
6.260000000000000000e+02,9.910311889648437500e+01,8.451676368713378906e-02
6.270000000000000000e+02,9.892334747314453125e+01,8.528316020965576172e-02
6.280000000000000000e+02,9.884686279296875000e+01,8.571256697177886963e-02
6.290000000000000000e+02,9.873534393310546875e+01,8.573028445243835449e-02
6.300000000000000000e+02,9.867845153808593750e+01,8.552750945091247559e-02
6.310000000000000000e+02,9.859757232666015625e+01,8.536793291568756104e-02
6.320000000000000000e+02,9.852147674560546875e+01,8.517285436391830444e-02
6.330000000000000000e+02,9.840126800537109375e+01,8.466193079948425293e-02
6.340000000000000000e+02,9.848174285888671875e+01,8.472838997840881348e-02
6.350000000000000000e+02,9.837959289550781250e+01,8.467897772789001465e-02
6.360000000000000000e+02,9.833579254150390625e+01,8.466790616512298584e-02
6.370000000000000000e+02,9.829917907714843750e+01,8.470347523689270020e-02
6.380000000000000000e+02,9.824342346191406250e+01,8.477474749088287354e-02
6.390000000000000000e+02,9.819086456298828125e+01,8.466831594705581665e-02
6.400000000000000000e+02,9.810128021240234375e+01,8.454941958189010620e-02
6.410000000000000000e+02,9.806633758544921875e+01,8.442565798759460449e-02
6.420000000000000000e+02,9.803376770019531250e+01,8.504737168550491333e-02
6.430000000000000000e+02,9.794322967529296875e+01,8.478038758039474487e-02
6.440000000000000000e+02,9.794669342041015625e+01,8.496896922588348389e-02
6.450000000000000000e+02,9.789817810058593750e+01,8.487255871295928955e-02
6.460000000000000000e+02,9.819371795654296875e+01,8.626825362443923950e-02
6.470000000000000000e+02,9.784485626220703125e+01,8.523809164762496948e-02
6.480000000000000000e+02,9.769982910156250000e+01,8.560842275619506836e-02
6.490000000000000000e+02,1.128867568969726562e+02,8.476809412240982056e-02
6.500000000000000000e+02,9.753711700439453125e+01,8.547181636095046997e-02
6.510000000000000000e+02,9.732241821289062500e+01,8.630764484405517578e-02
6.520000000000000000e+02,9.909593200683593750e+01,8.970794081687927246e-02
6.530000000000000000e+02,9.709465026855468750e+01,8.725499361753463745e-02
6.540000000000000000e+02,9.677519226074218750e+01,8.720273524522781372e-02
6.550000000000000000e+02,9.998697662353515625e+01,8.624916523694992065e-02
6.560000000000000000e+02,9.592650604248046875e+01,8.676823973655700684e-02
6.570000000000000000e+02,9.950808715820312500e+01,8.666890859603881836e-02
6.580000000000000000e+02,9.534093475341796875e+01,8.659104257822036743e-02
6.590000000000000000e+02,9.510797119140625000e+01,8.579642325639724731e-02
6.600000000000000000e+02,9.496480560302734375e+01,8.624934405088424683e-02
6.610000000000000000e+02,9.486744689941406250e+01,8.589127659797668457e-02
6.620000000000000000e+02,9.477572631835937500e+01,8.572861552238464355e-02
6.630000000000000000e+02,9.694536590576171875e+01,8.208590745925903320e-02
6.640000000000000000e+02,9.474447631835937500e+01,8.531185239553451538e-02
6.650000000000000000e+02,9.452485656738281250e+01,8.497200906276702881e-02
6.660000000000000000e+02,9.433547973632812500e+01,8.513105660676956177e-02
6.670000000000000000e+02,9.417030334472656250e+01,8.460026234388351440e-02
6.680000000000000000e+02,9.414562988281250000e+01,8.442300558090209961e-02
6.690000000000000000e+02,9.404668426513671875e+01,8.438019454479217529e-02
6.700000000000000000e+02,9.399279022216796875e+01,8.408282697200775146e-02
6.710000000000000000e+02,9.391014862060546875e+01,8.342502266168594360e-02
6.720000000000000000e+02,9.384655761718750000e+01,8.293960243463516235e-02
6.730000000000000000e+02,9.386000823974609375e+01,8.233755081892013550e-02
6.740000000000000000e+02,9.380720520019531250e+01,8.265521377325057983e-02
6.750000000000000000e+02,9.374484252929687500e+01,8.260859549045562744e-02
6.760000000000000000e+02,9.367094421386718750e+01,8.238067477941513062e-02
6.770000000000000000e+02,9.359290313720703125e+01,8.266641944646835327e-02
6.780000000000000000e+02,9.348165130615234375e+01,8.302836120128631592e-02
6.790000000000000000e+02,9.330010223388671875e+01,8.311278373003005981e-02
6.800000000000000000e+02,9.323174285888671875e+01,8.358677476644515991e-02
6.810000000000000000e+02,9.301167297363281250e+01,8.277440071105957031e-02
6.820000000000000000e+02,9.284851837158203125e+01,8.200764656066894531e-02
6.830000000000000000e+02,9.261732482910156250e+01,8.126715570688247681e-02
6.840000000000000000e+02,9.239453125000000000e+01,8.091240376234054565e-02
6.850000000000000000e+02,9.206367492675781250e+01,8.076922595500946045e-02
6.860000000000000000e+02,9.193573760986328125e+01,8.046475052833557129e-02
6.870000000000000000e+02,9.183962249755859375e+01,8.057592064142227173e-02
6.880000000000000000e+02,9.154441070556640625e+01,8.070901781320571899e-02
6.890000000000000000e+02,9.117921447753906250e+01,8.048313111066818237e-02
6.900000000000000000e+02,9.083261108398437500e+01,7.971186935901641846e-02
6.910000000000000000e+02,9.057491302490234375e+01,7.986985146999359131e-02
6.920000000000000000e+02,9.581627655029296875e+01,7.798412442207336426e-02
6.930000000000000000e+02,9.046202850341796875e+01,7.956226170063018799e-02
6.940000000000000000e+02,9.028977203369140625e+01,7.872173190116882324e-02
6.950000000000000000e+02,8.967371368408203125e+01,7.927127927541732788e-02
6.960000000000000000e+02,8.935372924804687500e+01,7.933764159679412842e-02
6.970000000000000000e+02,8.913409423828125000e+01,7.949046790599822998e-02
6.980000000000000000e+02,8.903705596923828125e+01,7.976204901933670044e-02
6.990000000000000000e+02,8.890037536621093750e+01,8.007485419511795044e-02
7.000000000000000000e+02,8.876782989501953125e+01,8.065124601125717163e-02
7.010000000000000000e+02,8.866152954101562500e+01,8.080118894577026367e-02
7.020000000000000000e+02,8.852513122558593750e+01,8.102396875619888306e-02
7.030000000000000000e+02,8.845380401611328125e+01,8.077289909124374390e-02
7.040000000000000000e+02,8.840218353271484375e+01,8.067373186349868774e-02
7.050000000000000000e+02,8.836368560791015625e+01,8.044443279504776001e-02
7.060000000000000000e+02,8.832622528076171875e+01,8.038669824600219727e-02
7.070000000000000000e+02,8.829269409179687500e+01,8.036076277494430542e-02
7.080000000000000000e+02,8.825502014160156250e+01,8.049475401639938354e-02
7.090000000000000000e+02,9.164575195312500000e+01,7.962174713611602783e-02
7.100000000000000000e+02,8.824730682373046875e+01,8.045262098312377930e-02
7.110000000000000000e+02,8.842274475097656250e+01,8.037515729665756226e-02
7.120000000000000000e+02,8.823556518554687500e+01,8.042835444211959839e-02
7.130000000000000000e+02,8.820349121093750000e+01,8.054815977811813354e-02
7.140000000000000000e+02,8.823362731933593750e+01,8.124193549156188965e-02
7.150000000000000000e+02,8.816010284423828125e+01,8.084584772586822510e-02
7.160000000000000000e+02,8.802603149414062500e+01,8.089955151081085205e-02
7.170000000000000000e+02,8.772077941894531250e+01,8.086656033992767334e-02
7.180000000000000000e+02,8.750119781494140625e+01,8.040233701467514038e-02
7.190000000000000000e+02,8.715065765380859375e+01,7.989820092916488647e-02
7.200000000000000000e+02,8.685670471191406250e+01,7.927560806274414062e-02
7.210000000000000000e+02,8.649212646484375000e+01,7.894518226385116577e-02
7.220000000000000000e+02,8.600114440917968750e+01,7.831565290689468384e-02
7.230000000000000000e+02,8.700247955322265625e+01,7.712896913290023804e-02
7.240000000000000000e+02,8.590541839599609375e+01,7.799942046403884888e-02
7.250000000000000000e+02,8.546675109863281250e+01,7.734619826078414917e-02
7.260000000000000000e+02,8.501795196533203125e+01,7.701393961906433105e-02
7.270000000000000000e+02,8.479712677001953125e+01,7.698912173509597778e-02
7.280000000000000000e+02,8.466880035400390625e+01,7.732503116130828857e-02
7.290000000000000000e+02,8.454220581054687500e+01,7.746680825948715210e-02
7.300000000000000000e+02,8.438270568847656250e+01,7.768806070089340210e-02
7.310000000000000000e+02,8.425817108154296875e+01,7.792513072490692139e-02
7.320000000000000000e+02,8.414341735839843750e+01,7.818884402513504028e-02
7.330000000000000000e+02,8.408533477783203125e+01,7.825519144535064697e-02
7.340000000000000000e+02,8.404263305664062500e+01,7.827083766460418701e-02
7.350000000000000000e+02,8.399349975585937500e+01,7.839331030845642090e-02
7.360000000000000000e+02,8.400642395019531250e+01,7.798658311367034912e-02
7.370000000000000000e+02,8.396603393554687500e+01,7.820717990398406982e-02
7.380000000000000000e+02,8.391379547119140625e+01,7.834608107805252075e-02
7.390000000000000000e+02,8.383213043212890625e+01,7.850790023803710938e-02
7.400000000000000000e+02,8.374075317382812500e+01,7.851116359233856201e-02
7.410000000000000000e+02,8.365402984619140625e+01,7.848932594060897827e-02
7.420000000000000000e+02,8.359821319580078125e+01,7.843150198459625244e-02
7.430000000000000000e+02,8.356417083740234375e+01,7.835219055414199829e-02
7.440000000000000000e+02,8.354426574707031250e+01,7.843001186847686768e-02
7.450000000000000000e+02,8.351527404785156250e+01,7.839163392782211304e-02
7.460000000000000000e+02,8.347824859619140625e+01,7.844842970371246338e-02
7.470000000000000000e+02,8.343978118896484375e+01,7.853760570287704468e-02
7.480000000000000000e+02,8.348907470703125000e+01,7.850947976112365723e-02
7.490000000000000000e+02,8.342427825927734375e+01,7.852616906166076660e-02
7.500000000000000000e+02,8.338809204101562500e+01,7.858758419752120972e-02
7.510000000000000000e+02,8.336183166503906250e+01,7.857893407344818115e-02
7.520000000000000000e+02,8.331865692138671875e+01,7.853840291500091553e-02
7.530000000000000000e+02,8.327276611328125000e+01,7.842506468296051025e-02
7.540000000000000000e+02,8.321391296386718750e+01,7.829976081848144531e-02
7.550000000000000000e+02,8.316539764404296875e+01,7.821974903345108032e-02
7.560000000000000000e+02,8.310160827636718750e+01,7.834181934595108032e-02
7.570000000000000000e+02,8.303796386718750000e+01,7.859592884778976440e-02
7.580000000000000000e+02,8.297676849365234375e+01,7.927579432725906372e-02
7.590000000000000000e+02,8.518424987792968750e+01,8.264805376529693604e-02
7.600000000000000000e+02,8.291872406005859375e+01,7.984781265258789062e-02
7.610000000000000000e+02,8.283805084228515625e+01,7.984950393438339233e-02
7.620000000000000000e+02,8.263099670410156250e+01,7.983821630477905273e-02
7.630000000000000000e+02,8.243633270263671875e+01,8.022024482488632202e-02
7.640000000000000000e+02,8.220114135742187500e+01,8.059466630220413208e-02
7.650000000000000000e+02,8.379422760009765625e+01,8.085739612579345703e-02
7.660000000000000000e+02,8.208055114746093750e+01,8.067216724157333374e-02
7.670000000000000000e+02,8.188096618652343750e+01,8.005784451961517334e-02
7.680000000000000000e+02,8.167154693603515625e+01,7.891850173473358154e-02
7.690000000000000000e+02,8.158557128906250000e+01,7.862886041402816772e-02
7.700000000000000000e+02,8.148504638671875000e+01,7.814009487628936768e-02
7.710000000000000000e+02,8.142686462402343750e+01,7.752773165702819824e-02
7.720000000000000000e+02,8.133542633056640625e+01,7.757005095481872559e-02
7.730000000000000000e+02,8.126881408691406250e+01,7.780724763870239258e-02
7.740000000000000000e+02,8.122313690185546875e+01,7.820878922939300537e-02
7.750000000000000000e+02,8.120637512207031250e+01,7.803837954998016357e-02
7.760000000000000000e+02,8.107319641113281250e+01,7.769410312175750732e-02
7.770000000000000000e+02,8.101393890380859375e+01,7.749062776565551758e-02
7.780000000000000000e+02,8.087974548339843750e+01,7.683672010898590088e-02
7.790000000000000000e+02,8.074964141845703125e+01,7.601863890886306763e-02
7.800000000000000000e+02,8.068578338623046875e+01,7.533476501703262329e-02
7.810000000000000000e+02,8.053675079345703125e+01,7.540574669837951660e-02
7.820000000000000000e+02,8.047489929199218750e+01,7.536197453737258911e-02
7.830000000000000000e+02,8.038822937011718750e+01,7.527880370616912842e-02
7.840000000000000000e+02,8.034410858154296875e+01,7.523224502801895142e-02
7.850000000000000000e+02,8.029746246337890625e+01,7.526957988739013672e-02
7.860000000000000000e+02,8.026382446289062500e+01,7.533434033393859863e-02
7.870000000000000000e+02,8.021851348876953125e+01,7.540296018123626709e-02
7.880000000000000000e+02,8.016713714599609375e+01,7.553233951330184937e-02
7.890000000000000000e+02,8.025203704833984375e+01,7.560918480157852173e-02
7.900000000000000000e+02,8.013478851318359375e+01,7.555295526981353760e-02
7.910000000000000000e+02,8.008821868896484375e+01,7.570692896842956543e-02
7.920000000000000000e+02,8.006209564208984375e+01,7.577523589134216309e-02
7.930000000000000000e+02,8.003859710693359375e+01,7.591598480939865112e-02
7.940000000000000000e+02,8.002450561523437500e+01,7.599747925996780396e-02
7.950000000000000000e+02,8.001155090332031250e+01,7.595591992139816284e-02
7.960000000000000000e+02,8.000157928466796875e+01,7.594677060842514038e-02
7.970000000000000000e+02,8.003070831298828125e+01,7.653085887432098389e-02
7.980000000000000000e+02,7.999668121337890625e+01,7.610609382390975952e-02
7.990000000000000000e+02,8.001428985595703125e+01,7.615202665328979492e-02
8.000000000000000000e+02,7.998976135253906250e+01,7.612198591232299805e-02
8.010000000000000000e+02,7.997743988037109375e+01,7.635801285505294800e-02
8.020000000000000000e+02,7.996710968017578125e+01,7.634352892637252808e-02
8.030000000000000000e+02,7.995571899414062500e+01,7.634848356246948242e-02
8.040000000000000000e+02,7.992994689941406250e+01,7.639818638563156128e-02
8.050000000000000000e+02,7.989002227783203125e+01,7.621492445468902588e-02
8.060000000000000000e+02,7.987656402587890625e+01,7.620992511510848999e-02
8.070000000000000000e+02,7.984397888183593750e+01,7.609268277883529663e-02
8.080000000000000000e+02,7.978721618652343750e+01,7.595000416040420532e-02
8.090000000000000000e+02,7.971914672851562500e+01,7.596819847822189331e-02
8.100000000000000000e+02,7.966138458251953125e+01,7.607350498437881470e-02
8.110000000000000000e+02,7.959393310546875000e+01,7.613688707351684570e-02
8.120000000000000000e+02,7.952751159667968750e+01,7.636337727308273315e-02
8.130000000000000000e+02,7.942936706542968750e+01,7.676711678504943848e-02
8.140000000000000000e+02,7.938113403320312500e+01,7.678885012865066528e-02
8.150000000000000000e+02,7.929947662353515625e+01,7.685021311044692993e-02
8.160000000000000000e+02,8.475460815429687500e+01,7.443016022443771362e-02
8.170000000000000000e+02,7.929556274414062500e+01,7.671724259853363037e-02
8.180000000000000000e+02,7.919709777832031250e+01,7.658249139785766602e-02
8.190000000000000000e+02,7.906677246093750000e+01,7.658530026674270630e-02
8.200000000000000000e+02,7.932980346679687500e+01,7.464049011468887329e-02
8.210000000000000000e+02,7.902021026611328125e+01,7.602322101593017578e-02
8.220000000000000000e+02,7.889070892333984375e+01,7.567618042230606079e-02
8.230000000000000000e+02,7.880200195312500000e+01,7.567322999238967896e-02
8.240000000000000000e+02,7.869404602050781250e+01,7.571838796138763428e-02
8.250000000000000000e+02,7.860154724121093750e+01,7.575676590204238892e-02
8.260000000000000000e+02,7.849363708496093750e+01,7.572859525680541992e-02
8.270000000000000000e+02,7.844490051269531250e+01,7.559271156787872314e-02
8.280000000000000000e+02,7.841291046142578125e+01,7.513139396905899048e-02
8.290000000000000000e+02,7.838164520263671875e+01,7.502189278602600098e-02
8.300000000000000000e+02,7.836014556884765625e+01,7.497742027044296265e-02
8.310000000000000000e+02,7.832176971435546875e+01,7.474622875452041626e-02
8.320000000000000000e+02,7.963480377197265625e+01,7.351003587245941162e-02
8.330000000000000000e+02,7.831822967529296875e+01,7.467322796583175659e-02
8.340000000000000000e+02,7.830979919433593750e+01,7.384891808032989502e-02
8.350000000000000000e+02,7.825466156005859375e+01,7.422742247581481934e-02
8.360000000000000000e+02,7.822674560546875000e+01,7.437011599540710449e-02
8.370000000000000000e+02,7.818708038330078125e+01,7.441746443510055542e-02
8.380000000000000000e+02,7.814643096923828125e+01,7.427832484245300293e-02
8.390000000000000000e+02,7.861537933349609375e+01,7.477543503046035767e-02
8.400000000000000000e+02,7.813781738281250000e+01,7.433177530765533447e-02
8.410000000000000000e+02,7.812268829345703125e+01,7.364055514335632324e-02
8.420000000000000000e+02,7.831538391113281250e+01,7.429783791303634644e-02
8.430000000000000000e+02,7.808609771728515625e+01,7.380998879671096802e-02
8.440000000000000000e+02,7.804318237304687500e+01,7.405982911586761475e-02
8.450000000000000000e+02,7.800775146484375000e+01,7.422327995300292969e-02
8.460000000000000000e+02,7.794738006591796875e+01,7.442762702703475952e-02
8.470000000000000000e+02,7.787951660156250000e+01,7.426489889621734619e-02
8.480000000000000000e+02,7.781830596923828125e+01,7.404999434947967529e-02
8.490000000000000000e+02,7.775756072998046875e+01,7.366999238729476929e-02
8.500000000000000000e+02,7.787041473388671875e+01,7.306249439716339111e-02
8.510000000000000000e+02,7.774304962158203125e+01,7.350987941026687622e-02
8.520000000000000000e+02,7.769163513183593750e+01,7.329355925321578979e-02
8.530000000000000000e+02,7.759426879882812500e+01,7.313211262226104736e-02
8.540000000000000000e+02,7.747816467285156250e+01,7.282929122447967529e-02
8.550000000000000000e+02,7.736836242675781250e+01,7.259471714496612549e-02
8.560000000000000000e+02,7.728388214111328125e+01,7.256257534027099609e-02
8.570000000000000000e+02,7.717831420898437500e+01,7.251170277595520020e-02
8.580000000000000000e+02,7.708712005615234375e+01,7.259187847375869751e-02
8.590000000000000000e+02,7.698472595214843750e+01,7.250128686428070068e-02
8.600000000000000000e+02,7.692231750488281250e+01,7.216304540634155273e-02
8.610000000000000000e+02,7.682624053955078125e+01,7.256621122360229492e-02
8.620000000000000000e+02,7.676954650878906250e+01,7.247153669595718384e-02
8.630000000000000000e+02,7.668382263183593750e+01,7.231672853231430054e-02
8.640000000000000000e+02,7.660691833496093750e+01,7.247016578912734985e-02
8.650000000000000000e+02,7.636728668212890625e+01,7.285426557064056396e-02
8.660000000000000000e+02,7.614982604980468750e+01,7.325638830661773682e-02
8.670000000000000000e+02,7.577704620361328125e+01,7.394354045391082764e-02
8.680000000000000000e+02,7.557722473144531250e+01,7.421842962503433228e-02
8.690000000000000000e+02,7.535808563232421875e+01,7.502470165491104126e-02
8.700000000000000000e+02,7.492147827148437500e+01,7.428732514381408691e-02
8.710000000000000000e+02,7.476399230957031250e+01,7.405802607536315918e-02
8.720000000000000000e+02,7.452748107910156250e+01,7.372249662876129150e-02
8.730000000000000000e+02,7.443685913085937500e+01,7.360247522592544556e-02
8.740000000000000000e+02,7.430767059326171875e+01,7.368235290050506592e-02
8.750000000000000000e+02,7.425078582763671875e+01,7.382529228925704956e-02
8.760000000000000000e+02,7.420252227783203125e+01,7.390404492616653442e-02
8.770000000000000000e+02,7.412484741210937500e+01,7.422351837158203125e-02
8.780000000000000000e+02,7.652164459228515625e+01,7.303490489721298218e-02
8.790000000000000000e+02,7.407084655761718750e+01,7.398473471403121948e-02
8.800000000000000000e+02,7.401084136962890625e+01,7.385095953941345215e-02
8.810000000000000000e+02,7.394536590576171875e+01,7.381115108728408813e-02
8.820000000000000000e+02,7.385009002685546875e+01,7.376320660114288330e-02
8.830000000000000000e+02,7.372800445556640625e+01,7.371963560581207275e-02
8.840000000000000000e+02,7.356735229492187500e+01,7.364699989557266235e-02
8.850000000000000000e+02,7.349868011474609375e+01,7.375930994749069214e-02
8.860000000000000000e+02,7.341608428955078125e+01,7.392133027315139771e-02
8.870000000000000000e+02,7.319967651367187500e+01,7.462598383426666260e-02
8.880000000000000000e+02,7.304159545898437500e+01,7.496780157089233398e-02
8.890000000000000000e+02,7.292195129394531250e+01,7.492706179618835449e-02
8.900000000000000000e+02,7.404158020019531250e+01,7.222987711429595947e-02
8.910000000000000000e+02,7.291513824462890625e+01,7.467878609895706177e-02
8.920000000000000000e+02,7.285794830322265625e+01,7.452580332756042480e-02
8.930000000000000000e+02,7.279450988769531250e+01,7.408618181943893433e-02
8.940000000000000000e+02,7.275814056396484375e+01,7.374826818704605103e-02
8.950000000000000000e+02,7.269622802734375000e+01,7.369115203619003296e-02
8.960000000000000000e+02,7.263114166259765625e+01,7.353099435567855835e-02
8.970000000000000000e+02,7.259391784667968750e+01,7.350543141365051270e-02
8.980000000000000000e+02,7.254451751708984375e+01,7.356689870357513428e-02
8.990000000000000000e+02,7.250360107421875000e+01,7.373905181884765625e-02
9.000000000000000000e+02,7.248147583007812500e+01,7.399791479110717773e-02
9.010000000000000000e+02,7.242595672607421875e+01,7.402155548334121704e-02
9.020000000000000000e+02,7.238792419433593750e+01,7.391931116580963135e-02
9.030000000000000000e+02,7.234838867187500000e+01,7.382377237081527710e-02
9.040000000000000000e+02,7.228480529785156250e+01,7.359453290700912476e-02
9.050000000000000000e+02,7.224459838867187500e+01,7.339667528867721558e-02
9.060000000000000000e+02,7.219024658203125000e+01,7.321741431951522827e-02
9.070000000000000000e+02,7.213376617431640625e+01,7.303436100482940674e-02
9.080000000000000000e+02,7.206484222412109375e+01,7.307957857847213745e-02
9.090000000000000000e+02,7.201361846923828125e+01,7.313728332519531250e-02
9.100000000000000000e+02,8.847516632080078125e+01,7.169358432292938232e-02
9.110000000000000000e+02,7.200686645507812500e+01,7.300301641225814819e-02
9.120000000000000000e+02,7.195938873291015625e+01,7.294785231351852417e-02
9.130000000000000000e+02,7.189356231689453125e+01,7.313709706068038940e-02
9.140000000000000000e+02,7.184180450439453125e+01,7.350049912929534912e-02
9.150000000000000000e+02,7.183415222167968750e+01,7.346447557210922241e-02
9.160000000000000000e+02,7.180319213867187500e+01,7.347800582647323608e-02
9.170000000000000000e+02,7.172668457031250000e+01,7.355390489101409912e-02
9.180000000000000000e+02,7.166354370117187500e+01,7.363389432430267334e-02
9.190000000000000000e+02,7.156847381591796875e+01,7.374193519353866577e-02
9.200000000000000000e+02,7.157579040527343750e+01,7.427275180816650391e-02
9.210000000000000000e+02,7.153782653808593750e+01,7.399172335863113403e-02
9.220000000000000000e+02,7.213807678222656250e+01,7.367397844791412354e-02
9.230000000000000000e+02,7.153263092041015625e+01,7.396022975444793701e-02
9.240000000000000000e+02,7.497870635986328125e+01,6.954943388700485229e-02
9.250000000000000000e+02,7.152976226806640625e+01,7.379250973463058472e-02
9.260000000000000000e+02,7.149194335937500000e+01,7.376025617122650146e-02
9.270000000000000000e+02,7.144593811035156250e+01,7.381457835435867310e-02
9.280000000000000000e+02,7.145621490478515625e+01,7.367973774671554565e-02
9.290000000000000000e+02,7.140737152099609375e+01,7.374631613492965698e-02
9.300000000000000000e+02,7.138167572021484375e+01,7.374241203069686890e-02
9.310000000000000000e+02,7.132695007324218750e+01,7.376941293478012085e-02
9.320000000000000000e+02,7.129726409912109375e+01,7.383279502391815186e-02
9.330000000000000000e+02,7.134713745117187500e+01,7.347885519266128540e-02
9.340000000000000000e+02,7.126995086669921875e+01,7.368705421686172485e-02
9.350000000000000000e+02,7.121717834472656250e+01,7.375486195087432861e-02
9.360000000000000000e+02,7.116740417480468750e+01,7.386432588100433350e-02
9.370000000000000000e+02,7.114138031005859375e+01,7.389880716800689697e-02
9.380000000000000000e+02,7.112059783935546875e+01,7.384663820266723633e-02
9.390000000000000000e+02,7.110968780517578125e+01,7.387718558311462402e-02
9.400000000000000000e+02,7.109906005859375000e+01,7.396118342876434326e-02
9.410000000000000000e+02,7.108276367187500000e+01,7.417288422584533691e-02
9.420000000000000000e+02,7.193406677246093750e+01,7.518873363733291626e-02
9.430000000000000000e+02,7.107691955566406250e+01,7.425054907798767090e-02
9.440000000000000000e+02,7.105094909667968750e+01,7.428961992263793945e-02
9.450000000000000000e+02,7.100679016113281250e+01,7.442679256200790405e-02
9.460000000000000000e+02,7.095393371582031250e+01,7.448745518922805786e-02
9.470000000000000000e+02,7.127051544189453125e+01,7.535206526517868042e-02
9.480000000000000000e+02,7.092752838134765625e+01,7.468187808990478516e-02
9.490000000000000000e+02,7.186878967285156250e+01,7.564520090818405151e-02
9.500000000000000000e+02,7.085043334960937500e+01,7.492284476757049561e-02
9.510000000000000000e+02,7.080519866943359375e+01,7.484636455774307251e-02
9.520000000000000000e+02,7.073406219482421875e+01,7.469830662012100220e-02
9.530000000000000000e+02,7.070252990722656250e+01,7.468498498201370239e-02
9.540000000000000000e+02,7.065229797363281250e+01,7.463260740041732788e-02
9.550000000000000000e+02,7.063081359863281250e+01,7.456564903259277344e-02
9.560000000000000000e+02,7.058866119384765625e+01,7.459200173616409302e-02
9.570000000000000000e+02,7.054774475097656250e+01,7.460433989763259888e-02
9.580000000000000000e+02,7.049819183349609375e+01,7.473867386579513550e-02
9.590000000000000000e+02,7.042981719970703125e+01,7.489097863435745239e-02
9.600000000000000000e+02,7.039520263671875000e+01,7.491717487573623657e-02
9.610000000000000000e+02,7.034916687011718750e+01,7.483208924531936646e-02
9.620000000000000000e+02,7.029219818115234375e+01,7.474587857723236084e-02
9.630000000000000000e+02,7.025329589843750000e+01,7.466823607683181763e-02
9.640000000000000000e+02,7.022840118408203125e+01,7.469063997268676758e-02
9.650000000000000000e+02,7.020043945312500000e+01,7.474075257778167725e-02
9.660000000000000000e+02,7.014949035644531250e+01,7.481314986944198608e-02
9.670000000000000000e+02,7.008865356445312500e+01,7.477756589651107788e-02
9.680000000000000000e+02,7.001837921142578125e+01,7.470718771219253540e-02
9.690000000000000000e+02,6.993343353271484375e+01,7.454039156436920166e-02
9.700000000000000000e+02,7.497220611572265625e+01,8.577559143304824829e-02
9.710000000000000000e+02,6.991880798339843750e+01,7.477604597806930542e-02
9.720000000000000000e+02,6.977709960937500000e+01,7.459486275911331177e-02
9.730000000000000000e+02,6.961450195312500000e+01,7.467328757047653198e-02
9.740000000000000000e+02,6.940889739990234375e+01,7.499563694000244141e-02
9.750000000000000000e+02,6.933564758300781250e+01,7.542236894369125366e-02
9.760000000000000000e+02,6.918999481201171875e+01,7.558450102806091309e-02
9.770000000000000000e+02,6.907831573486328125e+01,7.559394091367721558e-02
9.780000000000000000e+02,6.891925811767578125e+01,7.572916895151138306e-02
9.790000000000000000e+02,6.884732818603515625e+01,7.534967362880706787e-02
9.800000000000000000e+02,6.903500366210937500e+01,7.406424731016159058e-02
9.810000000000000000e+02,6.877881622314453125e+01,7.487729936838150024e-02
9.820000000000000000e+02,6.870892333984375000e+01,7.465057820081710815e-02
9.830000000000000000e+02,6.864125061035156250e+01,7.449606060981750488e-02
9.840000000000000000e+02,6.858029937744140625e+01,7.439977675676345825e-02
9.850000000000000000e+02,6.946749877929687500e+01,7.360623776912689209e-02
9.860000000000000000e+02,6.856532287597656250e+01,7.429523020982742310e-02
9.870000000000000000e+02,6.848526763916015625e+01,7.411907613277435303e-02
9.880000000000000000e+02,6.843230438232421875e+01,7.409353554248809814e-02
9.890000000000000000e+02,6.837959289550781250e+01,7.376967370510101318e-02
9.900000000000000000e+02,6.833556365966796875e+01,7.364871352910995483e-02
9.910000000000000000e+02,6.830976104736328125e+01,7.360099256038665771e-02
9.920000000000000000e+02,6.826927185058593750e+01,7.342373579740524292e-02
9.930000000000000000e+02,6.824690246582031250e+01,7.334776222705841064e-02
9.940000000000000000e+02,6.820420837402343750e+01,7.332468032836914062e-02
9.950000000000000000e+02,6.816739654541015625e+01,7.343205064535140991e-02
9.960000000000000000e+02,6.813441467285156250e+01,7.360837608575820923e-02
9.970000000000000000e+02,6.817464447021484375e+01,7.452045381069183350e-02
9.980000000000000000e+02,6.811997985839843750e+01,7.389840483665466309e-02
9.990000000000000000e+02,6.806168365478515625e+01,7.415016740560531616e-02
1.000000000000000000e+03,6.801617431640625000e+01,7.414960116147994995e-02
1.001000000000000000e+03,6.788768768310546875e+01,7.392060011625289917e-02
1.002000000000000000e+03,6.847545623779296875e+01,7.459776848554611206e-02
1.003000000000000000e+03,6.786797332763671875e+01,7.400874793529510498e-02
1.004000000000000000e+03,6.781217956542968750e+01,7.406174391508102417e-02
1.005000000000000000e+03,6.768145751953125000e+01,7.398810982704162598e-02
1.006000000000000000e+03,6.770439910888671875e+01,7.389193028211593628e-02
1.007000000000000000e+03,6.764929962158203125e+01,7.393676787614822388e-02
1.008000000000000000e+03,6.758605957031250000e+01,7.375515997409820557e-02
1.009000000000000000e+03,6.748497009277343750e+01,7.338301092386245728e-02
1.010000000000000000e+03,6.743232727050781250e+01,7.319454103708267212e-02
1.011000000000000000e+03,6.751822662353515625e+01,7.364533096551895142e-02
1.012000000000000000e+03,6.741001129150390625e+01,7.333306223154067993e-02
1.013000000000000000e+03,6.734934997558593750e+01,7.335182279348373413e-02
1.014000000000000000e+03,6.728600311279296875e+01,7.348445057868957520e-02
1.015000000000000000e+03,6.721738433837890625e+01,7.362494617700576782e-02
1.016000000000000000e+03,6.715055084228515625e+01,7.370875030755996704e-02
1.017000000000000000e+03,6.704402923583984375e+01,7.372792065143585205e-02
1.018000000000000000e+03,6.698998260498046875e+01,7.354622334241867065e-02
1.019000000000000000e+03,6.693267822265625000e+01,7.311246544122695923e-02
1.020000000000000000e+03,6.688494873046875000e+01,7.304470986127853394e-02
1.021000000000000000e+03,6.683833312988281250e+01,7.312263548374176025e-02
1.022000000000000000e+03,6.680556488037109375e+01,7.332847267389297485e-02
1.023000000000000000e+03,6.677410125732421875e+01,7.353067398071289062e-02
1.024000000000000000e+03,6.675262451171875000e+01,7.366000115871429443e-02
1.025000000000000000e+03,6.673016357421875000e+01,7.361282408237457275e-02
1.026000000000000000e+03,6.677993774414062500e+01,7.321320474147796631e-02
1.027000000000000000e+03,6.672098541259765625e+01,7.349626719951629639e-02
1.028000000000000000e+03,6.686798095703125000e+01,7.230860739946365356e-02
1.029000000000000000e+03,6.665974426269531250e+01,7.303208857774734497e-02
1.030000000000000000e+03,6.661978149414062500e+01,7.293820381164550781e-02
1.031000000000000000e+03,6.653549957275390625e+01,7.257197052240371704e-02
1.032000000000000000e+03,6.647841644287109375e+01,7.260704040527343750e-02
1.033000000000000000e+03,6.628193664550781250e+01,7.266788929700851440e-02
1.034000000000000000e+03,6.615132141113281250e+01,7.249400764703750610e-02
1.035000000000000000e+03,6.803922271728515625e+01,7.524956762790679932e-02
1.036000000000000000e+03,6.612539672851562500e+01,7.275553047657012939e-02
1.037000000000000000e+03,6.588088989257812500e+01,7.217957079410552979e-02
1.038000000000000000e+03,6.566898345947265625e+01,7.186793535947799683e-02
1.039000000000000000e+03,6.541276550292968750e+01,7.108270376920700073e-02
1.040000000000000000e+03,6.507339477539062500e+01,7.036384940147399902e-02
1.041000000000000000e+03,6.478203582763671875e+01,7.059260457754135132e-02
1.042000000000000000e+03,6.437438201904296875e+01,7.070952653884887695e-02
1.043000000000000000e+03,6.422618865966796875e+01,7.032012939453125000e-02
1.044000000000000000e+03,6.399649810791015625e+01,7.001958042383193970e-02
1.045000000000000000e+03,6.378292465209960938e+01,7.008396089076995850e-02
1.046000000000000000e+03,6.354376220703125000e+01,7.027228921651840210e-02
1.047000000000000000e+03,6.347177886962890625e+01,7.018811255693435669e-02
1.048000000000000000e+03,6.338569641113281250e+01,7.020814716815948486e-02
1.049000000000000000e+03,6.331736755371093750e+01,7.018166780471801758e-02
1.050000000000000000e+03,7.921262359619140625e+01,7.502207159996032715e-02
1.051000000000000000e+03,6.330076599121093750e+01,7.025647163391113281e-02
1.052000000000000000e+03,6.320422363281250000e+01,7.001796364784240723e-02
1.053000000000000000e+03,6.311058807373046875e+01,6.990983337163925171e-02
1.054000000000000000e+03,6.304684066772460938e+01,7.000719010829925537e-02
1.055000000000000000e+03,6.295462799072265625e+01,7.003670185804367065e-02
1.056000000000000000e+03,6.289844512939453125e+01,7.015305012464523315e-02
1.057000000000000000e+03,6.286502456665039062e+01,6.998813897371292114e-02
1.058000000000000000e+03,6.303338623046875000e+01,7.044117897748947144e-02
1.059000000000000000e+03,6.281000518798828125e+01,7.011798024177551270e-02
1.060000000000000000e+03,6.276388931274414062e+01,7.005522400140762329e-02
1.061000000000000000e+03,6.265787124633789062e+01,6.969262659549713135e-02
1.062000000000000000e+03,6.250212478637695312e+01,6.993306428194046021e-02
1.063000000000000000e+03,6.230367279052734375e+01,6.974526494741439819e-02
1.064000000000000000e+03,6.214170074462890625e+01,6.943686306476593018e-02
1.065000000000000000e+03,6.206890487670898438e+01,6.922493129968643188e-02
1.066000000000000000e+03,6.192902755737304688e+01,6.929946690797805786e-02
1.067000000000000000e+03,6.186110687255859375e+01,6.919714063405990601e-02
1.068000000000000000e+03,6.180400466918945312e+01,6.901144981384277344e-02
1.069000000000000000e+03,6.571313476562500000e+01,6.746450066566467285e-02
1.070000000000000000e+03,6.179858398437500000e+01,6.894405931234359741e-02
1.071000000000000000e+03,6.174360656738281250e+01,6.872930377721786499e-02
1.072000000000000000e+03,6.168566513061523438e+01,6.852398067712783813e-02
1.073000000000000000e+03,6.164073944091796875e+01,6.842356175184249878e-02
1.074000000000000000e+03,6.273957824707031250e+01,6.906969845294952393e-02
1.075000000000000000e+03,6.163282775878906250e+01,6.847289949655532837e-02
1.076000000000000000e+03,6.157471466064453125e+01,6.843285262584686279e-02
1.077000000000000000e+03,6.151715087890625000e+01,6.841489672660827637e-02
1.078000000000000000e+03,6.152539062500000000e+01,6.746652722358703613e-02
1.079000000000000000e+03,6.147323226928710938e+01,6.796087324619293213e-02
1.080000000000000000e+03,6.139040374755859375e+01,6.798406690359115601e-02
1.081000000000000000e+03,6.132082366943359375e+01,6.788536906242370605e-02
1.082000000000000000e+03,6.126175689697265625e+01,6.758021563291549683e-02
1.083000000000000000e+03,6.121979141235351562e+01,6.740302592515945435e-02
1.084000000000000000e+03,6.117651367187500000e+01,6.717138737440109253e-02
1.085000000000000000e+03,6.112607955932617188e+01,6.711243838071823120e-02
1.086000000000000000e+03,6.104104614257812500e+01,6.712675094604492188e-02
1.087000000000000000e+03,6.094003295898437500e+01,6.711532175540924072e-02
1.088000000000000000e+03,6.083993148803710938e+01,6.693445891141891479e-02
1.089000000000000000e+03,6.075715255737304688e+01,6.675541400909423828e-02
1.090000000000000000e+03,6.067865371704101562e+01,6.648875027894973755e-02
1.091000000000000000e+03,6.058568954467773438e+01,6.605978310108184814e-02
1.092000000000000000e+03,6.050854492187500000e+01,6.557451188564300537e-02
1.093000000000000000e+03,6.150148391723632812e+01,6.466712057590484619e-02
1.094000000000000000e+03,6.048167037963867188e+01,6.542785465717315674e-02
1.095000000000000000e+03,6.040253448486328125e+01,6.526350229978561401e-02
1.096000000000000000e+03,6.027193832397460938e+01,6.531310826539993286e-02
1.097000000000000000e+03,6.019242477416992188e+01,6.524880975484848022e-02
1.098000000000000000e+03,6.005640029907226562e+01,6.544937938451766968e-02
1.099000000000000000e+03,5.984680175781250000e+01,6.552624702453613281e-02
1.100000000000000000e+03,5.967853927612304688e+01,6.544867902994155884e-02
1.101000000000000000e+03,5.952107238769531250e+01,6.517151743173599243e-02
1.102000000000000000e+03,5.932338714599609375e+01,6.361415982246398926e-02
1.103000000000000000e+03,1.546957855224609375e+02,7.546737045049667358e-02
1.104000000000000000e+03,5.935160064697265625e+01,6.405971199274063110e-02
1.105000000000000000e+03,5.925957107543945312e+01,6.380800902843475342e-02
1.106000000000000000e+03,5.895709991455078125e+01,6.394725292921066284e-02
1.107000000000000000e+03,6.202344512939453125e+01,6.698267906904220581e-02
1.108000000000000000e+03,5.891778564453125000e+01,6.426510959863662720e-02
1.109000000000000000e+03,5.862970733642578125e+01,6.371074914932250977e-02
1.110000000000000000e+03,5.846430969238281250e+01,6.431574374437332153e-02
1.111000000000000000e+03,5.828555679321289062e+01,6.438522040843963623e-02
1.112000000000000000e+03,5.828315734863281250e+01,6.478746980428695679e-02
1.113000000000000000e+03,5.815657043457031250e+01,6.458880007266998291e-02
1.114000000000000000e+03,5.800871658325195312e+01,6.453397125005722046e-02
1.115000000000000000e+03,5.791407394409179688e+01,6.456856429576873779e-02
1.116000000000000000e+03,5.776328277587890625e+01,6.454483419656753540e-02
1.117000000000000000e+03,5.769242095947265625e+01,6.457034498453140259e-02
1.118000000000000000e+03,7.845365142822265625e+01,6.824339181184768677e-02
1.119000000000000000e+03,5.767549896240234375e+01,6.458479911088943481e-02
1.120000000000000000e+03,5.792216110229492188e+01,6.428833305835723877e-02
1.121000000000000000e+03,5.763704299926757812e+01,6.449713557958602905e-02
1.122000000000000000e+03,5.751367187500000000e+01,6.465049088001251221e-02
1.123000000000000000e+03,5.743561935424804688e+01,6.469746679067611694e-02
1.124000000000000000e+03,5.733171844482421875e+01,6.472363322973251343e-02
1.125000000000000000e+03,5.757652282714843750e+01,6.557736545801162720e-02
1.126000000000000000e+03,5.730401611328125000e+01,6.493151932954788208e-02
1.127000000000000000e+03,5.736362838745117188e+01,6.371323764324188232e-02
1.128000000000000000e+03,5.721307754516601562e+01,6.435094028711318970e-02
1.129000000000000000e+03,5.711626815795898438e+01,6.433022022247314453e-02
1.130000000000000000e+03,5.688760757446289062e+01,6.417592614889144897e-02
1.131000000000000000e+03,5.676002120971679688e+01,6.385985761880874634e-02
1.132000000000000000e+03,5.654167556762695312e+01,6.392297148704528809e-02
1.133000000000000000e+03,5.635043334960937500e+01,6.402538716793060303e-02
1.134000000000000000e+03,5.617887496948242188e+01,6.434354931116104126e-02
1.135000000000000000e+03,5.598551940917968750e+01,6.471327692270278931e-02
1.136000000000000000e+03,5.578223800659179688e+01,6.448613107204437256e-02
1.137000000000000000e+03,5.548262023925781250e+01,6.430927664041519165e-02
1.138000000000000000e+03,5.534825897216796875e+01,6.426902115345001221e-02
1.139000000000000000e+03,5.514937973022460938e+01,6.433787941932678223e-02
1.140000000000000000e+03,5.536701583862304688e+01,6.327483803033828735e-02
1.141000000000000000e+03,5.509293365478515625e+01,6.400147080421447754e-02
1.142000000000000000e+03,5.496940612792968750e+01,6.405463069677352905e-02
1.143000000000000000e+03,5.492488861083984375e+01,6.399071216583251953e-02
1.144000000000000000e+03,5.487273025512695312e+01,6.366309523582458496e-02
1.145000000000000000e+03,5.484683609008789062e+01,6.375177949666976929e-02
1.146000000000000000e+03,5.480639648437500000e+01,6.388295441865921021e-02
1.147000000000000000e+03,5.477510452270507812e+01,6.406422704458236694e-02
1.148000000000000000e+03,5.473698806762695312e+01,6.417226791381835938e-02
1.149000000000000000e+03,1.067549819946289062e+02,6.802144646644592285e-02
1.150000000000000000e+03,5.474520492553710938e+01,6.419979035854339600e-02
1.151000000000000000e+03,5.472539520263671875e+01,6.418216228485107422e-02
1.152000000000000000e+03,5.470196151733398438e+01,6.413274258375167847e-02
1.153000000000000000e+03,5.466244506835937500e+01,6.394501030445098877e-02
1.154000000000000000e+03,5.516291809082031250e+01,6.530667096376419067e-02
1.155000000000000000e+03,5.464046096801757812e+01,6.416369229555130005e-02
1.156000000000000000e+03,5.460913467407226562e+01,6.416215747594833374e-02
1.157000000000000000e+03,5.456852722167968750e+01,6.429756432771682739e-02
1.158000000000000000e+03,5.454492568969726562e+01,6.438835710287094116e-02
1.159000000000000000e+03,5.452040863037109375e+01,6.454877555370330811e-02
1.160000000000000000e+03,6.166361618041992188e+01,7.166390120983123779e-02
1.161000000000000000e+03,5.448939132690429688e+01,6.481885164976119995e-02
1.162000000000000000e+03,5.439128112792968750e+01,6.499323248863220215e-02
1.163000000000000000e+03,5.419432067871093750e+01,6.532104313373565674e-02
1.164000000000000000e+03,5.410264205932617188e+01,6.524585932493209839e-02
1.165000000000000000e+03,5.396034240722656250e+01,6.529237329959869385e-02
1.166000000000000000e+03,5.383913421630859375e+01,6.525788456201553345e-02
1.167000000000000000e+03,5.368085479736328125e+01,6.527451425790786743e-02
1.168000000000000000e+03,5.355489730834960938e+01,6.557713449001312256e-02
1.169000000000000000e+03,5.339525604248046875e+01,6.604074686765670776e-02
1.170000000000000000e+03,5.331517410278320312e+01,6.668870896100997925e-02
1.171000000000000000e+03,5.326290130615234375e+01,6.676252186298370361e-02
1.172000000000000000e+03,5.321376800537109375e+01,6.667377799749374390e-02
1.173000000000000000e+03,5.323064041137695312e+01,6.705440580844879150e-02
1.174000000000000000e+03,5.316246414184570312e+01,6.684729456901550293e-02
1.175000000000000000e+03,5.664398193359375000e+01,7.047174870967864990e-02
1.176000000000000000e+03,5.310595321655273438e+01,6.722110509872436523e-02
1.177000000000000000e+03,5.302976989746093750e+01,6.717343628406524658e-02
1.178000000000000000e+03,5.295598220825195312e+01,6.708390265703201294e-02
1.179000000000000000e+03,5.342918777465820312e+01,6.734818965196609497e-02
1.180000000000000000e+03,5.292860031127929688e+01,6.711935251951217651e-02
1.181000000000000000e+03,5.284546279907226562e+01,6.698039919137954712e-02
1.182000000000000000e+03,5.273751068115234375e+01,6.653895974159240723e-02
1.183000000000000000e+03,5.271644973754882812e+01,6.632558256387710571e-02
1.184000000000000000e+03,5.264179611206054688e+01,6.610348820686340332e-02
1.185000000000000000e+03,5.262355041503906250e+01,6.606061011552810669e-02
1.186000000000000000e+03,5.259788131713867188e+01,6.606256216764450073e-02
1.187000000000000000e+03,5.257308578491210938e+01,6.592002511024475098e-02
1.188000000000000000e+03,5.259566497802734375e+01,6.589424610137939453e-02
1.189000000000000000e+03,5.255384063720703125e+01,6.590558588504791260e-02
1.190000000000000000e+03,5.248181152343750000e+01,6.588745862245559692e-02
1.191000000000000000e+03,5.243071746826171875e+01,6.599858403205871582e-02
1.192000000000000000e+03,5.228454589843750000e+01,6.613873690366744995e-02
1.193000000000000000e+03,5.202589797973632812e+01,6.651128828525543213e-02
1.194000000000000000e+03,5.191437149047851562e+01,6.673724204301834106e-02
1.195000000000000000e+03,5.178691864013671875e+01,6.694115698337554932e-02
1.196000000000000000e+03,5.170278167724609375e+01,6.730239838361740112e-02
1.197000000000000000e+03,5.162385559082031250e+01,6.724853813648223877e-02
1.198000000000000000e+03,5.155855560302734375e+01,6.728091090917587280e-02
1.199000000000000000e+03,5.151775360107421875e+01,6.739245355129241943e-02
1.200000000000000000e+03,5.148342514038085938e+01,6.745786964893341064e-02
1.201000000000000000e+03,5.144706726074218750e+01,6.762240827083587646e-02
1.202000000000000000e+03,5.141477584838867188e+01,6.767276674509048462e-02
1.203000000000000000e+03,5.138434600830078125e+01,6.768734753131866455e-02
1.204000000000000000e+03,5.135528564453125000e+01,6.761338561773300171e-02
1.205000000000000000e+03,5.133700942993164062e+01,6.754221022129058838e-02
1.206000000000000000e+03,5.131919860839843750e+01,6.749380379915237427e-02
1.207000000000000000e+03,5.130914306640625000e+01,6.753399968147277832e-02
1.208000000000000000e+03,5.129491806030273438e+01,6.765008717775344849e-02
1.209000000000000000e+03,5.128648757934570312e+01,6.771799176931381226e-02
1.210000000000000000e+03,5.127738571166992188e+01,6.777160614728927612e-02
1.211000000000000000e+03,5.125323867797851562e+01,6.792433559894561768e-02
1.212000000000000000e+03,5.144452285766601562e+01,6.780279427766799927e-02
1.213000000000000000e+03,5.124675369262695312e+01,6.789930909872055054e-02
1.214000000000000000e+03,5.122785186767578125e+01,6.793045997619628906e-02
1.215000000000000000e+03,5.117073059082031250e+01,6.792407482862472534e-02
1.216000000000000000e+03,5.114436340332031250e+01,6.782054156064987183e-02
1.217000000000000000e+03,5.957780838012695312e+01,6.661120802164077759e-02
1.218000000000000000e+03,5.113986968994140625e+01,6.776007264852523804e-02
1.219000000000000000e+03,5.110811614990234375e+01,6.767582148313522339e-02
1.220000000000000000e+03,5.104486083984375000e+01,6.744441390037536621e-02
1.221000000000000000e+03,5.111275863647460938e+01,6.792334467172622681e-02
1.222000000000000000e+03,5.102778625488281250e+01,6.757491081953048706e-02
1.223000000000000000e+03,5.098080444335937500e+01,6.765306740999221802e-02
1.224000000000000000e+03,5.087290573120117188e+01,6.805053353309631348e-02
1.225000000000000000e+03,5.143637466430664062e+01,6.791267544031143188e-02
1.226000000000000000e+03,5.086148071289062500e+01,6.802403181791305542e-02
1.227000000000000000e+03,5.079050064086914062e+01,6.826288998126983643e-02
1.228000000000000000e+03,5.070441818237304688e+01,6.849779188632965088e-02
1.229000000000000000e+03,5.070587921142578125e+01,6.879351288080215454e-02
1.230000000000000000e+03,5.065740203857421875e+01,6.864341348409652710e-02
1.231000000000000000e+03,5.060519409179687500e+01,6.855060905218124390e-02
1.232000000000000000e+03,5.054567337036132812e+01,6.850828975439071655e-02
1.233000000000000000e+03,5.051032257080078125e+01,6.856325268745422363e-02
1.234000000000000000e+03,5.042543411254882812e+01,6.903829425573348999e-02
1.235000000000000000e+03,5.245746994018554688e+01,6.674291193485260010e-02
1.236000000000000000e+03,5.042126846313476562e+01,6.893340498208999634e-02
1.237000000000000000e+03,5.031637954711914062e+01,6.988011300563812256e-02
1.238000000000000000e+03,5.025309753417968750e+01,7.024883478879928589e-02
1.239000000000000000e+03,5.013840484619140625e+01,7.064077258110046387e-02
1.240000000000000000e+03,5.000355148315429688e+01,7.066641747951507568e-02
1.241000000000000000e+03,4.978256607055664062e+01,7.035659998655319214e-02
1.242000000000000000e+03,5.320230102539062500e+01,6.898476183414459229e-02
1.243000000000000000e+03,4.976023864746093750e+01,7.024757564067840576e-02
1.244000000000000000e+03,4.960188674926757812e+01,6.990384310483932495e-02
1.245000000000000000e+03,4.947565078735351562e+01,6.939735263586044312e-02
1.246000000000000000e+03,4.940612792968750000e+01,6.961958855390548706e-02
1.247000000000000000e+03,4.934084701538085938e+01,6.987624615430831909e-02
1.248000000000000000e+03,4.928466415405273438e+01,6.992995738983154297e-02
1.249000000000000000e+03,4.921364212036132812e+01,6.992075592279434204e-02
1.250000000000000000e+03,4.911437988281250000e+01,6.983047723770141602e-02
1.251000000000000000e+03,6.851670837402343750e+01,9.356059879064559937e-02
1.252000000000000000e+03,4.911154556274414062e+01,6.996478885412216187e-02
1.253000000000000000e+03,5.295394897460937500e+01,7.033406943082809448e-02
1.254000000000000000e+03,4.909400177001953125e+01,6.997565925121307373e-02
1.255000000000000000e+03,4.901111602783203125e+01,6.991910189390182495e-02
1.256000000000000000e+03,4.890950775146484375e+01,6.987193226814270020e-02
1.257000000000000000e+03,4.886267471313476562e+01,6.972821056842803955e-02
1.258000000000000000e+03,4.883189010620117188e+01,6.959402561187744141e-02
1.259000000000000000e+03,4.881207656860351562e+01,6.945300102233886719e-02
1.260000000000000000e+03,4.879330825805664062e+01,6.939470767974853516e-02
1.261000000000000000e+03,4.879101943969726562e+01,6.920383125543594360e-02
1.262000000000000000e+03,4.877655410766601562e+01,6.929171085357666016e-02
1.263000000000000000e+03,4.875469970703125000e+01,6.930083781480789185e-02
1.264000000000000000e+03,4.872784423828125000e+01,6.953290849924087524e-02
1.265000000000000000e+03,4.870328521728515625e+01,6.961444765329360962e-02
1.266000000000000000e+03,4.867628479003906250e+01,6.981242448091506958e-02
1.267000000000000000e+03,4.865465164184570312e+01,6.977488100528717041e-02
1.268000000000000000e+03,4.861820220947265625e+01,6.964246183633804321e-02
1.269000000000000000e+03,4.858869171142578125e+01,6.951510906219482422e-02
1.270000000000000000e+03,4.856441497802734375e+01,6.956175714731216431e-02
1.271000000000000000e+03,4.853326034545898438e+01,6.968475878238677979e-02
1.272000000000000000e+03,4.850019836425781250e+01,6.992590427398681641e-02
1.273000000000000000e+03,4.847238540649414062e+01,7.007364183664321899e-02
1.274000000000000000e+03,4.844605255126953125e+01,7.025270164012908936e-02
1.275000000000000000e+03,4.841999816894531250e+01,7.024364173412322998e-02
1.276000000000000000e+03,4.839517974853515625e+01,7.012570649385452271e-02
1.277000000000000000e+03,4.835275268554687500e+01,7.013420760631561279e-02
1.278000000000000000e+03,4.834731292724609375e+01,6.995359808206558228e-02
1.279000000000000000e+03,4.835929107666015625e+01,6.999651342630386353e-02
1.280000000000000000e+03,4.832682037353515625e+01,6.997149437665939331e-02
1.281000000000000000e+03,4.830268096923828125e+01,6.982800364494323730e-02
1.282000000000000000e+03,4.826807022094726562e+01,6.990674883127212524e-02
1.283000000000000000e+03,4.821671295166015625e+01,7.009422779083251953e-02
1.284000000000000000e+03,4.817367935180664062e+01,7.002941519021987915e-02
1.285000000000000000e+03,4.810493469238281250e+01,6.993283331394195557e-02
1.286000000000000000e+03,4.804029464721679688e+01,6.986088305711746216e-02
1.287000000000000000e+03,4.795272827148437500e+01,6.986533105373382568e-02
1.288000000000000000e+03,4.799460983276367188e+01,6.986231356859207153e-02
1.289000000000000000e+03,4.791066360473632812e+01,6.986264884471893311e-02
1.290000000000000000e+03,4.785408782958984375e+01,7.013276964426040649e-02
1.291000000000000000e+03,4.782346343994140625e+01,7.037092745304107666e-02
1.292000000000000000e+03,4.780890655517578125e+01,7.057461887598037720e-02
1.293000000000000000e+03,4.778128433227539062e+01,7.053228467702865601e-02
1.294000000000000000e+03,4.773991012573242188e+01,7.037616521120071411e-02
1.295000000000000000e+03,4.768454360961914062e+01,7.011247426271438599e-02
1.296000000000000000e+03,4.762387847900390625e+01,7.016779482364654541e-02
1.297000000000000000e+03,4.756678390502929688e+01,7.040958851575851440e-02
1.298000000000000000e+03,4.745057296752929688e+01,7.022162526845932007e-02
1.299000000000000000e+03,4.727013778686523438e+01,7.004602253437042236e-02
1.300000000000000000e+03,4.714997100830078125e+01,6.966857612133026123e-02
1.301000000000000000e+03,4.705780410766601562e+01,7.033639401197433472e-02
1.302000000000000000e+03,6.640779113769531250e+01,7.097815722227096558e-02
1.303000000000000000e+03,4.703885650634765625e+01,7.041775435209274292e-02
1.304000000000000000e+03,4.693238830566406250e+01,7.036064565181732178e-02
1.305000000000000000e+03,4.687973022460937500e+01,7.034556567668914795e-02
1.306000000000000000e+03,4.680385589599609375e+01,7.060541957616806030e-02
1.307000000000000000e+03,4.676398849487304688e+01,7.075847685337066650e-02
1.308000000000000000e+03,4.671030044555664062e+01,7.106418907642364502e-02
1.309000000000000000e+03,4.690785980224609375e+01,7.058454304933547974e-02
1.310000000000000000e+03,4.668345642089843750e+01,7.093647867441177368e-02
1.311000000000000000e+03,4.663243484497070312e+01,7.094947248697280884e-02
1.312000000000000000e+03,5.236637878417968750e+01,7.319921255111694336e-02
1.313000000000000000e+03,4.662764739990234375e+01,7.098805159330368042e-02
1.314000000000000000e+03,4.657629394531250000e+01,7.093177735805511475e-02
1.315000000000000000e+03,4.724909591674804688e+01,7.063825428485870361e-02
1.316000000000000000e+03,4.654781723022460938e+01,7.087423652410507202e-02
1.317000000000000000e+03,4.648660278320312500e+01,7.076306641101837158e-02
1.318000000000000000e+03,4.642053604125976562e+01,7.059080898761749268e-02
1.319000000000000000e+03,4.636145782470703125e+01,7.084500789642333984e-02
1.320000000000000000e+03,4.628379058837890625e+01,7.108999043703079224e-02
1.321000000000000000e+03,4.622244262695312500e+01,7.139302790164947510e-02
1.322000000000000000e+03,4.617554092407226562e+01,7.149192690849304199e-02
1.323000000000000000e+03,4.612891387939453125e+01,7.145791500806808472e-02
1.324000000000000000e+03,4.606275939941406250e+01,7.145185023546218872e-02
1.325000000000000000e+03,4.602246093750000000e+01,7.141766697168350220e-02
1.326000000000000000e+03,4.626120376586914062e+01,7.162383943796157837e-02
1.327000000000000000e+03,4.601071548461914062e+01,7.145007699728012085e-02
1.328000000000000000e+03,6.275855636596679688e+01,7.163419574499130249e-02
1.329000000000000000e+03,4.592673110961914062e+01,7.139284908771514893e-02
1.330000000000000000e+03,4.586584854125976562e+01,7.137737423181533813e-02
1.331000000000000000e+03,4.574375534057617188e+01,7.127605378627777100e-02
1.332000000000000000e+03,4.569616699218750000e+01,7.116455584764480591e-02
1.333000000000000000e+03,4.562524032592773438e+01,7.100471109151840210e-02
1.334000000000000000e+03,4.555562210083007812e+01,7.082617282867431641e-02
1.335000000000000000e+03,4.547769546508789062e+01,7.071182876825332642e-02
1.336000000000000000e+03,4.541262817382812500e+01,7.061380892992019653e-02
1.337000000000000000e+03,4.528477859497070312e+01,7.046332210302352905e-02
1.338000000000000000e+03,4.517759704589843750e+01,7.037886232137680054e-02
1.339000000000000000e+03,4.498990249633789062e+01,7.015227526426315308e-02
1.340000000000000000e+03,4.490038681030273438e+01,6.975708901882171631e-02
1.341000000000000000e+03,6.590698242187500000e+01,7.118225842714309692e-02
1.342000000000000000e+03,4.488471984863281250e+01,6.977044790983200073e-02
1.343000000000000000e+03,4.474763870239257812e+01,6.882725656032562256e-02
1.344000000000000000e+03,4.470796966552734375e+01,6.860008835792541504e-02
1.345000000000000000e+03,4.452175521850585938e+01,6.864512711763381958e-02
1.346000000000000000e+03,4.438895034790039062e+01,6.873070448637008667e-02
1.347000000000000000e+03,4.426805877685546875e+01,6.888634711503982544e-02
1.348000000000000000e+03,4.416887664794921875e+01,6.886741518974304199e-02
1.349000000000000000e+03,4.413009643554687500e+01,6.922870874404907227e-02
1.350000000000000000e+03,4.404270553588867188e+01,6.943870335817337036e-02
1.351000000000000000e+03,4.399615097045898438e+01,6.945157796144485474e-02
1.352000000000000000e+03,4.390089035034179688e+01,6.968568265438079834e-02
1.353000000000000000e+03,4.383365249633789062e+01,6.988631188869476318e-02
1.354000000000000000e+03,4.373633193969726562e+01,7.042116671800613403e-02
1.355000000000000000e+03,4.369419479370117188e+01,7.080229371786117554e-02
1.356000000000000000e+03,5.134611511230468750e+01,7.440625131130218506e-02
1.357000000000000000e+03,4.366424560546875000e+01,7.100787013769149780e-02
1.358000000000000000e+03,4.359891891479492188e+01,7.077052444219589233e-02
1.359000000000000000e+03,4.352773666381835938e+01,7.058153301477432251e-02
1.360000000000000000e+03,4.353342819213867188e+01,7.020762562751770020e-02
1.361000000000000000e+03,4.349063491821289062e+01,7.039166986942291260e-02
1.362000000000000000e+03,4.438576889038085938e+01,7.086292654275894165e-02
1.363000000000000000e+03,4.348085784912109375e+01,7.042688876390457153e-02
1.364000000000000000e+03,4.340758132934570312e+01,7.028635591268539429e-02
1.365000000000000000e+03,4.330455780029296875e+01,7.027859240770339966e-02
1.366000000000000000e+03,4.326057052612304688e+01,7.014568150043487549e-02
1.367000000000000000e+03,4.320813751220703125e+01,6.999027729034423828e-02
1.368000000000000000e+03,4.316063308715820312e+01,6.979869306087493896e-02
1.369000000000000000e+03,4.312098693847656250e+01,6.951209902763366699e-02
1.370000000000000000e+03,4.309836578369140625e+01,6.930859386920928955e-02
1.371000000000000000e+03,4.307796859741210938e+01,6.912700831890106201e-02
1.372000000000000000e+03,4.306348037719726562e+01,6.904546916484832764e-02
1.373000000000000000e+03,4.304555892944335938e+01,6.911361217498779297e-02
1.374000000000000000e+03,4.610227203369140625e+01,6.618361920118331909e-02
1.375000000000000000e+03,4.303421783447265625e+01,6.890454143285751343e-02
1.376000000000000000e+03,4.302338409423828125e+01,6.833180040121078491e-02
1.377000000000000000e+03,4.295857238769531250e+01,6.849727779626846313e-02
1.378000000000000000e+03,4.291175460815429688e+01,6.855471432209014893e-02
1.379000000000000000e+03,4.284506607055664062e+01,6.838207691907882690e-02
1.380000000000000000e+03,4.280444717407226562e+01,6.831171363592147827e-02
1.381000000000000000e+03,4.275241470336914062e+01,6.821794807910919189e-02
1.382000000000000000e+03,4.271900939941406250e+01,6.820885837078094482e-02
1.383000000000000000e+03,4.267637252807617188e+01,6.827048212289810181e-02
1.384000000000000000e+03,4.261817932128906250e+01,6.829368323087692261e-02
1.385000000000000000e+03,4.287259292602539062e+01,6.869003921747207642e-02
1.386000000000000000e+03,4.260093307495117188e+01,6.837100535631179810e-02
1.387000000000000000e+03,4.251574707031250000e+01,6.840291619300842285e-02
1.388000000000000000e+03,4.242893218994140625e+01,6.810728460550308228e-02
1.389000000000000000e+03,4.236172485351562500e+01,6.796898692846298218e-02
1.390000000000000000e+03,4.233846282958984375e+01,6.744839251041412354e-02
1.391000000000000000e+03,4.231414413452148438e+01,6.765203177928924561e-02
1.392000000000000000e+03,4.226411437988281250e+01,6.770443916320800781e-02
1.393000000000000000e+03,4.209760665893554688e+01,6.786615401506423950e-02
1.394000000000000000e+03,4.199981307983398438e+01,6.776564568281173706e-02
1.395000000000000000e+03,4.201252746582031250e+01,6.747464090585708618e-02
1.396000000000000000e+03,4.190448760986328125e+01,6.761359423398971558e-02
1.397000000000000000e+03,4.191474533081054688e+01,6.765758246183395386e-02
1.398000000000000000e+03,4.178139114379882812e+01,6.761530041694641113e-02
1.399000000000000000e+03,4.166136932373046875e+01,6.722792237997055054e-02
1.400000000000000000e+03,4.154978179931640625e+01,6.697115302085876465e-02
1.401000000000000000e+03,4.140110397338867188e+01,6.688527017831802368e-02
1.402000000000000000e+03,4.122055435180664062e+01,6.612993776798248291e-02
1.403000000000000000e+03,4.323649978637695312e+01,6.639023870229721069e-02
1.404000000000000000e+03,4.116080093383789062e+01,6.616708636283874512e-02
1.405000000000000000e+03,4.106430816650390625e+01,6.645365804433822632e-02
1.406000000000000000e+03,4.097907257080078125e+01,6.662803143262863159e-02
1.407000000000000000e+03,5.247711944580078125e+01,7.161965966224670410e-02
1.408000000000000000e+03,4.097007751464843750e+01,6.677757203578948975e-02
1.409000000000000000e+03,4.089505767822265625e+01,6.690857559442520142e-02
1.410000000000000000e+03,4.081378555297851562e+01,6.688745319843292236e-02
1.411000000000000000e+03,4.065136337280273438e+01,6.713271141052246094e-02
1.412000000000000000e+03,4.055196380615234375e+01,6.723679602146148682e-02
1.413000000000000000e+03,4.048713302612304688e+01,6.721793115139007568e-02
1.414000000000000000e+03,4.057115173339843750e+01,6.734405457973480225e-02
1.415000000000000000e+03,4.043389511108398438e+01,6.726781278848648071e-02
1.416000000000000000e+03,4.040984725952148438e+01,6.724143028259277344e-02
1.417000000000000000e+03,4.047385406494140625e+01,6.708852946758270264e-02
1.418000000000000000e+03,4.040425872802734375e+01,6.720663607120513916e-02
1.419000000000000000e+03,4.039522552490234375e+01,6.736267358064651489e-02
1.420000000000000000e+03,4.036452102661132812e+01,6.719753891229629517e-02
1.421000000000000000e+03,4.034529495239257812e+01,6.717117130756378174e-02
1.422000000000000000e+03,4.031412506103515625e+01,6.712944805622100830e-02
1.423000000000000000e+03,4.028847885131835938e+01,6.726741045713424683e-02
1.424000000000000000e+03,4.022271347045898438e+01,6.741411983966827393e-02
1.425000000000000000e+03,4.019521331787109375e+01,6.754717230796813965e-02
1.426000000000000000e+03,4.016342926025390625e+01,6.741233915090560913e-02
1.427000000000000000e+03,4.010686492919921875e+01,6.711706519126892090e-02
1.428000000000000000e+03,4.011867141723632812e+01,6.739099323749542236e-02
1.429000000000000000e+03,4.008475875854492188e+01,6.723803281784057617e-02
1.430000000000000000e+03,4.005169296264648438e+01,6.719747930765151978e-02
1.431000000000000000e+03,4.000412750244140625e+01,6.722206622362136841e-02
1.432000000000000000e+03,3.997417831420898438e+01,6.721807271242141724e-02
1.433000000000000000e+03,3.996232223510742188e+01,6.782176345586776733e-02
1.434000000000000000e+03,3.990437316894531250e+01,6.755045056343078613e-02
1.435000000000000000e+03,3.987763977050781250e+01,6.744748353958129883e-02
1.436000000000000000e+03,3.984108734130859375e+01,6.739944219589233398e-02
1.437000000000000000e+03,3.980724716186523438e+01,6.742181628942489624e-02
1.438000000000000000e+03,3.975960159301757812e+01,6.749057024717330933e-02
1.439000000000000000e+03,4.788265991210937500e+01,6.405770033597946167e-02
1.440000000000000000e+03,3.975668334960937500e+01,6.739176809787750244e-02
1.441000000000000000e+03,3.971147155761718750e+01,6.743609160184860229e-02
1.442000000000000000e+03,3.963722991943359375e+01,6.742203235626220703e-02
1.443000000000000000e+03,4.012706756591796875e+01,6.701144576072692871e-02
1.444000000000000000e+03,3.961125946044921875e+01,6.732732057571411133e-02
1.445000000000000000e+03,3.954434967041015625e+01,6.714862585067749023e-02
1.446000000000000000e+03,3.946133422851562500e+01,6.684117764234542847e-02
1.447000000000000000e+03,3.939030456542968750e+01,6.677497923374176025e-02
1.448000000000000000e+03,3.933620071411132812e+01,6.667848676443099976e-02
1.449000000000000000e+03,3.927389907836914062e+01,6.638048589229583740e-02
1.450000000000000000e+03,3.923493957519531250e+01,6.638039648532867432e-02
1.451000000000000000e+03,3.920032119750976562e+01,6.647220999002456665e-02
1.452000000000000000e+03,3.916802978515625000e+01,6.651763617992401123e-02
1.453000000000000000e+03,3.912398910522460938e+01,6.659992039203643799e-02
1.454000000000000000e+03,3.908782196044921875e+01,6.662575900554656982e-02
1.455000000000000000e+03,4.070567321777343750e+01,6.856399774551391602e-02
1.456000000000000000e+03,3.908036041259765625e+01,6.670436263084411621e-02
1.457000000000000000e+03,3.905410003662109375e+01,6.663454324007034302e-02
1.458000000000000000e+03,3.903062820434570312e+01,6.649632006883621216e-02
1.459000000000000000e+03,3.899318695068359375e+01,6.634248048067092896e-02
1.460000000000000000e+03,3.894936370849609375e+01,6.618472188711166382e-02
1.461000000000000000e+03,3.890044784545898438e+01,6.610855460166931152e-02
1.462000000000000000e+03,3.886132431030273438e+01,6.610849499702453613e-02
1.463000000000000000e+03,3.883465194702148438e+01,6.612288206815719604e-02
1.464000000000000000e+03,3.880903625488281250e+01,6.616044789552688599e-02
1.465000000000000000e+03,3.879555130004882812e+01,6.616313755512237549e-02
1.466000000000000000e+03,3.878297805786132812e+01,6.612033396959304810e-02
1.467000000000000000e+03,3.876989364624023438e+01,6.607782840728759766e-02
1.468000000000000000e+03,3.876089096069335938e+01,6.609489768743515015e-02
1.469000000000000000e+03,3.891894912719726562e+01,6.594271212816238403e-02
1.470000000000000000e+03,3.875609207153320312e+01,6.607226282358169556e-02
1.471000000000000000e+03,3.874250793457031250e+01,6.609559804201126099e-02
1.472000000000000000e+03,3.872640991210937500e+01,6.621596217155456543e-02
1.473000000000000000e+03,3.871271896362304688e+01,6.627275794744491577e-02
1.474000000000000000e+03,3.868680572509765625e+01,6.645645946264266968e-02
1.475000000000000000e+03,3.873410034179687500e+01,6.646728515625000000e-02
1.476000000000000000e+03,3.866373443603515625e+01,6.644998490810394287e-02
1.477000000000000000e+03,3.860317993164062500e+01,6.634251773357391357e-02
1.478000000000000000e+03,3.854385757446289062e+01,6.619963049888610840e-02
1.479000000000000000e+03,3.848435211181640625e+01,6.587295234203338623e-02
1.480000000000000000e+03,3.842992019653320312e+01,6.583633273839950562e-02
1.481000000000000000e+03,3.832153320312500000e+01,6.583482027053833008e-02
1.482000000000000000e+03,3.941980743408203125e+01,6.524066627025604248e-02
1.483000000000000000e+03,3.828726577758789062e+01,6.572192907333374023e-02
1.484000000000000000e+03,3.837746429443359375e+01,6.521529704332351685e-02
1.485000000000000000e+03,3.819745635986328125e+01,6.550849974155426025e-02
1.486000000000000000e+03,3.803953552246093750e+01,6.574559956789016724e-02
1.487000000000000000e+03,3.800108337402343750e+01,6.623928993940353394e-02
1.488000000000000000e+03,3.795945739746093750e+01,6.603877991437911987e-02
1.489000000000000000e+03,3.787057495117187500e+01,6.608152389526367188e-02
1.490000000000000000e+03,3.781591415405273438e+01,6.612423062324523926e-02
1.491000000000000000e+03,3.779314041137695312e+01,6.609712541103363037e-02
1.492000000000000000e+03,3.777394104003906250e+01,6.610007584095001221e-02
1.493000000000000000e+03,3.775646209716796875e+01,6.605263799428939819e-02
1.494000000000000000e+03,3.773638534545898438e+01,6.595160812139511108e-02
1.495000000000000000e+03,3.771747207641601562e+01,6.585121154785156250e-02
1.496000000000000000e+03,3.780780410766601562e+01,6.539168953895568848e-02
1.497000000000000000e+03,3.771195983886718750e+01,6.575585901737213135e-02
1.498000000000000000e+03,3.771477508544921875e+01,6.593577563762664795e-02
1.499000000000000000e+03,3.769231033325195312e+01,6.582959741353988647e-02
1.500000000000000000e+03,3.777477264404296875e+01,6.574342399835586548e-02
1.501000000000000000e+03,3.765851593017578125e+01,6.578230857849121094e-02
1.502000000000000000e+03,3.770682525634765625e+01,6.539081782102584839e-02
1.503000000000000000e+03,3.764888763427734375e+01,6.566652655601501465e-02
1.504000000000000000e+03,3.765560913085937500e+01,6.549199670553207397e-02
1.505000000000000000e+03,3.763906860351562500e+01,6.558384001255035400e-02
1.506000000000000000e+03,3.762301254272460938e+01,6.567798554897308350e-02
1.507000000000000000e+03,3.758895874023437500e+01,6.592372804880142212e-02
1.508000000000000000e+03,3.756796264648437500e+01,6.608410179615020752e-02
1.509000000000000000e+03,3.754055023193359375e+01,6.623299419879913330e-02
1.510000000000000000e+03,3.751439285278320312e+01,6.626480817794799805e-02
1.511000000000000000e+03,3.748802947998046875e+01,6.621518731117248535e-02
1.512000000000000000e+03,3.746065521240234375e+01,6.605592370033264160e-02
1.513000000000000000e+03,3.742537307739257812e+01,6.585367023944854736e-02
1.514000000000000000e+03,3.738045501708984375e+01,6.568617373704910278e-02
1.515000000000000000e+03,3.735017776489257812e+01,6.555683910846710205e-02
1.516000000000000000e+03,3.733327865600585938e+01,6.558821350336074829e-02
1.517000000000000000e+03,3.729808425903320312e+01,6.543456017971038818e-02
1.518000000000000000e+03,3.727315139770507812e+01,6.540015339851379395e-02
1.519000000000000000e+03,3.724800109863281250e+01,6.535758078098297119e-02
1.520000000000000000e+03,3.720476150512695312e+01,6.547227501869201660e-02
1.521000000000000000e+03,3.720483779907226562e+01,6.540275365114212036e-02
1.522000000000000000e+03,3.717872619628906250e+01,6.543564051389694214e-02
1.523000000000000000e+03,3.716134262084960938e+01,6.540320813655853271e-02
1.524000000000000000e+03,3.714465713500976562e+01,6.546215713024139404e-02
1.525000000000000000e+03,3.713600540161132812e+01,6.550152599811553955e-02
1.526000000000000000e+03,3.712546920776367188e+01,6.553699076175689697e-02
1.527000000000000000e+03,3.711424255371093750e+01,6.560917943716049194e-02
1.528000000000000000e+03,3.710132217407226562e+01,6.563589721918106079e-02
1.529000000000000000e+03,3.708613967895507812e+01,6.566822528839111328e-02
1.530000000000000000e+03,3.707482147216796875e+01,6.560613214969635010e-02
1.531000000000000000e+03,3.706526184082031250e+01,6.558603793382644653e-02
1.532000000000000000e+03,3.705806732177734375e+01,6.555730849504470825e-02
1.533000000000000000e+03,3.704652404785156250e+01,6.554730981588363647e-02
1.534000000000000000e+03,3.704252243041992188e+01,6.546293199062347412e-02
1.535000000000000000e+03,3.716810226440429688e+01,6.527679413557052612e-02
1.536000000000000000e+03,3.703099822998046875e+01,6.541605293750762939e-02
1.537000000000000000e+03,3.702118682861328125e+01,6.539922207593917847e-02
1.538000000000000000e+03,3.701092529296875000e+01,6.529802829027175903e-02
1.539000000000000000e+03,3.699842071533203125e+01,6.515049189329147339e-02
1.540000000000000000e+03,3.698213577270507812e+01,6.496090441942214966e-02
1.541000000000000000e+03,3.696985244750976562e+01,6.489264219999313354e-02
1.542000000000000000e+03,3.696142959594726562e+01,6.489400565624237061e-02
1.543000000000000000e+03,3.695230102539062500e+01,6.500943750143051147e-02
1.544000000000000000e+03,3.694336700439453125e+01,6.508637219667434692e-02
1.545000000000000000e+03,3.692483139038085938e+01,6.518490612506866455e-02
1.546000000000000000e+03,3.690922546386718750e+01,6.515989452600479126e-02
1.547000000000000000e+03,3.688423538208007812e+01,6.513456255197525024e-02
1.548000000000000000e+03,3.687037658691406250e+01,6.493770331144332886e-02
1.549000000000000000e+03,3.687561416625976562e+01,6.462749093770980835e-02
1.550000000000000000e+03,3.686218643188476562e+01,6.479980051517486572e-02
1.551000000000000000e+03,3.685274887084960938e+01,6.473258882761001587e-02
1.552000000000000000e+03,3.683709716796875000e+01,6.467451900243759155e-02
1.553000000000000000e+03,3.682150650024414062e+01,6.472137570381164551e-02
1.554000000000000000e+03,3.678526687622070312e+01,6.486469507217407227e-02
1.555000000000000000e+03,3.676860046386718750e+01,6.496088206768035889e-02
1.556000000000000000e+03,3.674199676513671875e+01,6.517776846885681152e-02
1.557000000000000000e+03,3.672279739379882812e+01,6.539046764373779297e-02
1.558000000000000000e+03,3.670628356933593750e+01,6.563805788755416870e-02
1.559000000000000000e+03,3.669496917724609375e+01,6.561642140150070190e-02
1.560000000000000000e+03,3.668567276000976562e+01,6.556878238916397095e-02
1.561000000000000000e+03,3.666561889648437500e+01,6.545964628458023071e-02
1.562000000000000000e+03,3.665114974975585938e+01,6.548087298870086670e-02
1.563000000000000000e+03,3.663770294189453125e+01,6.543159484863281250e-02
1.564000000000000000e+03,3.662807083129882812e+01,6.537525355815887451e-02
1.565000000000000000e+03,3.660380554199218750e+01,6.535261869430541992e-02
1.566000000000000000e+03,3.659450149536132812e+01,6.535618007183074951e-02
1.567000000000000000e+03,3.655451202392578125e+01,6.543191522359848022e-02
1.568000000000000000e+03,3.651531219482421875e+01,6.564985215663909912e-02
1.569000000000000000e+03,3.647831344604492188e+01,6.560382992029190063e-02
1.570000000000000000e+03,3.643822097778320312e+01,6.561050564050674438e-02
1.571000000000000000e+03,3.641100692749023438e+01,6.523507088422775269e-02
1.572000000000000000e+03,3.642978668212890625e+01,6.534624844789505005e-02
1.573000000000000000e+03,3.639292144775390625e+01,6.527559459209442139e-02
1.574000000000000000e+03,3.637228012084960938e+01,6.523679941892623901e-02
1.575000000000000000e+03,3.632246017456054688e+01,6.501875817775726318e-02
1.576000000000000000e+03,3.628940200805664062e+01,6.499328464269638062e-02
1.577000000000000000e+03,3.621688461303710938e+01,6.495177000761032104e-02
1.578000000000000000e+03,3.615478134155273438e+01,6.500776857137680054e-02
1.579000000000000000e+03,3.649634170532226562e+01,6.476432085037231445e-02
1.580000000000000000e+03,3.613997268676757812e+01,6.493002921342849731e-02
1.581000000000000000e+03,3.609059906005859375e+01,6.501042842864990234e-02
1.582000000000000000e+03,3.601588439941406250e+01,6.496206670999526978e-02
1.583000000000000000e+03,3.594468307495117188e+01,6.505783647298812866e-02
1.584000000000000000e+03,3.585897827148437500e+01,6.483944505453109741e-02
1.585000000000000000e+03,3.578390502929687500e+01,6.469842791557312012e-02
1.586000000000000000e+03,3.572931289672851562e+01,6.451270729303359985e-02
1.587000000000000000e+03,3.674985885620117188e+01,6.485878676176071167e-02
1.588000000000000000e+03,3.571748733520507812e+01,6.453260779380798340e-02
1.589000000000000000e+03,3.568301391601562500e+01,6.453821808099746704e-02
1.590000000000000000e+03,3.558059310913085938e+01,6.453703343868255615e-02
1.591000000000000000e+03,3.552351379394531250e+01,6.446776539087295532e-02
1.592000000000000000e+03,3.546066665649414062e+01,6.421308219432830811e-02
1.593000000000000000e+03,3.540949630737304688e+01,6.397315859794616699e-02
1.594000000000000000e+03,3.535797500610351562e+01,6.386408209800720215e-02
1.595000000000000000e+03,3.529756164550781250e+01,6.364725530147552490e-02
1.596000000000000000e+03,3.526343917846679688e+01,6.363364309072494507e-02
1.597000000000000000e+03,3.543469238281250000e+01,6.278214603662490845e-02
1.598000000000000000e+03,3.525357437133789062e+01,6.345812976360321045e-02
1.599000000000000000e+03,3.544331741333007812e+01,6.279194355010986328e-02
1.600000000000000000e+03,3.523860549926757812e+01,6.331156939268112183e-02
1.601000000000000000e+03,4.158981323242187500e+01,6.608296185731887817e-02
1.602000000000000000e+03,3.523521041870117188e+01,6.334416568279266357e-02
1.603000000000000000e+03,3.534883117675781250e+01,6.340937316417694092e-02
1.604000000000000000e+03,3.522290039062500000e+01,6.335563957691192627e-02
1.605000000000000000e+03,3.519491577148437500e+01,6.340958178043365479e-02
1.606000000000000000e+03,3.514352798461914062e+01,6.363239139318466187e-02
1.607000000000000000e+03,3.509718322753906250e+01,6.361763179302215576e-02
1.608000000000000000e+03,3.503541564941406250e+01,6.339497119188308716e-02
1.609000000000000000e+03,3.498573684692382812e+01,6.322769820690155029e-02
1.610000000000000000e+03,3.493286895751953125e+01,6.307438015937805176e-02
1.611000000000000000e+03,3.488608169555664062e+01,6.303514540195465088e-02
1.612000000000000000e+03,3.483479690551757812e+01,6.307946890592575073e-02
1.613000000000000000e+03,3.478242492675781250e+01,6.318704038858413696e-02
1.614000000000000000e+03,3.474786376953125000e+01,6.324015557765960693e-02
1.615000000000000000e+03,3.471564102172851562e+01,6.329885125160217285e-02
1.616000000000000000e+03,3.468388748168945312e+01,6.321619451045989990e-02
1.617000000000000000e+03,3.463314819335937500e+01,6.303481757640838623e-02
1.618000000000000000e+03,3.460242080688476562e+01,6.291584670543670654e-02
1.619000000000000000e+03,3.454003524780273438e+01,6.271246820688247681e-02
1.620000000000000000e+03,3.448751068115234375e+01,6.258361041545867920e-02
1.621000000000000000e+03,3.442155075073242188e+01,6.245539709925651550e-02
1.622000000000000000e+03,3.437119674682617188e+01,6.241317465901374817e-02
1.623000000000000000e+03,5.040649795532226562e+01,5.825775861740112305e-02
1.624000000000000000e+03,3.460485076904296875e+01,6.136569753289222717e-02
1.625000000000000000e+03,3.434022140502929688e+01,6.214343011379241943e-02
1.626000000000000000e+03,3.430187225341796875e+01,6.216531246900558472e-02
1.627000000000000000e+03,3.425912094116210938e+01,6.250153481960296631e-02
1.628000000000000000e+03,3.424216079711914062e+01,6.234071031212806702e-02
1.629000000000000000e+03,3.422030258178710938e+01,6.224817782640457153e-02
1.630000000000000000e+03,3.500498580932617188e+01,6.273663789033889771e-02
1.631000000000000000e+03,3.420471191406250000e+01,6.232496351003646851e-02
1.632000000000000000e+03,3.418024063110351562e+01,6.229141727089881897e-02
1.633000000000000000e+03,3.415774154663085938e+01,6.231299415230751038e-02
1.634000000000000000e+03,3.669523239135742188e+01,6.352417916059494019e-02
1.635000000000000000e+03,3.415645599365234375e+01,6.233023852109909058e-02
1.636000000000000000e+03,3.412065124511718750e+01,6.232313066720962524e-02
1.637000000000000000e+03,3.406764602661132812e+01,6.228576973080635071e-02
1.638000000000000000e+03,3.403239440917968750e+01,6.229661405086517334e-02
1.639000000000000000e+03,3.400262832641601562e+01,6.221326068043708801e-02
1.640000000000000000e+03,3.396626281738281250e+01,6.228996813297271729e-02
1.641000000000000000e+03,3.393108367919921875e+01,6.230804324150085449e-02
1.642000000000000000e+03,3.389424896240234375e+01,6.227152049541473389e-02
1.643000000000000000e+03,3.390853500366210938e+01,6.195886433124542236e-02
1.644000000000000000e+03,3.388744354248046875e+01,6.215420365333557129e-02
1.645000000000000000e+03,3.386861038208007812e+01,6.210305541753768921e-02
1.646000000000000000e+03,3.385211563110351562e+01,6.205680593848228455e-02
1.647000000000000000e+03,3.382290649414062500e+01,6.184396892786026001e-02
1.648000000000000000e+03,3.380669403076171875e+01,6.184451282024383545e-02
1.649000000000000000e+03,3.378082275390625000e+01,6.179089471697807312e-02
1.650000000000000000e+03,3.374349212646484375e+01,6.180903688073158264e-02
1.651000000000000000e+03,3.371291732788085938e+01,6.190698593854904175e-02
1.652000000000000000e+03,3.367278289794921875e+01,6.208423525094985962e-02
1.653000000000000000e+03,3.372193145751953125e+01,6.253560632467269897e-02
1.654000000000000000e+03,3.366096878051757812e+01,6.221973150968551636e-02
1.655000000000000000e+03,3.361683273315429688e+01,6.235409900546073914e-02
1.656000000000000000e+03,3.357740020751953125e+01,6.234181672334671021e-02
1.657000000000000000e+03,3.446412658691406250e+01,6.323881447315216064e-02
1.658000000000000000e+03,3.357282257080078125e+01,6.238974258303642273e-02
1.659000000000000000e+03,3.353341293334960938e+01,6.230547279119491577e-02
1.660000000000000000e+03,3.497818756103515625e+01,6.435902416706085205e-02
1.661000000000000000e+03,3.352537918090820312e+01,6.236061081290245056e-02
1.662000000000000000e+03,3.349046707153320312e+01,6.223068386316299438e-02
1.663000000000000000e+03,3.345525741577148438e+01,6.227117404341697693e-02
1.664000000000000000e+03,3.342013549804687500e+01,6.223930791020393372e-02
1.665000000000000000e+03,3.336863327026367188e+01,6.231073662638664246e-02
1.666000000000000000e+03,3.332349777221679688e+01,6.237262114882469177e-02
1.667000000000000000e+03,3.335898208618164062e+01,6.256841123104095459e-02
1.668000000000000000e+03,3.330179595947265625e+01,6.244474649429321289e-02
1.669000000000000000e+03,3.326649475097656250e+01,6.239762157201766968e-02
1.670000000000000000e+03,3.329960250854492188e+01,6.261577457189559937e-02
1.671000000000000000e+03,3.324332809448242188e+01,6.247369572520256042e-02
1.672000000000000000e+03,3.320301055908203125e+01,6.244771555066108704e-02
1.673000000000000000e+03,3.315126037597656250e+01,6.244406476616859436e-02
1.674000000000000000e+03,3.311775588989257812e+01,6.251833587884902954e-02
1.675000000000000000e+03,3.306079864501953125e+01,6.281071156263351440e-02
1.676000000000000000e+03,3.334852218627929688e+01,6.307264417409896851e-02
1.677000000000000000e+03,3.305206298828125000e+01,6.284788250923156738e-02
1.678000000000000000e+03,3.299728393554687500e+01,6.319798529148101807e-02
1.679000000000000000e+03,3.297251129150390625e+01,6.370946764945983887e-02
1.680000000000000000e+03,3.294579696655273438e+01,6.372474133968353271e-02
1.681000000000000000e+03,3.292396545410156250e+01,6.353446096181869507e-02
1.682000000000000000e+03,3.290873336791992188e+01,6.359479576349258423e-02
1.683000000000000000e+03,3.287702178955078125e+01,6.374317407608032227e-02
1.684000000000000000e+03,3.285109329223632812e+01,6.382491439580917358e-02
1.685000000000000000e+03,6.312115097045898438e+01,6.749526411294937134e-02
1.686000000000000000e+03,3.321257400512695312e+01,6.388165056705474854e-02
1.687000000000000000e+03,3.283663558959960938e+01,6.379266828298568726e-02
1.688000000000000000e+03,3.279784774780273438e+01,6.377323716878890991e-02
1.689000000000000000e+03,3.275585556030273438e+01,6.366496533155441284e-02
1.690000000000000000e+03,3.272183227539062500e+01,6.351085007190704346e-02
1.691000000000000000e+03,3.267982101440429688e+01,6.344016641378402710e-02
1.692000000000000000e+03,3.264923858642578125e+01,6.317141652107238770e-02
1.693000000000000000e+03,3.378042602539062500e+01,6.385377049446105957e-02
1.694000000000000000e+03,3.264190673828125000e+01,6.321024894714355469e-02
1.695000000000000000e+03,3.296742248535156250e+01,6.334239989519119263e-02
1.696000000000000000e+03,3.261658477783203125e+01,6.323467195034027100e-02
1.697000000000000000e+03,3.257173156738281250e+01,6.345652043819427490e-02
1.698000000000000000e+03,3.254888534545898438e+01,6.381335109472274780e-02
1.699000000000000000e+03,3.253126144409179688e+01,6.379470229148864746e-02
1.700000000000000000e+03,3.252225875854492188e+01,6.375309079885482788e-02
1.701000000000000000e+03,3.250630569458007812e+01,6.376346200704574585e-02
1.702000000000000000e+03,3.249536132812500000e+01,6.382354348897933960e-02
1.703000000000000000e+03,3.248225402832031250e+01,6.392188370227813721e-02
1.704000000000000000e+03,3.259078979492187500e+01,6.366474181413650513e-02
1.705000000000000000e+03,3.247898101806640625e+01,6.388272345066070557e-02
1.706000000000000000e+03,3.247114181518554688e+01,6.393279880285263062e-02
1.707000000000000000e+03,3.263687133789062500e+01,6.437401473522186279e-02
1.708000000000000000e+03,3.245612716674804688e+01,6.402657181024551392e-02
1.709000000000000000e+03,3.243870925903320312e+01,6.397041678428649902e-02
1.710000000000000000e+03,3.243460845947265625e+01,6.389717012643814087e-02
1.711000000000000000e+03,3.240871047973632812e+01,6.382968276739120483e-02
1.712000000000000000e+03,3.239397048950195312e+01,6.380150467157363892e-02
1.713000000000000000e+03,3.236819839477539062e+01,6.371895968914031982e-02
1.714000000000000000e+03,3.234702301025390625e+01,6.362951546907424927e-02
1.715000000000000000e+03,3.573972320556640625e+01,6.491521000862121582e-02
1.716000000000000000e+03,3.234606933593750000e+01,6.365779787302017212e-02
1.717000000000000000e+03,3.232403564453125000e+01,6.354965269565582275e-02
1.718000000000000000e+03,3.230081176757812500e+01,6.340295076370239258e-02
1.719000000000000000e+03,3.227413177490234375e+01,6.327820569276809692e-02
1.720000000000000000e+03,3.223762893676757812e+01,6.312634795904159546e-02
1.721000000000000000e+03,3.220879364013671875e+01,6.300677359104156494e-02
1.722000000000000000e+03,3.217884826660156250e+01,6.293551623821258545e-02
1.723000000000000000e+03,3.214825057983398438e+01,6.288827955722808838e-02
1.724000000000000000e+03,3.212637329101562500e+01,6.296554207801818848e-02
1.725000000000000000e+03,3.211139297485351562e+01,6.303924322128295898e-02
1.726000000000000000e+03,3.209371185302734375e+01,6.310240179300308228e-02
1.727000000000000000e+03,3.207882690429687500e+01,6.309656053781509399e-02
1.728000000000000000e+03,3.206023406982421875e+01,6.308043748140335083e-02
1.729000000000000000e+03,3.219197082519531250e+01,6.271483004093170166e-02
1.730000000000000000e+03,3.205795288085937500e+01,6.303517520427703857e-02
1.731000000000000000e+03,3.204555130004882812e+01,6.302830576896667480e-02
1.732000000000000000e+03,3.203545761108398438e+01,6.302604079246520996e-02
1.733000000000000000e+03,3.202526092529296875e+01,6.301584094762802124e-02
1.734000000000000000e+03,3.205975341796875000e+01,6.292957067489624023e-02
1.735000000000000000e+03,3.202317047119140625e+01,6.299844384193420410e-02
1.736000000000000000e+03,3.220734786987304688e+01,6.297610700130462646e-02
1.737000000000000000e+03,3.202100753784179688e+01,6.299275159835815430e-02
1.738000000000000000e+03,3.203591156005859375e+01,6.265196204185485840e-02
1.739000000000000000e+03,3.200795745849609375e+01,6.285263597965240479e-02
1.740000000000000000e+03,3.223805236816406250e+01,6.297694146633148193e-02
1.741000000000000000e+03,3.199977302551269531e+01,6.285951286554336548e-02
1.742000000000000000e+03,3.195047187805175781e+01,6.315435469150543213e-02
1.743000000000000000e+03,3.189760589599609375e+01,6.330429762601852417e-02
1.744000000000000000e+03,3.188322448730468750e+01,6.320855766534805298e-02
1.745000000000000000e+03,3.184941101074218750e+01,6.325972080230712891e-02
1.746000000000000000e+03,3.182874298095703125e+01,6.329227983951568604e-02
1.747000000000000000e+03,3.179820060729980469e+01,6.341166049242019653e-02
1.748000000000000000e+03,3.330127334594726562e+01,6.449262797832489014e-02
1.749000000000000000e+03,3.179634284973144531e+01,6.343383342027664185e-02
1.750000000000000000e+03,3.176102828979492188e+01,6.338921934366226196e-02
1.751000000000000000e+03,3.161963653564453125e+01,6.365096569061279297e-02
1.752000000000000000e+03,3.158992958068847656e+01,6.369285285472869873e-02
1.753000000000000000e+03,3.153969764709472656e+01,6.385004520416259766e-02
1.754000000000000000e+03,3.151139259338378906e+01,6.393928080797195435e-02
1.755000000000000000e+03,3.147828292846679688e+01,6.400947272777557373e-02
1.756000000000000000e+03,3.144264984130859375e+01,6.391176581382751465e-02
1.757000000000000000e+03,3.143764305114746094e+01,6.413956731557846069e-02
1.758000000000000000e+03,3.139305305480957031e+01,6.383123248815536499e-02
1.759000000000000000e+03,3.136902618408203125e+01,6.366711854934692383e-02
1.760000000000000000e+03,3.133109474182128906e+01,6.346087157726287842e-02
1.761000000000000000e+03,3.155825805664062500e+01,6.443892419338226318e-02
1.762000000000000000e+03,3.131515884399414062e+01,6.365259736776351929e-02
1.763000000000000000e+03,3.135979080200195312e+01,6.341960281133651733e-02
1.764000000000000000e+03,3.126455116271972656e+01,6.353762000799179077e-02
1.765000000000000000e+03,3.120690155029296875e+01,6.354722380638122559e-02
1.766000000000000000e+03,3.110497474670410156e+01,6.365236639976501465e-02
1.767000000000000000e+03,3.100333023071289062e+01,6.362854689359664917e-02
1.768000000000000000e+03,3.095039939880371094e+01,6.364447623491287231e-02
1.769000000000000000e+03,3.094239044189453125e+01,6.359701603651046753e-02
1.770000000000000000e+03,3.089384841918945312e+01,6.361625343561172485e-02
1.771000000000000000e+03,3.084201240539550781e+01,6.350864470005035400e-02
1.772000000000000000e+03,3.073512840270996094e+01,6.355106830596923828e-02
1.773000000000000000e+03,3.074992942810058594e+01,6.278759241104125977e-02
1.774000000000000000e+03,3.068157958984375000e+01,6.317419558763504028e-02
1.775000000000000000e+03,3.062766838073730469e+01,6.339166313409805298e-02
1.776000000000000000e+03,3.059892654418945312e+01,6.375579535961151123e-02
1.777000000000000000e+03,3.057382392883300781e+01,6.372251361608505249e-02
1.778000000000000000e+03,3.055104637145996094e+01,6.363799422979354858e-02
1.779000000000000000e+03,3.052478218078613281e+01,6.359736621379852295e-02
1.780000000000000000e+03,3.048847007751464844e+01,6.351571530103683472e-02
1.781000000000000000e+03,3.046744537353515625e+01,6.352514028549194336e-02
1.782000000000000000e+03,3.044358444213867188e+01,6.362073868513107300e-02
1.783000000000000000e+03,3.041949462890625000e+01,6.368526071310043335e-02
1.784000000000000000e+03,3.038334655761718750e+01,6.386835128068923950e-02
1.785000000000000000e+03,3.032844734191894531e+01,6.425361335277557373e-02
1.786000000000000000e+03,3.026486015319824219e+01,6.431180238723754883e-02
1.787000000000000000e+03,3.018012428283691406e+01,6.426827609539031982e-02
1.788000000000000000e+03,3.014208412170410156e+01,6.438365578651428223e-02
1.789000000000000000e+03,3.012149047851562500e+01,6.440117210149765015e-02
1.790000000000000000e+03,3.008679962158203125e+01,6.439066678285598755e-02
1.791000000000000000e+03,3.003889274597167969e+01,6.439847499132156372e-02
1.792000000000000000e+03,3.092022323608398438e+01,6.255123019218444824e-02
1.793000000000000000e+03,3.001646232604980469e+01,6.406157463788986206e-02
1.794000000000000000e+03,2.993635940551757812e+01,6.414187699556350708e-02
1.795000000000000000e+03,2.989396858215332031e+01,6.412915885448455811e-02
1.796000000000000000e+03,2.984905433654785156e+01,6.400493532419204712e-02
1.797000000000000000e+03,2.973795127868652344e+01,6.386107951402664185e-02
1.798000000000000000e+03,2.989067459106445312e+01,6.388936191797256470e-02
1.799000000000000000e+03,2.970965957641601562e+01,6.386525183916091919e-02
1.800000000000000000e+03,2.963441658020019531e+01,6.414768099784851074e-02
1.801000000000000000e+03,2.956307792663574219e+01,6.434876471757888794e-02
1.802000000000000000e+03,2.952002334594726562e+01,6.435551494359970093e-02
1.803000000000000000e+03,2.948506927490234375e+01,6.425225734710693359e-02
1.804000000000000000e+03,2.945926666259765625e+01,6.414963304996490479e-02
1.805000000000000000e+03,2.942860794067382812e+01,6.417979300022125244e-02
1.806000000000000000e+03,2.939549064636230469e+01,6.436552852392196655e-02
1.807000000000000000e+03,2.937345123291015625e+01,6.454887241125106812e-02
1.808000000000000000e+03,2.935281372070312500e+01,6.467413157224655151e-02
1.809000000000000000e+03,2.937285041809082031e+01,6.461184471845626831e-02
1.810000000000000000e+03,2.934613800048828125e+01,6.465093046426773071e-02
1.811000000000000000e+03,2.932513999938964844e+01,6.464502215385437012e-02
1.812000000000000000e+03,2.929338073730468750e+01,6.452307105064392090e-02
1.813000000000000000e+03,2.925531005859375000e+01,6.435289233922958374e-02
1.814000000000000000e+03,2.922965621948242188e+01,6.432200968265533447e-02
1.815000000000000000e+03,2.920393371582031250e+01,6.446363031864166260e-02
1.816000000000000000e+03,2.919087791442871094e+01,6.468709558248519897e-02
1.817000000000000000e+03,2.917627906799316406e+01,6.488928943872451782e-02
1.818000000000000000e+03,2.916304969787597656e+01,6.506714969873428345e-02
1.819000000000000000e+03,2.914958572387695312e+01,6.516550481319427490e-02
1.820000000000000000e+03,2.913174819946289062e+01,6.520283222198486328e-02
1.821000000000000000e+03,2.911734008789062500e+01,6.522607803344726562e-02
1.822000000000000000e+03,2.910701370239257812e+01,6.519896537065505981e-02
1.823000000000000000e+03,2.909655952453613281e+01,6.527855992317199707e-02
1.824000000000000000e+03,2.908865928649902344e+01,6.522780656814575195e-02
1.825000000000000000e+03,2.908091545104980469e+01,6.544008851051330566e-02
1.826000000000000000e+03,2.906689071655273438e+01,6.553844362497329712e-02
1.827000000000000000e+03,2.905271148681640625e+01,6.563846766948699951e-02
1.828000000000000000e+03,2.903367614746093750e+01,6.576031446456909180e-02
1.829000000000000000e+03,2.901227188110351562e+01,6.569374352693557739e-02
1.830000000000000000e+03,2.898559570312500000e+01,6.558328121900558472e-02
1.831000000000000000e+03,2.896260452270507812e+01,6.540992856025695801e-02
1.832000000000000000e+03,2.893525505065917969e+01,6.536394357681274414e-02
1.833000000000000000e+03,2.888257026672363281e+01,6.534039229154586792e-02
1.834000000000000000e+03,2.883096122741699219e+01,6.537615507841110229e-02
1.835000000000000000e+03,2.879314231872558594e+01,6.543206423521041870e-02
1.836000000000000000e+03,2.875480651855468750e+01,6.555695086717605591e-02
1.837000000000000000e+03,2.908762931823730469e+01,6.559790670871734619e-02
1.838000000000000000e+03,2.873937225341796875e+01,6.555913388729095459e-02
1.839000000000000000e+03,2.871775054931640625e+01,6.576266139745712280e-02
1.840000000000000000e+03,2.867677307128906250e+01,6.595380604267120361e-02
1.841000000000000000e+03,2.865392494201660156e+01,6.594523042440414429e-02
1.842000000000000000e+03,2.862702751159667969e+01,6.595412641763687134e-02
1.843000000000000000e+03,2.861011886596679688e+01,6.601717323064804077e-02
1.844000000000000000e+03,2.858502769470214844e+01,6.607750058174133301e-02
1.845000000000000000e+03,3.285507583618164062e+01,6.795582920312881470e-02
1.846000000000000000e+03,2.858222579956054688e+01,6.611191481351852417e-02
1.847000000000000000e+03,2.854590034484863281e+01,6.605863571166992188e-02
1.848000000000000000e+03,2.874985694885253906e+01,6.627914309501647949e-02
1.849000000000000000e+03,2.853185462951660156e+01,6.609757989645004272e-02
1.850000000000000000e+03,2.848540496826171875e+01,6.594970822334289551e-02
1.851000000000000000e+03,2.843740272521972656e+01,6.572522222995758057e-02
1.852000000000000000e+03,2.838801002502441406e+01,6.548908352851867676e-02
1.853000000000000000e+03,2.832335662841796875e+01,6.530452519655227661e-02
1.854000000000000000e+03,2.825377273559570312e+01,6.512804329395294189e-02
1.855000000000000000e+03,2.820986366271972656e+01,6.510114669799804688e-02
1.856000000000000000e+03,2.819091987609863281e+01,6.510426104068756104e-02
1.857000000000000000e+03,2.814477157592773438e+01,6.519187986850738525e-02
1.858000000000000000e+03,2.811993026733398438e+01,6.517305970191955566e-02
1.859000000000000000e+03,2.808307266235351562e+01,6.505396962165832520e-02
1.860000000000000000e+03,2.804107093811035156e+01,6.474834680557250977e-02
1.861000000000000000e+03,4.889355850219726562e+01,6.334674358367919922e-02
1.862000000000000000e+03,2.802985572814941406e+01,6.469319015741348267e-02
1.863000000000000000e+03,2.798451232910156250e+01,6.451481580734252930e-02
1.864000000000000000e+03,2.794600486755371094e+01,6.444072723388671875e-02
1.865000000000000000e+03,2.792568397521972656e+01,6.447537988424301147e-02
1.866000000000000000e+03,2.790620803833007812e+01,6.454449146986007690e-02
1.867000000000000000e+03,2.787855720520019531e+01,6.460627168416976929e-02
1.868000000000000000e+03,2.786014366149902344e+01,6.455577164888381958e-02
1.869000000000000000e+03,2.784483718872070312e+01,6.452792137861251831e-02
1.870000000000000000e+03,2.845812416076660156e+01,6.415449827909469604e-02
1.871000000000000000e+03,2.783349609375000000e+01,6.446781754493713379e-02
1.872000000000000000e+03,2.782218551635742188e+01,6.443467736244201660e-02
1.873000000000000000e+03,2.780858802795410156e+01,6.436057388782501221e-02
1.874000000000000000e+03,2.779626655578613281e+01,6.453555077314376831e-02
1.875000000000000000e+03,2.777706909179687500e+01,6.443218141794204712e-02
1.876000000000000000e+03,2.775283050537109375e+01,6.430488079786300659e-02
1.877000000000000000e+03,2.773974800109863281e+01,6.423962116241455078e-02
1.878000000000000000e+03,2.771656608581542969e+01,6.414637714624404907e-02
1.879000000000000000e+03,2.770437240600585938e+01,6.427884101867675781e-02
1.880000000000000000e+03,2.768850708007812500e+01,6.431072950363159180e-02
1.881000000000000000e+03,2.766983985900878906e+01,6.434374302625656128e-02
1.882000000000000000e+03,2.765472793579101562e+01,6.444028019905090332e-02
1.883000000000000000e+03,2.764317893981933594e+01,6.445956230163574219e-02
1.884000000000000000e+03,2.763229370117187500e+01,6.445606797933578491e-02
1.885000000000000000e+03,2.760470390319824219e+01,6.457526236772537231e-02
1.886000000000000000e+03,2.832322120666503906e+01,6.366126984357833862e-02
1.887000000000000000e+03,2.760373497009277344e+01,6.453945487737655640e-02
1.888000000000000000e+03,2.759434890747070312e+01,6.455670297145843506e-02
1.889000000000000000e+03,2.758479881286621094e+01,6.462818384170532227e-02
1.890000000000000000e+03,2.757722282409667969e+01,6.459121406078338623e-02
1.891000000000000000e+03,2.756588935852050781e+01,6.457924842834472656e-02
1.892000000000000000e+03,2.759599113464355469e+01,6.475608795881271362e-02
1.893000000000000000e+03,2.756197547912597656e+01,6.462320685386657715e-02
1.894000000000000000e+03,2.879571151733398438e+01,6.675598770380020142e-02
1.895000000000000000e+03,2.755617141723632812e+01,6.478446722030639648e-02
1.896000000000000000e+03,2.754771804809570312e+01,6.476636976003646851e-02
1.897000000000000000e+03,2.752166366577148438e+01,6.475841253995895386e-02
1.898000000000000000e+03,2.750823211669921875e+01,6.477174907922744751e-02
1.899000000000000000e+03,2.748283767700195312e+01,6.481701135635375977e-02
1.900000000000000000e+03,2.746468734741210938e+01,6.479056924581527710e-02
1.901000000000000000e+03,2.744566726684570312e+01,6.480801105499267578e-02
1.902000000000000000e+03,3.165733337402343750e+01,6.601169705390930176e-02
1.903000000000000000e+03,2.744010925292968750e+01,6.488995999097824097e-02
1.904000000000000000e+03,2.741654014587402344e+01,6.491830199956893921e-02
1.905000000000000000e+03,2.740281295776367188e+01,6.494454294443130493e-02
1.906000000000000000e+03,2.739111900329589844e+01,6.506340950727462769e-02
1.907000000000000000e+03,2.738236236572265625e+01,6.507624685764312744e-02
1.908000000000000000e+03,2.737117958068847656e+01,6.508313119411468506e-02
1.909000000000000000e+03,2.736158943176269531e+01,6.508665531873703003e-02
1.910000000000000000e+03,2.735170173645019531e+01,6.508763134479522705e-02
1.911000000000000000e+03,2.734189224243164062e+01,6.509490311145782471e-02
1.912000000000000000e+03,2.748469161987304688e+01,6.505928933620452881e-02
1.913000000000000000e+03,2.733964729309082031e+01,6.508430838584899902e-02
1.914000000000000000e+03,2.732598495483398438e+01,6.514891237020492554e-02
1.915000000000000000e+03,2.731671524047851562e+01,6.520850956439971924e-02
1.916000000000000000e+03,2.734098815917968750e+01,6.536708027124404907e-02
1.917000000000000000e+03,2.731335830688476562e+01,6.524868309497833252e-02
1.918000000000000000e+03,2.757589149475097656e+01,6.619014590978622437e-02
1.919000000000000000e+03,2.731015396118164062e+01,6.532616168260574341e-02
1.920000000000000000e+03,2.729880332946777344e+01,6.533329188823699951e-02
1.921000000000000000e+03,2.727395820617675781e+01,6.532908976078033447e-02
1.922000000000000000e+03,2.727581596374511719e+01,6.553455442190170288e-02
1.923000000000000000e+03,2.726525878906250000e+01,6.542612612247467041e-02
1.924000000000000000e+03,2.725060272216796875e+01,6.545882672071456909e-02
1.925000000000000000e+03,2.784721755981445312e+01,6.471641361713409424e-02
1.926000000000000000e+03,2.724335098266601562e+01,6.537853181362152100e-02
1.927000000000000000e+03,2.722620582580566406e+01,6.536738574504852295e-02
1.928000000000000000e+03,2.720870208740234375e+01,6.539811193943023682e-02
1.929000000000000000e+03,2.720943069458007812e+01,6.526897847652435303e-02
1.930000000000000000e+03,2.718646621704101562e+01,6.533248722553253174e-02
1.931000000000000000e+03,2.716251754760742188e+01,6.531877815723419189e-02
1.932000000000000000e+03,2.714680480957031250e+01,6.532639265060424805e-02
1.933000000000000000e+03,2.713464355468750000e+01,6.534995883703231812e-02
1.934000000000000000e+03,2.713031768798828125e+01,6.537915021181106567e-02
1.935000000000000000e+03,2.838524627685546875e+01,6.422235071659088135e-02
1.936000000000000000e+03,2.712959480285644531e+01,6.534724682569503784e-02
1.937000000000000000e+03,2.711331939697265625e+01,6.542925536632537842e-02
1.938000000000000000e+03,2.709401321411132812e+01,6.546726077795028687e-02
1.939000000000000000e+03,2.707538223266601562e+01,6.546387821435928345e-02
1.940000000000000000e+03,2.756064796447753906e+01,6.445946544408798218e-02
1.941000000000000000e+03,2.707284736633300781e+01,6.531305611133575439e-02
1.942000000000000000e+03,2.705527877807617188e+01,6.530809402465820312e-02
1.943000000000000000e+03,2.704427146911621094e+01,6.525028496980667114e-02
1.944000000000000000e+03,2.703654098510742188e+01,6.516952067613601685e-02
1.945000000000000000e+03,2.703105735778808594e+01,6.511005759239196777e-02
1.946000000000000000e+03,2.702383804321289062e+01,6.508578360080718994e-02
1.947000000000000000e+03,2.701355934143066406e+01,6.508933007717132568e-02
1.948000000000000000e+03,2.699664306640625000e+01,6.513727456331253052e-02
1.949000000000000000e+03,2.697616958618164062e+01,6.521758437156677246e-02
1.950000000000000000e+03,2.695673942565917969e+01,6.528165191411972046e-02
1.951000000000000000e+03,2.693515205383300781e+01,6.530413031578063965e-02
1.952000000000000000e+03,2.691283416748046875e+01,6.528126448392868042e-02
1.953000000000000000e+03,2.689436531066894531e+01,6.516128778457641602e-02
1.954000000000000000e+03,2.687425804138183594e+01,6.498868018388748169e-02
1.955000000000000000e+03,2.688698196411132812e+01,6.487897783517837524e-02
1.956000000000000000e+03,2.686684036254882812e+01,6.494544446468353271e-02
1.957000000000000000e+03,2.684897994995117188e+01,6.478153914213180542e-02
1.958000000000000000e+03,2.684324836730957031e+01,6.471807509660720825e-02
1.959000000000000000e+03,2.683373451232910156e+01,6.476652622222900391e-02
1.960000000000000000e+03,2.682081413269042969e+01,6.488472223281860352e-02
1.961000000000000000e+03,2.680905342102050781e+01,6.501401215791702271e-02
1.962000000000000000e+03,2.680292129516601562e+01,6.519212573766708374e-02
1.963000000000000000e+03,2.678837585449218750e+01,6.513617932796478271e-02
1.964000000000000000e+03,2.678077697753906250e+01,6.507973372936248779e-02
1.965000000000000000e+03,2.677287292480468750e+01,6.503475457429885864e-02
1.966000000000000000e+03,2.676373481750488281e+01,6.500300019979476929e-02
1.967000000000000000e+03,2.675193023681640625e+01,6.500004231929779053e-02
1.968000000000000000e+03,2.673965263366699219e+01,6.501050293445587158e-02
1.969000000000000000e+03,2.672799873352050781e+01,6.507977843284606934e-02
1.970000000000000000e+03,2.671594619750976562e+01,6.511213630437850952e-02
1.971000000000000000e+03,2.677244186401367188e+01,6.534866243600845337e-02
1.972000000000000000e+03,2.671226119995117188e+01,6.515850871801376343e-02
1.973000000000000000e+03,2.670068359375000000e+01,6.518158316612243652e-02
1.974000000000000000e+03,2.668285369873046875e+01,6.516610085964202881e-02
1.975000000000000000e+03,2.667504692077636719e+01,6.511546671390533447e-02
1.976000000000000000e+03,2.676315116882324219e+01,6.488446891307830811e-02
1.977000000000000000e+03,2.667228126525878906e+01,6.507682055234909058e-02
1.978000000000000000e+03,2.670698165893554688e+01,6.426802277565002441e-02
1.979000000000000000e+03,2.664988708496093750e+01,6.473906338214874268e-02
1.980000000000000000e+03,2.663799667358398438e+01,6.469275057315826416e-02
1.981000000000000000e+03,2.661827850341796875e+01,6.462794542312622070e-02
1.982000000000000000e+03,2.660916709899902344e+01,6.463918089866638184e-02
1.983000000000000000e+03,2.659289932250976562e+01,6.476280838251113892e-02
1.984000000000000000e+03,2.658680343627929688e+01,6.482790410518646240e-02
1.985000000000000000e+03,2.658215332031250000e+01,6.524065881967544556e-02
1.986000000000000000e+03,2.668797492980957031e+01,6.529098749160766602e-02
1.987000000000000000e+03,2.657284927368164062e+01,6.525602191686630249e-02
1.988000000000000000e+03,2.656260299682617188e+01,6.507680565118789673e-02
1.989000000000000000e+03,2.655084991455078125e+01,6.490416824817657471e-02
1.990000000000000000e+03,2.654072570800781250e+01,6.492013484239578247e-02
1.991000000000000000e+03,2.653133392333984375e+01,6.499010324478149414e-02
1.992000000000000000e+03,2.652605628967285156e+01,6.501365453004837036e-02
1.993000000000000000e+03,2.651342964172363281e+01,6.505433470010757446e-02
1.994000000000000000e+03,2.653972434997558594e+01,6.504309922456741333e-02
1.995000000000000000e+03,2.650909996032714844e+01,6.504897773265838623e-02
1.996000000000000000e+03,2.650654602050781250e+01,6.506463885307312012e-02
1.997000000000000000e+03,2.649730873107910156e+01,6.505448371171951294e-02
1.998000000000000000e+03,2.649349784851074219e+01,6.506537646055221558e-02
1.999000000000000000e+03,2.648591423034667969e+01,6.508306413888931274e-02
2.000000000000000000e+03,2.647891235351562500e+01,6.508812308311462402e-02
2.001000000000000000e+03,2.721505737304687500e+01,6.449165940284729004e-02
2.002000000000000000e+03,2.647769927978515625e+01,6.505538523197174072e-02
2.003000000000000000e+03,2.646599578857421875e+01,6.506229937076568604e-02
2.004000000000000000e+03,2.645575714111328125e+01,6.505074352025985718e-02
2.005000000000000000e+03,2.644346618652343750e+01,6.500995159149169922e-02
2.006000000000000000e+03,2.643104743957519531e+01,6.497187167406082153e-02
2.007000000000000000e+03,2.659986495971679688e+01,6.482435017824172974e-02
2.008000000000000000e+03,2.642917060852050781e+01,6.495599448680877686e-02
2.009000000000000000e+03,2.641479110717773438e+01,6.486979871988296509e-02
2.010000000000000000e+03,2.640483093261718750e+01,6.487229466438293457e-02
2.011000000000000000e+03,2.640360450744628906e+01,6.494645774364471436e-02
2.012000000000000000e+03,2.639500808715820312e+01,6.492381542921066284e-02
2.013000000000000000e+03,2.639125633239746094e+01,6.491410732269287109e-02
2.014000000000000000e+03,2.638519287109375000e+01,6.488984823226928711e-02
2.015000000000000000e+03,2.637930488586425781e+01,6.486730277538299561e-02
2.016000000000000000e+03,2.638793182373046875e+01,6.491757184267044067e-02
2.017000000000000000e+03,2.637722206115722656e+01,6.488084048032760620e-02
2.018000000000000000e+03,2.637759971618652344e+01,6.482152640819549561e-02
2.019000000000000000e+03,2.637478446960449219e+01,6.485206633806228638e-02
2.020000000000000000e+03,2.636975860595703125e+01,6.485293060541152954e-02
2.021000000000000000e+03,2.636618614196777344e+01,6.484197825193405151e-02
2.022000000000000000e+03,2.636070060729980469e+01,6.482313573360443115e-02
2.023000000000000000e+03,2.635622024536132812e+01,6.479477137327194214e-02
2.024000000000000000e+03,2.634879302978515625e+01,6.474728137254714966e-02
2.025000000000000000e+03,2.695242500305175781e+01,6.501594930887222290e-02
2.026000000000000000e+03,2.634847450256347656e+01,6.475992500782012939e-02
2.027000000000000000e+03,2.634892272949218750e+01,6.459999084472656250e-02
2.028000000000000000e+03,2.634425354003906250e+01,6.468132138252258301e-02
2.029000000000000000e+03,2.639280319213867188e+01,6.433798372745513916e-02
2.030000000000000000e+03,2.634013175964355469e+01,6.460439413785934448e-02
2.031000000000000000e+03,2.652874755859375000e+01,6.544334441423416138e-02
2.032000000000000000e+03,2.633454704284667969e+01,6.472814828157424927e-02
2.033000000000000000e+03,2.632267761230468750e+01,6.474871933460235596e-02
2.034000000000000000e+03,2.630643272399902344e+01,6.478487700223922729e-02
2.035000000000000000e+03,2.629190826416015625e+01,6.484973430633544922e-02
2.036000000000000000e+03,2.628474235534667969e+01,6.485309451818466187e-02
2.037000000000000000e+03,2.627112007141113281e+01,6.486038863658905029e-02
2.038000000000000000e+03,2.624117279052734375e+01,6.482313573360443115e-02
2.039000000000000000e+03,2.621670341491699219e+01,6.472146511077880859e-02
2.040000000000000000e+03,2.619698715209960938e+01,6.464093178510665894e-02
2.041000000000000000e+03,2.618685722351074219e+01,6.436903029680252075e-02
2.042000000000000000e+03,2.617174339294433594e+01,6.444483250379562378e-02
2.043000000000000000e+03,2.615263366699218750e+01,6.460682302713394165e-02
2.044000000000000000e+03,2.613915252685546875e+01,6.450913846492767334e-02
2.045000000000000000e+03,2.614562225341796875e+01,6.424281001091003418e-02
2.046000000000000000e+03,2.611006736755371094e+01,6.437590718269348145e-02
2.047000000000000000e+03,2.608610343933105469e+01,6.424979865550994873e-02
2.048000000000000000e+03,2.607842636108398438e+01,6.398145854473114014e-02
2.049000000000000000e+03,2.605327224731445312e+01,6.397786736488342285e-02
2.050000000000000000e+03,2.602592658996582031e+01,6.430352479219436646e-02
2.051000000000000000e+03,2.601959609985351562e+01,6.404345482587814331e-02
2.052000000000000000e+03,2.596201133728027344e+01,6.395260244607925415e-02
2.053000000000000000e+03,2.593692588806152344e+01,6.385734677314758301e-02
2.054000000000000000e+03,2.592241668701171875e+01,6.375110894441604614e-02
2.055000000000000000e+03,2.590268516540527344e+01,6.357823312282562256e-02
2.056000000000000000e+03,2.588482093811035156e+01,6.357195228338241577e-02
2.057000000000000000e+03,2.584286499023437500e+01,6.346560269594192505e-02
2.058000000000000000e+03,2.581728553771972656e+01,6.340627372264862061e-02
2.059000000000000000e+03,2.577809715270996094e+01,6.334848701953887939e-02
2.060000000000000000e+03,2.591123199462890625e+01,6.274367868900299072e-02
2.061000000000000000e+03,2.577106475830078125e+01,6.323760002851486206e-02
2.062000000000000000e+03,2.574354553222656250e+01,6.331805884838104248e-02
2.063000000000000000e+03,2.572737503051757812e+01,6.319808214902877808e-02
2.064000000000000000e+03,2.566671752929687500e+01,6.326533108949661255e-02
2.065000000000000000e+03,2.564085578918457031e+01,6.320298463106155396e-02
2.066000000000000000e+03,2.561635017395019531e+01,6.302016973495483398e-02
2.067000000000000000e+03,2.559150695800781250e+01,6.285882741212844849e-02
2.068000000000000000e+03,2.557048797607421875e+01,6.259502470493316650e-02
2.069000000000000000e+03,2.555050468444824219e+01,6.250746548175811768e-02
2.070000000000000000e+03,2.553561592102050781e+01,6.246495246887207031e-02
2.071000000000000000e+03,2.621711921691894531e+01,6.231659650802612305e-02
2.072000000000000000e+03,2.553225326538085938e+01,6.244409084320068359e-02
2.073000000000000000e+03,2.552521896362304688e+01,6.252051144838333130e-02
2.074000000000000000e+03,2.550507545471191406e+01,6.253477931022644043e-02
2.075000000000000000e+03,2.549895477294921875e+01,6.251025199890136719e-02
2.076000000000000000e+03,2.548653030395507812e+01,6.242216005921363831e-02
2.077000000000000000e+03,2.547683334350585938e+01,6.240525096654891968e-02
2.078000000000000000e+03,2.546673965454101562e+01,6.243889406323432922e-02
2.079000000000000000e+03,2.545492935180664062e+01,6.250727176666259766e-02
2.080000000000000000e+03,2.544451713562011719e+01,6.269634515047073364e-02
2.081000000000000000e+03,4.657566833496093750e+02,6.928414851427078247e-02
2.082000000000000000e+03,3.137369918823242188e+01,6.489544361829757690e-02
2.083000000000000000e+03,2.545648193359375000e+01,6.297776103019714355e-02
2.084000000000000000e+03,2.543913459777832031e+01,6.279952079057693481e-02
2.085000000000000000e+03,2.542824745178222656e+01,6.279956549406051636e-02
2.086000000000000000e+03,2.540395164489746094e+01,6.280753016471862793e-02
2.087000000000000000e+03,2.539329719543457031e+01,6.276888400316238403e-02
2.088000000000000000e+03,2.536912155151367188e+01,6.277069449424743652e-02
2.089000000000000000e+03,2.535168838500976562e+01,6.254726648330688477e-02
2.090000000000000000e+03,2.533168601989746094e+01,6.248930841684341431e-02
2.091000000000000000e+03,2.531172943115234375e+01,6.247508525848388672e-02
2.092000000000000000e+03,2.527904891967773438e+01,6.217093393206596375e-02
2.093000000000000000e+03,2.524816894531250000e+01,6.230675056576728821e-02
2.094000000000000000e+03,2.522944831848144531e+01,6.241673231124877930e-02
2.095000000000000000e+03,2.519617652893066406e+01,6.238501146435737610e-02
2.096000000000000000e+03,2.517166519165039062e+01,6.233249977231025696e-02
2.097000000000000000e+03,2.512693786621093750e+01,6.213329732418060303e-02
2.098000000000000000e+03,2.508894348144531250e+01,6.204142048954963684e-02
2.099000000000000000e+03,2.506416320800781250e+01,6.198210269212722778e-02
2.100000000000000000e+03,2.504861831665039062e+01,6.204891577363014221e-02
2.101000000000000000e+03,2.503202056884765625e+01,6.209886074066162109e-02
2.102000000000000000e+03,2.499951744079589844e+01,6.218586489558219910e-02
2.103000000000000000e+03,2.496050071716308594e+01,6.226049363613128662e-02
2.104000000000000000e+03,6.045644760131835938e+01,9.326340258121490479e-02
2.105000000000000000e+03,2.495896148681640625e+01,6.233704835176467896e-02
2.106000000000000000e+03,2.492582511901855469e+01,6.207480654120445251e-02
2.107000000000000000e+03,2.490206336975097656e+01,6.202872842550277710e-02
2.108000000000000000e+03,2.527164268493652344e+01,6.038788706064224243e-02
2.109000000000000000e+03,2.487746620178222656e+01,6.163825839757919312e-02
2.110000000000000000e+03,2.482794189453125000e+01,6.142676994204521179e-02
2.111000000000000000e+03,2.479762649536132812e+01,6.139912828803062439e-02
2.112000000000000000e+03,2.475413513183593750e+01,6.149676069617271423e-02
2.113000000000000000e+03,2.469017601013183594e+01,6.145267188549041748e-02
2.114000000000000000e+03,2.463589286804199219e+01,6.138747185468673706e-02
2.115000000000000000e+03,2.457319831848144531e+01,6.139237061142921448e-02
2.116000000000000000e+03,2.450027656555175781e+01,6.144393607974052429e-02
2.117000000000000000e+03,2.445450401306152344e+01,6.158576160669326782e-02
2.118000000000000000e+03,2.439923858642578125e+01,6.166056543588638306e-02
2.119000000000000000e+03,2.435738182067871094e+01,6.145424395799636841e-02
2.120000000000000000e+03,2.433554840087890625e+01,6.130039319396018982e-02
2.121000000000000000e+03,2.431974983215332031e+01,6.126474216580390930e-02
2.122000000000000000e+03,2.429515647888183594e+01,6.117031723260879517e-02
2.123000000000000000e+03,2.427691268920898438e+01,6.109888479113578796e-02
2.124000000000000000e+03,2.425796890258789062e+01,6.107629090547561646e-02
2.125000000000000000e+03,2.485032463073730469e+01,6.082526966929435730e-02
2.126000000000000000e+03,2.425579643249511719e+01,6.105360761284828186e-02
2.127000000000000000e+03,2.424150466918945312e+01,6.106392294168472290e-02
2.128000000000000000e+03,2.422993087768554688e+01,6.110741198062896729e-02
2.129000000000000000e+03,2.420861816406250000e+01,6.120772287249565125e-02
2.130000000000000000e+03,2.418565559387207031e+01,6.127436086535453796e-02
2.131000000000000000e+03,2.415641975402832031e+01,6.135429814457893372e-02
2.132000000000000000e+03,2.413460350036621094e+01,6.133909896016120911e-02
2.133000000000000000e+03,2.410736083984375000e+01,6.125970184803009033e-02
2.134000000000000000e+03,2.407908248901367188e+01,6.110678240656852722e-02
2.135000000000000000e+03,2.405744934082031250e+01,6.098418310284614563e-02
2.136000000000000000e+03,6.844395446777343750e+01,6.340310722589492798e-02
2.137000000000000000e+03,2.405535125732421875e+01,6.098185852169990540e-02
2.138000000000000000e+03,2.401711654663085938e+01,6.084260344505310059e-02
2.139000000000000000e+03,2.397482299804687500e+01,6.064224243164062500e-02
2.140000000000000000e+03,2.394626235961914062e+01,6.055543199181556702e-02
2.141000000000000000e+03,2.392361640930175781e+01,6.051093339920043945e-02
2.142000000000000000e+03,2.457703590393066406e+01,6.005356088280677795e-02
2.143000000000000000e+03,2.391640663146972656e+01,6.045671552419662476e-02
2.144000000000000000e+03,2.387930107116699219e+01,6.044083461165428162e-02
2.145000000000000000e+03,2.384374618530273438e+01,6.045962497591972351e-02
2.146000000000000000e+03,2.380224227905273438e+01,6.036265939474105835e-02
2.147000000000000000e+03,2.376849937438964844e+01,6.034925952553749084e-02
2.148000000000000000e+03,2.374588775634765625e+01,6.012573838233947754e-02
2.149000000000000000e+03,2.372626495361328125e+01,6.008764356374740601e-02
2.150000000000000000e+03,2.370543289184570312e+01,5.998583510518074036e-02
2.151000000000000000e+03,2.368134307861328125e+01,5.979913845658302307e-02
2.152000000000000000e+03,2.366660118103027344e+01,5.965024605393409729e-02
2.153000000000000000e+03,2.365143203735351562e+01,5.947485938668251038e-02
2.154000000000000000e+03,2.363825225830078125e+01,5.940466001629829407e-02
2.155000000000000000e+03,2.362453651428222656e+01,5.934422463178634644e-02
2.156000000000000000e+03,2.361123275756835938e+01,5.935732275247573853e-02
2.157000000000000000e+03,2.359412384033203125e+01,5.935680493712425232e-02
2.158000000000000000e+03,2.358538818359375000e+01,5.942541733384132385e-02
2.159000000000000000e+03,2.363104057312011719e+01,5.922410264611244202e-02
2.160000000000000000e+03,2.357671737670898438e+01,5.936336517333984375e-02
2.161000000000000000e+03,2.371706390380859375e+01,5.945983156561851501e-02
2.162000000000000000e+03,2.357459449768066406e+01,5.937160179018974304e-02
2.163000000000000000e+03,2.356492233276367188e+01,5.935602635145187378e-02
2.164000000000000000e+03,2.354263687133789062e+01,5.928981676697731018e-02
2.165000000000000000e+03,2.355122184753417969e+01,5.934736132621765137e-02
2.166000000000000000e+03,2.353107643127441406e+01,5.931369587779045105e-02
2.167000000000000000e+03,2.351627349853515625e+01,5.929580703377723694e-02
2.168000000000000000e+03,2.357823753356933594e+01,5.910692736506462097e-02
2.169000000000000000e+03,2.349658966064453125e+01,5.922771617770195007e-02
2.170000000000000000e+03,2.703796195983886719e+01,5.894905701279640198e-02
2.171000000000000000e+03,2.349101257324218750e+01,5.919837579131126404e-02
2.172000000000000000e+03,2.345255279541015625e+01,5.903752148151397705e-02
2.173000000000000000e+03,2.344320487976074219e+01,5.890588089823722839e-02
2.174000000000000000e+03,2.341539764404296875e+01,5.890809372067451477e-02
2.175000000000000000e+03,2.336519241333007812e+01,5.874125286936759949e-02
2.176000000000000000e+03,2.332685470581054688e+01,5.842415988445281982e-02
2.177000000000000000e+03,2.334553909301757812e+01,5.803383514285087585e-02
2.178000000000000000e+03,2.331670951843261719e+01,5.826999247074127197e-02
2.179000000000000000e+03,2.329639625549316406e+01,5.816323682665824890e-02
2.180000000000000000e+03,2.329845237731933594e+01,5.820281058549880981e-02
2.181000000000000000e+03,2.328446769714355469e+01,5.818260088562965393e-02
2.182000000000000000e+03,2.377458572387695312e+01,5.765319988131523132e-02
2.183000000000000000e+03,2.326397895812988281e+01,5.808139219880104065e-02
2.184000000000000000e+03,2.324952888488769531e+01,5.814791098237037659e-02
2.185000000000000000e+03,2.322762107849121094e+01,5.833113566040992737e-02
2.186000000000000000e+03,2.322084617614746094e+01,5.836115404963493347e-02
2.187000000000000000e+03,2.420251464843750000e+01,5.724015086889266968e-02
2.188000000000000000e+03,2.321678924560546875e+01,5.828253552317619324e-02
2.189000000000000000e+03,2.319668006896972656e+01,5.846447497606277466e-02
2.190000000000000000e+03,2.317891502380371094e+01,5.839804559946060181e-02
2.191000000000000000e+03,2.315036773681640625e+01,5.829920619726181030e-02
2.192000000000000000e+03,2.313124084472656250e+01,5.831986293196678162e-02
2.193000000000000000e+03,2.309739303588867188e+01,5.838678777217864990e-02
2.194000000000000000e+03,2.306390571594238281e+01,5.838348343968391418e-02
2.195000000000000000e+03,2.302465438842773438e+01,5.831430852413177490e-02
2.196000000000000000e+03,2.300972557067871094e+01,5.805722624063491821e-02
2.197000000000000000e+03,2.297435760498046875e+01,5.794504284858703613e-02
2.198000000000000000e+03,2.295003318786621094e+01,5.792893841862678528e-02
2.199000000000000000e+03,2.292071151733398438e+01,5.771122500300407410e-02
2.200000000000000000e+03,2.293442153930664062e+01,5.771683156490325928e-02
2.201000000000000000e+03,2.291479110717773438e+01,5.770999193191528320e-02
2.202000000000000000e+03,2.289134597778320312e+01,5.715473741292953491e-02
2.203000000000000000e+03,2.287249946594238281e+01,5.725907161831855774e-02
2.204000000000000000e+03,2.285280036926269531e+01,5.722735449671745300e-02
2.205000000000000000e+03,2.284465980529785156e+01,5.719655379652976990e-02
2.206000000000000000e+03,2.283576774597167969e+01,5.712100863456726074e-02
2.207000000000000000e+03,2.283194541931152344e+01,5.709866806864738464e-02
2.208000000000000000e+03,2.282897567749023438e+01,5.712322145700454712e-02
2.209000000000000000e+03,2.283316230773925781e+01,5.708013847470283508e-02
2.210000000000000000e+03,2.282731246948242188e+01,5.710825696587562561e-02
2.211000000000000000e+03,2.293343734741210938e+01,5.706167593598365784e-02
2.212000000000000000e+03,2.282699203491210938e+01,5.710522830486297607e-02
2.213000000000000000e+03,2.282561683654785156e+01,5.721170455217361450e-02
2.214000000000000000e+03,2.283539199829101562e+01,5.738478526473045349e-02
2.215000000000000000e+03,2.282369041442871094e+01,5.726205930113792419e-02
2.216000000000000000e+03,2.282167434692382812e+01,5.723961442708969116e-02
2.217000000000000000e+03,2.281862831115722656e+01,5.723321810364723206e-02
2.218000000000000000e+03,2.281514739990234375e+01,5.730776116251945496e-02
2.219000000000000000e+03,2.498242759704589844e+01,5.558978766202926636e-02
2.220000000000000000e+03,2.281443405151367188e+01,5.726420134305953979e-02
2.221000000000000000e+03,2.281331443786621094e+01,5.723161622881889343e-02
2.222000000000000000e+03,2.306997299194335938e+01,5.737496912479400635e-02
2.223000000000000000e+03,2.280707168579101562e+01,5.726733803749084473e-02
2.224000000000000000e+03,2.280132675170898438e+01,5.727105587720870972e-02
2.225000000000000000e+03,2.279596328735351562e+01,5.722248181700706482e-02
2.226000000000000000e+03,2.279094505310058594e+01,5.715957283973693848e-02
2.227000000000000000e+03,2.278623008728027344e+01,5.709544196724891663e-02
2.228000000000000000e+03,2.278018569946289062e+01,5.700582265853881836e-02
2.229000000000000000e+03,2.277431678771972656e+01,5.700278654694557190e-02
2.230000000000000000e+03,2.276896476745605469e+01,5.698414146900177002e-02
2.231000000000000000e+03,2.276423454284667969e+01,5.703790485858917236e-02
2.232000000000000000e+03,2.275959014892578125e+01,5.714371055364608765e-02
2.233000000000000000e+03,2.275177192687988281e+01,5.713954940438270569e-02
2.234000000000000000e+03,2.274564361572265625e+01,5.712730437517166138e-02
2.235000000000000000e+03,2.273628044128417969e+01,5.708817020058631897e-02
2.236000000000000000e+03,2.273525619506835938e+01,5.691406503319740295e-02
2.237000000000000000e+03,5.104146194458007812e+01,5.931407958269119263e-02
2.238000000000000000e+03,2.273421478271484375e+01,5.691800639033317566e-02
2.239000000000000000e+03,2.273114013671875000e+01,5.691061541438102722e-02
2.240000000000000000e+03,4.584135818481445312e+01,6.297552585601806641e-02
2.241000000000000000e+03,2.272579574584960938e+01,5.700473859906196594e-02
2.242000000000000000e+03,2.270858383178710938e+01,5.692103132605552673e-02
2.243000000000000000e+03,2.269848442077636719e+01,5.688329786062240601e-02
2.244000000000000000e+03,2.268449592590332031e+01,5.681606382131576538e-02
2.245000000000000000e+03,2.267173767089843750e+01,5.679509788751602173e-02
2.246000000000000000e+03,2.265957450866699219e+01,5.678071454167366028e-02
2.247000000000000000e+03,2.265005683898925781e+01,5.678934976458549500e-02
2.248000000000000000e+03,2.264191627502441406e+01,5.677502229809761047e-02
2.249000000000000000e+03,2.263395690917968750e+01,5.670250579714775085e-02
2.250000000000000000e+03,2.262514305114746094e+01,5.656922236084938049e-02
2.251000000000000000e+03,2.300837135314941406e+01,5.620543658733367920e-02
2.252000000000000000e+03,2.262447738647460938e+01,5.655089020729064941e-02
2.253000000000000000e+03,2.261543083190917969e+01,5.641212314367294312e-02
2.254000000000000000e+03,2.265549087524414062e+01,5.587633699178695679e-02
2.255000000000000000e+03,2.261011695861816406e+01,5.626924335956573486e-02
2.256000000000000000e+03,2.623984718322753906e+01,5.530419200658798218e-02
2.257000000000000000e+03,2.260804176330566406e+01,5.622130259871482849e-02
2.258000000000000000e+03,2.259901809692382812e+01,5.621691793203353882e-02
2.259000000000000000e+03,2.257845115661621094e+01,5.624658986926078796e-02
2.260000000000000000e+03,2.256721878051757812e+01,5.624186620116233826e-02
2.261000000000000000e+03,2.255337715148925781e+01,5.629117414355278015e-02
2.262000000000000000e+03,2.253899765014648438e+01,5.625045299530029297e-02
2.263000000000000000e+03,2.254284858703613281e+01,5.619256943464279175e-02
2.264000000000000000e+03,2.252820014953613281e+01,5.621552467346191406e-02
2.265000000000000000e+03,2.250960922241210938e+01,5.612650513648986816e-02
2.266000000000000000e+03,2.249970817565917969e+01,5.611835792660713196e-02
2.267000000000000000e+03,2.248869514465332031e+01,5.607425421476364136e-02
2.268000000000000000e+03,2.248375511169433594e+01,5.610983818769454956e-02
2.269000000000000000e+03,2.247779846191406250e+01,5.615321174263954163e-02
2.270000000000000000e+03,2.247241592407226562e+01,5.615364015102386475e-02
2.271000000000000000e+03,2.246391105651855469e+01,5.607488751411437988e-02
2.272000000000000000e+03,2.245813369750976562e+01,5.602245777845382690e-02
2.273000000000000000e+03,2.245343208312988281e+01,5.596929788589477539e-02
2.274000000000000000e+03,2.245030784606933594e+01,5.597364157438278198e-02
2.275000000000000000e+03,2.244703674316406250e+01,5.601393058896064758e-02
2.276000000000000000e+03,2.244415092468261719e+01,5.607848614454269409e-02
2.277000000000000000e+03,2.244012451171875000e+01,5.616658180952072144e-02
2.278000000000000000e+03,2.246518898010253906e+01,5.621928721666336060e-02
2.279000000000000000e+03,2.243883895874023438e+01,5.617369711399078369e-02
2.280000000000000000e+03,2.243579673767089844e+01,5.615844577550888062e-02
2.281000000000000000e+03,2.243170166015625000e+01,5.610399693250656128e-02
2.282000000000000000e+03,2.255372619628906250e+01,5.627193674445152283e-02
2.283000000000000000e+03,2.242919349670410156e+01,5.612045153975486755e-02
2.284000000000000000e+03,2.242448997497558594e+01,5.609664693474769592e-02
2.285000000000000000e+03,2.241753768920898438e+01,5.609187483787536621e-02
2.286000000000000000e+03,2.240999221801757812e+01,5.610865727066993713e-02
2.287000000000000000e+03,2.239331245422363281e+01,5.625822022557258606e-02
2.288000000000000000e+03,2.236936187744140625e+01,5.632136017084121704e-02
2.289000000000000000e+03,2.234732627868652344e+01,5.635645985603332520e-02
2.290000000000000000e+03,2.232537651062011719e+01,5.646952241659164429e-02
2.291000000000000000e+03,2.231117057800292969e+01,5.640942975878715515e-02
2.292000000000000000e+03,2.229735565185546875e+01,5.636612698435783386e-02
2.293000000000000000e+03,2.227256584167480469e+01,5.629666522145271301e-02
2.294000000000000000e+03,2.224969863891601562e+01,5.629222095012664795e-02
2.295000000000000000e+03,2.221657562255859375e+01,5.632636696100234985e-02
2.296000000000000000e+03,2.218912315368652344e+01,5.635716021060943604e-02
2.297000000000000000e+03,2.216443252563476562e+01,5.642674863338470459e-02
2.298000000000000000e+03,2.216883087158203125e+01,5.675518512725830078e-02
2.299000000000000000e+03,2.215189170837402344e+01,5.657541379332542419e-02
2.300000000000000000e+03,2.213441276550292969e+01,5.659121647477149963e-02
2.301000000000000000e+03,2.211675643920898438e+01,5.649798363447189331e-02
2.302000000000000000e+03,2.210735702514648438e+01,5.652356892824172974e-02
2.303000000000000000e+03,2.209737396240234375e+01,5.652258917689323425e-02
2.304000000000000000e+03,2.208555984497070312e+01,5.650132521986961365e-02
2.305000000000000000e+03,2.207991027832031250e+01,5.654216557741165161e-02
2.306000000000000000e+03,2.207027244567871094e+01,5.660875886678695679e-02
2.307000000000000000e+03,2.206105804443359375e+01,5.667283013463020325e-02
2.308000000000000000e+03,2.569350051879882812e+01,5.436326935887336731e-02
2.309000000000000000e+03,2.205998992919921875e+01,5.658650025725364685e-02
2.310000000000000000e+03,2.204458618164062500e+01,5.672088637948036194e-02
2.311000000000000000e+03,2.203215026855468750e+01,5.680161714553833008e-02
2.312000000000000000e+03,2.210840034484863281e+01,5.702284350991249084e-02
2.313000000000000000e+03,2.202255821228027344e+01,5.685564503073692322e-02
2.314000000000000000e+03,2.300027084350585938e+01,5.716736987233161926e-02
2.315000000000000000e+03,2.202056503295898438e+01,5.686174333095550537e-02
2.316000000000000000e+03,2.200586128234863281e+01,5.686374753713607788e-02
2.317000000000000000e+03,2.202354812622070312e+01,5.643777176737785339e-02
2.318000000000000000e+03,2.199684143066406250e+01,5.670058354735374451e-02
2.319000000000000000e+03,2.197904205322265625e+01,5.672128126025199890e-02
2.320000000000000000e+03,2.197840881347656250e+01,5.691382661461830139e-02
2.321000000000000000e+03,2.196741485595703125e+01,5.682086199522018433e-02
2.322000000000000000e+03,2.194347381591796875e+01,5.684662610292434692e-02
2.323000000000000000e+03,2.191349601745605469e+01,5.691758543252944946e-02
2.324000000000000000e+03,2.189085006713867188e+01,5.692629143595695496e-02
2.325000000000000000e+03,2.186069488525390625e+01,5.696061626076698303e-02
2.326000000000000000e+03,2.182413291931152344e+01,5.691518634557723999e-02
2.327000000000000000e+03,2.178234291076660156e+01,5.679599568247795105e-02
2.328000000000000000e+03,2.174021148681640625e+01,5.675711110234260559e-02
2.329000000000000000e+03,2.170927810668945312e+01,5.662181228399276733e-02
2.330000000000000000e+03,2.167411231994628906e+01,5.658111348748207092e-02
2.331000000000000000e+03,2.167515563964843750e+01,5.652685835957527161e-02
2.332000000000000000e+03,2.165828704833984375e+01,5.655357986688613892e-02
2.333000000000000000e+03,2.163599014282226562e+01,5.672998353838920593e-02
2.334000000000000000e+03,2.161939620971679688e+01,5.692907795310020447e-02
2.335000000000000000e+03,2.160716819763183594e+01,5.708010867238044739e-02
2.336000000000000000e+03,2.159426116943359375e+01,5.722139403223991394e-02
2.337000000000000000e+03,2.158010292053222656e+01,5.728856846690177917e-02
2.338000000000000000e+03,2.156492614746093750e+01,5.724756047129631042e-02
2.339000000000000000e+03,2.155256843566894531e+01,5.717479810118675232e-02
2.340000000000000000e+03,2.154296493530273438e+01,5.720217898488044739e-02
2.341000000000000000e+03,2.153376960754394531e+01,5.719307437539100647e-02
2.342000000000000000e+03,2.152046966552734375e+01,5.711894482374191284e-02
2.343000000000000000e+03,7.181752777099609375e+01,5.395114421844482422e-02
2.344000000000000000e+03,2.239105033874511719e+01,5.575807020068168640e-02
2.345000000000000000e+03,2.151829528808593750e+01,5.701892077922821045e-02
2.346000000000000000e+03,2.150428199768066406e+01,5.689657479524612427e-02
2.347000000000000000e+03,2.149275207519531250e+01,5.668282136321067810e-02
2.348000000000000000e+03,2.148499488830566406e+01,5.649697408080101013e-02
2.349000000000000000e+03,2.147581100463867188e+01,5.628440529108047485e-02
2.350000000000000000e+03,2.146608352661132812e+01,5.615476146340370178e-02
2.351000000000000000e+03,2.145542335510253906e+01,5.609085783362388611e-02
2.352000000000000000e+03,2.145182037353515625e+01,5.611782521009445190e-02
2.353000000000000000e+03,2.096371917724609375e+02,6.491519510746002197e-02
2.354000000000000000e+03,2.145406723022460938e+01,5.615664273500442505e-02
2.355000000000000000e+03,2.144636154174804688e+01,5.613511055707931519e-02
2.356000000000000000e+03,2.143783569335937500e+01,5.621474236249923706e-02
2.357000000000000000e+03,2.142700195312500000e+01,5.622810870409011841e-02
2.358000000000000000e+03,2.138068962097167969e+01,5.621045455336570740e-02
2.359000000000000000e+03,2.134648132324218750e+01,5.614728480577468872e-02
2.360000000000000000e+03,2.131527328491210938e+01,5.603520199656486511e-02
2.361000000000000000e+03,2.128865623474121094e+01,5.597398057579994202e-02
2.362000000000000000e+03,2.127205467224121094e+01,5.593501776456832886e-02
2.363000000000000000e+03,2.125179100036621094e+01,5.604688078165054321e-02
2.364000000000000000e+03,2.123739051818847656e+01,5.619747564196586609e-02
2.365000000000000000e+03,2.121669006347656250e+01,5.649737641215324402e-02
2.366000000000000000e+03,5.110228729248046875e+01,5.347507074475288391e-02
2.367000000000000000e+03,2.135429954528808594e+01,5.606204271316528320e-02
2.368000000000000000e+03,2.121545791625976562e+01,5.645846575498580933e-02
2.369000000000000000e+03,2.119964599609375000e+01,5.657244101166725159e-02
2.370000000000000000e+03,2.116507339477539062e+01,5.669802427291870117e-02
2.371000000000000000e+03,2.205795288085937500e+01,5.559778958559036255e-02
2.372000000000000000e+03,2.116085624694824219e+01,5.660501122474670410e-02
2.373000000000000000e+03,2.113394737243652344e+01,5.651798099279403687e-02
2.374000000000000000e+03,2.112083053588867188e+01,5.641947314143180847e-02
2.375000000000000000e+03,2.109783744812011719e+01,5.618544667959213257e-02
2.376000000000000000e+03,2.108511352539062500e+01,5.624004453420639038e-02
2.377000000000000000e+03,2.107299232482910156e+01,5.624003708362579346e-02
2.378000000000000000e+03,2.106007003784179688e+01,5.621924251317977905e-02
2.379000000000000000e+03,2.104340171813964844e+01,5.616712570190429688e-02
2.380000000000000000e+03,2.101363754272460938e+01,5.595885962247848511e-02
2.381000000000000000e+03,2.100638389587402344e+01,5.566931515932083130e-02
2.382000000000000000e+03,2.406292915344238281e+01,5.714566633105278015e-02
2.383000000000000000e+03,2.100470733642578125e+01,5.567760020494461060e-02
2.384000000000000000e+03,2.097712516784667969e+01,5.566245689988136292e-02
2.385000000000000000e+03,2.096393966674804688e+01,5.561198294162750244e-02
2.386000000000000000e+03,2.095594215393066406e+01,5.550850927829742432e-02
2.387000000000000000e+03,2.093897056579589844e+01,5.549648776650428772e-02
2.388000000000000000e+03,2.092513847351074219e+01,5.550845712423324585e-02
2.389000000000000000e+03,2.088957786560058594e+01,5.557691305875778198e-02
2.390000000000000000e+03,2.086710929870605469e+01,5.564611405134201050e-02
2.391000000000000000e+03,2.084700393676757812e+01,5.573218688368797302e-02
2.392000000000000000e+03,2.082923507690429688e+01,5.574456974864006042e-02
2.393000000000000000e+03,2.080904388427734375e+01,5.571405217051506042e-02
2.394000000000000000e+03,2.079774665832519531e+01,5.566874146461486816e-02
2.395000000000000000e+03,2.078305625915527344e+01,5.548398196697235107e-02
2.396000000000000000e+03,3.526784515380859375e+01,5.779624357819557190e-02
2.397000000000000000e+03,2.076735305786132812e+01,5.552833154797554016e-02
2.398000000000000000e+03,2.074534988403320312e+01,5.540950968861579895e-02
2.399000000000000000e+03,2.071662712097167969e+01,5.536680296063423157e-02
2.400000000000000000e+03,2.068384742736816406e+01,5.540331453084945679e-02
2.401000000000000000e+03,2.081114387512207031e+01,5.550635233521461487e-02
2.402000000000000000e+03,2.067601203918457031e+01,5.541157722473144531e-02
2.403000000000000000e+03,2.065004348754882812e+01,5.547611415386199951e-02
2.404000000000000000e+03,2.061841201782226562e+01,5.557908862829208374e-02
2.405000000000000000e+03,2.058544349670410156e+01,5.564136803150177002e-02
2.406000000000000000e+03,2.056027984619140625e+01,5.560161173343658447e-02
2.407000000000000000e+03,2.052625465393066406e+01,5.555048212409019470e-02
2.408000000000000000e+03,2.048445701599121094e+01,5.535409227013587952e-02
2.409000000000000000e+03,2.046413803100585938e+01,5.527716502547264099e-02
2.410000000000000000e+03,2.044398307800292969e+01,5.522909760475158691e-02
2.411000000000000000e+03,2.068062210083007812e+01,5.585910007357597351e-02
2.412000000000000000e+03,2.044118499755859375e+01,5.528313666582107544e-02
2.413000000000000000e+03,2.042366981506347656e+01,5.527035146951675415e-02
2.414000000000000000e+03,2.040340232849121094e+01,5.523299425840377808e-02
2.415000000000000000e+03,2.038383865356445312e+01,5.520058795809745789e-02
2.416000000000000000e+03,2.036840057373046875e+01,5.514122918248176575e-02
2.417000000000000000e+03,2.035824775695800781e+01,5.507345125079154968e-02
2.418000000000000000e+03,2.035148620605468750e+01,5.503810569643974304e-02
2.419000000000000000e+03,2.034398651123046875e+01,5.502562224864959717e-02
2.420000000000000000e+03,2.035175514221191406e+01,5.524124577641487122e-02
2.421000000000000000e+03,2.033269500732421875e+01,5.511742457747459412e-02
2.422000000000000000e+03,2.031514167785644531e+01,5.513419955968856812e-02
2.423000000000000000e+03,2.029147148132324219e+01,5.512185767292976379e-02
2.424000000000000000e+03,2.028034210205078125e+01,5.514547601342201233e-02
2.425000000000000000e+03,2.026862335205078125e+01,5.514284595847129822e-02
2.426000000000000000e+03,2.025494956970214844e+01,5.509449914097785950e-02
2.427000000000000000e+03,2.024148559570312500e+01,5.503960698843002319e-02
2.428000000000000000e+03,2.023154067993164062e+01,5.500918626785278320e-02
2.429000000000000000e+03,2.023340415954589844e+01,5.506159365177154541e-02
2.430000000000000000e+03,2.022731018066406250e+01,5.503150820732116699e-02
2.431000000000000000e+03,2.021726608276367188e+01,5.507707968354225159e-02
2.432000000000000000e+03,2.021091079711914062e+01,5.510650947690010071e-02
2.433000000000000000e+03,2.019994735717773438e+01,5.515591427683830261e-02
2.434000000000000000e+03,2.019818305969238281e+01,5.528206378221511841e-02
2.435000000000000000e+03,2.231624984741210938e+01,5.353048071265220642e-02
2.436000000000000000e+03,2.019565582275390625e+01,5.520154535770416260e-02
2.437000000000000000e+03,2.020472145080566406e+01,5.522703006863594055e-02
2.438000000000000000e+03,2.019340515136718750e+01,5.520927906036376953e-02
2.439000000000000000e+03,2.028843116760253906e+01,5.479334667325019836e-02
2.440000000000000000e+03,2.018698310852050781e+01,5.512139573693275452e-02
2.441000000000000000e+03,2.018070030212402344e+01,5.504385754466056824e-02
2.442000000000000000e+03,2.016506004333496094e+01,5.479339882731437683e-02
2.443000000000000000e+03,2.015730285644531250e+01,5.465405434370040894e-02
2.444000000000000000e+03,2.014957427978515625e+01,5.450431630015373230e-02
2.445000000000000000e+03,2.014329528808593750e+01,5.444966256618499756e-02
2.446000000000000000e+03,2.013839721679687500e+01,5.447441712021827698e-02
2.447000000000000000e+03,2.013183212280273438e+01,5.452443286776542664e-02
2.448000000000000000e+03,2.012673759460449219e+01,5.454284697771072388e-02
2.449000000000000000e+03,2.011834335327148438e+01,5.455258488655090332e-02
2.450000000000000000e+03,2.010777854919433594e+01,5.453173443675041199e-02
2.451000000000000000e+03,2.011233711242675781e+01,5.446390062570571899e-02
2.452000000000000000e+03,2.010216712951660156e+01,5.450128763914108276e-02
2.453000000000000000e+03,2.018778991699218750e+01,5.444990843534469604e-02
2.454000000000000000e+03,2.009339332580566406e+01,5.448395758867263794e-02
2.455000000000000000e+03,2.008754348754882812e+01,5.438226088881492615e-02
2.456000000000000000e+03,2.008562088012695312e+01,5.437526106834411621e-02
2.457000000000000000e+03,2.007382202148437500e+01,5.440452694892883301e-02
2.458000000000000000e+03,2.006628608703613281e+01,5.444622039794921875e-02
2.459000000000000000e+03,2.005546951293945312e+01,5.449186637997627258e-02
2.460000000000000000e+03,2.004825973510742188e+01,5.453218147158622742e-02
2.461000000000000000e+03,2.004092407226562500e+01,5.454880744218826294e-02
2.462000000000000000e+03,2.003520965576171875e+01,5.452918261289596558e-02
2.463000000000000000e+03,2.002663040161132812e+01,5.450458824634552002e-02
2.464000000000000000e+03,2.001746749877929688e+01,5.446774885058403015e-02
2.465000000000000000e+03,2.000582695007324219e+01,5.433811992406845093e-02
2.466000000000000000e+03,2.000267410278320312e+01,5.447347089648246765e-02
2.467000000000000000e+03,1.999419593811035156e+01,5.431550741195678711e-02
2.468000000000000000e+03,1.998926544189453125e+01,5.425804480910301208e-02
2.469000000000000000e+03,1.998197746276855469e+01,5.426230654120445251e-02
2.470000000000000000e+03,1.997274589538574219e+01,5.429815873503684998e-02
2.471000000000000000e+03,1.996468734741210938e+01,5.433335155248641968e-02
2.472000000000000000e+03,1.995969963073730469e+01,5.434653162956237793e-02
2.473000000000000000e+03,1.995238685607910156e+01,5.433869734406471252e-02
2.474000000000000000e+03,1.994618415832519531e+01,5.431498587131500244e-02
2.475000000000000000e+03,1.993260765075683594e+01,5.421994626522064209e-02
2.476000000000000000e+03,1.992794036865234375e+01,5.417710170149803162e-02
2.477000000000000000e+03,1.992261505126953125e+01,5.413358658552169800e-02
2.478000000000000000e+03,1.992286682128906250e+01,5.404626950621604919e-02
2.479000000000000000e+03,1.992112922668457031e+01,5.409172549843788147e-02
2.480000000000000000e+03,1.992423057556152344e+01,5.405011400580406189e-02
2.481000000000000000e+03,1.991604614257812500e+01,5.407216399908065796e-02
2.482000000000000000e+03,1.991140556335449219e+01,5.405922979116439819e-02
2.483000000000000000e+03,1.990608406066894531e+01,5.400858819484710693e-02
2.484000000000000000e+03,1.990030479431152344e+01,5.395235121250152588e-02
2.485000000000000000e+03,1.989524459838867188e+01,5.395200848579406738e-02
2.486000000000000000e+03,1.988870620727539062e+01,5.397291854023933411e-02
2.487000000000000000e+03,2.032567024230957031e+01,5.513242259621620178e-02
2.488000000000000000e+03,1.988812446594238281e+01,5.401021242141723633e-02
2.489000000000000000e+03,1.988210296630859375e+01,5.399559810757637024e-02
2.490000000000000000e+03,1.988112258911132812e+01,5.426098778843879700e-02
2.491000000000000000e+03,2.032795333862304688e+01,5.445210635662078857e-02
2.492000000000000000e+03,1.987449645996093750e+01,5.427975207567214966e-02
2.493000000000000000e+03,1.986653137207031250e+01,5.415439233183860779e-02
2.494000000000000000e+03,1.985988235473632812e+01,5.410403013229370117e-02
2.495000000000000000e+03,1.985432624816894531e+01,5.412338301539421082e-02
2.496000000000000000e+03,1.984884071350097656e+01,5.417487025260925293e-02
2.497000000000000000e+03,1.984263420104980469e+01,5.424653738737106323e-02
2.498000000000000000e+03,1.985866928100585938e+01,5.403573811054229736e-02
2.499000000000000000e+03,1.984149551391601562e+01,5.419744551181793213e-02
2.500000000000000000e+03,1.983972549438476562e+01,5.425880104303359985e-02
2.501000000000000000e+03,1.983221626281738281e+01,5.417018011212348938e-02
2.502000000000000000e+03,1.982715225219726562e+01,5.409034341573715210e-02
2.503000000000000000e+03,1.981942558288574219e+01,5.395885929465293884e-02
2.504000000000000000e+03,1.981262969970703125e+01,5.388743057847023010e-02
2.505000000000000000e+03,1.979922676086425781e+01,5.395461991429328918e-02
2.506000000000000000e+03,1.978772163391113281e+01,5.395486578345298767e-02
2.507000000000000000e+03,1.976665878295898438e+01,5.394277349114418030e-02
2.508000000000000000e+03,1.975249481201171875e+01,5.398229137063026428e-02
2.509000000000000000e+03,1.973551177978515625e+01,5.400621891021728516e-02
2.510000000000000000e+03,1.972037887573242188e+01,5.398925021290779114e-02
2.511000000000000000e+03,1.970833396911621094e+01,5.394547060132026672e-02
2.512000000000000000e+03,1.970048141479492188e+01,5.390856415033340454e-02
2.513000000000000000e+03,1.969567680358886719e+01,5.388036742806434631e-02
2.514000000000000000e+03,1.969124412536621094e+01,5.386664718389511108e-02
2.515000000000000000e+03,1.968644523620605469e+01,5.397063866257667542e-02
2.516000000000000000e+03,1.967190361022949219e+01,5.391363427042961121e-02
2.517000000000000000e+03,1.966323471069335938e+01,5.391972512006759644e-02
2.518000000000000000e+03,1.965073394775390625e+01,5.397804826498031616e-02
2.519000000000000000e+03,1.966128540039062500e+01,5.406504124402999878e-02
2.520000000000000000e+03,1.964756965637207031e+01,5.400434881448745728e-02
2.521000000000000000e+03,1.963766288757324219e+01,5.404276028275489807e-02
2.522000000000000000e+03,1.961695861816406250e+01,5.416504293680191040e-02
2.523000000000000000e+03,2.475392913818359375e+01,5.646923184394836426e-02
2.524000000000000000e+03,1.960943412780761719e+01,5.429552868008613586e-02
2.525000000000000000e+03,1.959247207641601562e+01,5.424160137772560120e-02
2.526000000000000000e+03,1.957138633728027344e+01,5.412114039063453674e-02
2.527000000000000000e+03,1.955947113037109375e+01,5.412118136882781982e-02
2.528000000000000000e+03,1.954279518127441406e+01,5.411219224333763123e-02
2.529000000000000000e+03,1.952690887451171875e+01,5.411093682050704956e-02
2.530000000000000000e+03,1.951231765747070312e+01,5.404014512896537781e-02
2.531000000000000000e+03,1.950887107849121094e+01,5.406339839100837708e-02
2.532000000000000000e+03,1.948368072509765625e+01,5.391319096088409424e-02
2.533000000000000000e+03,1.947257804870605469e+01,5.400282144546508789e-02
2.534000000000000000e+03,1.948475456237792969e+01,5.365202203392982483e-02
2.535000000000000000e+03,1.945542716979980469e+01,5.384394526481628418e-02
2.536000000000000000e+03,1.947418403625488281e+01,5.370967090129852295e-02
2.537000000000000000e+03,1.944744300842285156e+01,5.379401892423629761e-02
2.538000000000000000e+03,1.943309974670410156e+01,5.363433063030242920e-02
2.539000000000000000e+03,1.942092514038085938e+01,5.363735184073448181e-02
2.540000000000000000e+03,1.941533470153808594e+01,5.363745242357254028e-02
2.541000000000000000e+03,1.940860557556152344e+01,5.361216515302658081e-02
2.542000000000000000e+03,1.939638900756835938e+01,5.353571474552154541e-02
2.543000000000000000e+03,1.939032173156738281e+01,5.352717638015747070e-02
2.544000000000000000e+03,1.938223648071289062e+01,5.357416346669197083e-02
2.545000000000000000e+03,1.937789154052734375e+01,5.359495431184768677e-02
2.546000000000000000e+03,1.937371826171875000e+01,5.362332612276077271e-02
2.547000000000000000e+03,1.936828994750976562e+01,5.365161225199699402e-02
2.548000000000000000e+03,1.936302375793457031e+01,5.363623425364494324e-02
2.549000000000000000e+03,1.935695457458496094e+01,5.360608547925949097e-02
2.550000000000000000e+03,1.941332054138183594e+01,5.356587097048759460e-02
2.551000000000000000e+03,1.935506439208984375e+01,5.359867587685585022e-02
2.552000000000000000e+03,1.935432815551757812e+01,5.347517505288124084e-02
2.553000000000000000e+03,1.935006332397460938e+01,5.353393405675888062e-02
2.554000000000000000e+03,1.934527778625488281e+01,5.356870591640472412e-02
2.555000000000000000e+03,1.933008384704589844e+01,5.372869595885276794e-02
2.556000000000000000e+03,1.932589530944824219e+01,5.373400077223777771e-02
2.557000000000000000e+03,1.931878471374511719e+01,5.374314263463020325e-02
2.558000000000000000e+03,1.932114982604980469e+01,5.412666499614715576e-02
2.559000000000000000e+03,1.931556892395019531e+01,5.390756949782371521e-02
2.560000000000000000e+03,1.942833900451660156e+01,5.421194061636924744e-02
2.561000000000000000e+03,1.931472396850585938e+01,5.392728373408317566e-02
2.562000000000000000e+03,1.931034851074218750e+01,5.389697104692459106e-02
2.563000000000000000e+03,1.930489349365234375e+01,5.381840094923973083e-02
2.564000000000000000e+03,1.929976081848144531e+01,5.378218367695808411e-02
2.565000000000000000e+03,1.929390335083007812e+01,5.370645597577095032e-02
2.566000000000000000e+03,1.929001617431640625e+01,5.368858575820922852e-02
2.567000000000000000e+03,1.928117179870605469e+01,5.361921712756156921e-02
2.568000000000000000e+03,1.927324485778808594e+01,5.356497317552566528e-02
2.569000000000000000e+03,1.926268959045410156e+01,5.354966968297958374e-02
2.570000000000000000e+03,1.925541305541992188e+01,5.357802286744117737e-02
2.571000000000000000e+03,1.924748802185058594e+01,5.362670123577117920e-02
2.572000000000000000e+03,1.924003410339355469e+01,5.366037786006927490e-02
2.573000000000000000e+03,1.922955703735351562e+01,5.365713685750961304e-02
2.574000000000000000e+03,2.016277503967285156e+01,5.508221313357353210e-02
2.575000000000000000e+03,1.922841644287109375e+01,5.369106680154800415e-02
2.576000000000000000e+03,1.945502281188964844e+01,5.373150482773780823e-02
2.577000000000000000e+03,1.922639656066894531e+01,5.369225889444351196e-02
2.578000000000000000e+03,1.921611785888671875e+01,5.364970117807388306e-02
2.579000000000000000e+03,1.919999694824218750e+01,5.357801914215087891e-02
2.580000000000000000e+03,1.917848777770996094e+01,5.347571521997451782e-02
2.581000000000000000e+03,1.916361236572265625e+01,5.334246158599853516e-02
2.582000000000000000e+03,1.913496780395507812e+01,5.339334905147552490e-02
2.583000000000000000e+03,1.912171745300292969e+01,5.344740673899650574e-02
2.584000000000000000e+03,1.911080932617187500e+01,5.361146479845046997e-02
2.585000000000000000e+03,1.909769248962402344e+01,5.373290181159973145e-02
2.586000000000000000e+03,1.908588409423828125e+01,5.383137241005897522e-02
2.587000000000000000e+03,1.908147430419921875e+01,5.381955206394195557e-02
2.588000000000000000e+03,1.907761955261230469e+01,5.378578603267669678e-02
2.589000000000000000e+03,1.907555389404296875e+01,5.378875881433486938e-02
2.590000000000000000e+03,1.907191276550292969e+01,5.383215099573135376e-02
2.591000000000000000e+03,1.906812667846679688e+01,5.389551818370819092e-02
2.592000000000000000e+03,1.906248855590820312e+01,5.399598181247711182e-02
2.593000000000000000e+03,1.905681800842285156e+01,5.405685305595397949e-02
2.594000000000000000e+03,1.905342292785644531e+01,5.416676774621009827e-02
2.595000000000000000e+03,1.904745864868164062e+01,5.411015078425407410e-02
2.596000000000000000e+03,1.904604911804199219e+01,5.407518893480300903e-02
2.597000000000000000e+03,1.905910873413085938e+01,5.395850911736488342e-02
2.598000000000000000e+03,1.904113388061523438e+01,5.402989313006401062e-02
2.599000000000000000e+03,1.902656555175781250e+01,5.408113822340965271e-02
2.600000000000000000e+03,1.923857498168945312e+01,5.368654802441596985e-02
2.601000000000000000e+03,1.902222824096679688e+01,5.402439087629318237e-02
2.602000000000000000e+03,1.900002098083496094e+01,5.411234498023986816e-02
2.603000000000000000e+03,1.897761726379394531e+01,5.416177213191986084e-02
2.604000000000000000e+03,1.896098899841308594e+01,5.416464805603027344e-02
2.605000000000000000e+03,1.895862770080566406e+01,5.424185469746589661e-02
2.606000000000000000e+03,1.895341491699218750e+01,5.420850962400436401e-02
2.607000000000000000e+03,1.894120597839355469e+01,5.419096723198890686e-02
2.608000000000000000e+03,1.892515563964843750e+01,5.419507622718811035e-02
2.609000000000000000e+03,1.891067314147949219e+01,5.425549298524856567e-02
2.610000000000000000e+03,1.951880264282226562e+01,5.442821234464645386e-02
2.611000000000000000e+03,1.890967369079589844e+01,5.426221340894699097e-02
2.612000000000000000e+03,1.890646934509277344e+01,5.428338795900344849e-02
2.613000000000000000e+03,2.178987884521484375e+01,5.520018562674522400e-02
2.614000000000000000e+03,1.889766883850097656e+01,5.431980267167091370e-02
2.615000000000000000e+03,1.888524818420410156e+01,5.433684960007667542e-02
2.616000000000000000e+03,1.886817359924316406e+01,5.437875166535377502e-02
2.617000000000000000e+03,1.884731483459472656e+01,5.443645641207695007e-02
2.618000000000000000e+03,1.882997512817382812e+01,5.448134243488311768e-02
2.619000000000000000e+03,1.882005310058593750e+01,5.448838695883750916e-02
2.620000000000000000e+03,1.881041145324707031e+01,5.443757399916648865e-02
2.621000000000000000e+03,1.880411720275878906e+01,5.439842119812965393e-02
2.622000000000000000e+03,1.913929557800292969e+01,5.429476127028465271e-02
2.623000000000000000e+03,1.879909133911132812e+01,5.435923486948013306e-02
2.624000000000000000e+03,1.877632904052734375e+01,5.414757505059242249e-02
2.625000000000000000e+03,1.876159477233886719e+01,5.405219271779060364e-02
2.626000000000000000e+03,1.874414634704589844e+01,5.395619198679924011e-02
2.627000000000000000e+03,1.872863388061523438e+01,5.411377176642417908e-02
2.628000000000000000e+03,1.871200180053710938e+01,5.413531884551048279e-02
2.629000000000000000e+03,1.870416069030761719e+01,5.404069274663925171e-02
2.630000000000000000e+03,1.868663978576660156e+01,5.410858243703842163e-02
2.631000000000000000e+03,1.867446327209472656e+01,5.409602820873260498e-02
2.632000000000000000e+03,2.025267410278320312e+01,5.316680297255516052e-02
2.633000000000000000e+03,1.867307853698730469e+01,5.404951423406600952e-02
2.634000000000000000e+03,1.864705467224121094e+01,5.404661595821380615e-02
2.635000000000000000e+03,1.862947845458984375e+01,5.404614657163619995e-02
2.636000000000000000e+03,1.861606788635253906e+01,5.406496301293373108e-02
2.637000000000000000e+03,1.860834884643554688e+01,5.409385263919830322e-02
2.638000000000000000e+03,1.860262298583984375e+01,5.415887013077735901e-02
2.639000000000000000e+03,1.859681320190429688e+01,5.423565581440925598e-02
2.640000000000000000e+03,1.859013366699218750e+01,5.429191142320632935e-02
2.641000000000000000e+03,1.858719825744628906e+01,5.436749011278152466e-02
2.642000000000000000e+03,1.991246032714843750e+01,5.487802997231483459e-02
2.643000000000000000e+03,1.858677291870117188e+01,5.437394231557846069e-02
2.644000000000000000e+03,1.883970451354980469e+01,5.446231737732887268e-02
2.645000000000000000e+03,1.858605384826660156e+01,5.437534302473068237e-02
2.646000000000000000e+03,1.858372879028320312e+01,5.438122153282165527e-02
2.647000000000000000e+03,1.858032608032226562e+01,5.439253151416778564e-02
2.648000000000000000e+03,1.857670974731445312e+01,5.443019792437553406e-02
2.649000000000000000e+03,1.857329940795898438e+01,5.454441159963607788e-02
2.650000000000000000e+03,1.856931114196777344e+01,5.453706532716751099e-02
2.651000000000000000e+03,1.856068992614746094e+01,5.452809110283851624e-02
2.652000000000000000e+03,1.854967498779296875e+01,5.452417954802513123e-02
2.653000000000000000e+03,1.853954505920410156e+01,5.450494587421417236e-02
2.654000000000000000e+03,1.975311660766601562e+01,5.580828711390495300e-02
2.655000000000000000e+03,1.853774833679199219e+01,5.453290790319442749e-02
2.656000000000000000e+03,1.852898406982421875e+01,5.449112132191658020e-02
2.657000000000000000e+03,2.135029029846191406e+01,5.581687018275260925e-02
2.658000000000000000e+03,1.852837562561035156e+01,5.450585111975669861e-02
2.659000000000000000e+03,1.851295852661132812e+01,5.433386564254760742e-02
2.660000000000000000e+03,1.850110435485839844e+01,5.417026206851005554e-02
2.661000000000000000e+03,1.849242973327636719e+01,5.400083586573600769e-02
2.662000000000000000e+03,1.848432731628417969e+01,5.394380167126655579e-02
2.663000000000000000e+03,1.847845458984375000e+01,5.395967885851860046e-02
2.664000000000000000e+03,1.847134780883789062e+01,5.395836010575294495e-02
2.665000000000000000e+03,2.010568809509277344e+01,5.584391951560974121e-02
2.666000000000000000e+03,1.846886825561523438e+01,5.405828729271888733e-02
2.667000000000000000e+03,1.846347618103027344e+01,5.406254902482032776e-02
2.668000000000000000e+03,1.845503425598144531e+01,5.410517007112503052e-02
2.669000000000000000e+03,1.845166969299316406e+01,5.416111275553703308e-02
2.670000000000000000e+03,1.844681167602539062e+01,5.421586707234382629e-02
2.671000000000000000e+03,1.844173431396484375e+01,5.424127727746963501e-02
2.672000000000000000e+03,1.843797874450683594e+01,5.422034114599227905e-02
2.673000000000000000e+03,1.843683433532714844e+01,5.410285294055938721e-02
2.674000000000000000e+03,1.843116188049316406e+01,5.407598614692687988e-02
2.675000000000000000e+03,1.842997360229492188e+01,5.404700338840484619e-02
2.676000000000000000e+03,1.842327499389648438e+01,5.403748899698257446e-02
2.677000000000000000e+03,1.841698646545410156e+01,5.398585647344589233e-02
2.678000000000000000e+03,1.840969276428222656e+01,5.390735343098640442e-02
2.679000000000000000e+03,1.840320968627929688e+01,5.388999357819557190e-02
2.680000000000000000e+03,1.839445114135742188e+01,5.388158187270164490e-02
2.681000000000000000e+03,1.838457870483398438e+01,5.394809693098068237e-02
2.682000000000000000e+03,1.837588119506835938e+01,5.403465032577514648e-02
2.683000000000000000e+03,1.836776542663574219e+01,5.400534719228744507e-02
2.684000000000000000e+03,1.835620880126953125e+01,5.394189432263374329e-02
2.685000000000000000e+03,1.834830856323242188e+01,5.388721451163291931e-02
2.686000000000000000e+03,1.833575057983398438e+01,5.376704782247543335e-02
2.687000000000000000e+03,1.832572364807128906e+01,5.366140604019165039e-02
2.688000000000000000e+03,1.849748992919921875e+01,5.283739045262336731e-02
2.689000000000000000e+03,1.831759262084960938e+01,5.349379405379295349e-02
2.690000000000000000e+03,1.830816841125488281e+01,5.351173132658004761e-02
2.691000000000000000e+03,1.828962326049804688e+01,5.373373627662658691e-02
2.692000000000000000e+03,1.828016662597656250e+01,5.373564362525939941e-02
2.693000000000000000e+03,1.826878356933593750e+01,5.374263972043991089e-02
2.694000000000000000e+03,1.826220130920410156e+01,5.375129356980323792e-02
2.695000000000000000e+03,1.826024246215820312e+01,5.369755253195762634e-02
2.696000000000000000e+03,1.867209625244140625e+01,5.412875115871429443e-02
2.697000000000000000e+03,1.825963783264160156e+01,5.371224507689476013e-02
2.698000000000000000e+03,1.825342941284179688e+01,5.366759374737739563e-02
2.699000000000000000e+03,1.825043678283691406e+01,5.364169925451278687e-02
2.700000000000000000e+03,1.824760055541992188e+01,5.360629409551620483e-02
2.701000000000000000e+03,1.824510574340820312e+01,5.361942574381828308e-02
2.702000000000000000e+03,1.824128341674804688e+01,5.366802588105201721e-02
2.703000000000000000e+03,1.823784637451171875e+01,5.371795967221260071e-02
2.704000000000000000e+03,1.847726631164550781e+01,5.384290963411331177e-02
2.705000000000000000e+03,1.823752975463867188e+01,5.372217297554016113e-02
2.706000000000000000e+03,1.823738670349121094e+01,5.382977798581123352e-02
2.707000000000000000e+03,1.823472404479980469e+01,5.377631261944770813e-02
2.708000000000000000e+03,1.823020362854003906e+01,5.381680279970169067e-02
2.709000000000000000e+03,1.822777557373046875e+01,5.378139391541481018e-02
2.710000000000000000e+03,1.822437095642089844e+01,5.370244756340980530e-02
2.711000000000000000e+03,1.822196197509765625e+01,5.361846834421157837e-02
2.712000000000000000e+03,1.824039268493652344e+01,5.360837280750274658e-02
2.713000000000000000e+03,1.821997642517089844e+01,5.361504480242729187e-02
2.714000000000000000e+03,1.821330070495605469e+01,5.341988056898117065e-02
2.715000000000000000e+03,1.822036552429199219e+01,5.318601801991462708e-02
2.716000000000000000e+03,1.821026802062988281e+01,5.333478748798370361e-02
2.717000000000000000e+03,1.820253372192382812e+01,5.344490334391593933e-02
2.718000000000000000e+03,1.819094657897949219e+01,5.360377207398414612e-02
2.719000000000000000e+03,1.818314552307128906e+01,5.364250764250755310e-02
2.720000000000000000e+03,1.816421318054199219e+01,5.366344749927520752e-02
2.721000000000000000e+03,1.814559173583984375e+01,5.362096801400184631e-02
2.722000000000000000e+03,1.812865638732910156e+01,5.364853888750076294e-02
2.723000000000000000e+03,1.811647033691406250e+01,5.368278920650482178e-02
2.724000000000000000e+03,1.810751342773437500e+01,5.367159098386764526e-02
2.725000000000000000e+03,1.808886528015136719e+01,5.370600521564483643e-02
2.726000000000000000e+03,1.806680488586425781e+01,5.382128059864044189e-02
2.727000000000000000e+03,1.808181762695312500e+01,5.415275692939758301e-02
2.728000000000000000e+03,1.805102920532226562e+01,5.394991114735603333e-02
2.729000000000000000e+03,1.803298950195312500e+01,5.396277084946632385e-02
2.730000000000000000e+03,1.800658035278320312e+01,5.403698608279228210e-02
2.731000000000000000e+03,1.799291419982910156e+01,5.409860238432884216e-02
2.732000000000000000e+03,1.797559165954589844e+01,5.404403433203697205e-02
2.733000000000000000e+03,1.795245170593261719e+01,5.396008491516113281e-02
2.734000000000000000e+03,1.793721580505371094e+01,5.395182967185974121e-02
2.735000000000000000e+03,1.791844367980957031e+01,5.397166684269905090e-02
2.736000000000000000e+03,1.790498542785644531e+01,5.411558970808982849e-02
2.737000000000000000e+03,1.788861846923828125e+01,5.420581996440887451e-02
2.738000000000000000e+03,1.786970710754394531e+01,5.427385121583938599e-02
2.739000000000000000e+03,1.786048698425292969e+01,5.425611883401870728e-02
2.740000000000000000e+03,1.789004516601562500e+01,5.443963408470153809e-02
2.741000000000000000e+03,1.785698509216308594e+01,5.429879948496818542e-02
2.742000000000000000e+03,1.790554618835449219e+01,5.437818169593811035e-02
2.743000000000000000e+03,1.784587860107421875e+01,5.432568117976188660e-02
2.744000000000000000e+03,1.783844375610351562e+01,5.432214587926864624e-02
2.745000000000000000e+03,1.782525634765625000e+01,5.426591634750366211e-02
2.746000000000000000e+03,1.783378219604492188e+01,5.405767261981964111e-02
2.747000000000000000e+03,1.782372474670410156e+01,5.420650169253349304e-02
2.748000000000000000e+03,1.894671440124511719e+01,5.516748130321502686e-02
2.749000000000000000e+03,1.782329368591308594e+01,5.422271415591239929e-02
2.750000000000000000e+03,1.781729316711425781e+01,5.424451455473899841e-02
2.751000000000000000e+03,1.780029678344726562e+01,5.429438129067420959e-02
2.752000000000000000e+03,1.779096603393554688e+01,5.429485440254211426e-02
2.753000000000000000e+03,1.777753639221191406e+01,5.415500700473785400e-02
2.754000000000000000e+03,1.776697540283203125e+01,5.405980348587036133e-02
2.755000000000000000e+03,1.776122665405273438e+01,5.418901517987251282e-02
2.756000000000000000e+03,1.826419639587402344e+01,5.294632539153099060e-02
2.757000000000000000e+03,1.775724601745605469e+01,5.407420173287391663e-02
2.758000000000000000e+03,1.774460983276367188e+01,5.401269719004631042e-02
2.759000000000000000e+03,1.773262214660644531e+01,5.394713580608367920e-02
2.760000000000000000e+03,1.772248840332031250e+01,5.398619174957275391e-02
2.761000000000000000e+03,1.771224975585937500e+01,5.400825664401054382e-02
2.762000000000000000e+03,1.770293235778808594e+01,5.402960255742073059e-02
2.763000000000000000e+03,1.769316864013671875e+01,5.401125177741050720e-02
2.764000000000000000e+03,1.768206977844238281e+01,5.401080101728439331e-02
2.765000000000000000e+03,1.766590690612792969e+01,5.406857654452323914e-02
2.766000000000000000e+03,1.765789413452148438e+01,5.393848195672035217e-02
2.767000000000000000e+03,1.763578224182128906e+01,5.415405333042144775e-02
2.768000000000000000e+03,1.762572479248046875e+01,5.423400178551673889e-02
2.769000000000000000e+03,1.761374092102050781e+01,5.429230630397796631e-02
2.770000000000000000e+03,1.760195732116699219e+01,5.425521731376647949e-02
2.771000000000000000e+03,1.759250450134277344e+01,5.419797077775001526e-02
2.772000000000000000e+03,1.758114624023437500e+01,5.414421483874320984e-02
2.773000000000000000e+03,1.757008743286132812e+01,5.421102792024612427e-02
2.774000000000000000e+03,1.755624771118164062e+01,5.428506061434745789e-02
2.775000000000000000e+03,1.754326248168945312e+01,5.443125963211059570e-02
2.776000000000000000e+03,1.752547836303710938e+01,5.472886934876441956e-02
2.777000000000000000e+03,1.751146697998046875e+01,5.487294867634773254e-02
2.778000000000000000e+03,1.749509048461914062e+01,5.495852231979370117e-02
2.779000000000000000e+03,1.748178863525390625e+01,5.492722243070602417e-02
2.780000000000000000e+03,2.371359443664550781e+01,5.515109747648239136e-02
2.781000000000000000e+03,1.748093032836914062e+01,5.492798984050750732e-02
2.782000000000000000e+03,1.746805381774902344e+01,5.489522963762283325e-02
2.783000000000000000e+03,1.745549201965332031e+01,5.484057590365409851e-02
2.784000000000000000e+03,1.744456481933593750e+01,5.482211709022521973e-02
2.785000000000000000e+03,1.743227386474609375e+01,5.480023100972175598e-02
2.786000000000000000e+03,1.741749382019042969e+01,5.485855042934417725e-02
2.787000000000000000e+03,1.739692115783691406e+01,5.491968616843223572e-02
2.788000000000000000e+03,1.738333702087402344e+01,5.502746999263763428e-02
2.789000000000000000e+03,1.736869812011718750e+01,5.507515370845794678e-02
2.790000000000000000e+03,1.735076332092285156e+01,5.508958175778388977e-02
2.791000000000000000e+03,1.733432197570800781e+01,5.505087971687316895e-02
2.792000000000000000e+03,1.732193756103515625e+01,5.498366057872772217e-02
2.793000000000000000e+03,1.731134986877441406e+01,5.493776127696037292e-02
2.794000000000000000e+03,1.730401229858398438e+01,5.494812875986099243e-02
2.795000000000000000e+03,1.729323005676269531e+01,5.500806868076324463e-02
2.796000000000000000e+03,1.790495491027832031e+01,5.578210949897766113e-02
2.797000000000000000e+03,1.729249763488769531e+01,5.502252280712127686e-02
2.798000000000000000e+03,1.728992843627929688e+01,5.508324503898620605e-02
2.799000000000000000e+03,1.733228492736816406e+01,5.548779666423797607e-02
2.800000000000000000e+03,1.728472328186035156e+01,5.518395081162452698e-02
2.801000000000000000e+03,1.739930915832519531e+01,5.543467402458190918e-02
2.802000000000000000e+03,1.727967834472656250e+01,5.522381886839866638e-02
2.803000000000000000e+03,1.727262496948242188e+01,5.516495183110237122e-02
2.804000000000000000e+03,1.726423072814941406e+01,5.505174398422241211e-02
2.805000000000000000e+03,1.725795936584472656e+01,5.498340725898742676e-02
2.806000000000000000e+03,1.725081825256347656e+01,5.490434169769287109e-02
2.807000000000000000e+03,1.725030517578125000e+01,5.501727387309074402e-02
2.808000000000000000e+03,1.724501991271972656e+01,5.496072769165039062e-02
2.809000000000000000e+03,1.735400390625000000e+01,5.470773950219154358e-02
2.810000000000000000e+03,1.724085044860839844e+01,5.491337552666664124e-02
2.811000000000000000e+03,1.723487854003906250e+01,5.483854189515113831e-02
2.812000000000000000e+03,1.722539138793945312e+01,5.485098063945770264e-02
2.813000000000000000e+03,1.747672462463378906e+01,5.523657053709030151e-02
2.814000000000000000e+03,1.722040748596191406e+01,5.489569902420043945e-02
2.815000000000000000e+03,1.721202659606933594e+01,5.486918985843658447e-02
2.816000000000000000e+03,1.720804595947265625e+01,5.474807322025299072e-02
2.817000000000000000e+03,1.815110778808593750e+01,5.510591343045234680e-02
2.818000000000000000e+03,1.719759178161621094e+01,5.477077886462211609e-02
2.819000000000000000e+03,1.718305397033691406e+01,5.484903603792190552e-02
2.820000000000000000e+03,1.717305564880371094e+01,5.486907809972763062e-02
2.821000000000000000e+03,1.714852333068847656e+01,5.486397817730903625e-02
2.822000000000000000e+03,1.714043807983398438e+01,5.488371104001998901e-02
2.823000000000000000e+03,5.020457839965820312e+01,6.141288951039314270e-02
2.824000000000000000e+03,1.712505340576171875e+01,5.481665953993797302e-02
2.825000000000000000e+03,1.711084365844726562e+01,5.477171018719673157e-02
2.826000000000000000e+03,1.709418487548828125e+01,5.483721569180488586e-02
2.827000000000000000e+03,1.708434295654296875e+01,5.482681095600128174e-02
2.828000000000000000e+03,1.707246971130371094e+01,5.482910946011543274e-02
2.829000000000000000e+03,1.706017303466796875e+01,5.484985187649726868e-02
2.830000000000000000e+03,1.704929542541503906e+01,5.481873452663421631e-02
2.831000000000000000e+03,1.703472709655761719e+01,5.475843697786331177e-02
2.832000000000000000e+03,1.702853393554687500e+01,5.506040155887603760e-02
2.833000000000000000e+03,1.700421142578125000e+01,5.485289916396141052e-02
2.834000000000000000e+03,1.699286270141601562e+01,5.477705597877502441e-02
2.835000000000000000e+03,1.698056411743164062e+01,5.484694987535476685e-02
2.836000000000000000e+03,1.697284126281738281e+01,5.490732192993164062e-02
2.837000000000000000e+03,1.696603965759277344e+01,5.494888499379158020e-02
2.838000000000000000e+03,1.695683670043945312e+01,5.503245070576667786e-02
2.839000000000000000e+03,1.695033073425292969e+01,5.501672625541687012e-02
2.840000000000000000e+03,1.694172859191894531e+01,5.494976788759231567e-02
2.841000000000000000e+03,1.693648147583007812e+01,5.489287897944450378e-02
2.842000000000000000e+03,1.733394622802734375e+01,5.469206348061561584e-02
2.843000000000000000e+03,1.693600082397460938e+01,5.488552898168563843e-02
2.844000000000000000e+03,1.692789077758789062e+01,5.476810783147811890e-02
2.845000000000000000e+03,1.692085647583007812e+01,5.468207970261573792e-02
2.846000000000000000e+03,1.690886497497558594e+01,5.449144914746284485e-02
2.847000000000000000e+03,1.689805984497070312e+01,5.438783392310142517e-02
2.848000000000000000e+03,1.688435935974121094e+01,5.444066226482391357e-02
2.849000000000000000e+03,1.711149406433105469e+01,5.387592688202857971e-02
2.850000000000000000e+03,1.688183593750000000e+01,5.437726154923439026e-02
2.851000000000000000e+03,1.687404060363769531e+01,5.449544638395309448e-02
2.852000000000000000e+03,1.686215782165527344e+01,5.468559265136718750e-02
2.853000000000000000e+03,1.685483169555664062e+01,5.475516617298126221e-02
2.854000000000000000e+03,1.684756469726562500e+01,5.469571426510810852e-02
2.855000000000000000e+03,1.683946609497070312e+01,5.456895008683204651e-02
2.856000000000000000e+03,1.683665847778320312e+01,5.453683063387870789e-02
2.857000000000000000e+03,1.683111190795898438e+01,5.451816692948341370e-02
2.858000000000000000e+03,1.687819099426269531e+01,5.430695414543151855e-02
2.859000000000000000e+03,1.683055305480957031e+01,5.449652299284934998e-02
2.860000000000000000e+03,1.682661437988281250e+01,5.453842505812644958e-02
2.861000000000000000e+03,1.682247543334960938e+01,5.462881177663803101e-02
2.862000000000000000e+03,1.681969070434570312e+01,5.467970296740531921e-02
2.863000000000000000e+03,1.694763755798339844e+01,5.444129928946495056e-02
2.864000000000000000e+03,1.681881332397460938e+01,5.465989187359809875e-02
2.865000000000000000e+03,1.681349563598632812e+01,5.470276996493339539e-02
2.866000000000000000e+03,1.680615043640136719e+01,5.472976714372634888e-02
2.867000000000000000e+03,1.680109024047851562e+01,5.474155768752098083e-02
2.868000000000000000e+03,1.679502487182617188e+01,5.472591891884803772e-02
2.869000000000000000e+03,1.679000854492187500e+01,5.472311004996299744e-02
2.870000000000000000e+03,1.678519058227539062e+01,5.474318936467170715e-02
2.871000000000000000e+03,1.678062248229980469e+01,5.480338633060455322e-02
2.872000000000000000e+03,1.677709197998046875e+01,5.479748919606208801e-02
2.873000000000000000e+03,1.676907730102539062e+01,5.475740134716033936e-02
2.874000000000000000e+03,1.676196098327636719e+01,5.475304275751113892e-02
2.875000000000000000e+03,1.675607872009277344e+01,5.473652109503746033e-02
2.876000000000000000e+03,1.675094604492187500e+01,5.469658225774765015e-02
2.877000000000000000e+03,1.674605751037597656e+01,5.471529439091682434e-02
2.878000000000000000e+03,1.673920249938964844e+01,5.470016971230506897e-02
2.879000000000000000e+03,1.673169326782226562e+01,5.471472069621086121e-02
2.880000000000000000e+03,1.684794616699218750e+01,5.425669997930526733e-02
2.881000000000000000e+03,1.672949600219726562e+01,5.465770885348320007e-02
2.882000000000000000e+03,1.672005081176757812e+01,5.474028736352920532e-02
2.883000000000000000e+03,1.673744010925292969e+01,5.479265376925468445e-02
2.884000000000000000e+03,1.671745491027832031e+01,5.475053191184997559e-02
2.885000000000000000e+03,2.788949394226074219e+01,5.813018977642059326e-02
2.886000000000000000e+03,1.675279426574707031e+01,5.489726364612579346e-02
2.887000000000000000e+03,1.671463203430175781e+01,5.477718263864517212e-02
2.888000000000000000e+03,1.670722579956054688e+01,5.479311943054199219e-02
2.889000000000000000e+03,1.669732284545898438e+01,5.475026369094848633e-02
2.890000000000000000e+03,1.669165229797363281e+01,5.468013137578964233e-02
2.891000000000000000e+03,1.668228149414062500e+01,5.454108864068984985e-02
2.892000000000000000e+03,1.666951560974121094e+01,5.427048355340957642e-02
2.893000000000000000e+03,1.666467475891113281e+01,5.411349982023239136e-02
2.894000000000000000e+03,1.665710639953613281e+01,5.402496829628944397e-02
2.895000000000000000e+03,1.665363502502441406e+01,5.406954884529113770e-02
2.896000000000000000e+03,1.664817237854003906e+01,5.411236733198165894e-02
2.897000000000000000e+03,1.664445495605468750e+01,5.410454794764518738e-02
2.898000000000000000e+03,1.663861465454101562e+01,5.408072099089622498e-02
2.899000000000000000e+03,1.663309478759765625e+01,5.402318388223648071e-02
2.900000000000000000e+03,1.662987327575683594e+01,5.414943769574165344e-02
2.901000000000000000e+03,1.662069320678710938e+01,5.397119745612144470e-02
2.902000000000000000e+03,1.661231803894042969e+01,5.393983051180839539e-02
2.903000000000000000e+03,1.660144805908203125e+01,5.390574410557746887e-02
2.904000000000000000e+03,1.659388923645019531e+01,5.398139730095863342e-02
2.905000000000000000e+03,1.658987426757812500e+01,5.399800464510917664e-02
2.906000000000000000e+03,1.658506393432617188e+01,5.406124889850616455e-02
2.907000000000000000e+03,1.658085441589355469e+01,5.409651622176170349e-02
2.908000000000000000e+03,1.657798385620117188e+01,5.415050685405731201e-02
2.909000000000000000e+03,1.657718467712402344e+01,5.416285246610641479e-02
2.910000000000000000e+03,1.706927108764648438e+01,5.536152049899101257e-02
2.911000000000000000e+03,1.657664299011230469e+01,5.420029535889625549e-02
2.912000000000000000e+03,1.657144355773925781e+01,5.423811450600624084e-02
2.913000000000000000e+03,1.656517219543457031e+01,5.429795384407043457e-02
2.914000000000000000e+03,1.655259704589843750e+01,5.438068881630897522e-02
2.915000000000000000e+03,1.657206916809082031e+01,5.428029224276542664e-02
2.916000000000000000e+03,1.654590988159179688e+01,5.434601753950119019e-02
2.917000000000000000e+03,1.653703498840332031e+01,5.439206212759017944e-02
2.918000000000000000e+03,1.652930641174316406e+01,5.441268905997276306e-02
2.919000000000000000e+03,1.652957153320312500e+01,5.453276261687278748e-02
2.920000000000000000e+03,1.652684593200683594e+01,5.447114631533622742e-02
2.921000000000000000e+03,1.652114105224609375e+01,5.443445593118667603e-02
2.922000000000000000e+03,1.909378433227539062e+01,5.220612511038780212e-02
2.923000000000000000e+03,1.652000617980957031e+01,5.436524748802185059e-02
2.924000000000000000e+03,1.651221847534179688e+01,5.427393689751625061e-02
2.925000000000000000e+03,1.650632476806640625e+01,5.420405417680740356e-02
2.926000000000000000e+03,1.650174903869628906e+01,5.416363105177879333e-02
2.927000000000000000e+03,1.649902534484863281e+01,5.415222048759460449e-02
2.928000000000000000e+03,1.649738883972167969e+01,5.414583161473274231e-02
2.929000000000000000e+03,1.649643325805664062e+01,5.413653701543807983e-02
2.930000000000000000e+03,1.649425315856933594e+01,5.413172766566276550e-02
2.931000000000000000e+03,1.649047851562500000e+01,5.411604046821594238e-02
2.932000000000000000e+03,1.648683357238769531e+01,5.412555858492851257e-02
2.933000000000000000e+03,1.650408172607421875e+01,5.419550463557243347e-02
2.934000000000000000e+03,1.648585128784179688e+01,5.413610860705375671e-02
2.935000000000000000e+03,1.648237419128417969e+01,5.410802736878395081e-02
2.936000000000000000e+03,1.647998809814453125e+01,5.408234149217605591e-02
2.937000000000000000e+03,1.647739219665527344e+01,5.406809970736503601e-02
2.938000000000000000e+03,1.647486686706542969e+01,5.411037057638168335e-02
2.939000000000000000e+03,1.647312545776367188e+01,5.415447801351547241e-02
2.940000000000000000e+03,1.647129631042480469e+01,5.417684093117713928e-02
2.941000000000000000e+03,1.646809005737304688e+01,5.421546846628189087e-02
2.942000000000000000e+03,1.646508026123046875e+01,5.417647957801818848e-02
2.943000000000000000e+03,1.649377441406250000e+01,5.444987118244171143e-02
2.944000000000000000e+03,1.646209335327148438e+01,5.423481017351150513e-02
2.945000000000000000e+03,1.645808601379394531e+01,5.424901843070983887e-02
2.946000000000000000e+03,1.644879722595214844e+01,5.431138351559638977e-02
2.947000000000000000e+03,1.644375991821289062e+01,5.432958155870437622e-02
2.948000000000000000e+03,1.643614196777343750e+01,5.433314666152000427e-02
2.949000000000000000e+03,1.642689704895019531e+01,5.432338267564773560e-02
2.950000000000000000e+03,1.641781044006347656e+01,5.428965017199516296e-02
2.951000000000000000e+03,1.640879821777343750e+01,5.426897481083869934e-02
2.952000000000000000e+03,1.640048599243164062e+01,5.425383523106575012e-02
2.953000000000000000e+03,1.639139175415039062e+01,5.426144972443580627e-02
2.954000000000000000e+03,1.848095130920410156e+01,5.618511140346527100e-02
2.955000000000000000e+03,1.639102745056152344e+01,5.427933856844902039e-02
2.956000000000000000e+03,1.638501548767089844e+01,5.429426580667495728e-02
2.957000000000000000e+03,1.636833572387695312e+01,5.438312143087387085e-02
2.958000000000000000e+03,1.635572242736816406e+01,5.436499789357185364e-02
2.959000000000000000e+03,1.634595870971679688e+01,5.435608699917793274e-02
2.960000000000000000e+03,1.632998847961425781e+01,5.439892411231994629e-02
2.961000000000000000e+03,1.631954002380371094e+01,5.443331226706504822e-02
2.962000000000000000e+03,1.881594657897949219e+01,5.568037182092666626e-02
2.963000000000000000e+03,1.631478118896484375e+01,5.447359010577201843e-02
2.964000000000000000e+03,1.629784965515136719e+01,5.447866022586822510e-02
2.965000000000000000e+03,1.628965950012207031e+01,5.440151318907737732e-02
2.966000000000000000e+03,1.628289604187011719e+01,5.429509654641151428e-02
2.967000000000000000e+03,1.628010559082031250e+01,5.424544960260391235e-02
2.968000000000000000e+03,1.627740287780761719e+01,5.422352626919746399e-02
2.969000000000000000e+03,1.627681541442871094e+01,5.425217002630233765e-02
2.970000000000000000e+03,1.627510261535644531e+01,5.433758720755577087e-02
2.971000000000000000e+03,1.627236938476562500e+01,5.428666621446609497e-02
2.972000000000000000e+03,1.626967430114746094e+01,5.429499968886375427e-02
2.973000000000000000e+03,1.626519012451171875e+01,5.430926755070686340e-02
2.974000000000000000e+03,1.625926971435546875e+01,5.432739108800888062e-02
2.975000000000000000e+03,1.625700759887695312e+01,5.427008122205734253e-02
2.976000000000000000e+03,1.624849700927734375e+01,5.426020175218582153e-02
2.977000000000000000e+03,1.623783302307128906e+01,5.418530479073524475e-02
2.978000000000000000e+03,1.622351646423339844e+01,5.405047908425331116e-02
2.979000000000000000e+03,1.620665359497070312e+01,5.387019738554954529e-02
2.980000000000000000e+03,1.619392776489257812e+01,5.375904217362403870e-02
2.981000000000000000e+03,1.618530464172363281e+01,5.375178530812263489e-02
2.982000000000000000e+03,1.617461776733398438e+01,5.376076325774192810e-02
2.983000000000000000e+03,1.616358947753906250e+01,5.390742048621177673e-02
2.984000000000000000e+03,1.618804359436035156e+01,5.350545793771743774e-02
2.985000000000000000e+03,1.615130233764648438e+01,5.374948307871818542e-02
2.986000000000000000e+03,1.613657188415527344e+01,5.368372797966003418e-02
2.987000000000000000e+03,1.611372756958007812e+01,5.361653864383697510e-02
2.988000000000000000e+03,1.609452056884765625e+01,5.361381918191909790e-02
2.989000000000000000e+03,1.606525421142578125e+01,5.359230935573577881e-02
2.990000000000000000e+03,1.723578453063964844e+01,5.368366092443466187e-02
2.991000000000000000e+03,1.606218147277832031e+01,5.358928814530372620e-02
2.992000000000000000e+03,1.603607368469238281e+01,5.357475951313972473e-02
2.993000000000000000e+03,1.601045608520507812e+01,5.352001264691352844e-02
2.994000000000000000e+03,1.599085807800292969e+01,5.352762341499328613e-02
2.995000000000000000e+03,1.597489929199218750e+01,5.350968241691589355e-02
2.996000000000000000e+03,1.595978355407714844e+01,5.348040908575057983e-02
2.997000000000000000e+03,1.594578838348388672e+01,5.343267321586608887e-02
2.998000000000000000e+03,1.593209457397460938e+01,5.344356968998908997e-02
2.999000000000000000e+03,1.591941928863525391e+01,5.347783863544464111e-02
3.000000000000000000e+03,1.592539787292480469e+01,5.363716185092926025e-02
3.001000000000000000e+03,1.590776443481445312e+01,5.354813858866691589e-02
3.002000000000000000e+03,1.595339488983154297e+01,5.425048619508743286e-02
3.003000000000000000e+03,1.589687728881835938e+01,5.375603213906288147e-02
3.004000000000000000e+03,1.588480758666992188e+01,5.380044132471084595e-02
3.005000000000000000e+03,1.586995983123779297e+01,5.381377413868904114e-02
3.006000000000000000e+03,1.586105442047119141e+01,5.390027537941932678e-02
3.007000000000000000e+03,1.585104560852050781e+01,5.382684990763664246e-02
3.008000000000000000e+03,1.583710670471191406e+01,5.370422452688217163e-02
3.009000000000000000e+03,1.582964897155761719e+01,5.376237258315086365e-02
3.010000000000000000e+03,4.017843627929687500e+01,4.717786610126495361e-02
3.011000000000000000e+03,1.582888889312744141e+01,5.337905138731002808e-02
3.012000000000000000e+03,1.581804943084716797e+01,5.356677249073982239e-02
3.013000000000000000e+03,1.580480480194091797e+01,5.358935520052909851e-02
3.014000000000000000e+03,1.577790260314941406e+01,5.369197204709053040e-02
3.015000000000000000e+03,1.575855064392089844e+01,5.378514528274536133e-02
3.016000000000000000e+03,1.573907566070556641e+01,5.381499230861663818e-02
3.017000000000000000e+03,1.572199821472167969e+01,5.391863361001014709e-02
3.018000000000000000e+03,1.570381259918212891e+01,5.381644144654273987e-02
3.019000000000000000e+03,1.568776512145996094e+01,5.376663804054260254e-02
3.020000000000000000e+03,1.567416000366210938e+01,5.375980585813522339e-02
3.021000000000000000e+03,1.566374301910400391e+01,5.367793515324592590e-02
3.022000000000000000e+03,1.565157318115234375e+01,5.365910008549690247e-02
3.023000000000000000e+03,1.564211559295654297e+01,5.340839922428131104e-02
3.024000000000000000e+03,1.563251972198486328e+01,5.343496054410934448e-02
3.025000000000000000e+03,1.561502361297607422e+01,5.354021862149238586e-02
3.026000000000000000e+03,1.560541915893554688e+01,5.353061109781265259e-02
3.027000000000000000e+03,1.559621810913085938e+01,5.358677357435226440e-02
3.028000000000000000e+03,1.558968925476074219e+01,5.362517014145851135e-02
3.029000000000000000e+03,1.558226490020751953e+01,5.368440970778465271e-02
3.030000000000000000e+03,1.557429695129394531e+01,5.370752140879631042e-02
3.031000000000000000e+03,1.556121349334716797e+01,5.369398742914199829e-02
3.032000000000000000e+03,1.554710578918457031e+01,5.361909046769142151e-02
3.033000000000000000e+03,1.553208732604980469e+01,5.352729558944702148e-02
3.034000000000000000e+03,1.551782035827636719e+01,5.336974188685417175e-02
3.035000000000000000e+03,1.549970245361328125e+01,5.335706099867820740e-02
3.036000000000000000e+03,1.547923564910888672e+01,5.337156727910041809e-02
3.037000000000000000e+03,1.547827816009521484e+01,5.315442755818367004e-02
3.038000000000000000e+03,1.546986579895019531e+01,5.325813591480255127e-02
3.039000000000000000e+03,1.550014114379882812e+01,5.320921167731285095e-02
3.040000000000000000e+03,1.545645809173583984e+01,5.323639139533042908e-02
3.041000000000000000e+03,1.544413089752197266e+01,5.326069891452789307e-02
3.042000000000000000e+03,1.542314338684082031e+01,5.325911939144134521e-02
3.043000000000000000e+03,1.541792392730712891e+01,5.322743952274322510e-02
3.044000000000000000e+03,1.540777683258056641e+01,5.313400179147720337e-02
3.045000000000000000e+03,1.539850044250488281e+01,5.304154381155967712e-02
3.046000000000000000e+03,1.538964176177978516e+01,5.298548564314842224e-02
3.047000000000000000e+03,1.538137149810791016e+01,5.296010151505470276e-02
3.048000000000000000e+03,1.591944122314453125e+01,5.301586166024208069e-02
3.049000000000000000e+03,1.538035106658935547e+01,5.295624956488609314e-02
3.050000000000000000e+03,1.537302398681640625e+01,5.295940116047859192e-02
3.051000000000000000e+03,1.536616134643554688e+01,5.290001258254051208e-02
3.052000000000000000e+03,1.535766124725341797e+01,5.288064107298851013e-02
3.053000000000000000e+03,1.534797573089599609e+01,5.282799527049064636e-02
3.054000000000000000e+03,1.533792781829833984e+01,5.278234928846359253e-02
3.055000000000000000e+03,1.532846927642822266e+01,5.272659659385681152e-02
3.056000000000000000e+03,1.532012748718261719e+01,5.272775143384933472e-02
3.057000000000000000e+03,1.531264019012451172e+01,5.274808779358863831e-02
3.058000000000000000e+03,1.530510044097900391e+01,5.278136581182479858e-02
3.059000000000000000e+03,1.529660129547119141e+01,5.279299616813659668e-02
3.060000000000000000e+03,1.597291564941406250e+01,5.203922092914581299e-02
3.061000000000000000e+03,1.529143810272216797e+01,5.271701887249946594e-02
3.062000000000000000e+03,1.528248691558837891e+01,5.270881950855255127e-02
3.063000000000000000e+03,1.526825237274169922e+01,5.270204320549964905e-02
3.064000000000000000e+03,1.533589172363281250e+01,5.261768773198127747e-02
3.065000000000000000e+03,1.526683807373046875e+01,5.269023030996322632e-02
3.066000000000000000e+03,1.525889110565185547e+01,5.271419882774353027e-02
3.067000000000000000e+03,1.524890518188476562e+01,5.274780467152595520e-02
3.068000000000000000e+03,1.524097061157226562e+01,5.297470465302467346e-02
3.069000000000000000e+03,1.523772144317626953e+01,5.275820940732955933e-02
3.070000000000000000e+03,1.521362590789794922e+01,5.269786342978477478e-02
3.071000000000000000e+03,1.520173072814941406e+01,5.265062674880027771e-02
3.072000000000000000e+03,1.518714141845703125e+01,5.250710621476173401e-02
3.073000000000000000e+03,1.517990303039550781e+01,5.250496789813041687e-02
3.074000000000000000e+03,1.517380714416503906e+01,5.251426622271537781e-02
3.075000000000000000e+03,1.516851234436035156e+01,5.261325836181640625e-02
3.076000000000000000e+03,1.516203880310058594e+01,5.272851139307022095e-02
3.077000000000000000e+03,1.616848373413085938e+01,5.162218958139419556e-02
3.078000000000000000e+03,1.516142463684082031e+01,5.267203971743583679e-02
3.079000000000000000e+03,1.515178680419921875e+01,5.278668925166130066e-02
3.080000000000000000e+03,1.514353656768798828e+01,5.281284078955650330e-02
3.081000000000000000e+03,1.512876701354980469e+01,5.285601690411567688e-02
3.082000000000000000e+03,1.512224292755126953e+01,5.286545678973197937e-02
3.083000000000000000e+03,1.511289978027343750e+01,5.282176658511161804e-02
3.084000000000000000e+03,1.510215473175048828e+01,5.278297141194343567e-02
3.085000000000000000e+03,1.509229564666748047e+01,5.274535715579986572e-02
3.086000000000000000e+03,1.507730102539062500e+01,5.271336063742637634e-02
3.087000000000000000e+03,1.506225490570068359e+01,5.278054997324943542e-02
3.088000000000000000e+03,1.504130268096923828e+01,5.278279632329940796e-02
3.089000000000000000e+03,1.502284717559814453e+01,5.281265079975128174e-02
3.090000000000000000e+03,1.500965404510498047e+01,5.281231179833412170e-02
3.091000000000000000e+03,1.500223541259765625e+01,5.278661847114562988e-02
3.092000000000000000e+03,1.499591636657714844e+01,5.276279523968696594e-02
3.093000000000000000e+03,1.498985862731933594e+01,5.271326750516891479e-02
3.094000000000000000e+03,1.498747730255126953e+01,5.255118757486343384e-02
3.095000000000000000e+03,1.498315906524658203e+01,5.266517028212547302e-02
3.096000000000000000e+03,1.498034477233886719e+01,5.268096923828125000e-02
3.097000000000000000e+03,1.497637557983398438e+01,5.267023295164108276e-02
3.098000000000000000e+03,1.500470447540283203e+01,5.253558605909347534e-02
3.099000000000000000e+03,1.497562789916992188e+01,5.264898017048835754e-02
3.100000000000000000e+03,1.497408390045166016e+01,5.262912437319755554e-02
3.101000000000000000e+03,1.497197341918945312e+01,5.259618535637855530e-02
3.102000000000000000e+03,1.501475811004638672e+01,5.245922133326530457e-02
3.103000000000000000e+03,1.497008514404296875e+01,5.257063731551170349e-02
3.104000000000000000e+03,1.496777915954589844e+01,5.257346853613853455e-02
3.105000000000000000e+03,1.496382141113281250e+01,5.261883512139320374e-02
3.106000000000000000e+03,1.496208953857421875e+01,5.264185741543769836e-02
3.107000000000000000e+03,1.495941734313964844e+01,5.268496647477149963e-02
3.108000000000000000e+03,1.496480846405029297e+01,5.260373279452323914e-02
3.109000000000000000e+03,1.495863246917724609e+01,5.266405642032623291e-02
3.110000000000000000e+03,1.495614051818847656e+01,5.268352106213569641e-02
3.111000000000000000e+03,1.495208263397216797e+01,5.269744247198104858e-02
3.112000000000000000e+03,1.494717502593994141e+01,5.273534357547760010e-02
3.113000000000000000e+03,1.494094753265380859e+01,5.270665511488914490e-02
3.114000000000000000e+03,1.493385124206542969e+01,5.264105275273323059e-02
3.115000000000000000e+03,1.492692852020263672e+01,5.264861881732940674e-02
3.116000000000000000e+03,1.492120361328125000e+01,5.266328155994415283e-02
3.117000000000000000e+03,1.491333770751953125e+01,5.271289125084877014e-02
3.118000000000000000e+03,1.491639232635498047e+01,5.280754342675209045e-02
3.119000000000000000e+03,1.491193485260009766e+01,5.274617671966552734e-02
3.120000000000000000e+03,1.490840911865234375e+01,5.277548357844352722e-02
3.121000000000000000e+03,1.490480422973632812e+01,5.270954966545104980e-02
3.122000000000000000e+03,1.490236759185791016e+01,5.271232500672340393e-02
3.123000000000000000e+03,1.489784431457519531e+01,5.275555700063705444e-02
3.124000000000000000e+03,1.489512634277343750e+01,5.279429256916046143e-02
3.125000000000000000e+03,1.489249038696289062e+01,5.283727496862411499e-02
3.126000000000000000e+03,1.489041900634765625e+01,5.285703390836715698e-02
3.127000000000000000e+03,1.490164852142333984e+01,5.280800536274909973e-02
3.128000000000000000e+03,1.488965034484863281e+01,5.284643173217773438e-02
3.129000000000000000e+03,1.488829517364501953e+01,5.283759906888008118e-02
3.130000000000000000e+03,1.488667297363281250e+01,5.280411243438720703e-02
3.131000000000000000e+03,1.488563632965087891e+01,5.281535536050796509e-02
3.132000000000000000e+03,1.488423442840576172e+01,5.283091217279434204e-02
3.133000000000000000e+03,1.488360500335693359e+01,5.282212793827056885e-02
3.134000000000000000e+03,1.488250064849853516e+01,5.280151218175888062e-02
3.135000000000000000e+03,1.488086700439453125e+01,5.278325453400611877e-02
3.136000000000000000e+03,1.487786197662353516e+01,5.276303738355636597e-02
3.137000000000000000e+03,1.487538719177246094e+01,5.274806171655654907e-02
3.138000000000000000e+03,1.487318420410156250e+01,5.279742926359176636e-02
3.139000000000000000e+03,1.488325023651123047e+01,5.286990106105804443e-02
3.140000000000000000e+03,1.487204456329345703e+01,5.281310155987739563e-02
3.141000000000000000e+03,1.486962890625000000e+01,5.285629630088806152e-02
3.142000000000000000e+03,1.486455631256103516e+01,5.293415486812591553e-02
3.143000000000000000e+03,1.486132144927978516e+01,5.294050276279449463e-02
3.144000000000000000e+03,1.485696697235107422e+01,5.291486904025077820e-02
3.145000000000000000e+03,1.485272979736328125e+01,5.286904424428939819e-02
3.146000000000000000e+03,1.484786796569824219e+01,5.279662832617759705e-02
3.147000000000000000e+03,1.502692508697509766e+01,5.231943354010581970e-02
3.148000000000000000e+03,1.484707069396972656e+01,5.274898186326026917e-02
3.149000000000000000e+03,1.484255599975585938e+01,5.269178003072738647e-02
3.150000000000000000e+03,1.483786964416503906e+01,5.266409367322921753e-02
3.151000000000000000e+03,1.483335876464843750e+01,5.269519984722137451e-02
3.152000000000000000e+03,1.482920932769775391e+01,5.274490639567375183e-02
3.153000000000000000e+03,1.482521343231201172e+01,5.281655862927436829e-02
3.154000000000000000e+03,1.482138538360595703e+01,5.284418165683746338e-02
3.155000000000000000e+03,1.481726455688476562e+01,5.278340727090835571e-02
3.156000000000000000e+03,1.490807342529296875e+01,5.305968225002288818e-02
3.157000000000000000e+03,1.481610870361328125e+01,5.281017348170280457e-02
3.158000000000000000e+03,1.481173324584960938e+01,5.271499976515769958e-02
3.159000000000000000e+03,1.480431842803955078e+01,5.250438675284385681e-02
3.160000000000000000e+03,1.479608249664306641e+01,5.249373987317085266e-02
3.161000000000000000e+03,1.478617191314697266e+01,5.245931074023246765e-02
3.162000000000000000e+03,1.478009605407714844e+01,5.245901271700859070e-02
3.163000000000000000e+03,1.477052783966064453e+01,5.247804522514343262e-02
3.164000000000000000e+03,1.476471328735351562e+01,5.252960696816444397e-02
3.165000000000000000e+03,1.475645637512207031e+01,5.254425108432769775e-02
3.166000000000000000e+03,1.474812698364257812e+01,5.254533141851425171e-02
3.167000000000000000e+03,1.473496723175048828e+01,5.262308940291404724e-02
3.168000000000000000e+03,1.508041954040527344e+01,5.161391943693161011e-02
3.169000000000000000e+03,1.473341083526611328e+01,5.250427871942520142e-02
3.170000000000000000e+03,1.472242927551269531e+01,5.257826298475265503e-02
3.171000000000000000e+03,1.471740341186523438e+01,5.257109925150871277e-02
3.172000000000000000e+03,1.470709896087646484e+01,5.257655680179595947e-02
3.173000000000000000e+03,1.470232677459716797e+01,5.257337167859077454e-02
3.174000000000000000e+03,1.469682979583740234e+01,5.258642509579658508e-02
3.175000000000000000e+03,1.469279384613037109e+01,5.255920439958572388e-02
3.176000000000000000e+03,1.469056415557861328e+01,5.253819376230239868e-02
3.177000000000000000e+03,1.468646907806396484e+01,5.252699553966522217e-02
3.178000000000000000e+03,1.468358993530273438e+01,5.247993022203445435e-02
3.179000000000000000e+03,1.467810153961181641e+01,5.235482379794120789e-02
3.180000000000000000e+03,1.467393302917480469e+01,5.225110054016113281e-02
3.181000000000000000e+03,1.535888290405273438e+01,5.234856903553009033e-02
3.182000000000000000e+03,1.467166805267333984e+01,5.225580558180809021e-02
3.183000000000000000e+03,1.466238021850585938e+01,5.222108587622642517e-02
3.184000000000000000e+03,1.464995765686035156e+01,5.216431245207786560e-02
3.185000000000000000e+03,1.464309787750244141e+01,5.216606333851814270e-02
3.186000000000000000e+03,1.480842781066894531e+01,5.188388004899024963e-02
3.187000000000000000e+03,1.464122676849365234e+01,5.213499814271926880e-02
3.188000000000000000e+03,1.463226222991943359e+01,5.212990939617156982e-02
3.189000000000000000e+03,1.462432765960693359e+01,5.210977792739868164e-02
3.190000000000000000e+03,1.461283206939697266e+01,5.205203592777252197e-02
3.191000000000000000e+03,1.460228157043457031e+01,5.199660360813140869e-02
3.192000000000000000e+03,1.474807071685791016e+01,5.131694674491882324e-02
3.193000000000000000e+03,1.459896755218505859e+01,5.190602689981460571e-02
3.194000000000000000e+03,1.458333110809326172e+01,5.179232358932495117e-02
3.195000000000000000e+03,1.456747627258300781e+01,5.165360495448112488e-02
3.196000000000000000e+03,1.454789447784423828e+01,5.150477588176727295e-02
3.197000000000000000e+03,1.452440357208251953e+01,5.131055414676666260e-02
3.198000000000000000e+03,1.450613021850585938e+01,5.127112567424774170e-02
3.199000000000000000e+03,1.448991584777832031e+01,5.125138163566589355e-02
3.200000000000000000e+03,1.447081565856933594e+01,5.122045427560806274e-02
3.201000000000000000e+03,1.445160865783691406e+01,5.112004652619361877e-02
3.202000000000000000e+03,1.443748474121093750e+01,5.104237422347068787e-02
3.203000000000000000e+03,1.442032814025878906e+01,5.095135793089866638e-02
3.204000000000000000e+03,1.440023803710937500e+01,5.078115686774253845e-02
3.205000000000000000e+03,1.438561725616455078e+01,5.063509196043014526e-02
3.206000000000000000e+03,1.437077331542968750e+01,5.049774423241615295e-02
3.207000000000000000e+03,1.435432434082031250e+01,5.040985718369483948e-02
3.208000000000000000e+03,1.434218788146972656e+01,5.039145797491073608e-02
3.209000000000000000e+03,1.433923053741455078e+01,5.052011832594871521e-02
3.210000000000000000e+03,1.433487987518310547e+01,5.046956986188888550e-02
3.211000000000000000e+03,1.432291507720947266e+01,5.055370926856994629e-02
3.212000000000000000e+03,1.430234527587890625e+01,5.064976960420608521e-02
3.213000000000000000e+03,1.428999614715576172e+01,5.065073072910308838e-02
3.214000000000000000e+03,1.466418933868408203e+01,5.047006160020828247e-02
3.215000000000000000e+03,1.428902626037597656e+01,5.063245072960853577e-02
3.216000000000000000e+03,1.427721786499023438e+01,5.060720071196556091e-02
3.217000000000000000e+03,1.432698059082031250e+01,5.024262517690658569e-02
3.218000000000000000e+03,1.427344131469726562e+01,5.052674189209938049e-02
3.219000000000000000e+03,1.425308418273925781e+01,5.051478371024131775e-02
3.220000000000000000e+03,1.422882556915283203e+01,5.043194070458412170e-02
3.221000000000000000e+03,1.420993232727050781e+01,5.038014426827430725e-02
3.222000000000000000e+03,1.418875408172607422e+01,5.037323012948036194e-02
3.223000000000000000e+03,1.417157936096191406e+01,5.040953308343887329e-02
3.224000000000000000e+03,1.415915775299072266e+01,5.046603083610534668e-02
3.225000000000000000e+03,1.414764404296875000e+01,5.056340619921684265e-02
3.226000000000000000e+03,1.414075279235839844e+01,5.061458796262741089e-02
3.227000000000000000e+03,1.413632583618164062e+01,5.063173919916152954e-02
3.228000000000000000e+03,1.413081932067871094e+01,5.062285065650939941e-02
3.229000000000000000e+03,1.637670898437500000e+01,5.028583481907844543e-02
3.230000000000000000e+03,1.413053035736083984e+01,5.061549693346023560e-02
3.231000000000000000e+03,1.411868381500244141e+01,5.054237321019172668e-02
3.232000000000000000e+03,1.410638236999511719e+01,5.045111849904060364e-02
3.233000000000000000e+03,1.412232112884521484e+01,5.028448626399040222e-02
3.234000000000000000e+03,1.409904479980468750e+01,5.039060115814208984e-02
3.235000000000000000e+03,1.408603858947753906e+01,5.017749220132827759e-02
3.236000000000000000e+03,1.422489166259765625e+01,5.042314156889915466e-02
3.237000000000000000e+03,1.407197380065917969e+01,5.023321881890296936e-02
3.238000000000000000e+03,1.406048774719238281e+01,5.027016624808311462e-02
3.239000000000000000e+03,1.404973602294921875e+01,5.031939223408699036e-02
3.240000000000000000e+03,1.404205322265625000e+01,5.033631995320320129e-02
3.241000000000000000e+03,1.401648712158203125e+01,5.032505095005035400e-02
3.242000000000000000e+03,1.399503898620605469e+01,5.026096105575561523e-02
3.243000000000000000e+03,1.397043991088867188e+01,5.018023401498794556e-02
3.244000000000000000e+03,1.396341800689697266e+01,4.991648346185684204e-02
3.245000000000000000e+03,4.089105606079101562e+01,5.196605250239372253e-02
3.246000000000000000e+03,1.395152664184570312e+01,4.975009709596633911e-02
3.247000000000000000e+03,1.391175270080566406e+01,4.991902410984039307e-02
3.248000000000000000e+03,1.388775730133056641e+01,5.002707615494728088e-02
3.249000000000000000e+03,1.387961483001708984e+01,4.998074099421501160e-02
3.250000000000000000e+03,1.413350486755371094e+01,5.075294151902198792e-02
3.251000000000000000e+03,1.385707569122314453e+01,5.013300105929374695e-02
3.252000000000000000e+03,1.383824539184570312e+01,5.012089759111404419e-02
3.253000000000000000e+03,1.382387447357177734e+01,5.003768578171730042e-02
3.254000000000000000e+03,1.381500720977783203e+01,4.999907687306404114e-02
3.255000000000000000e+03,1.380665302276611328e+01,4.998165741562843323e-02
3.256000000000000000e+03,1.380148124694824219e+01,5.001578107476234436e-02
3.257000000000000000e+03,1.382711696624755859e+01,5.000833049416542053e-02
3.258000000000000000e+03,1.379870700836181641e+01,5.001155287027359009e-02
3.259000000000000000e+03,1.397035884857177734e+01,5.065627396106719971e-02
3.260000000000000000e+03,1.379529762268066406e+01,5.008743330836296082e-02
3.261000000000000000e+03,1.378660583496093750e+01,5.010508000850677490e-02
3.262000000000000000e+03,1.376658439636230469e+01,5.012938380241394043e-02
3.263000000000000000e+03,1.376067447662353516e+01,5.012533441185951233e-02
3.264000000000000000e+03,1.404671096801757812e+01,4.976692050695419312e-02
3.265000000000000000e+03,1.375859069824218750e+01,5.008855089545249939e-02
3.266000000000000000e+03,1.375176906585693359e+01,4.996053874492645264e-02
3.267000000000000000e+03,1.374698638916015625e+01,5.002592131495475769e-02
3.268000000000000000e+03,1.373766422271728516e+01,5.002707615494728088e-02
3.269000000000000000e+03,1.372944259643554688e+01,5.001820996403694153e-02
3.270000000000000000e+03,1.371949863433837891e+01,4.998514428734779358e-02
3.271000000000000000e+03,1.380953216552734375e+01,4.995123296976089478e-02
3.272000000000000000e+03,1.371826457977294922e+01,4.997486621141433716e-02
3.273000000000000000e+03,1.370821189880371094e+01,4.992023110389709473e-02
3.274000000000000000e+03,1.370374965667724609e+01,5.002216249704360962e-02
3.275000000000000000e+03,1.369532966613769531e+01,5.003524199128150940e-02
3.276000000000000000e+03,1.368873500823974609e+01,5.012737959623336792e-02
3.277000000000000000e+03,1.368387413024902344e+01,5.017585307359695435e-02
3.278000000000000000e+03,1.367772579193115234e+01,5.027852952480316162e-02
3.279000000000000000e+03,1.366817188262939453e+01,5.051594600081443787e-02
3.280000000000000000e+03,1.366513061523437500e+01,5.053882300853729248e-02
3.281000000000000000e+03,1.366158008575439453e+01,5.052497237920761108e-02
3.282000000000000000e+03,1.365984630584716797e+01,5.047941580414772034e-02
3.283000000000000000e+03,1.365720844268798828e+01,5.040823295712471008e-02
3.284000000000000000e+03,1.365313434600830078e+01,5.032537877559661865e-02
3.285000000000000000e+03,1.364929866790771484e+01,5.023070052266120911e-02
3.286000000000000000e+03,1.364497375488281250e+01,5.025569722056388855e-02
3.287000000000000000e+03,1.364030456542968750e+01,5.026671662926673889e-02
3.288000000000000000e+03,1.363633155822753906e+01,5.029781535267829895e-02
3.289000000000000000e+03,1.362942695617675781e+01,5.029355362057685852e-02
3.290000000000000000e+03,1.361972236633300781e+01,5.022514984011650085e-02
3.291000000000000000e+03,1.361734580993652344e+01,5.024627223610877991e-02
3.292000000000000000e+03,1.361877441406250000e+01,5.009910836815834045e-02
3.293000000000000000e+03,1.361360454559326172e+01,5.017797648906707764e-02
3.294000000000000000e+03,1.360890579223632812e+01,5.021878331899642944e-02
3.295000000000000000e+03,1.360417270660400391e+01,5.017561092972755432e-02
3.296000000000000000e+03,1.360091495513916016e+01,5.020445585250854492e-02
3.297000000000000000e+03,1.359850978851318359e+01,5.016965791583061218e-02
3.298000000000000000e+03,1.359603214263916016e+01,5.016206577420234680e-02
3.299000000000000000e+03,1.359408092498779297e+01,5.014085769653320312e-02
3.300000000000000000e+03,1.359201145172119141e+01,5.011465772986412048e-02
3.301000000000000000e+03,1.358996391296386719e+01,5.011723935604095459e-02
3.302000000000000000e+03,1.358601379394531250e+01,5.013803765177726746e-02
3.303000000000000000e+03,1.358246326446533203e+01,5.018654838204383850e-02
3.304000000000000000e+03,1.358573150634765625e+01,5.022193491458892822e-02
3.305000000000000000e+03,1.358025932312011719e+01,5.019908025860786438e-02
3.306000000000000000e+03,1.365292835235595703e+01,5.028897896409034729e-02
3.307000000000000000e+03,1.357905673980712891e+01,5.020789429545402527e-02
3.308000000000000000e+03,1.357655048370361328e+01,5.027703195810317993e-02
3.309000000000000000e+03,1.357447528839111328e+01,5.031639337539672852e-02
3.310000000000000000e+03,1.357101345062255859e+01,5.035337060689926147e-02
3.311000000000000000e+03,1.356860160827636719e+01,5.034162476658821106e-02
3.312000000000000000e+03,1.356657505035400391e+01,5.028988048434257507e-02
3.313000000000000000e+03,1.356460571289062500e+01,5.023065954446792603e-02
3.314000000000000000e+03,1.356248760223388672e+01,5.018523335456848145e-02
3.315000000000000000e+03,1.355978012084960938e+01,5.016790330410003662e-02
3.316000000000000000e+03,1.355727767944335938e+01,5.017570778727531433e-02
3.317000000000000000e+03,1.355378532409667969e+01,5.021422356367111206e-02
3.318000000000000000e+03,1.354982376098632812e+01,5.025145411491394043e-02
3.319000000000000000e+03,1.354468250274658203e+01,5.028587952256202698e-02
3.320000000000000000e+03,1.353488826751708984e+01,5.038979649543762207e-02
3.321000000000000000e+03,1.367774677276611328e+01,4.974219202995300293e-02
3.322000000000000000e+03,1.353280735015869141e+01,5.031177029013633728e-02
3.323000000000000000e+03,1.360402011871337891e+01,4.988913238048553467e-02
3.324000000000000000e+03,1.353147315979003906e+01,5.025796219706535339e-02
3.325000000000000000e+03,1.351920127868652344e+01,5.041517689824104309e-02
3.326000000000000000e+03,1.351211833953857422e+01,5.045960843563079834e-02
3.327000000000000000e+03,1.350749969482421875e+01,5.050506815314292908e-02
3.328000000000000000e+03,1.350516510009765625e+01,5.049103870987892151e-02
3.329000000000000000e+03,1.350217151641845703e+01,5.050256475806236267e-02
3.330000000000000000e+03,1.349765777587890625e+01,5.055484175682067871e-02
3.331000000000000000e+03,1.362627792358398438e+01,5.042554438114166260e-02
3.332000000000000000e+03,1.349663352966308594e+01,5.053619295358657837e-02
3.333000000000000000e+03,1.349446678161621094e+01,5.052027106285095215e-02
3.334000000000000000e+03,1.349003601074218750e+01,5.044731497764587402e-02
3.335000000000000000e+03,1.348909664154052734e+01,5.039196088910102844e-02
3.336000000000000000e+03,1.349354457855224609e+01,5.031316727399826050e-02
3.337000000000000000e+03,1.348565196990966797e+01,5.035932734608650208e-02
3.338000000000000000e+03,1.348360157012939453e+01,5.029002949595451355e-02
3.339000000000000000e+03,1.347680568695068359e+01,5.035620927810668945e-02
3.340000000000000000e+03,1.347274112701416016e+01,5.039779469370841980e-02
3.341000000000000000e+03,1.346977615356445312e+01,5.045802146196365356e-02
3.342000000000000000e+03,1.346491146087646484e+01,5.052336305379867554e-02
3.343000000000000000e+03,1.346462345123291016e+01,5.042468756437301636e-02
3.344000000000000000e+03,1.346303749084472656e+01,5.046997219324111938e-02
3.345000000000000000e+03,1.345960807800292969e+01,5.047467723488807678e-02
3.346000000000000000e+03,1.345395088195800781e+01,5.047133564949035645e-02
3.347000000000000000e+03,1.345100212097167969e+01,5.047203972935676575e-02
3.348000000000000000e+03,1.344767189025878906e+01,5.043879523873329163e-02
3.349000000000000000e+03,1.344728660583496094e+01,5.044737830758094788e-02
3.350000000000000000e+03,1.344602012634277344e+01,5.044368281960487366e-02
3.351000000000000000e+03,1.344420719146728516e+01,5.042751133441925049e-02
3.352000000000000000e+03,1.344127082824707031e+01,5.040329694747924805e-02
3.353000000000000000e+03,1.343905448913574219e+01,5.039532482624053955e-02
3.354000000000000000e+03,1.343590164184570312e+01,5.039301142096519470e-02
3.355000000000000000e+03,1.343319892883300781e+01,5.036347731947898865e-02
3.356000000000000000e+03,1.343581104278564453e+01,5.044004321098327637e-02
3.357000000000000000e+03,1.343164062500000000e+01,5.039240419864654541e-02
3.358000000000000000e+03,1.342904186248779297e+01,5.038249492645263672e-02
3.359000000000000000e+03,1.342698764801025391e+01,5.035716667771339417e-02
3.360000000000000000e+03,1.342545890808105469e+01,5.038064718246459961e-02
3.361000000000000000e+03,1.342459487915039062e+01,5.039971694350242615e-02
3.362000000000000000e+03,1.342330932617187500e+01,5.041721463203430176e-02
3.363000000000000000e+03,1.344014453887939453e+01,5.051401630043983459e-02
3.364000000000000000e+03,1.342144775390625000e+01,5.044000968337059021e-02
3.365000000000000000e+03,1.341923904418945312e+01,5.044856294989585876e-02
3.366000000000000000e+03,1.341717624664306641e+01,5.045183375477790833e-02
3.367000000000000000e+03,1.341629314422607422e+01,5.045775324106216431e-02
3.368000000000000000e+03,1.341557884216308594e+01,5.045863986015319824e-02
3.369000000000000000e+03,1.341508674621582031e+01,5.042254552245140076e-02
3.370000000000000000e+03,1.341271305084228516e+01,5.048289149999618530e-02
3.371000000000000000e+03,1.341059780120849609e+01,5.052835494279861450e-02
3.372000000000000000e+03,1.340708160400390625e+01,5.061603710055351257e-02
3.373000000000000000e+03,1.340415382385253906e+01,5.067702382802963257e-02
3.374000000000000000e+03,1.339876461029052734e+01,5.089134722948074341e-02
3.375000000000000000e+03,1.339306640625000000e+01,5.087497085332870483e-02
3.376000000000000000e+03,1.338540649414062500e+01,5.081482604146003723e-02
3.377000000000000000e+03,1.342523384094238281e+01,5.071467906236648560e-02
3.378000000000000000e+03,1.338329887390136719e+01,5.079503729939460754e-02
3.379000000000000000e+03,1.337689495086669922e+01,5.075851827859878540e-02
3.380000000000000000e+03,1.336518478393554688e+01,5.070506036281585693e-02
3.381000000000000000e+03,1.335479736328125000e+01,5.072238296270370483e-02
3.382000000000000000e+03,1.334684371948242188e+01,5.057164281606674194e-02
3.383000000000000000e+03,1.333640480041503906e+01,5.069696158170700073e-02
3.384000000000000000e+03,1.332904815673828125e+01,5.071588233113288879e-02
3.385000000000000000e+03,1.331715106964111328e+01,5.067759007215499878e-02
3.386000000000000000e+03,1.330651092529296875e+01,5.069412663578987122e-02
3.387000000000000000e+03,1.329752063751220703e+01,5.064349621534347534e-02
3.388000000000000000e+03,1.333319568634033203e+01,5.065515264868736267e-02
3.389000000000000000e+03,1.329243469238281250e+01,5.064427852630615234e-02
3.390000000000000000e+03,1.328369712829589844e+01,5.037976801395416260e-02
3.391000000000000000e+03,1.330383396148681641e+01,5.053411424160003662e-02
3.392000000000000000e+03,1.328244495391845703e+01,5.040880292654037476e-02
3.393000000000000000e+03,1.412561130523681641e+01,5.200083553791046143e-02
3.394000000000000000e+03,1.327453422546386719e+01,5.054435506463050842e-02
3.395000000000000000e+03,1.326837921142578125e+01,5.050141364336013794e-02
3.396000000000000000e+03,1.326026821136474609e+01,5.045190453529357910e-02
3.397000000000000000e+03,1.325100708007812500e+01,5.044747889041900635e-02
3.398000000000000000e+03,1.323943901062011719e+01,5.041927099227905273e-02
3.399000000000000000e+03,1.322682285308837891e+01,5.039935931563377380e-02
3.400000000000000000e+03,1.321878528594970703e+01,5.036542937159538269e-02
3.401000000000000000e+03,1.320904350280761719e+01,5.034667998552322388e-02
3.402000000000000000e+03,1.320074367523193359e+01,5.036872625350952148e-02
3.403000000000000000e+03,1.319037246704101562e+01,5.032196640968322754e-02
3.404000000000000000e+03,1.318107318878173828e+01,5.034812912344932556e-02
3.405000000000000000e+03,1.317132091522216797e+01,5.041338875889778137e-02
3.406000000000000000e+03,1.316602230072021484e+01,5.038409680128097534e-02
3.407000000000000000e+03,1.315679168701171875e+01,5.032458528876304626e-02
3.408000000000000000e+03,1.315208625793457031e+01,5.032007768750190735e-02
3.409000000000000000e+03,1.314337539672851562e+01,5.032749101519584656e-02
3.410000000000000000e+03,1.313416767120361328e+01,5.033493787050247192e-02
3.411000000000000000e+03,1.312574863433837891e+01,5.033158138394355774e-02
3.412000000000000000e+03,1.313344192504882812e+01,5.033726617693901062e-02
3.413000000000000000e+03,1.312232685089111328e+01,5.033295601606369019e-02
3.414000000000000000e+03,1.311751556396484375e+01,5.041002482175827026e-02
3.415000000000000000e+03,1.311542987823486328e+01,5.019851401448249817e-02
3.416000000000000000e+03,1.310647583007812500e+01,5.031946301460266113e-02
3.417000000000000000e+03,1.310276031494140625e+01,5.032641068100929260e-02
3.418000000000000000e+03,1.308510971069335938e+01,5.031471326947212219e-02
3.419000000000000000e+03,1.314385890960693359e+01,5.044854432344436646e-02
3.420000000000000000e+03,1.307506179809570312e+01,5.034244805574417114e-02
3.421000000000000000e+03,1.305713367462158203e+01,5.034302175045013428e-02
3.422000000000000000e+03,1.302587413787841797e+01,5.042653158307075500e-02
3.423000000000000000e+03,1.300201606750488281e+01,5.048569664359092712e-02
3.424000000000000000e+03,1.297476100921630859e+01,5.057547241449356079e-02
3.425000000000000000e+03,1.296057128906250000e+01,5.057383328676223755e-02
3.426000000000000000e+03,1.295246124267578125e+01,5.057701468467712402e-02
3.427000000000000000e+03,1.294527530670166016e+01,5.057254433631896973e-02
3.428000000000000000e+03,1.293660831451416016e+01,5.058500915765762329e-02
3.429000000000000000e+03,1.303160381317138672e+01,5.063419044017791748e-02
3.430000000000000000e+03,1.293257522583007812e+01,5.058814957737922668e-02
3.431000000000000000e+03,1.317911243438720703e+01,5.080801621079444885e-02
3.432000000000000000e+03,1.293078422546386719e+01,5.059678480029106140e-02
3.433000000000000000e+03,1.292520713806152344e+01,5.057682096958160400e-02
3.434000000000000000e+03,1.291831302642822266e+01,5.063230916857719421e-02
3.435000000000000000e+03,1.291003799438476562e+01,5.072092637419700623e-02
3.436000000000000000e+03,1.290383434295654297e+01,5.076160654425621033e-02
3.437000000000000000e+03,1.289655303955078125e+01,5.078316852450370789e-02
3.438000000000000000e+03,1.289305019378662109e+01,5.077527463436126709e-02
3.439000000000000000e+03,1.291059970855712891e+01,5.092615634202957153e-02
3.440000000000000000e+03,1.289031219482421875e+01,5.081449449062347412e-02
3.441000000000000000e+03,1.288699722290039062e+01,5.079288408160209656e-02
3.442000000000000000e+03,1.287568092346191406e+01,5.070429295301437378e-02
3.443000000000000000e+03,1.286953544616699219e+01,5.067602172493934631e-02
3.444000000000000000e+03,1.286428070068359375e+01,5.066174268722534180e-02
3.445000000000000000e+03,1.286162376403808594e+01,5.067734047770500183e-02
3.446000000000000000e+03,1.285695934295654297e+01,5.063290148973464966e-02
3.447000000000000000e+03,1.285131359100341797e+01,5.054970830678939819e-02
3.448000000000000000e+03,1.284372901916503906e+01,5.043687298893928528e-02
3.449000000000000000e+03,1.288188934326171875e+01,5.064608156681060791e-02
3.450000000000000000e+03,1.284258270263671875e+01,5.046869814395904541e-02
3.451000000000000000e+03,1.283671855926513672e+01,5.037409439682960510e-02
3.452000000000000000e+03,1.283169651031494141e+01,5.030583962798118591e-02
3.453000000000000000e+03,1.282427310943603516e+01,5.024744942784309387e-02
3.454000000000000000e+03,1.281836700439453125e+01,5.008813738822937012e-02
3.455000000000000000e+03,1.280722045898437500e+01,5.013020709156990051e-02
3.456000000000000000e+03,1.279625701904296875e+01,5.014565587043762207e-02
3.457000000000000000e+03,1.277722072601318359e+01,5.018674209713935852e-02
3.458000000000000000e+03,1.276936149597167969e+01,5.017920583486557007e-02
3.459000000000000000e+03,1.276204776763916016e+01,5.035068094730377197e-02
3.460000000000000000e+03,1.274896144866943359e+01,5.031723901629447937e-02
3.461000000000000000e+03,1.274253749847412109e+01,5.028418824076652527e-02
3.462000000000000000e+03,1.695870399475097656e+01,4.978458955883979797e-02
3.463000000000000000e+03,1.275562000274658203e+01,5.018013343214988708e-02
3.464000000000000000e+03,1.274181556701660156e+01,5.026350170373916626e-02
3.465000000000000000e+03,1.273384666442871094e+01,5.023493617773056030e-02
3.466000000000000000e+03,1.282259082794189453e+01,4.956959560513496399e-02
3.467000000000000000e+03,1.273297405242919922e+01,5.017340183258056641e-02
3.468000000000000000e+03,1.272519016265869141e+01,5.013511702418327332e-02
3.469000000000000000e+03,1.272368907928466797e+01,4.996803030371665955e-02
3.470000000000000000e+03,1.271761989593505859e+01,4.969462007284164429e-02
3.471000000000000000e+03,1.270033454895019531e+01,4.984737187623977661e-02
3.472000000000000000e+03,1.269258213043212891e+01,4.988276958465576172e-02
3.473000000000000000e+03,1.268318557739257812e+01,4.981971532106399536e-02
3.474000000000000000e+03,1.267659187316894531e+01,4.975982382893562317e-02
3.475000000000000000e+03,1.267173099517822266e+01,4.970638081431388855e-02
3.476000000000000000e+03,1.266800403594970703e+01,4.969410598278045654e-02
3.477000000000000000e+03,1.282528877258300781e+01,5.002408474683761597e-02
3.478000000000000000e+03,1.266742229461669922e+01,4.971186816692352295e-02
3.479000000000000000e+03,1.266536998748779297e+01,4.975623264908790588e-02
3.480000000000000000e+03,1.266214656829833984e+01,4.973179474472999573e-02
3.481000000000000000e+03,1.265877723693847656e+01,4.975187778472900391e-02
3.482000000000000000e+03,1.265608978271484375e+01,4.967745766043663025e-02
3.483000000000000000e+03,1.265094280242919922e+01,4.972986876964569092e-02
3.484000000000000000e+03,1.264252853393554688e+01,4.980808496475219727e-02
3.485000000000000000e+03,1.263515472412109375e+01,4.984623566269874573e-02
3.486000000000000000e+03,1.262905597686767578e+01,4.984870925545692444e-02
3.487000000000000000e+03,1.261912727355957031e+01,4.981067404150962830e-02
3.488000000000000000e+03,1.260421657562255859e+01,4.978465661406517029e-02
3.489000000000000000e+03,1.259007263183593750e+01,4.983082413673400879e-02
3.490000000000000000e+03,1.258113956451416016e+01,4.994003474712371826e-02
3.491000000000000000e+03,1.258213424682617188e+01,5.007428675889968872e-02
3.492000000000000000e+03,1.257593536376953125e+01,5.000522360205650330e-02
3.493000000000000000e+03,1.257077980041503906e+01,5.005946010351181030e-02
3.494000000000000000e+03,1.256320190429687500e+01,5.013227835297584534e-02
3.495000000000000000e+03,1.255996036529541016e+01,5.012194067239761353e-02
3.496000000000000000e+03,1.255656814575195312e+01,5.016412958502769470e-02
3.497000000000000000e+03,1.282042980194091797e+01,4.917121678590774536e-02
3.498000000000000000e+03,1.255461978912353516e+01,5.008046701550483704e-02
3.499000000000000000e+03,1.255230808258056641e+01,5.005248636007308960e-02
3.500000000000000000e+03,1.254991626739501953e+01,5.003558099269866943e-02
3.501000000000000000e+03,1.254647064208984375e+01,5.002136528491973877e-02
3.502000000000000000e+03,1.254273223876953125e+01,5.000339820981025696e-02
3.503000000000000000e+03,1.254013061523437500e+01,5.000101774930953979e-02
3.504000000000000000e+03,1.253740596771240234e+01,5.000488087534904480e-02
3.505000000000000000e+03,1.253431320190429688e+01,5.000425130128860474e-02
3.506000000000000000e+03,1.253108882904052734e+01,5.000136420130729675e-02
3.507000000000000000e+03,1.252764415740966797e+01,4.999962449073791504e-02
3.508000000000000000e+03,1.382086563110351562e+01,5.018384754657745361e-02
3.509000000000000000e+03,1.252754402160644531e+01,4.999987408518791199e-02
3.510000000000000000e+03,1.252493858337402344e+01,5.000399425625801086e-02
3.511000000000000000e+03,1.252370357513427734e+01,5.001543462276458740e-02
3.512000000000000000e+03,1.254317760467529297e+01,5.003091320395469666e-02
3.513000000000000000e+03,1.252269172668457031e+01,5.001667141914367676e-02
3.514000000000000000e+03,1.252430438995361328e+01,5.002966523170471191e-02
3.515000000000000000e+03,1.252087402343750000e+01,5.002157390117645264e-02
3.516000000000000000e+03,1.251725482940673828e+01,5.005194619297981262e-02
3.517000000000000000e+03,1.252988815307617188e+01,5.003527551889419556e-02
3.518000000000000000e+03,1.251362609863281250e+01,5.004591122269630432e-02
3.519000000000000000e+03,1.250757694244384766e+01,5.009591206908226013e-02
3.520000000000000000e+03,1.250330543518066406e+01,5.008600279688835144e-02
3.521000000000000000e+03,1.254766464233398438e+01,5.018641799688339233e-02
3.522000000000000000e+03,1.250219154357910156e+01,5.009891092777252197e-02
3.523000000000000000e+03,1.270487976074218750e+01,4.955278337001800537e-02
3.524000000000000000e+03,1.250134944915771484e+01,5.006354674696922302e-02
3.525000000000000000e+03,1.249621963500976562e+01,5.001775547862052917e-02
3.526000000000000000e+03,1.249054908752441406e+01,4.989491775631904602e-02
3.527000000000000000e+03,1.248649406433105469e+01,4.978553205728530884e-02
3.528000000000000000e+03,1.248230934143066406e+01,4.966789111495018005e-02
3.529000000000000000e+03,1.247852230072021484e+01,4.965388029813766479e-02
3.530000000000000000e+03,1.247449302673339844e+01,4.968372359871864319e-02
3.531000000000000000e+03,1.247598361968994141e+01,4.983602091670036316e-02
3.532000000000000000e+03,1.247356605529785156e+01,4.974209517240524292e-02
3.533000000000000000e+03,1.247053718566894531e+01,4.977153986692428589e-02
3.534000000000000000e+03,1.246877861022949219e+01,4.975890368223190308e-02
3.535000000000000000e+03,1.246883296966552734e+01,4.987784102559089661e-02
3.536000000000000000e+03,1.246738338470458984e+01,4.981775581836700439e-02
3.537000000000000000e+03,1.246570491790771484e+01,4.980489984154701233e-02
3.538000000000000000e+03,1.246348094940185547e+01,4.980619624257087708e-02
3.539000000000000000e+03,1.246243476867675781e+01,4.981373995542526245e-02
3.540000000000000000e+03,1.246153640747070312e+01,4.983955249190330505e-02
3.541000000000000000e+03,1.246076107025146484e+01,4.985806345939636230e-02
3.542000000000000000e+03,1.245982265472412109e+01,4.986809194087982178e-02
3.543000000000000000e+03,1.245912551879882812e+01,4.986782744526863098e-02
3.544000000000000000e+03,1.245816040039062500e+01,4.983278736472129822e-02
3.545000000000000000e+03,1.365751266479492188e+01,5.173410102725028992e-02
3.546000000000000000e+03,1.245800495147705078e+01,4.985516890883445740e-02
3.547000000000000000e+03,1.245670986175537109e+01,4.981804266571998596e-02
3.548000000000000000e+03,1.245468616485595703e+01,4.974675923585891724e-02
3.549000000000000000e+03,1.245286846160888672e+01,4.969625920057296753e-02
3.550000000000000000e+03,1.245101737976074219e+01,4.966207221150398254e-02
3.551000000000000000e+03,1.244868659973144531e+01,4.967037588357925415e-02
3.552000000000000000e+03,1.304305458068847656e+01,4.866629838943481445e-02
3.553000000000000000e+03,1.244810581207275391e+01,4.963416233658790588e-02
3.554000000000000000e+03,1.244565296173095703e+01,4.966324195265769958e-02
3.555000000000000000e+03,1.244185066223144531e+01,4.970470070838928223e-02
3.556000000000000000e+03,1.243746948242187500e+01,4.972904175519943237e-02
3.557000000000000000e+03,1.243127727508544922e+01,4.972523078322410583e-02
3.558000000000000000e+03,1.244196605682373047e+01,4.986640065908432007e-02
3.559000000000000000e+03,1.242934989929199219e+01,4.976277425885200500e-02
3.560000000000000000e+03,1.242234039306640625e+01,4.971751570701599121e-02
3.561000000000000000e+03,1.241539955139160156e+01,4.966533556580543518e-02
3.562000000000000000e+03,1.242778110504150391e+01,4.951489344239234924e-02
3.563000000000000000e+03,1.241231727600097656e+01,4.961525648832321167e-02
3.564000000000000000e+03,1.308423423767089844e+01,4.808259382843971252e-02
3.565000000000000000e+03,1.240868663787841797e+01,4.950067400932312012e-02
3.566000000000000000e+03,1.242886257171630859e+01,4.916847497224807739e-02
3.567000000000000000e+03,1.240723705291748047e+01,4.943121969699859619e-02
3.568000000000000000e+03,1.246819114685058594e+01,4.951694607734680176e-02
3.569000000000000000e+03,1.240463352203369141e+01,4.944398999214172363e-02
3.570000000000000000e+03,1.239619731903076172e+01,4.949208721518516541e-02
3.571000000000000000e+03,1.239269542694091797e+01,4.953785613179206848e-02
3.572000000000000000e+03,1.237913703918457031e+01,4.946783185005187988e-02
3.573000000000000000e+03,1.237548732757568359e+01,4.943985491991043091e-02
3.574000000000000000e+03,1.236989116668701172e+01,4.936348274350166321e-02
3.575000000000000000e+03,1.237264823913574219e+01,4.920774325728416443e-02
3.576000000000000000e+03,1.236758232116699219e+01,4.930025711655616760e-02
3.577000000000000000e+03,1.237049102783203125e+01,4.915450885891914368e-02
3.578000000000000000e+03,1.236432838439941406e+01,4.923272877931594849e-02
3.579000000000000000e+03,1.236152267456054688e+01,4.921989887952804565e-02
3.580000000000000000e+03,1.235730361938476562e+01,4.917330294847488403e-02
3.581000000000000000e+03,1.235525798797607422e+01,4.912916943430900574e-02
3.582000000000000000e+03,1.235489463806152344e+01,4.901747032999992371e-02
3.583000000000000000e+03,1.235471725463867188e+01,4.898437857627868652e-02
3.584000000000000000e+03,1.235262870788574219e+01,4.900015890598297119e-02
3.585000000000000000e+03,1.234987068176269531e+01,4.903708398342132568e-02
3.586000000000000000e+03,1.234835052490234375e+01,4.907706007361412048e-02
3.587000000000000000e+03,1.235278892517089844e+01,4.913090169429779053e-02
3.588000000000000000e+03,1.234667873382568359e+01,4.909521341323852539e-02
3.589000000000000000e+03,1.234438896179199219e+01,4.906667768955230713e-02
3.590000000000000000e+03,1.234040451049804688e+01,4.903301596641540527e-02
3.591000000000000000e+03,1.233828639984130859e+01,4.904193803668022156e-02
3.592000000000000000e+03,1.233609962463378906e+01,4.907913506031036377e-02
3.593000000000000000e+03,1.233445262908935547e+01,4.912200197577476501e-02
3.594000000000000000e+03,1.233396625518798828e+01,4.916515201330184937e-02
3.595000000000000000e+03,1.233238410949707031e+01,4.914284124970436096e-02
3.596000000000000000e+03,1.233142566680908203e+01,4.911546036601066589e-02
3.597000000000000000e+03,1.233005046844482422e+01,4.905684664845466614e-02
3.598000000000000000e+03,1.244425010681152344e+01,4.918220639228820801e-02
3.599000000000000000e+03,1.232990455627441406e+01,4.906135424971580505e-02
3.600000000000000000e+03,1.232895469665527344e+01,4.903695732355117798e-02
3.601000000000000000e+03,1.232754421234130859e+01,4.900841042399406433e-02
3.602000000000000000e+03,1.232637786865234375e+01,4.897800087928771973e-02
3.603000000000000000e+03,1.232501697540283203e+01,4.896210506558418274e-02
3.604000000000000000e+03,1.232380390167236328e+01,4.897528141736984253e-02
3.605000000000000000e+03,1.232190227508544922e+01,4.897862300276756287e-02
3.606000000000000000e+03,1.231981277465820312e+01,4.900481924414634705e-02
3.607000000000000000e+03,1.231606006622314453e+01,4.902813956141471863e-02
3.608000000000000000e+03,1.231392955780029297e+01,4.904769361019134521e-02
3.609000000000000000e+03,1.230969619750976562e+01,4.906354844570159912e-02
3.610000000000000000e+03,1.231241798400878906e+01,4.896261543035507202e-02
3.611000000000000000e+03,1.230797958374023438e+01,4.902310669422149658e-02
3.612000000000000000e+03,1.230405712127685547e+01,4.903012514114379883e-02
3.613000000000000000e+03,1.230047607421875000e+01,4.908359050750732422e-02
3.614000000000000000e+03,1.229807758331298828e+01,4.906376451253890991e-02
3.615000000000000000e+03,1.229399490356445312e+01,4.901389405131340027e-02
3.616000000000000000e+03,1.230137157440185547e+01,4.897147417068481445e-02
3.617000000000000000e+03,1.229180431365966797e+01,4.899803921580314636e-02
3.618000000000000000e+03,1.264404296875000000e+01,4.882688820362091064e-02
3.619000000000000000e+03,1.228709602355957031e+01,4.896658658981323242e-02
3.620000000000000000e+03,1.228091144561767578e+01,4.899442195892333984e-02
3.621000000000000000e+03,1.227282238006591797e+01,4.901069030165672302e-02
3.622000000000000000e+03,1.225888156890869141e+01,4.898758232593536377e-02
3.623000000000000000e+03,1.225168704986572266e+01,4.896204918622970581e-02
3.624000000000000000e+03,1.224439334869384766e+01,4.887144267559051514e-02
3.625000000000000000e+03,1.223753643035888672e+01,4.876739531755447388e-02
3.626000000000000000e+03,1.222918891906738281e+01,4.863995686173439026e-02
3.627000000000000000e+03,1.222115993499755859e+01,4.861712083220481873e-02
3.628000000000000000e+03,1.221233463287353516e+01,4.861633479595184326e-02
3.629000000000000000e+03,1.220808601379394531e+01,4.845183342695236206e-02
3.630000000000000000e+03,1.219889068603515625e+01,4.851347208023071289e-02
3.631000000000000000e+03,1.219247627258300781e+01,4.848434403538703918e-02
3.632000000000000000e+03,1.218486022949218750e+01,4.843420162796974182e-02
3.633000000000000000e+03,1.217848873138427734e+01,4.830860719084739685e-02
3.634000000000000000e+03,1.217206096649169922e+01,4.820171371102333069e-02
3.635000000000000000e+03,1.216532993316650391e+01,4.810905456542968750e-02
3.636000000000000000e+03,1.234220886230468750e+01,4.827694594860076904e-02
3.637000000000000000e+03,1.216310119628906250e+01,4.812465980648994446e-02
3.638000000000000000e+03,1.215531635284423828e+01,4.803419113159179688e-02
3.639000000000000000e+03,1.214834213256835938e+01,4.807238653302192688e-02
3.640000000000000000e+03,1.214124488830566406e+01,4.813593253493309021e-02
3.641000000000000000e+03,1.212995910644531250e+01,4.820660501718521118e-02
3.642000000000000000e+03,1.211971473693847656e+01,4.840058833360671997e-02
3.643000000000000000e+03,1.210918140411376953e+01,4.839391261339187622e-02
3.644000000000000000e+03,1.210133171081542969e+01,4.835575073957443237e-02
3.645000000000000000e+03,1.209674644470214844e+01,4.834018275141716003e-02
3.646000000000000000e+03,1.208995246887207031e+01,4.829555004835128784e-02
3.647000000000000000e+03,1.310209274291992188e+01,4.880656301975250244e-02
3.648000000000000000e+03,1.208965492248535156e+01,4.830305650830268860e-02
3.649000000000000000e+03,1.208616256713867188e+01,4.838017746806144714e-02
3.650000000000000000e+03,1.207952117919921875e+01,4.810020327568054199e-02
3.651000000000000000e+03,1.206587791442871094e+01,4.823926463723182678e-02
3.652000000000000000e+03,1.205773544311523438e+01,4.834107309579849243e-02
3.653000000000000000e+03,1.204751300811767578e+01,4.845492541790008545e-02
3.654000000000000000e+03,1.203874015808105469e+01,4.855916276574134827e-02
3.655000000000000000e+03,1.203058433532714844e+01,4.861231148242950439e-02
3.656000000000000000e+03,1.202161407470703125e+01,4.863717406988143921e-02
3.657000000000000000e+03,1.201393413543701172e+01,4.865532740950584412e-02
3.658000000000000000e+03,1.200471687316894531e+01,4.866597801446914673e-02
3.659000000000000000e+03,1.200486564636230469e+01,4.870370030403137207e-02
3.660000000000000000e+03,1.200209999084472656e+01,4.868392273783683777e-02
3.661000000000000000e+03,1.199593830108642578e+01,4.865957051515579224e-02
3.662000000000000000e+03,1.199073123931884766e+01,4.863860830664634705e-02
3.663000000000000000e+03,1.197712516784667969e+01,4.860245808959007263e-02
3.664000000000000000e+03,1.197174930572509766e+01,4.868559539318084717e-02
3.665000000000000000e+03,1.196833610534667969e+01,4.869998246431350708e-02
3.666000000000000000e+03,1.196547508239746094e+01,4.869280010461807251e-02
3.667000000000000000e+03,1.196113395690917969e+01,4.866274073719978333e-02
3.668000000000000000e+03,1.195580577850341797e+01,4.865148290991783142e-02
3.669000000000000000e+03,1.194918441772460938e+01,4.861063510179519653e-02
3.670000000000000000e+03,1.194097328186035156e+01,4.857316240668296814e-02
3.671000000000000000e+03,1.193384170532226562e+01,4.856536537408828735e-02
3.672000000000000000e+03,1.192029094696044922e+01,4.853107035160064697e-02
3.673000000000000000e+03,1.190570545196533203e+01,4.852510243654251099e-02
3.674000000000000000e+03,1.189192295074462891e+01,4.854116216301918030e-02
3.675000000000000000e+03,1.187931823730468750e+01,4.855778813362121582e-02
3.676000000000000000e+03,1.186990356445312500e+01,4.854457825422286987e-02
3.677000000000000000e+03,1.186031532287597656e+01,4.855351895093917847e-02
3.678000000000000000e+03,1.184981441497802734e+01,4.858518391847610474e-02
3.679000000000000000e+03,1.183985519409179688e+01,4.861970990896224976e-02
3.680000000000000000e+03,1.196045684814453125e+01,4.945284873247146606e-02
3.681000000000000000e+03,1.183030414581298828e+01,4.879072308540344238e-02
3.682000000000000000e+03,1.180638599395751953e+01,4.883191734552383423e-02
3.683000000000000000e+03,1.180076122283935547e+01,4.866768047213554382e-02
3.684000000000000000e+03,1.178797531127929688e+01,4.880130663514137268e-02
3.685000000000000000e+03,1.177673912048339844e+01,4.890608042478561401e-02
3.686000000000000000e+03,1.176802921295166016e+01,4.889734461903572083e-02
3.687000000000000000e+03,1.176715087890625000e+01,4.897947236895561218e-02
3.688000000000000000e+03,1.175910663604736328e+01,4.893483594059944153e-02
3.689000000000000000e+03,1.177935504913330078e+01,4.910311475396156311e-02
3.690000000000000000e+03,1.174741649627685547e+01,4.898771643638610840e-02
3.691000000000000000e+03,1.175396442413330078e+01,4.906784743070602417e-02
3.692000000000000000e+03,1.174539947509765625e+01,4.901325330138206482e-02
3.693000000000000000e+03,1.174004745483398438e+01,4.906026646494865417e-02
3.694000000000000000e+03,1.173191261291503906e+01,4.912410303950309753e-02
3.695000000000000000e+03,1.171779727935791016e+01,4.930581897497177124e-02
3.696000000000000000e+03,1.170998191833496094e+01,4.939209669828414917e-02
3.697000000000000000e+03,1.169699096679687500e+01,4.948596283793449402e-02
3.698000000000000000e+03,1.169289016723632812e+01,4.960522800683975220e-02
3.699000000000000000e+03,1.168342208862304688e+01,4.955476522445678711e-02
3.700000000000000000e+03,1.167683124542236328e+01,4.948746412992477417e-02
3.701000000000000000e+03,1.167060661315917969e+01,4.943057522177696228e-02
3.702000000000000000e+03,1.166369152069091797e+01,4.941485822200775146e-02
3.703000000000000000e+03,1.165198421478271484e+01,4.942642152309417725e-02
3.704000000000000000e+03,1.164820480346679688e+01,4.955011233687400818e-02
3.705000000000000000e+03,1.163171672821044922e+01,4.953505471348762512e-02
3.706000000000000000e+03,1.162451457977294922e+01,4.960888251662254333e-02
3.707000000000000000e+03,1.161640644073486328e+01,4.966799914836883545e-02
3.708000000000000000e+03,1.161088848114013672e+01,4.974187165498733521e-02
3.709000000000000000e+03,1.160601234436035156e+01,4.974634200334548950e-02
3.710000000000000000e+03,1.163275051116943359e+01,4.970564320683479309e-02
3.711000000000000000e+03,1.160350990295410156e+01,4.973344132304191589e-02
3.712000000000000000e+03,1.159478092193603516e+01,4.973104968667030334e-02
3.713000000000000000e+03,1.158642196655273438e+01,4.965022206306457520e-02
3.714000000000000000e+03,1.157853698730468750e+01,4.958131909370422363e-02
3.715000000000000000e+03,1.156859016418457031e+01,4.945692047476768494e-02
3.716000000000000000e+03,1.156698226928710938e+01,4.934649541974067688e-02
3.717000000000000000e+03,1.168749618530273438e+01,4.950152710080146790e-02
3.718000000000000000e+03,1.156659030914306641e+01,4.935297369956970215e-02
3.719000000000000000e+03,1.155612850189208984e+01,4.935007914900779724e-02
3.720000000000000000e+03,1.154937839508056641e+01,4.946327582001686096e-02
3.721000000000000000e+03,1.154554176330566406e+01,4.948500543832778931e-02
3.722000000000000000e+03,1.154101753234863281e+01,4.945088922977447510e-02
3.723000000000000000e+03,1.153497219085693359e+01,4.940591007471084595e-02
3.724000000000000000e+03,1.153156948089599609e+01,4.932602122426033020e-02
3.725000000000000000e+03,1.153522777557373047e+01,4.948384314775466919e-02
3.726000000000000000e+03,1.152695465087890625e+01,4.939255118370056152e-02
3.727000000000000000e+03,1.152483463287353516e+01,4.946261271834373474e-02
3.728000000000000000e+03,1.152401256561279297e+01,4.956000670790672302e-02
3.729000000000000000e+03,1.151933383941650391e+01,4.950951784849166870e-02
3.730000000000000000e+03,1.151733779907226562e+01,4.947827756404876709e-02
3.731000000000000000e+03,1.151680088043212891e+01,4.930911585688591003e-02
3.732000000000000000e+03,1.157463359832763672e+01,4.954942315816879272e-02
3.733000000000000000e+03,1.151391124725341797e+01,4.934849962592124939e-02
3.734000000000000000e+03,1.150976467132568359e+01,4.945363104343414307e-02
3.735000000000000000e+03,1.150755405426025391e+01,4.949457198381423950e-02
3.736000000000000000e+03,1.150312519073486328e+01,4.956182464957237244e-02
3.737000000000000000e+03,1.151752758026123047e+01,4.967299476265907288e-02
3.738000000000000000e+03,1.150221443176269531e+01,4.958036541938781738e-02
3.739000000000000000e+03,1.155432891845703125e+01,5.009562522172927856e-02
3.740000000000000000e+03,1.150103855133056641e+01,4.965841770172119141e-02
3.741000000000000000e+03,1.149685478210449219e+01,4.965586215257644653e-02
3.742000000000000000e+03,1.149016857147216797e+01,4.964906722307205200e-02
3.743000000000000000e+03,1.148582935333251953e+01,4.965759813785552979e-02
3.744000000000000000e+03,1.147982025146484375e+01,4.967372119426727295e-02
3.745000000000000000e+03,1.147309970855712891e+01,4.965763166546821594e-02
3.746000000000000000e+03,1.146638965606689453e+01,4.963184520602226257e-02
3.747000000000000000e+03,1.146313476562500000e+01,4.961090162396430969e-02
3.748000000000000000e+03,1.158770370483398438e+01,5.035299062728881836e-02
3.749000000000000000e+03,1.146215438842773438e+01,4.966753721237182617e-02
3.750000000000000000e+03,1.145811843872070312e+01,4.965810850262641907e-02
3.751000000000000000e+03,1.145505332946777344e+01,4.967667162418365479e-02
3.752000000000000000e+03,1.145086765289306641e+01,4.972932860255241394e-02
3.753000000000000000e+03,1.144772815704345703e+01,4.977847263216972351e-02
3.754000000000000000e+03,1.144507408142089844e+01,4.984474182128906250e-02
3.755000000000000000e+03,1.144227886199951172e+01,4.989310353994369507e-02
3.756000000000000000e+03,1.144353961944580078e+01,4.991341754794120789e-02
3.757000000000000000e+03,1.144060325622558594e+01,4.990182071924209595e-02
3.758000000000000000e+03,1.143782138824462891e+01,4.989563673734664917e-02
3.759000000000000000e+03,1.143464565277099609e+01,4.988848417997360229e-02
3.760000000000000000e+03,1.143336677551269531e+01,4.990537464618682861e-02
3.761000000000000000e+03,1.143164157867431641e+01,4.993894323706626892e-02
3.762000000000000000e+03,1.142933082580566406e+01,4.997764527797698975e-02
3.763000000000000000e+03,1.142681121826171875e+01,4.998818039894104004e-02
3.764000000000000000e+03,1.142389869689941406e+01,5.003197863698005676e-02
3.765000000000000000e+03,1.142148399353027344e+01,4.998276755213737488e-02
3.766000000000000000e+03,1.141838455200195312e+01,4.984349012374877930e-02
3.767000000000000000e+03,1.141849994659423828e+01,4.979137703776359558e-02
3.768000000000000000e+03,1.141771697998046875e+01,4.981865361332893372e-02
3.769000000000000000e+03,1.141655349731445312e+01,4.979461431503295898e-02
3.770000000000000000e+03,1.141431903839111328e+01,4.976308718323707581e-02
3.771000000000000000e+03,1.141282176971435547e+01,4.976453259587287903e-02
3.772000000000000000e+03,1.152388954162597656e+01,4.953384399414062500e-02
3.773000000000000000e+03,1.141163730621337891e+01,4.973183572292327881e-02
3.774000000000000000e+03,1.140918540954589844e+01,4.978477582335472107e-02
3.775000000000000000e+03,1.140680599212646484e+01,4.987066239118576050e-02
3.776000000000000000e+03,1.140562820434570312e+01,4.991300404071807861e-02
3.777000000000000000e+03,1.140452957153320312e+01,4.992236569523811340e-02
3.778000000000000000e+03,1.140246486663818359e+01,4.995142668485641479e-02
3.779000000000000000e+03,1.140055179595947266e+01,4.992874339222908020e-02
3.780000000000000000e+03,1.139665317535400391e+01,4.984075576066970825e-02
3.781000000000000000e+03,1.139520645141601562e+01,4.986855387687683105e-02
3.782000000000000000e+03,1.139319705963134766e+01,4.990919679403305054e-02
3.783000000000000000e+03,1.139146995544433594e+01,4.993194341659545898e-02
3.784000000000000000e+03,1.138678359985351562e+01,4.994796216487884521e-02
3.785000000000000000e+03,1.140571403503417969e+01,4.988952353596687317e-02
3.786000000000000000e+03,1.138400936126708984e+01,4.993015900254249573e-02
3.787000000000000000e+03,1.137884712219238281e+01,4.984253272414207458e-02
3.788000000000000000e+03,1.137510395050048828e+01,4.973705857992172241e-02
3.789000000000000000e+03,1.137151527404785156e+01,4.965361580252647400e-02
3.790000000000000000e+03,1.136802196502685547e+01,4.956737160682678223e-02
3.791000000000000000e+03,1.136405181884765625e+01,4.959319531917572021e-02
3.792000000000000000e+03,1.135892677307128906e+01,4.966625198721885681e-02
3.793000000000000000e+03,1.153847026824951172e+01,4.959005117416381836e-02
3.794000000000000000e+03,1.135811519622802734e+01,4.964679479598999023e-02
3.795000000000000000e+03,1.136869239807128906e+01,4.959847778081893921e-02
3.796000000000000000e+03,1.135259628295898438e+01,4.962704703211784363e-02
3.797000000000000000e+03,1.134726428985595703e+01,4.972353950142860413e-02
3.798000000000000000e+03,1.133977699279785156e+01,4.983276128768920898e-02
3.799000000000000000e+03,1.133287525177001953e+01,4.988632723689079285e-02
3.800000000000000000e+03,1.132566261291503906e+01,4.985352978110313416e-02
3.801000000000000000e+03,1.132134914398193359e+01,4.986859112977981567e-02
3.802000000000000000e+03,1.131817722320556641e+01,4.988288134336471558e-02
3.803000000000000000e+03,1.131527996063232422e+01,4.985368251800537109e-02
3.804000000000000000e+03,1.131350708007812500e+01,4.984086751937866211e-02
3.805000000000000000e+03,1.131122493743896484e+01,4.988805577158927917e-02
3.806000000000000000e+03,1.131106948852539062e+01,4.988630488514900208e-02
3.807000000000000000e+03,1.144285583496093750e+01,5.056665465235710144e-02
3.808000000000000000e+03,1.131041336059570312e+01,4.993858560919761658e-02
3.809000000000000000e+03,1.130824851989746094e+01,4.996563121676445007e-02
3.810000000000000000e+03,1.130634975433349609e+01,5.000473558902740479e-02
3.811000000000000000e+03,1.130671691894531250e+01,5.018546059727668762e-02
3.812000000000000000e+03,1.130471038818359375e+01,5.009050294756889343e-02
3.813000000000000000e+03,1.130147552490234375e+01,5.015067011117935181e-02
3.814000000000000000e+03,1.129735469818115234e+01,5.020197480916976929e-02
3.815000000000000000e+03,1.129362964630126953e+01,5.022165179252624512e-02
3.816000000000000000e+03,1.129071331024169922e+01,5.021037533879280090e-02
3.817000000000000000e+03,1.129002189636230469e+01,5.029653012752532959e-02
3.818000000000000000e+03,1.128525257110595703e+01,5.019738152623176575e-02
3.819000000000000000e+03,1.128246784210205078e+01,5.013794451951980591e-02
3.820000000000000000e+03,1.127666091918945312e+01,5.004080012440681458e-02
3.821000000000000000e+03,1.127076053619384766e+01,5.000465735793113708e-02
3.822000000000000000e+03,1.126352596282958984e+01,5.005119740962982178e-02
3.823000000000000000e+03,1.126401042938232422e+01,5.016468837857246399e-02
3.824000000000000000e+03,1.126144981384277344e+01,5.010326206684112549e-02
3.825000000000000000e+03,1.126834964752197266e+01,4.992423579096794128e-02
3.826000000000000000e+03,1.125907325744628906e+01,5.004218593239784241e-02
3.827000000000000000e+03,1.125443840026855469e+01,5.009040236473083496e-02
3.828000000000000000e+03,1.124564456939697266e+01,5.015213042497634888e-02
3.829000000000000000e+03,1.123871612548828125e+01,5.013331398367881775e-02
3.830000000000000000e+03,1.134955024719238281e+01,5.002022907137870789e-02
3.831000000000000000e+03,1.123526859283447266e+01,5.011614784598350525e-02
3.832000000000000000e+03,1.797325134277343750e+01,5.033678188920021057e-02
3.833000000000000000e+03,1.123149967193603516e+01,5.007865279912948608e-02
3.834000000000000000e+03,1.121848297119140625e+01,5.000475049018859863e-02
3.835000000000000000e+03,1.120944786071777344e+01,4.990607127547264099e-02
3.836000000000000000e+03,1.120691871643066406e+01,4.985611885786056519e-02
3.837000000000000000e+03,1.119629096984863281e+01,4.984235018491744995e-02
3.838000000000000000e+03,1.118668937683105469e+01,4.981461167335510254e-02
3.839000000000000000e+03,1.116930770874023438e+01,4.976532608270645142e-02
3.840000000000000000e+03,1.115825557708740234e+01,4.961355403065681458e-02
3.841000000000000000e+03,1.114982223510742188e+01,4.956349730491638184e-02
3.842000000000000000e+03,1.114256954193115234e+01,4.958181455731391907e-02
3.843000000000000000e+03,1.113605594635009766e+01,4.960064962506294250e-02
3.844000000000000000e+03,1.113154506683349609e+01,4.962343722581863403e-02
3.845000000000000000e+03,1.112517166137695312e+01,4.960521683096885681e-02
3.846000000000000000e+03,1.111997222900390625e+01,4.956700280308723450e-02
3.847000000000000000e+03,1.111423110961914062e+01,4.953503981232643127e-02
3.848000000000000000e+03,1.110852909088134766e+01,4.952400177717208862e-02
3.849000000000000000e+03,1.110500431060791016e+01,4.946732893586158752e-02
3.850000000000000000e+03,1.110263538360595703e+01,4.946903884410858154e-02
3.851000000000000000e+03,1.110026359558105469e+01,4.948782920837402344e-02
3.852000000000000000e+03,1.109862709045410156e+01,4.952300339937210083e-02
3.853000000000000000e+03,1.109650707244873047e+01,4.956138134002685547e-02
3.854000000000000000e+03,1.109418392181396484e+01,4.958001151680946350e-02
3.855000000000000000e+03,1.109781265258789062e+01,4.933723062276840210e-02
3.856000000000000000e+03,1.109227752685546875e+01,4.948753118515014648e-02
3.857000000000000000e+03,1.108581161499023438e+01,4.961777478456497192e-02
3.858000000000000000e+03,1.107798194885253906e+01,4.957599565386772156e-02
3.859000000000000000e+03,1.106433677673339844e+01,4.949304461479187012e-02
3.860000000000000000e+03,1.104943656921386719e+01,4.948915541172027588e-02
3.861000000000000000e+03,1.102939128875732422e+01,4.952599480748176575e-02
3.862000000000000000e+03,1.101866245269775391e+01,4.960460215806961060e-02
3.863000000000000000e+03,1.162522315979003906e+01,5.027580261230468750e-02
3.864000000000000000e+03,1.101816368103027344e+01,4.962245002388954163e-02
3.865000000000000000e+03,1.101188945770263672e+01,4.962113872170448303e-02
3.866000000000000000e+03,1.100232315063476562e+01,4.957754537463188171e-02
3.867000000000000000e+03,1.100239658355712891e+01,4.965564608573913574e-02
3.868000000000000000e+03,1.099645423889160156e+01,4.961619153618812561e-02
3.869000000000000000e+03,1.098695659637451172e+01,4.961412400007247925e-02
3.870000000000000000e+03,1.097729015350341797e+01,4.960949718952178955e-02
3.871000000000000000e+03,1.096792602539062500e+01,4.955214634537696838e-02
3.872000000000000000e+03,1.095918369293212891e+01,4.955739900469779968e-02
3.873000000000000000e+03,1.094829463958740234e+01,4.952400550246238708e-02
3.874000000000000000e+03,1.092912578582763672e+01,4.948442429304122925e-02
3.875000000000000000e+03,1.092009067535400391e+01,4.936098307371139526e-02
3.876000000000000000e+03,1.109018898010253906e+01,5.001650750637054443e-02
3.877000000000000000e+03,1.091741847991943359e+01,4.943090304732322693e-02
3.878000000000000000e+03,1.090680027008056641e+01,4.943512752652168274e-02
3.879000000000000000e+03,1.088127613067626953e+01,4.938083514571189880e-02
3.880000000000000000e+03,1.087574386596679688e+01,4.941066727042198181e-02
3.881000000000000000e+03,1.086807441711425781e+01,4.933272302150726318e-02
3.882000000000000000e+03,1.086109638214111328e+01,4.925235733389854431e-02
3.883000000000000000e+03,1.085655307769775391e+01,4.921215400099754333e-02
3.884000000000000000e+03,1.085257625579833984e+01,4.916199669241905212e-02
3.885000000000000000e+03,1.101515960693359375e+01,4.870860278606414795e-02
3.886000000000000000e+03,1.085175895690917969e+01,4.912773519754409790e-02
3.887000000000000000e+03,1.084605026245117188e+01,4.904004558920860291e-02
3.888000000000000000e+03,1.084098148345947266e+01,4.896014556288719177e-02
3.889000000000000000e+03,1.083662986755371094e+01,4.890009760856628418e-02
3.890000000000000000e+03,1.083173274993896484e+01,4.894648492336273193e-02
3.891000000000000000e+03,1.083116340637207031e+01,4.871707037091255188e-02
3.892000000000000000e+03,1.082784175872802734e+01,4.882488399744033813e-02
3.893000000000000000e+03,1.082405662536621094e+01,4.887599125504493713e-02
3.894000000000000000e+03,1.081586837768554688e+01,4.899995028972625732e-02
3.895000000000000000e+03,1.080998897552490234e+01,4.904995858669281006e-02
3.896000000000000000e+03,1.079991245269775391e+01,4.913564026355743408e-02
3.897000000000000000e+03,1.078750610351562500e+01,4.920048266649246216e-02
3.898000000000000000e+03,1.077182388305664062e+01,4.931085184216499329e-02
3.899000000000000000e+03,1.077083683013916016e+01,4.940741509199142456e-02
3.900000000000000000e+03,1.073988914489746094e+01,4.926906526088714600e-02
3.901000000000000000e+03,1.072671508789062500e+01,4.921594262123107910e-02
3.902000000000000000e+03,1.071590328216552734e+01,4.908893629908561707e-02
3.903000000000000000e+03,1.071301746368408203e+01,4.911532625555992126e-02
3.904000000000000000e+03,1.070563888549804688e+01,4.906066879630088806e-02
3.905000000000000000e+03,1.070023632049560547e+01,4.903553053736686707e-02
3.906000000000000000e+03,1.068957710266113281e+01,4.901855811476707458e-02
3.907000000000000000e+03,1.069024944305419922e+01,4.887905344367027283e-02
3.908000000000000000e+03,1.068603706359863281e+01,4.895139858126640320e-02
3.909000000000000000e+03,1.067409992218017578e+01,4.890476539731025696e-02
3.910000000000000000e+03,1.066549110412597656e+01,4.889664426445960999e-02
3.911000000000000000e+03,1.065551185607910156e+01,4.887296259403228760e-02
3.912000000000000000e+03,1.065159034729003906e+01,4.885860532522201538e-02
3.913000000000000000e+03,1.064533519744873047e+01,4.883461818099021912e-02
3.914000000000000000e+03,1.063971710205078125e+01,4.878731444478034973e-02
3.915000000000000000e+03,1.063168525695800781e+01,4.871145635843276978e-02
3.916000000000000000e+03,1.062630367279052734e+01,4.865716025233268738e-02
3.917000000000000000e+03,1.061561203002929688e+01,4.855760186910629272e-02
3.918000000000000000e+03,1.151446819305419922e+01,4.925559088587760925e-02
3.919000000000000000e+03,1.061451435089111328e+01,4.857854172587394714e-02
3.920000000000000000e+03,1.060489559173583984e+01,4.851932078599929810e-02
3.921000000000000000e+03,1.060914421081542969e+01,4.845551028847694397e-02
3.922000000000000000e+03,1.060080146789550781e+01,4.849268868565559387e-02
3.923000000000000000e+03,1.059293746948242188e+01,4.859161376953125000e-02
3.924000000000000000e+03,1.058783817291259766e+01,4.868257418274879456e-02
3.925000000000000000e+03,1.058310604095458984e+01,4.875588044524192810e-02
3.926000000000000000e+03,1.057980823516845703e+01,4.876511916518211365e-02
3.927000000000000000e+03,1.057474803924560547e+01,4.874986782670021057e-02
3.928000000000000000e+03,1.056993293762207031e+01,4.870777204632759094e-02
3.929000000000000000e+03,1.056599140167236328e+01,4.864147678017616272e-02
3.930000000000000000e+03,1.107813072204589844e+01,4.888227209448814392e-02
3.931000000000000000e+03,1.055789375305175781e+01,4.865878820419311523e-02
3.932000000000000000e+03,1.055136203765869141e+01,4.872811958193778992e-02
3.933000000000000000e+03,1.054185295104980469e+01,4.889058694243431091e-02
3.934000000000000000e+03,1.065435504913330078e+01,4.838621988892555237e-02
3.935000000000000000e+03,1.053816699981689453e+01,4.881091415882110596e-02
3.936000000000000000e+03,1.052934169769287109e+01,4.888425394892692566e-02
3.937000000000000000e+03,1.051345825195312500e+01,4.904826730489730835e-02
3.938000000000000000e+03,1.050871276855468750e+01,4.906874522566795349e-02
3.939000000000000000e+03,1.050276279449462891e+01,4.910330846905708313e-02
3.940000000000000000e+03,1.049713706970214844e+01,4.912682622671127319e-02
3.941000000000000000e+03,1.049116802215576172e+01,4.917103052139282227e-02
3.942000000000000000e+03,1.048759365081787109e+01,4.920800030231475830e-02
3.943000000000000000e+03,1.049703216552734375e+01,4.943249374628067017e-02
3.944000000000000000e+03,1.048504734039306641e+01,4.927326366305351257e-02
3.945000000000000000e+03,1.047482967376708984e+01,4.924072697758674622e-02
3.946000000000000000e+03,1.046252632141113281e+01,4.914645478129386902e-02
3.947000000000000000e+03,1.043952083587646484e+01,4.888351261615753174e-02
3.948000000000000000e+03,1.042931175231933594e+01,4.876180738210678101e-02
3.949000000000000000e+03,1.042036628723144531e+01,4.869409650564193726e-02
3.950000000000000000e+03,1.041511058807373047e+01,4.871852695941925049e-02
3.951000000000000000e+03,1.040821647644042969e+01,4.875167831778526306e-02
3.952000000000000000e+03,1.040276241302490234e+01,4.879980534315109253e-02
3.953000000000000000e+03,1.065173530578613281e+01,4.932465404272079468e-02
3.954000000000000000e+03,1.039847946166992188e+01,4.886018857359886169e-02
3.955000000000000000e+03,1.039285755157470703e+01,4.888097941875457764e-02
3.956000000000000000e+03,1.038395500183105469e+01,4.893961176276206970e-02
3.957000000000000000e+03,1.038100528717041016e+01,4.894216358661651611e-02
3.958000000000000000e+03,1.037679195404052734e+01,4.895677417516708374e-02
3.959000000000000000e+03,1.037065124511718750e+01,4.891248792409896851e-02
3.960000000000000000e+03,1.036673545837402344e+01,4.889859631657600403e-02
3.961000000000000000e+03,1.037536334991455078e+01,4.894506931304931641e-02
3.962000000000000000e+03,1.036268997192382812e+01,4.891388863325119019e-02
3.963000000000000000e+03,1.035502719879150391e+01,4.888958483934402466e-02
3.964000000000000000e+03,1.035140800476074219e+01,4.890950024127960205e-02
3.965000000000000000e+03,1.034818840026855469e+01,4.890783131122589111e-02
3.966000000000000000e+03,1.052301788330078125e+01,4.849620908498764038e-02
3.967000000000000000e+03,1.034795475006103516e+01,4.889336973428726196e-02
3.968000000000000000e+03,1.034534835815429688e+01,4.891907051205635071e-02
3.969000000000000000e+03,1.034287071228027344e+01,4.892994463443756104e-02
3.970000000000000000e+03,1.034095764160156250e+01,4.893506690859794617e-02
3.971000000000000000e+03,1.033815670013427734e+01,4.892987385392189026e-02
3.972000000000000000e+03,1.033632850646972656e+01,4.887584969401359558e-02
3.973000000000000000e+03,1.033473968505859375e+01,4.884186387062072754e-02
3.974000000000000000e+03,1.032966232299804688e+01,4.880308359861373901e-02
3.975000000000000000e+03,1.032643795013427734e+01,4.881817847490310669e-02
3.976000000000000000e+03,1.032102108001708984e+01,4.874779656529426575e-02
3.977000000000000000e+03,1.031578350067138672e+01,4.864157363772392273e-02
3.978000000000000000e+03,1.031291007995605469e+01,4.859550297260284424e-02
3.979000000000000000e+03,1.030984497070312500e+01,4.853269830346107483e-02
3.980000000000000000e+03,1.033176803588867188e+01,4.871747270226478577e-02
3.981000000000000000e+03,1.030926132202148438e+01,4.855803772807121277e-02
3.982000000000000000e+03,1.030494117736816406e+01,4.850042238831520081e-02
3.983000000000000000e+03,1.030183887481689453e+01,4.850343614816665649e-02
3.984000000000000000e+03,1.029826259613037109e+01,4.859874770045280457e-02
3.985000000000000000e+03,1.029611968994140625e+01,4.863363131880760193e-02
3.986000000000000000e+03,1.029389476776123047e+01,4.869303852319717407e-02
3.987000000000000000e+03,1.029032039642333984e+01,4.877693206071853638e-02
3.988000000000000000e+03,1.028668880462646484e+01,4.884327203035354614e-02
3.989000000000000000e+03,1.029056930541992188e+01,4.885245487093925476e-02
3.990000000000000000e+03,1.028554344177246094e+01,4.884589090943336487e-02
3.991000000000000000e+03,1.424805927276611328e+01,5.318998917937278748e-02
3.992000000000000000e+03,1.028530788421630859e+01,4.887949302792549133e-02
3.993000000000000000e+03,1.028048038482666016e+01,4.884691908955574036e-02
3.994000000000000000e+03,1.027743816375732422e+01,4.877414181828498840e-02
3.995000000000000000e+03,1.043841361999511719e+01,4.820472374558448792e-02
3.996000000000000000e+03,1.027654075622558594e+01,4.872797802090644836e-02
3.997000000000000000e+03,1.027201080322265625e+01,4.871427640318870544e-02
3.998000000000000000e+03,1.026857089996337891e+01,4.874031618237495422e-02
3.999000000000000000e+03,1.026357078552246094e+01,4.874919354915618896e-02
4.000000000000000000e+03,1.025811004638671875e+01,4.875878989696502686e-02
4.001000000000000000e+03,1.025360965728759766e+01,4.876142740249633789e-02
4.002000000000000000e+03,1.025022029876708984e+01,4.875984787940979004e-02
4.003000000000000000e+03,1.024739933013916016e+01,4.875978454947471619e-02
4.004000000000000000e+03,1.024477386474609375e+01,4.877240210771560669e-02
4.005000000000000000e+03,1.024295043945312500e+01,4.878168553113937378e-02
4.006000000000000000e+03,1.024164581298828125e+01,4.879458993673324585e-02
4.007000000000000000e+03,1.024063968658447266e+01,4.880670830607414246e-02
4.008000000000000000e+03,1.024739933013916016e+01,4.886212572455406189e-02
4.009000000000000000e+03,1.023949623107910156e+01,4.881822317838668823e-02
4.010000000000000000e+03,1.023813343048095703e+01,4.879493266344070435e-02
4.011000000000000000e+03,1.023646163940429688e+01,4.873285815119743347e-02
4.012000000000000000e+03,1.023562812805175781e+01,4.870859906077384949e-02
4.013000000000000000e+03,1.023766326904296875e+01,4.862539470195770264e-02
4.014000000000000000e+03,1.023457336425781250e+01,4.867629334330558777e-02
4.015000000000000000e+03,1.124291324615478516e+01,4.989955201745033264e-02
4.016000000000000000e+03,1.023414516448974609e+01,4.869505017995834351e-02
4.017000000000000000e+03,1.023213100433349609e+01,4.853774979710578918e-02
4.018000000000000000e+03,1.022991847991943359e+01,4.853517562150955200e-02
4.019000000000000000e+03,1.022649860382080078e+01,4.857376962900161743e-02
4.020000000000000000e+03,1.022344398498535156e+01,4.859760031104087830e-02
4.021000000000000000e+03,1.022078323364257812e+01,4.862663522362709045e-02
4.022000000000000000e+03,1.021914577484130859e+01,4.869196936488151550e-02
4.023000000000000000e+03,1.044785308837890625e+01,4.883520677685737610e-02
4.024000000000000000e+03,1.021817493438720703e+01,4.869698733091354370e-02
4.025000000000000000e+03,1.021595287322998047e+01,4.873649775981903076e-02
4.026000000000000000e+03,1.021304321289062500e+01,4.878883808851242065e-02
4.027000000000000000e+03,1.021145439147949219e+01,4.881305620074272156e-02
4.028000000000000000e+03,1.020832920074462891e+01,4.885340109467506409e-02
4.029000000000000000e+03,1.021514987945556641e+01,4.882739484310150146e-02
4.030000000000000000e+03,1.020710754394531250e+01,4.884599521756172180e-02
4.031000000000000000e+03,1.020350360870361328e+01,4.887413233518600464e-02
4.032000000000000000e+03,1.019857597351074219e+01,4.895462840795516968e-02
4.033000000000000000e+03,1.023859405517578125e+01,4.922620207071304321e-02
4.034000000000000000e+03,1.019799518585205078e+01,4.898276925086975098e-02
4.035000000000000000e+03,1.019604206085205078e+01,4.899425804615020752e-02
4.036000000000000000e+03,1.019477176666259766e+01,4.897173121571540833e-02
4.037000000000000000e+03,1.019391345977783203e+01,4.897707328200340271e-02
4.038000000000000000e+03,1.019302749633789062e+01,4.896517097949981689e-02
4.039000000000000000e+03,1.019143295288085938e+01,4.896628111600875854e-02
4.040000000000000000e+03,1.019033050537109375e+01,4.898874461650848389e-02
4.041000000000000000e+03,1.018890380859375000e+01,4.898359626531600952e-02
4.042000000000000000e+03,1.019503211975097656e+01,4.908154904842376709e-02
4.043000000000000000e+03,1.018848419189453125e+01,4.900264367461204529e-02
4.044000000000000000e+03,1.018722438812255859e+01,4.898457601666450500e-02
4.045000000000000000e+03,1.018465137481689453e+01,4.895225912332534790e-02
4.046000000000000000e+03,1.018072414398193359e+01,4.895832762122154236e-02
4.047000000000000000e+03,1.017678070068359375e+01,4.894362762570381165e-02
4.048000000000000000e+03,1.017374324798583984e+01,4.901831969618797302e-02
4.049000000000000000e+03,1.017356967926025391e+01,4.919890314340591431e-02
4.050000000000000000e+03,1.017091083526611328e+01,4.910976812243461609e-02
4.051000000000000000e+03,1.016803741455078125e+01,4.911659285426139832e-02
4.052000000000000000e+03,1.016533088684082031e+01,4.916324093937873840e-02
4.053000000000000000e+03,1.016093444824218750e+01,4.925360158085823059e-02
4.054000000000000000e+03,1.015679264068603516e+01,4.933782666921615601e-02
4.055000000000000000e+03,1.472947597503662109e+01,4.941726103425025940e-02
4.056000000000000000e+03,1.016072177886962891e+01,4.933836683630943298e-02
4.057000000000000000e+03,1.015670490264892578e+01,4.933784157037734985e-02
4.058000000000000000e+03,1.016323661804199219e+01,4.929758980870246887e-02
4.059000000000000000e+03,1.015483283996582031e+01,4.932403191924095154e-02
4.060000000000000000e+03,1.015138912200927734e+01,4.930005222558975220e-02
4.061000000000000000e+03,1.017128372192382812e+01,4.921610653400421143e-02
4.062000000000000000e+03,1.015014457702636719e+01,4.928286746144294739e-02
4.063000000000000000e+03,1.014746093750000000e+01,4.921826347708702087e-02
4.064000000000000000e+03,1.014408969879150391e+01,4.908305406570434570e-02
4.065000000000000000e+03,1.014286422729492188e+01,4.907082021236419678e-02
4.066000000000000000e+03,1.014143848419189453e+01,4.907622933387756348e-02
4.067000000000000000e+03,1.014001083374023438e+01,4.908648133277893066e-02
4.068000000000000000e+03,1.013901805877685547e+01,4.908524453639984131e-02
4.069000000000000000e+03,1.013789272308349609e+01,4.904658719897270203e-02
4.070000000000000000e+03,1.013798046112060547e+01,4.899628460407257080e-02
4.071000000000000000e+03,1.013739776611328125e+01,4.902224615216255188e-02
4.072000000000000000e+03,1.013587474822998047e+01,4.896903783082962036e-02
4.073000000000000000e+03,1.013428211212158203e+01,4.895402491092681885e-02
4.074000000000000000e+03,1.012989807128906250e+01,4.894716292619705200e-02
4.075000000000000000e+03,1.012502384185791016e+01,4.900125786662101746e-02
4.076000000000000000e+03,1.012045478820800781e+01,4.899793490767478943e-02
4.077000000000000000e+03,1.011504840850830078e+01,4.909994453191757202e-02
4.078000000000000000e+03,1.011047172546386719e+01,4.912049323320388794e-02
4.079000000000000000e+03,1.010467433929443359e+01,4.901522770524024963e-02
4.080000000000000000e+03,1.010217094421386719e+01,4.898262396454811096e-02
4.081000000000000000e+03,1.009790706634521484e+01,4.897208139300346375e-02
4.082000000000000000e+03,1.009233760833740234e+01,4.887121543288230896e-02
4.083000000000000000e+03,1.008835506439208984e+01,4.886691272258758545e-02
4.084000000000000000e+03,1.008142280578613281e+01,4.897627606987953186e-02
4.085000000000000000e+03,1.007679557800292969e+01,4.909793287515640259e-02
4.086000000000000000e+03,1.007107162475585938e+01,4.921171814203262329e-02
4.087000000000000000e+03,1.006766700744628906e+01,4.921803623437881470e-02
4.088000000000000000e+03,1.006483268737792969e+01,4.919945448637008667e-02
4.089000000000000000e+03,1.006308937072753906e+01,4.919183254241943359e-02
4.090000000000000000e+03,1.005949401855468750e+01,4.918945953249931335e-02
4.091000000000000000e+03,1.005982875823974609e+01,4.906286299228668213e-02
4.092000000000000000e+03,1.005824947357177734e+01,4.912943765521049500e-02
4.093000000000000000e+03,1.005646896362304688e+01,4.911411926150321960e-02
4.094000000000000000e+03,1.007502079010009766e+01,4.892902821302413940e-02
4.095000000000000000e+03,1.005600833892822266e+01,4.908832907676696777e-02
4.096000000000000000e+03,1.005612373352050781e+01,4.909476637840270996e-02
4.097000000000000000e+03,1.005478572845458984e+01,4.909127205610275269e-02
4.098000000000000000e+03,1.007537078857421875e+01,4.928427189588546753e-02
4.099000000000000000e+03,1.005363845825195312e+01,4.912651330232620239e-02
4.100000000000000000e+03,1.005249023437500000e+01,4.911433160305023193e-02
4.101000000000000000e+03,1.005046176910400391e+01,4.909620434045791626e-02
4.102000000000000000e+03,1.004893112182617188e+01,4.908884689211845398e-02
4.103000000000000000e+03,1.004542160034179688e+01,4.908452555537223816e-02
4.104000000000000000e+03,1.007068252563476562e+01,4.943037033081054688e-02
4.105000000000000000e+03,1.004485607147216797e+01,4.912814125418663025e-02
4.106000000000000000e+03,1.004241657257080078e+01,4.912105575203895569e-02
4.107000000000000000e+03,1.004132080078125000e+01,4.908712953329086304e-02
4.108000000000000000e+03,1.004217433929443359e+01,4.902626946568489075e-02
4.109000000000000000e+03,1.003938102722167969e+01,4.905860498547554016e-02
4.110000000000000000e+03,1.003705692291259766e+01,4.906465113162994385e-02
4.111000000000000000e+03,1.003459072113037109e+01,4.903377592563629150e-02
4.112000000000000000e+03,1.003281402587890625e+01,4.900460690259933472e-02
4.113000000000000000e+03,1.003056526184082031e+01,4.896227642893791199e-02
4.114000000000000000e+03,1.066448020935058594e+01,4.896216839551925659e-02
4.115000000000000000e+03,1.002980136871337891e+01,4.895998165011405945e-02
4.116000000000000000e+03,1.002630996704101562e+01,4.894027113914489746e-02
4.117000000000000000e+03,1.001912212371826172e+01,4.895344376564025879e-02
4.118000000000000000e+03,1.001405334472656250e+01,4.900404438376426697e-02
4.119000000000000000e+03,1.000902748107910156e+01,4.907333478331565857e-02
4.120000000000000000e+03,1.000592899322509766e+01,4.913947358727455139e-02
4.121000000000000000e+03,1.000465869903564453e+01,4.910691827535629272e-02
4.122000000000000000e+03,1.000274562835693359e+01,4.919858649373054504e-02
4.123000000000000000e+03,9.999811172485351562e+00,4.918680340051651001e-02
4.124000000000000000e+03,9.997162818908691406e+00,4.914269968867301941e-02
4.125000000000000000e+03,9.990273475646972656e+00,4.908609762787818909e-02
4.126000000000000000e+03,9.982911109924316406e+00,4.908605292439460754e-02
4.127000000000000000e+03,9.973443984985351562e+00,4.899280145764350891e-02
4.128000000000000000e+03,1.015836620330810547e+01,5.005512014031410217e-02
4.129000000000000000e+03,9.967289924621582031e+00,4.915129765868186951e-02
4.130000000000000000e+03,9.959995269775390625e+00,4.914595931768417358e-02
4.131000000000000000e+03,9.949810981750488281e+00,4.910816997289657593e-02
4.132000000000000000e+03,9.946525573730468750e+00,4.908537119626998901e-02
4.133000000000000000e+03,9.938155174255371094e+00,4.904740676283836365e-02
4.134000000000000000e+03,3.724662780761718750e+01,8.003158122301101685e-02
4.135000000000000000e+03,9.937545776367187500e+00,4.904609918594360352e-02
4.136000000000000000e+03,9.930096626281738281e+00,4.901017993688583374e-02
4.137000000000000000e+03,9.918684005737304688e+00,4.899013414978981018e-02
4.138000000000000000e+03,9.940894126892089844e+00,4.910220950841903687e-02
4.139000000000000000e+03,9.916066169738769531e+00,4.901645332574844360e-02
4.140000000000000000e+03,9.902739524841308594e+00,4.905246943235397339e-02
4.141000000000000000e+03,9.890032768249511719e+00,4.916433244943618774e-02
4.142000000000000000e+03,1.021188449859619141e+01,4.920262098312377930e-02
4.143000000000000000e+03,9.886151313781738281e+00,4.916708171367645264e-02
4.144000000000000000e+03,9.875993728637695312e+00,4.926156252622604370e-02
4.145000000000000000e+03,9.870166778564453125e+00,4.923930391669273376e-02
4.146000000000000000e+03,9.864210128784179688e+00,4.920915141701698303e-02
4.147000000000000000e+03,9.858339309692382812e+00,4.913936927914619446e-02
4.148000000000000000e+03,9.849800109863281250e+00,4.904916509985923767e-02
4.149000000000000000e+03,1.284519004821777344e+01,5.532458797097206116e-02
4.150000000000000000e+03,9.849002838134765625e+00,4.917135089635848999e-02
4.151000000000000000e+03,9.903443336486816406e+00,4.855199158191680908e-02
4.152000000000000000e+03,9.845578193664550781e+00,4.904532805085182190e-02
4.153000000000000000e+03,9.839680671691894531e+00,4.889837279915809631e-02
4.154000000000000000e+03,9.831349372863769531e+00,4.895241186022758484e-02
4.155000000000000000e+03,9.816983222961425781e+00,4.914105683565139771e-02
4.156000000000000000e+03,9.808330535888671875e+00,4.933110624551773071e-02
4.157000000000000000e+03,9.801147460937500000e+00,4.944402351975440979e-02
4.158000000000000000e+03,9.791599273681640625e+00,4.936932027339935303e-02
4.159000000000000000e+03,9.784896850585937500e+00,4.937599971890449524e-02
4.160000000000000000e+03,9.777457237243652344e+00,4.935394227504730225e-02
4.161000000000000000e+03,9.849927902221679688e+00,4.951636865735054016e-02
4.162000000000000000e+03,9.776391983032226562e+00,4.936862736940383911e-02
4.163000000000000000e+03,9.771012306213378906e+00,4.935161396861076355e-02
4.164000000000000000e+03,9.768593788146972656e+00,4.931734874844551086e-02
4.165000000000000000e+03,9.766348838806152344e+00,4.929411038756370544e-02
4.166000000000000000e+03,9.763702392578125000e+00,4.926786571741104126e-02
4.167000000000000000e+03,9.760331153869628906e+00,4.925914108753204346e-02
4.168000000000000000e+03,9.757874488830566406e+00,4.920441284775733948e-02
4.169000000000000000e+03,9.755216598510742188e+00,4.921504855155944824e-02
4.170000000000000000e+03,9.752328872680664062e+00,4.921256378293037415e-02
4.171000000000000000e+03,9.747186660766601562e+00,4.919087886810302734e-02
4.172000000000000000e+03,9.759730339050292969e+00,4.893412441015243530e-02
4.173000000000000000e+03,9.741063117980957031e+00,4.909483343362808228e-02
4.174000000000000000e+03,9.733240127563476562e+00,4.908538237214088440e-02
4.175000000000000000e+03,9.723086357116699219e+00,4.902762174606323242e-02
4.176000000000000000e+03,9.719054222106933594e+00,4.906155914068222046e-02
4.177000000000000000e+03,9.714625358581542969e+00,4.911775514483451843e-02
4.178000000000000000e+03,9.707608222961425781e+00,4.923227429389953613e-02
4.179000000000000000e+03,9.699294090270996094e+00,4.934642836451530457e-02
4.180000000000000000e+03,1.048107910156250000e+01,4.996524378657341003e-02
4.181000000000000000e+03,9.696743965148925781e+00,4.945222288370132446e-02
4.182000000000000000e+03,9.684412956237792969e+00,4.934901744127273560e-02
4.183000000000000000e+03,9.673361778259277344e+00,4.932362958788871765e-02
4.184000000000000000e+03,9.662452697753906250e+00,4.926520213484764099e-02
4.185000000000000000e+03,9.648644447326660156e+00,4.917680472135543823e-02
4.186000000000000000e+03,9.641618728637695312e+00,4.910601302981376648e-02
4.187000000000000000e+03,9.631201744079589844e+00,4.909533262252807617e-02
4.188000000000000000e+03,9.619549751281738281e+00,4.911174625158309937e-02
4.189000000000000000e+03,9.607408523559570312e+00,4.913713783025741577e-02
4.190000000000000000e+03,9.599475860595703125e+00,4.911589249968528748e-02
4.191000000000000000e+03,9.646408081054687500e+00,4.951956495642662048e-02
4.192000000000000000e+03,9.595386505126953125e+00,4.920572414994239807e-02
4.193000000000000000e+03,9.588217735290527344e+00,4.918625950813293457e-02
4.194000000000000000e+03,9.580172538757324219e+00,4.912746325135231018e-02
4.195000000000000000e+03,9.577332496643066406e+00,4.912398755550384521e-02
4.196000000000000000e+03,9.572313308715820312e+00,4.918593540787696838e-02
4.197000000000000000e+03,9.567992210388183594e+00,4.919458925724029541e-02
4.198000000000000000e+03,9.565795898437500000e+00,4.921224713325500488e-02
4.199000000000000000e+03,9.602786064147949219e+00,4.933600127696990967e-02
4.200000000000000000e+03,9.560752868652343750e+00,4.923374950885772705e-02
4.201000000000000000e+03,9.555088996887207031e+00,4.925062507390975952e-02
4.202000000000000000e+03,9.755695343017578125e+00,4.980095475912094116e-02
4.203000000000000000e+03,9.549760818481445312e+00,4.932377487421035767e-02
4.204000000000000000e+03,9.541305541992187500e+00,4.940965771675109863e-02
4.205000000000000000e+03,9.535702705383300781e+00,4.945485666394233704e-02
4.206000000000000000e+03,9.532180786132812500e+00,4.948487505316734314e-02
4.207000000000000000e+03,9.529183387756347656e+00,4.943420737981796265e-02
4.208000000000000000e+03,9.526630401611328125e+00,4.939361661672592163e-02
4.209000000000000000e+03,9.634012222290039062e+00,4.900274798274040222e-02
4.210000000000000000e+03,9.526484489440917969e+00,4.937833175063133240e-02
4.211000000000000000e+03,9.524701118469238281e+00,4.951030761003494263e-02
4.212000000000000000e+03,9.518734931945800781e+00,4.945795610547065735e-02
4.213000000000000000e+03,9.516268730163574219e+00,4.943784326314926147e-02
4.214000000000000000e+03,9.509616851806640625e+00,4.931380599737167358e-02
4.215000000000000000e+03,1.039448642730712891e+01,4.932441934943199158e-02
4.216000000000000000e+03,9.507431030273437500e+00,4.930618405342102051e-02
4.217000000000000000e+03,9.505411148071289062e+00,4.941042885184288025e-02
4.218000000000000000e+03,9.508875846862792969e+00,4.941774904727935791e-02
4.219000000000000000e+03,9.500550270080566406e+00,4.941032826900482178e-02
4.220000000000000000e+03,9.493472099304199219e+00,4.941748827695846558e-02
4.221000000000000000e+03,9.487165451049804688e+00,4.937059432268142700e-02
4.222000000000000000e+03,9.479364395141601562e+00,4.938098788261413574e-02
4.223000000000000000e+03,9.465281486511230469e+00,4.943891614675521851e-02
4.224000000000000000e+03,9.518003463745117188e+00,4.974954202771186829e-02
4.225000000000000000e+03,9.457454681396484375e+00,4.951758682727813721e-02
4.226000000000000000e+03,1.108475399017333984e+01,4.901440069079399109e-02
4.227000000000000000e+03,9.453641891479492188e+00,4.947925359010696411e-02
4.228000000000000000e+03,9.441743850708007812e+00,4.949248209595680237e-02
4.229000000000000000e+03,9.428652763366699219e+00,4.952190071344375610e-02
4.230000000000000000e+03,9.659649848937988281e+00,5.046508088707923889e-02
4.231000000000000000e+03,9.426416397094726562e+00,4.960599169135093689e-02
4.232000000000000000e+03,9.459684371948242188e+00,4.996272549033164978e-02
4.233000000000000000e+03,9.417650222778320312e+00,4.972985014319419861e-02
4.234000000000000000e+03,9.406923294067382812e+00,4.971318319439888000e-02
4.235000000000000000e+03,9.391162872314453125e+00,4.961866512894630432e-02
4.236000000000000000e+03,9.381855964660644531e+00,4.951239749789237976e-02
4.237000000000000000e+03,9.370992660522460938e+00,4.937863349914550781e-02
4.238000000000000000e+03,9.364142417907714844e+00,4.927789792418479919e-02
4.239000000000000000e+03,9.359295845031738281e+00,4.931599646806716919e-02
4.240000000000000000e+03,9.356029510498046875e+00,4.930654913187026978e-02
4.241000000000000000e+03,9.350953102111816406e+00,4.928554221987724304e-02
4.242000000000000000e+03,9.349914550781250000e+00,4.913793131709098816e-02
4.243000000000000000e+03,9.343548774719238281e+00,4.916604235768318176e-02
4.244000000000000000e+03,9.340083122253417969e+00,4.913166165351867676e-02
4.245000000000000000e+03,9.336007118225097656e+00,4.912687093019485474e-02
4.246000000000000000e+03,9.332814216613769531e+00,4.904447123408317566e-02
4.247000000000000000e+03,9.328612327575683594e+00,4.904491081833839417e-02
4.248000000000000000e+03,9.324446678161621094e+00,4.908382520079612732e-02
4.249000000000000000e+03,9.322485923767089844e+00,4.913374409079551697e-02
4.250000000000000000e+03,9.327241897583007812e+00,4.901926964521408081e-02
4.251000000000000000e+03,9.321513175964355469e+00,4.909777268767356873e-02
4.252000000000000000e+03,9.316023826599121094e+00,4.931356757879257202e-02
4.253000000000000000e+03,9.311171531677246094e+00,4.927044361829757690e-02
4.254000000000000000e+03,9.290121078491210938e+00,4.907796904444694519e-02
4.255000000000000000e+03,9.281078338623046875e+00,4.905323311686515808e-02
4.256000000000000000e+03,9.291065216064453125e+00,4.906035959720611572e-02
4.257000000000000000e+03,9.275090217590332031e+00,4.905227199196815491e-02
4.258000000000000000e+03,9.263397216796875000e+00,4.904304817318916321e-02
4.259000000000000000e+03,9.286583900451660156e+00,4.898424446582794189e-02
4.260000000000000000e+03,9.261485099792480469e+00,4.902498424053192139e-02
4.261000000000000000e+03,9.255388259887695312e+00,4.904443770647048950e-02
4.262000000000000000e+03,9.249269485473632812e+00,4.895782843232154846e-02
4.263000000000000000e+03,9.246672630310058594e+00,4.898183047771453857e-02
4.264000000000000000e+03,9.244886398315429688e+00,4.896704107522964478e-02
4.265000000000000000e+03,9.242518424987792969e+00,4.891889542341232300e-02
4.266000000000000000e+03,1.160325336456298828e+01,4.803793132305145264e-02
4.267000000000000000e+03,9.242197036743164062e+00,4.889498651027679443e-02
4.268000000000000000e+03,9.240123748779296875e+00,4.886685684323310852e-02
4.269000000000000000e+03,9.237792015075683594e+00,4.884166643023490906e-02
4.270000000000000000e+03,9.236443519592285156e+00,4.884655028581619263e-02
4.271000000000000000e+03,9.233799934387207031e+00,4.884128272533416748e-02
4.272000000000000000e+03,9.230614662170410156e+00,4.883644357323646545e-02
4.273000000000000000e+03,9.226323127746582031e+00,4.883445054292678833e-02
4.274000000000000000e+03,9.222704887390136719e+00,4.885360971093177795e-02
4.275000000000000000e+03,9.232292175292968750e+00,4.872043058276176453e-02
4.276000000000000000e+03,9.221324920654296875e+00,4.881800338625907898e-02
4.277000000000000000e+03,9.232928276062011719e+00,4.916307702660560608e-02
4.278000000000000000e+03,9.217147827148437500e+00,4.893619939684867859e-02
4.279000000000000000e+03,9.214513778686523438e+00,4.898952692747116089e-02
4.280000000000000000e+03,9.212664604187011719e+00,4.906514286994934082e-02
4.281000000000000000e+03,9.209502220153808594e+00,4.902249202132225037e-02
4.282000000000000000e+03,9.208004951477050781e+00,4.903819039463996887e-02
4.283000000000000000e+03,9.206084251403808594e+00,4.908113181591033936e-02
4.284000000000000000e+03,9.204154968261718750e+00,4.912980273365974426e-02
4.285000000000000000e+03,9.201672554016113281e+00,4.917544126510620117e-02
4.286000000000000000e+03,9.198932647705078125e+00,4.920436069369316101e-02
4.287000000000000000e+03,9.196477890014648438e+00,4.920062050223350525e-02
4.288000000000000000e+03,9.193818092346191406e+00,4.917184263467788696e-02
4.289000000000000000e+03,9.190538406372070312e+00,4.922647029161453247e-02
4.290000000000000000e+03,9.186041831970214844e+00,4.914230480790138245e-02
4.291000000000000000e+03,9.180856704711914062e+00,4.899891093373298645e-02
4.292000000000000000e+03,9.178623199462890625e+00,4.896915704011917114e-02
4.293000000000000000e+03,9.174764633178710938e+00,4.899356141686439514e-02
4.294000000000000000e+03,9.172178268432617188e+00,4.902596026659011841e-02
4.295000000000000000e+03,9.169697761535644531e+00,4.905444011092185974e-02
4.296000000000000000e+03,9.167153358459472656e+00,4.903337731957435608e-02
4.297000000000000000e+03,9.165512084960937500e+00,4.901425912976264954e-02
4.298000000000000000e+03,9.163062095642089844e+00,4.896003380417823792e-02
4.299000000000000000e+03,9.161575317382812500e+00,4.890930280089378357e-02
4.300000000000000000e+03,9.159914016723632812e+00,4.887276515364646912e-02
4.301000000000000000e+03,9.159563064575195312e+00,4.878025874495506287e-02
4.302000000000000000e+03,9.162817955017089844e+00,4.894312843680381775e-02
4.303000000000000000e+03,9.157665252685546875e+00,4.883964359760284424e-02
4.304000000000000000e+03,9.156717300415039062e+00,4.882486909627914429e-02
4.305000000000000000e+03,9.205116271972656250e+00,4.907511174678802490e-02
4.306000000000000000e+03,9.155486106872558594e+00,4.885389283299446106e-02
4.307000000000000000e+03,9.165327072143554688e+00,4.918754845857620239e-02
4.308000000000000000e+03,9.154552459716796875e+00,4.892813041806221008e-02
4.309000000000000000e+03,9.152083396911621094e+00,4.892157018184661865e-02
4.310000000000000000e+03,9.142280578613281250e+00,4.885995388031005859e-02
4.311000000000000000e+03,9.137751579284667969e+00,4.885794594883918762e-02
4.312000000000000000e+03,9.129296302795410156e+00,4.888314753770828247e-02
4.313000000000000000e+03,9.130828857421875000e+00,4.887437447905540466e-02
4.314000000000000000e+03,9.126042366027832031e+00,4.887901991605758667e-02
4.315000000000000000e+03,9.119826316833496094e+00,4.891581833362579346e-02
4.316000000000000000e+03,9.115438461303710938e+00,4.895931854844093323e-02
4.317000000000000000e+03,9.113581657409667969e+00,4.896339774131774902e-02
4.318000000000000000e+03,9.112653732299804688e+00,4.897802323102951050e-02
4.319000000000000000e+03,9.112197875976562500e+00,4.897118732333183289e-02
4.320000000000000000e+03,9.111830711364746094e+00,4.897820204496383667e-02
4.321000000000000000e+03,9.111138343811035156e+00,4.896609112620353699e-02
4.322000000000000000e+03,9.134246826171875000e+00,4.922471940517425537e-02
4.323000000000000000e+03,9.110649108886718750e+00,4.899744316935539246e-02
4.324000000000000000e+03,9.109100341796875000e+00,4.894864931702613831e-02
4.325000000000000000e+03,9.107337951660156250e+00,4.887941852211952209e-02
4.326000000000000000e+03,9.168984413146972656e+00,4.840401932597160339e-02
4.327000000000000000e+03,9.105701446533203125e+00,4.879831150174140930e-02
4.328000000000000000e+03,9.103243827819824219e+00,4.877512529492378235e-02
4.329000000000000000e+03,9.100100517272949219e+00,4.874713346362113953e-02
4.330000000000000000e+03,9.097554206848144531e+00,4.869734868407249451e-02
4.331000000000000000e+03,9.092960357666015625e+00,4.861163347959518433e-02
4.332000000000000000e+03,9.098464965820312500e+00,4.877961054444313049e-02
4.333000000000000000e+03,9.090248107910156250e+00,4.867226630449295044e-02
4.334000000000000000e+03,9.083209037780761719e+00,4.858084395527839661e-02
4.335000000000000000e+03,9.073389053344726562e+00,4.849911108613014221e-02
4.336000000000000000e+03,9.066065788269042969e+00,4.850673303008079529e-02
4.337000000000000000e+03,9.060946464538574219e+00,4.854065552353858948e-02
4.338000000000000000e+03,9.053359031677246094e+00,4.863351956009864807e-02
4.339000000000000000e+03,9.048606872558593750e+00,4.862039908766746521e-02
4.340000000000000000e+03,9.043065071105957031e+00,4.858031123876571655e-02
4.341000000000000000e+03,9.040591239929199219e+00,4.856729507446289062e-02
4.342000000000000000e+03,9.036548614501953125e+00,4.857949167490005493e-02
4.343000000000000000e+03,9.033407211303710938e+00,4.862630367279052734e-02
4.344000000000000000e+03,9.030609130859375000e+00,4.868537187576293945e-02
4.345000000000000000e+03,9.029455184936523438e+00,4.871280491352081299e-02
4.346000000000000000e+03,9.028742790222167969e+00,4.872389137744903564e-02
4.347000000000000000e+03,9.027940750122070312e+00,4.872396960854530334e-02
4.348000000000000000e+03,9.055440902709960938e+00,4.874152690172195435e-02
4.349000000000000000e+03,9.027735710144042969e+00,4.872451350092887878e-02
4.350000000000000000e+03,9.026575088500976562e+00,4.871458187699317932e-02
4.351000000000000000e+03,9.024279594421386719e+00,4.868793115019798279e-02
4.352000000000000000e+03,9.028449058532714844e+00,4.869838431477546692e-02
4.353000000000000000e+03,9.022762298583984375e+00,4.869103804230690002e-02
4.354000000000000000e+03,9.020065307617187500e+00,4.869000241160392761e-02
4.355000000000000000e+03,9.019121170043945312e+00,4.867092892527580261e-02
4.356000000000000000e+03,9.017281532287597656e+00,4.868484660983085632e-02
4.357000000000000000e+03,9.022099494934082031e+00,4.868515953421592712e-02
4.358000000000000000e+03,9.015453338623046875e+00,4.868456348776817322e-02
4.359000000000000000e+03,9.012944221496582031e+00,4.870941862463951111e-02
4.360000000000000000e+03,9.007328033447265625e+00,4.874728247523307800e-02
4.361000000000000000e+03,9.004886627197265625e+00,4.876701906323432922e-02
4.362000000000000000e+03,9.001470565795898438e+00,4.875703155994415283e-02
4.363000000000000000e+03,8.998234748840332031e+00,4.870561137795448303e-02
4.364000000000000000e+03,8.994124412536621094e+00,4.865869507193565369e-02
4.365000000000000000e+03,9.052772521972656250e+00,4.801551252603530884e-02
4.366000000000000000e+03,8.993697166442871094e+00,4.860528931021690369e-02
4.367000000000000000e+03,8.988437652587890625e+00,4.859203472733497620e-02
4.368000000000000000e+03,8.985113143920898438e+00,4.866500943899154663e-02
4.369000000000000000e+03,8.980628967285156250e+00,4.868087545037269592e-02
4.370000000000000000e+03,8.976617813110351562e+00,4.866932332515716553e-02
4.371000000000000000e+03,8.972277641296386719e+00,4.862689971923828125e-02
4.372000000000000000e+03,8.964792251586914062e+00,4.853204637765884399e-02
4.373000000000000000e+03,8.965682983398437500e+00,4.862923547625541687e-02
4.374000000000000000e+03,8.961464881896972656e+00,4.857749119400978088e-02
4.375000000000000000e+03,8.955095291137695312e+00,4.848830029368400574e-02
4.376000000000000000e+03,8.948645591735839844e+00,4.844872280955314636e-02
4.377000000000000000e+03,8.945112228393554688e+00,4.845587536692619324e-02
4.378000000000000000e+03,8.980820655822753906e+00,4.860518872737884521e-02
4.379000000000000000e+03,8.944253921508789062e+00,4.847649484872817993e-02
4.380000000000000000e+03,8.942886352539062500e+00,4.854887723922729492e-02
4.381000000000000000e+03,9.234527587890625000e+00,4.856752231717109680e-02
4.382000000000000000e+03,8.940442085266113281e+00,4.854720458388328552e-02
4.383000000000000000e+03,8.937905311584472656e+00,4.854548349976539612e-02
4.384000000000000000e+03,8.934686660766601562e+00,4.854774102568626404e-02
4.385000000000000000e+03,8.932794570922851562e+00,4.857354611158370972e-02
4.386000000000000000e+03,8.931269645690917969e+00,4.859150946140289307e-02
4.387000000000000000e+03,8.930247306823730469e+00,4.860290512442588806e-02
4.388000000000000000e+03,8.928850173950195312e+00,4.861407354474067688e-02
4.389000000000000000e+03,8.927220344543457031e+00,4.862835630774497986e-02
4.390000000000000000e+03,8.928086280822753906e+00,4.858738556504249573e-02
4.391000000000000000e+03,8.926242828369140625e+00,4.861072450876235962e-02
4.392000000000000000e+03,8.924332618713378906e+00,4.866592213511466980e-02
4.393000000000000000e+03,8.932729721069335938e+00,4.850738495588302612e-02
4.394000000000000000e+03,8.923315048217773438e+00,4.862576723098754883e-02
4.395000000000000000e+03,8.921196937561035156e+00,4.857999458909034729e-02
4.396000000000000000e+03,8.918111801147460938e+00,4.851651564240455627e-02
4.397000000000000000e+03,8.991700172424316406e+00,4.809046909213066101e-02
4.398000000000000000e+03,8.916601181030273438e+00,4.846084862947463989e-02
4.399000000000000000e+03,8.914431571960449219e+00,4.844002053141593933e-02
4.400000000000000000e+03,8.909694671630859375e+00,4.843744635581970215e-02
4.401000000000000000e+03,8.917531013488769531e+00,4.850168898701667786e-02
4.402000000000000000e+03,8.908336639404296875e+00,4.845475405454635620e-02
4.403000000000000000e+03,8.904968261718750000e+00,4.846955090761184692e-02
4.404000000000000000e+03,8.901519775390625000e+00,4.848152771592140198e-02
4.405000000000000000e+03,8.898633003234863281e+00,4.848718270659446716e-02
4.406000000000000000e+03,8.895665168762207031e+00,4.846551269292831421e-02
4.407000000000000000e+03,8.892379760742187500e+00,4.844645783305168152e-02
4.408000000000000000e+03,8.886823654174804688e+00,4.840331897139549255e-02
4.409000000000000000e+03,8.941013336181640625e+00,4.848075285553932190e-02
4.410000000000000000e+03,8.886197090148925781e+00,4.841002076864242554e-02
4.411000000000000000e+03,8.882022857666015625e+00,4.827138781547546387e-02
4.412000000000000000e+03,8.877697944641113281e+00,4.843942075967788696e-02
4.413000000000000000e+03,8.874907493591308594e+00,4.839270934462547302e-02
4.414000000000000000e+03,8.878658294677734375e+00,4.853809997439384460e-02
4.415000000000000000e+03,8.867272377014160156e+00,4.845076426863670349e-02
4.416000000000000000e+03,8.957202911376953125e+00,4.848495870828628540e-02
4.417000000000000000e+03,8.865550041198730469e+00,4.845682531595230103e-02
4.418000000000000000e+03,8.863121986389160156e+00,4.850994423031806946e-02
4.419000000000000000e+03,8.859338760375976562e+00,4.852107167243957520e-02
4.420000000000000000e+03,8.857084274291992188e+00,4.852983355522155762e-02
4.421000000000000000e+03,8.852993965148925781e+00,4.856046289205551147e-02
4.422000000000000000e+03,8.850644111633300781e+00,4.857370629906654358e-02
4.423000000000000000e+03,8.848936080932617188e+00,4.859018698334693909e-02
4.424000000000000000e+03,8.847712516784667969e+00,4.857907444238662720e-02
4.425000000000000000e+03,8.845937728881835938e+00,4.856921732425689697e-02
4.426000000000000000e+03,8.840124130249023438e+00,4.850969463586807251e-02
4.427000000000000000e+03,8.838432312011718750e+00,4.848830774426460266e-02
4.428000000000000000e+03,8.835700035095214844e+00,4.844589158892631531e-02
4.429000000000000000e+03,8.844643592834472656e+00,4.831076785922050476e-02
4.430000000000000000e+03,8.835085868835449219e+00,4.841792583465576172e-02
4.431000000000000000e+03,8.832746505737304688e+00,4.838600754737854004e-02
4.432000000000000000e+03,8.830720901489257812e+00,4.836124181747436523e-02
4.433000000000000000e+03,8.828598022460937500e+00,4.834503680467605591e-02
4.434000000000000000e+03,8.827944755554199219e+00,4.837163910269737244e-02
4.435000000000000000e+03,8.825663566589355469e+00,4.834241792559623718e-02
4.436000000000000000e+03,8.838577270507812500e+00,4.828330129384994507e-02
4.437000000000000000e+03,8.825165748596191406e+00,4.833285510540008545e-02
4.438000000000000000e+03,8.825731277465820312e+00,4.824051260948181152e-02
4.439000000000000000e+03,8.824197769165039062e+00,4.829185456037521362e-02
4.440000000000000000e+03,8.820109367370605469e+00,4.822884127497673035e-02
4.441000000000000000e+03,8.816335678100585938e+00,4.818061739206314087e-02
4.442000000000000000e+03,8.812297821044921875e+00,4.816114529967308044e-02
4.443000000000000000e+03,8.810314178466796875e+00,4.814052209258079529e-02
4.444000000000000000e+03,8.807765007019042969e+00,4.816051572561264038e-02
4.445000000000000000e+03,8.799259185791015625e+00,4.819585382938385010e-02
4.446000000000000000e+03,8.796874046325683594e+00,4.826319590210914612e-02
4.447000000000000000e+03,8.792037010192871094e+00,4.823062941431999207e-02
4.448000000000000000e+03,8.788751602172851562e+00,4.820536449551582336e-02
4.449000000000000000e+03,8.785219192504882812e+00,4.820509254932403564e-02
4.450000000000000000e+03,8.798882484436035156e+00,4.833600297570228577e-02
4.451000000000000000e+03,8.783160209655761719e+00,4.823962971568107605e-02
4.452000000000000000e+03,8.780011177062988281e+00,4.826416820287704468e-02
4.453000000000000000e+03,8.778130531311035156e+00,4.828778281807899475e-02
4.454000000000000000e+03,8.776475906372070312e+00,4.831301048398017883e-02
4.455000000000000000e+03,8.774762153625488281e+00,4.831740632653236389e-02
4.456000000000000000e+03,8.773056983947753906e+00,4.827247560024261475e-02
4.457000000000000000e+03,8.780454635620117188e+00,4.817262291908264160e-02
4.458000000000000000e+03,8.772734642028808594e+00,4.825535044074058533e-02
4.459000000000000000e+03,8.769629478454589844e+00,4.817026853561401367e-02
4.460000000000000000e+03,8.766548156738281250e+00,4.816320165991783142e-02
4.461000000000000000e+03,8.760663032531738281e+00,4.818179458379745483e-02
4.462000000000000000e+03,8.758215904235839844e+00,4.820228740572929382e-02
4.463000000000000000e+03,8.755144119262695312e+00,4.823328927159309387e-02
4.464000000000000000e+03,9.729953765869140625e+00,4.990464821457862854e-02
4.465000000000000000e+03,8.754421234130859375e+00,4.827439412474632263e-02
4.466000000000000000e+03,8.750713348388671875e+00,4.828925430774688721e-02
4.467000000000000000e+03,8.745098114013671875e+00,4.829243198037147522e-02
4.468000000000000000e+03,8.736272811889648438e+00,4.823610186576843262e-02
4.469000000000000000e+03,8.725261688232421875e+00,4.829778149724006653e-02
4.470000000000000000e+03,8.716153144836425781e+00,4.831356182694435120e-02
4.471000000000000000e+03,8.704531669616699219e+00,4.829685762524604797e-02
4.472000000000000000e+03,8.695116996765136719e+00,4.838777706027030945e-02
4.473000000000000000e+03,8.685519218444824219e+00,4.848340153694152832e-02
4.474000000000000000e+03,8.679815292358398438e+00,4.857002571225166321e-02
4.475000000000000000e+03,8.674892425537109375e+00,4.860200732946395874e-02
4.476000000000000000e+03,8.671623229980468750e+00,4.862334951758384705e-02
4.477000000000000000e+03,8.668387413024902344e+00,4.860304296016693115e-02
4.478000000000000000e+03,8.664197921752929688e+00,4.858034476637840271e-02
4.479000000000000000e+03,8.657948493957519531e+00,4.856318235397338867e-02
4.480000000000000000e+03,8.652868270874023438e+00,4.854230582714080811e-02
4.481000000000000000e+03,8.645901679992675781e+00,4.855140298604965210e-02
4.482000000000000000e+03,8.639616966247558594e+00,4.859315976500511169e-02
4.483000000000000000e+03,8.632847785949707031e+00,4.869551584124565125e-02
4.484000000000000000e+03,8.626149177551269531e+00,4.877766221761703491e-02
4.485000000000000000e+03,8.620209693908691406e+00,4.885421693325042725e-02
4.486000000000000000e+03,1.001252899169921875e+02,5.211756378412246704e-02
4.487000000000000000e+03,9.803623199462890625e+00,4.895257204771041870e-02
4.488000000000000000e+03,8.619916915893554688e+00,4.885094240307807922e-02
4.489000000000000000e+03,8.615445137023925781e+00,4.887325689196586609e-02
4.490000000000000000e+03,8.611771583557128906e+00,4.885650053620338440e-02
4.491000000000000000e+03,8.607476234436035156e+00,4.876271635293960571e-02
4.492000000000000000e+03,8.604429244995117188e+00,4.881355166435241699e-02
4.493000000000000000e+03,8.598392486572265625e+00,4.858588799834251404e-02
4.494000000000000000e+03,8.594534873962402344e+00,4.857157915830612183e-02
4.495000000000000000e+03,8.590432167053222656e+00,4.858417809009552002e-02
4.496000000000000000e+03,8.588825225830078125e+00,4.860690608620643616e-02
4.497000000000000000e+03,8.584633827209472656e+00,4.863891005516052246e-02
4.498000000000000000e+03,8.583446502685546875e+00,4.861098900437355042e-02
4.499000000000000000e+03,8.579691886901855469e+00,4.855338111519813538e-02
4.500000000000000000e+03,8.577544212341308594e+00,4.850509017705917358e-02
4.501000000000000000e+03,8.573679924011230469e+00,4.843201115727424622e-02
4.502000000000000000e+03,8.570040702819824219e+00,4.833679646253585815e-02
4.503000000000000000e+03,8.565108299255371094e+00,4.827426001429557800e-02
4.504000000000000000e+03,8.558072090148925781e+00,4.827184602618217468e-02
4.505000000000000000e+03,8.555645942687988281e+00,4.822377488017082214e-02
4.506000000000000000e+03,8.547845840454101562e+00,4.833645001053810120e-02
4.507000000000000000e+03,8.542134284973144531e+00,4.841454327106475830e-02
4.508000000000000000e+03,8.533719062805175781e+00,4.847430065274238586e-02
4.509000000000000000e+03,8.530894279479980469e+00,4.855075851082801819e-02
4.510000000000000000e+03,8.522614479064941406e+00,4.845888912677764893e-02
4.511000000000000000e+03,8.517120361328125000e+00,4.840219020843505859e-02
4.512000000000000000e+03,8.510229110717773438e+00,4.827087372541427612e-02
4.513000000000000000e+03,8.504869461059570312e+00,4.818733036518096924e-02
4.514000000000000000e+03,8.501428604125976562e+00,4.816748201847076416e-02
4.515000000000000000e+03,8.498071670532226562e+00,4.815583303570747375e-02
4.516000000000000000e+03,8.494263648986816406e+00,4.818111658096313477e-02
4.517000000000000000e+03,8.490365028381347656e+00,4.818674921989440918e-02
4.518000000000000000e+03,8.488728523254394531e+00,4.808507114648818970e-02
4.519000000000000000e+03,8.527355194091796875e+00,4.833596199750900269e-02
4.520000000000000000e+03,8.486775398254394531e+00,4.812960699200630188e-02
4.521000000000000000e+03,8.484198570251464844e+00,4.816204309463500977e-02
4.522000000000000000e+03,8.481041908264160156e+00,4.819772019982337952e-02
4.523000000000000000e+03,8.475877761840820312e+00,4.825467243790626526e-02
4.524000000000000000e+03,8.476251602172851562e+00,4.831590875983238220e-02
4.525000000000000000e+03,8.470734596252441406e+00,4.828405007719993591e-02
4.526000000000000000e+03,8.463012695312500000e+00,4.832781851291656494e-02
4.527000000000000000e+03,8.455018997192382812e+00,4.833364114165306091e-02
4.528000000000000000e+03,8.449817657470703125e+00,4.828354716300964355e-02
4.529000000000000000e+03,8.440551757812500000e+00,4.827170819044113159e-02
4.530000000000000000e+03,8.431120872497558594e+00,4.823837801814079285e-02
4.531000000000000000e+03,8.421588897705078125e+00,4.821543768048286438e-02
4.532000000000000000e+03,8.413297653198242188e+00,4.816604033112525940e-02
4.533000000000000000e+03,8.441817283630371094e+00,4.835961386561393738e-02
4.534000000000000000e+03,8.410672187805175781e+00,4.820417985320091248e-02
4.535000000000000000e+03,8.405222892761230469e+00,4.821236431598663330e-02
4.536000000000000000e+03,8.397679328918457031e+00,4.827044159173965454e-02
4.537000000000000000e+03,8.401741981506347656e+00,4.832547903060913086e-02
4.538000000000000000e+03,8.396279335021972656e+00,4.828701540827751160e-02
4.539000000000000000e+03,8.390208244323730469e+00,4.839397221803665161e-02
4.540000000000000000e+03,8.386730194091796875e+00,4.843872413039207458e-02
4.541000000000000000e+03,8.382946968078613281e+00,4.850099608302116394e-02
4.542000000000000000e+03,8.380487442016601562e+00,4.854300245642662048e-02
4.543000000000000000e+03,8.377090454101562500e+00,4.855030030012130737e-02
4.544000000000000000e+03,8.373039245605468750e+00,4.852335527539253235e-02
4.545000000000000000e+03,8.370072364807128906e+00,4.846952110528945923e-02
4.546000000000000000e+03,8.363749504089355469e+00,4.835788160562515259e-02
4.547000000000000000e+03,8.359041213989257812e+00,4.826147481799125671e-02
4.548000000000000000e+03,8.355283737182617188e+00,4.825111106038093567e-02
4.549000000000000000e+03,8.352991104125976562e+00,4.823474586009979248e-02
4.550000000000000000e+03,8.350090026855468750e+00,4.823003336787223816e-02
4.551000000000000000e+03,8.346862792968750000e+00,4.827576130628585815e-02
4.552000000000000000e+03,8.343720436096191406e+00,4.829200357198715210e-02
4.553000000000000000e+03,8.341112136840820312e+00,4.827375710010528564e-02
4.554000000000000000e+03,8.347958564758300781e+00,4.837297648191452026e-02
4.555000000000000000e+03,8.338309288024902344e+00,4.830733314156532288e-02
4.556000000000000000e+03,8.518691062927246094e+00,4.870159178972244263e-02
4.557000000000000000e+03,8.335864067077636719e+00,4.834704473614692688e-02
4.558000000000000000e+03,8.338360786437988281e+00,4.828377440571784973e-02
4.559000000000000000e+03,8.333859443664550781e+00,4.832000285387039185e-02
4.560000000000000000e+03,8.334805488586425781e+00,4.840259626507759094e-02
4.561000000000000000e+03,8.329665184020996094e+00,4.835920408368110657e-02
4.562000000000000000e+03,8.324687957763671875e+00,4.824746772646903992e-02
4.563000000000000000e+03,8.318428993225097656e+00,4.807894304394721985e-02
4.564000000000000000e+03,8.312536239624023438e+00,4.805430024862289429e-02
4.565000000000000000e+03,8.305411338806152344e+00,4.802391305565834045e-02
4.566000000000000000e+03,8.303212165832519531e+00,4.799577593803405762e-02
4.567000000000000000e+03,8.301335334777832031e+00,4.801193624734878540e-02
4.568000000000000000e+03,8.299434661865234375e+00,4.800716415047645569e-02
4.569000000000000000e+03,8.296964645385742188e+00,4.798803105950355530e-02
4.570000000000000000e+03,8.294955253601074219e+00,4.796517267823219299e-02
4.571000000000000000e+03,8.630557060241699219e+00,4.719779640436172485e-02
4.572000000000000000e+03,8.294769287109375000e+00,4.794321209192276001e-02
4.573000000000000000e+03,8.292931556701660156e+00,4.791285842657089233e-02
4.574000000000000000e+03,8.290930747985839844e+00,4.787329956889152527e-02
4.575000000000000000e+03,8.288699150085449219e+00,4.782795906066894531e-02
4.576000000000000000e+03,8.286026954650878906e+00,4.778488352894783020e-02
4.577000000000000000e+03,8.380464553833007812e+00,4.768956452608108521e-02
4.578000000000000000e+03,8.285143852233886719e+00,4.777310788631439209e-02
4.579000000000000000e+03,8.281428337097167969e+00,4.768019169569015503e-02
4.580000000000000000e+03,8.278120994567871094e+00,4.770618677139282227e-02
4.581000000000000000e+03,8.274516105651855469e+00,4.773802310228347778e-02
4.582000000000000000e+03,8.272189140319824219e+00,4.773348569869995117e-02
4.583000000000000000e+03,8.269985198974609375e+00,4.772869497537612915e-02
4.584000000000000000e+03,8.267682075500488281e+00,4.768280312418937683e-02
4.585000000000000000e+03,8.264648437500000000e+00,4.761443659663200378e-02
4.586000000000000000e+03,8.262007713317871094e+00,4.755297303199768066e-02
4.587000000000000000e+03,8.269763946533203125e+00,4.763793945312500000e-02
4.588000000000000000e+03,8.260354042053222656e+00,4.757457599043846130e-02
4.589000000000000000e+03,8.287265777587890625e+00,4.751878604292869568e-02
4.590000000000000000e+03,8.259532928466796875e+00,4.756589606404304504e-02
4.591000000000000000e+03,8.256076812744140625e+00,4.751547425985336304e-02
4.592000000000000000e+03,8.251352310180664062e+00,4.744424670934677124e-02
4.593000000000000000e+03,8.270661354064941406e+00,4.759064316749572754e-02
4.594000000000000000e+03,8.249847412109375000e+00,4.747502133250236511e-02
4.595000000000000000e+03,8.245708465576171875e+00,4.748890921473503113e-02
4.596000000000000000e+03,8.238898277282714844e+00,4.755851998925209045e-02
4.597000000000000000e+03,8.235129356384277344e+00,4.759259521961212158e-02
4.598000000000000000e+03,8.231128692626953125e+00,4.761821776628494263e-02
4.599000000000000000e+03,8.227571487426757812e+00,4.756646603345870972e-02
4.600000000000000000e+03,8.222201347351074219e+00,4.750000685453414917e-02
4.601000000000000000e+03,8.214366912841796875e+00,4.736664518713951111e-02
4.602000000000000000e+03,8.756493568420410156e+00,4.666520655155181885e-02
4.603000000000000000e+03,8.213791847229003906e+00,4.733877256512641907e-02
4.604000000000000000e+03,8.210200309753417969e+00,4.735933616757392883e-02
4.605000000000000000e+03,8.201708793640136719e+00,4.728308692574501038e-02
4.606000000000000000e+03,8.198645591735839844e+00,4.724060371518135071e-02
4.607000000000000000e+03,8.195644378662109375e+00,4.720845073461532593e-02
4.608000000000000000e+03,8.194058418273925781e+00,4.720185324549674988e-02
4.609000000000000000e+03,8.192538261413574219e+00,4.719753190875053406e-02
4.610000000000000000e+03,8.223974227905273438e+00,4.728821292519569397e-02
4.611000000000000000e+03,8.192255020141601562e+00,4.720483720302581787e-02
4.612000000000000000e+03,8.190780639648437500e+00,4.720604419708251953e-02
4.613000000000000000e+03,1.009051609039306641e+01,4.635458812117576599e-02
4.614000000000000000e+03,8.190300941467285156e+00,4.718569293618202209e-02
4.615000000000000000e+03,8.188341140747070312e+00,4.718763381242752075e-02
4.616000000000000000e+03,8.185551643371582031e+00,4.720198363065719604e-02
4.617000000000000000e+03,8.182310104370117188e+00,4.723022878170013428e-02
4.618000000000000000e+03,8.178680419921875000e+00,4.727473109960556030e-02
4.619000000000000000e+03,8.175346374511718750e+00,4.732483252882957458e-02
4.620000000000000000e+03,8.186999320983886719e+00,4.737640917301177979e-02
4.621000000000000000e+03,8.174582481384277344e+00,4.733524844050407410e-02
4.622000000000000000e+03,8.172055244445800781e+00,4.757120087742805481e-02
4.623000000000000000e+03,8.176607131958007812e+00,4.740416258573532104e-02
4.624000000000000000e+03,8.167559623718261719e+00,4.750012233853340149e-02
4.625000000000000000e+03,8.160601615905761719e+00,4.736607149243354797e-02
4.626000000000000000e+03,8.150970458984375000e+00,4.726035892963409424e-02
4.627000000000000000e+03,8.143085479736328125e+00,4.721218720078468323e-02
4.628000000000000000e+03,8.136429786682128906e+00,4.724342003464698792e-02
4.629000000000000000e+03,8.135983467102050781e+00,4.727573692798614502e-02
4.630000000000000000e+03,8.133403778076171875e+00,4.726058244705200195e-02
4.631000000000000000e+03,8.129413604736328125e+00,4.732866212725639343e-02
4.632000000000000000e+03,8.127122879028320312e+00,4.731494933366775513e-02
4.633000000000000000e+03,8.124723434448242188e+00,4.729332774877548218e-02
4.634000000000000000e+03,8.122791290283203125e+00,4.730774462223052979e-02
4.635000000000000000e+03,8.132847785949707031e+00,4.734238982200622559e-02
4.636000000000000000e+03,8.121657371520996094e+00,4.731470718979835510e-02
4.637000000000000000e+03,8.118797302246093750e+00,4.733208194375038147e-02
4.638000000000000000e+03,8.112805366516113281e+00,4.730778932571411133e-02
4.639000000000000000e+03,1.419782352447509766e+01,4.782877489924430847e-02
4.640000000000000000e+03,8.112281799316406250e+00,4.729861021041870117e-02
4.641000000000000000e+03,8.111066818237304688e+00,4.729254543781280518e-02
4.642000000000000000e+03,8.110129356384277344e+00,4.727586358785629272e-02
4.643000000000000000e+03,8.109182357788085938e+00,4.725231602787971497e-02
4.644000000000000000e+03,8.107463836669921875e+00,4.720760881900787354e-02
4.645000000000000000e+03,8.105556488037109375e+00,4.716474190354347229e-02
4.646000000000000000e+03,8.103918075561523438e+00,4.712606593966484070e-02
4.647000000000000000e+03,8.103701591491699219e+00,4.711980745196342468e-02
4.648000000000000000e+03,8.102707862854003906e+00,4.713712632656097412e-02
4.649000000000000000e+03,8.101632118225097656e+00,4.716219753026962280e-02
4.650000000000000000e+03,8.192292213439941406e+00,4.714906588196754456e-02
4.651000000000000000e+03,8.101469039916992188e+00,4.716032743453979492e-02
4.652000000000000000e+03,8.369886398315429688e+00,4.635443165898323059e-02
4.653000000000000000e+03,8.100665092468261719e+00,4.711229726672172546e-02
4.654000000000000000e+03,8.098484992980957031e+00,4.715467616915702820e-02
4.655000000000000000e+03,8.094359397888183594e+00,4.723824560642242432e-02
4.656000000000000000e+03,1.270655441284179688e+01,4.756206274032592773e-02
4.657000000000000000e+03,8.093880653381347656e+00,4.722314700484275818e-02
4.658000000000000000e+03,8.091814041137695312e+00,4.722075164318084717e-02
4.659000000000000000e+03,8.088027000427246094e+00,4.721808433532714844e-02
4.660000000000000000e+03,8.084427833557128906e+00,4.720183834433555603e-02
4.661000000000000000e+03,8.081963539123535156e+00,4.717084765434265137e-02
4.662000000000000000e+03,8.147364616394042969e+00,4.677667468786239624e-02
4.663000000000000000e+03,8.081748008728027344e+00,4.714750126004219055e-02
4.664000000000000000e+03,8.079117774963378906e+00,4.716573655605316162e-02
4.665000000000000000e+03,8.080940246582031250e+00,4.718297719955444336e-02
4.666000000000000000e+03,8.078171730041503906e+00,4.717054590582847595e-02
4.667000000000000000e+03,8.076046943664550781e+00,4.720994085073471069e-02
4.668000000000000000e+03,8.069710731506347656e+00,4.726829379796981812e-02
4.669000000000000000e+03,8.063365936279296875e+00,4.732374846935272217e-02
4.670000000000000000e+03,8.059519767761230469e+00,4.732685908675193787e-02
4.671000000000000000e+03,8.055206298828125000e+00,4.731342568993568420e-02
4.672000000000000000e+03,8.052151679992675781e+00,4.725192114710807800e-02
4.673000000000000000e+03,8.053179740905761719e+00,4.729679599404335022e-02
4.674000000000000000e+03,8.051072120666503906e+00,4.727047681808471680e-02
4.675000000000000000e+03,8.049330711364746094e+00,4.725259169936180115e-02
4.676000000000000000e+03,8.046345710754394531e+00,4.724273458123207092e-02
4.677000000000000000e+03,8.053728103637695312e+00,4.714658483862876892e-02
4.678000000000000000e+03,8.044747352600097656e+00,4.721229523420333862e-02
4.679000000000000000e+03,8.041218757629394531e+00,4.721591994166374207e-02
4.680000000000000000e+03,8.037110328674316406e+00,4.718017578125000000e-02
4.681000000000000000e+03,8.033082962036132812e+00,4.711777344346046448e-02
4.682000000000000000e+03,8.030203819274902344e+00,4.705490916967391968e-02
4.683000000000000000e+03,8.027681350708007812e+00,4.693969339132308960e-02
4.684000000000000000e+03,8.025425910949707031e+00,4.690466821193695068e-02
4.685000000000000000e+03,8.058741569519042969e+00,4.698520526289939880e-02
4.686000000000000000e+03,8.024346351623535156e+00,4.691454395651817322e-02
4.687000000000000000e+03,8.021179199218750000e+00,4.691747948527336121e-02
4.688000000000000000e+03,8.019194602966308594e+00,4.691405966877937317e-02
4.689000000000000000e+03,8.016096115112304688e+00,4.698594659566879272e-02
4.690000000000000000e+03,8.015464782714843750e+00,4.694912582635879517e-02
4.691000000000000000e+03,8.013558387756347656e+00,4.699933156371116638e-02
4.692000000000000000e+03,8.011954307556152344e+00,4.701832309365272522e-02
4.693000000000000000e+03,8.010069847106933594e+00,4.703438282012939453e-02
4.694000000000000000e+03,8.008111953735351562e+00,4.708074033260345459e-02
4.695000000000000000e+03,8.013916015625000000e+00,4.715483263134956360e-02
4.696000000000000000e+03,8.007014274597167969e+00,4.710136353969573975e-02
4.697000000000000000e+03,8.005499839782714844e+00,4.716283082962036133e-02
4.698000000000000000e+03,8.004364013671875000e+00,4.728323966264724731e-02
4.699000000000000000e+03,8.002630233764648438e+00,4.724482446908950806e-02
4.700000000000000000e+03,8.001445770263671875e+00,4.723431169986724854e-02
4.701000000000000000e+03,8.000618934631347656e+00,4.724019765853881836e-02
4.702000000000000000e+03,7.999759674072265625e+00,4.724680632352828979e-02
4.703000000000000000e+03,8.111847877502441406e+00,4.696638509631156921e-02
4.704000000000000000e+03,7.999685764312744141e+00,4.723761230707168579e-02
4.705000000000000000e+03,7.998569011688232422e+00,4.722071066498756409e-02
4.706000000000000000e+03,7.996601104736328125e+00,4.722679778933525085e-02
4.707000000000000000e+03,7.993178844451904297e+00,4.723909124732017517e-02
4.708000000000000000e+03,7.988923072814941406e+00,4.721449315547943115e-02
4.709000000000000000e+03,7.983810424804687500e+00,4.714429005980491638e-02
4.710000000000000000e+03,7.981473445892333984e+00,4.713049530982971191e-02
4.711000000000000000e+03,7.979582309722900391e+00,4.709882289171218872e-02
4.712000000000000000e+03,7.977213382720947266e+00,4.706050455570220947e-02
4.713000000000000000e+03,7.976006507873535156e+00,4.704966768622398376e-02
4.714000000000000000e+03,7.974193572998046875e+00,4.704067856073379517e-02
4.715000000000000000e+03,3.372334671020507812e+01,4.989734292030334473e-02
4.716000000000000000e+03,8.326536178588867188e+00,4.772120714187622070e-02
4.717000000000000000e+03,7.973769187927246094e+00,4.708303511142730713e-02
4.718000000000000000e+03,7.971854209899902344e+00,4.707991704344749451e-02
4.719000000000000000e+03,7.969593524932861328e+00,4.707467183470726013e-02
4.720000000000000000e+03,8.238961219787597656e+00,4.669976606965065002e-02
4.721000000000000000e+03,7.968905925750732422e+00,4.705035313963890076e-02
4.722000000000000000e+03,7.966745376586914062e+00,4.705103859305381775e-02
4.723000000000000000e+03,7.964147567749023438e+00,4.688298702239990234e-02
4.724000000000000000e+03,7.959465980529785156e+00,4.693209752440452576e-02
4.725000000000000000e+03,7.956402301788330078e+00,4.690875858068466187e-02
4.726000000000000000e+03,7.954426288604736328e+00,4.686618596315383911e-02
4.727000000000000000e+03,7.953174591064453125e+00,4.683535173535346985e-02
4.728000000000000000e+03,7.951900959014892578e+00,4.681519418954849243e-02
4.729000000000000000e+03,7.950764179229736328e+00,4.683778434991836548e-02
4.730000000000000000e+03,7.949284553527832031e+00,4.687793925404548645e-02
4.731000000000000000e+03,7.950754165649414062e+00,4.700269177556037903e-02
4.732000000000000000e+03,7.948731422424316406e+00,4.691969975829124451e-02
4.733000000000000000e+03,7.946095943450927734e+00,4.695876687765121460e-02
4.734000000000000000e+03,7.943803310394287109e+00,4.692846909165382385e-02
4.735000000000000000e+03,7.939444065093994141e+00,4.682057350873947144e-02
4.736000000000000000e+03,7.938935279846191406e+00,4.668802022933959961e-02
4.737000000000000000e+03,7.936435222625732422e+00,4.672162607312202454e-02
4.738000000000000000e+03,7.932196140289306641e+00,4.675197973847389221e-02
4.739000000000000000e+03,7.926475524902343750e+00,4.676027595996856689e-02
4.740000000000000000e+03,7.921037673950195312e+00,4.674025997519493103e-02
4.741000000000000000e+03,8.103185653686523438e+00,4.680825397372245789e-02
4.742000000000000000e+03,7.918769836425781250e+00,4.673767089843750000e-02
4.743000000000000000e+03,7.915109157562255859e+00,4.670337960124015808e-02
4.744000000000000000e+03,7.974418163299560547e+00,4.665037244558334351e-02
4.745000000000000000e+03,7.913915157318115234e+00,4.669502750039100647e-02
4.746000000000000000e+03,7.911217689514160156e+00,4.669407010078430176e-02
4.747000000000000000e+03,7.909255981445312500e+00,4.665697365999221802e-02
4.748000000000000000e+03,7.907859802246093750e+00,4.668002203106880188e-02
4.749000000000000000e+03,7.906775474548339844e+00,4.670371487736701965e-02
4.750000000000000000e+03,7.906070709228515625e+00,4.672865942120552063e-02
4.751000000000000000e+03,7.905368328094482422e+00,4.674539715051651001e-02
4.752000000000000000e+03,7.904778480529785156e+00,4.672722518444061279e-02
4.753000000000000000e+03,7.906274318695068359e+00,4.678797721862792969e-02
4.754000000000000000e+03,7.904571533203125000e+00,4.674374312162399292e-02
4.755000000000000000e+03,7.904157161712646484e+00,4.671310633420944214e-02
4.756000000000000000e+03,7.903699874877929688e+00,4.668490961194038391e-02
4.757000000000000000e+03,7.903628826141357422e+00,4.662251099944114685e-02
4.758000000000000000e+03,7.909193038940429688e+00,4.667250812053680420e-02
4.759000000000000000e+03,7.903227806091308594e+00,4.663234576582908630e-02
4.760000000000000000e+03,7.903712749481201172e+00,4.666536673903465271e-02
4.761000000000000000e+03,7.902965068817138672e+00,4.664454609155654907e-02
4.762000000000000000e+03,7.960070610046386719e+00,4.719225317239761353e-02
4.763000000000000000e+03,7.902858734130859375e+00,4.666617885231971741e-02
4.764000000000000000e+03,7.901956081390380859e+00,4.667735472321510315e-02
4.765000000000000000e+03,8.077456474304199219e+00,4.631003737449645996e-02
4.766000000000000000e+03,7.898461818695068359e+00,4.662643745541572571e-02
4.767000000000000000e+03,7.897527217864990234e+00,4.661302268505096436e-02
4.768000000000000000e+03,7.891289234161376953e+00,4.659119993448257446e-02
4.769000000000000000e+03,7.887857913970947266e+00,4.656226187944412231e-02
4.770000000000000000e+03,7.918188095092773438e+00,4.638737812638282776e-02
4.771000000000000000e+03,7.886971950531005859e+00,4.653530567884445190e-02
4.772000000000000000e+03,7.881012916564941406e+00,4.647117480635643005e-02
4.773000000000000000e+03,7.876945972442626953e+00,4.644884541630744934e-02
4.774000000000000000e+03,7.868004798889160156e+00,4.640842974185943604e-02
4.775000000000000000e+03,7.864185333251953125e+00,4.640657082200050354e-02
4.776000000000000000e+03,7.876017093658447266e+00,4.599146172404289246e-02
4.777000000000000000e+03,7.860657215118408203e+00,4.627019166946411133e-02
4.778000000000000000e+03,7.857938289642333984e+00,4.629032686352729797e-02
4.779000000000000000e+03,7.853957653045654297e+00,4.626613855361938477e-02
4.780000000000000000e+03,7.851213455200195312e+00,4.625443741679191589e-02
4.781000000000000000e+03,7.849052429199218750e+00,4.628806933760643005e-02
4.782000000000000000e+03,7.844659805297851562e+00,4.630037024617195129e-02
4.783000000000000000e+03,7.840152263641357422e+00,4.630251973867416382e-02
4.784000000000000000e+03,7.835363388061523438e+00,4.635852202773094177e-02
4.785000000000000000e+03,7.831584453582763672e+00,4.639061540365219116e-02
4.786000000000000000e+03,1.484264469146728516e+01,4.874191433191299438e-02
4.787000000000000000e+03,7.890145778656005859e+00,4.644631221890449524e-02
4.788000000000000000e+03,7.831190586090087891e+00,4.638998582959175110e-02
4.789000000000000000e+03,7.825959205627441406e+00,4.642812162637710571e-02
4.790000000000000000e+03,7.821964740753173828e+00,4.645236581563949585e-02
4.791000000000000000e+03,7.818588256835937500e+00,4.645299911499023438e-02
4.792000000000000000e+03,7.814763069152832031e+00,4.643698781728744507e-02
4.793000000000000000e+03,7.809569358825683594e+00,4.641022905707359314e-02
4.794000000000000000e+03,7.808582305908203125e+00,4.633504897356033325e-02
4.795000000000000000e+03,7.806378364562988281e+00,4.636888578534126282e-02
4.796000000000000000e+03,7.801296234130859375e+00,4.639262706041336060e-02
4.797000000000000000e+03,7.797784328460693359e+00,4.649164527654647827e-02
4.798000000000000000e+03,7.793620586395263672e+00,4.650587961077690125e-02
4.799000000000000000e+03,7.788121700286865234e+00,4.656812548637390137e-02
4.800000000000000000e+03,7.782540321350097656e+00,4.661116003990173340e-02
4.801000000000000000e+03,1.455153179168701172e+01,4.842353239655494690e-02
4.802000000000000000e+03,7.838957309722900391e+00,4.668496921658515930e-02
4.803000000000000000e+03,7.781679153442382812e+00,4.661592096090316772e-02
4.804000000000000000e+03,7.772509574890136719e+00,4.657373204827308655e-02
4.805000000000000000e+03,7.842626094818115234e+00,4.733793810009956360e-02
4.806000000000000000e+03,7.770457267761230469e+00,4.668501764535903931e-02
4.807000000000000000e+03,7.762364864349365234e+00,4.656464233994483948e-02
4.808000000000000000e+03,7.756253719329833984e+00,4.646217077970504761e-02
4.809000000000000000e+03,7.751599311828613281e+00,4.637145996093750000e-02
4.810000000000000000e+03,7.745090484619140625e+00,4.633222147822380066e-02
4.811000000000000000e+03,7.739192008972167969e+00,4.635244607925415039e-02
4.812000000000000000e+03,7.737829685211181641e+00,4.640572145581245422e-02
4.813000000000000000e+03,7.736433506011962891e+00,4.638581722974777222e-02
4.814000000000000000e+03,7.732270717620849609e+00,4.643248021602630615e-02
4.815000000000000000e+03,7.730858802795410156e+00,4.642220214009284973e-02
4.816000000000000000e+03,7.729963779449462891e+00,4.640779271721839905e-02
4.817000000000000000e+03,7.730713844299316406e+00,4.641613364219665527e-02
4.818000000000000000e+03,7.729725837707519531e+00,4.641004651784896851e-02
4.819000000000000000e+03,7.758849143981933594e+00,4.629971832036972046e-02
4.820000000000000000e+03,7.728295803070068359e+00,4.638953506946563721e-02
4.821000000000000000e+03,7.726531982421875000e+00,4.639817401766777039e-02
4.822000000000000000e+03,7.721673965454101562e+00,4.640060663223266602e-02
4.823000000000000000e+03,7.719423770904541016e+00,4.643373936414718628e-02
4.824000000000000000e+03,7.715782642364501953e+00,4.629953950643539429e-02
4.825000000000000000e+03,7.712780475616455078e+00,4.629792645573616028e-02
4.826000000000000000e+03,7.710180759429931641e+00,4.630963876843452454e-02
4.827000000000000000e+03,7.707339763641357422e+00,4.631803184747695923e-02
4.828000000000000000e+03,7.701276302337646484e+00,4.639600217342376709e-02
4.829000000000000000e+03,7.695181369781494141e+00,4.647563025355339050e-02
4.830000000000000000e+03,7.689809322357177734e+00,4.659282416105270386e-02
4.831000000000000000e+03,7.687115669250488281e+00,4.671925306320190430e-02
4.832000000000000000e+03,7.682470321655273438e+00,4.664191976189613342e-02
4.833000000000000000e+03,7.678657054901123047e+00,4.658514261245727539e-02
4.834000000000000000e+03,7.675381183624267578e+00,4.657191038131713867e-02
4.835000000000000000e+03,7.672875881195068359e+00,4.659350588917732239e-02
4.836000000000000000e+03,7.721441268920898438e+00,4.699539393186569214e-02
4.837000000000000000e+03,7.672325134277343750e+00,4.663356766104698181e-02
4.838000000000000000e+03,7.670312881469726562e+00,4.665472358465194702e-02
4.839000000000000000e+03,7.667011737823486328e+00,4.670804366469383240e-02
4.840000000000000000e+03,7.663793087005615234e+00,4.676323384046554565e-02
4.841000000000000000e+03,7.660793781280517578e+00,4.676678776741027832e-02
4.842000000000000000e+03,7.658916473388671875e+00,4.675675928592681885e-02
4.843000000000000000e+03,7.656456947326660156e+00,4.675905406475067139e-02
4.844000000000000000e+03,7.654444694519042969e+00,4.675910621881484985e-02
4.845000000000000000e+03,7.652206897735595703e+00,4.687505587935447693e-02
4.846000000000000000e+03,7.648402214050292969e+00,4.686388745903968811e-02
4.847000000000000000e+03,7.644068717956542969e+00,4.686765745282173157e-02
4.848000000000000000e+03,7.639046192169189453e+00,4.686061292886734009e-02
4.849000000000000000e+03,7.825614929199218750e+00,4.698403179645538330e-02
4.850000000000000000e+03,7.637929439544677734e+00,4.686687514185905457e-02
4.851000000000000000e+03,7.631270885467529297e+00,4.687376320362091064e-02
4.852000000000000000e+03,7.617645263671875000e+00,4.682520404458045959e-02
4.853000000000000000e+03,7.604707241058349609e+00,4.662940651178359985e-02
4.854000000000000000e+03,7.594476222991943359e+00,4.654021561145782471e-02
4.855000000000000000e+03,7.580702781677246094e+00,4.642838984727859497e-02
4.856000000000000000e+03,7.586076736450195312e+00,4.635531827807426453e-02
4.857000000000000000e+03,7.577647209167480469e+00,4.639670625329017639e-02
4.858000000000000000e+03,7.571421146392822266e+00,4.639007896184921265e-02
4.859000000000000000e+03,7.556498527526855469e+00,4.646356403827667236e-02
4.860000000000000000e+03,7.546383380889892578e+00,4.652414470911026001e-02
4.861000000000000000e+03,7.533244132995605469e+00,4.659456014633178711e-02
4.862000000000000000e+03,7.524437427520751953e+00,4.655651003122329712e-02
4.863000000000000000e+03,7.519068717956542969e+00,4.655753821134567261e-02
4.864000000000000000e+03,7.513223648071289062e+00,4.650066792964935303e-02
4.865000000000000000e+03,7.508380889892578125e+00,4.652602970600128174e-02
4.866000000000000000e+03,7.500955581665039062e+00,4.654528200626373291e-02
4.867000000000000000e+03,7.497885227203369141e+00,4.654775932431221008e-02
4.868000000000000000e+03,7.492444515228271484e+00,4.653064906597137451e-02
4.869000000000000000e+03,7.497151374816894531e+00,4.652324318885803223e-02
4.870000000000000000e+03,7.491034030914306641e+00,4.652766138315200806e-02
4.871000000000000000e+03,7.488004207611083984e+00,4.654826223850250244e-02
4.872000000000000000e+03,7.483456134796142578e+00,4.670211300253868103e-02
4.873000000000000000e+03,7.478954315185546875e+00,4.665661975741386414e-02
4.874000000000000000e+03,7.477903366088867188e+00,4.662828519940376282e-02
4.875000000000000000e+03,7.474287986755371094e+00,4.662426188588142395e-02
4.876000000000000000e+03,7.472286224365234375e+00,4.664878174662590027e-02
4.877000000000000000e+03,7.469272136688232422e+00,4.667596891522407532e-02
4.878000000000000000e+03,7.702506542205810547e+00,4.765739664435386658e-02
4.879000000000000000e+03,7.468833446502685547e+00,4.670812189579010010e-02
4.880000000000000000e+03,7.466959476470947266e+00,4.671302065253257751e-02
4.881000000000000000e+03,7.465039730072021484e+00,4.671384394168853760e-02
4.882000000000000000e+03,7.463338851928710938e+00,4.671216756105422974e-02
4.883000000000000000e+03,7.461401939392089844e+00,4.670363664627075195e-02
4.884000000000000000e+03,8.103437423706054688e+00,4.789587855339050293e-02
4.885000000000000000e+03,7.461261272430419922e+00,4.672040417790412903e-02
4.886000000000000000e+03,7.461105346679687500e+00,4.669112712144851685e-02
4.887000000000000000e+03,7.459580421447753906e+00,4.670537635684013367e-02
4.888000000000000000e+03,7.457503795623779297e+00,4.672404751181602478e-02
4.889000000000000000e+03,7.453659057617187500e+00,4.676894098520278931e-02
4.890000000000000000e+03,7.450335025787353516e+00,4.682926833629608154e-02
4.891000000000000000e+03,7.447654724121093750e+00,4.687533900141716003e-02
4.892000000000000000e+03,7.444883346557617188e+00,4.689756035804748535e-02
4.893000000000000000e+03,7.441266059875488281e+00,4.689220339059829712e-02
4.894000000000000000e+03,7.436868190765380859e+00,4.686173424124717712e-02
4.895000000000000000e+03,7.432508468627929688e+00,4.682267829775810242e-02
4.896000000000000000e+03,7.428114891052246094e+00,4.677957296371459961e-02
4.897000000000000000e+03,7.425625801086425781e+00,4.674706608057022095e-02
4.898000000000000000e+03,7.424092292785644531e+00,4.672895744442939758e-02
4.899000000000000000e+03,7.422645568847656250e+00,4.670478403568267822e-02
4.900000000000000000e+03,3.937707214355468750e+02,6.101740524172782898e-02
4.901000000000000000e+03,1.346707725524902344e+01,4.888938367366790771e-02
4.902000000000000000e+03,7.424556255340576172e+00,4.673712328076362610e-02
4.903000000000000000e+03,7.422538280487060547e+00,4.671065881848335266e-02
4.904000000000000000e+03,7.420506000518798828e+00,4.673443362116813660e-02
4.905000000000000000e+03,7.417954921722412109e+00,4.674426093697547913e-02
4.906000000000000000e+03,7.414849281311035156e+00,4.674029722809791565e-02
4.907000000000000000e+03,7.410735130310058594e+00,4.672015085816383362e-02
4.908000000000000000e+03,7.408238887786865234e+00,4.670755192637443542e-02
4.909000000000000000e+03,7.412870883941650391e+00,4.671215265989303589e-02
4.910000000000000000e+03,7.406857013702392578e+00,4.670793935656547546e-02
4.911000000000000000e+03,7.411314010620117188e+00,4.658209905028343201e-02
4.912000000000000000e+03,7.405472278594970703e+00,4.666708409786224365e-02
4.913000000000000000e+03,7.403799057006835938e+00,4.667192324995994568e-02
4.914000000000000000e+03,7.402769088745117188e+00,4.659187421202659607e-02
4.915000000000000000e+03,7.547907352447509766e+00,4.716564342379570007e-02
4.916000000000000000e+03,7.402541160583496094e+00,4.661390185356140137e-02
4.917000000000000000e+03,7.407886981964111328e+00,4.664214327931404114e-02
4.918000000000000000e+03,7.401889324188232422e+00,4.661966115236282349e-02
4.919000000000000000e+03,7.399404525756835938e+00,4.675324633717536926e-02
4.920000000000000000e+03,7.423948287963867188e+00,4.674313962459564209e-02
4.921000000000000000e+03,7.398579597473144531e+00,4.675107449293136597e-02
4.922000000000000000e+03,7.396213531494140625e+00,4.673220962285995483e-02
4.923000000000000000e+03,7.391608238220214844e+00,4.670577123761177063e-02
4.924000000000000000e+03,7.389653682708740234e+00,4.664947092533111572e-02
4.925000000000000000e+03,7.388278484344482422e+00,4.668378084897994995e-02
4.926000000000000000e+03,7.386825084686279297e+00,4.669098183512687683e-02
4.927000000000000000e+03,7.384404182434082031e+00,4.665476083755493164e-02
4.928000000000000000e+03,7.380564689636230469e+00,4.654132202267646790e-02
4.929000000000000000e+03,7.378851413726806641e+00,4.649779573082923889e-02
4.930000000000000000e+03,7.377110004425048828e+00,4.648161679506301880e-02
4.931000000000000000e+03,7.425005435943603516e+00,4.701334238052368164e-02
4.932000000000000000e+03,7.377011775970458984e+00,4.650866240262985229e-02
4.933000000000000000e+03,7.376124858856201172e+00,4.651460424065589905e-02
4.934000000000000000e+03,7.374985694885253906e+00,4.654032364487648010e-02
4.935000000000000000e+03,7.374129772186279297e+00,4.657056182622909546e-02
4.936000000000000000e+03,7.373500823974609375e+00,4.658381640911102295e-02
4.937000000000000000e+03,7.372833251953125000e+00,4.659306630492210388e-02
4.938000000000000000e+03,7.371747970581054688e+00,4.660993069410324097e-02
4.939000000000000000e+03,7.382024765014648438e+00,4.684799909591674805e-02
4.940000000000000000e+03,7.371360778808593750e+00,4.665084183216094971e-02
4.941000000000000000e+03,7.370467185974121094e+00,4.663918539881706238e-02
4.942000000000000000e+03,7.369427680969238281e+00,4.664203897118568420e-02
4.943000000000000000e+03,7.368776321411132812e+00,4.664500802755355835e-02
4.944000000000000000e+03,7.368081092834472656e+00,4.665995389223098755e-02
4.945000000000000000e+03,7.368934154510498047e+00,4.666683077812194824e-02
4.946000000000000000e+03,7.367614746093750000e+00,4.666259512305259705e-02
4.947000000000000000e+03,7.367082595825195312e+00,4.666599631309509277e-02
4.948000000000000000e+03,7.366593360900878906e+00,4.663349688053131104e-02
4.949000000000000000e+03,7.366095542907714844e+00,4.664305597543716431e-02
4.950000000000000000e+03,7.365552902221679688e+00,4.664071276783943176e-02
4.951000000000000000e+03,7.365143775939941406e+00,4.663494229316711426e-02
4.952000000000000000e+03,7.363966464996337891e+00,4.661483690142631531e-02
4.953000000000000000e+03,7.421702861785888672e+00,4.660366475582122803e-02
4.954000000000000000e+03,7.363916397094726562e+00,4.661425575613975525e-02
4.955000000000000000e+03,7.371704101562500000e+00,4.652543365955352783e-02
4.956000000000000000e+03,7.363689422607421875e+00,4.660140722990036011e-02
4.957000000000000000e+03,7.363237857818603516e+00,4.660206288099288940e-02
4.958000000000000000e+03,7.362153530120849609e+00,4.660820588469505310e-02
4.959000000000000000e+03,7.361192226409912109e+00,4.661667346954345703e-02
4.960000000000000000e+03,7.359969615936279297e+00,4.664718359708786011e-02
4.961000000000000000e+03,7.358675956726074219e+00,4.667910188436508179e-02
4.962000000000000000e+03,7.357701778411865234e+00,4.670903086662292480e-02
4.963000000000000000e+03,7.356784820556640625e+00,4.670935124158859253e-02
4.964000000000000000e+03,7.355565547943115234e+00,4.668598249554634094e-02
4.965000000000000000e+03,7.354029178619384766e+00,4.665650054812431335e-02
4.966000000000000000e+03,7.354347229003906250e+00,4.662437364459037781e-02
4.967000000000000000e+03,7.353382587432861328e+00,4.664130136370658875e-02
4.968000000000000000e+03,7.352409362792968750e+00,4.662661254405975342e-02
4.969000000000000000e+03,7.351502895355224609e+00,4.662858694791793823e-02
4.970000000000000000e+03,7.350636959075927734e+00,4.663829877972602844e-02
4.971000000000000000e+03,7.349629878997802734e+00,4.666455835103988647e-02
4.972000000000000000e+03,7.349291324615478516e+00,4.670406505465507507e-02
4.973000000000000000e+03,7.347321033477783203e+00,4.678093641996383667e-02
4.974000000000000000e+03,7.345832824707031250e+00,4.669781401753425598e-02
4.975000000000000000e+03,7.344365119934082031e+00,4.670016840100288391e-02
4.976000000000000000e+03,7.341876983642578125e+00,4.670716822147369385e-02
4.977000000000000000e+03,7.340490818023681641e+00,4.667709767818450928e-02
4.978000000000000000e+03,7.336904048919677734e+00,4.658759385347366333e-02
4.979000000000000000e+03,7.371324062347412109e+00,4.630381613969802856e-02
4.980000000000000000e+03,7.336496353149414062e+00,4.655640199780464172e-02
4.981000000000000000e+03,7.334246635437011719e+00,4.650999233126640320e-02
4.982000000000000000e+03,7.332719326019287109e+00,4.647464677691459656e-02
4.983000000000000000e+03,7.332138538360595703e+00,4.650330543518066406e-02
4.984000000000000000e+03,7.331635475158691406e+00,4.651824757456779480e-02
4.985000000000000000e+03,7.330948352813720703e+00,4.654531180858612061e-02
4.986000000000000000e+03,7.330469131469726562e+00,4.655198752880096436e-02
4.987000000000000000e+03,7.329411029815673828e+00,4.655936360359191895e-02
4.988000000000000000e+03,7.388639450073242188e+00,4.663965106010437012e-02
4.989000000000000000e+03,7.329300403594970703e+00,4.656210914254188538e-02
4.990000000000000000e+03,7.328165054321289062e+00,4.656006768345832825e-02
4.991000000000000000e+03,7.330658912658691406e+00,4.654509574174880981e-02
4.992000000000000000e+03,7.327659130096435547e+00,4.655555635690689087e-02
4.993000000000000000e+03,7.326445579528808594e+00,4.655515402555465698e-02
4.994000000000000000e+03,7.324860572814941406e+00,4.653471335768699646e-02
4.995000000000000000e+03,7.330147743225097656e+00,4.646562412381172180e-02
4.996000000000000000e+03,7.324620246887207031e+00,4.652312025427818298e-02
4.997000000000000000e+03,7.323353290557861328e+00,4.651363193988800049e-02
4.998000000000000000e+03,7.323715686798095703e+00,4.641907289624214172e-02
4.999000000000000000e+03,7.322284221649169922e+00,4.646888375282287598e-02
5.000000000000000000e+03,7.336845874786376953e+00,4.647508263587951660e-02
5.001000000000000000e+03,7.320226669311523438e+00,4.646923020482063293e-02
5.002000000000000000e+03,7.319359302520751953e+00,4.647719860076904297e-02
5.003000000000000000e+03,7.317683696746826172e+00,4.647936299443244934e-02
5.004000000000000000e+03,7.316422939300537109e+00,4.649058356881141663e-02
5.005000000000000000e+03,7.314064502716064453e+00,4.652024060487747192e-02
5.006000000000000000e+03,7.312297344207763672e+00,4.651759564876556396e-02
5.007000000000000000e+03,7.310868263244628906e+00,4.649889841675758362e-02
5.008000000000000000e+03,7.308935165405273438e+00,4.648194834589958191e-02
5.009000000000000000e+03,7.315476894378662109e+00,4.615400359034538269e-02
5.010000000000000000e+03,7.308254241943359375e+00,4.640424251556396484e-02
5.011000000000000000e+03,7.306428432464599609e+00,4.639547318220138550e-02
5.012000000000000000e+03,7.303924560546875000e+00,4.639537259936332703e-02
5.013000000000000000e+03,7.313129901885986328e+00,4.633861780166625977e-02
5.014000000000000000e+03,7.303308486938476562e+00,4.638265445828437805e-02
5.015000000000000000e+03,7.300427913665771484e+00,4.638839885592460632e-02
5.016000000000000000e+03,7.297436237335205078e+00,4.640762507915496826e-02
5.017000000000000000e+03,7.294457912445068359e+00,4.638750106096267700e-02
5.018000000000000000e+03,7.292012214660644531e+00,4.641737788915634155e-02
5.019000000000000000e+03,7.289918899536132812e+00,4.643326997756958008e-02
5.020000000000000000e+03,7.402887821197509766e+00,4.628168791532516479e-02
5.021000000000000000e+03,7.289521694183349609e+00,4.642215743660926819e-02
5.022000000000000000e+03,7.288033485412597656e+00,4.640391469001770020e-02
5.023000000000000000e+03,7.285917758941650391e+00,4.637569189071655273e-02
5.024000000000000000e+03,7.284443855285644531e+00,4.634078964591026306e-02
5.025000000000000000e+03,7.283000469207763672e+00,4.632565751671791077e-02
5.026000000000000000e+03,3.989920043945312500e+01,5.421900749206542969e-02
5.027000000000000000e+03,7.409165859222412109e+00,4.559359699487686157e-02
5.028000000000000000e+03,7.282305240631103516e+00,4.625887051224708557e-02
5.029000000000000000e+03,7.280552864074707031e+00,4.625291377305984497e-02
5.030000000000000000e+03,7.277823448181152344e+00,4.624573141336441040e-02
5.031000000000000000e+03,7.276875495910644531e+00,4.623873904347419739e-02
5.032000000000000000e+03,7.275827884674072266e+00,4.622255265712738037e-02
5.033000000000000000e+03,7.274673461914062500e+00,4.619185999035835266e-02
5.034000000000000000e+03,7.272773742675781250e+00,4.613962396979331970e-02
5.035000000000000000e+03,7.270678997039794922e+00,4.611468687653541565e-02
5.036000000000000000e+03,7.268508434295654297e+00,4.607800394296646118e-02
5.037000000000000000e+03,7.267248153686523438e+00,4.611105099320411682e-02
5.038000000000000000e+03,7.265336990356445312e+00,4.617230966687202454e-02
5.039000000000000000e+03,7.263770580291748047e+00,4.621076211333274841e-02
5.040000000000000000e+03,7.262404918670654297e+00,4.621986672282218933e-02
5.041000000000000000e+03,7.260411262512207031e+00,4.625277593731880188e-02
5.042000000000000000e+03,7.259436130523681641e+00,4.623756930232048035e-02
5.043000000000000000e+03,7.258054256439208984e+00,4.619361832737922668e-02
5.044000000000000000e+03,7.257339477539062500e+00,4.616408795118331909e-02
5.045000000000000000e+03,7.255681514739990234e+00,4.616697877645492554e-02
5.046000000000000000e+03,7.262227535247802734e+00,4.622595384716987610e-02
5.047000000000000000e+03,7.255079746246337891e+00,4.617882147431373596e-02
5.048000000000000000e+03,7.253779411315917969e+00,4.618558287620544434e-02
5.049000000000000000e+03,7.252066135406494141e+00,4.619853571057319641e-02
5.050000000000000000e+03,7.250133514404296875e+00,4.616348445415496826e-02
5.051000000000000000e+03,7.254040241241455078e+00,4.617414250969886780e-02
5.052000000000000000e+03,7.249329090118408203e+00,4.616589099168777466e-02
5.053000000000000000e+03,7.247634887695312500e+00,4.608375951647758484e-02
5.054000000000000000e+03,7.246731758117675781e+00,4.607124626636505127e-02
5.055000000000000000e+03,7.245607852935791016e+00,4.607235640287399292e-02
5.056000000000000000e+03,7.244544982910156250e+00,4.609743133187294006e-02
5.057000000000000000e+03,7.241199970245361328e+00,4.616623371839523315e-02
5.058000000000000000e+03,7.237983703613281250e+00,4.617760330438613892e-02
5.059000000000000000e+03,7.238070011138916016e+00,4.615462198853492737e-02
5.060000000000000000e+03,7.236187458038330078e+00,4.616611450910568237e-02
5.061000000000000000e+03,7.233450889587402344e+00,4.609408974647521973e-02
5.062000000000000000e+03,7.237342357635498047e+00,4.610178619623184204e-02
5.063000000000000000e+03,7.232652187347412109e+00,4.609630256891250610e-02
5.064000000000000000e+03,7.230839729309082031e+00,4.605874419212341309e-02
5.065000000000000000e+03,7.246466636657714844e+00,4.580771178007125854e-02
5.066000000000000000e+03,7.229850769042968750e+00,4.600930213928222656e-02
5.067000000000000000e+03,7.224868774414062500e+00,4.590307548642158508e-02
5.068000000000000000e+03,7.224742889404296875e+00,4.587905853986740112e-02
5.069000000000000000e+03,7.223929405212402344e+00,4.589008912444114685e-02
5.070000000000000000e+03,7.406277656555175781e+00,4.526797309517860413e-02
5.071000000000000000e+03,7.222127914428710938e+00,4.583010822534561157e-02
5.072000000000000000e+03,7.220656871795654297e+00,4.586573317646980286e-02
5.073000000000000000e+03,7.219418048858642578e+00,4.590360447764396667e-02
5.074000000000000000e+03,7.218323230743408203e+00,4.592018947005271912e-02
5.075000000000000000e+03,7.215996265411376953e+00,4.592700675129890442e-02
5.076000000000000000e+03,7.228374958038330078e+00,4.588242620229721069e-02
5.077000000000000000e+03,7.215667247772216797e+00,4.592073336243629456e-02
5.078000000000000000e+03,7.213692665100097656e+00,4.590682312846183777e-02
5.079000000000000000e+03,7.211287498474121094e+00,4.587455838918685913e-02
5.080000000000000000e+03,7.209374904632568359e+00,4.584516957402229309e-02
5.081000000000000000e+03,7.207662582397460938e+00,4.582083225250244141e-02
5.082000000000000000e+03,7.207087039947509766e+00,4.584704712033271790e-02
5.083000000000000000e+03,7.206107139587402344e+00,4.583455622196197510e-02
5.084000000000000000e+03,7.205528736114501953e+00,4.583110660314559937e-02
5.085000000000000000e+03,7.203829288482666016e+00,4.580770432949066162e-02
5.086000000000000000e+03,7.202064037322998047e+00,4.579323530197143555e-02
5.087000000000000000e+03,7.200562477111816406e+00,4.578988254070281982e-02
5.088000000000000000e+03,7.198459625244140625e+00,4.583171755075454712e-02
5.089000000000000000e+03,7.196808338165283203e+00,4.582342877984046936e-02
5.090000000000000000e+03,7.195005416870117188e+00,4.584069177508354187e-02
5.091000000000000000e+03,7.191824436187744141e+00,4.588940367102622986e-02
5.092000000000000000e+03,7.189883708953857422e+00,4.587691649794578552e-02
5.093000000000000000e+03,7.185234069824218750e+00,4.582104086875915527e-02
5.094000000000000000e+03,7.182456493377685547e+00,4.574658349156379700e-02
5.095000000000000000e+03,7.179738998413085938e+00,4.565208777785301208e-02
5.096000000000000000e+03,7.177948474884033203e+00,4.562307521700859070e-02
5.097000000000000000e+03,7.177141666412353516e+00,4.570665955543518066e-02
5.098000000000000000e+03,7.175401210784912109e+00,4.563458263874053955e-02
5.099000000000000000e+03,7.174488544464111328e+00,4.560249671339988708e-02
5.100000000000000000e+03,7.172379970550537109e+00,4.555755481123924255e-02
5.101000000000000000e+03,7.171784877777099609e+00,4.554895684123039246e-02
5.102000000000000000e+03,7.172063827514648438e+00,4.554629325866699219e-02
5.103000000000000000e+03,7.170998096466064453e+00,4.554741084575653076e-02
5.104000000000000000e+03,8.052830696105957031e+00,4.662960767745971680e-02
5.105000000000000000e+03,7.169948577880859375e+00,4.557854309678077698e-02
5.106000000000000000e+03,7.168736934661865234e+00,4.559802636504173279e-02
5.107000000000000000e+03,7.165287494659423828e+00,4.571247845888137817e-02
5.108000000000000000e+03,7.164103031158447266e+00,4.579754173755645752e-02
5.109000000000000000e+03,7.162012577056884766e+00,4.581692069768905640e-02
5.110000000000000000e+03,7.158423900604248047e+00,4.586049169301986694e-02
5.111000000000000000e+03,7.154896736145019531e+00,4.587623476982116699e-02
5.112000000000000000e+03,7.151479721069335938e+00,4.590095579624176025e-02
5.113000000000000000e+03,7.148477554321289062e+00,4.585851728916168213e-02
5.114000000000000000e+03,7.146309375762939453e+00,4.578119888901710510e-02
5.115000000000000000e+03,7.145019054412841797e+00,4.579810798168182373e-02
5.116000000000000000e+03,7.143774509429931641e+00,4.579412564635276794e-02
5.117000000000000000e+03,7.142565727233886719e+00,4.573804512619972229e-02
5.118000000000000000e+03,7.140057086944580078e+00,4.576777666807174683e-02
5.119000000000000000e+03,7.138337612152099609e+00,4.575634747743606567e-02
5.120000000000000000e+03,7.133985519409179688e+00,4.573789983987808228e-02
5.121000000000000000e+03,7.130632400512695312e+00,4.566882550716400146e-02
5.122000000000000000e+03,7.127670764923095703e+00,4.563898593187332153e-02
5.123000000000000000e+03,7.126008033752441406e+00,4.561245068907737732e-02
5.124000000000000000e+03,7.124797344207763672e+00,4.564275965094566345e-02
5.125000000000000000e+03,7.123882770538330078e+00,4.565911367535591125e-02
5.126000000000000000e+03,7.122746467590332031e+00,4.567223787307739258e-02
5.127000000000000000e+03,7.121834278106689453e+00,4.575291275978088379e-02
5.128000000000000000e+03,7.118915081024169922e+00,4.568082839250564575e-02
5.129000000000000000e+03,7.116331577301025391e+00,4.562562704086303711e-02
5.130000000000000000e+03,7.112766265869140625e+00,4.553687945008277893e-02
5.131000000000000000e+03,7.166011333465576172e+00,4.550410062074661255e-02
5.132000000000000000e+03,7.112356185913085938e+00,4.553382471203804016e-02
5.133000000000000000e+03,7.111324310302734375e+00,4.555555060505867004e-02
5.134000000000000000e+03,7.109307765960693359e+00,4.550189524888992310e-02
5.135000000000000000e+03,7.141813755035400391e+00,4.544101655483245850e-02
5.136000000000000000e+03,7.108942508697509766e+00,4.549534991383552551e-02
5.137000000000000000e+03,7.106446743011474609e+00,4.551498219370841980e-02
5.138000000000000000e+03,7.113292217254638672e+00,4.568805545568466187e-02
5.139000000000000000e+03,7.103902339935302734e+00,4.557274654507637024e-02
5.140000000000000000e+03,7.099626064300537109e+00,4.556364938616752625e-02
5.141000000000000000e+03,7.097453117370605469e+00,4.552385210990905762e-02
5.142000000000000000e+03,7.092312812805175781e+00,4.537850990891456604e-02
5.143000000000000000e+03,7.102582931518554688e+00,4.548347368836402893e-02
5.144000000000000000e+03,7.091284275054931641e+00,4.539893567562103271e-02
5.145000000000000000e+03,7.088260650634765625e+00,4.535575211048126221e-02
5.146000000000000000e+03,7.083459854125976562e+00,4.534769430756568909e-02
5.147000000000000000e+03,7.079778194427490234e+00,4.537457972764968872e-02
5.148000000000000000e+03,7.076250553131103516e+00,4.540677741169929504e-02
5.149000000000000000e+03,7.072869777679443359e+00,4.533682391047477722e-02
5.150000000000000000e+03,7.070868015289306641e+00,4.534237831830978394e-02
5.151000000000000000e+03,7.069225788116455078e+00,4.531569033861160278e-02
5.152000000000000000e+03,7.067903518676757812e+00,4.529085010290145874e-02
5.153000000000000000e+03,7.066474914550781250e+00,4.529274627566337585e-02
5.154000000000000000e+03,7.064070701599121094e+00,4.530156403779983521e-02
5.155000000000000000e+03,7.067675590515136719e+00,4.551234841346740723e-02
5.156000000000000000e+03,7.062710285186767578e+00,4.537349566817283630e-02
5.157000000000000000e+03,7.060798168182373047e+00,4.539258405566215515e-02
5.158000000000000000e+03,7.071293830871582031e+00,4.544328153133392334e-02
5.159000000000000000e+03,7.059934139251708984e+00,4.540231823921203613e-02
5.160000000000000000e+03,7.065616607666015625e+00,4.552058130502700806e-02
5.161000000000000000e+03,7.056420326232910156e+00,4.544797912240028381e-02
5.162000000000000000e+03,7.054888725280761719e+00,4.544917866587638855e-02
5.163000000000000000e+03,7.051666736602783203e+00,4.542911052703857422e-02
5.164000000000000000e+03,7.051393508911132812e+00,4.537503048777580261e-02
5.165000000000000000e+03,7.048940181732177734e+00,4.546575993299484253e-02
5.166000000000000000e+03,7.046741485595703125e+00,4.544985666871070862e-02
5.167000000000000000e+03,7.043349266052246094e+00,4.542964324355125427e-02
5.168000000000000000e+03,7.040309429168701172e+00,4.544802010059356689e-02
5.169000000000000000e+03,7.036829471588134766e+00,4.550180956721305847e-02
5.170000000000000000e+03,7.033505916595458984e+00,4.555464535951614380e-02
5.171000000000000000e+03,7.030027389526367188e+00,4.556082561612129211e-02
5.172000000000000000e+03,7.026552200317382812e+00,4.550046473741531372e-02
5.173000000000000000e+03,7.023099899291992188e+00,4.541079699993133545e-02
5.174000000000000000e+03,7.020577430725097656e+00,4.530984908342361450e-02
5.175000000000000000e+03,7.018778324127197266e+00,4.529162123799324036e-02
5.176000000000000000e+03,7.017103672027587891e+00,4.532162472605705261e-02
5.177000000000000000e+03,7.015194892883300781e+00,4.540500417351722717e-02
5.178000000000000000e+03,7.228916645050048828e+00,4.599149897694587708e-02
5.179000000000000000e+03,7.014994144439697266e+00,4.542212933301925659e-02
5.180000000000000000e+03,7.012841224670410156e+00,4.550570622086524963e-02
5.181000000000000000e+03,7.010443687438964844e+00,4.568248614668846130e-02
5.182000000000000000e+03,7.007350921630859375e+00,4.567995294928550720e-02
5.183000000000000000e+03,7.003183841705322266e+00,4.570309072732925415e-02
5.184000000000000000e+03,7.001016616821289062e+00,4.569324851036071777e-02
5.185000000000000000e+03,6.999907493591308594e+00,4.578075930476188660e-02
5.186000000000000000e+03,6.996655941009521484e+00,4.566441103816032410e-02
5.187000000000000000e+03,6.994836330413818359e+00,4.567760601639747620e-02
5.188000000000000000e+03,6.993962764739990234e+00,4.572099447250366211e-02
5.189000000000000000e+03,6.991492748260498047e+00,4.568953439593315125e-02
5.190000000000000000e+03,6.990773677825927734e+00,4.569904133677482605e-02
5.191000000000000000e+03,6.989660263061523438e+00,4.571412503719329834e-02
5.192000000000000000e+03,6.988976001739501953e+00,4.573399573564529419e-02
5.193000000000000000e+03,6.989879131317138672e+00,4.578629508614540100e-02
5.194000000000000000e+03,6.988698959350585938e+00,4.575080797076225281e-02
5.195000000000000000e+03,6.987863063812255859e+00,4.576717689633369446e-02
5.196000000000000000e+03,6.986973762512207031e+00,4.573113843798637390e-02
5.197000000000000000e+03,6.985847949981689453e+00,4.574200510978698730e-02
5.198000000000000000e+03,6.984216213226318359e+00,4.572990164160728455e-02
5.199000000000000000e+03,6.982800006866455078e+00,4.569653049111366272e-02
5.200000000000000000e+03,6.981929779052734375e+00,4.566797241568565369e-02
5.201000000000000000e+03,6.981052398681640625e+00,4.564011469483375549e-02
5.202000000000000000e+03,6.980134010314941406e+00,4.562389850616455078e-02
5.203000000000000000e+03,6.978876590728759766e+00,4.560300335288047791e-02
5.204000000000000000e+03,7.075160980224609375e+00,4.568572714924812317e-02
5.205000000000000000e+03,6.978707313537597656e+00,4.560736566781997681e-02
5.206000000000000000e+03,6.977439403533935547e+00,4.557482153177261353e-02
5.207000000000000000e+03,6.976421833038330078e+00,4.554405063390731812e-02
5.208000000000000000e+03,6.975130558013916016e+00,4.550877958536148071e-02
5.209000000000000000e+03,6.974040031433105469e+00,4.547455161809921265e-02
5.210000000000000000e+03,6.972506046295166016e+00,4.545794054865837097e-02
5.211000000000000000e+03,6.969924926757812500e+00,4.542231932282447815e-02
5.212000000000000000e+03,6.968030452728271484e+00,4.540558159351348877e-02
5.213000000000000000e+03,6.965507030487060547e+00,4.539123550057411194e-02
5.214000000000000000e+03,6.989565372467041016e+00,4.535520821809768677e-02
5.215000000000000000e+03,6.965112686157226562e+00,4.538710787892341614e-02
5.216000000000000000e+03,6.962326049804687500e+00,4.538029804825782776e-02
5.217000000000000000e+03,6.959101676940917969e+00,4.538305476307868958e-02
5.218000000000000000e+03,7.334543704986572266e+00,4.455868154764175415e-02
5.219000000000000000e+03,6.957742214202880859e+00,4.531779140233993530e-02
5.220000000000000000e+03,6.955130577087402344e+00,4.530331492424011230e-02
5.221000000000000000e+03,6.952705383300781250e+00,4.524089395999908447e-02
5.222000000000000000e+03,6.951077461242675781e+00,4.518945142626762390e-02
5.223000000000000000e+03,6.949532985687255859e+00,4.512014240026473999e-02
5.224000000000000000e+03,6.948217391967773438e+00,4.509160667657852173e-02
5.225000000000000000e+03,6.947110176086425781e+00,4.508657753467559814e-02
5.226000000000000000e+03,6.999746322631835938e+00,4.487912729382514954e-02
5.227000000000000000e+03,6.946836948394775391e+00,4.507020115852355957e-02
5.228000000000000000e+03,6.945459842681884766e+00,4.510226100683212280e-02
5.229000000000000000e+03,6.943636894226074219e+00,4.514745995402336121e-02
5.230000000000000000e+03,6.941828250885009766e+00,4.518904909491539001e-02
5.231000000000000000e+03,6.940103054046630859e+00,4.524241760373115540e-02
5.232000000000000000e+03,6.940136432647705078e+00,4.529500007629394531e-02
5.233000000000000000e+03,6.939100742340087891e+00,4.526850208640098572e-02
5.234000000000000000e+03,6.937470436096191406e+00,4.525743052363395691e-02
5.235000000000000000e+03,6.935346603393554688e+00,4.524040594696998596e-02
5.236000000000000000e+03,6.934091567993164062e+00,4.519644752144813538e-02
5.237000000000000000e+03,6.932625770568847656e+00,4.517574980854988098e-02
5.238000000000000000e+03,6.931232929229736328e+00,4.514331743121147156e-02
5.239000000000000000e+03,6.929287910461425781e+00,4.512223601341247559e-02
5.240000000000000000e+03,6.927033424377441406e+00,4.509802907705307007e-02
5.241000000000000000e+03,1.194420654296875000e+03,4.660632461309432983e-02
5.242000000000000000e+03,2.270224952697753906e+01,4.418640956282615662e-02
5.243000000000000000e+03,7.077285289764404297e+00,4.492537677288055420e-02
5.244000000000000000e+03,6.926905632019042969e+00,4.509223625063896179e-02
5.245000000000000000e+03,6.924207687377929688e+00,4.506020247936248779e-02
5.246000000000000000e+03,6.922055244445800781e+00,4.504192247986793518e-02
5.247000000000000000e+03,6.921336650848388672e+00,4.508457332849502563e-02
5.248000000000000000e+03,6.919703006744384766e+00,4.507618024945259094e-02
5.249000000000000000e+03,6.918122291564941406e+00,4.509489238262176514e-02
5.250000000000000000e+03,6.915614128112792969e+00,4.514329507946968079e-02
5.251000000000000000e+03,6.913887500762939453e+00,4.518935829401016235e-02
5.252000000000000000e+03,6.912437438964843750e+00,4.518080502748489380e-02
5.253000000000000000e+03,6.910789489746093750e+00,4.518980532884597778e-02
5.254000000000000000e+03,6.909551620483398438e+00,4.516984522342681885e-02
5.255000000000000000e+03,6.908327579498291016e+00,4.517620801925659180e-02
5.256000000000000000e+03,6.906103610992431641e+00,4.523365944623947144e-02
5.257000000000000000e+03,6.904205322265625000e+00,4.530742019414901733e-02
5.258000000000000000e+03,6.924172878265380859e+00,4.558641463518142700e-02
5.259000000000000000e+03,6.903808593750000000e+00,4.534121230244636536e-02
5.260000000000000000e+03,6.902506351470947266e+00,4.538194835186004639e-02
5.261000000000000000e+03,6.901487350463867188e+00,4.539619013667106628e-02
5.262000000000000000e+03,6.900449752807617188e+00,4.536053910851478577e-02
5.263000000000000000e+03,6.901566028594970703e+00,4.529212787747383118e-02
5.264000000000000000e+03,6.899630069732666016e+00,4.533337056636810303e-02
5.265000000000000000e+03,6.904070854187011719e+00,4.519337788224220276e-02
5.266000000000000000e+03,6.899307250976562500e+00,4.530275613069534302e-02
5.267000000000000000e+03,6.900411605834960938e+00,4.524252191185951233e-02
5.268000000000000000e+03,6.898569583892822266e+00,4.527718573808670044e-02
5.269000000000000000e+03,6.902642726898193359e+00,4.518780112266540527e-02
5.270000000000000000e+03,6.896436214447021484e+00,4.524248465895652771e-02
5.271000000000000000e+03,6.894793987274169922e+00,4.527143016457557678e-02
5.272000000000000000e+03,6.892148494720458984e+00,4.536235705018043518e-02
5.273000000000000000e+03,6.890811920166015625e+00,4.538397118449211121e-02
5.274000000000000000e+03,6.888833045959472656e+00,4.539067298173904419e-02
5.275000000000000000e+03,6.886812686920166016e+00,4.537632316350936890e-02
5.276000000000000000e+03,6.885785102844238281e+00,4.533264786005020142e-02
5.277000000000000000e+03,6.885013580322265625e+00,4.530433937907218933e-02
5.278000000000000000e+03,6.883240699768066406e+00,4.526204615831375122e-02
5.279000000000000000e+03,6.881704330444335938e+00,4.526108875870704651e-02
5.280000000000000000e+03,6.880068302154541016e+00,4.529050365090370178e-02
5.281000000000000000e+03,6.879024505615234375e+00,4.529499635100364685e-02
5.282000000000000000e+03,6.878430843353271484e+00,4.540830105543136597e-02
5.283000000000000000e+03,6.876602649688720703e+00,4.534784331917762756e-02
5.284000000000000000e+03,6.874763488769531250e+00,4.536933451890945435e-02
5.285000000000000000e+03,6.873230934143066406e+00,4.545317590236663818e-02
5.286000000000000000e+03,6.871640205383300781e+00,4.545054957270622253e-02
5.287000000000000000e+03,6.871201038360595703e+00,4.546807333827018738e-02
5.288000000000000000e+03,6.870392799377441406e+00,4.548189416527748108e-02
5.289000000000000000e+03,6.876327991485595703e+00,4.548099264502525330e-02
5.290000000000000000e+03,6.869838237762451172e+00,4.548084735870361328e-02
5.291000000000000000e+03,6.868655204772949219e+00,4.546985775232315063e-02
5.292000000000000000e+03,6.868194103240966797e+00,4.543748125433921814e-02
5.293000000000000000e+03,6.867784500122070312e+00,4.538169130682945251e-02
5.294000000000000000e+03,6.867462635040283203e+00,4.535807296633720398e-02
5.295000000000000000e+03,6.866736888885498047e+00,4.532676562666893005e-02
5.296000000000000000e+03,6.866173267364501953e+00,4.532841965556144714e-02
5.297000000000000000e+03,6.865516185760498047e+00,4.535346105694770813e-02
5.298000000000000000e+03,6.864880084991455078e+00,4.538638517260551453e-02
5.299000000000000000e+03,6.864008903503417969e+00,4.542029649019241333e-02
5.300000000000000000e+03,6.862936973571777344e+00,4.543512314558029175e-02
5.301000000000000000e+03,6.915536880493164062e+00,4.564945027232170105e-02
5.302000000000000000e+03,6.862670898437500000e+00,4.545090720057487488e-02
5.303000000000000000e+03,6.861734390258789062e+00,4.541806876659393311e-02
5.304000000000000000e+03,6.860706329345703125e+00,4.534896463155746460e-02
5.305000000000000000e+03,6.860488891601562500e+00,4.526631161570549011e-02
5.306000000000000000e+03,6.859839916229248047e+00,4.524340480566024780e-02
5.307000000000000000e+03,6.859383583068847656e+00,4.527770727872848511e-02
5.308000000000000000e+03,6.858651161193847656e+00,4.529958963394165039e-02
5.309000000000000000e+03,6.858094215393066406e+00,4.530096054077148438e-02
5.310000000000000000e+03,6.857526302337646484e+00,4.528201371431350708e-02
5.311000000000000000e+03,6.856954574584960938e+00,4.525449499487876892e-02
5.312000000000000000e+03,6.856353759765625000e+00,4.523767903447151184e-02
5.313000000000000000e+03,6.855163574218750000e+00,4.525393247604370117e-02
5.314000000000000000e+03,6.853646278381347656e+00,4.531161487102508545e-02
5.315000000000000000e+03,6.867390155792236328e+00,4.551461711525917053e-02
5.316000000000000000e+03,6.853342533111572266e+00,4.533772543072700500e-02
5.317000000000000000e+03,6.852014064788818359e+00,4.540141671895980835e-02
5.318000000000000000e+03,6.851305961608886719e+00,4.543758556246757507e-02
5.319000000000000000e+03,6.849833965301513672e+00,4.547327011823654175e-02
5.320000000000000000e+03,6.848504066467285156e+00,4.544564336538314819e-02
5.321000000000000000e+03,6.845374107360839844e+00,4.540290683507919312e-02
5.322000000000000000e+03,6.863502025604248047e+00,4.521957039833068848e-02
5.323000000000000000e+03,6.844989299774169922e+00,4.537978023290634155e-02
5.324000000000000000e+03,6.842962265014648438e+00,4.533930122852325439e-02
5.325000000000000000e+03,6.909559726715087891e+00,4.535761848092079163e-02
5.326000000000000000e+03,6.842772960662841797e+00,4.533968493342399597e-02
5.327000000000000000e+03,6.981721878051757812e+00,4.557014256715774536e-02
5.328000000000000000e+03,6.842508792877197266e+00,4.534538835287094116e-02
5.329000000000000000e+03,6.907955646514892578e+00,4.571245238184928894e-02
5.330000000000000000e+03,6.841795444488525391e+00,4.537786170840263367e-02
5.331000000000000000e+03,6.839735984802246094e+00,4.540413990616798401e-02
5.332000000000000000e+03,6.837139606475830078e+00,4.544018581509590149e-02
5.333000000000000000e+03,6.834618091583251953e+00,4.550451785326004028e-02
5.334000000000000000e+03,6.832293987274169922e+00,4.552765190601348877e-02
5.335000000000000000e+03,6.830744743347167969e+00,4.553927108645439148e-02
5.336000000000000000e+03,6.912427902221679688e+00,4.538825526833534241e-02
5.337000000000000000e+03,6.830024242401123047e+00,4.552504420280456543e-02
5.338000000000000000e+03,6.839628219604492188e+00,4.555479809641838074e-02
5.339000000000000000e+03,6.829782485961914062e+00,4.552892223000526428e-02
5.340000000000000000e+03,6.845805168151855469e+00,4.552128538489341736e-02
5.341000000000000000e+03,6.829039573669433594e+00,4.552730172872543335e-02
5.342000000000000000e+03,6.828072547912597656e+00,4.552819952368736267e-02
5.343000000000000000e+03,6.826779842376708984e+00,4.551975429058074951e-02
5.344000000000000000e+03,6.825589179992675781e+00,4.552096873521804810e-02
5.345000000000000000e+03,6.824164867401123047e+00,4.551493003964424133e-02
5.346000000000000000e+03,6.823048114776611328e+00,4.551108554005622864e-02
5.347000000000000000e+03,6.820813655853271484e+00,4.549432173371315002e-02
5.348000000000000000e+03,6.818208217620849609e+00,4.546372592449188232e-02
5.349000000000000000e+03,6.820612907409667969e+00,4.550821706652641296e-02
5.350000000000000000e+03,6.816303730010986328e+00,4.548035934567451477e-02
5.351000000000000000e+03,6.870634555816650391e+00,4.551956430077552795e-02
5.352000000000000000e+03,6.814666748046875000e+00,4.547617584466934204e-02
5.353000000000000000e+03,6.812437057495117188e+00,4.549126699566841125e-02
5.354000000000000000e+03,6.809123039245605469e+00,4.555324465036392212e-02
5.355000000000000000e+03,6.808342933654785156e+00,4.557163268327713013e-02
5.356000000000000000e+03,6.807249069213867188e+00,4.558883607387542725e-02
5.357000000000000000e+03,6.806657314300537109e+00,4.558610171079635620e-02
5.358000000000000000e+03,6.805397510528564453e+00,4.557195678353309631e-02
5.359000000000000000e+03,6.804203033447265625e+00,4.555783793330192566e-02
5.360000000000000000e+03,6.809830188751220703e+00,4.571917280554771423e-02
5.361000000000000000e+03,6.803586959838867188e+00,4.559743404388427734e-02
5.362000000000000000e+03,6.802555561065673828e+00,4.559520259499549866e-02
5.363000000000000000e+03,6.801315307617187500e+00,4.561045020818710327e-02
5.364000000000000000e+03,6.800363063812255859e+00,4.563529789447784424e-02
5.365000000000000000e+03,6.819890975952148438e+00,4.573483392596244812e-02
5.366000000000000000e+03,6.800247669219970703e+00,4.564164578914642334e-02
5.367000000000000000e+03,6.799347877502441406e+00,4.567110911011695862e-02
5.368000000000000000e+03,6.815026283264160156e+00,4.588150605559349060e-02
5.369000000000000000e+03,6.799242973327636719e+00,4.568474739789962769e-02
5.370000000000000000e+03,6.798365116119384766e+00,4.570245370268821716e-02
5.371000000000000000e+03,6.802998065948486328e+00,4.564449563622474670e-02
5.372000000000000000e+03,6.797991752624511719e+00,4.568982124328613281e-02
5.373000000000000000e+03,6.796911239624023438e+00,4.567844420671463013e-02
5.374000000000000000e+03,6.795849800109863281e+00,4.563900455832481384e-02
5.375000000000000000e+03,6.823124408721923828e+00,4.587700217962265015e-02
5.376000000000000000e+03,6.795808792114257812e+00,4.564982652664184570e-02
5.377000000000000000e+03,6.797320365905761719e+00,4.567237198352813721e-02
5.378000000000000000e+03,6.795675277709960938e+00,4.565520212054252625e-02
5.379000000000000000e+03,6.795056343078613281e+00,4.556688666343688965e-02
5.380000000000000000e+03,6.794541358947753906e+00,4.559266939759254456e-02
5.381000000000000000e+03,6.793590068817138672e+00,4.564676806330680847e-02
5.382000000000000000e+03,6.792310714721679688e+00,4.568467289209365845e-02
5.383000000000000000e+03,6.790852069854736328e+00,4.571635276079177856e-02
5.384000000000000000e+03,6.802924156188964844e+00,4.597534611821174622e-02
5.385000000000000000e+03,6.790537834167480469e+00,4.575360566377639771e-02
5.386000000000000000e+03,6.789407253265380859e+00,4.572711139917373657e-02
5.387000000000000000e+03,6.788383960723876953e+00,4.567920416593551636e-02
5.388000000000000000e+03,6.787604331970214844e+00,4.564908519387245178e-02
5.389000000000000000e+03,6.786511898040771484e+00,4.562608152627944946e-02
5.390000000000000000e+03,6.785698413848876953e+00,4.565756022930145264e-02
5.391000000000000000e+03,6.785160064697265625e+00,4.556454718112945557e-02
5.392000000000000000e+03,6.795288085937500000e+00,4.591902717947959900e-02
5.393000000000000000e+03,6.784749031066894531e+00,4.562353342771530151e-02
5.394000000000000000e+03,6.783464431762695312e+00,4.566419869661331177e-02
5.395000000000000000e+03,6.781495094299316406e+00,4.570643231272697449e-02
5.396000000000000000e+03,6.780113697052001953e+00,4.571215435862541199e-02
5.397000000000000000e+03,6.786824703216552734e+00,4.564657062292098999e-02
5.398000000000000000e+03,6.779824256896972656e+00,4.570090398192405701e-02
5.399000000000000000e+03,6.778442382812500000e+00,4.568301141262054443e-02
5.400000000000000000e+03,6.777212142944335938e+00,4.562666639685630798e-02
5.401000000000000000e+03,6.775694370269775391e+00,4.557981342077255249e-02
5.402000000000000000e+03,6.773770332336425781e+00,4.551444947719573975e-02
5.403000000000000000e+03,6.772449493408203125e+00,4.551132768392562866e-02
5.404000000000000000e+03,6.769743442535400391e+00,4.555368795990943909e-02
5.405000000000000000e+03,6.767748355865478516e+00,4.559839144349098206e-02
5.406000000000000000e+03,6.766399860382080078e+00,4.561179131269454956e-02
5.407000000000000000e+03,6.765575885772705078e+00,4.559889063239097595e-02
5.408000000000000000e+03,6.764513492584228516e+00,4.557109996676445007e-02
5.409000000000000000e+03,6.763560771942138672e+00,4.555044695734977722e-02
5.410000000000000000e+03,6.761631965637207031e+00,4.552147909998893738e-02
5.411000000000000000e+03,6.759887695312500000e+00,4.551954939961433411e-02
5.412000000000000000e+03,6.758008956909179688e+00,4.554579034447669983e-02
5.413000000000000000e+03,6.758591175079345703e+00,4.563381522893905640e-02
5.414000000000000000e+03,6.757465362548828125e+00,4.558124765753746033e-02
5.415000000000000000e+03,6.756867408752441406e+00,4.559064656496047974e-02
5.416000000000000000e+03,6.756111145019531250e+00,4.558864980936050415e-02
5.417000000000000000e+03,6.756374835968017578e+00,4.544831067323684692e-02
5.418000000000000000e+03,6.755323410034179688e+00,4.552335664629936218e-02
5.419000000000000000e+03,6.754375934600830078e+00,4.552900791168212891e-02
5.420000000000000000e+03,6.753688335418701172e+00,4.553958401083946228e-02
5.421000000000000000e+03,6.753026485443115234e+00,4.555623605847358704e-02
5.422000000000000000e+03,6.752088069915771484e+00,4.556340351700782776e-02
5.423000000000000000e+03,6.753529071807861328e+00,4.551742598414421082e-02
5.424000000000000000e+03,6.751718521118164062e+00,4.554862901568412781e-02
5.425000000000000000e+03,6.751034736633300781e+00,4.554824531078338623e-02
5.426000000000000000e+03,6.750247955322265625e+00,4.555992782115936279e-02
5.427000000000000000e+03,6.749635219573974609e+00,4.555259272456169128e-02
5.428000000000000000e+03,6.748954772949218750e+00,4.555676877498626709e-02
5.429000000000000000e+03,6.748537063598632812e+00,4.556619003415107727e-02
5.430000000000000000e+03,6.748203277587890625e+00,4.557156562805175781e-02
5.431000000000000000e+03,6.753088951110839844e+00,4.560034722089767456e-02
5.432000000000000000e+03,6.748032569885253906e+00,4.557589441537857056e-02
5.433000000000000000e+03,6.763053417205810547e+00,4.567036405205726624e-02
5.434000000000000000e+03,6.747534275054931641e+00,4.558965936303138733e-02
5.435000000000000000e+03,6.747007846832275391e+00,4.556645452976226807e-02
5.436000000000000000e+03,6.746194839477539062e+00,4.554214328527450562e-02
5.437000000000000000e+03,6.766638755798339844e+00,4.591345041990280151e-02
5.438000000000000000e+03,6.746128559112548828e+00,4.556179791688919067e-02
5.439000000000000000e+03,6.745179176330566406e+00,4.554577171802520752e-02
5.440000000000000000e+03,6.744280338287353516e+00,4.558473080396652222e-02
5.441000000000000000e+03,6.744744777679443359e+00,4.567040130496025085e-02
5.442000000000000000e+03,6.743900775909423828e+00,4.561887681484222412e-02
5.443000000000000000e+03,6.742615699768066406e+00,4.565803334116935730e-02
5.444000000000000000e+03,6.741276741027832031e+00,4.566286876797676086e-02
5.445000000000000000e+03,7.233631134033203125e+00,4.576468840241432190e-02
5.446000000000000000e+03,6.741096973419189453e+00,4.566446691751480103e-02
5.447000000000000000e+03,6.739221096038818359e+00,4.564363136887550354e-02
5.448000000000000000e+03,6.737759590148925781e+00,4.562628269195556641e-02
5.449000000000000000e+03,6.736462593078613281e+00,4.560068994760513306e-02
5.450000000000000000e+03,6.734858512878417969e+00,4.561319947242736816e-02
5.451000000000000000e+03,6.733016967773437500e+00,4.564790427684783936e-02
5.452000000000000000e+03,6.731410980224609375e+00,4.572818428277969360e-02
5.453000000000000000e+03,6.730393409729003906e+00,4.572952166199684143e-02
5.454000000000000000e+03,6.729451656341552734e+00,4.573836550116539001e-02
5.455000000000000000e+03,6.726701259613037109e+00,4.576217383146286011e-02
5.456000000000000000e+03,6.724748134613037109e+00,4.577565193176269531e-02
5.457000000000000000e+03,6.722502231597900391e+00,4.578381404280662537e-02
5.458000000000000000e+03,6.720735073089599609e+00,4.577253013849258423e-02
5.459000000000000000e+03,6.717383384704589844e+00,4.574757069349288940e-02
5.460000000000000000e+03,6.713183403015136719e+00,4.571710899472236633e-02
5.461000000000000000e+03,6.709197521209716797e+00,4.570016637444496155e-02
5.462000000000000000e+03,6.703495025634765625e+00,4.565498605370521545e-02
5.463000000000000000e+03,6.699195384979248047e+00,4.563145712018013000e-02
5.464000000000000000e+03,6.696669578552246094e+00,4.558291286230087280e-02
5.465000000000000000e+03,6.695002555847167969e+00,4.558518156409263611e-02
5.466000000000000000e+03,6.691822052001953125e+00,4.558751732110977173e-02
5.467000000000000000e+03,6.689034938812255859e+00,4.557786509394645691e-02
5.468000000000000000e+03,6.686041831970214844e+00,4.556950926780700684e-02
5.469000000000000000e+03,6.683625698089599609e+00,4.556964337825775146e-02
5.470000000000000000e+03,7.108028888702392578e+00,4.597093909978866577e-02
5.471000000000000000e+03,6.683396816253662109e+00,4.556842893362045288e-02
5.472000000000000000e+03,6.681286811828613281e+00,4.555461928248405457e-02
5.473000000000000000e+03,6.679688453674316406e+00,4.552934691309928894e-02
5.474000000000000000e+03,6.679610252380371094e+00,4.553436115384101868e-02
5.475000000000000000e+03,6.678513050079345703e+00,4.553178325295448303e-02
5.476000000000000000e+03,6.677884578704833984e+00,4.549208655953407288e-02
5.477000000000000000e+03,6.675973415374755859e+00,4.549416527152061462e-02
5.478000000000000000e+03,6.674635887145996094e+00,4.549990221858024597e-02
5.479000000000000000e+03,6.671751022338867188e+00,4.550679400563240051e-02
5.480000000000000000e+03,6.669336795806884766e+00,4.550449550151824951e-02
5.481000000000000000e+03,6.667047023773193359e+00,4.550986364483833313e-02
5.482000000000000000e+03,6.742068290710449219e+00,4.534045606851577759e-02
5.483000000000000000e+03,6.666719436645507812e+00,4.549684002995491028e-02
5.484000000000000000e+03,6.664605617523193359e+00,4.549759626388549805e-02
5.485000000000000000e+03,7.027396678924560547e+00,4.507825896143913269e-02
5.486000000000000000e+03,6.664098262786865234e+00,4.548089578747749329e-02
5.487000000000000000e+03,6.661285877227783203e+00,4.548858851194381714e-02
5.488000000000000000e+03,6.658498287200927734e+00,4.549452662467956543e-02
5.489000000000000000e+03,6.655423164367675781e+00,4.551551118493080139e-02
5.490000000000000000e+03,6.659341335296630859e+00,4.540082439780235291e-02
5.491000000000000000e+03,6.654733657836914062e+00,4.548288509249687195e-02
5.492000000000000000e+03,6.655239105224609375e+00,4.562854766845703125e-02
5.493000000000000000e+03,6.652332782745361328e+00,4.555167630314826965e-02
5.494000000000000000e+03,6.650714397430419922e+00,4.554065316915512085e-02
5.495000000000000000e+03,6.647998809814453125e+00,4.554083198308944702e-02
5.496000000000000000e+03,6.646409034729003906e+00,4.556501284241676331e-02
5.497000000000000000e+03,6.643268585205078125e+00,4.564386233687400818e-02
5.498000000000000000e+03,6.641213893890380859e+00,4.572539404034614563e-02
5.499000000000000000e+03,6.639566421508789062e+00,4.576494172215461731e-02
5.500000000000000000e+03,6.636375427246093750e+00,4.574571922421455383e-02
5.501000000000000000e+03,6.633991718292236328e+00,4.579688608646392822e-02
5.502000000000000000e+03,6.629467964172363281e+00,4.579766467213630676e-02
5.503000000000000000e+03,6.625964641571044922e+00,4.577306658029556274e-02
5.504000000000000000e+03,6.625246047973632812e+00,4.575416073203086853e-02
5.505000000000000000e+03,6.621380805969238281e+00,4.576051980257034302e-02
5.506000000000000000e+03,6.620117664337158203e+00,4.576351866126060486e-02
5.507000000000000000e+03,6.617283344268798828e+00,4.574496671557426453e-02
5.508000000000000000e+03,6.614470958709716797e+00,4.571456089615821838e-02
5.509000000000000000e+03,6.610479354858398438e+00,4.567752033472061157e-02
5.510000000000000000e+03,6.608222961425781250e+00,4.563878849148750305e-02
5.511000000000000000e+03,6.604867935180664062e+00,4.562177509069442749e-02
5.512000000000000000e+03,6.601997375488281250e+00,4.564253240823745728e-02
5.513000000000000000e+03,6.599672317504882812e+00,4.565989598631858826e-02
5.514000000000000000e+03,6.597045421600341797e+00,4.566682502627372742e-02
5.515000000000000000e+03,6.594036579132080078e+00,4.566856846213340759e-02
5.516000000000000000e+03,6.593851089477539062e+00,4.563704133033752441e-02
5.517000000000000000e+03,6.592571258544921875e+00,4.565228149294853210e-02
5.518000000000000000e+03,6.603580951690673828e+00,4.546152427792549133e-02
5.519000000000000000e+03,6.590107917785644531e+00,4.559355229139328003e-02
5.520000000000000000e+03,6.618893146514892578e+00,4.612288624048233032e-02
5.521000000000000000e+03,6.589000701904296875e+00,4.567856341600418091e-02
5.522000000000000000e+03,6.587336063385009766e+00,4.569424688816070557e-02
5.523000000000000000e+03,6.585832118988037109e+00,4.573800787329673767e-02
5.524000000000000000e+03,6.584673881530761719e+00,4.576506093144416809e-02
5.525000000000000000e+03,6.610551357269287109e+00,4.616364464163780212e-02
5.526000000000000000e+03,6.584223270416259766e+00,4.581064730882644653e-02
5.527000000000000000e+03,6.599912643432617188e+00,4.575435817241668701e-02
5.528000000000000000e+03,6.583019733428955078e+00,4.579739272594451904e-02
5.529000000000000000e+03,6.580319404602050781e+00,4.584429413080215454e-02
5.530000000000000000e+03,6.575223922729492188e+00,4.592312127351760864e-02
5.531000000000000000e+03,6.571840763092041016e+00,4.594020172953605652e-02
5.532000000000000000e+03,6.568274497985839844e+00,4.596931487321853638e-02
5.533000000000000000e+03,6.566231250762939453e+00,4.594068229198455811e-02
5.534000000000000000e+03,6.564188003540039062e+00,4.590430855751037598e-02
5.535000000000000000e+03,6.562561511993408203e+00,4.586817324161529541e-02
5.536000000000000000e+03,6.560743331909179688e+00,4.587943851947784424e-02
5.537000000000000000e+03,6.557660102844238281e+00,4.592144861817359924e-02
5.538000000000000000e+03,6.556669712066650391e+00,4.594267159700393677e-02
5.539000000000000000e+03,6.555150032043457031e+00,4.595201462507247925e-02
5.540000000000000000e+03,6.555500030517578125e+00,4.600263386964797974e-02
5.541000000000000000e+03,6.554667949676513672e+00,4.597394913434982300e-02
5.542000000000000000e+03,6.554080963134765625e+00,4.596266895532608032e-02
5.543000000000000000e+03,6.558836460113525391e+00,4.588871076703071594e-02
5.544000000000000000e+03,6.553200244903564453e+00,4.594168066978454590e-02
5.545000000000000000e+03,6.606563568115234375e+00,4.584015533328056335e-02
5.546000000000000000e+03,6.552222728729248047e+00,4.592894390225410461e-02
5.547000000000000000e+03,6.556660652160644531e+00,4.607027769088745117e-02
5.548000000000000000e+03,6.551688194274902344e+00,4.596208781003952026e-02
5.549000000000000000e+03,6.550168037414550781e+00,4.594394564628601074e-02
5.550000000000000000e+03,6.933809757232666016e+00,4.581757634878158569e-02
5.551000000000000000e+03,6.549942016601562500e+00,4.594053328037261963e-02
5.552000000000000000e+03,6.547213077545166016e+00,4.590487852692604065e-02
5.553000000000000000e+03,6.545224189758300781e+00,4.589645192027091980e-02
5.554000000000000000e+03,6.542776107788085938e+00,4.589772596955299377e-02
5.555000000000000000e+03,6.541496276855468750e+00,4.591713473200798035e-02
5.556000000000000000e+03,6.539767265319824219e+00,4.595085233449935913e-02
5.557000000000000000e+03,6.538612365722656250e+00,4.595599696040153503e-02
5.558000000000000000e+03,9.191706657409667969e+00,5.091978237032890320e-02
5.559000000000000000e+03,6.536564826965332031e+00,4.605912789702415466e-02
5.560000000000000000e+03,6.534393310546875000e+00,4.606266319751739502e-02
5.561000000000000000e+03,6.531190872192382812e+00,4.610603675246238708e-02
5.562000000000000000e+03,6.529985427856445312e+00,4.609201475977897644e-02
5.563000000000000000e+03,6.528207302093505859e+00,4.608310014009475708e-02
5.564000000000000000e+03,6.524375438690185547e+00,4.601993784308433533e-02
5.565000000000000000e+03,6.522605895996093750e+00,4.603605344891548157e-02
5.566000000000000000e+03,6.520356178283691406e+00,4.601726680994033813e-02
5.567000000000000000e+03,6.517783164978027344e+00,4.599443078041076660e-02
5.568000000000000000e+03,6.516657352447509766e+00,4.604081809520721436e-02
5.569000000000000000e+03,6.515025138854980469e+00,4.609019681811332703e-02
5.570000000000000000e+03,6.513312339782714844e+00,4.616766050457954407e-02
5.571000000000000000e+03,6.511657238006591797e+00,4.624148085713386536e-02
5.572000000000000000e+03,6.510293960571289062e+00,4.626522585749626160e-02
5.573000000000000000e+03,6.509055614471435547e+00,4.624884203076362610e-02
5.574000000000000000e+03,6.538603305816650391e+00,4.624905064702033997e-02
5.575000000000000000e+03,6.508179664611816406e+00,4.624922201037406921e-02
5.576000000000000000e+03,6.507030963897705078e+00,4.622881487011909485e-02
5.577000000000000000e+03,6.503725528717041016e+00,4.615895822644233704e-02
5.578000000000000000e+03,6.502155780792236328e+00,4.616215825080871582e-02
5.579000000000000000e+03,6.500003337860107422e+00,4.619573801755905151e-02
5.580000000000000000e+03,6.498905181884765625e+00,4.620981961488723755e-02
5.581000000000000000e+03,6.497969150543212891e+00,4.621762037277221680e-02
5.582000000000000000e+03,6.497352600097656250e+00,4.620890319347381592e-02
5.583000000000000000e+03,6.496562004089355469e+00,4.618795216083526611e-02
5.584000000000000000e+03,6.502401828765869141e+00,4.632404819130897522e-02
5.585000000000000000e+03,6.496391773223876953e+00,4.620688781142234802e-02
5.586000000000000000e+03,6.496216297149658203e+00,4.617942124605178833e-02
5.587000000000000000e+03,6.542412757873535156e+00,4.594735801219940186e-02
5.588000000000000000e+03,6.495438575744628906e+00,4.615262150764465332e-02
5.589000000000000000e+03,6.494094848632812500e+00,4.617891088128089905e-02
5.590000000000000000e+03,6.492730140686035156e+00,4.620430245995521545e-02
5.591000000000000000e+03,6.490607738494873047e+00,4.624785482883453369e-02
5.592000000000000000e+03,6.488927364349365234e+00,4.625713080167770386e-02
5.593000000000000000e+03,6.498252391815185547e+00,4.625982418656349182e-02
5.594000000000000000e+03,6.487924575805664062e+00,4.625625908374786377e-02
5.595000000000000000e+03,6.485614299774169922e+00,4.625209420919418335e-02
5.596000000000000000e+03,6.484183788299560547e+00,4.622705280780792236e-02
5.597000000000000000e+03,6.482415676116943359e+00,4.619731381535530090e-02
5.598000000000000000e+03,6.480424404144287109e+00,4.616718739271163940e-02
5.599000000000000000e+03,6.478199958801269531e+00,4.616725444793701172e-02
5.600000000000000000e+03,6.475698471069335938e+00,4.618865251541137695e-02
5.601000000000000000e+03,6.473493099212646484e+00,4.620786383748054504e-02
5.602000000000000000e+03,6.484367847442626953e+00,4.616285115480422974e-02
5.603000000000000000e+03,6.472698688507080078e+00,4.619707912206649780e-02
5.604000000000000000e+03,6.467467308044433594e+00,4.623938724398612976e-02
5.605000000000000000e+03,6.464903831481933594e+00,4.619907960295677185e-02
5.606000000000000000e+03,6.467419624328613281e+00,4.605608433485031128e-02
5.607000000000000000e+03,6.463428020477294922e+00,4.614489153027534485e-02
5.608000000000000000e+03,6.460988998413085938e+00,4.606661200523376465e-02
5.609000000000000000e+03,6.460065841674804688e+00,4.605464264750480652e-02
5.610000000000000000e+03,6.457145690917968750e+00,4.603678360581398010e-02
5.611000000000000000e+03,6.455871582031250000e+00,4.603750631213188171e-02
5.612000000000000000e+03,6.454990386962890625e+00,4.606101289391517639e-02
5.613000000000000000e+03,6.453299045562744141e+00,4.606470838189125061e-02
5.614000000000000000e+03,6.451567173004150391e+00,4.606791958212852478e-02
5.615000000000000000e+03,6.449715614318847656e+00,4.606652259826660156e-02
5.616000000000000000e+03,6.448234558105468750e+00,4.604479670524597168e-02
5.617000000000000000e+03,6.778850078582763672e+00,4.603658989071846008e-02
5.618000000000000000e+03,6.448096275329589844e+00,4.604091495275497437e-02
5.619000000000000000e+03,6.446928501129150391e+00,4.601563513278961182e-02
5.620000000000000000e+03,6.446341514587402344e+00,4.599610716104507446e-02
5.621000000000000000e+03,6.445842742919921875e+00,4.599110409617424011e-02
5.622000000000000000e+03,6.445180892944335938e+00,4.598715528845787048e-02
5.623000000000000000e+03,6.444191932678222656e+00,4.596377536654472351e-02
5.624000000000000000e+03,6.443641662597656250e+00,4.595838487148284912e-02
5.625000000000000000e+03,6.445429801940917969e+00,4.596387967467308044e-02
5.626000000000000000e+03,6.443227291107177734e+00,4.595939815044403076e-02
5.627000000000000000e+03,6.443123340606689453e+00,4.593602940440177917e-02
5.628000000000000000e+03,6.442037105560302734e+00,4.594723880290985107e-02
5.629000000000000000e+03,6.441349983215332031e+00,4.594223573803901672e-02
5.630000000000000000e+03,6.440208435058593750e+00,4.593288153409957886e-02
5.631000000000000000e+03,6.439305305480957031e+00,4.589874297380447388e-02
5.632000000000000000e+03,6.679655075073242188e+00,4.574597254395484924e-02
5.633000000000000000e+03,6.439239025115966797e+00,4.589587450027465820e-02
5.634000000000000000e+03,6.444742679595947266e+00,4.579589888453483582e-02
5.635000000000000000e+03,6.438896179199218750e+00,4.587573185563087463e-02
5.636000000000000000e+03,6.438041687011718750e+00,4.587616398930549622e-02
5.637000000000000000e+03,6.435841083526611328e+00,4.586366936564445496e-02
5.638000000000000000e+03,6.434771060943603516e+00,4.586337134242057800e-02
5.639000000000000000e+03,6.432817459106445312e+00,4.581117630004882812e-02
5.640000000000000000e+03,6.431526660919189453e+00,4.579821601510047913e-02
5.641000000000000000e+03,6.430257797241210938e+00,4.573273658752441406e-02
5.642000000000000000e+03,6.429210186004638672e+00,4.573653638362884521e-02
5.643000000000000000e+03,6.428066253662109375e+00,4.572884365916252136e-02
5.644000000000000000e+03,6.426195144653320312e+00,4.576248303055763245e-02
5.645000000000000000e+03,6.425201892852783203e+00,4.574108123779296875e-02
5.646000000000000000e+03,6.423963069915771484e+00,4.576132446527481079e-02
5.647000000000000000e+03,6.422909736633300781e+00,4.579177498817443848e-02
5.648000000000000000e+03,6.423887252807617188e+00,4.584639891982078552e-02
5.649000000000000000e+03,6.422533988952636719e+00,4.581038281321525574e-02
5.650000000000000000e+03,6.421943664550781250e+00,4.581157490611076355e-02
5.651000000000000000e+03,6.421082973480224609e+00,4.579291492700576782e-02
5.652000000000000000e+03,6.420568466186523438e+00,4.577063396573066711e-02
5.653000000000000000e+03,6.419889450073242188e+00,4.571712389588356018e-02
5.654000000000000000e+03,6.419179916381835938e+00,4.567522928118705750e-02
5.655000000000000000e+03,6.418333053588867188e+00,4.559286311268806458e-02
5.656000000000000000e+03,6.416520118713378906e+00,4.561706259846687317e-02
5.657000000000000000e+03,6.414946556091308594e+00,4.562445729970932007e-02
5.658000000000000000e+03,6.412890911102294922e+00,4.562418907880783081e-02
5.659000000000000000e+03,6.410661220550537109e+00,4.562418907880783081e-02
5.660000000000000000e+03,6.407919883728027344e+00,4.562534764409065247e-02
5.661000000000000000e+03,6.404975891113281250e+00,4.561658576130867004e-02
5.662000000000000000e+03,6.402871131896972656e+00,4.567883163690567017e-02
5.663000000000000000e+03,6.403988361358642578e+00,4.568075388669967651e-02
5.664000000000000000e+03,6.401394367218017578e+00,4.567890986800193787e-02
5.665000000000000000e+03,6.399377822875976562e+00,4.563631489872932434e-02
5.666000000000000000e+03,6.398601531982421875e+00,4.565297812223434448e-02
5.667000000000000000e+03,6.397887706756591797e+00,4.566765576601028442e-02
5.668000000000000000e+03,6.397417068481445312e+00,4.568696022033691406e-02
5.669000000000000000e+03,6.396632194519042969e+00,4.570746794342994690e-02
5.670000000000000000e+03,6.395617961883544922e+00,4.571973159909248352e-02
5.671000000000000000e+03,6.394948959350585938e+00,4.573838785290718079e-02
5.672000000000000000e+03,6.394447803497314453e+00,4.572441801428794861e-02
5.673000000000000000e+03,6.393991947174072266e+00,4.572031274437904358e-02
5.674000000000000000e+03,6.393508434295654297e+00,4.572682082653045654e-02
5.675000000000000000e+03,6.392933845520019531e+00,4.575131461024284363e-02
5.676000000000000000e+03,6.392165184020996094e+00,4.579436406493186951e-02
5.677000000000000000e+03,6.391561985015869141e+00,4.585433006286621094e-02
5.678000000000000000e+03,6.494450569152832031e+00,4.531506448984146118e-02
5.679000000000000000e+03,6.391426086425781250e+00,4.583404585719108582e-02
5.680000000000000000e+03,6.390948295593261719e+00,4.585931450128555298e-02
5.681000000000000000e+03,6.390509605407714844e+00,4.586599767208099365e-02
5.682000000000000000e+03,6.390206336975097656e+00,4.585697874426841736e-02
5.683000000000000000e+03,6.389765739440917969e+00,4.583419486880302429e-02
5.684000000000000000e+03,6.389336585998535156e+00,4.581984132528305054e-02
5.685000000000000000e+03,6.388773918151855469e+00,4.581604897975921631e-02
5.686000000000000000e+03,6.389280796051025391e+00,4.576181247830390930e-02
5.687000000000000000e+03,6.388630867004394531e+00,4.579753801226615906e-02
5.688000000000000000e+03,6.388082504272460938e+00,4.580930247902870178e-02
5.689000000000000000e+03,6.387771129608154297e+00,4.581777751445770264e-02
5.690000000000000000e+03,6.387340068817138672e+00,4.581990838050842285e-02
5.691000000000000000e+03,6.387107849121093750e+00,4.581156745553016663e-02
5.692000000000000000e+03,6.386631965637207031e+00,4.579273983836174011e-02
5.693000000000000000e+03,6.389934539794921875e+00,4.585733637213706970e-02
5.694000000000000000e+03,6.386507034301757812e+00,4.580347612500190735e-02
5.695000000000000000e+03,6.385917663574218750e+00,4.578724503517150879e-02
5.696000000000000000e+03,6.409162998199462891e+00,4.594532772898674011e-02
5.697000000000000000e+03,6.385823249816894531e+00,4.579723626375198364e-02
5.698000000000000000e+03,6.385253906250000000e+00,4.579918459057807922e-02
5.699000000000000000e+03,6.384565353393554688e+00,4.581098631024360657e-02
5.700000000000000000e+03,6.383594989776611328e+00,4.584202915430068970e-02
5.701000000000000000e+03,6.382540702819824219e+00,4.587214440107345581e-02
5.702000000000000000e+03,6.381212711334228516e+00,4.590421542525291443e-02
5.703000000000000000e+03,6.379749774932861328e+00,4.592122510075569153e-02
5.704000000000000000e+03,6.378431797027587891e+00,4.591786488890647888e-02
5.705000000000000000e+03,6.377162456512451172e+00,4.591445252299308777e-02
5.706000000000000000e+03,6.376099586486816406e+00,4.591200873255729675e-02
5.707000000000000000e+03,6.375299453735351562e+00,4.591798782348632812e-02
5.708000000000000000e+03,6.374577045440673828e+00,4.591681808233261108e-02
5.709000000000000000e+03,6.374101638793945312e+00,4.593743011355400085e-02
5.710000000000000000e+03,6.373077392578125000e+00,4.590952768921852112e-02
5.711000000000000000e+03,6.424220561981201172e+00,4.586772620677947998e-02
5.712000000000000000e+03,6.373028755187988281e+00,4.590761289000511169e-02
5.713000000000000000e+03,6.381986618041992188e+00,4.565147310495376587e-02
5.714000000000000000e+03,6.372674942016601562e+00,4.586334526538848877e-02
5.715000000000000000e+03,6.371802806854248047e+00,4.583277553319931030e-02
5.716000000000000000e+03,6.370139598846435547e+00,4.574567824602127075e-02
5.717000000000000000e+03,6.368916034698486328e+00,4.575190693140029907e-02
5.718000000000000000e+03,6.366686820983886719e+00,4.575806483626365662e-02
5.719000000000000000e+03,6.366237163543701172e+00,4.580023884773254395e-02
5.720000000000000000e+03,6.364130496978759766e+00,4.575699567794799805e-02
5.721000000000000000e+03,6.363355636596679688e+00,4.574176296591758728e-02
5.722000000000000000e+03,6.362171649932861328e+00,4.570446535944938660e-02
5.723000000000000000e+03,6.361351490020751953e+00,4.570145159959793091e-02
5.724000000000000000e+03,6.418516159057617188e+00,4.516570270061492920e-02
5.725000000000000000e+03,6.360962867736816406e+00,4.566127434372901917e-02
5.726000000000000000e+03,6.366732597351074219e+00,4.567684233188629150e-02
5.727000000000000000e+03,6.360555171966552734e+00,4.566388577222824097e-02
5.728000000000000000e+03,6.360369682312011719e+00,4.571213573217391968e-02
5.729000000000000000e+03,6.362771511077880859e+00,4.572205990552902222e-02
5.730000000000000000e+03,6.359799385070800781e+00,4.571472108364105225e-02
5.731000000000000000e+03,6.358650684356689453e+00,4.569463059306144714e-02
5.732000000000000000e+03,6.358094692230224609e+00,4.568897187709808350e-02
5.733000000000000000e+03,6.356830120086669922e+00,4.569712653756141663e-02
5.734000000000000000e+03,6.356246471405029297e+00,4.572826623916625977e-02
5.735000000000000000e+03,6.354898929595947266e+00,4.572432115674018860e-02
5.736000000000000000e+03,6.353456020355224609e+00,4.571748897433280945e-02
5.737000000000000000e+03,6.351554870605468750e+00,4.569739848375320435e-02
5.738000000000000000e+03,6.368210792541503906e+00,4.588963091373443604e-02
5.739000000000000000e+03,6.351049423217773438e+00,4.572527855634689331e-02
5.740000000000000000e+03,6.349776268005371094e+00,4.573364555835723877e-02
5.741000000000000000e+03,6.348783969879150391e+00,4.574986547231674194e-02
5.742000000000000000e+03,6.347787380218505859e+00,4.575838148593902588e-02
5.743000000000000000e+03,6.345481872558593750e+00,4.578266665339469910e-02
5.744000000000000000e+03,6.343655109405517578e+00,4.580429568886756897e-02
5.745000000000000000e+03,6.341042041778564453e+00,4.583386704325675964e-02
5.746000000000000000e+03,6.338233470916748047e+00,4.587091878056526184e-02
5.747000000000000000e+03,6.334968566894531250e+00,4.591028392314910889e-02
5.748000000000000000e+03,6.331608772277832031e+00,4.594353586435317993e-02
5.749000000000000000e+03,6.336768627166748047e+00,4.604244977235794067e-02
5.750000000000000000e+03,6.331054210662841797e+00,4.596552997827529907e-02
5.751000000000000000e+03,6.365305423736572266e+00,4.600249975919723511e-02
5.752000000000000000e+03,6.328773975372314453e+00,4.596801102161407471e-02
5.753000000000000000e+03,6.326900005340576172e+00,4.597146809101104736e-02
5.754000000000000000e+03,6.324903488159179688e+00,4.597214609384536743e-02
5.755000000000000000e+03,6.323463439941406250e+00,4.596583917737007141e-02
5.756000000000000000e+03,7.231500625610351562e+00,4.784049466252326965e-02
5.757000000000000000e+03,6.323301792144775391e+00,4.598592221736907959e-02
5.758000000000000000e+03,6.405653953552246094e+00,4.567832127213478088e-02
5.759000000000000000e+03,6.323220252990722656e+00,4.597522318363189697e-02
5.760000000000000000e+03,6.321617603302001953e+00,4.595809429883956909e-02
5.761000000000000000e+03,6.320409297943115234e+00,4.593961313366889954e-02
5.762000000000000000e+03,6.318384647369384766e+00,4.590809345245361328e-02
5.763000000000000000e+03,6.315250396728515625e+00,4.585982114076614380e-02
5.764000000000000000e+03,6.310999870300292969e+00,4.581522196531295776e-02
5.765000000000000000e+03,6.307632923126220703e+00,4.579913243651390076e-02
5.766000000000000000e+03,6.334023952484130859e+00,4.579492285847663879e-02
5.767000000000000000e+03,6.306914806365966797e+00,4.579600319266319275e-02
5.768000000000000000e+03,6.302504062652587891e+00,4.580110684037208557e-02
5.769000000000000000e+03,6.299463272094726562e+00,4.577275738120079041e-02
5.770000000000000000e+03,6.298618316650390625e+00,4.581062123179435730e-02
5.771000000000000000e+03,6.296008110046386719e+00,4.576370492577552795e-02
5.772000000000000000e+03,6.294815063476562500e+00,4.573922231793403625e-02
5.773000000000000000e+03,6.293539524078369141e+00,4.571584239602088928e-02
5.774000000000000000e+03,6.292410850524902344e+00,4.565043374896049500e-02
5.775000000000000000e+03,6.290902137756347656e+00,4.568438977003097534e-02
5.776000000000000000e+03,6.289102554321289062e+00,4.570418968796730042e-02
5.777000000000000000e+03,6.285171985626220703e+00,4.575891047716140747e-02
5.778000000000000000e+03,6.283470630645751953e+00,4.579003527760505676e-02
5.779000000000000000e+03,6.281503677368164062e+00,4.581434279680252075e-02
5.780000000000000000e+03,6.280300140380859375e+00,4.581524059176445007e-02
5.781000000000000000e+03,6.279397487640380859e+00,4.582270234823226929e-02
5.782000000000000000e+03,6.278738021850585938e+00,4.585375264286994934e-02
5.783000000000000000e+03,6.382292747497558594e+00,4.597867652773857117e-02
5.784000000000000000e+03,6.278530120849609375e+00,4.585698619484901428e-02
5.785000000000000000e+03,6.277658462524414062e+00,4.587350040674209595e-02
5.786000000000000000e+03,6.276624202728271484e+00,4.589359462261199951e-02
5.787000000000000000e+03,6.275464057922363281e+00,4.594670981168746948e-02
5.788000000000000000e+03,6.282248497009277344e+00,4.606042057275772095e-02
5.789000000000000000e+03,6.275273799896240234e+00,4.596181586384773254e-02
5.790000000000000000e+03,6.280080318450927734e+00,4.605657234787940979e-02
5.791000000000000000e+03,6.274768829345703125e+00,4.598475992679595947e-02
5.792000000000000000e+03,6.272499084472656250e+00,4.598518833518028259e-02
5.793000000000000000e+03,6.268057346343994141e+00,4.596181213855743408e-02
5.794000000000000000e+03,6.266556739807128906e+00,4.595618695020675659e-02
5.795000000000000000e+03,6.420544624328613281e+00,4.662050306797027588e-02
5.796000000000000000e+03,6.265719413757324219e+00,4.599810764193534851e-02
5.797000000000000000e+03,6.263573169708251953e+00,4.598809033632278442e-02
5.798000000000000000e+03,6.261394500732421875e+00,4.598383605480194092e-02
5.799000000000000000e+03,6.259003162384033203e+00,4.598035290837287903e-02
5.800000000000000000e+03,6.256947040557861328e+00,4.598046466708183289e-02
5.801000000000000000e+03,6.255345821380615234e+00,4.601370543241500854e-02
5.802000000000000000e+03,6.268964290618896484e+00,4.578141123056411743e-02
5.803000000000000000e+03,6.254776000976562500e+00,4.597100988030433655e-02
5.804000000000000000e+03,6.253151893615722656e+00,4.599608480930328369e-02
5.805000000000000000e+03,6.251021862030029297e+00,4.601726680994033813e-02
5.806000000000000000e+03,6.249263286590576172e+00,4.602503031492233276e-02
5.807000000000000000e+03,6.247361660003662109e+00,4.598770663142204285e-02
5.808000000000000000e+03,6.561631679534912109e+00,4.596456140279769897e-02
5.809000000000000000e+03,6.247599601745605469e+00,4.598893970251083374e-02
5.810000000000000000e+03,6.247000694274902344e+00,4.598839208483695984e-02
5.811000000000000000e+03,6.245060443878173828e+00,4.596171900629997253e-02
5.812000000000000000e+03,6.243151187896728516e+00,4.590548947453498840e-02
5.813000000000000000e+03,6.241264820098876953e+00,4.588949307799339294e-02
5.814000000000000000e+03,6.239519596099853516e+00,4.588555917143821716e-02
5.815000000000000000e+03,6.238043308258056641e+00,4.589734971523284912e-02
5.816000000000000000e+03,6.236404418945312500e+00,4.589079320430755615e-02
5.817000000000000000e+03,6.233903408050537109e+00,4.585098475217819214e-02
5.818000000000000000e+03,6.232872009277343750e+00,4.584209993481636047e-02
5.819000000000000000e+03,6.231892585754394531e+00,4.580879956483840942e-02
5.820000000000000000e+03,6.230834960937500000e+00,4.580393061041831970e-02
5.821000000000000000e+03,6.229161262512207031e+00,4.580426961183547974e-02
5.822000000000000000e+03,6.228361606597900391e+00,4.580221697688102722e-02
5.823000000000000000e+03,6.227814197540283203e+00,4.580462351441383362e-02
5.824000000000000000e+03,6.227423667907714844e+00,4.580000415444374084e-02
5.825000000000000000e+03,6.226987361907958984e+00,4.581135138869285583e-02
5.826000000000000000e+03,6.226372718811035156e+00,4.583182185888290405e-02
5.827000000000000000e+03,6.225520133972167969e+00,4.587538540363311768e-02
5.828000000000000000e+03,6.224816322326660156e+00,4.590659588575363159e-02
5.829000000000000000e+03,6.224133014678955078e+00,4.592545703053474426e-02
5.830000000000000000e+03,6.222863674163818359e+00,4.589030891656875610e-02
5.831000000000000000e+03,6.221549987792968750e+00,4.588186368346214294e-02
5.832000000000000000e+03,6.219713687896728516e+00,4.583708941936492920e-02
5.833000000000000000e+03,6.218273639678955078e+00,4.580464586615562439e-02
5.834000000000000000e+03,6.216767787933349609e+00,4.579868912696838379e-02
5.835000000000000000e+03,6.215394020080566406e+00,4.582083225250244141e-02
5.836000000000000000e+03,6.214265823364257812e+00,4.586808383464813232e-02
5.837000000000000000e+03,6.213182926177978516e+00,4.591418430209159851e-02
5.838000000000000000e+03,6.211896419525146484e+00,4.595270007848739624e-02
5.839000000000000000e+03,6.211011886596679688e+00,4.596664756536483765e-02
5.840000000000000000e+03,6.210109710693359375e+00,4.595400393009185791e-02
5.841000000000000000e+03,6.208549499511718750e+00,4.589790105819702148e-02
5.842000000000000000e+03,6.207674503326416016e+00,4.586702212691307068e-02
5.843000000000000000e+03,6.220554828643798828e+00,4.599080979824066162e-02
5.844000000000000000e+03,6.206789970397949219e+00,4.589105024933815002e-02
5.845000000000000000e+03,6.381675720214843750e+00,4.592675343155860901e-02
5.846000000000000000e+03,6.206629276275634766e+00,4.589166119694709778e-02
5.847000000000000000e+03,6.205398559570312500e+00,4.590629786252975464e-02
5.848000000000000000e+03,6.207400321960449219e+00,4.607714712619781494e-02
5.849000000000000000e+03,6.204630374908447266e+00,4.596464708447456360e-02
5.850000000000000000e+03,6.202521800994873047e+00,4.596173018217086792e-02
5.851000000000000000e+03,6.202491283416748047e+00,4.602234065532684326e-02
5.852000000000000000e+03,6.201671600341796875e+00,4.599211737513542175e-02
5.853000000000000000e+03,6.201616287231445312e+00,4.601136967539787292e-02
5.854000000000000000e+03,6.200236797332763672e+00,4.600157216191291809e-02
5.855000000000000000e+03,6.197639465332031250e+00,4.599203914403915405e-02
5.856000000000000000e+03,6.191886901855468750e+00,4.595676809549331665e-02
5.857000000000000000e+03,6.188826560974121094e+00,4.592297226190567017e-02
5.858000000000000000e+03,6.181005001068115234e+00,4.582467675209045410e-02
5.859000000000000000e+03,6.181000709533691406e+00,4.590595513582229614e-02
5.860000000000000000e+03,6.179617404937744141e+00,4.586615040898323059e-02
5.861000000000000000e+03,6.178133487701416016e+00,4.585786163806915283e-02
5.862000000000000000e+03,6.176338195800781250e+00,4.585431888699531555e-02
5.863000000000000000e+03,6.174275875091552734e+00,4.584975540637969971e-02
5.864000000000000000e+03,6.172211647033691406e+00,4.584927111864089966e-02
5.865000000000000000e+03,6.170292854309082031e+00,4.584423452615737915e-02
5.866000000000000000e+03,6.168923377990722656e+00,4.580019041895866394e-02
5.867000000000000000e+03,6.167745113372802734e+00,4.582544788718223572e-02
5.868000000000000000e+03,6.166587352752685547e+00,4.578070715069770813e-02
5.869000000000000000e+03,6.165796279907226562e+00,4.578948020935058594e-02
5.870000000000000000e+03,6.165280342102050781e+00,4.578085243701934814e-02
5.871000000000000000e+03,6.164757728576660156e+00,4.576327279210090637e-02
5.872000000000000000e+03,6.163877487182617188e+00,4.573349282145500183e-02
5.873000000000000000e+03,6.162787914276123047e+00,4.570601508021354675e-02
5.874000000000000000e+03,6.161912441253662109e+00,4.569757729768753052e-02
5.875000000000000000e+03,6.160990238189697266e+00,4.570209234952926636e-02
5.876000000000000000e+03,6.160320758819580078e+00,4.571390524506568909e-02
5.877000000000000000e+03,6.159677982330322266e+00,4.571302980184555054e-02
5.878000000000000000e+03,6.158032894134521484e+00,4.569821432232856750e-02
5.879000000000000000e+03,6.157526493072509766e+00,4.566138237714767456e-02
5.880000000000000000e+03,6.156305313110351562e+00,4.564338922500610352e-02
5.881000000000000000e+03,6.155163764953613281e+00,4.560415074229240417e-02
5.882000000000000000e+03,6.154223918914794922e+00,4.555851221084594727e-02
5.883000000000000000e+03,6.153686523437500000e+00,4.555353522300720215e-02
5.884000000000000000e+03,6.153077602386474609e+00,4.554684832692146301e-02
5.885000000000000000e+03,6.152212142944335938e+00,4.557157680392265320e-02
5.886000000000000000e+03,6.150966644287109375e+00,4.557305574417114258e-02
5.887000000000000000e+03,6.149366378784179688e+00,4.554986581206321716e-02
5.888000000000000000e+03,6.148612499237060547e+00,4.553499817848205566e-02
5.889000000000000000e+03,6.153549194335937500e+00,4.527808353304862976e-02
5.890000000000000000e+03,6.147818565368652344e+00,4.546476155519485474e-02
5.891000000000000000e+03,6.146716117858886719e+00,4.549488425254821777e-02
5.892000000000000000e+03,6.144291877746582031e+00,4.549212008714675903e-02
5.893000000000000000e+03,6.144655704498291016e+00,4.550981894135475159e-02
5.894000000000000000e+03,6.143429756164550781e+00,4.549940302968025208e-02
5.895000000000000000e+03,6.238080024719238281e+00,4.596869274973869324e-02
5.896000000000000000e+03,6.143218517303466797e+00,4.551992565393447876e-02
5.897000000000000000e+03,6.144259452819824219e+00,4.548526182770729065e-02
5.898000000000000000e+03,6.141764163970947266e+00,4.550416022539138794e-02
5.899000000000000000e+03,6.177243709564208984e+00,4.571473225951194763e-02
5.900000000000000000e+03,6.140289306640625000e+00,4.553894326090812683e-02
5.901000000000000000e+03,6.138362407684326172e+00,4.553755372762680054e-02
5.902000000000000000e+03,6.133601188659667969e+00,4.551202431321144104e-02
5.903000000000000000e+03,6.131602764129638672e+00,4.551863670349121094e-02
5.904000000000000000e+03,6.128108978271484375e+00,4.554549232125282288e-02
5.905000000000000000e+03,6.125841140747070312e+00,4.557600989937782288e-02
5.906000000000000000e+03,6.123200893402099609e+00,4.560964182019233704e-02
5.907000000000000000e+03,6.120681285858154297e+00,4.561966657638549805e-02
5.908000000000000000e+03,6.116924285888671875e+00,4.562000557780265808e-02
5.909000000000000000e+03,6.113534927368164062e+00,4.561442881822586060e-02
5.910000000000000000e+03,6.110312938690185547e+00,4.560983180999755859e-02
5.911000000000000000e+03,6.108005046844482422e+00,4.560151696205139160e-02
5.912000000000000000e+03,6.105692386627197266e+00,4.561451077461242676e-02
5.913000000000000000e+03,6.103182315826416016e+00,4.564940184354782104e-02
5.914000000000000000e+03,6.100430965423583984e+00,4.570646584033966064e-02
5.915000000000000000e+03,6.099185943603515625e+00,4.574402049183845520e-02
5.916000000000000000e+03,6.098164081573486328e+00,4.576136916875839233e-02
5.917000000000000000e+03,6.097071170806884766e+00,4.576726630330085754e-02
5.918000000000000000e+03,6.095895290374755859e+00,4.574569687247276306e-02
5.919000000000000000e+03,6.094075679779052734e+00,4.571798816323280334e-02
5.920000000000000000e+03,6.091923713684082031e+00,4.566119238734245300e-02
5.921000000000000000e+03,6.090422153472900391e+00,4.563115909695625305e-02
5.922000000000000000e+03,6.104970932006835938e+00,4.547867923974990845e-02
5.923000000000000000e+03,6.090122699737548828e+00,4.561274871230125427e-02
5.924000000000000000e+03,6.089091300964355469e+00,4.559243842959403992e-02
5.925000000000000000e+03,6.088121414184570312e+00,4.557745903730392456e-02
5.926000000000000000e+03,6.087427616119384766e+00,4.556969553232192993e-02
5.927000000000000000e+03,6.119599819183349609e+00,4.547175392508506775e-02
5.928000000000000000e+03,6.087365150451660156e+00,4.556380584836006165e-02
5.929000000000000000e+03,6.086552143096923828e+00,4.554320871829986572e-02
5.930000000000000000e+03,6.085794448852539062e+00,4.549341648817062378e-02
5.931000000000000000e+03,6.086066722869873047e+00,4.542163014411926270e-02
5.932000000000000000e+03,6.085323810577392578e+00,4.546113684773445129e-02
5.933000000000000000e+03,6.084808349609375000e+00,4.544156789779663086e-02
5.934000000000000000e+03,6.106994152069091797e+00,4.530356451869010925e-02
5.935000000000000000e+03,6.084671497344970703e+00,4.543048143386840820e-02
5.936000000000000000e+03,6.098388195037841797e+00,4.519469290971755981e-02
5.937000000000000000e+03,6.084400177001953125e+00,4.539961740374565125e-02
5.938000000000000000e+03,6.083688259124755859e+00,4.537104442715644836e-02
5.939000000000000000e+03,6.083223342895507812e+00,4.535738006234169006e-02
5.940000000000000000e+03,6.082399368286132812e+00,4.535102099180221558e-02
5.941000000000000000e+03,6.081697940826416016e+00,4.534267261624336243e-02
5.942000000000000000e+03,6.081035614013671875e+00,4.536040127277374268e-02
5.943000000000000000e+03,6.080574512481689453e+00,4.536787793040275574e-02
5.944000000000000000e+03,6.079662322998046875e+00,4.536501318216323853e-02
5.945000000000000000e+03,6.078715801239013672e+00,4.535738751292228699e-02
5.946000000000000000e+03,6.076769828796386719e+00,4.532442241907119751e-02
5.947000000000000000e+03,6.075899124145507812e+00,4.531648010015487671e-02
5.948000000000000000e+03,6.074698925018310547e+00,4.527962952852249146e-02
5.949000000000000000e+03,6.072480678558349609e+00,4.522128030657768250e-02
5.950000000000000000e+03,6.070987701416015625e+00,4.518403485417366028e-02
5.951000000000000000e+03,6.069582939147949219e+00,4.518087208271026611e-02
5.952000000000000000e+03,6.068315029144287109e+00,4.519836977124214172e-02
5.953000000000000000e+03,6.066709518432617188e+00,4.519560188055038452e-02
5.954000000000000000e+03,6.066169261932373047e+00,4.519969969987869263e-02
5.955000000000000000e+03,6.064626216888427734e+00,4.517506062984466553e-02
5.956000000000000000e+03,6.063096046447753906e+00,4.512352868914604187e-02
5.957000000000000000e+03,6.061255455017089844e+00,4.506066814064979553e-02
5.958000000000000000e+03,6.059138774871826172e+00,4.499871656298637390e-02
5.959000000000000000e+03,6.056949138641357422e+00,4.497032985091209412e-02
5.960000000000000000e+03,6.054547309875488281e+00,4.495392739772796631e-02
5.961000000000000000e+03,6.052205562591552734e+00,4.498868435621261597e-02
5.962000000000000000e+03,6.050187110900878906e+00,4.498630762100219727e-02
5.963000000000000000e+03,6.048313617706298828e+00,4.499674960970878601e-02
5.964000000000000000e+03,6.045950412750244141e+00,4.497414454817771912e-02
5.965000000000000000e+03,6.044283390045166016e+00,4.497610405087471008e-02
5.966000000000000000e+03,6.043151378631591797e+00,4.499226808547973633e-02
5.967000000000000000e+03,6.041520118713378906e+00,4.502434283494949341e-02
5.968000000000000000e+03,6.042995452880859375e+00,4.498889297246932983e-02
5.969000000000000000e+03,6.040818214416503906e+00,4.501100257039070129e-02
5.970000000000000000e+03,6.038807868957519531e+00,4.504758119583129883e-02
5.971000000000000000e+03,6.037500858306884766e+00,4.502920433878898621e-02
5.972000000000000000e+03,6.036448955535888672e+00,4.499581083655357361e-02
5.973000000000000000e+03,6.036959648132324219e+00,4.491923749446868896e-02
5.974000000000000000e+03,6.036101818084716797e+00,4.496535286307334900e-02
5.975000000000000000e+03,6.034721851348876953e+00,4.492108523845672607e-02
5.976000000000000000e+03,6.034247398376464844e+00,4.481726512312889099e-02
5.977000000000000000e+03,6.029792308807373047e+00,4.484412446618080139e-02
5.978000000000000000e+03,6.026167392730712891e+00,4.485705122351646423e-02
5.979000000000000000e+03,6.022346496582031250e+00,4.484225064516067505e-02
5.980000000000000000e+03,6.020085811614990234e+00,4.482157528400421143e-02
5.981000000000000000e+03,6.030229091644287109e+00,4.478450119495391846e-02
5.982000000000000000e+03,6.019720554351806641e+00,4.481603205204010010e-02
5.983000000000000000e+03,6.018379211425781250e+00,4.480276256799697876e-02
5.984000000000000000e+03,6.017347335815429688e+00,4.480568692088127136e-02
5.985000000000000000e+03,6.016185283660888672e+00,4.481858760118484497e-02
5.986000000000000000e+03,6.014776706695556641e+00,4.485701024532318115e-02
5.987000000000000000e+03,6.013056755065917969e+00,4.490038380026817322e-02
5.988000000000000000e+03,6.011470794677734375e+00,4.495194554328918457e-02
5.989000000000000000e+03,6.010193824768066406e+00,4.497202858328819275e-02
5.990000000000000000e+03,6.008948326110839844e+00,4.496617615222930908e-02
5.991000000000000000e+03,6.010536670684814453e+00,4.497891664505004883e-02
5.992000000000000000e+03,6.008405208587646484e+00,4.497046396136283875e-02
5.993000000000000000e+03,6.007102966308593750e+00,4.494789242744445801e-02
5.994000000000000000e+03,6.005896091461181641e+00,4.491318762302398682e-02
5.995000000000000000e+03,6.005046844482421875e+00,4.489693790674209595e-02
5.996000000000000000e+03,6.004416465759277344e+00,4.488883912563323975e-02
5.997000000000000000e+03,6.003744602203369141e+00,4.489913955330848694e-02
5.998000000000000000e+03,6.002977371215820312e+00,4.491313919425010681e-02
5.999000000000000000e+03,6.002256393432617188e+00,4.492526873946189880e-02
6.000000000000000000e+03,6.001560211181640625e+00,4.493009299039840698e-02
6.001000000000000000e+03,6.001733303070068359e+00,4.489921033382415771e-02
6.002000000000000000e+03,6.001263141632080078e+00,4.491637274622917175e-02
6.003000000000000000e+03,6.053650856018066406e+00,4.488189145922660828e-02
6.004000000000000000e+03,6.000328063964843750e+00,4.491335526108741760e-02
6.005000000000000000e+03,5.999548435211181641e+00,4.490518197417259216e-02
6.006000000000000000e+03,5.998579502105712891e+00,4.488095268607139587e-02
6.007000000000000000e+03,5.997774600982666016e+00,4.488352686166763306e-02
6.008000000000000000e+03,5.996526241302490234e+00,4.489618167281150818e-02
6.009000000000000000e+03,5.995959758758544922e+00,4.491598159074783325e-02
6.010000000000000000e+03,5.995422363281250000e+00,4.492377489805221558e-02
6.011000000000000000e+03,5.994564056396484375e+00,4.493144154548645020e-02
6.012000000000000000e+03,5.993288040161132812e+00,4.493227601051330566e-02
6.013000000000000000e+03,5.993300914764404297e+00,4.497834295034408569e-02
6.014000000000000000e+03,5.992694854736328125e+00,4.495518282055854797e-02
6.015000000000000000e+03,5.991375923156738281e+00,4.496026039123535156e-02
6.016000000000000000e+03,5.990344524383544922e+00,4.494968056678771973e-02
6.017000000000000000e+03,5.988484382629394531e+00,4.493523761630058289e-02
6.018000000000000000e+03,5.987250804901123047e+00,4.492662474513053894e-02
6.019000000000000000e+03,5.985652446746826172e+00,4.490236565470695496e-02
6.020000000000000000e+03,5.984804153442382812e+00,4.486212879419326782e-02
6.021000000000000000e+03,5.996356964111328125e+00,4.481450095772743225e-02
6.022000000000000000e+03,5.984077930450439453e+00,4.485261067748069763e-02
6.023000000000000000e+03,5.983150482177734375e+00,4.482884332537651062e-02
6.024000000000000000e+03,5.980461120605468750e+00,4.483140259981155396e-02
6.025000000000000000e+03,5.977432250976562500e+00,4.482167586684226990e-02
6.026000000000000000e+03,5.975938796997070312e+00,4.481741786003112793e-02
6.027000000000000000e+03,5.974924087524414062e+00,4.482752457261085510e-02
6.028000000000000000e+03,5.974156856536865234e+00,4.482157900929450989e-02
6.029000000000000000e+03,5.973410606384277344e+00,4.484457522630691528e-02
6.030000000000000000e+03,5.972566127777099609e+00,4.485137015581130981e-02
6.031000000000000000e+03,5.971628665924072266e+00,4.487033188343048096e-02
6.032000000000000000e+03,5.970955848693847656e+00,4.488561674952507019e-02
6.033000000000000000e+03,5.978936195373535156e+00,4.489050060510635376e-02
6.034000000000000000e+03,5.970869541168212891e+00,4.488590359687805176e-02
6.035000000000000000e+03,5.970241546630859375e+00,4.488854855298995972e-02
6.036000000000000000e+03,5.969587326049804688e+00,4.488930106163024902e-02
6.037000000000000000e+03,5.968776226043701172e+00,4.487803205847740173e-02
6.038000000000000000e+03,5.977027893066406250e+00,4.479009285569190979e-02
6.039000000000000000e+03,5.968702316284179688e+00,4.486848041415214539e-02
6.040000000000000000e+03,5.967817783355712891e+00,4.479774087667465210e-02
6.041000000000000000e+03,5.967325210571289062e+00,4.478823766112327576e-02
6.042000000000000000e+03,5.966287612915039062e+00,4.473833367228507996e-02
6.043000000000000000e+03,5.965680599212646484e+00,4.471337795257568359e-02
6.044000000000000000e+03,7.193764209747314453e+00,4.329804703593254089e-02
6.045000000000000000e+03,5.965592861175537109e+00,4.469408094882965088e-02
6.046000000000000000e+03,5.965560436248779297e+00,4.459962993860244751e-02
6.047000000000000000e+03,5.964975357055664062e+00,4.464572668075561523e-02
6.048000000000000000e+03,5.965607166290283203e+00,4.455634579062461853e-02
6.049000000000000000e+03,5.963569641113281250e+00,4.460443183779716492e-02
6.050000000000000000e+03,5.962508201599121094e+00,4.461211338639259338e-02
6.051000000000000000e+03,5.959557533264160156e+00,4.464619234204292297e-02
6.052000000000000000e+03,5.958423614501953125e+00,4.465396329760551453e-02
6.053000000000000000e+03,5.955362319946289062e+00,4.464981332421302795e-02
6.054000000000000000e+03,5.953576564788818359e+00,4.464294388890266418e-02
6.055000000000000000e+03,5.962686061859130859e+00,4.472512379288673401e-02
6.056000000000000000e+03,5.953289985656738281e+00,4.465546458959579468e-02
6.057000000000000000e+03,5.953641414642333984e+00,4.457119107246398926e-02
6.058000000000000000e+03,5.950908184051513672e+00,4.461463540792465210e-02
6.059000000000000000e+03,5.949570178985595703e+00,4.458804428577423096e-02
6.060000000000000000e+03,5.948640346527099609e+00,4.460372403264045715e-02
6.061000000000000000e+03,5.947825431823730469e+00,4.458902403712272644e-02
6.062000000000000000e+03,5.947364330291748047e+00,4.458035901188850403e-02
6.063000000000000000e+03,6.096997737884521484e+00,4.511855542659759521e-02
6.064000000000000000e+03,5.947156906127929688e+00,4.460015147924423218e-02
6.065000000000000000e+03,5.946457386016845703e+00,4.459104314446449280e-02
6.066000000000000000e+03,5.945235252380371094e+00,4.457466676831245422e-02
6.067000000000000000e+03,5.944650173187255859e+00,4.457435011863708496e-02
6.068000000000000000e+03,5.966570854187011719e+00,4.472854360938072205e-02
6.069000000000000000e+03,5.944374084472656250e+00,4.458852112293243408e-02
6.070000000000000000e+03,5.942664623260498047e+00,4.459874331951141357e-02
6.071000000000000000e+03,5.941411018371582031e+00,4.461809992790222168e-02
6.072000000000000000e+03,5.940899372100830078e+00,4.462270811200141907e-02
6.073000000000000000e+03,5.983926296234130859e+00,4.512365534901618958e-02
6.074000000000000000e+03,5.939391613006591797e+00,4.469947889447212219e-02
6.075000000000000000e+03,5.937553405761718750e+00,4.468196257948875427e-02
6.076000000000000000e+03,5.935579776763916016e+00,4.466098919510841370e-02
6.077000000000000000e+03,5.932754993438720703e+00,4.467071220278739929e-02
6.078000000000000000e+03,5.930644989013671875e+00,4.468942061066627502e-02
6.079000000000000000e+03,5.928489685058593750e+00,4.473376274108886719e-02
6.080000000000000000e+03,5.928896427154541016e+00,4.478996619582176208e-02
6.081000000000000000e+03,5.928122520446777344e+00,4.475666210055351257e-02
6.082000000000000000e+03,5.927116870880126953e+00,4.479654133319854736e-02
6.083000000000000000e+03,6.155291557312011719e+00,4.546395316720008850e-02
6.084000000000000000e+03,5.927045822143554688e+00,4.480710625648498535e-02
6.085000000000000000e+03,5.925968170166015625e+00,4.487179964780807495e-02
6.086000000000000000e+03,5.927297592163085938e+00,4.486358910799026489e-02
6.087000000000000000e+03,5.925569534301757812e+00,4.486883431673049927e-02
6.088000000000000000e+03,5.924648761749267578e+00,4.500434547662734985e-02
6.089000000000000000e+03,5.923568725585937500e+00,4.500811919569969177e-02
6.090000000000000000e+03,5.922860622406005859e+00,4.501017183065414429e-02
6.091000000000000000e+03,5.922019481658935547e+00,4.502159357070922852e-02
6.092000000000000000e+03,5.922883510589599609e+00,4.507488384842872620e-02
6.093000000000000000e+03,5.921686649322509766e+00,4.503979161381721497e-02
6.094000000000000000e+03,5.920625686645507812e+00,4.506452754139900208e-02
6.095000000000000000e+03,5.919537067413330078e+00,4.510783404111862183e-02
6.096000000000000000e+03,5.918921947479248047e+00,4.516065120697021484e-02
6.097000000000000000e+03,5.918364524841308594e+00,4.515729844570159912e-02
6.098000000000000000e+03,5.917493343353271484e+00,4.512331262230873108e-02
6.099000000000000000e+03,5.916976928710937500e+00,4.512763023376464844e-02
6.100000000000000000e+03,5.916062355041503906e+00,4.512391611933708191e-02
6.101000000000000000e+03,5.914931297302246094e+00,4.513563960790634155e-02
6.102000000000000000e+03,5.913737297058105469e+00,4.514522477984428406e-02
6.103000000000000000e+03,5.912533760070800781e+00,4.515471681952476501e-02
6.104000000000000000e+03,5.911726474761962891e+00,4.515857249498367310e-02
6.105000000000000000e+03,5.911118030548095703e+00,4.515028372406959534e-02
6.106000000000000000e+03,5.910356521606445312e+00,4.513199627399444580e-02
6.107000000000000000e+03,5.909548282623291016e+00,4.511270672082901001e-02
6.108000000000000000e+03,5.908819675445556641e+00,4.508481547236442566e-02
6.109000000000000000e+03,5.907479286193847656e+00,4.506162554025650024e-02
6.110000000000000000e+03,5.906600952148437500e+00,4.506419599056243896e-02
6.111000000000000000e+03,5.905825138092041016e+00,4.505653306841850281e-02
6.112000000000000000e+03,5.904952049255371094e+00,4.505641013383865356e-02
6.113000000000000000e+03,5.904087066650390625e+00,4.505061730742454529e-02
6.114000000000000000e+03,5.903509616851806641e+00,4.504803940653800964e-02
6.115000000000000000e+03,5.903189659118652344e+00,4.505331441760063171e-02
6.116000000000000000e+03,5.903405189514160156e+00,4.502953588962554932e-02
6.117000000000000000e+03,5.903043270111083984e+00,4.504428431391716003e-02
6.118000000000000000e+03,5.902880191802978516e+00,4.504794999957084656e-02
6.119000000000000000e+03,5.902604103088378906e+00,4.505081847310066223e-02
6.120000000000000000e+03,5.902280330657958984e+00,4.504465684294700623e-02
6.121000000000000000e+03,5.901403427124023438e+00,4.503182321786880493e-02
6.122000000000000000e+03,5.900381088256835938e+00,4.502442106604576111e-02
6.123000000000000000e+03,5.904771804809570312e+00,4.515550658106803894e-02
6.124000000000000000e+03,5.900117397308349609e+00,4.504963755607604980e-02
6.125000000000000000e+03,5.899848937988281250e+00,4.503806680440902710e-02
6.126000000000000000e+03,5.962647438049316406e+00,4.538257047533988953e-02
6.127000000000000000e+03,5.898946762084960938e+00,4.507253319025039673e-02
6.128000000000000000e+03,5.897813796997070312e+00,4.508188366889953613e-02
6.129000000000000000e+03,5.896737098693847656e+00,4.508753493428230286e-02
6.130000000000000000e+03,5.895438194274902344e+00,4.509242996573448181e-02
6.131000000000000000e+03,5.894000530242919922e+00,4.508247226476669312e-02
6.132000000000000000e+03,5.892799377441406250e+00,4.507257789373397827e-02
6.133000000000000000e+03,5.892004013061523438e+00,4.506294801831245422e-02
6.134000000000000000e+03,5.891399383544921875e+00,4.506346583366394043e-02
6.135000000000000000e+03,5.890870094299316406e+00,4.506868124008178711e-02
6.136000000000000000e+03,5.890428066253662109e+00,4.507908597588539124e-02
6.137000000000000000e+03,5.889930248260498047e+00,4.509318247437477112e-02
6.138000000000000000e+03,5.889914512634277344e+00,4.509850218892097473e-02
6.139000000000000000e+03,5.888824939727783203e+00,4.509422555565834045e-02
6.140000000000000000e+03,5.887931823730468750e+00,4.507330805063247681e-02
6.141000000000000000e+03,5.886286258697509766e+00,4.503621533513069153e-02
6.142000000000000000e+03,5.949216365814208984e+00,4.466309398412704468e-02
6.143000000000000000e+03,5.885961532592773438e+00,4.501100629568099976e-02
6.144000000000000000e+03,5.884871006011962891e+00,4.499837011098861694e-02
6.145000000000000000e+03,5.882913112640380859e+00,4.498769715428352356e-02
6.146000000000000000e+03,5.881535053253173828e+00,4.499464854598045349e-02
6.147000000000000000e+03,5.880877971649169922e+00,4.501342773437500000e-02
6.148000000000000000e+03,5.882561206817626953e+00,4.504977539181709290e-02
6.149000000000000000e+03,5.880473613739013672e+00,4.502421617507934570e-02
6.150000000000000000e+03,5.887316703796386719e+00,4.500335827469825745e-02
6.151000000000000000e+03,5.879401683807373047e+00,4.501875117421150208e-02
6.152000000000000000e+03,5.878531932830810547e+00,4.497722908854484558e-02
6.153000000000000000e+03,5.877826213836669922e+00,4.499799758195877075e-02
6.154000000000000000e+03,5.876880168914794922e+00,4.501221701502799988e-02
6.155000000000000000e+03,5.876258373260498047e+00,4.501220956444740295e-02
6.156000000000000000e+03,5.874804496765136719e+00,4.499719291925430298e-02
6.157000000000000000e+03,5.873173236846923828e+00,4.499734193086624146e-02
6.158000000000000000e+03,5.871600151062011719e+00,4.497950896620750427e-02
6.159000000000000000e+03,5.869493484497070312e+00,4.494889080524444580e-02
6.160000000000000000e+03,5.867512226104736328e+00,4.490419849753379822e-02
6.161000000000000000e+03,5.865308761596679688e+00,4.487209767103195190e-02
6.162000000000000000e+03,5.870307445526123047e+00,4.483472928404808044e-02
6.163000000000000000e+03,5.864773750305175781e+00,4.486339166760444641e-02
6.164000000000000000e+03,5.862395286560058594e+00,4.483722150325775146e-02
6.165000000000000000e+03,5.861037731170654297e+00,4.486515745520591736e-02
6.166000000000000000e+03,5.860149860382080078e+00,4.488598927855491638e-02
6.167000000000000000e+03,5.860486984252929688e+00,4.498752579092979431e-02
6.168000000000000000e+03,5.859825611114501953e+00,4.492786899209022522e-02
6.169000000000000000e+03,5.858942985534667969e+00,4.492536187171936035e-02
6.170000000000000000e+03,5.858104705810546875e+00,4.491465538740158081e-02
6.171000000000000000e+03,5.856752395629882812e+00,4.489451274275779724e-02
6.172000000000000000e+03,5.855785369873046875e+00,4.489152133464813232e-02
6.173000000000000000e+03,5.854965686798095703e+00,4.490338638424873352e-02
6.174000000000000000e+03,5.854230880737304688e+00,4.492448270320892334e-02
6.175000000000000000e+03,5.853256225585937500e+00,4.495753720402717590e-02
6.176000000000000000e+03,5.852472305297851562e+00,4.497300460934638977e-02
6.177000000000000000e+03,5.852164268493652344e+00,4.508373141288757324e-02
6.178000000000000000e+03,5.850618839263916016e+00,4.503366723656654358e-02
6.179000000000000000e+03,5.849636554718017578e+00,4.501907899975776672e-02
6.180000000000000000e+03,5.847869396209716797e+00,4.505694285035133362e-02
6.181000000000000000e+03,5.847167491912841797e+00,4.503870755434036255e-02
6.182000000000000000e+03,5.845687389373779297e+00,4.508761689066886902e-02
6.183000000000000000e+03,5.843739509582519531e+00,4.517477005720138550e-02
6.184000000000000000e+03,5.841947078704833984e+00,4.519938305020332336e-02
6.185000000000000000e+03,5.838858127593994141e+00,4.525391384959220886e-02
6.186000000000000000e+03,5.837180137634277344e+00,4.525410756468772888e-02
6.187000000000000000e+03,5.833969116210937500e+00,4.522785544395446777e-02
6.188000000000000000e+03,5.832497119903564453e+00,4.523961991071701050e-02
6.189000000000000000e+03,5.831521511077880859e+00,4.524566978216171265e-02
6.190000000000000000e+03,5.830676078796386719e+00,4.523386806249618530e-02
6.191000000000000000e+03,5.830095767974853516e+00,4.524795338511466980e-02
6.192000000000000000e+03,5.829079151153564453e+00,4.525660723447799683e-02
6.193000000000000000e+03,5.828066349029541016e+00,4.527315497398376465e-02
6.194000000000000000e+03,5.827457427978515625e+00,4.526286944746971130e-02
6.195000000000000000e+03,5.827139377593994141e+00,4.524538666009902954e-02
6.196000000000000000e+03,5.826884746551513672e+00,4.522622376680374146e-02
6.197000000000000000e+03,5.826415061950683594e+00,4.520076140761375427e-02
6.198000000000000000e+03,5.827117919921875000e+00,4.515138640999794006e-02
6.199000000000000000e+03,5.826138019561767578e+00,4.518362507224082947e-02
6.200000000000000000e+03,5.855545997619628906e+00,4.540678486227989197e-02
6.201000000000000000e+03,5.825640678405761719e+00,4.521115869283676147e-02
6.202000000000000000e+03,5.824926376342773438e+00,4.517766460776329041e-02
6.203000000000000000e+03,5.824288368225097656e+00,4.514946043491363525e-02
6.204000000000000000e+03,5.823325157165527344e+00,4.514751583337783813e-02
6.205000000000000000e+03,5.820768833160400391e+00,4.513337463140487671e-02
6.206000000000000000e+03,5.817500114440917969e+00,4.510063305497169495e-02
6.207000000000000000e+03,5.813316345214843750e+00,4.504467919468879700e-02
6.208000000000000000e+03,5.812663078308105469e+00,4.506587609648704529e-02
6.209000000000000000e+03,5.808972358703613281e+00,4.501108080148696899e-02
6.210000000000000000e+03,5.809054851531982422e+00,4.502656683325767517e-02
6.211000000000000000e+03,5.808212280273437500e+00,4.501845687627792358e-02
6.212000000000000000e+03,5.806333541870117188e+00,4.503701627254486084e-02
6.213000000000000000e+03,5.804258346557617188e+00,4.504964500665664673e-02
6.214000000000000000e+03,5.802049636840820312e+00,4.505360126495361328e-02
6.215000000000000000e+03,5.936777591705322266e+00,4.590374231338500977e-02
6.216000000000000000e+03,5.801746845245361328e+00,4.509176686406135559e-02
6.217000000000000000e+03,5.799618244171142578e+00,4.511229321360588074e-02
6.218000000000000000e+03,5.797675609588623047e+00,4.503446444869041443e-02
6.219000000000000000e+03,5.797446727752685547e+00,4.511822760105133057e-02
6.220000000000000000e+03,5.796352863311767578e+00,4.507832974195480347e-02
6.221000000000000000e+03,5.794892787933349609e+00,4.508602246642112732e-02
6.222000000000000000e+03,5.793068885803222656e+00,4.507623985409736633e-02
6.223000000000000000e+03,5.791024208068847656e+00,4.506066441535949707e-02
6.224000000000000000e+03,5.789162158966064453e+00,4.503384232521057129e-02
6.225000000000000000e+03,5.787627220153808594e+00,4.501553252339363098e-02
6.226000000000000000e+03,5.785526752471923828e+00,4.499747231602668762e-02
6.227000000000000000e+03,5.806176662445068359e+00,4.501220956444740295e-02
6.228000000000000000e+03,5.784520149230957031e+00,4.499955475330352783e-02
6.229000000000000000e+03,5.790658950805664062e+00,4.505497589707374573e-02
6.230000000000000000e+03,5.783938407897949219e+00,4.501150548458099365e-02
6.231000000000000000e+03,5.781967639923095703e+00,4.498102888464927673e-02
6.232000000000000000e+03,5.780542373657226562e+00,4.496264457702636719e-02
6.233000000000000000e+03,5.778602123260498047e+00,4.494489729404449463e-02
6.234000000000000000e+03,5.776776790618896484e+00,4.493585973978042603e-02
6.235000000000000000e+03,5.775239944458007812e+00,4.494397342205047607e-02
6.236000000000000000e+03,5.771775722503662109e+00,4.492644220590591431e-02
6.237000000000000000e+03,5.768527507781982422e+00,4.495983198285102844e-02
6.238000000000000000e+03,5.763100147247314453e+00,4.502278193831443787e-02
6.239000000000000000e+03,5.761001110076904297e+00,4.504388570785522461e-02
6.240000000000000000e+03,5.758030891418457031e+00,4.504486545920372009e-02
6.241000000000000000e+03,5.754917144775390625e+00,4.507302865386009216e-02
6.242000000000000000e+03,5.752474784851074219e+00,4.509441182017326355e-02
6.243000000000000000e+03,5.749573707580566406e+00,4.512770846486091614e-02
6.244000000000000000e+03,5.746932506561279297e+00,4.513482376933097839e-02
6.245000000000000000e+03,5.746049880981445312e+00,4.516898840665817261e-02
6.246000000000000000e+03,5.743218421936035156e+00,4.514541476964950562e-02
6.247000000000000000e+03,5.741657257080078125e+00,4.513541981577873230e-02
6.248000000000000000e+03,5.739943981170654297e+00,4.513677954673767090e-02
6.249000000000000000e+03,6.012974262237548828e+00,4.522680491209030151e-02
6.250000000000000000e+03,5.739878654479980469e+00,4.513749852776527405e-02
6.251000000000000000e+03,5.738927841186523438e+00,4.514869675040245056e-02
6.252000000000000000e+03,5.737571716308593750e+00,4.516031965613365173e-02
6.253000000000000000e+03,5.736698627471923828e+00,4.515496268868446350e-02
6.254000000000000000e+03,5.737463951110839844e+00,4.504489526152610779e-02
6.255000000000000000e+03,5.735675811767578125e+00,4.510699585080146790e-02
6.256000000000000000e+03,5.733472347259521484e+00,4.510702937841415405e-02
6.257000000000000000e+03,5.731368541717529297e+00,4.509274661540985107e-02
6.258000000000000000e+03,5.729616165161132812e+00,4.507019370794296265e-02
6.259000000000000000e+03,5.728065967559814453e+00,4.504350200295448303e-02
6.260000000000000000e+03,5.725903034210205078e+00,4.501247778534889221e-02
6.261000000000000000e+03,5.725055694580078125e+00,4.503448307514190674e-02
6.262000000000000000e+03,5.723249912261962891e+00,4.504114761948585510e-02
6.263000000000000000e+03,5.722151756286621094e+00,4.506336152553558350e-02
6.264000000000000000e+03,5.721652030944824219e+00,4.509364068508148193e-02
6.265000000000000000e+03,5.722993373870849609e+00,4.511444270610809326e-02
6.266000000000000000e+03,5.721113681793212891e+00,4.510062932968139648e-02
6.267000000000000000e+03,5.720510005950927734e+00,4.512579739093780518e-02
6.268000000000000000e+03,5.719058990478515625e+00,4.511314257979393005e-02
6.269000000000000000e+03,5.718149185180664062e+00,4.511571303009986877e-02
6.270000000000000000e+03,5.717404365539550781e+00,4.511748999357223511e-02
6.271000000000000000e+03,5.714934825897216797e+00,4.512727260589599609e-02
6.272000000000000000e+03,5.712676048278808594e+00,4.512275382876396179e-02
6.273000000000000000e+03,5.710849761962890625e+00,4.510627686977386475e-02
6.274000000000000000e+03,5.709410190582275391e+00,4.507648199796676636e-02
6.275000000000000000e+03,5.707465648651123047e+00,4.506123065948486328e-02
6.276000000000000000e+03,5.705998420715332031e+00,4.506690055131912231e-02
6.277000000000000000e+03,5.703946113586425781e+00,4.509328678250312805e-02
6.278000000000000000e+03,5.707167625427246094e+00,4.512381181120872498e-02
6.279000000000000000e+03,5.703220367431640625e+00,4.510221257805824280e-02
6.280000000000000000e+03,5.701680183410644531e+00,4.508428648114204407e-02
6.281000000000000000e+03,5.701670169830322266e+00,4.516003653407096863e-02
6.282000000000000000e+03,5.699388504028320312e+00,4.512028023600578308e-02
6.283000000000000000e+03,5.696517944335937500e+00,4.507971182465553284e-02
6.284000000000000000e+03,5.695114612579345703e+00,4.508542641997337341e-02
6.285000000000000000e+03,5.693063259124755859e+00,4.511038959026336670e-02
6.286000000000000000e+03,5.689084529876708984e+00,4.509790614247322083e-02
6.287000000000000000e+03,5.687587261199951172e+00,4.511742666363716125e-02
6.288000000000000000e+03,5.688315391540527344e+00,4.525710642337799072e-02
6.289000000000000000e+03,5.683701038360595703e+00,4.518206045031547546e-02
6.290000000000000000e+03,5.680601596832275391e+00,4.525797069072723389e-02
6.291000000000000000e+03,5.678795814514160156e+00,4.529818519949913025e-02
6.292000000000000000e+03,5.676475048065185547e+00,4.532020166516304016e-02
6.293000000000000000e+03,5.673191070556640625e+00,4.532536864280700684e-02
6.294000000000000000e+03,5.669704914093017578e+00,4.530373588204383850e-02
6.295000000000000000e+03,5.666886806488037109e+00,4.526915773749351501e-02
6.296000000000000000e+03,5.666496276855468750e+00,4.511419683694839478e-02
6.297000000000000000e+03,5.663633823394775391e+00,4.521097615361213684e-02
6.298000000000000000e+03,5.661135196685791016e+00,4.530932009220123291e-02
6.299000000000000000e+03,5.658626079559326172e+00,4.538870975375175476e-02
6.300000000000000000e+03,5.656107425689697266e+00,4.545799270272254944e-02
6.301000000000000000e+03,5.653569221496582031e+00,4.549576342105865479e-02
6.302000000000000000e+03,5.651336193084716797e+00,4.548852890729904175e-02
6.303000000000000000e+03,5.649841308593750000e+00,4.548202827572822571e-02
6.304000000000000000e+03,5.649304389953613281e+00,4.546918347477912903e-02
6.305000000000000000e+03,5.648546695709228516e+00,4.556302726268768311e-02
6.306000000000000000e+03,5.645962715148925781e+00,4.549232125282287598e-02
6.307000000000000000e+03,5.644390583038330078e+00,4.544064402580261230e-02
6.308000000000000000e+03,5.642355918884277344e+00,4.539226368069648743e-02
6.309000000000000000e+03,5.802996635437011719e+00,4.494495317339897156e-02
6.310000000000000000e+03,5.642073631286621094e+00,4.537139460444450378e-02
6.311000000000000000e+03,5.640085220336914062e+00,4.532391950488090515e-02
6.312000000000000000e+03,5.640452384948730469e+00,4.544069245457649231e-02
6.313000000000000000e+03,5.638822078704833984e+00,4.537878930568695068e-02
6.314000000000000000e+03,5.637102603912353516e+00,4.537931084632873535e-02
6.315000000000000000e+03,5.634676456451416016e+00,4.538320377469062805e-02
6.316000000000000000e+03,5.632513046264648438e+00,4.537127912044525146e-02
6.317000000000000000e+03,5.746270179748535156e+00,4.512744396924972534e-02
6.318000000000000000e+03,5.631203651428222656e+00,4.534227028489112854e-02
6.319000000000000000e+03,5.628713130950927734e+00,4.530392959713935852e-02
6.320000000000000000e+03,5.632492065429687500e+00,4.529300704598426819e-02
6.321000000000000000e+03,5.627579689025878906e+00,4.530011489987373352e-02
6.322000000000000000e+03,5.624881267547607422e+00,4.519250988960266113e-02
6.323000000000000000e+03,5.624979972839355469e+00,4.525980353355407715e-02
6.324000000000000000e+03,5.623857975006103516e+00,4.522477090358734131e-02
6.325000000000000000e+03,5.622464656829833984e+00,4.521661251783370972e-02
6.326000000000000000e+03,5.619559288024902344e+00,4.519877210259437561e-02
6.327000000000000000e+03,5.619641780853271484e+00,4.516991972923278809e-02
6.328000000000000000e+03,5.618672370910644531e+00,4.518407583236694336e-02
6.329000000000000000e+03,5.618622303009033203e+00,4.512144625186920166e-02
6.330000000000000000e+03,5.616595268249511719e+00,4.515213146805763245e-02
6.331000000000000000e+03,5.613903999328613281e+00,4.516664892435073853e-02
6.332000000000000000e+03,5.609313011169433594e+00,4.519663378596305847e-02
6.333000000000000000e+03,5.605659008026123047e+00,4.518249258399009705e-02
6.334000000000000000e+03,5.598258495330810547e+00,4.513197019696235657e-02
6.335000000000000000e+03,5.594018936157226562e+00,4.514481127262115479e-02
6.336000000000000000e+03,5.591800689697265625e+00,4.512560367584228516e-02
6.337000000000000000e+03,5.590777873992919922e+00,4.513289779424667358e-02
6.338000000000000000e+03,5.589248657226562500e+00,4.514029994606971741e-02
6.339000000000000000e+03,5.588165283203125000e+00,4.515528306365013123e-02
6.340000000000000000e+03,5.586528301239013672e+00,4.518317431211471558e-02
6.341000000000000000e+03,5.584995269775390625e+00,4.521356523036956787e-02
6.342000000000000000e+03,5.676578521728515625e+00,4.566618800163269043e-02
6.343000000000000000e+03,5.584775447845458984e+00,4.523475468158721924e-02
6.344000000000000000e+03,5.582680702209472656e+00,4.530739411711692810e-02
6.345000000000000000e+03,5.581084251403808594e+00,4.533547908067703247e-02
6.346000000000000000e+03,5.579476833343505859e+00,4.541507363319396973e-02
6.347000000000000000e+03,5.621910572052001953e+00,4.562531411647796631e-02
6.348000000000000000e+03,5.578204154968261719e+00,4.544384777545928955e-02
6.349000000000000000e+03,5.577022075653076172e+00,4.543444886803627014e-02
6.350000000000000000e+03,5.575248241424560547e+00,4.541773721575737000e-02
6.351000000000000000e+03,5.574409961700439453e+00,4.542974755167961121e-02
6.352000000000000000e+03,5.573557853698730469e+00,4.544406756758689880e-02
6.353000000000000000e+03,5.572317600250244141e+00,4.545287042856216431e-02
6.354000000000000000e+03,5.570785522460937500e+00,4.545656964182853699e-02
6.355000000000000000e+03,5.569314956665039062e+00,4.543329030275344849e-02
6.356000000000000000e+03,5.567633628845214844e+00,4.543164744973182678e-02
6.357000000000000000e+03,5.565846443176269531e+00,4.542700573801994324e-02
6.358000000000000000e+03,5.563331127166748047e+00,4.544175043702125549e-02
6.359000000000000000e+03,5.562247753143310547e+00,4.546114057302474976e-02
6.360000000000000000e+03,5.560875892639160156e+00,4.550381004810333252e-02
6.361000000000000000e+03,5.560347080230712891e+00,4.553930833935737610e-02
6.362000000000000000e+03,5.560345649719238281e+00,4.556775838136672974e-02
6.363000000000000000e+03,5.560009479522705078e+00,4.555350169539451599e-02
6.364000000000000000e+03,5.559448242187500000e+00,4.556534811854362488e-02
6.365000000000000000e+03,5.558556556701660156e+00,4.557108879089355469e-02
6.366000000000000000e+03,5.557945251464843750e+00,4.557361826300621033e-02
6.367000000000000000e+03,5.557020664215087891e+00,4.557251557707786560e-02
6.368000000000000000e+03,5.556211471557617188e+00,4.557852819561958313e-02
6.369000000000000000e+03,5.555557727813720703e+00,4.556730762124061584e-02
6.370000000000000000e+03,5.554620742797851562e+00,4.557282477617263794e-02
6.371000000000000000e+03,5.553762912750244141e+00,4.557079449295997620e-02
6.372000000000000000e+03,5.552475929260253906e+00,4.555343464016914368e-02
6.373000000000000000e+03,5.590300559997558594e+00,4.544846341013908386e-02
6.374000000000000000e+03,5.552397251129150391e+00,4.554734006524085999e-02
6.375000000000000000e+03,5.551525115966796875e+00,4.553975164890289307e-02
6.376000000000000000e+03,5.550341129302978516e+00,4.553334787487983704e-02
6.377000000000000000e+03,5.558377265930175781e+00,4.553651064634323120e-02
6.378000000000000000e+03,5.550168514251708984e+00,4.553355649113655090e-02
6.379000000000000000e+03,5.550240039825439453e+00,4.561507701873779297e-02
6.380000000000000000e+03,5.549018859863281250e+00,4.557345062494277954e-02
6.381000000000000000e+03,5.548209190368652344e+00,4.558983445167541504e-02
6.382000000000000000e+03,5.546208381652832031e+00,4.563397541642189026e-02
6.383000000000000000e+03,5.544429779052734375e+00,4.566331580281257629e-02
6.384000000000000000e+03,5.542752265930175781e+00,4.566485062241554260e-02
6.385000000000000000e+03,5.540804862976074219e+00,4.566041752696037292e-02
6.386000000000000000e+03,5.539943218231201172e+00,4.565706849098205566e-02
6.387000000000000000e+03,5.538766384124755859e+00,4.563647881150245667e-02
6.388000000000000000e+03,5.537558555603027344e+00,4.561949148774147034e-02
6.389000000000000000e+03,5.536735534667968750e+00,4.562960565090179443e-02
6.390000000000000000e+03,5.536062717437744141e+00,4.564741253852844238e-02
6.391000000000000000e+03,5.535374164581298828e+00,4.567125812172889709e-02
6.392000000000000000e+03,5.799642086029052734e+00,4.467566683888435364e-02
6.393000000000000000e+03,5.535312652587890625e+00,4.565912857651710510e-02
6.394000000000000000e+03,5.534501552581787109e+00,4.567439854145050049e-02
6.395000000000000000e+03,5.533298969268798828e+00,4.568049684166908264e-02
6.396000000000000000e+03,5.532235622406005859e+00,4.566832631826400757e-02
6.397000000000000000e+03,5.531411170959472656e+00,4.563585668802261353e-02
6.398000000000000000e+03,5.531879425048828125e+00,4.557938873767852783e-02
6.399000000000000000e+03,5.530897617340087891e+00,4.561168327927589417e-02
6.400000000000000000e+03,5.530302047729492188e+00,4.560838639736175537e-02
6.401000000000000000e+03,5.529312133789062500e+00,4.558657482266426086e-02
6.402000000000000000e+03,5.528552532196044922e+00,4.558870196342468262e-02
6.403000000000000000e+03,5.527486324310302734e+00,4.554191231727600098e-02
6.404000000000000000e+03,5.528160572052001953e+00,4.562286660075187683e-02
6.405000000000000000e+03,5.526956558227539062e+00,4.557389765977859497e-02
6.406000000000000000e+03,5.526276588439941406e+00,4.557538032531738281e-02
6.407000000000000000e+03,5.525165557861328125e+00,4.558387771248817444e-02
6.408000000000000000e+03,5.524531364440917969e+00,4.558148235082626343e-02
6.409000000000000000e+03,5.522819042205810547e+00,4.557888954877853394e-02
6.410000000000000000e+03,5.521456718444824219e+00,4.558237642049789429e-02
6.411000000000000000e+03,5.539279460906982422e+00,4.556117206811904907e-02
6.412000000000000000e+03,5.521117210388183594e+00,4.557786881923675537e-02
6.413000000000000000e+03,5.519999504089355469e+00,4.559109359979629517e-02
6.414000000000000000e+03,5.518989562988281250e+00,4.561049491167068481e-02
6.415000000000000000e+03,5.517763137817382812e+00,4.559696465730667114e-02
6.416000000000000000e+03,5.517090320587158203e+00,4.561397060751914978e-02
6.417000000000000000e+03,5.515927791595458984e+00,4.558228701353073120e-02
6.418000000000000000e+03,5.514501094818115234e+00,4.564763605594635010e-02
6.419000000000000000e+03,5.593263626098632812e+00,4.519096016883850098e-02
6.420000000000000000e+03,5.513554096221923828e+00,4.559739679098129272e-02
6.421000000000000000e+03,5.511975288391113281e+00,4.562728852033615112e-02
6.422000000000000000e+03,5.510127067565917969e+00,4.570314288139343262e-02
6.423000000000000000e+03,5.509489059448242188e+00,4.572304710745811462e-02
6.424000000000000000e+03,5.508877754211425781e+00,4.572799429297447205e-02
6.425000000000000000e+03,5.508232593536376953e+00,4.574238881468772888e-02
6.426000000000000000e+03,5.507646083831787109e+00,4.574861750006675720e-02
6.427000000000000000e+03,5.506769657135009766e+00,4.576732218265533447e-02
6.428000000000000000e+03,5.505684375762939453e+00,4.574099928140640259e-02
6.429000000000000000e+03,5.504971981048583984e+00,4.575060680508613586e-02
6.430000000000000000e+03,5.503426074981689453e+00,4.573281481862068176e-02
6.431000000000000000e+03,5.502065181732177734e+00,4.570877179503440857e-02
6.432000000000000000e+03,5.500373363494873047e+00,4.569123685359954834e-02
6.433000000000000000e+03,5.498501300811767578e+00,4.567601904273033142e-02
6.434000000000000000e+03,5.497077465057373047e+00,4.568363353610038757e-02
6.435000000000000000e+03,5.496134757995605469e+00,4.569129273295402527e-02
6.436000000000000000e+03,5.495351314544677734e+00,4.570189490914344788e-02
6.437000000000000000e+03,5.494594097137451172e+00,4.569710046052932739e-02
6.438000000000000000e+03,5.497006893157958984e+00,4.568833112716674805e-02
6.439000000000000000e+03,5.494346141815185547e+00,4.569439217448234558e-02
6.440000000000000000e+03,5.495512008666992188e+00,4.564154893159866333e-02
6.441000000000000000e+03,5.493450164794921875e+00,4.567314684391021729e-02
6.442000000000000000e+03,5.495607376098632812e+00,4.578505083918571472e-02
6.443000000000000000e+03,5.493189811706542969e+00,4.570161923766136169e-02
6.444000000000000000e+03,5.492354869842529297e+00,4.567451775074005127e-02
6.445000000000000000e+03,5.491117477416992188e+00,4.562292993068695068e-02
6.446000000000000000e+03,5.494369029998779297e+00,4.556433111429214478e-02
6.447000000000000000e+03,5.490664482116699219e+00,4.560709744691848755e-02
6.448000000000000000e+03,5.489438533782958984e+00,4.556937515735626221e-02
6.449000000000000000e+03,5.488530635833740234e+00,4.556061699986457825e-02
6.450000000000000000e+03,5.486964225769042969e+00,4.555754363536834717e-02
6.451000000000000000e+03,5.485650539398193359e+00,4.554292187094688416e-02
6.452000000000000000e+03,5.483502388000488281e+00,4.551799967885017395e-02
6.453000000000000000e+03,5.482037067413330078e+00,4.550390318036079407e-02
6.454000000000000000e+03,5.481144905090332031e+00,4.548302665352821350e-02
6.455000000000000000e+03,5.480415344238281250e+00,4.546399042010307312e-02
6.456000000000000000e+03,5.479920864105224609e+00,4.545593261718750000e-02
6.457000000000000000e+03,5.479362010955810547e+00,4.539221525192260742e-02
6.458000000000000000e+03,2.358226394653320312e+01,4.448541253805160522e-02
6.459000000000000000e+03,5.608367919921875000e+00,4.527941346168518066e-02
6.460000000000000000e+03,5.478720664978027344e+00,4.538506641983985901e-02
6.461000000000000000e+03,5.477972984313964844e+00,4.539285227656364441e-02
6.462000000000000000e+03,5.476842880249023438e+00,4.538140445947647095e-02
6.463000000000000000e+03,5.475928306579589844e+00,4.536257311701774597e-02
6.464000000000000000e+03,5.475094795227050781e+00,4.535178840160369873e-02
6.465000000000000000e+03,5.474540710449218750e+00,4.534466564655303955e-02
6.466000000000000000e+03,5.473940849304199219e+00,4.535036906599998474e-02
6.467000000000000000e+03,5.473403453826904297e+00,4.534608125686645508e-02
6.468000000000000000e+03,5.472128868103027344e+00,4.537083953619003296e-02
6.469000000000000000e+03,5.470836639404296875e+00,4.536359012126922607e-02
6.470000000000000000e+03,5.468004703521728516e+00,4.537320137023925781e-02
6.471000000000000000e+03,5.473686218261718750e+00,4.544303938746452332e-02
6.472000000000000000e+03,5.467747211456298828e+00,4.538478329777717590e-02
6.473000000000000000e+03,5.482027530670166016e+00,4.542567953467369080e-02
6.474000000000000000e+03,5.467481136322021484e+00,4.538991674780845642e-02
6.475000000000000000e+03,5.465663433074951172e+00,4.539837688207626343e-02
6.476000000000000000e+03,5.462921142578125000e+00,4.542871192097663879e-02
6.477000000000000000e+03,5.460762023925781250e+00,4.548753052949905396e-02
6.478000000000000000e+03,5.458759307861328125e+00,4.544853791594505310e-02
6.479000000000000000e+03,5.457323074340820312e+00,4.540308192372322083e-02
6.480000000000000000e+03,5.455453872680664062e+00,4.534956067800521851e-02
6.481000000000000000e+03,5.454226493835449219e+00,4.532812535762786865e-02
6.482000000000000000e+03,5.451424598693847656e+00,4.528008773922920227e-02
6.483000000000000000e+03,5.450404167175292969e+00,4.529856890439987183e-02
6.484000000000000000e+03,5.453180789947509766e+00,4.530692845582962036e-02
6.485000000000000000e+03,5.449867725372314453e+00,4.530074074864387512e-02
6.486000000000000000e+03,5.515631198883056641e+00,4.594549164175987244e-02
6.487000000000000000e+03,5.448621273040771484e+00,4.537675902247428894e-02
6.488000000000000000e+03,5.457300186157226562e+00,4.559363052248954773e-02
6.489000000000000000e+03,5.448265552520751953e+00,4.541610926389694214e-02
6.490000000000000000e+03,5.447604656219482422e+00,4.543190822005271912e-02
6.491000000000000000e+03,5.447509765625000000e+00,4.546952992677688599e-02
6.492000000000000000e+03,5.447095394134521484e+00,4.545181244611740112e-02
6.493000000000000000e+03,5.446705341339111328e+00,4.544423893094062805e-02
6.494000000000000000e+03,5.445902824401855469e+00,4.541763290762901306e-02
6.495000000000000000e+03,5.445552349090576172e+00,4.540559649467468262e-02
6.496000000000000000e+03,5.445036411285400391e+00,4.538889229297637939e-02
6.497000000000000000e+03,5.444642543792724609e+00,4.537908360362052917e-02
6.498000000000000000e+03,5.443899154663085938e+00,4.537206515669822693e-02
6.499000000000000000e+03,5.443095207214355469e+00,4.536768421530723572e-02
6.500000000000000000e+03,5.441684722900390625e+00,4.536432400345802307e-02
6.501000000000000000e+03,5.439510822296142578e+00,4.536484926939010620e-02
6.502000000000000000e+03,5.639216899871826172e+00,4.513537138700485229e-02
6.503000000000000000e+03,5.439300537109375000e+00,4.535543173551559448e-02
6.504000000000000000e+03,5.435562610626220703e+00,4.540321230888366699e-02
6.505000000000000000e+03,5.431071281433105469e+00,4.546258226037025452e-02
6.506000000000000000e+03,5.425790786743164062e+00,4.551910981535911560e-02
6.507000000000000000e+03,5.421390533447265625e+00,4.562419652938842773e-02
6.508000000000000000e+03,5.418265342712402344e+00,4.559393972158432007e-02
6.509000000000000000e+03,5.415141582489013672e+00,4.556320235133171082e-02
6.510000000000000000e+03,5.412199974060058594e+00,4.555004090070724487e-02
6.511000000000000000e+03,5.453922748565673828e+00,4.576354101300239563e-02
6.512000000000000000e+03,5.411578655242919922e+00,4.557183012366294861e-02
6.513000000000000000e+03,5.409071922302246094e+00,4.558410495519638062e-02
6.514000000000000000e+03,5.407339572906494141e+00,4.560625180602073669e-02
6.515000000000000000e+03,5.406344413757324219e+00,4.563536494970321655e-02
6.516000000000000000e+03,5.405318260192871094e+00,4.564125090837478638e-02
6.517000000000000000e+03,5.403614044189453125e+00,4.564671218395233154e-02
6.518000000000000000e+03,5.401597499847412109e+00,4.563960060477256775e-02
6.519000000000000000e+03,5.399320125579833984e+00,4.561646282672882080e-02
6.520000000000000000e+03,5.400787353515625000e+00,4.573234170675277710e-02
6.521000000000000000e+03,5.398243427276611328e+00,4.566129297018051147e-02
6.522000000000000000e+03,5.396384239196777344e+00,4.563939571380615234e-02
6.523000000000000000e+03,5.395199298858642578e+00,4.566505178809165955e-02
6.524000000000000000e+03,5.394676208496093750e+00,4.567206650972366333e-02
6.525000000000000000e+03,5.394633769989013672e+00,4.578023403882980347e-02
6.526000000000000000e+03,5.394036293029785156e+00,4.572693258523941040e-02
6.527000000000000000e+03,5.392924785614013672e+00,4.573861509561538696e-02
6.528000000000000000e+03,5.393028259277343750e+00,4.573182389140129089e-02
6.529000000000000000e+03,5.390361785888671875e+00,4.573525488376617432e-02
6.530000000000000000e+03,5.388359546661376953e+00,4.573392868041992188e-02
6.531000000000000000e+03,5.386744976043701172e+00,4.573908448219299316e-02
6.532000000000000000e+03,5.385640621185302734e+00,4.571617022156715393e-02
6.533000000000000000e+03,5.384194850921630859e+00,4.566846042871475220e-02
6.534000000000000000e+03,5.382735729217529297e+00,4.566217213869094849e-02
6.535000000000000000e+03,5.380671501159667969e+00,4.566818848252296448e-02
6.536000000000000000e+03,5.377473831176757812e+00,4.570025578141212463e-02
6.537000000000000000e+03,5.376231193542480469e+00,4.571262747049331665e-02
6.538000000000000000e+03,5.374476432800292969e+00,4.574336856603622437e-02
6.539000000000000000e+03,5.373030662536621094e+00,4.576289281249046326e-02
6.540000000000000000e+03,5.371369838714599609e+00,4.579275473952293396e-02
6.541000000000000000e+03,5.369618415832519531e+00,4.580179974436759949e-02
6.542000000000000000e+03,5.368382930755615234e+00,4.579033702611923218e-02
6.543000000000000000e+03,5.366456508636474609e+00,4.574141651391983032e-02
6.544000000000000000e+03,5.364930152893066406e+00,4.571744054555892944e-02
6.545000000000000000e+03,5.366862773895263672e+00,4.568771645426750183e-02
6.546000000000000000e+03,5.363855361938476562e+00,4.570588469505310059e-02
6.547000000000000000e+03,5.365681171417236328e+00,4.566856846213340759e-02
6.548000000000000000e+03,5.360970973968505859e+00,4.568822681903839111e-02
6.549000000000000000e+03,5.358715057373046875e+00,4.565582424402236938e-02
6.550000000000000000e+03,5.351088523864746094e+00,4.551708325743675232e-02
6.551000000000000000e+03,5.348394393920898438e+00,4.547637701034545898e-02
6.552000000000000000e+03,5.344994068145751953e+00,4.547216370701789856e-02
6.553000000000000000e+03,5.340148925781250000e+00,4.542820528149604797e-02
6.554000000000000000e+03,5.338007450103759766e+00,4.545174539089202881e-02
6.555000000000000000e+03,5.334117412567138672e+00,4.547631740570068359e-02
6.556000000000000000e+03,5.331207752227783203e+00,4.549061506986618042e-02
6.557000000000000000e+03,5.331173419952392578e+00,4.544087871909141541e-02
6.558000000000000000e+03,5.329738616943359375e+00,4.546462744474411011e-02
6.559000000000000000e+03,5.327902793884277344e+00,4.549832642078399658e-02
6.560000000000000000e+03,5.327016353607177734e+00,4.552492871880531311e-02
6.561000000000000000e+03,5.325986385345458984e+00,4.551763460040092468e-02
6.562000000000000000e+03,5.324617385864257812e+00,4.551651701331138611e-02
6.563000000000000000e+03,5.323729038238525391e+00,4.542951285839080811e-02
6.564000000000000000e+03,5.321738243103027344e+00,4.548071324825286865e-02
6.565000000000000000e+03,5.320390224456787109e+00,4.550163820385932922e-02
6.566000000000000000e+03,5.318194389343261719e+00,4.552705958485603333e-02
6.567000000000000000e+03,5.316855907440185547e+00,4.552583396434783936e-02
6.568000000000000000e+03,5.314870834350585938e+00,4.550538584589958191e-02
6.569000000000000000e+03,5.313412666320800781e+00,4.549868404865264893e-02
6.570000000000000000e+03,5.312319278717041016e+00,4.549432545900344849e-02
6.571000000000000000e+03,5.311241626739501953e+00,4.549836739897727966e-02
6.572000000000000000e+03,5.310796260833740234e+00,4.551332443952560425e-02
6.573000000000000000e+03,5.310126781463623047e+00,4.553156346082687378e-02
6.574000000000000000e+03,5.309680938720703125e+00,4.554094374179840088e-02
6.575000000000000000e+03,5.309183597564697266e+00,4.557241126894950867e-02
6.576000000000000000e+03,5.310584545135498047e+00,4.553438350558280945e-02
6.577000000000000000e+03,5.308758258819580078e+00,4.555990174412727356e-02
6.578000000000000000e+03,5.308049201965332031e+00,4.555945843458175659e-02
6.579000000000000000e+03,5.306969165802001953e+00,4.556963592767715454e-02
6.580000000000000000e+03,5.306383132934570312e+00,4.557939991354942322e-02
6.581000000000000000e+03,5.305396556854248047e+00,4.560017958283424377e-02
6.582000000000000000e+03,5.304858684539794922e+00,4.560858383774757385e-02
6.583000000000000000e+03,5.304465770721435547e+00,4.561165347695350647e-02
6.584000000000000000e+03,5.304000377655029297e+00,4.560479149222373962e-02
6.585000000000000000e+03,5.303459167480468750e+00,4.560404270887374878e-02
6.586000000000000000e+03,5.303335666656494141e+00,4.559231922030448914e-02
6.587000000000000000e+03,5.302290916442871094e+00,4.562256857752799988e-02
6.588000000000000000e+03,5.301736354827880859e+00,4.562839865684509277e-02
6.589000000000000000e+03,5.300852298736572266e+00,4.565560445189476013e-02
6.590000000000000000e+03,5.299945354461669922e+00,4.566191509366035461e-02
6.591000000000000000e+03,5.298275470733642578e+00,4.566691070795059204e-02
6.592000000000000000e+03,5.297203540802001953e+00,4.567326977849006653e-02
6.593000000000000000e+03,5.295827388763427734e+00,4.568120837211608887e-02
6.594000000000000000e+03,5.294538974761962891e+00,4.569147154688835144e-02
6.595000000000000000e+03,5.293305873870849609e+00,4.569353535771369934e-02
6.596000000000000000e+03,5.292209625244140625e+00,4.569568112492561340e-02
6.597000000000000000e+03,5.291235446929931641e+00,4.569510370492935181e-02
6.598000000000000000e+03,5.290579795837402344e+00,4.569913074374198914e-02
6.599000000000000000e+03,5.290025711059570312e+00,4.572122544050216675e-02
6.600000000000000000e+03,5.308068275451660156e+00,4.609123244881629944e-02
6.601000000000000000e+03,5.289708614349365234e+00,4.576436802744865417e-02
6.602000000000000000e+03,5.288446426391601562e+00,4.576213285326957703e-02
6.603000000000000000e+03,5.286912918090820312e+00,4.577263817191123962e-02
6.604000000000000000e+03,5.285354137420654297e+00,4.580050334334373474e-02
6.605000000000000000e+03,5.548213005065917969e+00,4.515426605939865112e-02
6.606000000000000000e+03,5.285289287567138672e+00,4.578396677970886230e-02
6.607000000000000000e+03,5.283447265625000000e+00,4.581053555011749268e-02
6.608000000000000000e+03,5.281643867492675781e+00,4.581648111343383789e-02
6.609000000000000000e+03,5.280424594879150391e+00,4.580710828304290771e-02
6.610000000000000000e+03,5.278168678283691406e+00,4.576870054006576538e-02
6.611000000000000000e+03,5.275866985321044922e+00,4.569820687174797058e-02
6.612000000000000000e+03,5.273888111114501953e+00,4.563646018505096436e-02
6.613000000000000000e+03,5.271186828613281250e+00,4.558603465557098389e-02
6.614000000000000000e+03,5.267401218414306641e+00,4.554317519068717957e-02
6.615000000000000000e+03,5.268472671508789062e+00,4.570321366190910339e-02
6.616000000000000000e+03,5.265877246856689453e+00,4.561164975166320801e-02
6.617000000000000000e+03,5.265963554382324219e+00,4.561444744467735291e-02
6.618000000000000000e+03,5.264065265655517578e+00,4.561284929513931274e-02
6.619000000000000000e+03,5.261916637420654297e+00,4.562572017312049866e-02
6.620000000000000000e+03,5.260122776031494141e+00,4.565865173935890198e-02
6.621000000000000000e+03,5.259047508239746094e+00,4.566610231995582581e-02
6.622000000000000000e+03,5.258190155029296875e+00,4.565070569515228271e-02
6.623000000000000000e+03,5.256753921508789062e+00,4.561885818839073181e-02
6.624000000000000000e+03,5.255862712860107422e+00,4.560313373804092407e-02
6.625000000000000000e+03,5.254485130310058594e+00,4.560475423932075500e-02
6.626000000000000000e+03,5.345484256744384766e+00,4.503550752997398376e-02
6.627000000000000000e+03,5.254313945770263672e+00,4.558119177818298340e-02
6.628000000000000000e+03,5.252441883087158203e+00,4.559496790170669556e-02
6.629000000000000000e+03,5.249532699584960938e+00,4.567387700080871582e-02
6.630000000000000000e+03,5.247293472290039062e+00,4.575540125370025635e-02
6.631000000000000000e+03,5.269507884979248047e+00,4.598502442240715027e-02
6.632000000000000000e+03,5.247036933898925781e+00,4.578729346394538879e-02
6.633000000000000000e+03,5.245399951934814453e+00,4.583602026104927063e-02
6.634000000000000000e+03,5.244436740875244141e+00,4.584597796201705933e-02
6.635000000000000000e+03,5.243218421936035156e+00,4.584367573261260986e-02
6.636000000000000000e+03,5.242348670959472656e+00,4.584370926022529602e-02
6.637000000000000000e+03,5.240953445434570312e+00,4.585296660661697388e-02
6.638000000000000000e+03,5.239064216613769531e+00,4.585517197847366333e-02
6.639000000000000000e+03,5.323482513427734375e+00,4.666713252663612366e-02
6.640000000000000000e+03,5.238734245300292969e+00,4.590279236435890198e-02
6.641000000000000000e+03,5.236619949340820312e+00,4.590430855751037598e-02
6.642000000000000000e+03,5.234702110290527344e+00,4.591468349099159241e-02
6.643000000000000000e+03,5.233716487884521484e+00,4.584711417555809021e-02
6.644000000000000000e+03,5.232171535491943359e+00,4.586618021130561829e-02
6.645000000000000000e+03,5.230978012084960938e+00,4.586354270577430725e-02
6.646000000000000000e+03,5.235238552093505859e+00,4.583936184644699097e-02
6.647000000000000000e+03,5.230062007904052734e+00,4.585498943924903870e-02
6.648000000000000000e+03,5.228820323944091797e+00,4.582398012280464172e-02
6.649000000000000000e+03,5.230092048645019531e+00,4.574088379740715027e-02
6.650000000000000000e+03,5.228052139282226562e+00,4.579190537333488464e-02
6.651000000000000000e+03,5.227180480957031250e+00,4.576471447944641113e-02
6.652000000000000000e+03,5.225967407226562500e+00,4.576779529452323914e-02
6.653000000000000000e+03,5.224800109863281250e+00,4.578361287713050842e-02
6.654000000000000000e+03,5.223952293395996094e+00,4.580346122384071350e-02
6.655000000000000000e+03,9.520133018493652344e+00,4.559598118066787720e-02
6.656000000000000000e+03,5.223811626434326172e+00,4.579918086528778076e-02
6.657000000000000000e+03,5.222784996032714844e+00,4.579108580946922302e-02
6.658000000000000000e+03,5.230110645294189453e+00,4.574048891663551331e-02
6.659000000000000000e+03,5.222547054290771484e+00,4.578378051519393921e-02
6.660000000000000000e+03,5.221693038940429688e+00,4.572615772485733032e-02
6.661000000000000000e+03,5.220091819763183594e+00,4.573741927742958069e-02
6.662000000000000000e+03,5.218741416931152344e+00,4.574455320835113525e-02
6.663000000000000000e+03,5.216597080230712891e+00,4.576726630330085754e-02
6.664000000000000000e+03,5.221914291381835938e+00,4.589871317148208618e-02
6.665000000000000000e+03,5.216142654418945312e+00,4.579544067382812500e-02
6.666000000000000000e+03,5.216070652008056641e+00,4.583007097244262695e-02
6.667000000000000000e+03,5.215535640716552734e+00,4.581313207745552063e-02
6.668000000000000000e+03,5.413167476654052734e+00,4.540771618485450745e-02
6.669000000000000000e+03,5.214538097381591797e+00,4.578122496604919434e-02
6.670000000000000000e+03,5.213732719421386719e+00,4.579442739486694336e-02
6.671000000000000000e+03,5.212352275848388672e+00,4.582973569631576538e-02
6.672000000000000000e+03,5.211441993713378906e+00,4.586056992411613464e-02
6.673000000000000000e+03,5.210637092590332031e+00,4.586673527956008911e-02
6.674000000000000000e+03,5.209431171417236328e+00,4.585421830415725708e-02
6.675000000000000000e+03,5.209014892578125000e+00,4.584189876914024353e-02
6.676000000000000000e+03,5.207916736602783203e+00,4.581481218338012695e-02
6.677000000000000000e+03,5.207081794738769531e+00,4.579838365316390991e-02
6.678000000000000000e+03,5.206262111663818359e+00,4.582647606730461121e-02
6.679000000000000000e+03,5.206617355346679688e+00,4.579203948378562927e-02
6.680000000000000000e+03,5.205718994140625000e+00,4.581139609217643738e-02
6.681000000000000000e+03,5.204852104187011719e+00,4.586806148290634155e-02
6.682000000000000000e+03,5.204044818878173828e+00,4.590266570448875427e-02
6.683000000000000000e+03,5.202484607696533203e+00,4.594423621892929077e-02
6.684000000000000000e+03,5.200649738311767578e+00,4.593204334378242493e-02
6.685000000000000000e+03,5.199306964874267578e+00,4.588619247078895569e-02
6.686000000000000000e+03,5.198726654052734375e+00,4.582940787076950073e-02
6.687000000000000000e+03,5.198364734649658203e+00,4.581080749630928040e-02
6.688000000000000000e+03,5.198019981384277344e+00,4.581056535243988037e-02
6.689000000000000000e+03,5.197314739227294922e+00,4.582389444112777710e-02
6.690000000000000000e+03,5.396750450134277344e+00,4.591677337884902954e-02
6.691000000000000000e+03,5.197678565979003906e+00,4.582859203219413757e-02
6.692000000000000000e+03,5.197296619415283203e+00,4.582491144537925720e-02
6.693000000000000000e+03,5.196885585784912109e+00,4.583878070116043091e-02
6.694000000000000000e+03,5.196426391601562500e+00,4.584607854485511780e-02
6.695000000000000000e+03,5.195675373077392578e+00,4.586075246334075928e-02
6.696000000000000000e+03,5.195365428924560547e+00,4.582669585943222046e-02
6.697000000000000000e+03,5.193402767181396484e+00,4.582902044057846069e-02
6.698000000000000000e+03,5.191913127899169922e+00,4.582383483648300171e-02
6.699000000000000000e+03,5.190157413482666016e+00,4.580171033740043640e-02
6.700000000000000000e+03,5.190053462982177734e+00,4.578137397766113281e-02
6.701000000000000000e+03,5.188931941986083984e+00,4.580324143171310425e-02
6.702000000000000000e+03,5.188441753387451172e+00,4.582622274756431580e-02
6.703000000000000000e+03,5.188013076782226562e+00,4.586375877261161804e-02
6.704000000000000000e+03,5.189615726470947266e+00,4.575761035084724426e-02
6.705000000000000000e+03,5.187716960906982422e+00,4.583438858389854431e-02
6.706000000000000000e+03,5.187201023101806641e+00,4.585146158933639526e-02
6.707000000000000000e+03,5.186389446258544922e+00,4.585315659642219543e-02
6.708000000000000000e+03,5.185729026794433594e+00,4.583016037940979004e-02
6.709000000000000000e+03,5.184901237487792969e+00,4.578424990177154541e-02
6.710000000000000000e+03,5.184377670288085938e+00,4.576279595494270325e-02
6.711000000000000000e+03,5.183944225311279297e+00,4.574796929955482483e-02
6.712000000000000000e+03,5.187312126159667969e+00,4.571458697319030762e-02
6.713000000000000000e+03,5.183761119842529297e+00,4.574179649353027344e-02
6.714000000000000000e+03,5.183190345764160156e+00,4.574556648731231689e-02
6.715000000000000000e+03,5.182423114776611328e+00,4.575073346495628357e-02
6.716000000000000000e+03,5.181707859039306641e+00,4.576503857970237732e-02
6.717000000000000000e+03,5.190128326416015625e+00,4.576403275132179260e-02
6.718000000000000000e+03,5.181476593017578125e+00,4.576326161623001099e-02
6.719000000000000000e+03,5.245770931243896484e+00,4.549827054142951965e-02
6.720000000000000000e+03,5.181250572204589844e+00,4.574837163090705872e-02
6.721000000000000000e+03,5.180228710174560547e+00,4.574149847030639648e-02
6.722000000000000000e+03,5.185091495513916016e+00,4.589950293302536011e-02
6.723000000000000000e+03,5.179965972900390625e+00,4.577266052365303040e-02
6.724000000000000000e+03,5.178860664367675781e+00,4.573469236493110657e-02
6.725000000000000000e+03,5.178334712982177734e+00,4.571044445037841797e-02
6.726000000000000000e+03,5.177570819854736328e+00,4.568438977003097534e-02
6.727000000000000000e+03,5.176732063293457031e+00,4.566589742898941040e-02
6.728000000000000000e+03,5.175318717956542969e+00,4.565405845642089844e-02
6.729000000000000000e+03,5.173094749450683594e+00,4.563640058040618896e-02
6.730000000000000000e+03,5.170381546020507812e+00,4.559341818094253540e-02
6.731000000000000000e+03,5.168696880340576172e+00,4.556237533688545227e-02
6.732000000000000000e+03,5.167442798614501953e+00,4.553906619548797607e-02
6.733000000000000000e+03,5.166472911834716797e+00,4.552062973380088806e-02
6.734000000000000000e+03,5.165926933288574219e+00,4.549891129136085510e-02
6.735000000000000000e+03,5.164933204650878906e+00,4.551410302519798279e-02
6.736000000000000000e+03,5.164342403411865234e+00,4.552635550498962402e-02
6.737000000000000000e+03,5.163464546203613281e+00,4.551894962787628174e-02
6.738000000000000000e+03,5.162344455718994141e+00,4.551783576607704163e-02
6.739000000000000000e+03,5.161128997802734375e+00,4.549283534288406372e-02
6.740000000000000000e+03,5.159862995147705078e+00,4.547011479735374451e-02
6.741000000000000000e+03,5.159130573272705078e+00,4.546930268406867981e-02
6.742000000000000000e+03,5.161862850189208984e+00,4.554020985960960388e-02
6.743000000000000000e+03,5.158823490142822266e+00,4.548516869544982910e-02
6.744000000000000000e+03,5.164173126220703125e+00,4.567115753889083862e-02
6.745000000000000000e+03,5.157967567443847656e+00,4.553528502583503723e-02
6.746000000000000000e+03,5.156701087951660156e+00,4.550654441118240356e-02
6.747000000000000000e+03,5.155403137207031250e+00,4.551971331238746643e-02
6.748000000000000000e+03,5.153112888336181641e+00,4.555419087409973145e-02
6.749000000000000000e+03,5.152703285217285156e+00,4.567834362387657166e-02
6.750000000000000000e+03,5.149953842163085938e+00,4.562970995903015137e-02
6.751000000000000000e+03,5.148180961608886719e+00,4.559509456157684326e-02
6.752000000000000000e+03,5.146329879760742188e+00,4.558426886796951294e-02
6.753000000000000000e+03,5.144276142120361328e+00,4.558149725198745728e-02
6.754000000000000000e+03,5.141651153564453125e+00,4.561060294508934021e-02
6.755000000000000000e+03,5.139702796936035156e+00,4.564234241843223572e-02
6.756000000000000000e+03,5.137375831604003906e+00,4.567981883883476257e-02
6.757000000000000000e+03,5.135215282440185547e+00,4.566080495715141296e-02
6.758000000000000000e+03,5.136467933654785156e+00,4.558544605970382690e-02
6.759000000000000000e+03,5.133787631988525391e+00,4.562846571207046509e-02
6.760000000000000000e+03,5.132603168487548828e+00,4.554378241300582886e-02
6.761000000000000000e+03,5.131594657897949219e+00,4.557405412197113037e-02
6.762000000000000000e+03,5.130464553833007812e+00,4.563047364354133606e-02
6.763000000000000000e+03,5.129433631896972656e+00,4.564883559942245483e-02
6.764000000000000000e+03,5.128128528594970703e+00,4.566123709082603455e-02
6.765000000000000000e+03,5.140120506286621094e+00,4.554274678230285645e-02
6.766000000000000000e+03,5.127694606781005859e+00,4.564172402024269104e-02
6.767000000000000000e+03,5.125937461853027344e+00,4.563558101654052734e-02
6.768000000000000000e+03,5.124233722686767578e+00,4.567748308181762695e-02
6.769000000000000000e+03,5.226447582244873047e+00,4.541399702429771423e-02
6.770000000000000000e+03,5.124070644378662109e+00,4.566601291298866272e-02
6.771000000000000000e+03,5.122396469116210938e+00,4.564418643712997437e-02
6.772000000000000000e+03,5.679918289184570312e+00,4.598085209727287292e-02
6.773000000000000000e+03,5.121000289916992188e+00,4.565260559320449829e-02
6.774000000000000000e+03,5.119728565216064453e+00,4.565620049834251404e-02
6.775000000000000000e+03,5.118767261505126953e+00,4.567372053861618042e-02
6.776000000000000000e+03,5.117440223693847656e+00,4.568398743867874146e-02
6.777000000000000000e+03,5.116422653198242188e+00,4.567521438002586365e-02
6.778000000000000000e+03,5.129207134246826172e+00,4.578614979982376099e-02
6.779000000000000000e+03,5.115743160247802734e+00,4.569328203797340393e-02
6.780000000000000000e+03,5.114130496978759766e+00,4.567262902855873108e-02
6.781000000000000000e+03,5.111072063446044922e+00,4.562614858150482178e-02
6.782000000000000000e+03,5.109644889831542969e+00,4.559602215886116028e-02
6.783000000000000000e+03,5.109019756317138672e+00,4.554777592420578003e-02
6.784000000000000000e+03,5.112704277038574219e+00,4.551321640610694885e-02
6.785000000000000000e+03,5.107583522796630859e+00,4.553534090518951416e-02
6.786000000000000000e+03,5.106282234191894531e+00,4.556358978152275085e-02
6.787000000000000000e+03,5.103591442108154297e+00,4.561658948659896851e-02
6.788000000000000000e+03,5.101598739624023438e+00,4.563669115304946899e-02
6.789000000000000000e+03,5.099183082580566406e+00,4.564056545495986938e-02
6.790000000000000000e+03,5.096835136413574219e+00,4.563154280185699463e-02
6.791000000000000000e+03,5.114163398742675781e+00,4.561819508671760559e-02
6.792000000000000000e+03,5.096401214599609375e+00,4.562959820032119751e-02
6.793000000000000000e+03,5.094124317169189453e+00,4.562217742204666138e-02
6.794000000000000000e+03,5.091311454772949219e+00,4.560639709234237671e-02
6.795000000000000000e+03,5.087806224822998047e+00,4.565015435218811035e-02
6.796000000000000000e+03,5.091291427612304688e+00,4.570969939231872559e-02
6.797000000000000000e+03,5.086290359497070312e+00,4.567097127437591553e-02
6.798000000000000000e+03,5.082633495330810547e+00,4.575338959693908691e-02
6.799000000000000000e+03,5.079757690429687500e+00,4.577913507819175720e-02
6.800000000000000000e+03,5.076432228088378906e+00,4.583438485860824585e-02
6.801000000000000000e+03,5.074207305908203125e+00,4.585304483771324158e-02
6.802000000000000000e+03,5.068805694580078125e+00,4.591802135109901428e-02
6.803000000000000000e+03,5.065114021301269531e+00,4.591880366206169128e-02
6.804000000000000000e+03,5.060713291168212891e+00,4.588858038187026978e-02
6.805000000000000000e+03,5.066876411437988281e+00,4.566590860486030579e-02
6.806000000000000000e+03,5.060113430023193359e+00,4.583518207073211670e-02
6.807000000000000000e+03,3.802459335327148438e+01,4.348982498049736023e-02
6.808000000000000000e+03,5.494641780853271484e+00,4.513865709304809570e-02
6.809000000000000000e+03,5.061236858367919922e+00,4.566430673003196716e-02
6.810000000000000000e+03,5.057606697082519531e+00,4.575303569436073303e-02
6.811000000000000000e+03,5.056307315826416016e+00,4.573942720890045166e-02
6.812000000000000000e+03,5.054533004760742188e+00,4.569885879755020142e-02
6.813000000000000000e+03,5.154839992523193359e+00,4.598054662346839905e-02
6.814000000000000000e+03,5.054389476776123047e+00,4.570781812071800232e-02
6.815000000000000000e+03,5.052878856658935547e+00,4.569256305694580078e-02
6.816000000000000000e+03,5.049057483673095703e+00,4.561754316091537476e-02
6.817000000000000000e+03,5.045988559722900391e+00,4.556963592767715454e-02
6.818000000000000000e+03,5.044681549072265625e+00,4.550769552588462830e-02
6.819000000000000000e+03,5.042735099792480469e+00,4.554485529661178589e-02
6.820000000000000000e+03,5.041428089141845703e+00,4.558587819337844849e-02
6.821000000000000000e+03,5.039924621582031250e+00,4.560510814189910889e-02
6.822000000000000000e+03,5.038201808929443359e+00,4.564617946743965149e-02
6.823000000000000000e+03,5.036394596099853516e+00,4.565162211656570435e-02
6.824000000000000000e+03,5.034736633300781250e+00,4.562658071517944336e-02
6.825000000000000000e+03,5.033190727233886719e+00,4.561239480972290039e-02
6.826000000000000000e+03,5.031330108642578125e+00,4.559780657291412354e-02
6.827000000000000000e+03,5.029363632202148438e+00,4.560995846986770630e-02
6.828000000000000000e+03,5.026938438415527344e+00,4.558669403195381165e-02
6.829000000000000000e+03,5.183060646057128906e+00,4.596150666475296021e-02
6.830000000000000000e+03,5.026380062103271484e+00,4.560752958059310913e-02
6.831000000000000000e+03,5.029713153839111328e+00,4.571560770273208618e-02
6.832000000000000000e+03,5.025256156921386719e+00,4.564354941248893738e-02
6.833000000000000000e+03,5.022734642028808594e+00,4.562096670269966125e-02
6.834000000000000000e+03,5.019448757171630859e+00,4.556040838360786438e-02
6.835000000000000000e+03,5.018039226531982422e+00,4.553440585732460022e-02
6.836000000000000000e+03,5.016375541687011719e+00,4.552201181650161743e-02
6.837000000000000000e+03,5.015111923217773438e+00,4.552184417843818665e-02
6.838000000000000000e+03,5.013678550720214844e+00,4.551756381988525391e-02
6.839000000000000000e+03,5.012252330780029297e+00,4.550828412175178528e-02
6.840000000000000000e+03,5.010792255401611328e+00,4.549320414662361145e-02
6.841000000000000000e+03,5.008666038513183594e+00,4.546575993299484253e-02
6.842000000000000000e+03,5.816531181335449219e+00,4.381974041461944580e-02
6.843000000000000000e+03,5.008508205413818359e+00,4.544167220592498779e-02
6.844000000000000000e+03,5.006245613098144531e+00,4.538360610604286194e-02
6.845000000000000000e+03,5.003777980804443359e+00,4.528502374887466431e-02
6.846000000000000000e+03,5.007247924804687500e+00,4.532060027122497559e-02
6.847000000000000000e+03,5.002991199493408203e+00,4.529581591486930847e-02
6.848000000000000000e+03,5.000658512115478516e+00,4.521427303552627563e-02
6.849000000000000000e+03,4.997470855712890625e+00,4.513899981975555420e-02
6.850000000000000000e+03,4.994805812835693359e+00,4.511338844895362854e-02
6.851000000000000000e+03,4.991512298583984375e+00,4.514149948954582214e-02
6.852000000000000000e+03,5.063857078552246094e+00,4.500559717416763306e-02
6.853000000000000000e+03,4.990792751312255859e+00,4.512849450111389160e-02
6.854000000000000000e+03,4.988087654113769531e+00,4.518784582614898682e-02
6.855000000000000000e+03,4.985706806182861328e+00,4.522073268890380859e-02
6.856000000000000000e+03,4.983576297760009766e+00,4.519342258572578430e-02
6.857000000000000000e+03,4.982361316680908203e+00,4.515337571501731873e-02
6.858000000000000000e+03,5.551316261291503906e+00,4.591115191578865051e-02
6.859000000000000000e+03,4.982111454010009766e+00,4.516484215855598450e-02
6.860000000000000000e+03,4.981254100799560547e+00,4.510461166501045227e-02
6.861000000000000000e+03,5.717268943786621094e+00,4.434501752257347107e-02
6.862000000000000000e+03,4.981173038482666016e+00,4.509394243359565735e-02
6.863000000000000000e+03,4.981623649597167969e+00,4.506983608007431030e-02
6.864000000000000000e+03,4.980507373809814453e+00,4.508331790566444397e-02
6.865000000000000000e+03,4.979616165161132812e+00,4.502582177519798279e-02
6.866000000000000000e+03,4.978420734405517578e+00,4.494413733482360840e-02
6.867000000000000000e+03,4.977591991424560547e+00,4.493424296379089355e-02
6.868000000000000000e+03,4.976065635681152344e+00,4.495740309357643127e-02
6.869000000000000000e+03,4.974521160125732422e+00,4.497621580958366394e-02
6.870000000000000000e+03,4.972352504730224609e+00,4.496569931507110596e-02
6.871000000000000000e+03,4.970972537994384766e+00,4.492714628577232361e-02
6.872000000000000000e+03,4.969439506530761719e+00,4.485013335943222046e-02
6.873000000000000000e+03,4.968696117401123047e+00,4.479365795850753784e-02
6.874000000000000000e+03,4.967814445495605469e+00,4.478508234024047852e-02
6.875000000000000000e+03,4.967057704925537109e+00,4.480572417378425598e-02
6.876000000000000000e+03,4.966319561004638672e+00,4.491152986884117126e-02
6.877000000000000000e+03,4.966443061828613281e+00,4.488438740372657776e-02
6.878000000000000000e+03,4.965875625610351562e+00,4.489889368414878845e-02
6.879000000000000000e+03,4.965421676635742188e+00,4.492606595158576965e-02
6.880000000000000000e+03,4.964637756347656250e+00,4.490990564227104187e-02
6.881000000000000000e+03,4.965863227844238281e+00,4.495754092931747437e-02
6.882000000000000000e+03,4.964237689971923828e+00,4.492559283971786499e-02
6.883000000000000000e+03,4.963255882263183594e+00,4.495263844728469849e-02
6.884000000000000000e+03,4.962100505828857422e+00,4.497120156884193420e-02
6.885000000000000000e+03,4.960504055023193359e+00,4.498612135648727417e-02
6.886000000000000000e+03,4.958277702331542969e+00,4.494494572281837463e-02
6.887000000000000000e+03,4.953694820404052734e+00,4.487557336688041687e-02
6.888000000000000000e+03,4.950939655303955078e+00,4.484083503484725952e-02
6.889000000000000000e+03,4.948704719543457031e+00,4.483978450298309326e-02
6.890000000000000000e+03,4.947967529296875000e+00,4.483768716454505920e-02
6.891000000000000000e+03,4.947401046752929688e+00,4.485218971967697144e-02
6.892000000000000000e+03,4.947094917297363281e+00,4.485105350613594055e-02
6.893000000000000000e+03,4.946372985839843750e+00,4.483947902917861938e-02
6.894000000000000000e+03,4.946033954620361328e+00,4.483526200056076050e-02
6.895000000000000000e+03,4.945611000061035156e+00,4.483334347605705261e-02
6.896000000000000000e+03,4.945388793945312500e+00,4.484175890684127808e-02
6.897000000000000000e+03,4.944863319396972656e+00,4.488120228052139282e-02
6.898000000000000000e+03,4.944506645202636719e+00,4.490821063518524170e-02
6.899000000000000000e+03,4.944201469421386719e+00,4.492137953639030457e-02
6.900000000000000000e+03,4.943798542022705078e+00,4.492570459842681885e-02
6.901000000000000000e+03,4.943417072296142578e+00,4.493423923850059509e-02
6.902000000000000000e+03,4.942487716674804688e+00,4.494222253561019897e-02
6.903000000000000000e+03,4.941498279571533203e+00,4.494090378284454346e-02
6.904000000000000000e+03,4.940172672271728516e+00,4.490395635366439819e-02
6.905000000000000000e+03,4.939365863800048828e+00,4.491506144404411316e-02
6.906000000000000000e+03,4.938056945800781250e+00,4.493369907140731812e-02
6.907000000000000000e+03,4.936882972717285156e+00,4.492139071226119995e-02
6.908000000000000000e+03,4.934779644012451172e+00,4.491200670599937439e-02
6.909000000000000000e+03,4.932888507843017578e+00,4.490498453378677368e-02
6.910000000000000000e+03,4.930860519409179688e+00,4.490417242050170898e-02
6.911000000000000000e+03,4.928918361663818359e+00,4.492790624499320984e-02
6.912000000000000000e+03,4.927268505096435547e+00,4.492320865392684937e-02
6.913000000000000000e+03,4.924962997436523438e+00,4.488535225391387939e-02
6.914000000000000000e+03,4.996687889099121094e+00,4.485091567039489746e-02
6.915000000000000000e+03,4.924554347991943359e+00,4.488258436322212219e-02
6.916000000000000000e+03,4.922606945037841797e+00,4.484525322914123535e-02
6.917000000000000000e+03,4.920607089996337891e+00,4.479094594717025757e-02
6.918000000000000000e+03,4.919447898864746094e+00,4.477422684431076050e-02
6.919000000000000000e+03,4.918045520782470703e+00,4.477937519550323486e-02
6.920000000000000000e+03,4.915746688842773438e+00,4.480371251702308655e-02
6.921000000000000000e+03,4.913560390472412109e+00,4.483050107955932617e-02
6.922000000000000000e+03,4.923392295837402344e+00,4.477761313319206238e-02
6.923000000000000000e+03,4.912843704223632812e+00,4.481907188892364502e-02
6.924000000000000000e+03,4.912687778472900391e+00,4.487061128020286560e-02
6.925000000000000000e+03,4.911699295043945312e+00,4.484558477997779846e-02
6.926000000000000000e+03,4.962625026702880859e+00,4.480955749750137329e-02
6.927000000000000000e+03,4.910111427307128906e+00,4.483766853809356689e-02
6.928000000000000000e+03,4.908448696136474609e+00,4.484644159674644470e-02
6.929000000000000000e+03,4.903382301330566406e+00,4.482040181756019592e-02
6.930000000000000000e+03,4.900840759277343750e+00,4.480813443660736084e-02
6.931000000000000000e+03,4.896736621856689453e+00,4.469421878457069397e-02
6.932000000000000000e+03,4.926630496978759766e+00,4.489235952496528625e-02
6.933000000000000000e+03,4.896512985229492188e+00,4.470871388912200928e-02
6.934000000000000000e+03,4.900740623474121094e+00,4.473131895065307617e-02
6.935000000000000000e+03,4.896179199218750000e+00,4.471294209361076355e-02
6.936000000000000000e+03,4.901382923126220703e+00,4.454386979341506958e-02
6.937000000000000000e+03,4.895388603210449219e+00,4.466764256358146667e-02
6.938000000000000000e+03,4.893680572509765625e+00,4.461136832833290100e-02
6.939000000000000000e+03,4.892301082611083984e+00,4.458894580602645874e-02
6.940000000000000000e+03,4.891020298004150391e+00,4.460662975907325745e-02
6.941000000000000000e+03,4.894957542419433594e+00,4.449056088924407959e-02
6.942000000000000000e+03,4.889975547790527344e+00,4.456976428627967834e-02
6.943000000000000000e+03,4.888227939605712891e+00,4.456647112965583801e-02
6.944000000000000000e+03,4.882434368133544922e+00,4.453739523887634277e-02
6.945000000000000000e+03,4.879917621612548828e+00,4.451707005500793457e-02
6.946000000000000000e+03,4.876255512237548828e+00,4.447470977902412415e-02
6.947000000000000000e+03,4.873399734497070312e+00,4.442056268453598022e-02
6.948000000000000000e+03,4.872718334197998047e+00,4.451349750161170959e-02
6.949000000000000000e+03,4.868108749389648438e+00,4.439363628625869751e-02
6.950000000000000000e+03,4.866384506225585938e+00,4.439882561564445496e-02
6.951000000000000000e+03,4.864537715911865234e+00,4.445704817771911621e-02
6.952000000000000000e+03,4.862707138061523438e+00,4.445366561412811279e-02
6.953000000000000000e+03,4.861177921295166016e+00,4.444569349288940430e-02
6.954000000000000000e+03,4.860060214996337891e+00,4.445199668407440186e-02
6.955000000000000000e+03,4.859113693237304688e+00,4.444968700408935547e-02
6.956000000000000000e+03,4.860694408416748047e+00,4.450418427586555481e-02
6.957000000000000000e+03,4.858885288238525391e+00,4.446409642696380615e-02
6.958000000000000000e+03,4.858369827270507812e+00,4.445327818393707275e-02
6.959000000000000000e+03,4.857760429382324219e+00,4.445319995284080505e-02
6.960000000000000000e+03,5.014281272888183594e+00,4.346244782209396362e-02
6.961000000000000000e+03,4.857478618621826172e+00,4.441232234239578247e-02
6.962000000000000000e+03,4.856647968292236328e+00,4.441200196743011475e-02
6.963000000000000000e+03,4.854787349700927734e+00,4.441352188587188721e-02
6.964000000000000000e+03,4.874165534973144531e+00,4.428672417998313904e-02
6.965000000000000000e+03,4.854485034942626953e+00,4.439900442957878113e-02
6.966000000000000000e+03,4.851906776428222656e+00,4.440913721919059753e-02
6.967000000000000000e+03,4.849575996398925781e+00,4.438441991806030273e-02
6.968000000000000000e+03,4.847284793853759766e+00,4.436116665601730347e-02
6.969000000000000000e+03,4.844751358032226562e+00,4.436035826802253723e-02
6.970000000000000000e+03,4.842228889465332031e+00,4.437372833490371704e-02
6.971000000000000000e+03,4.838975906372070312e+00,4.442306980490684509e-02
6.972000000000000000e+03,4.835206031799316406e+00,4.448407515883445740e-02
6.973000000000000000e+03,5.033414363861083984e+00,4.377537220716476440e-02
6.974000000000000000e+03,4.834792613983154297e+00,4.444891586899757385e-02
6.975000000000000000e+03,4.831267356872558594e+00,4.448615759611129761e-02
6.976000000000000000e+03,4.892199516296386719e+00,4.430704936385154724e-02
6.977000000000000000e+03,4.831088542938232422e+00,4.447598010301589966e-02
6.978000000000000000e+03,4.828021049499511719e+00,4.446252435445785522e-02
6.979000000000000000e+03,4.826249599456787109e+00,4.442904517054557800e-02
6.980000000000000000e+03,4.824429035186767578e+00,4.439043626189231873e-02
6.981000000000000000e+03,4.824221134185791016e+00,4.440274462103843689e-02
6.982000000000000000e+03,4.837386131286621094e+00,4.450912028551101685e-02
6.983000000000000000e+03,4.823379516601562500e+00,4.442293196916580200e-02
6.984000000000000000e+03,4.839044094085693359e+00,4.433163627982139587e-02
6.985000000000000000e+03,4.821451187133789062e+00,4.439786076545715332e-02
6.986000000000000000e+03,4.819153785705566406e+00,4.438884556293487549e-02
6.987000000000000000e+03,4.816736698150634766e+00,4.439452290534973145e-02
6.988000000000000000e+03,4.814453601837158203e+00,4.440555721521377563e-02
6.989000000000000000e+03,4.812714099884033203e+00,4.440938681364059448e-02
6.990000000000000000e+03,4.810975551605224609e+00,4.439169541001319885e-02
6.991000000000000000e+03,4.810139179229736328e+00,4.437112435698509216e-02
6.992000000000000000e+03,4.808562755584716797e+00,4.437648132443428040e-02
6.993000000000000000e+03,4.807538986206054688e+00,4.438608512282371521e-02
6.994000000000000000e+03,4.805710792541503906e+00,4.441636800765991211e-02
6.995000000000000000e+03,4.806859016418457031e+00,4.447473585605621338e-02
6.996000000000000000e+03,4.805264472961425781e+00,4.443643987178802490e-02
6.997000000000000000e+03,4.803773880004882812e+00,4.450094699859619141e-02
6.998000000000000000e+03,4.801641464233398438e+00,4.453873261809349060e-02
6.999000000000000000e+03,4.800027847290039062e+00,4.454024508595466614e-02
7.000000000000000000e+03,4.798739433288574219e+00,4.452940076589584351e-02
7.001000000000000000e+03,4.797240257263183594e+00,4.448720812797546387e-02
7.002000000000000000e+03,4.795558452606201172e+00,4.443936422467231750e-02
7.003000000000000000e+03,4.794605731964111328e+00,4.439796507358551025e-02
7.004000000000000000e+03,4.793166637420654297e+00,4.442417994141578674e-02
7.005000000000000000e+03,4.792358875274658203e+00,4.445389658212661743e-02
7.006000000000000000e+03,4.791354179382324219e+00,4.449805617332458496e-02
7.007000000000000000e+03,4.790080547332763672e+00,4.454309493303298950e-02
7.008000000000000000e+03,4.788892269134521484e+00,4.457250237464904785e-02
7.009000000000000000e+03,4.788116931915283203e+00,4.460085183382034302e-02
7.010000000000000000e+03,4.787508487701416016e+00,4.458393901586532593e-02
7.011000000000000000e+03,4.786915779113769531e+00,4.456330835819244385e-02
7.012000000000000000e+03,4.785251617431640625e+00,4.453737288713455200e-02
7.013000000000000000e+03,4.784177303314208984e+00,4.454512149095535278e-02
7.014000000000000000e+03,4.783018589019775391e+00,4.455983266234397888e-02
7.015000000000000000e+03,4.782292366027832031e+00,4.456780478358268738e-02
7.016000000000000000e+03,4.781754493713378906e+00,4.456933960318565369e-02
7.017000000000000000e+03,4.781853675842285156e+00,4.458559677004814148e-02
7.018000000000000000e+03,4.781507015228271484e+00,4.457703232765197754e-02
7.019000000000000000e+03,4.781074523925781250e+00,4.457623511552810669e-02
7.020000000000000000e+03,4.780364036560058594e+00,4.457714036107063293e-02
7.021000000000000000e+03,4.779942512512207031e+00,4.457451775670051575e-02
7.022000000000000000e+03,4.779338359832763672e+00,4.457047954201698303e-02
7.023000000000000000e+03,4.778884410858154297e+00,4.456512257456779480e-02
7.024000000000000000e+03,4.779110908508300781e+00,4.454729333519935608e-02
7.025000000000000000e+03,4.778746604919433594e+00,4.455849528312683105e-02
7.026000000000000000e+03,4.778363227844238281e+00,4.455882310867309570e-02
7.027000000000000000e+03,4.778006553649902344e+00,4.455666616559028625e-02
7.028000000000000000e+03,4.777625083923339844e+00,4.453757777810096741e-02
7.029000000000000000e+03,4.798176765441894531e+00,4.449065774679183960e-02
7.030000000000000000e+03,4.777625560760498047e+00,4.453564807772636414e-02
7.031000000000000000e+03,4.777601718902587891e+00,4.453698545694351196e-02
7.032000000000000000e+03,4.779403686523437500e+00,4.453082010149955750e-02
7.033000000000000000e+03,4.777569293975830078e+00,4.453594610095024109e-02
7.034000000000000000e+03,4.777103424072265625e+00,4.453573003411293030e-02
7.035000000000000000e+03,4.776075839996337891e+00,4.452197253704071045e-02
7.036000000000000000e+03,4.775253772735595703e+00,4.451412707567214966e-02
7.037000000000000000e+03,4.774528503417968750e+00,4.451798647642135620e-02
7.038000000000000000e+03,4.773861885070800781e+00,4.452747851610183716e-02
7.039000000000000000e+03,4.796730041503906250e+00,4.462698847055435181e-02
7.040000000000000000e+03,4.773802757263183594e+00,4.453128576278686523e-02
7.041000000000000000e+03,4.773346424102783203e+00,4.454006254673004150e-02
7.042000000000000000e+03,4.772959709167480469e+00,4.454517737030982971e-02
7.043000000000000000e+03,4.772386550903320312e+00,4.455604031682014465e-02
7.044000000000000000e+03,4.771946907043457031e+00,4.455614835023880005e-02
7.045000000000000000e+03,4.771017551422119141e+00,4.455350339412689209e-02
7.046000000000000000e+03,4.772043228149414062e+00,4.453741759061813354e-02
7.047000000000000000e+03,4.770494937896728516e+00,4.454680159687995911e-02
7.048000000000000000e+03,4.768716812133789062e+00,4.455389827489852905e-02
7.049000000000000000e+03,4.766890525817871094e+00,4.455434903502464294e-02
7.050000000000000000e+03,4.764367580413818359e+00,4.457229748368263245e-02
7.051000000000000000e+03,4.762833118438720703e+00,4.457560926675796509e-02
7.052000000000000000e+03,4.761199951171875000e+00,4.458921030163764954e-02
7.053000000000000000e+03,4.760274410247802734e+00,4.460031539201736450e-02
7.054000000000000000e+03,4.759192466735839844e+00,4.460728541016578674e-02
7.055000000000000000e+03,4.757758140563964844e+00,4.462167620658874512e-02
7.056000000000000000e+03,4.756302356719970703e+00,4.462952166795730591e-02
7.057000000000000000e+03,4.755301952362060547e+00,4.464472085237503052e-02
7.058000000000000000e+03,4.754665374755859375e+00,4.464451596140861511e-02
7.059000000000000000e+03,4.754298686981201172e+00,4.464239999651908875e-02
7.060000000000000000e+03,4.753741264343261719e+00,4.463917389512062073e-02
7.061000000000000000e+03,4.753255844116210938e+00,4.462985321879386902e-02
7.062000000000000000e+03,4.752638339996337891e+00,4.460825398564338684e-02
7.063000000000000000e+03,4.752068996429443359e+00,4.457541927695274353e-02
7.064000000000000000e+03,4.752194881439208984e+00,4.446780309081077576e-02
7.065000000000000000e+03,4.751570224761962891e+00,4.452485218644142151e-02
7.066000000000000000e+03,4.750662326812744141e+00,4.446434974670410156e-02
7.067000000000000000e+03,4.829219818115234375e+00,4.482530057430267334e-02
7.068000000000000000e+03,4.750597000122070312e+00,4.447343200445175171e-02
7.069000000000000000e+03,4.749975681304931641e+00,4.444150999188423157e-02
7.070000000000000000e+03,4.749433040618896484e+00,4.443191364407539368e-02
7.071000000000000000e+03,1.078293579101562500e+03,4.982495680451393127e-02
7.072000000000000000e+03,1.744357490539550781e+01,4.349385574460029602e-02
7.073000000000000000e+03,4.894152164459228516e+00,4.394055902957916260e-02
7.074000000000000000e+03,4.749020099639892578e+00,4.440027475357055664e-02
7.075000000000000000e+03,4.754110336303710938e+00,4.444507881999015808e-02
7.076000000000000000e+03,4.748875141143798828e+00,4.440623521804809570e-02
7.077000000000000000e+03,4.748282909393310547e+00,4.442349076271057129e-02
7.078000000000000000e+03,4.747016906738281250e+00,4.445376619696617126e-02
7.079000000000000000e+03,4.746164321899414062e+00,4.445393010973930359e-02
7.080000000000000000e+03,4.743778705596923828e+00,4.446190223097801208e-02
7.081000000000000000e+03,4.742994308471679688e+00,4.438611492514610291e-02
7.082000000000000000e+03,4.741942405700683594e+00,4.441147297620773315e-02
7.083000000000000000e+03,4.740942478179931641e+00,4.443347454071044922e-02
7.084000000000000000e+03,4.739599227905273438e+00,4.447009414434432983e-02
7.085000000000000000e+03,4.738858699798583984e+00,4.448056593537330627e-02
7.086000000000000000e+03,4.738269805908203125e+00,4.449064284563064575e-02
7.087000000000000000e+03,4.737822532653808594e+00,4.448804259300231934e-02
7.088000000000000000e+03,4.737548828125000000e+00,4.449138045310974121e-02
7.089000000000000000e+03,4.737281799316406250e+00,4.450442641973495483e-02
7.090000000000000000e+03,4.737084388732910156e+00,4.450408369302749634e-02
7.091000000000000000e+03,4.736863136291503906e+00,4.452035203576087952e-02
7.092000000000000000e+03,4.736694812774658203e+00,4.451975598931312561e-02
7.093000000000000000e+03,4.736474990844726562e+00,4.452008381485939026e-02
7.094000000000000000e+03,4.735890388488769531e+00,4.452437534928321838e-02
7.095000000000000000e+03,4.735787868499755859e+00,4.457921162247657776e-02
7.096000000000000000e+03,4.735259056091308594e+00,4.456157237291336060e-02
7.097000000000000000e+03,4.734944343566894531e+00,4.456185549497604370e-02
7.098000000000000000e+03,4.734375953674316406e+00,4.458080232143402100e-02
7.099000000000000000e+03,4.733860969543457031e+00,4.460799694061279297e-02
7.100000000000000000e+03,4.732874393463134766e+00,4.461814835667610168e-02
7.101000000000000000e+03,4.732028007507324219e+00,4.463107883930206299e-02
7.102000000000000000e+03,4.730904579162597656e+00,4.461487382650375366e-02
7.103000000000000000e+03,4.729978084564208984e+00,4.457248374819755554e-02
7.104000000000000000e+03,4.729236602783203125e+00,4.456019029021263123e-02
7.105000000000000000e+03,4.727977275848388672e+00,4.455015435814857483e-02
7.106000000000000000e+03,4.859547615051269531e+00,4.440100118517875671e-02
7.107000000000000000e+03,4.727800369262695312e+00,4.454331099987030029e-02
7.108000000000000000e+03,4.729285717010498047e+00,4.459416121244430542e-02
7.109000000000000000e+03,4.727174282073974609e+00,4.456121101975440979e-02
7.110000000000000000e+03,4.727439403533935547e+00,4.462991282343864441e-02
7.111000000000000000e+03,4.725275516510009766e+00,4.459253326058387756e-02
7.112000000000000000e+03,4.723813533782958984e+00,4.462161660194396973e-02
7.113000000000000000e+03,4.721614360809326172e+00,4.469849914312362671e-02
7.114000000000000000e+03,4.720031261444091797e+00,4.472072049975395203e-02
7.115000000000000000e+03,4.716861248016357422e+00,4.475276917219161987e-02
7.116000000000000000e+03,4.713165283203125000e+00,4.475969821214675903e-02
7.117000000000000000e+03,4.708898067474365234e+00,4.473014175891876221e-02
7.118000000000000000e+03,4.706272125244140625e+00,4.467459395527839661e-02
7.119000000000000000e+03,4.704073429107666016e+00,4.463364183902740479e-02
7.120000000000000000e+03,4.702472209930419922e+00,4.463531821966171265e-02
7.121000000000000000e+03,4.701310157775878906e+00,4.466363787651062012e-02
7.122000000000000000e+03,4.699693679809570312e+00,4.472145438194274902e-02
7.123000000000000000e+03,4.698628425598144531e+00,4.474164918065071106e-02
7.124000000000000000e+03,4.696056842803955078e+00,4.478964582085609436e-02
7.125000000000000000e+03,4.696014404296875000e+00,4.478078335523605347e-02
7.126000000000000000e+03,4.695663928985595703e+00,4.478502646088600159e-02
7.127000000000000000e+03,4.701595783233642578e+00,4.476455599069595337e-02
7.128000000000000000e+03,4.695260524749755859e+00,4.478080570697784424e-02
7.129000000000000000e+03,4.694527149200439453e+00,4.477683454751968384e-02
7.130000000000000000e+03,4.690546989440917969e+00,4.473736882209777832e-02
7.131000000000000000e+03,4.698639869689941406e+00,4.466846585273742676e-02
7.132000000000000000e+03,4.690199375152587891e+00,4.472533613443374634e-02
7.133000000000000000e+03,4.688981533050537109e+00,4.470651596784591675e-02
7.134000000000000000e+03,4.687714099884033203e+00,4.469954967498779297e-02
7.135000000000000000e+03,4.685682296752929688e+00,4.466289654374122620e-02
7.136000000000000000e+03,4.684557914733886719e+00,4.463445767760276794e-02
7.137000000000000000e+03,4.681386947631835938e+00,4.456384852528572083e-02
7.138000000000000000e+03,4.679339885711669922e+00,4.453434795141220093e-02
7.139000000000000000e+03,4.676949501037597656e+00,4.453315585851669312e-02
7.140000000000000000e+03,4.675350189208984375e+00,4.456184059381484985e-02
7.141000000000000000e+03,4.672881126403808594e+00,4.461278021335601807e-02
7.142000000000000000e+03,4.670497894287109375e+00,4.464731737971305847e-02
7.143000000000000000e+03,4.667152881622314453e+00,4.466534778475761414e-02
7.144000000000000000e+03,4.664052963256835938e+00,4.467159509658813477e-02
7.145000000000000000e+03,8.584521293640136719e+00,4.384442791342735291e-02
7.146000000000000000e+03,4.663676738739013672e+00,4.464777931571006775e-02
7.147000000000000000e+03,4.658665180206298828e+00,4.461962729692459106e-02
7.148000000000000000e+03,4.653647422790527344e+00,4.458759725093841553e-02
7.149000000000000000e+03,4.750276088714599609e+00,4.458773136138916016e-02
7.150000000000000000e+03,4.653193473815917969e+00,4.458751529455184937e-02
7.151000000000000000e+03,4.650551319122314453e+00,4.455862939357757568e-02
7.152000000000000000e+03,4.649297714233398438e+00,4.455111175775527954e-02
7.153000000000000000e+03,4.648383617401123047e+00,4.456156492233276367e-02
7.154000000000000000e+03,4.647140502929687500e+00,4.459974542260169983e-02
7.155000000000000000e+03,4.645818710327148438e+00,4.465485736727714539e-02
7.156000000000000000e+03,4.644645690917968750e+00,4.468454793095588684e-02
7.157000000000000000e+03,4.642064094543457031e+00,4.473430663347244263e-02
7.158000000000000000e+03,4.639756679534912109e+00,4.478845000267028809e-02
7.159000000000000000e+03,4.663283824920654297e+00,4.483073577284812927e-02
7.160000000000000000e+03,4.639233112335205078e+00,4.479357972741127014e-02
7.161000000000000000e+03,4.636722087860107422e+00,4.480994865298271179e-02
7.162000000000000000e+03,4.634537696838378906e+00,4.482603445649147034e-02
7.163000000000000000e+03,4.633270263671875000e+00,4.483389854431152344e-02
7.164000000000000000e+03,4.632190704345703125e+00,4.486998170614242554e-02
7.165000000000000000e+03,4.631505966186523438e+00,4.492376372218132019e-02
7.166000000000000000e+03,4.631155014038085938e+00,4.496859386563301086e-02
7.167000000000000000e+03,4.632943153381347656e+00,4.496729001402854919e-02
7.168000000000000000e+03,4.630984306335449219e+00,4.496820643544197083e-02
7.169000000000000000e+03,4.630503177642822266e+00,4.502063244581222534e-02
7.170000000000000000e+03,4.630041599273681641e+00,4.503085091710090637e-02
7.171000000000000000e+03,4.629568099975585938e+00,4.501983150839805603e-02
7.172000000000000000e+03,4.629290580749511719e+00,4.500976577401161194e-02
7.173000000000000000e+03,4.628543853759765625e+00,4.503484070301055908e-02
7.174000000000000000e+03,4.645853996276855469e+00,4.504422843456268311e-02
7.175000000000000000e+03,4.628488063812255859e+00,4.503506422042846680e-02
7.176000000000000000e+03,4.629730224609375000e+00,4.504442214965820312e-02
7.177000000000000000e+03,4.628319740295410156e+00,4.503752663731575012e-02
7.178000000000000000e+03,4.627087593078613281e+00,4.502033442258834839e-02
7.179000000000000000e+03,4.625555992126464844e+00,4.505217075347900391e-02
7.180000000000000000e+03,4.622290134429931641e+00,4.513515532016754150e-02
7.181000000000000000e+03,4.621315956115722656e+00,4.513848945498466492e-02
7.182000000000000000e+03,4.620168209075927734e+00,4.511612653732299805e-02
7.183000000000000000e+03,4.619781494140625000e+00,4.510677978396415710e-02
7.184000000000000000e+03,4.619129180908203125e+00,4.509408771991729736e-02
7.185000000000000000e+03,4.631902217864990234e+00,4.509005323052406311e-02
7.186000000000000000e+03,4.618887424468994141e+00,4.509405419230461121e-02
7.187000000000000000e+03,4.617966651916503906e+00,4.508887603878974915e-02
7.188000000000000000e+03,4.616042137145996094e+00,4.508477076888084412e-02
7.189000000000000000e+03,4.613551616668701172e+00,4.509054869413375854e-02
7.190000000000000000e+03,4.611392498016357422e+00,4.508529603481292725e-02
7.191000000000000000e+03,4.609606742858886719e+00,4.510082304477691650e-02
7.192000000000000000e+03,4.607918262481689453e+00,4.509449377655982971e-02
7.193000000000000000e+03,4.605832099914550781e+00,4.506080597639083862e-02
7.194000000000000000e+03,4.604785919189453125e+00,4.505714029073715210e-02
7.195000000000000000e+03,4.603030204772949219e+00,4.506902396678924561e-02
7.196000000000000000e+03,4.601415157318115234e+00,4.507472366094589233e-02
7.197000000000000000e+03,4.598794460296630859e+00,4.508967697620391846e-02
7.198000000000000000e+03,4.597894191741943359e+00,4.509653896093368530e-02
7.199000000000000000e+03,4.669832229614257812e+00,4.501489922404289246e-02
7.200000000000000000e+03,4.597583770751953125e+00,4.509119689464569092e-02
7.201000000000000000e+03,4.599775791168212891e+00,4.514074325561523438e-02
7.202000000000000000e+03,4.596552848815917969e+00,4.510847479104995728e-02
7.203000000000000000e+03,4.597623825073242188e+00,4.500791803002357483e-02
7.204000000000000000e+03,4.595458030700683594e+00,4.506622254848480225e-02
7.205000000000000000e+03,4.594427108764648438e+00,4.502682760357856750e-02
7.206000000000000000e+03,4.594571590423583984e+00,4.520335793495178223e-02
7.207000000000000000e+03,4.593571186065673828e+00,4.511129856109619141e-02
7.208000000000000000e+03,4.592909336090087891e+00,4.511366412043571472e-02
7.209000000000000000e+03,4.591849803924560547e+00,4.512990266084671021e-02
7.210000000000000000e+03,4.591252326965332031e+00,4.515787214040756226e-02
7.211000000000000000e+03,4.590139865875244141e+00,4.516496509313583374e-02
7.212000000000000000e+03,4.589026451110839844e+00,4.516858607530593872e-02
7.213000000000000000e+03,4.588162899017333984e+00,4.517278075218200684e-02
7.214000000000000000e+03,4.587319850921630859e+00,4.517451301217079163e-02
7.215000000000000000e+03,4.586509227752685547e+00,4.520639404654502869e-02
7.216000000000000000e+03,4.596974849700927734e+00,4.521457105875015259e-02
7.217000000000000000e+03,4.585947036743164062e+00,4.520711302757263184e-02
7.218000000000000000e+03,4.622482299804687500e+00,4.508763551712036133e-02
7.219000000000000000e+03,4.585680961608886719e+00,4.519682750105857849e-02
7.220000000000000000e+03,4.584962368011474609e+00,4.519569501280784607e-02
7.221000000000000000e+03,4.596443653106689453e+00,4.527745023369789124e-02
7.222000000000000000e+03,4.584571361541748047e+00,4.520805552601814270e-02
7.223000000000000000e+03,4.651453495025634766e+00,4.561552032828330994e-02
7.224000000000000000e+03,4.584145545959472656e+00,4.523584991693496704e-02
7.225000000000000000e+03,4.583200454711914062e+00,4.520504921674728394e-02
7.226000000000000000e+03,4.582711696624755859e+00,4.519983381032943726e-02
7.227000000000000000e+03,4.581085205078125000e+00,4.518779739737510681e-02
7.228000000000000000e+03,4.580742359161376953e+00,4.516097530722618103e-02
7.229000000000000000e+03,4.579525947570800781e+00,4.516987130045890808e-02
7.230000000000000000e+03,4.577462673187255859e+00,4.518926888704299927e-02
7.231000000000000000e+03,4.576295852661132812e+00,4.520222544670104980e-02
7.232000000000000000e+03,4.572597503662109375e+00,4.524952918291091919e-02
7.233000000000000000e+03,4.569149494171142578e+00,4.524282366037368774e-02
7.234000000000000000e+03,4.564167976379394531e+00,4.524939134716987610e-02
7.235000000000000000e+03,4.563438415527343750e+00,4.524470865726470947e-02
7.236000000000000000e+03,4.561778545379638672e+00,4.521841183304786682e-02
7.237000000000000000e+03,4.560624122619628906e+00,4.518308117985725403e-02
7.238000000000000000e+03,4.559794902801513672e+00,4.515055567026138306e-02
7.239000000000000000e+03,4.559319019317626953e+00,4.514712467789649963e-02
7.240000000000000000e+03,4.639307975769042969e+00,4.455624148249626160e-02
7.241000000000000000e+03,4.559219360351562500e+00,4.512668401002883911e-02
7.242000000000000000e+03,4.558588504791259766e+00,4.513384401798248291e-02
7.243000000000000000e+03,4.557710170745849609e+00,4.513995349407196045e-02
7.244000000000000000e+03,4.556847095489501953e+00,4.514302313327789307e-02
7.245000000000000000e+03,4.562924385070800781e+00,4.511244595050811768e-02
7.246000000000000000e+03,4.556124687194824219e+00,4.513518884778022766e-02
7.247000000000000000e+03,4.555224895477294922e+00,4.513362795114517212e-02
7.248000000000000000e+03,4.554262161254882812e+00,4.511754587292671204e-02
7.249000000000000000e+03,4.553561210632324219e+00,4.509115219116210938e-02
7.250000000000000000e+03,4.552834033966064453e+00,4.506146535277366638e-02
7.251000000000000000e+03,4.886997699737548828e+00,4.574425518512725830e-02
7.252000000000000000e+03,4.552739143371582031e+00,4.508073627948760986e-02
7.253000000000000000e+03,4.552046775817871094e+00,4.507047310471534729e-02
7.254000000000000000e+03,4.551148414611816406e+00,4.503151774406433105e-02
7.255000000000000000e+03,4.550539493560791016e+00,4.503933340311050415e-02
7.256000000000000000e+03,4.549905776977539062e+00,4.505511000752449036e-02
7.257000000000000000e+03,4.549568653106689453e+00,4.504803195595741272e-02
7.258000000000000000e+03,4.548829555511474609e+00,4.502208530902862549e-02
7.259000000000000000e+03,4.548416137695312500e+00,4.501396045088768005e-02
7.260000000000000000e+03,4.547814369201660156e+00,4.499016702175140381e-02
7.261000000000000000e+03,4.546750068664550781e+00,4.495727643370628357e-02
7.262000000000000000e+03,4.545369148254394531e+00,4.492981359362602234e-02
7.263000000000000000e+03,4.544091701507568359e+00,4.490593448281288147e-02
7.264000000000000000e+03,4.544711589813232422e+00,4.493782669305801392e-02
7.265000000000000000e+03,4.543307781219482422e+00,4.491937160491943359e-02
7.266000000000000000e+03,4.542881011962890625e+00,4.493687674403190613e-02
7.267000000000000000e+03,4.542234897613525391e+00,4.496021196246147156e-02
7.268000000000000000e+03,4.541988849639892578e+00,4.496077820658683777e-02
7.269000000000000000e+03,4.541715145111083984e+00,4.494717717170715332e-02
7.270000000000000000e+03,4.542060852050781250e+00,4.492922127246856689e-02
7.271000000000000000e+03,4.541588783264160156e+00,4.494078829884529114e-02
7.272000000000000000e+03,4.541237354278564453e+00,4.493054375052452087e-02
7.273000000000000000e+03,4.540650844573974609e+00,4.487846046686172485e-02
7.274000000000000000e+03,4.630980968475341797e+00,4.488047957420349121e-02
7.275000000000000000e+03,4.540492534637451172e+00,4.487599432468414307e-02
7.276000000000000000e+03,4.540046691894531250e+00,4.488167911767959595e-02
7.277000000000000000e+03,4.538672447204589844e+00,4.490813985466957092e-02
7.278000000000000000e+03,4.537809848785400391e+00,4.492808133363723755e-02
7.279000000000000000e+03,4.536348342895507812e+00,4.495838657021522522e-02
7.280000000000000000e+03,4.538233757019042969e+00,4.485455900430679321e-02
7.281000000000000000e+03,4.535482883453369141e+00,4.492090269923210144e-02
7.282000000000000000e+03,4.534001827239990234e+00,4.493023455142974854e-02
7.283000000000000000e+03,4.532711505889892578e+00,4.494996368885040283e-02
7.284000000000000000e+03,4.531980991363525391e+00,4.499220475554466248e-02
7.285000000000000000e+03,4.535984039306640625e+00,4.485440254211425781e-02
7.286000000000000000e+03,4.531702995300292969e+00,4.496469348669052124e-02
7.287000000000000000e+03,4.530585289001464844e+00,4.501777142286300659e-02
7.288000000000000000e+03,4.529460430145263672e+00,4.503907635807991028e-02
7.289000000000000000e+03,4.527123451232910156e+00,4.507014900445938110e-02
7.290000000000000000e+03,4.534306526184082031e+00,4.504616186022758484e-02
7.291000000000000000e+03,4.526707649230957031e+00,4.506479948759078979e-02
7.292000000000000000e+03,4.525293350219726562e+00,4.506484791636466980e-02
7.293000000000000000e+03,4.523862361907958984e+00,4.507483169436454773e-02
7.294000000000000000e+03,4.521754741668701172e+00,4.504366219043731689e-02
7.295000000000000000e+03,4.519060611724853516e+00,4.499610885977745056e-02
7.296000000000000000e+03,4.516056060791015625e+00,4.493688046932220459e-02
7.297000000000000000e+03,4.525043010711669922e+00,4.484562203288078308e-02
7.298000000000000000e+03,4.515645027160644531e+00,4.492075368762016296e-02
7.299000000000000000e+03,4.513973236083984375e+00,4.489538818597793579e-02
7.300000000000000000e+03,4.513224601745605469e+00,4.488294944167137146e-02
7.301000000000000000e+03,4.512752056121826172e+00,4.488189145922660828e-02
7.302000000000000000e+03,4.512166500091552734e+00,4.489014670252799988e-02
7.303000000000000000e+03,4.511189937591552734e+00,4.490505531430244446e-02
7.304000000000000000e+03,4.510338783264160156e+00,4.492346197366714478e-02
7.305000000000000000e+03,4.509544849395751953e+00,4.493258148431777954e-02
7.306000000000000000e+03,4.508566379547119141e+00,4.493312165141105652e-02
7.307000000000000000e+03,4.541420936584472656e+00,4.488158971071243286e-02
7.308000000000000000e+03,4.508383274078369141e+00,4.492914676666259766e-02
7.309000000000000000e+03,4.506806373596191406e+00,4.492662474513053894e-02
7.310000000000000000e+03,4.572405815124511719e+00,4.482994601130485535e-02
7.311000000000000000e+03,4.506733894348144531e+00,4.492236673831939697e-02
7.312000000000000000e+03,4.518303871154785156e+00,4.493657872080802917e-02
7.313000000000000000e+03,4.506367683410644531e+00,4.492418095469474792e-02
7.314000000000000000e+03,4.504817008972167969e+00,4.491252452135086060e-02
7.315000000000000000e+03,4.503905773162841797e+00,4.491555690765380859e-02
7.316000000000000000e+03,4.503518104553222656e+00,4.493999108672142029e-02
7.317000000000000000e+03,4.502889156341552734e+00,4.493656009435653687e-02
7.318000000000000000e+03,4.502004623413085938e+00,4.493943229317665100e-02
7.319000000000000000e+03,4.501004695892333984e+00,4.495383054018020630e-02
7.320000000000000000e+03,4.499920845031738281e+00,4.497845843434333801e-02
7.321000000000000000e+03,4.498733043670654297e+00,4.500462859869003296e-02
7.322000000000000000e+03,4.497600555419921875e+00,4.501235485076904297e-02
7.323000000000000000e+03,4.495745658874511719e+00,4.500502720475196838e-02
7.324000000000000000e+03,4.494085311889648438e+00,4.500031098723411560e-02
7.325000000000000000e+03,4.492327213287353516e+00,4.500149190425872803e-02
7.326000000000000000e+03,4.490840911865234375e+00,4.499455168843269348e-02
7.327000000000000000e+03,4.488656997680664062e+00,4.498356580734252930e-02
7.328000000000000000e+03,4.487720489501953125e+00,4.498560354113578796e-02
7.329000000000000000e+03,4.486754417419433594e+00,4.495477676391601562e-02
7.330000000000000000e+03,4.486008644104003906e+00,4.499088600277900696e-02
7.331000000000000000e+03,4.564022064208984375e+00,4.498765245079994202e-02
7.332000000000000000e+03,4.485538482666015625e+00,4.499103501439094543e-02
7.333000000000000000e+03,4.485145092010498047e+00,4.499626159667968750e-02
7.334000000000000000e+03,4.484695434570312500e+00,4.498790577054023743e-02
7.335000000000000000e+03,4.484353065490722656e+00,4.497814923524856567e-02
7.336000000000000000e+03,4.483950614929199219e+00,4.496327042579650879e-02
7.337000000000000000e+03,4.483505725860595703e+00,4.494759067893028259e-02
7.338000000000000000e+03,4.482903480529785156e+00,4.493701457977294922e-02
7.339000000000000000e+03,4.482397079467773438e+00,4.491557553410530090e-02
7.340000000000000000e+03,4.482068538665771484e+00,4.491779580712318420e-02
7.341000000000000000e+03,4.481814861297607422e+00,4.493353515863418579e-02
7.342000000000000000e+03,4.481391429901123047e+00,4.493903741240501404e-02
7.343000000000000000e+03,4.481168270111083984e+00,4.494259506464004517e-02
7.344000000000000000e+03,4.480668067932128906e+00,4.495801031589508057e-02
7.345000000000000000e+03,4.480230331420898438e+00,4.497719183564186096e-02
7.346000000000000000e+03,4.479430675506591797e+00,4.501872137188911438e-02
7.347000000000000000e+03,4.478500843048095703e+00,4.505005106329917908e-02
7.348000000000000000e+03,4.477779388427734375e+00,4.507916048169136047e-02
7.349000000000000000e+03,4.477234363555908203e+00,4.509399458765983582e-02
7.350000000000000000e+03,4.476849555969238281e+00,4.509207606315612793e-02
7.351000000000000000e+03,4.476193904876708984e+00,4.508279636502265930e-02
7.352000000000000000e+03,4.519696712493896484e+00,4.497723281383514404e-02
7.353000000000000000e+03,4.476005077362060547e+00,4.507202655076980591e-02
7.354000000000000000e+03,4.475465774536132812e+00,4.506819695234298706e-02
7.355000000000000000e+03,4.475054740905761719e+00,4.504763334989547729e-02
7.356000000000000000e+03,4.474740982055664062e+00,4.504838958382606506e-02
7.357000000000000000e+03,4.474283218383789062e+00,4.504753649234771729e-02
7.358000000000000000e+03,4.473670959472656250e+00,4.505370557308197021e-02
7.359000000000000000e+03,4.473503589630126953e+00,4.519454762339591980e-02
7.360000000000000000e+03,4.472102165222167969e+00,4.513869807124137878e-02
7.361000000000000000e+03,4.471337795257568359e+00,4.511402919888496399e-02
7.362000000000000000e+03,4.470426559448242188e+00,4.513631388545036316e-02
7.363000000000000000e+03,4.469793319702148438e+00,4.515618830919265747e-02
7.364000000000000000e+03,4.468993186950683594e+00,4.518855735659599304e-02
7.365000000000000000e+03,4.468099594116210938e+00,4.521417617797851562e-02
7.366000000000000000e+03,4.467243194580078125e+00,4.522151499986648560e-02
7.367000000000000000e+03,4.466526031494140625e+00,4.521740600466728210e-02
7.368000000000000000e+03,4.465280532836914062e+00,4.519162327051162720e-02
7.369000000000000000e+03,4.464608669281005859e+00,4.518530517816543579e-02
7.370000000000000000e+03,4.463490486145019531e+00,4.518015682697296143e-02
7.371000000000000000e+03,4.462094783782958984e+00,4.519855603575706482e-02
7.372000000000000000e+03,4.461277484893798828e+00,4.520595818758010864e-02
7.373000000000000000e+03,4.460164546966552734e+00,4.523383453488349915e-02
7.374000000000000000e+03,4.458252906799316406e+00,4.528532922267913818e-02
7.375000000000000000e+03,4.456839561462402344e+00,4.529202729463577271e-02
7.376000000000000000e+03,4.462667465209960938e+00,4.533630982041358948e-02
7.377000000000000000e+03,4.456309318542480469e+00,4.530149698257446289e-02
7.378000000000000000e+03,4.458183288574218750e+00,4.539701715111732483e-02
7.379000000000000000e+03,4.455722808837890625e+00,4.533214494585990906e-02
7.380000000000000000e+03,4.715088844299316406e+00,4.525853320956230164e-02
7.381000000000000000e+03,4.453634262084960938e+00,4.531812295317649841e-02
7.382000000000000000e+03,4.452802181243896484e+00,4.541162028908729553e-02
7.383000000000000000e+03,4.450829029083251953e+00,4.535483941435813904e-02
7.384000000000000000e+03,4.449106693267822266e+00,4.532667249441146851e-02
7.385000000000000000e+03,4.447958469390869141e+00,4.533759877085685730e-02
7.386000000000000000e+03,4.446590900421142578e+00,4.537572339177131653e-02
7.387000000000000000e+03,4.447927951812744141e+00,4.542233049869537354e-02
7.388000000000000000e+03,4.446079730987548828e+00,4.539113864302635193e-02
7.389000000000000000e+03,4.450392246246337891e+00,4.553924873471260071e-02
7.390000000000000000e+03,4.445180416107177734e+00,4.543392732739448547e-02
7.391000000000000000e+03,4.444329261779785156e+00,4.545726999640464783e-02
7.392000000000000000e+03,4.443033695220947266e+00,4.544574767351150513e-02
7.393000000000000000e+03,4.441733360290527344e+00,4.544746503233909607e-02
7.394000000000000000e+03,4.440795421600341797e+00,4.545472562313079834e-02
7.395000000000000000e+03,4.439755439758300781e+00,4.545798897743225098e-02
7.396000000000000000e+03,4.459663867950439453e+00,4.583547636866569519e-02
7.397000000000000000e+03,4.439074516296386719e+00,4.551483318209648132e-02
7.398000000000000000e+03,4.437978267669677734e+00,4.552204534411430359e-02
7.399000000000000000e+03,4.436204910278320312e+00,4.553649574518203735e-02
7.400000000000000000e+03,4.435357570648193359e+00,4.553621262311935425e-02
7.401000000000000000e+03,4.433095932006835938e+00,4.552723094820976257e-02
7.402000000000000000e+03,4.431413173675537109e+00,4.552623257040977478e-02
7.403000000000000000e+03,4.429086208343505859e+00,4.552989080548286438e-02
7.404000000000000000e+03,4.426617622375488281e+00,4.556275159120559692e-02
7.405000000000000000e+03,4.423560619354248047e+00,4.563309997320175171e-02
7.406000000000000000e+03,4.451714992523193359e+00,4.560337215662002563e-02
7.407000000000000000e+03,4.422506809234619141e+00,4.562776535749435425e-02
7.408000000000000000e+03,4.419230937957763672e+00,4.566265270113945007e-02
7.409000000000000000e+03,4.415507793426513672e+00,4.565911740064620972e-02
7.410000000000000000e+03,4.413270950317382812e+00,4.561142995953559875e-02
7.411000000000000000e+03,4.418336391448974609e+00,4.559687897562980652e-02
7.412000000000000000e+03,4.412537097930908203e+00,4.560755193233489990e-02
7.413000000000000000e+03,4.410127162933349609e+00,4.552005603909492493e-02
7.414000000000000000e+03,4.407679080963134766e+00,4.543214663863182068e-02
7.415000000000000000e+03,4.413668155670166016e+00,4.526684433221817017e-02
7.416000000000000000e+03,4.406760215759277344e+00,4.538720846176147461e-02
7.417000000000000000e+03,4.403779983520507812e+00,4.528487846255302429e-02
7.418000000000000000e+03,4.402009010314941406e+00,4.527178034186363220e-02
7.419000000000000000e+03,4.399830818176269531e+00,4.527768120169639587e-02
7.420000000000000000e+03,4.397989273071289062e+00,4.530064761638641357e-02
7.421000000000000000e+03,4.395153999328613281e+00,4.532564058899879456e-02
7.422000000000000000e+03,4.393464565277099609e+00,4.531506821513175964e-02
7.423000000000000000e+03,4.392266273498535156e+00,4.530002176761627197e-02
7.424000000000000000e+03,4.391403198242187500e+00,4.526747018098831177e-02
7.425000000000000000e+03,4.390281200408935547e+00,4.526360705494880676e-02
7.426000000000000000e+03,4.388919353485107422e+00,4.525322467088699341e-02
7.427000000000000000e+03,4.386685848236083984e+00,4.525608196854591370e-02
7.428000000000000000e+03,4.385519027709960938e+00,4.525875300168991089e-02
7.429000000000000000e+03,4.385157108306884766e+00,4.522222280502319336e-02
7.430000000000000000e+03,4.383818626403808594e+00,4.529820010066032410e-02
7.431000000000000000e+03,4.382046699523925781e+00,4.528724029660224915e-02
7.432000000000000000e+03,4.380786418914794922e+00,4.528464749455451965e-02
7.433000000000000000e+03,4.379086971282958984e+00,4.532926902174949646e-02
7.434000000000000000e+03,4.378137111663818359e+00,4.535190761089324951e-02
7.435000000000000000e+03,4.377270221710205078e+00,4.540046304464340210e-02
7.436000000000000000e+03,4.376490116119384766e+00,4.543044045567512512e-02
7.437000000000000000e+03,4.378997802734375000e+00,4.552589729428291321e-02
7.438000000000000000e+03,4.376335144042968750e+00,4.544901475310325623e-02
7.439000000000000000e+03,4.376508712768554688e+00,4.549167677760124207e-02
7.440000000000000000e+03,4.375501155853271484e+00,4.546939581632614136e-02
7.441000000000000000e+03,4.790582656860351562e+00,4.497356712818145752e-02
7.442000000000000000e+03,4.375309467315673828e+00,4.545694217085838318e-02
7.443000000000000000e+03,4.374220848083496094e+00,4.535203427076339722e-02
7.444000000000000000e+03,4.373654365539550781e+00,4.535078629851341248e-02
7.445000000000000000e+03,4.373079299926757812e+00,4.533295333385467529e-02
7.446000000000000000e+03,4.372498512268066406e+00,4.530979320406913757e-02
7.447000000000000000e+03,4.371990680694580078e+00,4.530051350593566895e-02
7.448000000000000000e+03,4.371374130249023438e+00,4.530973732471466064e-02
7.449000000000000000e+03,4.370836257934570312e+00,4.530778899788856506e-02
7.450000000000000000e+03,4.379940986633300781e+00,4.557519778609275818e-02
7.451000000000000000e+03,4.370529174804687500e+00,4.534822702407836914e-02
7.452000000000000000e+03,4.369877338409423828e+00,4.535557329654693604e-02
7.453000000000000000e+03,4.368604660034179688e+00,4.538710787892341614e-02
7.454000000000000000e+03,4.367721557617187500e+00,4.540904611349105835e-02
7.455000000000000000e+03,4.367876529693603516e+00,4.545462504029273987e-02
7.456000000000000000e+03,4.367289543151855469e+00,4.542999342083930969e-02
7.457000000000000000e+03,4.366893768310546875e+00,4.546081274747848511e-02
7.458000000000000000e+03,4.378098011016845703e+00,4.557684808969497681e-02
7.459000000000000000e+03,4.366364955902099609e+00,4.548067599534988403e-02
7.460000000000000000e+03,4.365373134613037109e+00,4.543804004788398743e-02
7.461000000000000000e+03,4.364828586578369141e+00,4.544655233621597290e-02
7.462000000000000000e+03,4.364383220672607422e+00,4.546459764242172241e-02
7.463000000000000000e+03,4.363709926605224609e+00,4.546801745891571045e-02
7.464000000000000000e+03,4.362924098968505859e+00,4.546601697802543640e-02
7.465000000000000000e+03,4.362152576446533203e+00,4.543619975447654724e-02
7.466000000000000000e+03,4.361536979675292969e+00,4.544733464717864990e-02
7.467000000000000000e+03,4.360815048217773438e+00,4.545206576585769653e-02
7.468000000000000000e+03,4.359449386596679688e+00,4.546053707599639893e-02
7.469000000000000000e+03,4.358279228210449219e+00,4.547092318534851074e-02
7.470000000000000000e+03,4.356728553771972656e+00,4.549715295433998108e-02
7.471000000000000000e+03,4.355660915374755859e+00,4.549520462751388550e-02
7.472000000000000000e+03,4.354724407196044922e+00,4.549632593989372253e-02
7.473000000000000000e+03,4.353786945343017578e+00,4.553287848830223083e-02
7.474000000000000000e+03,4.353097438812255859e+00,4.552697762846946716e-02
7.475000000000000000e+03,4.351801395416259766e+00,4.549586027860641479e-02
7.476000000000000000e+03,4.350808620452880859e+00,4.550371319055557251e-02
7.477000000000000000e+03,4.349949836730957031e+00,4.551143944263458252e-02
7.478000000000000000e+03,4.349307060241699219e+00,4.551442340016365051e-02
7.479000000000000000e+03,4.348543643951416016e+00,4.554868862032890320e-02
7.480000000000000000e+03,4.388504505157470703e+00,4.549890011548995972e-02
7.481000000000000000e+03,4.348325252532958984e+00,4.554503411054611206e-02
7.482000000000000000e+03,4.347542285919189453e+00,4.557228088378906250e-02
7.483000000000000000e+03,4.346634387969970703e+00,4.560327157378196716e-02
7.484000000000000000e+03,4.345691680908203125e+00,4.561400786042213440e-02
7.485000000000000000e+03,4.344357967376708984e+00,4.563559964299201965e-02
7.486000000000000000e+03,4.418103694915771484e+00,4.563502967357635498e-02
7.487000000000000000e+03,4.344012260437011719e+00,4.563485458493232727e-02
7.488000000000000000e+03,4.342726230621337891e+00,4.562109336256980896e-02
7.489000000000000000e+03,4.339968204498291016e+00,4.558707028627395630e-02
7.490000000000000000e+03,4.338052749633789062e+00,4.557686671614646912e-02
7.491000000000000000e+03,4.335120201110839844e+00,4.556603357195854187e-02
7.492000000000000000e+03,4.332534790039062500e+00,4.558885470032691956e-02
7.493000000000000000e+03,4.331068992614746094e+00,4.559057205915451050e-02
7.494000000000000000e+03,4.329974651336669922e+00,4.558778926730155945e-02
7.495000000000000000e+03,4.329148769378662109e+00,4.557383805513381958e-02
7.496000000000000000e+03,4.328599929809570312e+00,4.557297006249427795e-02
7.497000000000000000e+03,4.348968505859375000e+00,4.549112543463706970e-02
7.498000000000000000e+03,4.328246116638183594e+00,4.556329175829887390e-02
7.499000000000000000e+03,4.327445983886718750e+00,4.555593430995941162e-02
7.500000000000000000e+03,4.325492382049560547e+00,4.554226249456405640e-02
7.501000000000000000e+03,4.325193405151367188e+00,4.558989033102989197e-02
7.502000000000000000e+03,4.323546886444091797e+00,4.557427763938903809e-02
7.503000000000000000e+03,4.322423458099365234e+00,4.553731158375740051e-02
7.504000000000000000e+03,4.320520401000976562e+00,4.550261795520782471e-02
7.505000000000000000e+03,4.318699359893798828e+00,4.549663141369819641e-02
7.506000000000000000e+03,4.378094673156738281e+00,4.504867643117904663e-02
7.507000000000000000e+03,4.318396568298339844e+00,4.546521976590156555e-02
7.508000000000000000e+03,4.316255092620849609e+00,4.548175632953643799e-02
7.509000000000000000e+03,4.314774513244628906e+00,4.551031067967414856e-02
7.510000000000000000e+03,4.313553810119628906e+00,4.551932960748672485e-02
7.511000000000000000e+03,4.311739444732666016e+00,4.554107040166854858e-02
7.512000000000000000e+03,4.309357643127441406e+00,4.557553678750991821e-02
7.513000000000000000e+03,4.306062221527099609e+00,4.562301933765411377e-02
7.514000000000000000e+03,4.302235603332519531e+00,4.568185284733772278e-02
7.515000000000000000e+03,4.299975872039794922e+00,4.570783674716949463e-02
7.516000000000000000e+03,4.306005954742431641e+00,4.565735161304473877e-02
7.517000000000000000e+03,4.299517154693603516e+00,4.569492861628532410e-02
7.518000000000000000e+03,4.297519683837890625e+00,4.570572078227996826e-02
7.519000000000000000e+03,4.295328617095947266e+00,4.567928612232208252e-02
7.520000000000000000e+03,4.293440341949462891e+00,4.563589021563529968e-02
7.521000000000000000e+03,4.292230129241943359e+00,4.560846835374832153e-02
7.522000000000000000e+03,4.290887832641601562e+00,4.560500010848045349e-02
7.523000000000000000e+03,4.289380550384521484e+00,4.560230672359466553e-02
7.524000000000000000e+03,4.288083553314208984e+00,4.561844468116760254e-02
7.525000000000000000e+03,4.286226749420166016e+00,4.563215374946594238e-02
7.526000000000000000e+03,4.285030841827392578e+00,4.562145471572875977e-02
7.527000000000000000e+03,4.283989429473876953e+00,4.558972641825675964e-02
7.528000000000000000e+03,4.283260822296142578e+00,4.554559290409088135e-02
7.529000000000000000e+03,4.282738208770751953e+00,4.553582519292831421e-02
7.530000000000000000e+03,4.281853675842285156e+00,4.552022740244865417e-02
7.531000000000000000e+03,4.280864238739013672e+00,4.552073031663894653e-02
7.532000000000000000e+03,4.279949665069580078e+00,4.553649574518203735e-02
7.533000000000000000e+03,4.302895545959472656e+00,4.535709694027900696e-02
7.534000000000000000e+03,4.279678821563720703e+00,4.551904648542404175e-02
7.535000000000000000e+03,4.282000064849853516e+00,4.549789801239967346e-02
7.536000000000000000e+03,4.278564929962158203e+00,4.551149532198905945e-02
7.537000000000000000e+03,4.277124881744384766e+00,4.554291069507598877e-02
7.538000000000000000e+03,4.275258541107177734e+00,4.563077911734580994e-02
7.539000000000000000e+03,4.274492740631103516e+00,4.562753811478614807e-02
7.540000000000000000e+03,4.273627281188964844e+00,4.560907185077667236e-02
7.541000000000000000e+03,4.271488666534423828e+00,4.552892968058586121e-02
7.542000000000000000e+03,4.269257545471191406e+00,4.553233832120895386e-02
7.543000000000000000e+03,4.267069816589355469e+00,4.551448300480842590e-02
7.544000000000000000e+03,4.265426635742187500e+00,4.548055678606033325e-02
7.545000000000000000e+03,4.264184474945068359e+00,4.543745517730712891e-02
7.546000000000000000e+03,4.263261318206787109e+00,4.541161283850669861e-02
7.547000000000000000e+03,4.262494087219238281e+00,4.537933692336082458e-02
7.548000000000000000e+03,4.281466007232666016e+00,4.517048597335815430e-02
7.549000000000000000e+03,4.262381076812744141e+00,4.536324739456176758e-02
7.550000000000000000e+03,4.261380195617675781e+00,4.535022005438804626e-02
7.551000000000000000e+03,4.259450912475585938e+00,4.533350467681884766e-02
7.552000000000000000e+03,4.258346080780029297e+00,4.532612487673759460e-02
7.553000000000000000e+03,4.257392883300781250e+00,4.531972855329513550e-02
7.554000000000000000e+03,4.256627082824707031e+00,4.533213749527931213e-02
7.555000000000000000e+03,4.256032466888427734e+00,4.536715522408485413e-02
7.556000000000000000e+03,4.255065917968750000e+00,4.536071419715881348e-02
7.557000000000000000e+03,4.254145145416259766e+00,4.534205794334411621e-02
7.558000000000000000e+03,4.253506660461425781e+00,4.536681622266769409e-02
7.559000000000000000e+03,4.253688812255859375e+00,4.531636089086532593e-02
7.560000000000000000e+03,4.252566337585449219e+00,4.534272104501724243e-02
7.561000000000000000e+03,4.251594543457031250e+00,4.532583430409431458e-02
7.562000000000000000e+03,4.249677658081054688e+00,4.529211297631263733e-02
7.563000000000000000e+03,4.248486995697021484e+00,4.527238383889198303e-02
7.564000000000000000e+03,4.246234893798828125e+00,4.523675516247749329e-02
7.565000000000000000e+03,4.298053264617919922e+00,4.546656087040901184e-02
7.566000000000000000e+03,4.245921134948730469e+00,4.524995014071464539e-02
7.567000000000000000e+03,4.243230342864990234e+00,4.521591588854789734e-02
7.568000000000000000e+03,4.240306377410888672e+00,4.520415142178535461e-02
7.569000000000000000e+03,4.237525939941406250e+00,4.521217197179794312e-02
7.570000000000000000e+03,4.239360332489013672e+00,4.524616152048110962e-02
7.571000000000000000e+03,4.236321449279785156e+00,4.522534459829330444e-02
7.572000000000000000e+03,4.234310626983642578e+00,4.529700800776481628e-02
7.573000000000000000e+03,4.231666564941406250e+00,4.526130855083465576e-02
7.574000000000000000e+03,4.228492259979248047e+00,4.522677138447761536e-02
7.575000000000000000e+03,4.225062847137451172e+00,4.517611861228942871e-02
7.576000000000000000e+03,4.222869873046875000e+00,4.518576711416244507e-02
7.577000000000000000e+03,4.221086978912353516e+00,4.516289010643959045e-02
7.578000000000000000e+03,4.218688964843750000e+00,4.516978189349174500e-02
7.579000000000000000e+03,4.216053009033203125e+00,4.516981914639472961e-02
7.580000000000000000e+03,4.214035034179687500e+00,4.520784690976142883e-02
7.581000000000000000e+03,4.266080856323242188e+00,4.499151557683944702e-02
7.582000000000000000e+03,4.211878299713134766e+00,4.516915977001190186e-02
7.583000000000000000e+03,4.209415435791015625e+00,4.515094682574272156e-02
7.584000000000000000e+03,4.203991889953613281e+00,4.514748975634574890e-02
7.585000000000000000e+03,4.201523780822753906e+00,4.514744505286216736e-02
7.586000000000000000e+03,4.196213245391845703e+00,4.519294947385787964e-02
7.587000000000000000e+03,4.193530559539794922e+00,4.524145647883415222e-02
7.588000000000000000e+03,4.190135955810546875e+00,4.531298577785491943e-02
7.589000000000000000e+03,4.201152324676513672e+00,4.534566029906272888e-02
7.590000000000000000e+03,4.189738273620605469e+00,4.531803354620933533e-02
7.591000000000000000e+03,4.188080787658691406e+00,4.532878100872039795e-02
7.592000000000000000e+03,4.192693233489990234e+00,4.552744701504707336e-02
7.593000000000000000e+03,4.187104225158691406e+00,4.538554698228836060e-02
7.594000000000000000e+03,4.185121059417724609e+00,4.538742080330848694e-02
7.595000000000000000e+03,4.183549404144287109e+00,4.539899528026580811e-02
7.596000000000000000e+03,4.180833816528320312e+00,4.542096331715583801e-02
7.597000000000000000e+03,4.178905010223388672e+00,4.540509358048439026e-02
7.598000000000000000e+03,4.175510406494140625e+00,4.538254812359809875e-02
7.599000000000000000e+03,6.352676391601562500e+00,4.371028766036033630e-02
7.600000000000000000e+03,4.175494194030761719e+00,4.531770199537277222e-02
7.601000000000000000e+03,4.174990653991699219e+00,4.534966126084327698e-02
7.602000000000000000e+03,4.173146724700927734e+00,4.532274603843688965e-02
7.603000000000000000e+03,4.171917915344238281e+00,4.527709633111953735e-02
7.604000000000000000e+03,4.170575618743896484e+00,4.528726637363433838e-02
7.605000000000000000e+03,4.169814109802246094e+00,4.528047144412994385e-02
7.606000000000000000e+03,4.169007778167724609e+00,4.526578262448310852e-02
7.607000000000000000e+03,4.168137550354003906e+00,4.524687305092811584e-02
7.608000000000000000e+03,4.167416095733642578e+00,4.523994773626327515e-02
7.609000000000000000e+03,4.166181564331054688e+00,4.523669928312301636e-02
7.610000000000000000e+03,4.164909362792968750e+00,4.524870961904525757e-02
7.611000000000000000e+03,4.214708805084228516e+00,4.522669315338134766e-02
7.612000000000000000e+03,4.164569854736328125e+00,4.524685814976692200e-02
7.613000000000000000e+03,4.163393497467041016e+00,4.526958614587783813e-02
7.614000000000000000e+03,4.162411689758300781e+00,4.531051218509674072e-02
7.615000000000000000e+03,4.161894321441650391e+00,4.533096030354499817e-02
7.616000000000000000e+03,4.161200523376464844e+00,4.535828530788421631e-02
7.617000000000000000e+03,4.160559654235839844e+00,4.537056013941764832e-02
7.618000000000000000e+03,4.203316688537597656e+00,4.537833482027053833e-02
7.619000000000000000e+03,4.160487651824951172e+00,4.537073895335197449e-02
7.620000000000000000e+03,4.159514904022216797e+00,4.540008306503295898e-02
7.621000000000000000e+03,4.158878326416015625e+00,4.540849104523658752e-02
7.622000000000000000e+03,4.157374382019042969e+00,4.543976113200187683e-02
7.623000000000000000e+03,4.156396865844726562e+00,4.542351886630058289e-02
7.624000000000000000e+03,4.155311584472656250e+00,4.540918022394180298e-02
7.625000000000000000e+03,4.154224395751953125e+00,4.538108035922050476e-02
7.626000000000000000e+03,4.153178691864013672e+00,4.532230272889137268e-02
7.627000000000000000e+03,4.152496814727783203e+00,4.533376917243003845e-02
7.628000000000000000e+03,4.151764392852783203e+00,4.530806094408035278e-02
7.629000000000000000e+03,4.151194572448730469e+00,4.534275829792022705e-02
7.630000000000000000e+03,4.150575637817382812e+00,4.538266360759735107e-02
7.631000000000000000e+03,4.149969100952148438e+00,4.541100189089775085e-02
7.632000000000000000e+03,4.148877620697021484e+00,4.544167965650558472e-02
7.633000000000000000e+03,4.147738933563232422e+00,4.543374478816986084e-02
7.634000000000000000e+03,4.177991390228271484e+00,4.574744030833244324e-02
7.635000000000000000e+03,4.147479534149169922e+00,4.545729607343673706e-02
7.636000000000000000e+03,4.146084785461425781e+00,4.541316255927085876e-02
7.637000000000000000e+03,4.145421028137207031e+00,4.535868018865585327e-02
7.638000000000000000e+03,4.142793655395507812e+00,4.530831053853034973e-02
7.639000000000000000e+03,4.140926361083984375e+00,4.531122371554374695e-02
7.640000000000000000e+03,4.138861656188964844e+00,4.527816921472549438e-02
7.641000000000000000e+03,4.137158393859863281e+00,4.527828097343444824e-02
7.642000000000000000e+03,4.135614871978759766e+00,4.528058692812919617e-02
7.643000000000000000e+03,4.134007453918457031e+00,4.527640342712402344e-02
7.644000000000000000e+03,4.131861686706542969e+00,4.527685791254043579e-02
7.645000000000000000e+03,4.129612445831298828e+00,4.524524509906768799e-02
7.646000000000000000e+03,4.173292636871337891e+00,4.524332657456398010e-02
7.647000000000000000e+03,4.129240512847900391e+00,4.524365067481994629e-02
7.648000000000000000e+03,4.127154827117919922e+00,4.518705606460571289e-02
7.649000000000000000e+03,4.125177860260009766e+00,4.511671513319015503e-02
7.650000000000000000e+03,4.123000621795654297e+00,4.504564777016639709e-02
7.651000000000000000e+03,4.121015071868896484e+00,4.500267282128334045e-02
7.652000000000000000e+03,4.125348567962646484e+00,4.510101675987243652e-02
7.653000000000000000e+03,4.120437145233154297e+00,4.502708092331886292e-02
7.654000000000000000e+03,4.118673801422119141e+00,4.501117393374443054e-02
7.655000000000000000e+03,5.789515018463134766e+00,4.568809270858764648e-02
7.656000000000000000e+03,4.118481159210205078e+00,4.501305520534515381e-02
7.657000000000000000e+03,4.117238521575927734e+00,4.498177021741867065e-02
7.658000000000000000e+03,4.116431713104248047e+00,4.500805214047431946e-02
7.659000000000000000e+03,4.115850448608398438e+00,4.503186792135238647e-02
7.660000000000000000e+03,4.114929199218750000e+00,4.506076127290725708e-02
7.661000000000000000e+03,4.114016532897949219e+00,4.509150981903076172e-02
7.662000000000000000e+03,4.112687110900878906e+00,4.510703682899475098e-02
7.663000000000000000e+03,4.110864639282226562e+00,4.511228203773498535e-02
7.664000000000000000e+03,4.109167575836181641e+00,4.508263617753982544e-02
7.665000000000000000e+03,4.333851814270019531e+00,4.548481851816177368e-02
7.666000000000000000e+03,4.108922958374023438e+00,4.509419202804565430e-02
7.667000000000000000e+03,4.107392787933349609e+00,4.506772011518478394e-02
7.668000000000000000e+03,4.105977058410644531e+00,4.505397006869316101e-02
7.669000000000000000e+03,4.152309417724609375e+00,4.569526389241218567e-02
7.670000000000000000e+03,4.105569362640380859e+00,4.510558024048805237e-02
7.671000000000000000e+03,4.104046344757080078e+00,4.509027674794197083e-02
7.672000000000000000e+03,4.102067947387695312e+00,4.507429152727127075e-02
7.673000000000000000e+03,4.101646423339843750e+00,4.506380110979080200e-02
7.674000000000000000e+03,4.117569446563720703e+00,4.509210959076881409e-02
7.675000000000000000e+03,4.100299835205078125e+00,4.506931453943252563e-02
7.676000000000000000e+03,4.098844528198242188e+00,4.510194063186645508e-02
7.677000000000000000e+03,4.097130775451660156e+00,4.510206356644630432e-02
7.678000000000000000e+03,4.095561504364013672e+00,4.510311409831047058e-02
7.679000000000000000e+03,4.094382762908935547e+00,4.509923979640007019e-02
7.680000000000000000e+03,4.093351364135742188e+00,4.507109522819519043e-02
7.681000000000000000e+03,4.097637176513671875e+00,4.505174979567527771e-02
7.682000000000000000e+03,4.092415809631347656e+00,4.506491124629974365e-02
7.683000000000000000e+03,4.091166019439697266e+00,4.504504054784774780e-02
7.684000000000000000e+03,4.089541912078857422e+00,4.498822614550590515e-02
7.685000000000000000e+03,4.094107151031494141e+00,4.512017965316772461e-02
7.686000000000000000e+03,4.089278221130371094e+00,4.501310735940933228e-02
7.687000000000000000e+03,4.088749885559082031e+00,4.500027373433113098e-02
7.688000000000000000e+03,4.087913513183593750e+00,4.500397667288780212e-02
7.689000000000000000e+03,4.087452888488769531e+00,4.501936584711074829e-02
7.690000000000000000e+03,4.086646556854248047e+00,4.506132379174232483e-02
7.691000000000000000e+03,4.085661411285400391e+00,4.511484876275062561e-02
7.692000000000000000e+03,4.084742546081542969e+00,4.516154155135154724e-02
7.693000000000000000e+03,4.084427356719970703e+00,4.516002163290977478e-02
7.694000000000000000e+03,4.187695026397705078e+00,4.529337212443351746e-02
7.695000000000000000e+03,4.084435462951660156e+00,4.516172409057617188e-02
7.696000000000000000e+03,4.084444046020507812e+00,4.516040533781051636e-02
7.697000000000000000e+03,4.084468841552734375e+00,4.516004770994186401e-02
7.698000000000000000e+03,4.084428310394287109e+00,4.516004398465156555e-02
7.699000000000000000e+03,4.084427356719970703e+00,4.516002163290977478e-02
